;dataset_name;sampler_name;entropy_pagerank_weighting;label_propagation_uncertainty_treshold;hidden_dim_size;dropout;distance_loss_weight;learning_rate;seed;labeled accuracy;labeled macro-f1;labeled confusion;unlabeled accuracy;unlabeled macro-f1;unlabeled confusion;test accuracy;test macro-f1;test confusion;budget used;class distrubution
0;CiteSeer;own;-1;0.2;64;0.5;1;0.005;20795212;0.0;0.0;[[]];0.1943250214961307;0.1487954206206255;"[[ 16  12  54  73  22   7]
 [ 31  42  85 204  35  16]
 [ 33  35  87 284  15  13]
 [ 30  23 128 263  34  12]
 [ 47  66 138 117  22  27]
 [ 18  39  65 178  33  22]]";0.2017982017982018;0.15543017144111693;"[[  8  11  24  23  11   3]
 [ 12  16  35  94  10  10]
 [ 20  28  44  98   7   4]
 [ 13  12  52 114  14   6]
 [ 21  24  69  45  10  10]
 [  8  13  30  84   8  10]]";0;[]
1;CiteSeer;own;-1;0.2;64;0.5;1;0.005;20795212;0.3333333333333333;0.2666666666666667;"[[0 0 0 2 0]
 [0 1 0 0 0]
 [0 0 0 1 0]
 [0 0 0 1 0]
 [0 0 0 1 0]]";0.19267241379310346;0.060422938740796996;"[[  0   0   0   0 179   0]
 [  0   3   0   0 409   0]
 [  0   0   7   0 454   0]
 [  0   0   0   0 486   0]
 [  0   0   0   0 437   0]
 [  0   0   0   0 345   0]]";0.18281718281718282;0.05726461963037032;"[[  0   0   0   0  80   0]
 [  0   0   1   0 176   0]
 [  0   0   4   0 197   0]
 [  0   0   0   0 211   0]
 [  0   0   0   0 179   0]
 [  0   0   1   0 152   0]]";6;[0 2 1 1 1 1]
2;CiteSeer;own;-1;0.2;64;0.5;1;0.005;20795212;0.75;0.5678571428571427;"[[0 1 0 0 0 0]
 [0 3 0 0 0 0]
 [0 0 3 0 0 0]
 [0 0 1 0 0 0]
 [0 0 0 0 1 0]
 [0 0 1 0 0 2]]";0.4334485738980121;0.2813538416985812;"[[  0  34 103   0  45   0]
 [  0 150 206   0  48   0]
 [  0  10 461   0   9   0]
 [  0  10 402   0  62   0]
 [  0   7  38   0 390   0]
 [  0   1 222   0 114   2]]";0.4015984015984016;0.26160415365812667;"[[  0   6  42   0  32   0]
 [  0  61  96   0  20   0]
 [  0   5 184   0  12   0]
 [  0   7 173   0  31   0]
 [  0   4  18   0 157   0]
 [  0   1 100   0  52   0]]";12;[1 3 3 1 1 3]
3;CiteSeer;own;-1;0.2;64;0.5;1;0.005;20795212;0.7777777777777778;0.6043956043956044;"[[0 2 0 0 0 0]
 [0 5 0 0 0 0]
 [0 0 3 0 0 0]
 [0 1 1 0 0 0]
 [0 0 0 0 2 0]
 [0 0 0 0 0 4]]";0.4783362218370884;0.3229535282962392;"[[  0  82  26   0  79   0]
 [  0 282  49   0  59   1]
 [  0  36 381   0  25   0]
 [  0 118 246   0 156   0]
 [  0  13   2   0 421   0]
 [  0  41  62   0 209  20]]";0.46053946053946054;0.31013803793858435;"[[  0  27  10   0  43   0]
 [  0 119  28   0  30   0]
 [  0  18 169   0  14   0]
 [  0  54  93   0  64   0]
 [  0  10   5   0 164   0]
 [  0  22  22   0 100   9]]";18;[2 5 3 2 2 4]
4;CiteSeer;own;-1;0.2;64;0.5;1;0.005;20795212;0.7916666666666666;0.6775793650793651;"[[1 0 0 0 1 1]
 [0 7 0 0 0 0]
 [0 0 3 0 0 0]
 [0 2 0 0 0 1]
 [0 0 0 0 3 0]
 [0 0 0 0 0 5]]";0.49956559513466553;0.38786974636794175;"[[  2  77  13   0  82  10]
 [  0 291  23   0  64  12]
 [  0  79 316   0  40   2]
 [  2 201 135   0 181   5]
 [  0   9   1   0 424   2]
 [  0  23  27   0 164 117]]";0.46653346653346656;0.3597735444946734;"[[  0  27   4   0  45   4]
 [  0 123  18   0  29   7]
 [  0  52 123   0  26   0]
 [  2  79  52   0  77   1]
 [  0  10   1   0 168   0]
 [  0  10  10   0  80  53]]";24;[3 7 3 3 3 5]
5;CiteSeer;own;-1;0.2;64;0.5;1;0.005;20795212;0.8333333333333334;0.7705882352941176;"[[4 0 0 0 0 0]
 [0 7 0 0 0 0]
 [0 0 4 0 0 0]
 [2 0 0 0 0 3]
 [0 0 0 0 3 0]
 [0 0 0 0 0 7]]";0.5283101045296167;0.42274963539276844;"[[  6  60  15   0  83  18]
 [  3 256  31   0  65  34]
 [  0  50 337   0  37  13]
 [  6 107 183   0 175  52]
 [  0   8   1   0 419   7]
 [  1  15  20   0  99 195]]";0.5054945054945055;0.3972344993645442;"[[  0  17   6   0  48   9]
 [  4 106  23   0  32  12]
 [  2  28 140   0  25   6]
 [  2  46  66   0  77  20]
 [  0   6   1   0 168   4]
 [  0   5   9   0  47  92]]";30;[4 7 4 5 3 7]
6;CiteSeer;own;-1;0.2;64;0.5;1;0.005;20795212;0.9444444444444444;0.9344017094017095;"[[3 0 0 1 0 0]
 [1 7 0 0 0 0]
 [0 0 6 0 0 0]
 [0 0 0 6 0 0]
 [0 0 0 0 4 0]
 [0 0 0 0 0 8]]";0.5877729257641922;0.507132066113787;"[[  4  21  11  68  66   7]
 [  5 117  22 177  56  12]
 [  0   6 316 114  19   0]
 [  2   3  78 328  92   3]
 [  0   3   3  10 411   5]
 [  0   0  36  41  84 170]]";0.5264735264735265;0.451286944850104;"[[  0   5   5  25  39   6]
 [  4  42  13  87  27   4]
 [  1   2 114  70  13   1]
 [  2   2  43 128  34   2]
 [  0   5   5   3 163   3]
 [  0   0  17  14  42  80]]";36;[4 8 6 6 4 8]
7;CiteSeer;own;-1;0.2;64;0.5;1;0.005;20795212;0.9047619047619048;0.8812013694366635;"[[ 3  0  0  1  1  0]
 [ 1  8  0  0  0  0]
 [ 0  0  7  0  0  0]
 [ 1  0  0  6  0  0]
 [ 0  0  0  0  4  0]
 [ 0  0  0  0  0 10]]";0.5901926444833625;0.501113892659743;"[[  4  38  32   7  73  20]
 [  6 212  55   6  55  48]
 [  0  12 403  26  23   4]
 [  2  16 235  94 137  12]
 [  0   7   7   0 408  10]
 [  0   0  37   0  68 227]]";0.5234765234765235;0.4385680832923596;"[[  0  10  11   2  43  14]
 [  4  85  28   5  37  18]
 [  2   7 150  26  14   2]
 [  2   7 113  24  60   5]
 [  0   7   5   0 160   7]
 [  0   1  17   0  30 105]]";42;[ 5  9  7  7  4 10]
8;CiteSeer;own;-1;0.2;64;0.5;1;0.005;20795212;0.9166666666666666;0.895959595959596;"[[ 4  0  0  0  1  0]
 [ 0 10  0  0  0  0]
 [ 0  0  8  0  0  0]
 [ 3  0  0  6  0  0]
 [ 0  0  0  0  5  0]
 [ 0  0  0  0  0 11]]";0.5899912203687445;0.49445889301789897;"[[  3  37  27   5  71  22]
 [  6 207  43  14  57  52]
 [  0  13 408  36  18   9]
 [  2  16 241  78 135  12]
 [  0   6   8   1 417   9]
 [  0   0  35   0  59 231]]";0.5114885114885115;0.4223555794586374;"[[  0  11  10   2  43  14]
 [  4  82  26   6  36  23]
 [  2   7 149  28  13   2]
 [  2  10 117  16  59   7]
 [  0   7   4   0 161   7]
 [  0   1  17   0  31 104]]";48;[ 5 10  8  9  5 11]
9;CiteSeer;own;-1;0.2;64;0.5;1;0.005;20795212;0.9074074074074074;0.8743848743848743;"[[ 3  0  0  2  1  0]
 [ 0 13  0  0  0  0]
 [ 0  0  8  0  0  0]
 [ 2  0  0  7  0  0]
 [ 0  0  0  0  6  0]
 [ 0  0  0  0  0 12]]";0.610475352112676;0.5170898546194032;"[[  1  44  26   7  73  14]
 [  2 234  36  18  59  31]
 [  0  20 405  38  19   3]
 [  1  23 197 124 126   8]
 [  0   7   8   0 419   5]
 [  0   5  36   1  78 204]]";0.5424575424575424;0.4640071816935174;"[[  0  17   8   3  43   9]
 [  3  95  24   7  33  15]
 [  1  13 140  30  16   1]
 [  2  18  93  44  52   2]
 [  0   8   3   0 164   4]
 [  0   2  19   0  32 100]]";54;[ 6 13  8  9  6 12]
10;CiteSeer;own;-1;0.2;64;0.5;1;0.005;20795212;0.9;0.8546905840009288;"[[ 2  0  2  2  0  0]
 [ 0 14  0  1  0  0]
 [ 0  0  9  0  0  0]
 [ 1  0  0  9  0  0]
 [ 0  0  0  0  7  0]
 [ 0  0  0  0  0 13]]";0.6063548102383054;0.4976717389040539;"[[  1  51  28   2  68  14]
 [  0 283  32   4  50  25]
 [  0  47 402  13  19   4]
 [  0  52 214  58 127  10]
 [  0   7   9   0 418   5]
 [  0   5  38   0  68 212]]";0.5324675324675324;0.4384899479547142;"[[  0  19   9   0  43   9]
 [  2 108  21   2  28  16]
 [  0  36 142   7  14   2]
 [  0  26 109  19  52   5]
 [  0   9   3   0 163   4]
 [  0   3  19   0  30 101]]";60;[ 6 15  9 10  7 13]
11;CiteSeer;own;-1;0.2;64;0.5;1;0.005;20795212;0.9242424242424242;0.8526190476190476;"[[ 1  2  0  3  0  0]
 [ 0 19  0  0  0  0]
 [ 0  0  9  0  0  0]
 [ 0  0  0 11  0  0]
 [ 0  0  0  0  7  0]
 [ 0  0  0  0  0 14]]";0.6132743362831858;0.5165875050882756;"[[  0  95   7   3  45   9]
 [  0 373  17   2  26  12]
 [  0 120 289   8  17  11]
 [  0 181  92  91  87   9]
 [  0  22   4   0 393   9]
 [  0  37  14   0  47 240]]";0.5524475524475524;0.4710681081712203;"[[  0  35   5   0  33   7]
 [  0 152   6   1  13   5]
 [  0  79 103   1  15   3]
 [  0  92  40  38  35   6]
 [  0  19   2   0 153   5]
 [  0  12  12   0  22 107]]";66;[ 6 19  9 11  7 14]
12;CiteSeer;own;-1;0.2;64;0.5;1;0.005;20795212;0.9166666666666666;0.8824757617861066;"[[ 3  1  0  4  0  0]
 [ 0 19  0  0  0  0]
 [ 0  0 10  0  0  1]
 [ 0  0  0 12  0  0]
 [ 0  0  0  0  8  0]
 [ 0  0  0  0  0 14]]";0.6748003549245786;0.6082263339819585;"[[ 18  48  18  17  45  18]
 [  1 337  25   8  39  20]
 [  0  66 323  28  13  16]
 [ 10  51 110 210  63  11]
 [  0  11   6   2 392  17]
 [  0  11  29   3  47 241]]";0.6023976023976024;0.5505485893099321;"[[  8  23   7   3  31   8]
 [  1 123  15   6  21  11]
 [  0  56 114  12  13   6]
 [  8  19  58  97  24   5]
 [  0  12   3   4 154   6]
 [  0   7  16   0  23 107]]";72;[ 8 19 11 12  8 14]
13;CiteSeer;own;-1;0.2;64;0.5;1;0.005;20795212;0.9487179487179487;0.9409330628803246;"[[ 7  0  0  2  0  0]
 [ 0 19  0  0  0  0]
 [ 0  0 12  0  0  1]
 [ 1  0  0 13  0  0]
 [ 0  0  0  0  9  0]
 [ 0  0  0  0  0 14]]";0.7019572953736655;0.6367264141687481;"[[ 19  53  16  23  45   6]
 [  2 335  23  13  42  13]
 [  3  74 308  34  16   6]
 [ 19  44  43 297  49   8]
 [  1  11   5   5 396   9]
 [  0  14  29   6  58 223]]";0.6343656343656343;0.5807396392779475;"[[  9  22   6   6  31   6]
 [  3 120  15   8  25   6]
 [  0  59 110  15  13   4]
 [ 11  21  17 138  21   3]
 [  0  10   2   4 160   3]
 [  0   7  15   4  29  98]]";78;[ 9 19 13 14  9 14]
14;CiteSeer;own;-1;0.2;64;0.5;1;0.005;20795212;0.9642857142857143;0.9565092165898618;"[[ 7  0  1  1  0  0]
 [ 0 21  0  0  0  0]
 [ 0  0 13  0  0  1]
 [ 0  0  0 15  0  0]
 [ 0  0  0  0 10  0]
 [ 0  0  0  0  0 15]]";0.6953612845673506;0.6254214400716593;"[[ 14  59  16  21  38   9]
 [  0 352  22  10  34  11]
 [  1  81 308  29  13   9]
 [  7  81  57 266  41   8]
 [  0  12   5   9 384  15]
 [  0  20  27   4  44 235]]";0.6353646353646354;0.5759444666231314;"[[  6  24   7   9  27   7]
 [  2 129  15   8  17   6]
 [  0  57 114  13  12   5]
 [  4  37  22 131  14   3]
 [  0  14   2   7 153   3]
 [  0   9  16   3  22 103]]";84;[ 9 21 14 15 10 15]
15;CiteSeer;own;-1;0.2;64;0.5;1;0.005;20795212;0.9444444444444444;0.9227058227058227;"[[ 5  0  1  3  0  0]
 [ 0 22  0  0  0  0]
 [ 0  0 14  0  0  1]
 [ 0  0  0 17  0  0]
 [ 0  0  0  0 11  0]
 [ 0  0  0  0  0 16]]";0.7052772808586762;0.6314761476352856;"[[ 13  52  18  23  40   8]
 [  0 335  30  12  36  13]
 [  0  72 319  31  15  10]
 [  5  44  68 292  37  10]
 [  0   8   5   9 391  12]
 [  0  16  31   3  51 227]]";0.6353646353646354;0.5737133899327953;"[[  6  22   7  10  28   7]
 [  1 121  19  10  20   6]
 [  0  53 115  14  14   5]
 [  3  26  24 138  16   4]
 [  0  10   2   7 157   3]
 [  0   7  19   0  28  99]]";90;[ 9 22 15 17 11 16]
16;CiteSeer;own;-1;0.2;64;0.5;1;0.005;20795212;0.9583333333333334;0.9467631497043262;"[[ 7  0  1  1  0  0]
 [ 0 23  0  0  0  0]
 [ 0  0 16  0  0  1]
 [ 1  0  0 17  0  0]
 [ 0  0  0  0 12  0]
 [ 0  0  0  0  0 17]]";0.6973094170403588;0.6146913999230706;"[[  7  51  26  18  33  10]
 [  0 328  32  10  32  12]
 [  0  69 356  18  11  11]
 [  9  32 122 248  33   9]
 [  0  12   9   5 385  14]
 [  0  18  33   3  43 231]]";0.6073926073926074;0.5508355636321701;"[[  6  20  13   5  29   7]
 [  1 120  24   6  19   7]
 [  0  46 120  14  14   7]
 [  2  19  62 109  14   5]
 [  0  13   3   5 154   4]
 [  0   8  20   1  25  99]]";96;[ 9 23 17 18 12 17]
17;CiteSeer;own;-1;0.2;64;0.5;1;0.005;20795212;0.9607843137254902;0.9470272283997775;"[[ 7  0  0  2  1  0]
 [ 0 24  0  0  0  0]
 [ 0  0 16  0  0  1]
 [ 0  0  0 21  0  0]
 [ 0  0  0  0 13  0]
 [ 0  0  0  0  0 17]]";0.7324640287769785;0.6420324120963149;"[[  6  44  14  35  33   8]
 [  0 317  24  23  35  13]
 [  0  72 318  52  10  10]
 [  0  23  33 365  26   6]
 [  0   7   6  13 389  14]
 [  0  13  18  17  46 234]]";0.6473526473526473;0.5650695503654586;"[[  1  20   8  19  25   7]
 [  1 115  18  16  20   7]
 [  0  48 111  24  12   6]
 [  0   9  23 165  11   3]
 [  0  10   3   8 154   4]
 [  0   6  14   5  26 102]]";102;[10 24 17 21 13 17]
18;CiteSeer;own;-1;0.2;64;0.5;1;0.005;20795212;0.9629629629629629;0.9565933653154749;"[[ 9  0  0  1  1  0]
 [ 0 25  0  0  0  0]
 [ 0  1 17  0  0  1]
 [ 0  0  0 22  0  0]
 [ 0  0  0  0 14  0]
 [ 0  0  0  0  0 17]]";0.7281334535617674;0.6383380305051775;"[[  6  41  38  18  33   2]
 [  0 312  47  11  29   6]
 [  0  49 381  22  12   5]
 [  1  21  81 311  30   7]
 [  0   8  10   5 396  10]
 [  1  11  40   6  59 209]]";0.6403596403596403;0.565807220515547;"[[  2  19  14  12  27   6]
 [  2 111  31   7  22   4]
 [  0  37 138  11  11   4]
 [  2   8  46 138  13   4]
 [  0  12   3   4 157   3]
 [  0   6  22   2  28  95]]";108;[11 25 19 22 14 17]
19;CiteSeer;own;-1;0.2;64;0.5;1;0.005;20795212;0.9736842105263158;0.96239274595841;"[[ 9  0  0  1  1  0]
 [ 0 27  0  0  0  0]
 [ 0  0 20  0  0  0]
 [ 0  0  0 23  0  0]
 [ 0  0  0  0 14  0]
 [ 1  0  0  0  0 18]]";0.7364376130198915;0.6439759253795417;"[[  5  56  28  19  25   3]
 [  0 302  45  12  21  13]
 [  1  55 378  28   9   8]
 [  2  25  58 338  22   9]
 [  0  15   9   7 380  15]
 [  0  14  38   7  39 226]]";0.6633366633366633;0.5845699666103844;"[[  2  22  14  11  24   7]
 [  2 122  26   7  11   9]
 [  0  36 134  14  12   5]
 [  1  10  29 158  10   3]
 [  0  19   3   5 148   4]
 [  0   6  21   2  24 100]]";114;[11 27 20 23 14 19]
20;CiteSeer;own;-1;0.2;64;0.5;1;0.005;20795212;0.9583333333333334;0.9442525984000639;"[[ 9  0  0  1  1  0]
 [ 0 29  0  0  0  0]
 [ 1  0 19  0  0  1]
 [ 0  0  0 24  0  0]
 [ 0  0  0  0 15  0]
 [ 1  0  0  0  0 19]]";0.7302810516772439;0.6366817373110475;"[[  4  52  32  13  28   6]
 [  0 294  49  11  24  13]
 [  1  54 380  23  12   9]
 [  2  24  66 318  32   9]
 [  0  10   9   8 389  11]
 [  0  13  35   3  46 226]]";0.6563436563436563;0.5796855644296103;"[[  2  19  14  10  28   7]
 [  1 121  28   6  15   6]
 [  0  35 133  13  14   6]
 [  2  12  32 149  13   3]
 [  0  17   3   4 150   5]
 [  0   7  18   1  25 102]]";120;[11 29 21 24 15 20]
21;CiteSeer;own;-1;0.2;64;0.5;1;0.005;20795212;0.9365079365079365;0.9191574591667412;"[[ 9  1  0  1  1  1]
 [ 0 29  0  0  0  0]
 [ 1  0 20  0  0  1]
 [ 1  0  0 25  0  0]
 [ 0  0  0  0 15  0]
 [ 1  0  0  0  0 20]]";0.7386363636363636;0.6428045262653339;"[[  4  54  26  15  27   6]
 [  0 302  37  15  23  14]
 [  1  56 369  26  11  14]
 [  1  22  59 330  29  10]
 [  0   8   8   7 391  13]
 [  0  16  30   5  42 229]]";0.6573426573426573;0.5785750878646511;"[[  2  20  13   9  28   8]
 [  0 121  23  12  12   9]
 [  0  35 130  15  12   9]
 [  2  11  27 152  15   4]
 [  0  15   3   5 150   6]
 [  0   7  18   1  24 103]]";126;[13 29 22 26 15 21]
22;CiteSeer;own;-1;0.2;64;0.5;1;0.005;20795212;0.9545454545454546;0.9404381282559249;"[[11  1  1  1  2  0]
 [ 0 29  0  0  0  0]
 [ 1  0 21  0  0  0]
 [ 0  0  0 27  0  0]
 [ 0  0  0  0 15  0]
 [ 0  0  0  0  0 23]]";0.731084776663628;0.6411306015726684;"[[  5  52  30  21  40   2]
 [  1 296  38  17  32   9]
 [  1  51 371  27  12  10]
 [  1  18  63 331  28   8]
 [  0   7   5   8 372  14]
 [  0   9  37   8  41 229]]";0.6603396603396603;0.5849495067511324;"[[  3  18  13  10  28   8]
 [  1 118  24  12  15   7]
 [  0  35 133  16  11   6]
 [  0  10  29 152  16   4]
 [  0  14   3   6 151   5]
 [  0   6  18   1  24 104]]";132;[16 29 22 27 15 23]
23;CiteSeer;own;-1;0.2;64;0.5;1;0.005;20795212;0.927536231884058;0.9080081128710417;"[[ 9  1  1  3  2  0]
 [ 0 30  0  0  0  0]
 [ 1  0 21  0  0  0]
 [ 0  0  1 28  0  1]
 [ 0  0  0  0 16  0]
 [ 0  0  0  0  0 24]]";0.7381170018281535;0.6570026491474973;"[[ 11  53  19  22  36   9]
 [  1 308  31  13  26  15]
 [  1  54 359  28  11  14]
 [  0  25  59 323  31  12]
 [  0   8   3   5 374  16]
 [  0  10  31   5  35 240]]";0.6563436563436563;0.5843843166946333;"[[  4  22  10  10  25   9]
 [  1 119  21   8  17  11]
 [  0  38 129  14  10  10]
 [  0  11  29 149  16   6]
 [  0  17   3   5 149   5]
 [  0   5  18   1  22 107]]";138;[16 30 22 30 16 24]
24;CiteSeer;own;-1;0.2;64;0.5;1;0.005;20795212;0.9236111111111112;0.9008583636243211;"[[ 9  1  1  4  2  0]
 [ 0 31  0  0  0  0]
 [ 1  0 22  0  0  0]
 [ 1  0  0 30  0  0]
 [ 0  0  1  0 17  0]
 [ 0  0  0  0  0 24]]";0.7346471127406049;0.6712558716720102;"[[ 23  36  25  24  35   6]
 [  6 275  48  18  31  11]
 [  1  38 371  36  11   6]
 [  9  15  53 332  34   6]
 [  2   7  13   2 374  13]
 [  0   5  34  11  43 228]]";0.6693306693306693;0.611914024685731;"[[ 10  17  12   9  24   8]
 [  6 112  25   8  19   7]
 [  0  29 138  18  11   5]
 [  3   8  26 157  15   2]
 [  2  14   2   5 151   5]
 [  0   4  22   1  24 102]]";144;[17 31 23 31 18 24]
25;CiteSeer;own;-1;0.2;64;0.5;1;0.005;20795212;0.94;0.9277462121212121;"[[12  1  0  3  2  0]
 [ 0 31  0  0  0  0]
 [ 1  1 23  0  0  0]
 [ 1  0  0 31  0  0]
 [ 0  0  0  0 19  0]
 [ 0  0  0  0  0 25]]";0.7458639705882353;0.6894841963041594;"[[ 30  54  15  17  25   6]
 [  5 295  31  14  26  12]
 [  0  46 367  34  11   9]
 [ 17  22  50 318  32   8]
 [  4   8   9   3 372  15]
 [  0   9  32   2  37 241]]";0.6773226773226774;0.6308509695542129;"[[ 15  24   7   7  19   8]
 [  6 121  20   7  15   8]
 [  0  31 135  17  11   7]
 [  5  12  22 153  15   4]
 [  5  18   2   4 145   5]
 [  0   5  19   1  19 109]]";150;[18 31 25 32 19 25]
26;CiteSeer;own;-1;0.2;64;0.5;1;0.005;20795212;0.967948717948718;0.9580679030175733;"[[14  1  0  1  2  0]
 [ 0 32  0  0  0  0]
 [ 0  0 26  0  0  0]
 [ 0  0  0 33  0  0]
 [ 1  0  0  0 20  0]
 [ 0  0  0  0  0 26]]";0.7470046082949309;0.686263958375989;"[[ 26  50  17  19  29   3]
 [  1 280  43  14  35   8]
 [  0  35 378  38  14   1]
 [ 11  14  46 336  33   6]
 [  9  11   5   6 374  11]
 [  0   8  31   9  42 227]]";0.6653346653346653;0.6117510514435521;"[[ 11  20   8  10  22   9]
 [  4 112  29  10  17   5]
 [  0  27 139  18  14   3]
 [  6   9  25 152  17   2]
 [  4  15   2   5 148   5]
 [  0   5  19   2  23 104]]";156;[18 32 26 33 21 26]
27;CiteSeer;own;-1;0.2;64;0.5;1;0.005;20795212;0.9691358024691358;0.9645102479057703;"[[16  0  0  2  1  0]
 [ 0 32  0  0  0  0]
 [ 0  0 28  0  0  0]
 [ 1  0  0 32  0  0]
 [ 0  1  0  0 23  0]
 [ 0  0  0  0  0 26]]";0.75;0.6971148586141366;"[[ 34  50  14  15  25   5]
 [  7 275  45  12  32   9]
 [  1  38 379  31  14   3]
 [ 12  14  42 334  35   7]
 [  8  11   7   4 373  11]
 [  0   9  32   7  41 228]]";0.6723276723276723;0.6218833022980108;"[[ 13  22   8   6  22   9]
 [  3 113  28   8  19   6]
 [  0  29 137  17  14   4]
 [  5  11  20 155  17   3]
 [  2  15   2   3 152   5]
 [  0   7  19   2  22 103]]";162;[19 32 28 33 24 26]
28;CiteSeer;own;-1;0.2;64;0.5;1;0.005;20795212;0.9761904761904762;0.9723027789204259;"[[18  0  0  1  1  0]
 [ 0 34  0  0  0  0]
 [ 0  0 29  0  0  0]
 [ 1  0  0 33  0  0]
 [ 0  0  0  0 23  1]
 [ 0  0  0  0  0 27]]";0.7502316960148285;0.6977229339839147;"[[ 35  44  15  16  29   8]
 [  7 272  50  11  25   9]
 [  2  33 385  25  14   5]
 [  9  15  47 331  36   6]
 [ 10  11   7   4 368  13]
 [  0   9  34   7  38 228]]";0.6733266733266733;0.6225879763538217;"[[ 13  20   9   7  22   9]
 [  6 112  29   8  15   7]
 [  2  24 141  18  12   4]
 [  3  11  22 153  19   3]
 [  5  16   2   3 149   4]
 [  1   5  19   2  20 106]]";168;[20 34 29 34 24 27]
29;CiteSeer;own;-1;0.2;64;0.5;1;0.005;20795212;0.9712643678160919;0.9674940873310035;"[[19  0  0  2  1  0]
 [ 0 34  0  0  0  0]
 [ 0  0 30  0  0  0]
 [ 1  0  0 34  0  0]
 [ 0  0  0  0 24  1]
 [ 0  0  0  0  0 28]]";0.7578996282527881;0.7107999460069201;"[[ 41  35  12  16  32  10]
 [  6 272  42  13  27  12]
 [  2  29 380  31  13   7]
 [  7  13  40 333  47   5]
 [  7   6   4   3 379  13]
 [  0   5  30  11  43 226]]";0.6723276723276723;0.6199791716057641;"[[ 12  20   8   8  23   9]
 [  5 117  26   6  16   7]
 [  2  25 139  17  14   4]
 [  4  11  19 151  24   2]
 [  6  14   2   4 149   4]
 [  1   3  18   2  24 105]]";174;[22 34 30 35 25 28]
30;CiteSeer;own;-1;0.2;64;0.5;1;0.005;20795212;0.9666666666666667;0.9620033860872987;"[[20  0  0  2  2  0]
 [ 0 35  0  0  0  0]
 [ 0  0 31  0  0  0]
 [ 1  0  0 35  0  0]
 [ 0  0  0  0 24  1]
 [ 0  0  0  0  0 29]]";0.7590866728797764;0.7067649404533048;"[[ 35  40  13  15  31  12]
 [  4 282  40  15  22   8]
 [  1  30 381  31  12   7]
 [  5  14  43 335  42   5]
 [  7   8   7   4 368  15]
 [  0   5  32  15  34 228]]";0.6763236763236763;0.6204435987410953;"[[ 11  21   6  11  20  11]
 [  3 117  27   8  12  10]
 [  1  25 142  16  12   5]
 [  2  10  20 153  23   3]
 [  4  16   2   4 147   6]
 [  0   5  21   2  18 107]]";180;[24 35 31 36 25 29]
31;CiteSeer;own;-1;0.2;64;0.5;1;0.005;20795212;0.967741935483871;0.9623629873322397;"[[20  0  0  2  2  0]
 [ 1 36  0  0  0  0]
 [ 0  0 32  0  0  0]
 [ 0  0  0 37  0  0]
 [ 0  0  0  0 24  1]
 [ 0  0  0  0  0 31]]";0.7542056074766356;0.702997990240414;"[[ 35  36  17  15  31   9]
 [  5 268  52  14  23  10]
 [  1  26 385  29  13   7]
 [  7  14  50 330  37   5]
 [  6  10   7   4 367  14]
 [  0   6  33  13  32 229]]";0.6793206793206793;0.6251846612944444;"[[ 12  20   7  10  20  11]
 [  3 115  30   7  12  10]
 [  1  21 147  15  12   5]
 [  4   9  23 152  20   3]
 [  3  16   3   4 147   6]
 [  0   5  20   2  19 107]]";186;[24 37 32 37 25 31]
32;CiteSeer;own;-1;0.2;64;0.5;1;0.005;20795212;0.9635416666666666;0.9578677430085688;"[[20  0  0  2  2  0]
 [ 1 37  0  0  0  0]
 [ 0  0 32  0  0  0]
 [ 1  0  0 39  0  0]
 [ 0  0  0  0 25  1]
 [ 0  0  0  0  0 32]]";0.7558575445173383;0.7039506461408558;"[[ 36  38  11  14  31  10]
 [  7 280  39  11  21  13]
 [  4  35 367  33  13   9]
 [ 12  14  40 334  37   5]
 [  9  10   5   2 367  15]
 [  0   7  29  14  33 229]]";0.6843156843156843;0.6355465414989291;"[[ 15  21   5   9  20  10]
 [  5 117  27   5  13  10]
 [  2  25 141  16  12   5]
 [  5  10  17 156  20   3]
 [  5  16   2   3 148   5]
 [  1   5  17   2  20 108]]";192;[24 38 32 40 26 32]
33;CiteSeer;own;-1;0.2;64;0.5;1;0.005;20795212;0.9747474747474747;0.9710066503544764;"[[21  0  0  2  1  0]
 [ 1 38  0  0  0  0]
 [ 0  0 34  0  1  0]
 [ 0  0  0 41  0  0]
 [ 0  0  0  0 27  0]
 [ 0  0  0  0  0 32]]";0.7622180451127819;0.708894194160545;"[[ 34  39  10  18  28   8]
 [  6 275  39  19  21  11]
 [  1  32 376  38   9   6]
 [  8  14  40 343  32   4]
 [  8   6   6   5 367  13]
 [  0   5  35  16  29 227]]";0.6793206793206793;0.6292024919128545;"[[ 14  21   6  11  20   8]
 [  6 112  27  14  12   6]
 [  1  25 139  19  11   6]
 [  3   9  19 161  16   3]
 [  4  13   4   5 148   5]
 [  0   6  19   4  18 106]]";198;[24 39 35 41 27 32]
34;CiteSeer;own;-1;0.2;64;0.5;1;0.005;20795212;0.9852941176470589;0.9839081921147447;"[[23  0  0  1  1  0]
 [ 0 40  0  0  0  0]
 [ 0  0 35  0  0  0]
 [ 0  0  1 42  0  0]
 [ 0  0  0  0 28  0]
 [ 0  0  0  0  0 33]]";0.7620169651272385;0.7076504753621017;"[[ 33  38  12  15  29   9]
 [  9 267  48  13  21  14]
 [  1  30 382  27   8   9]
 [  4  13  46 337  35   6]
 [  6   5   7   4 368  14]
 [  0   5  38   8  31 230]]";0.6723276723276723;0.6150158151632595;"[[ 10  21   6  11  23   9]
 [  4 113  31   9  12   8]
 [  1  26 144  14  10   6]
 [  5   9  25 153  15   4]
 [  5  12   7   4 146   5]
 [  0   6  21   2  17 107]]";204;[25 40 35 43 28 33]
35;CiteSeer;own;-1;0.2;64;0.5;1;0.005;20795212;0.9809523809523809;0.9790699770593639;"[[23  0  0  2  1  0]
 [ 0 41  0  0  0  0]
 [ 0  0 36  0  0  0]
 [ 0  0  1 43  0  0]
 [ 0  0  0  0 29  0]
 [ 0  0  0  0  0 34]]";0.7594517958412098;0.7056012442483633;"[[ 32  40  11  15  27  10]
 [  5 278  43  14  21   9]
 [  1  32 378  34   9   8]
 [  4  13  45 334  35   5]
 [  4  10   8   4 365  14]
 [  0   7  40   8  33 220]]";0.6783216783216783;0.6182465431038052;"[[  9  24   6  13  20   8]
 [  1 119  31   9  10   7]
 [  1  29 145  12  10   4]
 [  2   9  27 156  14   3]
 [  3  15   7   3 147   4]
 [  0   6  20   1  23 103]]";210;[26 41 36 44 29 34]
36;CiteSeer;own;-1;0.2;64;0.5;1;0.005;20795212;0.9861111111111112;0.9849315772266592;"[[25  0  0  1  1  0]
 [ 0 42  0  0  0  0]
 [ 0  0 37  0  0  0]
 [ 0  0  1 44  0  0]
 [ 0  0  0  0 30  0]
 [ 0  0  0  0  0 35]]";0.7625592417061612;0.7100640393348033;"[[ 34  35  14  14  27   9]
 [  6 259  57  11  20   9]
 [  4  28 394  26   8   6]
 [  4  13  45 334  33   4]
 [  3  10   8   4 368  15]
 [  0   6  39   9  34 220]]";0.6933066933066933;0.6421068755707963;"[[ 14  21   7   9  20   9]
 [  5 116  35   7   9   5]
 [  1  22 154  10  10   4]
 [  4   8  26 155  15   3]
 [  4  12   6   3 150   4]
 [  0   5  18   3  22 105]]";216;[27 42 37 45 30 35]
37;CiteSeer;own;-1;0.2;64;0.5;1;0.005;20795212;0.9819819819819819;0.9797450562527702;"[[26  0  0  1  2  0]
 [ 0 43  0  0  0  0]
 [ 0  0 38  0  0  0]
 [ 0  0  1 45  0  0]
 [ 0  0  0  0 30  0]
 [ 0  0  0  0  0 36]]";0.7633079847908745;0.7062884746148929;"[[ 31  39  10  15  27  10]
 [  8 254  52  18  20  11]
 [  5  30 384  31   7   6]
 [  4  12  38 341  33   5]
 [  4   9   5   5 368  15]
 [  0   5  29  14  31 228]]";0.6893106893106893;0.6385641519910353;"[[ 14  20   5  13  19   9]
 [  2 116  34   9   9   7]
 [  1  25 144  14  11   6]
 [  3   8  18 160  18   4]
 [  2  14   5   4 150   4]
 [  0   5  18   3  21 106]]";222;[29 43 38 46 30 36]
38;CiteSeer;own;-1;0.2;64;0.5;1;0.005;20795212;0.9736842105263158;0.9700461718803749;"[[24  0  0  3  2  0]
 [ 0 43  0  0  0  0]
 [ 0  1 39  0  0  0]
 [ 0  0  0 47  0  0]
 [ 0  0  0  0 32  0]
 [ 0  0  0  0  0 37]]";0.7626310772163966;0.7074959783500923;"[[ 32  39   8  15  29   7]
 [  6 256  50  13  26   8]
 [  4  30 389  22  12   7]
 [  8  13  39 326  41   5]
 [  2   8   6   2 374  14]
 [  0   6  28   7  43 223]]";0.6923076923076923;0.6348190135099966;"[[ 11  20   5  12  23   9]
 [  2 118  33   8  11   5]
 [  1  25 149  10  12   4]
 [  3  10  20 156  18   4]
 [  2  12   5   3 153   4]
 [  0   5  18   1  23 106]]";228;[29 43 40 47 32 37]
39;CiteSeer;own;-1;0.2;64;0.5;1;0.005;20795212;0.9786324786324786;0.9756021380400385;"[[26  0  0  1  2  0]
 [ 1 42  0  0  0  0]
 [ 0  1 42  0  0  0]
 [ 0  0  0 47  0  0]
 [ 0  0  0  0 33  0]
 [ 0  0  0  0  0 39]]";0.7710325047801148;0.7149701792971145;"[[ 33  34  10  16  25  12]
 [  8 257  50  15  19  10]
 [  2  29 398  19   6   9]
 [  9  13  41 327  35   5]
 [  4   6   6   2 372  15]
 [  0   6  35   7  31 226]]";0.6773226773226774;0.6266954701514392;"[[ 13  20   7  10  21   9]
 [  3 114  35   5  13   7]
 [  2  28 143  12  11   5]
 [  3   9  25 155  14   5]
 [  3  15   7   3 147   4]
 [  0   5  18   3  21 106]]";234;[29 43 43 47 33 39]
40;CiteSeer;own;-1;0.2;64;0.5;1;0.005;20795212;0.9833333333333333;0.9802716201423097;"[[27  0  0  1  2  0]
 [ 0 44  0  0  0  0]
 [ 0  0 44  0  0  0]
 [ 1  0  0 47  0  0]
 [ 0  0  0  0 34  0]
 [ 0  0  0  0  0 40]]";0.7646212847555129;0.7082950704520844;"[[ 31  38  12  14  25   8]
 [  8 255  56  12  19   8]
 [  1  26 398  19  10   8]
 [  9  15  46 318  36   5]
 [  4   9   7   2 369  14]
 [  0   6  36   7  31 224]]";0.6823176823176823;0.6361283853639911;"[[ 15  21   7   6  22   9]
 [  4 113  37   5  13   5]
 [  1  25 151   8  12   4]
 [  4   9  28 150  16   4]
 [  3  14   9   2 148   3]
 [  0   5  18   3  21 106]]";240;[30 44 44 48 34 40]
41;CiteSeer;own;-1;0.2;64;0.5;1;0.005;20795212;0.9796747967479674;0.976809983081219;"[[27  0  0  1  2  0]
 [ 0 46  1  0  0  0]
 [ 0  0 44  0  0  0]
 [ 1  0  0 48  0  0]
 [ 0  0  0  0 35  0]
 [ 0  0  0  0  0 41]]";0.7682692307692308;0.7100699234050971;"[[ 30  36  11  17  26   8]
 [  9 261  48  19  19   9]
 [  2  27 376  29   9  12]
 [  7  13  30 338  31   7]
 [  5  10   6   4 364  14]
 [  0   6  22  10  36 229]]";0.6793206793206793;0.6231683882440834;"[[ 11  23   4  11  21  10]
 [  5 116  31   7  12   6]
 [  1  27 146   9  12   6]
 [  6   9  22 152  17   5]
 [  3  14   5   5 148   4]
 [  0   4  17   6  19 107]]";246;[30 47 44 49 35 41]
42;CiteSeer;own;-1;0.2;64;0.5;1;0.005;20795212;0.9801587301587301;0.9790562717775334;"[[28  0  0  1  1  0]
 [ 0 46  1  0  0  0]
 [ 0  0 46  0  0  0]
 [ 0  1  0 50  0  0]
 [ 0  0  0  0 35  0]
 [ 0  0  0  0  1 42]]";0.7651880424300868;0.7046462082317141;"[[ 27  37  13  17  28   6]
 [  7 249  57  18  22   6]
 [  0  22 391  28   8   5]
 [  5  17  43 332  30   5]
 [  4   6   7   3 365  13]
 [  0   6  32  13  29 223]]";0.6803196803196803;0.6221230317236564;"[[ 10  22   6  12  20  10]
 [  1 109  39   9  14   5]
 [  0  26 150   9  11   5]
 [  2   7  27 156  15   4]
 [  2  13   7   4 149   4]
 [  0   4  18   6  18 107]]";252;[30 47 46 51 35 43]
43;CiteSeer;own;-1;0.2;64;0.5;1;0.005;20795212;0.9767441860465116;0.973676567372422;"[[27  0  1  1  1  0]
 [ 0 48  1  0  0  0]
 [ 0  0 46  0  0  0]
 [ 1  0  0 52  0  0]
 [ 0  0  0  0 36  0]
 [ 0  0  0  0  1 43]]";0.761605415860735;0.7012016425741531;"[[ 27  38  11  19  27   4]
 [  9 256  45  22  19   7]
 [  1  30 374  32   8   6]
 [  8  15  34 337  34   6]
 [  4   8   5   6 360  14]
 [  0   7  30  12  32 221]]";0.6873126873126874;0.633277522413504;"[[ 12  23   6  10  20   9]
 [  5 118  28  11  10   5]
 [  0  29 145  11  11   5]
 [  3  10  22 157  15   4]
 [  2  14   7   4 148   4]
 [  0   4  18   5  18 108]]";258;[30 49 46 53 36 44]
44;CiteSeer;own;-1;0.2;64;0.5;1;0.005;20795212;0.9734848484848485;0.9704406794814315;"[[27  0  1  1  1  0]
 [ 0 50  1  0  0  0]
 [ 0  0 47  0  0  1]
 [ 1  0  0 53  0  0]
 [ 0  0  0  0 37  0]
 [ 0  0  0  0  1 43]]";0.7618816682832201;0.6990970470288622;"[[ 25  34  10  21  28   7]
 [  4 251  38  30  24   9]
 [  1  32 363  37  11   5]
 [  8  11  32 342  33   6]
 [  1   3   5   7 376  14]
 [  0   5  22  13  40 214]]";0.6743256743256744;0.6178408990180367;"[[ 11  21   5  10  24   9]
 [  3 109  26  17  15   7]
 [  0  29 137  18  11   6]
 [  3  10  17 160  17   4]
 [  1  11   5   5 153   4]
 [  0   2  17   5  24 105]]";264;[30 51 48 54 37 44]
45;CiteSeer;own;-1;0.2;64;0.5;1;0.005;20795212;0.9703703703703703;0.968698989444146;"[[28  0  0  1  1  0]
 [ 0 51  1  0  0  0]
 [ 0  0 49  0  0  0]
 [ 1  0  1 53  1  0]
 [ 0  0  0  0 37  0]
 [ 0  0  1  0  1 44]]";0.7636186770428015;0.7002640335378247;"[[ 24  38  15  24  20   4]
 [  3 253  53  20  14  11]
 [  1  31 383  24   4   7]
 [  6  15  43 335  24   6]
 [  4  10  11   9 358  13]
 [  0   6  34  17  19 217]]";0.6923076923076923;0.6364003068195246;"[[ 11  23   7  11  19   9]
 [  1 116  35  12   7   6]
 [  0  27 148  11  10   5]
 [  3   9  26 158  11   4]
 [  1  14   7   5 148   4]
 [  0   4  18   5  14 112]]";270;[30 52 49 56 37 46]
46;CiteSeer;own;-1;0.2;64;0.5;1;0.005;20795212;0.9637681159420289;0.962312160487729;"[[29  0  0  1  2  0]
 [ 0 51  1  0  0  0]
 [ 0  1 50  0  0  0]
 [ 0  0  1 54  1  0]
 [ 0  0  0  0 37  0]
 [ 0  0  1  1  1 45]]";0.7609756097560976;0.6996198987968048;"[[ 26  38  16  16  27   5]
 [  5 241  54  22  23  10]
 [  3  24 372  29  12   9]
 [  6  10  35 338  32   6]
 [  2   7   7   8 364  12]
 [  0   5  22  18  27 219]]";0.6853146853146853;0.6289399952044108;"[[ 11  22   5  10  23   9]
 [  2 108  36  11  14   6]
 [  0  27 144  14  10   6]
 [  2  10  18 159  18   4]
 [  2  12   6   4 151   4]
 [  0   2  17   5  16 113]]";276;[32 52 51 56 37 48]
47;CiteSeer;own;-1;0.2;64;0.5;1;0.005;20795212;0.9680851063829787;0.9650071151383802;"[[31  0  0  0  3  0]
 [ 0 52  1  0  0  0]
 [ 0  1 50  0  0  0]
 [ 2  0  1 54  0  0]
 [ 0  0  0  0 38  0]
 [ 0  0  0  0  1 48]]";0.7715264187866928;0.70912394222876;"[[ 25  40  15  14  27   5]
 [  2 258  50  17  22   6]
 [  1  28 378  23  11   8]
 [  5  16  38 330  31   6]
 [  2   9   6   3 369  10]
 [  0   6  21  14  31 217]]";0.6843156843156843;0.6237878061519102;"[[  9  26   5  11  21   8]
 [  1 118  34   8  12   4]
 [  0  31 145   9  11   5]
 [  3  12  20 157  15   4]
 [  1  14   6   4 151   3]
 [  0   7  19   5  17 105]]";282;[34 53 51 57 38 49]
48;CiteSeer;own;-1;0.2;64;0.5;1;0.005;20795212;0.9548611111111112;0.9505015310581718;"[[31  0  0  0  4  1]
 [ 0 53  2  0  0  0]
 [ 0  0 50  0  0  1]
 [ 2  0  1 55  1  0]
 [ 0  0  0  0 38  0]
 [ 0  0  0  0  1 48]]";0.774288518155054;0.7099370864490756;"[[ 24  40  14  17  22   7]
 [  3 269  37  19  18  10]
 [  1  38 366  24   6  11]
 [  3  17  33 336  29   7]
 [  3   5   4   8 362  18]
 [  0   5  22  13  26 221]]";0.6933066933066933;0.6314707031330483;"[[  9  24   6  12  19  10]
 [  1 124  27  13   6   6]
 [  0  34 141  10  11   5]
 [  2  11  19 161  14   4]
 [  1  14   6   5 149   4]
 [  0   3  17   6  17 110]]";288;[36 55 51 59 38 49]
49;CiteSeer;own;-1;0.2;64;0.5;1;0.005;20795212;0.9659863945578231;0.9605632084404464;"[[31  0  0  1  4  1]
 [ 0 55  1  0  0  0]
 [ 0  0 52  0  0  0]
 [ 1  0  0 58  1  0]
 [ 0  0  0  0 39  0]
 [ 0  0  0  0  1 49]]";0.7741141732283464;0.7091734479553398;"[[ 23  43  12  16  23   6]
 [  5 270  37  19  17   7]
 [  1  41 364  21   7  10]
 [  3  21  35 331  29   6]
 [  2   7   7   6 366  12]
 [  0   4  24  11  27 219]]";0.6963036963036963;0.6374092385656703;"[[ 10  25   7   9  20   9]
 [  1 127  26  12   5   6]
 [  0  35 141   9  11   5]
 [  2  12  20 159  14   4]
 [  1  14   6   5 150   3]
 [  0   5  18   4  16 110]]";294;[37 56 52 60 39 50]
50;CiteSeer;own;-1;0.2;64;0.5;1;0.005;20795212;0.9633333333333334;0.9567452724023074;"[[30  0  0  3  4  0]
 [ 0 56  1  0  0  0]
 [ 0  0 54  0  0  0]
 [ 1  0  0 59  0  0]
 [ 1  0  0  0 41  0]
 [ 0  0  0  0  1 49]]";0.7729516288252715;0.7018752305984909;"[[ 19  42  16  17  22   5]
 [  3 263  48  18  18   6]
 [  1  31 371  22  10   6]
 [  3  18  35 333  32   4]
 [  1   5   8   4 371  10]
 [  0   5  28  15  27 209]]";0.6943056943056943;0.6346345588739387;"[[ 10  25   7  11  20   7]
 [  1 119  31  12   9   5]
 [  0  28 148   8  12   5]
 [  1  11  19 161  15   4]
 [  1  13   6   5 151   3]
 [  0   5  19   4  19 106]]";300;[37 57 54 60 42 50]
51;CiteSeer;own;-1;0.2;64;0.5;1;0.005;20795212;0.9607843137254902;0.956218018516954;"[[32  0  0  3  3  0]
 [ 0 56  1  0  0  0]
 [ 0  1 55  0  0  0]
 [ 1  0  0 60  0  1]
 [ 1  0  0  0 42  0]
 [ 0  0  0  0  1 49]]";0.7693069306930693;0.7038467491030541;"[[ 23  45  11  14  23   3]
 [  5 272  37  17  18   4]
 [  2  40 360  27   7  20]
 [  4  23  31 334  27   5]
 [  4   7   5   5 367  10]
 [  0   6  20  17  29 198]]";0.6973026973026973;0.6431337444465987;"[[ 12  27   5  10  20   6]
 [  2 127  26  11   6   5]
 [  0  33 142   9  11   6]
 [  2  13  17 159  16   4]
 [  1  14   6   5 150   3]
 [  0   5  19   5  16 108]]";306;[38 57 56 62 43 50]
52;CiteSeer;own;-1;0.2;64;0.5;1;0.005;20795212;0.9647435897435898;0.9611906830051936;"[[35  1  0  2  2  0]
 [ 0 56  1  0  0  0]
 [ 0  0 57  0  0  0]
 [ 2  0  0 60  0  1]
 [ 1  0  0  0 43  0]
 [ 0  0  0  0  1 50]]";0.7606752730883813;0.6943446812617459;"[[ 22  38  17  15  23   3]
 [  8 247  59  16  18   4]
 [  3  34 375  20   7  17]
 [  3  19  37 329  30   4]
 [  4   7   7   3 366  10]
 [  0   4  33  14  25 193]]";0.6793206793206793;0.6259887204828907;"[[ 12  20  10  10  21   7]
 [  8 109  37  10   9   4]
 [  2  27 147   8  12   5]
 [  3  11  22 156  15   4]
 [  1  13   6   5 151   3]
 [  1   4  22   5  16 105]]";312;[40 57 57 63 44 51]
53;CiteSeer;own;-1;0.2;64;0.5;1;0.005;20795212;0.9622641509433962;0.9583019948728224;"[[36  2  0  1  3  0]
 [ 0 57  1  0  0  0]
 [ 0  0 57  0  0  0]
 [ 2  0  0 61  0  1]
 [ 1  0  0  0 44  0]
 [ 0  0  0  0  1 51]]";0.7664342629482072;0.698840538625262;"[[ 22  41  11  14  23   5]
 [  5 259  44  19  18   6]
 [  3  35 369  25   7  17]
 [  4  20  29 333  29   6]
 [  5   5   7   4 363  12]
 [  0   4  27  14  30 193]]";0.6903096903096904;0.6329617948167644;"[[ 11  21   8  10  21   9]
 [  3 122  28  10   9   5]
 [  1  33 141   9  11   6]
 [  2  12  16 161  15   5]
 [  4  13   4   5 150   3]
 [  0   3  21   6  17 106]]";318;[42 58 57 64 45 52]
54;CiteSeer;own;-1;0.2;64;0.5;1;0.005;20795212;0.9660493827160493;0.9626472102435862;"[[38  2  0  0  3  0]
 [ 0 58  1  0  0  0]
 [ 0  0 58  0  0  0]
 [ 2  0  0 62  0  1]
 [ 1  0  0  0 45  0]
 [ 0  0  0  0  1 52]]";0.7692307692307693;0.6990999268306806;"[[ 21  37   9  18  20   8]
 [  7 254  44  20  14  11]
 [  5  33 375  23   6  14]
 [  6  20  30 327  29   8]
 [  2   5   6   4 366  13]
 [  0   3  25  15  27 197]]";0.6853146853146853;0.6277893376081966;"[[ 11  21   8  11  20   9]
 [  6 117  26  12   8   8]
 [  2  28 145   9  11   6]
 [  2  14  19 156  14   6]
 [  4  11   5   4 151   4]
 [  0   3  22   5  17 106]]";324;[43 59 58 65 46 53]
55;CiteSeer;own;-1;0.2;64;0.5;1;0.005;20795212;0.9636363636363636;0.9605870611125638;"[[39  1  0  0  3  0]
 [ 0 59  1  0  0  0]
 [ 0  0 58  0  0  1]
 [ 3  0  0 63  0  1]
 [ 1  0  0  0 46  0]
 [ 0  0  0  0  1 53]]";0.7695390781563126;0.7026525014467463;"[[ 23  37  12  13  24   3]
 [  7 250  48  21  17   7]
 [  6  30 376  26   8   9]
 [  7  15  29 331  33   3]
 [  5   5   3   4 366  12]
 [  0   3  24  15  34 190]]";0.6953046953046953;0.6366258149181387;"[[ 11  19  10  12  22   6]
 [  6 115  29  10  12   5]
 [  1  21 152  10  12   5]
 [  1  12  18 161  16   3]
 [  5  11   4   3 153   3]
 [  0   2  24   4  19 104]]";330;[43 60 59 67 47 54]
56;CiteSeer;own;-1;0.2;64;0.5;1;0.005;20795212;0.9613095238095238;0.9584199050431618;"[[40  2  0  1  2  0]
 [ 0 59  1  0  0  0]
 [ 0  0 59  0  0  1]
 [ 2  0  0 65  0  1]
 [ 1  0  0  0 46  0]
 [ 0  0  0  0  2 54]]";0.7678391959798995;0.6955168980136532;"[[ 19  38  13  16  20   6]
 [  3 254  49  20  15   8]
 [  4  30 375  26   7  12]
 [  6  19  30 329  27   5]
 [  3   8   4   4 361  14]
 [  0   3  27  17  28 190]]";0.6933066933066933;0.6360987163132694;"[[ 11  21   9  13  19   7]
 [  6 120  28   9   9   5]
 [  2  21 149  14  10   5]
 [  1  14  19 159  14   4]
 [  4  13   8   3 148   3]
 [  0   2  23   3  18 107]]";336;[45 60 60 68 47 56]
57;CiteSeer;own;-1;0.2;64;0.5;1;0.005;20795212;0.9649122807017544;0.9631460182830156;"[[42  2  0  0  2  0]
 [ 0 59  1  0  0  0]
 [ 0  0 59  0  0  1]
 [ 2  0  0 66  1  1]
 [ 0  1  0  0 48  0]
 [ 0  0  0  0  1 56]]";0.7595766129032258;0.688280763877012;"[[ 19  39  10  13  23   8]
 [  4 250  45  18  19   8]
 [  7  35 357  29   7  13]
 [  8  18  32 322  30   8]
 [  1   8   4   4 365  15]
 [  0   3  23  15  30 194]]";0.6773226773226774;0.6219344178121528;"[[ 11  21   9  10  21   8]
 [  6 114  27  10  15   5]
 [  2  29 138  14  12   6]
 [  1  13  20 158  14   5]
 [  3  12   8   2 151   3]
 [  0   2  23   3  19 106]]";342;[46 60 60 70 49 57]
58;CiteSeer;own;-1;0.2;64;0.5;1;0.005;20795212;0.9626436781609196;0.9605843277398712;"[[43  1  0  0  2  0]
 [ 1 59  1  0  0  0]
 [ 0  0 60  1  0  0]
 [ 3  0  0 68  0  1]
 [ 1  1  0  0 48  0]
 [ 0  0  0  0  1 57]]";0.7623862487360971;0.6848024832874232;"[[ 15  36  12  21  19   9]
 [  2 243  51  24  14  10]
 [  2  27 362  40   7   8]
 [  6  17  28 334  26   6]
 [  1   8   9   4 363  11]
 [  0   2  25  16  29 191]]";0.6853146853146853;0.6299693086692018;"[[ 12  20   9  12  19   8]
 [  5 112  30  13  10   7]
 [  1  21 144  18  11   6]
 [  1  12  17 164  12   5]
 [  3  13   7   4 149   3]
 [  0   2  24   4  18 105]]";348;[46 61 61 72 50 58]
59;CiteSeer;own;-1;0.2;64;0.5;1;0.005;20795212;0.9548022598870056;0.9531737058988661;"[[43  1  0  0  2  0]
 [ 1 60  2  0  0  0]
 [ 0  0 60  2  0  0]
 [ 3  0  0 69  0  1]
 [ 1  1  0  0 49  0]
 [ 0  0  1  0  1 57]]";0.7652129817444219;0.6953235627410895;"[[ 19  41  11  17  18   6]
 [  3 265  38  15  13  10]
 [  5  38 351  37   7   8]
 [  4  24  29 324  26   6]
 [  2  10   9   4 360  10]
 [  0   5  23  15  29 190]]";0.6933066933066933;0.6406905126545129;"[[ 13  25   9   8  19   6]
 [  5 125  25   8   7   7]
 [  1  29 137  16  12   6]
 [  0  14  16 162  13   6]
 [  3  13   6   4 150   3]
 [  0   3  21   5  17 107]]";354;[46 63 62 73 51 59]
60;CiteSeer;own;-1;0.2;64;0.5;1;0.005;20795212;0.95;0.9491256331279988;"[[44  1  0  0  2  0]
 [ 2 60  2  0  0  1]
 [ 0  0 60  2  0  0]
 [ 2  0  0 71  1  1]
 [ 0  1  0  0 51  0]
 [ 0  0  1  1  1 56]]";0.7634791454730417;0.6923818825521746;"[[ 19  34  13  22  18   6]
 [  4 246  46  20  17  10]
 [  6  23 354  38   7   7]
 [  6  19  29 331  23   6]
 [  3   8   8   5 359  11]
 [  1   2  29  15  29 192]]";0.6813186813186813;0.6283529572625396;"[[ 13  19   9  14  18   7]
 [  8 110  29  12  11   7]
 [  2  18 141  24  10   6]
 [  1  13  16 162  13   6]
 [  4  10   7   4 149   5]
 [  0   3  20   5  18 107]]";360;[47 65 62 75 52 59]
61;CiteSeer;own;-1;0.2;64;0.5;1;0.005;20795212;0.9508196721311475;0.9500269376958147;"[[45  1  0  0  2  0]
 [ 1 62  2  1  0  1]
 [ 0  0 61  2  0  0]
 [ 3  0  0 71  0  1]
 [ 0  1  0  0 52  0]
 [ 0  0  1  0  2 57]]";0.7642857142857142;0.6950573567458042;"[[ 20  41  10  15  18   8]
 [  5 252  40  18  15  11]
 [  7  34 345  34   7   8]
 [  6  25  25 326  25   5]
 [  4  10   8   4 358  11]
 [  1   2  22  13  30 197]]";0.6863136863136863;0.6313368204943166;"[[ 12  24   7   8  20   9]
 [  5 120  24   9  12   7]
 [  3  26 137  18  11   6]
 [  1  13  16 162  14   5]
 [  4  12   7   4 149   3]
 [  0   3  20   4  19 107]]";366;[48 67 63 75 53 60]
62;CiteSeer;own;-1;0.2;64;0.5;1;0.005;20795212;0.9543010752688172;0.9527047775476684;"[[44  1  0  1  2  0]
 [ 1 64  1  1  0  1]
 [ 0  0 65  1  0  0]
 [ 3  0  0 72  1  1]
 [ 0  1  0  0 52  0]
 [ 0  0  0  0  2 58]]";0.7707267144319345;0.7030357368215218;"[[ 21  38  13  16  18   6]
 [  7 252  36  22  13  10]
 [  3  28 356  33   9   5]
 [  2  24  31 327  24   3]
 [  5   7   9   4 358  10]
 [  0   2  28  14  28 192]]";0.6833166833166833;0.6334140947271624;"[[ 14  21  10  10  17   8]
 [  8 117  27  11   8   6]
 [  2  29 139  14  12   5]
 [  1  13  19 161  14   3]
 [  4  12   5   7 148   3]
 [  0   3  20   4  21 105]]";372;[48 68 66 77 53 60]
63;CiteSeer;own;-1;0.2;64;0.5;1;0.005;20795212;0.955026455026455;0.9542498415977104;"[[46  1  0  0  2  0]
 [ 1 66  1  1  0  1]
 [ 0  0 65  1  0  0]
 [ 3  0  1 72  2  1]
 [ 0  1  0  0 52  0]
 [ 0  0  0  0  1 60]]";0.7700205338809035;0.7011700505156054;"[[ 20  35  12  16  19   7]
 [  6 252  41  17  13  12]
 [  3  27 359  29   8   8]
 [  2  26  37 317  20   7]
 [  4   7   7   4 355  16]
 [  0   2  26  12  25 197]]";0.6853146853146853;0.6307572398112226;"[[ 12  23   8  10  18   9]
 [  8 116  28   7  12   6]
 [  2  26 143  14  10   6]
 [  0  12  21 160  13   5]
 [  3  12   6   7 148   3]
 [  0   3  21   4  18 107]]";378;[49 70 66 79 53 61]
64;CiteSeer;own;-1;0.2;64;0.5;1;0.005;20795212;0.9505208333333334;0.9494584799151232;"[[45  1  0  1  2  0]
 [ 1 68  1  1  0  0]
 [ 0  0 64  2  0  0]
 [ 2  0  0 76  2  2]
 [ 1  1  0  0 53  0]
 [ 0  1  0  0  1 59]]";0.7826982492276005;0.71433335816103;"[[ 21  31  10  19  21   6]
 [  6 256  33  22  17   6]
 [  4  24 348  44   6   5]
 [  2  23  18 341  22   2]
 [  2   4   9   4 364  10]
 [  0   2  21  20  29 190]]";0.6733266733266733;0.622801854930099;"[[ 14  24   6  12  18   6]
 [  9 106  26  15  16   5]
 [  6  24 134  20  12   5]
 [  0  12  15 166  14   4]
 [  3  10   5   7 151   3]
 [  0   3  20   5  22 103]]";384;[49 71 66 82 55 61]
65;CiteSeer;own;-1;0.2;64;0.5;1;0.005;20795212;0.958974358974359;0.9574033257469047;"[[45  1  0  1  3  0]
 [ 0 71  1  0  0  0]
 [ 0  0 66  1  0  0]
 [ 3  1  0 76  1  2]
 [ 0  1  0  0 55  0]
 [ 0  0  0  0  1 61]]";0.7758264462809917;0.7042097541126239;"[[ 18  32  17  14  20   6]
 [  6 253  43  15  16   6]
 [  3  23 361  32   4   7]
 [  3  25  35 319  21   4]
 [  1   7  11   4 359  10]
 [  0   2  30  13  24 192]]";0.6783216783216783;0.6245170623439352;"[[ 12  25   9   7  18   9]
 [  6 113  31   8  12   7]
 [  3  27 140  15  11   5]
 [  1  11  20 162  13   4]
 [  2  13   8   5 148   3]
 [  0   2  22   4  21 104]]";390;[50 72 67 83 56 62]
66;CiteSeer;own;-1;0.2;64;0.5;1;0.005;20795212;0.9646464646464646;0.9633942829636132;"[[47  1  1  0  2  0]
 [ 0 71  1  1  0  0]
 [ 0  0 67  1  0  0]
 [ 3  0  0 79  1  1]
 [ 0  1  0  0 56  0]
 [ 0  0  0  0  1 62]]";0.7699481865284974;0.7005091045414652;"[[ 20  30  13  17  21   5]
 [ 16 248  33  21  16   6]
 [  4  34 340  40   6   5]
 [  4  26  18 333  21   2]
 [  4   8   9   4 357   9]
 [  0   2  24  16  30 188]]";0.6753246753246753;0.6297235507244573;"[[ 16  24   9  10  16   5]
 [ 10 109  27  11  14   6]
 [  3  29 135  17  12   5]
 [  1  11  16 166  15   2]
 [  1  14   8   5 149   2]
 [  0   3  20   5  24 101]]";396;[51 73 68 84 57 63]
67;CiteSeer;own;-1;0.2;64;0.5;1;0.005;20795212;0.9626865671641791;0.961058303025922;"[[47  1  0  2  2  0]
 [ 0 72  1  0  0  0]
 [ 0  0 70  1  0  0]
 [ 3  0  0 79  1  1]
 [ 0  1  0  0 57  0]
 [ 0  0  1  0  1 62]]";0.7744282744282744;0.7136717905067128;"[[ 26  26  13  17  21   5]
 [ 17 242  35  20  16   6]
 [  3  31 345  39   6   5]
 [  3  23  25 330  20   1]
 [  6   5  10   4 357   9]
 [  0   2  26  14  26 190]]";0.6753246753246753;0.6192542197913998;"[[ 11  23   8  12  20   6]
 [ 12 109  27  10  13   6]
 [  1  28 138  17  12   5]
 [  1  10  22 164  12   2]
 [  2  10   8   5 151   3]
 [  0   2  22   5  21 103]]";402;[52 73 71 84 58 64]
68;CiteSeer;own;-1;0.2;64;0.5;1;0.005;20795212;0.9656862745098039;0.9645109761690133;"[[49  2  0  2  2  0]
 [ 0 72  1  0  0  0]
 [ 0  0 71  1  0  0]
 [ 1  1  0 81  1  1]
 [ 0  1  0  0 57  0]
 [ 0  0  0  0  1 64]]";0.7716371220020855;0.7117492857700252;"[[ 27  25  18  16  15   5]
 [ 17 238  41  18  16   6]
 [  4  24 360  32   7   7]
 [  6  26  29 315  16   3]
 [  8   5  11   4 351  11]
 [  0   2  30  12  24 189]]";0.6793206793206793;0.627306521847102;"[[ 13  23  11  12  15   6]
 [ 12 111  29   8  11   6]
 [  1  27 145  12  10   6]
 [  1  12  23 161  11   3]
 [  5  10   8   6 147   3]
 [  0   2  22   6  20 103]]";408;[55 73 72 85 58 65]
69;CiteSeer;own;-1;0.2;64;0.5;1;0.005;20795212;0.9589371980676329;0.9590664989415565;"[[51  1  0  2  2  0]
 [ 0 71  1  1  0  1]
 [ 0  0 71  2  0  0]
 [ 1  0  2 81  1  1]
 [ 0  1  0  0 58  0]
 [ 0  0  0  0  1 65]]";0.7714435146443515;0.7175710852781981;"[[ 33  20   8  14  23   6]
 [ 20 240  34  19  16   8]
 [  6  32 345  34   7   5]
 [  8  21  22 316  24   4]
 [  8   5   9   2 357  10]
 [  0   2  23  13  34 184]]";0.6693306693306693;0.6169661876169908;"[[ 13  22   7  14  19   5]
 [ 17 108  27   6  13   6]
 [  2  28 137  17  12   5]
 [  2   9  18 164  15   3]
 [  4  10   7   6 149   3]
 [  0   3  19   6  26  99]]";414;[56 74 73 86 59 66]
70;CiteSeer;own;-1;0.2;64;0.5;1;0.005;20795212;0.9666666666666667;0.9657579388842533;"[[53  1  0  1  2  0]
 [ 0 74  1  0  0  0]
 [ 0  0 73  1  0  0]
 [ 2  0  1 82  1  1]
 [ 0  1  0  0 59  1]
 [ 0  0  0  0  1 65]]";0.7733473242392445;0.7235828891691027;"[[ 34  23  11  15  15   5]
 [ 15 235  46  19  14   7]
 [  6  29 348  35   6   4]
 [  5  22  27 320  18   2]
 [  8   6  11   5 351  10]
 [  0   2  27  15  24 186]]";0.6773226773226774;0.6273786345509539;"[[ 14  21  10  14  15   6]
 [ 14 108  30   7  12   6]
 [  2  25 142  17  10   5]
 [  1   9  22 164  13   2]
 [  5  11   8   6 146   3]
 [  0   3  21   5  20 104]]";420;[57 75 74 87 61 66]
71;CiteSeer;own;-1;0.2;64;0.5;1;0.005;649695571;0.0;0.0;[[]];0.1638005159071367;0.11922665390084675;"[[ 18   4  21  57   0  84]
 [ 51   6  37 126   4 189]
 [ 17   4  42  98   1 305]
 [ 89   2  35 174   0 190]
 [ 62   2  59 109   0 185]
 [ 58   7  26 122   1 141]]";0.14985014985014986;0.10822712856701071;"[[  7   2  10  32   1  28]
 [ 16   2  15  52   0  92]
 [ 11   3  17  54   2 114]
 [ 42   0  14  62   0  93]
 [ 28   3  24  54   0  70]
 [ 32   5  12  41   1  62]]";0;[]
72;CiteSeer;own;-1;0.2;64;0.5;1;0.005;649695571;0.8333333333333334;0.8412698412698413;"[[3 0 0]
 [0 1 0]
 [1 0 1]]";0.17758620689655172;0.05260241291314008;"[[  0 184   0   0   0   0]
 [  0 409   0   0   0   0]
 [  0 466   1   0   0   0]
 [  0 490   0   0   0   0]
 [  0 417   0   0   0   0]
 [  0 351   0   0   0   2]]";0.17682317682317683;0.05012744265080713;"[[  0  80   0   0   0   0]
 [  0 177   0   0   0   0]
 [  0 201   0   0   0   0]
 [  0 211   0   0   0   0]
 [  0 178   0   0   0   1]
 [  0 153   0   0   0   0]]";6;[0 3 1 0 0 2]
73;CiteSeer;own;-1;0.2;64;0.5;1;0.005;649695571;0.8333333333333334;0.8266666666666665;"[[1 0 1 0 0]
 [0 4 0 0 0]
 [0 0 2 0 0]
 [0 0 0 1 0]
 [0 0 1 0 2]]";0.24200518582541056;0.11752169358754455;"[[  2  15 165   0   0   0]
 [  0  74 333   0   0   0]
 [  0   3 475   0   0   0]
 [  0   4 468   8   0   0]
 [  0   7 408   0   0   0]
 [  0   0 351   0   0   1]]";0.21878121878121878;0.0863191759765367;"[[  0   4  75   1   0   0]
 [  0  16 161   0   0   0]
 [  0   0 201   0   0   0]
 [  0   2 207   2   0   0]
 [  0   7 171   0   0   1]
 [  0   0 153   0   0   0]]";12;[2 4 2 1 0 3]
74;CiteSeer;own;-1;0.2;64;0.5;1;0.005;649695571;0.8888888888888888;0.8874725274725275;"[[3 1 0 0 0]
 [0 6 0 0 0]
 [0 0 3 0 0]
 [0 0 0 2 0]
 [0 0 1 0 2]]";0.3292894280762565;0.1827706623787441;"[[  5 102  73   0   0   0]
 [  0 291 119   0   0   0]
 [  0  28 446   0   0   0]
 [  1  89 372  17   0   0]
 [  0  69 344   2   0   0]
 [  0  83 266   0   0   1]]";0.32967032967032966;0.18231702286662366;"[[  2  38  36   4   0   0]
 [  1 126  49   1   0   0]
 [  0   8 193   0   0   0]
 [  0  43 159   9   0   0]
 [  0  40 137   1   0   1]
 [  0  44 109   0   0   0]]";18;[4 6 3 2 0 3]
75;CiteSeer;own;-1;0.2;64;0.5;1;0.005;649695571;0.9166666666666666;0.7902097902097901;"[[5 0 0 0 0 0]
 [0 6 0 0 0 0]
 [0 0 3 0 0 0]
 [0 0 0 3 0 0]
 [0 1 0 0 0 0]
 [1 0 0 0 0 5]]";0.3071242397914857;0.24566185012420708;"[[ 14  58   3   2   0  99]
 [  5 207  11   2   0 185]
 [  1   8  57   5   0 378]
 [ 17  12  10  62   0 379]
 [  0  33   5   6   0 372]
 [  0   4   0   0   0 367]]";0.27672327672327673;0.21473386633750832;"[[  5  21   5   5   0  44]
 [  1  80   4   3   0  89]
 [  0   6  20   0   0 175]
 [  9   6   0  23   0 173]
 [  0  23   3   4   0 149]
 [  0   4   0   0   0 149]]";24;[5 6 3 3 1 6]
76;CiteSeer;own;-1;0.2;64;0.5;1;0.005;649695571;0.9666666666666667;0.9720279720279721;"[[6 0 0 0 0 0]
 [0 6 0 0 0 0]
 [0 0 4 0 0 0]
 [0 0 0 5 0 0]
 [0 0 0 0 3 0]
 [1 0 0 0 0 5]]";0.42160278745644597;0.34467070660818483;"[[  9  54   2  98   0   8]
 [  0 211  23 137   2  36]
 [  0  13  99  82   1 254]
 [  2  18  21 405   1  46]
 [  0  19   5 342  29  10]
 [  1  13   6 131   3 215]]";0.4205794205794206;0.34652641046068533;"[[  3  18   6  48   0   5]
 [  1  76   9  76   0  15]
 [  0   6  58  40   1  96]
 [  4   9   3 174   0  21]
 [  0  18   3 139  15   4]
 [  0   9   4  44   1  95]]";30;[6 6 4 5 3 6]
77;CiteSeer;own;-1;0.2;64;0.5;1;0.005;649695571;0.9444444444444444;0.9511946386946387;"[[7 0 0 0 1 0]
 [0 6 0 0 0 0]
 [0 0 4 0 0 0]
 [0 0 0 6 0 0]
 [0 0 0 0 6 0]
 [1 0 0 0 0 5]]";0.25676855895196504;0.16463452322013045;"[[  8   8   1   2 165   1]
 [  0  43   0   0 356   1]
 [  0   0  15   0 374  33]
 [  2   1   3  47 428   1]
 [  0   1   0   2 451   1]
 [  0   0   0   0 322  24]]";0.20679320679320679;0.11433852216134784;"[[  3   4   0   4  68   1]
 [  0  10   0   0 167   0]
 [  0   0   3   0 178  20]
 [  4   0   0  18 189   0]
 [  0   3   0   4 171   1]
 [  0   0   0   0 151   2]]";36;[8 6 4 6 6 6]
78;CiteSeer;own;-1;0.2;64;0.5;1;0.005;649695571;0.8809523809523809;0.8779577147998201;"[[8 0 0 0 1 0]
 [0 7 0 0 0 0]
 [1 0 5 0 0 0]
 [0 0 1 7 0 0]
 [0 0 0 0 6 0]
 [1 0 1 0 0 4]]";0.5148861646234676;0.4302721907603873;"[[ 41  38  62  17  26   1]
 [ 18 151 174  11  48   0]
 [  1   4 423   9  13   0]
 [ 11  10 236 208  19   0]
 [ 14   8  48  15 351   0]
 [ 88   1 205   4  27   2]]";0.46553446553446554;0.37583525666088285;"[[  9  11  27  14  18   1]
 [ 10  52  87   6  22   0]
 [  0   1 182   3  15   0]
 [  6   5 105  83  12   0]
 [  5   6  15  13 139   1]
 [ 51   4  87   1   9   1]]";42;[9 7 6 8 6 6]
79;CiteSeer;own;-1;0.2;64;0.5;1;0.005;649695571;0.8333333333333334;0.8362448009506834;"[[8 1 0 0 1 1]
 [0 7 0 0 0 0]
 [1 0 7 0 0 0]
 [0 0 1 7 0 0]
 [0 0 0 0 7 0]
 [2 0 1 0 0 4]]";0.4947322212467076;0.38845155244569246;"[[ 18  34  23  24  68   1]
 [  6 138  80  13 157   0]
 [  1   4 359  10  79   0]
 [  2   9 157 204 106   0]
 [  5   5   9  12 407   0]
 [ 68   7 137   8 126   1]]";0.42157842157842157;0.3311478735552391;"[[  7  14  12  15  31   1]
 [  3  46  38   8  82   0]
 [  0   2 135   5  59   0]
 [  4   4  77  82  44   0]
 [  3   4   5  15 151   1]
 [ 36   5  64   2  45   1]]";48;[11  7  8  8  7  7]
80;CiteSeer;own;-1;0.2;64;0.5;1;0.005;649695571;0.9444444444444444;0.9442810457516341;"[[11  0  0  0  1  0]
 [ 0 10  0  0  0  0]
 [ 0  0  8  0  0  0]
 [ 0  0  1  7  0  0]
 [ 0  0  0  0  7  0]
 [ 1  0  0  0  0  8]]";0.6192781690140845;0.5598757979255313;"[[ 19  52   5  21  32  38]
 [  5 260  16  13  41  65]
 [  1  36 288   9  57  57]
 [  2  35 104 201  83  53]
 [  2  13   1  16 367  36]
 [  1  11  20   6  34 272]]";0.5524475524475524;0.5019938401154168;"[[  8  19   2  14  23  14]
 [  2  95  12   8  26  34]
 [  0  19 108   6  42  26]
 [  4  15  49  84  37  22]
 [  2  14   2  14 137  10]
 [  1   0  12   1  18 121]]";54;[12 10  8  8  7  9]
81;CiteSeer;own;-1;0.2;64;0.5;1;0.005;649695571;0.9666666666666667;0.9694390576743518;"[[12  1  0  0  1  0]
 [ 0 10  0  0  0  0]
 [ 0  0  9  0  0  0]
 [ 0  0  0  9  0  0]
 [ 0  0  0  0  8  0]
 [ 0  0  0  0  0 10]]";0.5939982347749339;0.5320880952485043;"[[ 17  46   6  16  38  46]
 [  4 218  20  10  62  78]
 [  1  33 289   8  58  57]
 [  2  28 125 171  87  63]
 [  2  11   1  10 372  40]
 [  1   6  23   2  36 279]]";0.5254745254745254;0.4743212788046219;"[[  8  15   3  13  25  16]
 [  3  74  12   7  36  45]
 [  0  15 110   4  46  26]
 [  4   8  61  72  42  24]
 [  2  13   4  12 139   9]
 [  1   0  14   0  15 123]]";60;[14 10  9  9  8 10]
82;CiteSeer;own;-1;0.2;64;0.5;1;0.005;649695571;0.9393939393939394;0.9447730437204122;"[[12  1  0  0  1  0]
 [ 1 11  1  0  0  0]
 [ 0  0 10  0  0  0]
 [ 0  0  0 10  0  0]
 [ 0  0  0  0  9  0]
 [ 0  0  0  0  0 10]]";0.6146017699115044;0.539036379334171;"[[ 11  33  24  20  47  25]
 [ 10 172  80  11  58  52]
 [  1   8 401   6  43  17]
 [  1   9 199 182  59  13]
 [  5   9   6   9 388  17]
 [  1   5  56   2  45 235]]";0.5274725274725275;0.4684091151978104;"[[  6  10  12  14  25  13]
 [  4  60  36   7  41  29]
 [  0   8 139   2  31  21]
 [  4   3  99  69  28   8]
 [  2   9   5   9 150   4]
 [  1   0  31   0  17 104]]";66;[14 13 10 10  9 10]
83;CiteSeer;own;-1;0.2;64;0.5;1;0.005;649695571;0.9166666666666666;0.9180326863985034;"[[12  1  0  0  1  0]
 [ 1 13  0  0  0  1]
 [ 0  0 11  0  0  0]
 [ 0  0  0 10  1  0]
 [ 0  0  0  1  9  0]
 [ 0  0  0  0  0 11]]";0.6188997338065662;0.5447193903118702;"[[ 12  37  25  21  42  23]
 [  7 179  73  13  55  53]
 [  0  10 401   8  42  18]
 [  1   8 197 182  61  10]
 [  4   9   7  10 390  14]
 [  1   5  56   1  48 231]]";0.5314685314685315;0.47301443644717905;"[[  6  11  12  16  23  12]
 [  4  64  35   6  36  32]
 [  0   7 140   3  30  21]
 [  4   3  97  71  28   8]
 [  3   8   5   9 150   4]
 [  1   0  33   0  18 101]]";72;[14 15 11 11 10 11]
84;CiteSeer;own;-1;0.2;64;0.5;1;0.005;649695571;0.8846153846153846;0.8846745566610634;"[[12  1  0  0  1  1]
 [ 2 15  0  0  0  0]
 [ 0  0 11  0  0  0]
 [ 0  0  0 11  2  0]
 [ 0  0  0  1  9  0]
 [ 0  0  1  0  0 11]]";0.6343416370106761;0.5639313956694233;"[[ 12  43  15  23  44  19]
 [  7 217  39  21  49  49]
 [  0  20 344  15  56  28]
 [  2  14 154 218  67  12]
 [  3  13   2  10 390  12]
 [  1   8  40   4  52 245]]";0.5714285714285714;0.5124915189374589;"[[  6  14   3  18  28  11]
 [  2  82  23  10  35  25]
 [  0  12 132   3  31  23]
 [  4   6  72  88  33   8]
 [  3   9   1   9 153   4]
 [  1   0  21   1  19 111]]";78;[15 17 11 13 10 12]
85;CiteSeer;own;-1;0.2;64;0.5;1;0.005;649695571;0.9404761904761905;0.9413897673012234;"[[13  1  0  0  1  0]
 [ 1 16  0  0  0  0]
 [ 0  0 12  0  0  0]
 [ 0  0  0 14  0  0]
 [ 0  0  0  1 13  0]
 [ 0  0  1  0  0 11]]";0.6119536128456735;0.5394021607179132;"[[ 11  39  13  12  60  18]
 [  1 189  41  12  90  46]
 [  0   9 355   8  71  16]
 [  4  10 167 168  93  15]
 [  0  11   3  14 406  11]
 [  1   6  36   1  62 243]]";0.5524475524475524;0.48764110762185725;"[[  4  12   5   9  39  11]
 [  1  73  23   3  53  24]
 [  0   5 135   5  37  19]
 [  4   4  79  70  45   9]
 [  1   6   2   6 160   4]
 [  1   0  19   1  21 111]]";84;[15 17 12 14 14 12]
86;CiteSeer;own;-1;0.2;64;0.5;1;0.005;649695571;0.9333333333333333;0.9318964980628267;"[[14  0  0  0  1  0]
 [ 1 17  0  0  0  0]
 [ 0  0 12  1  1  0]
 [ 0  0  0 16  0  0]
 [ 0  0  0  1 13  0]
 [ 0  0  1  0  0 12]]";0.6395348837209303;0.5640344910420813;"[[  9  38  15  14  54  20]
 [  1 195  32  19  77  53]
 [  0  12 334  18  69  27]
 [  2   7 112 231  88  16]
 [  0   9   3  14 405  14]
 [  0   2  33   6  51 256]]";0.5744255744255744;0.5086610075781685;"[[  4   8   3  11  40  14]
 [  2  70  21   4  45  35]
 [  0   5 127  10  35  24]
 [  1   2  55 103  42   8]
 [  1  10   4   3 157   4]
 [  1   0  17   2  19 114]]";90;[15 18 14 16 14 13]
87;CiteSeer;own;-1;0.2;64;0.5;1;0.005;649695571;0.9375;0.9381091774732124;"[[15  0  0  0  1  0]
 [ 1 18  0  0  0  0]
 [ 0  0 14  1  0  0]
 [ 0  1  0 17  0  0]
 [ 0  0  0  1 13  0]
 [ 0  0  1  0  0 13]]";0.6340807174887892;0.556211827666811;"[[  8  36  20  10  57  19]
 [  1 197  43  15  69  51]
 [  0   9 347  20  62  23]
 [  2   4 152 200  81  15]
 [  0   9   4   9 409  13]
 [  0   3  34   7  48 253]]";0.5654345654345654;0.5012650638252338;"[[  4   8   6  10  38  14]
 [  2  73  24   3  45  30]
 [  0   5 131  14  32  19]
 [  0   2  72  91  39   7]
 [  1  10   4   3 156   5]
 [  0   0  22   2  18 111]]";96;[16 19 15 18 14 14]
88;CiteSeer;own;-1;0.2;64;0.5;1;0.005;649695571;0.9509803921568627;0.9501140810691627;"[[18  0  0  0  1  0]
 [ 1 19  0  0  0  0]
 [ 0  0 15  1  0  0]
 [ 0  0  0 18  0  0]
 [ 0  0  0  1 13  0]
 [ 0  0  1  0  0 14]]";0.6438848920863309;0.5816742123130548;"[[ 19  38  20  11  48  20]
 [  9 194  46  13  60  49]
 [  0   7 350  22  56  27]
 [  3   3 142 219  70  16]
 [  6   8   6  11 391  17]
 [  2   3  33   9  37 259]]";0.5954045954045954;0.5496633998251144;"[[ 12   9   6   9  31  13]
 [  8  79  26   3  34  27]
 [  0   5 130  15  32  19]
 [  1   1  70 104  27   8]
 [  2  10   3   4 154   6]
 [  2   0  22   2  10 117]]";102;[19 20 16 18 14 15]
89;CiteSeer;own;-1;0.2;64;0.5;1;0.005;649695571;0.9351851851851852;0.9334729918039546;"[[19  0  0  0  1  0]
 [ 1 20  0  0  0  0]
 [ 0  0 16  1  0  0]
 [ 0  0  0 18  1  0]
 [ 0  0  0  1 13  0]
 [ 0  0  1  1  0 15]]";0.6379621280432822;0.5846122937721262;"[[ 26  40  14   6  45  25]
 [ 15 211  30  11  54  49]
 [  0  16 325  19  50  52]
 [  6  10 140 206  73  18]
 [ 13  10   4  11 374  21]
 [  2   3  27   7  32 273]]";0.5814185814185814;0.5425026455871551;"[[ 16   9   5   7  31  12]
 [ 19  83  17   1  23  34]
 [  0   5 124  13  32  27]
 [  2   5  67  90  35  12]
 [  4  11   3   5 150   6]
 [  2   0  20   2  10 119]]";108;[20 21 17 19 14 17]
90;CiteSeer;own;-1;0.2;64;0.5;1;0.005;649695571;0.956140350877193;0.9548314779504931;"[[20  0  0  0  1  0]
 [ 1 21  0  0  0  0]
 [ 0  0 18  0  0  0]
 [ 0  0  0 20  0  0]
 [ 0  0  0  1 14  0]
 [ 0  0  1  1  0 16]]";0.6419529837251357;0.595932570737712;"[[ 34  31  20  10  39  19]
 [ 11 191  52  14  54  49]
 [  0  10 357  17  46  32]
 [  4   8 162 202  59  16]
 [ 13  11   6  11 372  19]
 [  2   3  37  11  26 264]]";0.5784215784215784;0.5373163091247833;"[[ 14   8   7   8  31  12]
 [ 14  76  29   2  27  29]
 [  0   5 132  12  29  23]
 [  2   3  79  92  28   7]
 [  3  12   3   7 148   6]
 [  1   0  24   2   9 117]]";114;[21 22 18 20 15 18]
91;CiteSeer;own;-1;0.2;64;0.5;1;0.005;649695571;0.9333333333333333;0.9317837739349367;"[[20  0  0  0  1  0]
 [ 2 21  0  0  0  0]
 [ 0  0 19  0  0  0]
 [ 0  0  0 21  1  0]
 [ 0  1  0  1 14  0]
 [ 0  0  1  1  0 17]]";0.656844968268359;0.6138840264039119;"[[ 37  29  20  14  35  17]
 [ 13 192  47  18  55  47]
 [  0  12 347  27  44  31]
 [  3   7 132 248  47  13]
 [ 17  10   4  17 359  20]
 [  2   3  36  12  25 266]]";0.5934065934065934;0.5463113626945721;"[[ 12   9   8   9  30  12]
 [ 14  74  28   6  24  31]
 [  0   5 130  16  29  21]
 [  2   2  58 117  25   7]
 [  4  13   3  10 142   7]
 [  1   0  22   2   9 119]]";120;[21 23 19 22 16 19]
92;CiteSeer;own;-1;0.2;64;0.5;1;0.005;649695571;0.9603174603174603;0.9586631952703382;"[[21  0  0  0  1  0]
 [ 1 24  0  0  0  0]
 [ 0  0 19  0  0  0]
 [ 0  0  0 25  0  0]
 [ 0  0  0  1 15  0]
 [ 0  0  1  1  0 17]]";0.6754545454545454;0.6340216007202937;"[[ 32  72   5  15  19   7]
 [  5 347  18  14  14  23]
 [  0 101 266  24  24   7]
 [  3  67  78 261  34   6]
 [  8  44   2  10 344  13]
 [  4  37  27   6  27 236]]";0.6113886113886113;0.5595585499337699;"[[  7  32   4  11  19   7]
 [  9 134   6   6   7  15]
 [  0  64 100  16  19   2]
 [  2  33  33 118  21   4]
 [  3  21   3   9 138   5]
 [  1   8  17   3   9 115]]";126;[22 25 19 25 16 19]
93;CiteSeer;own;-1;0.2;64;0.5;1;0.005;649695571;0.9621212121212122;0.9608404634615697;"[[23  0  0  0  1  0]
 [ 1 24  0  0  0  0]
 [ 0  0 20  0  0  0]
 [ 0  0  0 26  0  0]
 [ 0  0  0  1 16  0]
 [ 0  0  1  1  0 18]]";0.6773017319963537;0.6348819665283701;"[[ 34  57  11  16  22   9]
 [ 11 305  30  19  19  32]
 [  0  84 288  22  19  10]
 [  6  30 105 271  30   8]
 [ 13  30   4  10 340  20]
 [  4  18  32  10  27 248]]";0.6163836163836164;0.5732128030584879;"[[ 12  20   4  13  22   9]
 [ 13 118  14   5   8  19]
 [  0  58 105  14  18   6]
 [  2  13  50 125  16   5]
 [  3  15   3  12 139   7]
 [  1   4  19   3   8 118]]";132;[24 25 20 26 17 20]
94;CiteSeer;own;-1;0.2;64;0.5;1;0.005;649695571;0.9492753623188406;0.9493896941753759;"[[23  0  0  1  1  0]
 [ 2 26  0  0  0  0]
 [ 0  0 21  0  0  0]
 [ 0  0  0 26  0  0]
 [ 0  0  0  1 16  0]
 [ 0  0  1  1  0 19]]";0.6787020109689214;0.6325353214763815;"[[ 30  44  18  18  26  11]
 [  9 296  35  19  19  39]
 [  0  70 310  18  18  10]
 [  3  17 130 248  30  14]
 [ 10  29   8  10 334  26]
 [  1  10  30   8  23 267]]";0.6063936063936064;0.5596829704492565;"[[ 10  18   6  14  21  11]
 [ 12 111  20   5   8  21]
 [  0  52 114  11  17   7]
 [  1  10  63 113  16   8]
 [  3  14   3   9 136  14]
 [  1   1  17   2   9 123]]";138;[25 28 21 26 17 21]
95;CiteSeer;own;-1;0.2;64;0.5;1;0.005;649695571;0.9513888888888888;0.9519985658296553;"[[25  0  0  1  1  0]
 [ 2 26  0  0  0  0]
 [ 0  0 21  0  0  0]
 [ 0  0  1 27  0  0]
 [ 0  0  0  1 17  0]
 [ 0  0  1  0  0 21]]";0.693858845096242;0.6546086652730989;"[[ 40  60   8  15  20  10]
 [  5 325  22  16  17  32]
 [  0  81 276  25  19  20]
 [  8  38  73 272  35  16]
 [ 11  29   2   7 336  26]
 [  4  14  24   7  24 265]]";0.6313686313686314;0.5864148060921286;"[[ 13  27   2  10  18  10]
 [ 11 126  13   5   4  18]
 [  0  57 100  15  20   9]
 [  1  11  31 136  22  10]
 [  2  19   3   8 136  11]
 [  1   3  17   2   9 121]]";144;[27 28 21 28 18 22]
96;CiteSeer;own;-1;0.2;64;0.5;1;0.005;649695571;0.96;0.9601207977589703;"[[26  0  0  1  1  0]
 [ 1 27  0  0  0  0]
 [ 0  0 22  0  0  0]
 [ 0  0  1 28  0  0]
 [ 0  0  0  1 19  0]
 [ 0  0  1  0  0 22]]";0.6920955882352942;0.6492722164487431;"[[ 36  55  15  14  21  11]
 [  4 320  26  13  19  33]
 [  0  78 288  19  24  15]
 [  6  30  92 254  41  16]
 [ 10  23   3   6 346  22]
 [  4  15  26   5  24 262]]";0.6253746253746254;0.5779375691449055;"[[ 11  26   5   8  20  10]
 [  9 124  15   3   8  18]
 [  0  51 112  10  19   9]
 [  1  11  47 117  24  11]
 [  2  17   3   8 140   9]
 [  1   1  17   2  10 122]]";150;[28 28 22 29 20 23]
97;CiteSeer;own;-1;0.2;64;0.5;1;0.005;649695571;0.9294871794871795;0.9293027883089996;"[[25  2  0  1  1  0]
 [ 1 28  0  0  0  0]
 [ 0  1 23  0  0  0]
 [ 0  0  1 28  1  0]
 [ 0  0  0  1 19  1]
 [ 0  0  1  0  0 22]]";0.7004608294930875;0.6568984779092337;"[[ 35  57  13  19  20  13]
 [  4 315  27  16  15  27]
 [  0  87 297  16  20  11]
 [  3  33  85 273  29  12]
 [  8  24   5  10 345  18]
 [  4  14  29   5  26 255]]";0.6473526473526473;0.5936597872694019;"[[  9  29   6  10  18   8]
 [  8 129  15   3   6  16]
 [  0  53 113  12  17   6]
 [  1   9  40 134  19   8]
 [  2  17   3  10 141   6]
 [  1   2  17   2   9 122]]";156;[29 29 24 30 21 23]
98;CiteSeer;own;-1;0.2;64;0.5;1;0.005;649695571;0.9382716049382716;0.9363052836076959;"[[28  0  0  1  1  0]
 [ 2 27  0  0  0  0]
 [ 0  2 24  0  0  0]
 [ 0  0  0 31  0  0]
 [ 0  0  0  1 19  1]
 [ 0  0  1  0  1 23]]";0.6899260628465804;0.6474443453467618;"[[ 36  39  19  17  26  18]
 [  6 276  36  12  19  35]
 [  0  82 317  14  23  13]
 [  5  23  92 263  33  19]
 [  9  20   5  11 336  26]
 [  3   8  28   8  22 265]]";0.6323676323676324;0.5854766735784825;"[[ 12  22   5  10  19  12]
 [ 10 116  18   3   8  22]
 [  0  47 117   9  18  10]
 [  1   6  45 127  21  11]
 [  2  14   3   8 139  13]
 [  1   1  19   0  10 122]]";162;[30 29 26 31 21 25]
99;CiteSeer;own;-1;0.2;64;0.5;1;0.005;649695571;0.9642857142857143;0.962316187892213;"[[30  0  0  0  1  0]
 [ 2 28  0  0  0  0]
 [ 0  0 26  0  0  0]
 [ 0  0  0 33  0  0]
 [ 0  0  0  1 19  1]
 [ 0  0  1  0  0 26]]";0.6969416126042632;0.6584129598134977;"[[ 44  35  21  14  25  15]
 [  5 237  75  14  16  36]
 [  0  34 367  10  21  16]
 [ 16  19 101 249  29  19]
 [  8  19   7   9 338  26]
 [  3   7  29   8  17 269]]";0.6403596403596403;0.5930066186936376;"[[ 14  15  10  10  18  13]
 [ 11  90  41   4   8  23]
 [  0  19 152   5  17   8]
 [  8   7  42 124  19  11]
 [  2  13   4   8 138  14]
 [  1   1  19   0   9 123]]";168;[31 30 26 33 21 27]
100;CiteSeer;own;-1;0.2;64;0.5;1;0.005;649695571;0.9540229885057471;0.9530361885753242;"[[30  0  0  1  1  0]
 [ 1 30  0  0  0  0]
 [ 1  0 27  0  0  0]
 [ 0  0  1 32  0  0]
 [ 0  0  0  1 20  1]
 [ 0  0  1  0  0 27]]";0.6984200743494424;0.6515286794081742;"[[ 37  40  15  14  28  14]
 [ 10 241  68  14  12  32]
 [  0  38 355  13  23  19]
 [ 16  21  87 252  39  17]
 [ 15  14   4   8 352  18]
 [  9   7  25   8  21 266]]";0.6543456543456544;0.6095213269294669;"[[ 16  18   5   8  21  12]
 [ 14  97  35   4   7  20]
 [  0  17 147   9  19   9]
 [  8   9  36 127  22   9]
 [  2  14   2   7 145   9]
 [  1   1  18   0  10 123]]";174;[32 31 28 33 22 28]
101;CiteSeer;own;-1;0.2;64;0.5;1;0.005;649695571;0.9555555555555556;0.9544386551809847;"[[30  0  0  1  1  0]
 [ 1 32  0  0  0  0]
 [ 1  0 27  0  0  0]
 [ 1  0  0 35  0  0]
 [ 0  0  0  1 20  1]
 [ 0  0  1  0  0 28]]";0.7208760484622554;0.6732910806218427;"[[ 38  41  13  16  26  14]
 [  9 249  58  14  12  33]
 [  0  34 356  18  22  19]
 [ 13  17  76 288  25  13]
 [ 13  16   2   8 353  18]
 [  9   6  25  10  19 263]]";0.6703296703296703;0.6216382957442623;"[[ 15  18   5  11  18  13]
 [ 13 102  29   6   7  20]
 [  0  15 144  13  18  11]
 [  8   8  27 144  17   7]
 [  2  14   3   7 144   9]
 [  1   1  19   0  10 122]]";180;[32 33 28 36 22 29]
102;CiteSeer;own;-1;0.2;64;0.5;1;0.005;649695571;0.9408602150537635;0.9380788758683348;"[[30  0  0  1  1  0]
 [ 1 33  0  0  0  1]
 [ 1  0 28  0  0  0]
 [ 1  0  0 35  0  0]
 [ 1  0  0  1 20  1]
 [ 0  0  1  0  1 29]]";0.7191588785046729;0.6693252609035961;"[[ 34  50  14  14  22  14]
 [  6 251  56  13  12  32]
 [  0  39 360  12  19  22]
 [ 12  19  79 280  22  19]
 [ 11  17   7   8 339  29]
 [  5   6  23   9  10 275]]";0.6663336663336663;0.6137906864312409;"[[ 12  21   4  12  17  14]
 [  9 108  30   5   6  19]
 [  0  19 147   6  17  12]
 [  6   9  39 137  11   9]
 [  2  14   4   7 139  13]
 [  1   0  20   0   8 124]]";186;[32 35 29 36 23 31]
103;CiteSeer;own;-1;0.2;64;0.5;1;0.005;649695571;0.9479166666666666;0.9444585521078048;"[[30  0  0  1  1  0]
 [ 2 34  0  0  0  0]
 [ 0  0 30  0  1  0]
 [ 0  0  0 37  0  0]
 [ 1  0  0  1 22  1]
 [ 0  0  1  0  1 29]]";0.7352389878163074;0.6792571763785392;"[[ 30  40  17  17  27  11]
 [  6 239  56  15  20  28]
 [  0  24 374  18  26  15]
 [ 13  10  76 294  29  10]
 [  5  16   2   8 370  13]
 [  4   3  26   5  25 262]]";0.6693306693306693;0.6116102655490341;"[[ 10  17   6  12  24  11]
 [  9 101  34   6  12  15]
 [  0  12 147  14  18  10]
 [  7   5  35 144  15   5]
 [  1  12   2   9 147   8]
 [  1   0  19   0  12 121]]";192;[32 36 31 37 25 31]
104;CiteSeer;own;-1;0.2;64;0.5;1;0.005;649695571;0.9595959595959596;0.9576810303200372;"[[31  0  0  0  1  0]
 [ 2 36  0  0  0  0]
 [ 0  0 31  0  1  0]
 [ 0  0  0 37  0  0]
 [ 0  0  0  2 25  1]
 [ 0  0  1  0  0 30]]";0.737312030075188;0.6830027936355609;"[[ 30  50  15  12  23  11]
 [  6 266  51  10  11  21]
 [  0  28 378  18  15  15]
 [ 12  24  95 265  20  15]
 [  4  18   6   8 364  14]
 [  1  10  26   3  17 266]]";0.6743256743256744;0.619023622723326;"[[ 10  26   7  11  18   8]
 [  7 119  30   4   7  10]
 [  0  16 150  13  13   9]
 [  6  14  44 129  13   5]
 [  1  13   3   9 145   8]
 [  1   3  19   0   8 122]]";198;[32 38 32 37 28 31]
105;CiteSeer;own;-1;0.2;64;0.5;1;0.005;649695571;0.9607843137254902;0.959250398724083;"[[31  0  0  0  1  0]
 [ 2 37  0  0  0  0]
 [ 0  0 32  0  1  0]
 [ 0  0  0 38  0  0]
 [ 0  0  0  1 28  1]
 [ 1  0  1  0  0 30]]";0.7403393025447691;0.6836118870934697;"[[ 30  42  14  15  31   7]
 [  7 253  45  14  24  19]
 [  0  29 369  21  23  12]
 [ 12  13  76 287  30   9]
 [  3  10   2   5 398  10]
 [  3   5  23   8  39 234]]";0.6743256743256744;0.6229001356748435;"[[ 12  20   5  12  23   8]
 [  8 114  30   4  15   6]
 [  0  16 144  16  18   7]
 [  7   9  33 140  19   3]
 [  1  12   2   9 151   4]
 [  1   3  16   0  19 114]]";204;[32 39 33 38 30 32]
106;CiteSeer;own;-1;0.2;64;0.5;1;0.005;649695571;0.9619047619047619;0.960868183732665;"[[32  0  0  0  1  0]
 [ 1 39  0  0  0  0]
 [ 0  0 34  0  1  0]
 [ 0  0  1 37  0  0]
 [ 0  0  0  2 29  1]
 [ 0  0  1  0  0 31]]";0.7367674858223062;0.6796577357179528;"[[ 29  46  17  11  28   7]
 [  5 254  55  10  13  24]
 [  0  27 382  19  14  12]
 [ 12  18  96 262  22  15]
 [  3  13   4   6 391   9]
 [  3   4  27   6  31 241]]";0.6643356643356644;0.607602187874258;"[[  9  26   7  10  20   8]
 [  8 113  34   4   8  10]
 [  0  15 153  12  13   8]
 [  6  11  48 125  16   5]
 [  1  13   3   9 146   7]
 [  0   3  20   0  11 119]]";210;[33 40 35 38 32 32]
107;CiteSeer;own;-1;0.2;64;0.5;1;0.005;649695571;0.9583333333333334;0.9574228259188677;"[[32  0  0  0  1  0]
 [ 2 40  0  0  0  0]
 [ 0  0 35  0  1  0]
 [ 0  0  1 38  0  0]
 [ 0  0  0  2 30  1]
 [ 0  0  1  0  0 32]]";0.7445497630331753;0.6842246945423395;"[[ 28  39  14  14  29  13]
 [  5 251  51  12  13  26]
 [  2  24 379  22  14  16]
 [ 14  11  74 276  30  17]
 [  3  12   3   6 391  10]
 [  3   3  23   6  30 246]]";0.6683316683316683;0.6142813023096979;"[[ 11  23   7   9  21   9]
 [  8 109  31   4  10  15]
 [  0  14 145  17  15  10]
 [  7   6  39 134  19   6]
 [  1  12   2   9 148   7]
 [  0   1  17   0  13 122]]";216;[33 42 36 39 33 33]
108;CiteSeer;own;-1;0.2;64;0.5;1;0.005;649695571;0.9504504504504504;0.9500180622949134;"[[33  1  0  0  1  0]
 [ 2 40  1  0  0  0]
 [ 0  0 35  0  1  0]
 [ 0  0  1 39  0  0]
 [ 0  0  0  2 31  1]
 [ 0  0  1  0  0 33]]";0.7262357414448669;0.6667742399033191;"[[ 26  47  11  14  31  11]
 [  5 260  52  14  18  26]
 [  2  35 353  19  17  15]
 [ 12  16  80 268  33  16]
 [  3  10   4   6 382   9]
 [  3   5  23   6  33 239]]";0.6533466533466533;0.6002975463954083;"[[ 10  26   6   9  21   8]
 [  8 116  27   4  11  11]
 [  0  24 135  13  18  11]
 [  9   8  43 126  21   4]
 [  1  12   2   9 148   7]
 [  0   4  17   0  13 119]]";222;[35 43 36 40 34 34]
109;CiteSeer;own;-1;0.2;64;0.5;1;0.005;649695571;0.9517543859649122;0.9512426005239117;"[[33  0  0  1  1  0]
 [ 4 39  1  0  0  0]
 [ 0  0 36  0  1  0]
 [ 0  0  0 42  0  0]
 [ 0  0  0  1 33  1]
 [ 0  0  1  0  0 34]]";0.7397521448999047;0.6783587218448536;"[[ 24  50  10  13  25  12]
 [  6 274  49   9  11  26]
 [  0  48 352  18  13  13]
 [  5  24  76 280  23  17]
 [  4  11   4   6 379   9]
 [  2  10  21   5  26 243]]";0.6773226773226774;0.6292402067060999;"[[ 13  23   6   9  20   9]
 [  7 122  26   4   7  11]
 [  0  39 127  14  13   8]
 [  0   9  38 144  15   5]
 [  2  12   3   6 150   6]
 [  0   4  17   0  10 122]]";228;[35 44 37 42 35 35]
110;CiteSeer;own;-1;0.2;64;0.5;1;0.005;649695571;0.9615384615384616;0.9607343550446998;"[[34  0  0  1  1  0]
 [ 2 42  1  0  0  0]
 [ 0  0 36  0  1  0]
 [ 0  0  0 44  0  0]
 [ 0  0  0  1 34  1]
 [ 0  0  1  0  0 35]]";0.752868068833652;0.6878341486503103;"[[ 22  50  11  14  23  13]
 [  4 276  49  10   9  25]
 [  0  50 339  18  13  14]
 [  5  26  49 311  26  15]
 [  4  16   4   2 377   8]
 [  1  10  22   5  21 250]]";0.6863136863136863;0.6283965045916409;"[[ 10  24   5  10  21  10]
 [  7 122  24   6   7  11]
 [  0  36 129  14  12  10]
 [  0   9  25 156  16   5]
 [  2  14   4   5 147   7]
 [  0   4  17   0   9 123]]";234;[36 45 37 44 36 36]
111;CiteSeer;own;-1;0.2;64;0.5;1;0.005;649695571;0.95;0.949508810583649;"[[34  0  0  1  1  0]
 [ 3 42  1  0  0  0]
 [ 0  1 36  0  1  0]
 [ 0  0  1 45  0  0]
 [ 0  0  0  1 35  1]
 [ 0  0  1  0  0 36]]";0.74784276126558;0.6809893740983499;"[[ 21  44  14  13  27  14]
 [  4 264  62   8  12  23]
 [  0  36 354  14  12  12]
 [  7  22  60 300  31  13]
 [  4  14   4   1 379   9]
 [  1  10  22   4  29 242]]";0.6833166833166833;0.6241766982604169;"[[  9  24   8   9  21   9]
 [  6 116  30   4   9  12]
 [  0  26 143  13  12   7]
 [  0   9  34 147  18   3]
 [  1  15   4   5 147   7]
 [  0   4  17   0  10 122]]";240;[36 46 38 46 37 37]
112;CiteSeer;own;-1;0.2;64;0.5;1;0.005;649695571;0.9512195121951219;0.9501676019993939;"[[34  0  0  1  1  0]
 [ 2 45  1  0  0  0]
 [ 0  1 37  0  1  0]
 [ 0  0  1 47  0  0]
 [ 0  0  0  1 35  1]
 [ 0  0  1  0  1 36]]";0.7620192307692307;0.6982969412076151;"[[ 24  48  10  19  22   9]
 [  3 279  49  10  10  20]
 [  0  46 336  19  12  14]
 [  7  22  36 335  21  11]
 [  4  16   2   8 371   8]
 [  0  13  21   8  27 240]]";0.6833166833166833;0.6236028426883498;"[[  9  29   5  11  19   7]
 [  6 125  23   7   8   8]
 [  0  39 121  19  12  10]
 [  0  11  19 162  15   4]
 [  1  15   3   8 146   6]
 [  0   4  17   0  11 121]]";246;[36 48 39 48 37 38]
113;CiteSeer;own;-1;0.2;64;0.5;1;0.005;649695571;0.9603174603174603;0.9595018126468705;"[[36  0  0  1  1  0]
 [ 2 46  1  0  0  0]
 [ 0  0 39  0  1  0]
 [ 0  0  1 48  0  0]
 [ 0  0  0  1 35  1]
 [ 0  0  1  0  0 38]]";0.7550626808100289;0.6980633287657455;"[[ 29  42  14  14  18  16]
 [  8 266  60   9   6  22]
 [  0  34 349  18  11  17]
 [  6  20  51 309  23  21]
 [  7  15   3   2 363  12]
 [  0  10  23   5  21 250]]";0.6783216783216783;0.630040127383919;"[[ 14  24   6  10  17   9]
 [ 10 119  28   3   5  12]
 [  0  29 130  17  12  13]
 [  1   9  29 147  15  10]
 [  3  13   3   6 147   7]
 [  0   4  17   0  10 122]]";252;[38 49 40 49 37 39]
114;CiteSeer;own;-1;0.2;64;0.5;1;0.005;649695571;0.9534883720930233;0.95276282241015;"[[36  1  0  1  1  0]
 [ 3 46  1  0  0  0]
 [ 0  0 40  0  1  0]
 [ 0  0  1 49  0  0]
 [ 0  0  0  1 36  1]
 [ 0  0  1  0  0 39]]";0.7470986460348162;0.6872307757122248;"[[ 26  43  14  15  22  12]
 [ 10 267  61   7   6  20]
 [  0  36 352  16  11  13]
 [  6  20  61 301  24  16]
 [ 10  17   3   2 359  10]
 [  1  11  23   7  26 240]]";0.6743256743256744;0.6287337447659617;"[[ 14  25   8   8  17   8]
 [  8 123  28   4   6   8]
 [  0  35 131  14  12   9]
 [  1   9  36 142  17   6]
 [  5  14   3   7 144   6]
 [  1   4  17   0  10 121]]";258;[39 50 41 50 38 40]
115;CiteSeer;own;-1;0.2;64;0.5;1;0.005;649695571;0.9583333333333334;0.9577049330171575;"[[39  0  0  1  1  0]
 [ 3 46  1  0  0  0]
 [ 0  0 40  0  1  0]
 [ 0  0  1 51  0  0]
 [ 0  0  0  1 37  1]
 [ 0  0  1  0  0 40]]";0.7463627546071775;0.7022000869563053;"[[ 40  35  13  17  25   9]
 [ 13 265  58   8   6  19]
 [  0  45 339  18  11  14]
 [  7  19  55 308  28  10]
 [  8  18   2   4 355   9]
 [  0  11  26   7  28 232]]";0.6563436563436563;0.6172752049662158;"[[ 17  21   6  10  18   8]
 [ 13 117  23   7   8   9]
 [  0  42 120  17  13   9]
 [  1   9  34 142  19   6]
 [  8  13   3   7 142   6]
 [  1   4  18   0  11 119]]";264;[41 50 41 52 39 41]
116;CiteSeer;own;-1;0.2;64;0.5;1;0.005;649695571;0.9481481481481482;0.9481782670203018;"[[39  0  0  1  1  0]
 [ 2 48  1  0  0  0]
 [ 0  0 41  1  1  0]
 [ 1  0  2 49  1  0]
 [ 0  0  0  1 38  1]
 [ 0  0  1  0  0 41]]";0.7485408560311284;0.7020774037433747;"[[ 38  36  13  14  25  12]
 [ 11 256  63   9   7  19]
 [  0  37 352  16  11  14]
 [  7  18  62 302  25  11]
 [  8  15   4   1 357  10]
 [  0  10  26   6  27 234]]";0.6663336663336663;0.6209212892579062;"[[ 15  22   6   9  17  11]
 [ 13 113  27   5   7  12]
 [  0  27 137  17   9  11]
 [  1   8  37 141  16   8]
 [  8  12   3   7 141   8]
 [  2   4  18   0   9 120]]";270;[41 51 43 53 40 42]
117;CiteSeer;own;-1;0.2;64;0.5;1;0.005;649695571;0.9565217391304348;0.9560138013555427;"[[39  1  0  2  1  0]
 [ 1 50  1  0  0  0]
 [ 0  0 42  1  1  0]
 [ 1  0  0 52  0  0]
 [ 0  0  0  1 39  1]
 [ 0  0  1  0  0 42]]";0.7521951219512195;0.7048313419413494;"[[ 38  42  12  12  24  10]
 [ 11 257  57  10   9  19]
 [  0  39 347  19  12  15]
 [  7  18  47 311  25  13]
 [  7  15   3   2 357  10]
 [  0  10  23   6  31 232]]";0.6763236763236763;0.6367004663401595;"[[ 19  20   6   9  17   9]
 [ 14 112  26   5   8  12]
 [  0  31 130  17  12  11]
 [  1   8  29 149  19   5]
 [  8  12   3   4 147   5]
 [  1   4  18   0  10 120]]";276;[43 52 44 53 41 43]
118;CiteSeer;own;-1;0.2;64;0.5;1;0.005;649695571;0.9539007092198581;0.9538372476184213;"[[39  2  0  2  0  0]
 [ 1 51  1  0  0  0]
 [ 0  0 43  1  1  0]
 [ 2  0  0 53  0  0]
 [ 0  0  0  1 40  1]
 [ 0  0  1  0  0 43]]";0.7544031311154599;0.7101072891933291;"[[ 40  43  14  13  15  11]
 [  9 258  60   9   8  19]
 [  0  36 354  18  10  14]
 [  7  18  59 303  22  10]
 [  8  14   3   2 356   9]
 [  0  12  27   6  26 231]]";0.6763236763236763;0.633824333375963;"[[ 17  23   6   8  17   9]
 [ 12 114  28   5   7  11]
 [  0  28 137  15  11  10]
 [  1   8  33 146  17   6]
 [  8  12   3   6 143   7]
 [  1   4  18   0  10 120]]";282;[43 53 45 55 42 44]
119;CiteSeer;own;-1;0.2;64;0.5;1;0.005;649695571;0.9513888888888888;0.9514897811481172;"[[40  1  0  2  0  0]
 [ 2 53  0  0  0  0]
 [ 0  0 43  2  1  0]
 [ 2  0  1 52  1  0]
 [ 0  0  0  0 42  1]
 [ 0  0  1  0  0 44]]";0.7580961727183513;0.7103925284563104;"[[ 37  41  13   9  27   9]
 [  8 263  54   9  10  19]
 [  0  45 342  20  13  12]
 [  7  19  41 317  24   9]
 [  8  16   2   2 356   6]
 [  0  11  23   7  29 230]]";0.6723276723276723;0.6315637967097024;"[[ 18  23   6   8  17   8]
 [ 14 115  23   7   7  11]
 [  0  37 126  16  11  11]
 [  1  10  25 152  19   4]
 [  8  12   3   6 145   5]
 [  1   4  18   0  13 117]]";288;[43 55 46 56 43 45]
120;CiteSeer;own;-1;0.2;64;0.5;1;0.005;649695571;0.95578231292517;0.9559550659787649;"[[42  0  0  2  0  0]
 [ 3 53  0  0  0  0]
 [ 0  0 44  2  1  0]
 [ 1  0  1 54  1  0]
 [ 0  0  0  0 43  1]
 [ 0  0  1  0  0 45]]";0.7534448818897638;0.7065551108262381;"[[ 36  41  14  10  22  11]
 [  7 266  56   8   6  20]
 [  0  45 343  18  11  14]
 [  7  21  56 299  20  12]
 [  7  19   2   2 355   6]
 [  0  11  25   7  23 232]]";0.6703296703296703;0.6264558242138507;"[[ 16  28   5   6  16   9]
 [ 13 117  23   7   5  12]
 [  0  33 130  15  11  12]
 [  1  11  28 150  17   4]
 [  7  14   3   7 140   8]
 [  2   4  18   0  11 118]]";294;[44 56 47 57 44 46]
121;CiteSeer;own;-1;0.2;64;0.5;1;0.005;649695571;0.9433333333333334;0.9437175006639312;"[[42  0  0  2  0  0]
 [ 3 53  1  0  0  0]
 [ 0  0 45  2  1  0]
 [ 2  0  2 54  0  0]
 [ 0  0  0  1 43  1]
 [ 1  0  1  0  0 46]]";0.7556762092793682;0.7098743887340232;"[[ 38  36  14  16  17  13]
 [  8 254  58   7   7  19]
 [  0  43 353  18  14  10]
 [  5  20  54 305  20   8]
 [  8  18   2   2 353   6]
 [  1  10  24   8  29 228]]";0.6813186813186813;0.6420813105735891;"[[ 20  26   5   5  16   8]
 [ 15 114  23   7   7  11]
 [  0  25 140  13  11  12]
 [  1  12  27 152  15   4]
 [  8  14   4   6 142   5]
 [  2   3  20   1  13 114]]";300;[44 57 48 58 45 48]
122;CiteSeer;own;-1;0.2;64;0.5;1;0.005;649695571;0.9411764705882353;0.9413154623541332;"[[43  0  0  2  0  0]
 [ 3 54  1  0  0  0]
 [ 0  0 45  2  1  0]
 [ 2  0  1 56  1  0]
 [ 0  1  0  1 43  1]
 [ 1  0  1  0  0 47]]";0.7603960396039604;0.7140093566143141;"[[ 38  41  14  13  15  13]
 [  7 257  55   7   6  20]
 [  0  39 353  17  11  17]
 [  5  20  46 306  22  12]
 [  9  18   3   2 349   6]
 [  0   9  25   7  25 233]]";0.6843156843156843;0.6414082124026905;"[[ 18  25   5   7  16   9]
 [ 14 115  24   6   5  13]
 [  0  27 138  12  11  13]
 [  1  13  25 153  14   5]
 [  8  13   4   6 142   6]
 [  2   3  17   1  11 119]]";306;[45 58 48 60 46 49]
123;CiteSeer;own;-1;0.2;64;0.5;1;0.005;649695571;0.9423076923076923;0.9421759726715914;"[[42  2  0  2  1  0]
 [ 1 55  2  0  0  0]
 [ 0  0 46  2  1  0]
 [ 2  0  1 57  1  0]
 [ 0  0  0  1 45  1]
 [ 0  0  1  0  0 49]]";0.759682224428997;0.708665479565008;"[[ 34  34  13  15  22  13]
 [  7 249  60   9   6  20]
 [  0  35 354  16  13  17]
 [  5  13  48 309  25  12]
 [ 10  15   3   3 350   6]
 [  0   8  21   6  29 234]]";0.6793206793206793;0.6383512081474614;"[[ 19  20   7   8  17   9]
 [ 15 108  28   7   9  10]
 [  0  24 139  12  13  13]
 [  0   9  26 153  19   4]
 [  8  13   4   6 143   5]
 [  2   2  17   1  13 118]]";312;[47 58 49 61 47 50]
124;CiteSeer;own;-1;0.2;64;0.5;1;0.005;649695571;0.949685534591195;0.9501245177157677;"[[45  1  0  2  0  0]
 [ 1 56  1  0  0  0]
 [ 0  0 47  2  1  0]
 [ 1  0  2 58  2  0]
 [ 0  0  0  1 45  1]
 [ 0  0  1  0  0 51]]";0.7729083665338645;0.724078649375083;"[[ 38  38  14  13  15  11]
 [  7 243  62  10   7  16]
 [  2  22 371  16  10  14]
 [  5  16  40 309  25  19]
 [  9   9   4   3 354   6]
 [  0   7  23   5  28 237]]";0.6913086913086913;0.6475502922484052;"[[ 18  19   9   9  17   8]
 [ 15 112  29   3   8  10]
 [  0  21 147  10  13  10]
 [  0  11  26 153  15   6]
 [  9  10   5   6 143   6]
 [  2   2  19   1  10 119]]";318;[48 58 50 63 47 52]
125;CiteSeer;own;-1;0.2;64;0.5;1;0.005;649695571;0.9475308641975309;0.9480334109006434;"[[46  1  0  2  0  0]
 [ 2 57  0  0  0  1]
 [ 0  0 48  3  1  0]
 [ 1  0  2 59  1  0]
 [ 0  0  0  1 45  1]
 [ 0  0  1  0  0 52]]";0.7702297702297702;0.7220696980120178;"[[ 37  39  12  12  17  10]
 [  7 252  50  10   9  17]
 [  2  36 359  15  10  13]
 [  5  19  42 304  26  17]
 [  7  14   3   1 354   6]
 [  0  11  19   4  27 236]]";0.6943056943056943;0.6554327922516415;"[[ 21  21   6   7  17   8]
 [ 15 115  27   3   7  10]
 [  0  25 143   9  13  11]
 [  0  13  24 152  16   6]
 [  7  10   4   5 147   6]
 [  2   3  20   0  11 117]]";324;[49 60 52 63 47 53]
126;CiteSeer;own;-1;0.2;64;0.5;1;0.005;649695571;0.9484848484848485;0.9490849110279355;"[[46  1  0  3  0  0]
 [ 2 57  0  0  0  1]
 [ 0  0 50  3  1  0]
 [ 0  0  2 61  1  0]
 [ 0  0  0  1 46  1]
 [ 0  0  1  0  0 53]]";0.7735470941883767;0.7218657789474286;"[[ 36  34  12  16  16  12]
 [  9 235  61  10   9  21]
 [  2  21 367  18   8  17]
 [  5  14  37 319  23  14]
 [  9  11   3   4 352   5]
 [  0   8  21   6  26 235]]";0.6973026973026973;0.6547309435258185;"[[ 20  17   8   9  17   9]
 [ 17 107  29   3   9  12]
 [  0  18 149   9  13  12]
 [  0  11  23 158  14   5]
 [  7  10   4   6 146   6]
 [  2   2  22   0   9 118]]";330;[50 60 54 64 48 54]
127;CiteSeer;own;-1;0.2;64;0.5;1;0.005;649695571;0.9464285714285714;0.9470334859045523;"[[48  1  0  2  0  0]
 [ 3 57  0  0  0  1]
 [ 0  0 51  2  1  0]
 [ 1  0  3 61  1  0]
 [ 0  0  0  1 47  1]
 [ 0  0  1  0  0 54]]";0.7728643216080402;0.7208178677799181;"[[ 35  39  11  13  18  10]
 [  7 239  55  11  10  21]
 [  2  28 357  19  10  14]
 [  6  14  33 324  24  12]
 [  7  12   3   4 352   5]
 [  0   8  19   8  29 231]]";0.6913086913086913;0.6425353187243806;"[[ 16  21   8  10  16   9]
 [ 17 108  26   7   8  11]
 [  0  19 146  12  14  10]
 [  0  11  23 158  14   5]
 [  7  10   4   5 149   4]
 [  2   2  21   0  13 115]]";336;[51 61 54 66 49 55]
128;CiteSeer;own;-1;0.2;64;0.5;1;0.005;649695571;0.9502923976608187;0.9502036094222756;"[[46  2  0  3  0  0]
 [ 3 59  0  0  0  1]
 [ 0  0 52  2  1  0]
 [ 0  0  1 65  1  0]
 [ 0  0  0  1 48  1]
 [ 0  0  1  0  0 55]]";0.7711693548387096;0.710054316251833;"[[ 27  40  11  12  19  10]
 [  4 244  54  11  10  19]
 [  2  30 354  19  10  15]
 [  6  14  35 322  22  13]
 [ 12  11   3   4 351   4]
 [  2   8  17   8  29 232]]";0.6873126873126874;0.6392458171710352;"[[ 16  22   8   9  16   9]
 [ 15 110  26   7   8  11]
 [  0  21 143  13  12  12]
 [  1  11  23 156  15   5]
 [  8   9   2   9 146   5]
 [  2   2  17   2  13 117]]";342;[51 63 55 67 50 56]
129;CiteSeer;own;-1;0.2;64;0.5;1;0.005;649695571;0.9511494252873564;0.9515375824680802;"[[47  1  0  3  0  0]
 [ 4 61  0  1  0  0]
 [ 0  0 53  2  1  0]
 [ 0  0  1 65  1  1]
 [ 0  0  0  0 50  1]
 [ 0  0  1  0  0 55]]";0.768958543983822;0.7083553242717393;"[[ 27  39  11  12  19  10]
 [  6 244  54  12  11  16]
 [  2  23 357  17  14  17]
 [  6  16  36 311  26  13]
 [ 12  11   3   4 349   4]
 [  2   8  19   6  28 233]]";0.6923076923076923;0.649895653678035;"[[ 19  22   7   7  17   8]
 [ 16 115  26   4   8   8]
 [  0  20 143  14  14  10]
 [  1  11  24 153  16   6]
 [  8  10   4   4 149   4]
 [  1   2  21   1  14 114]]";348;[51 66 56 68 51 56]
130;CiteSeer;own;-1;0.2;64;0.5;1;0.005;649695571;0.943502824858757;0.9437565718644053;"[[47  1  0  3  0  0]
 [ 3 62  1  1  0  0]
 [ 0  1 53  2  1  0]
 [ 0  0  1 65  1  1]
 [ 1  0  0  0 51  1]
 [ 0  0  1  1  0 56]]";0.7728194726166329;0.7090627752181478;"[[ 25  39  11  11  21  10]
 [  5 240  55  13  10  16]
 [  2  24 359  20  10  17]
 [  6  15  33 318  23  13]
 [ 11  11   3   4 349   4]
 [  2   9  19   7  24 233]]";0.6893106893106893;0.638419534539184;"[[ 14  24   7  10  16   9]
 [ 12 117  26   6   8   8]
 [  0  20 143  14  13  11]
 [  0  11  24 156  15   5]
 [  7  10   3   9 145   5]
 [  1   2  21   2  12 115]]";354;[51 67 57 68 53 58]
131;CiteSeer;own;-1;0.2;64;0.5;1;0.005;649695571;0.9444444444444444;0.9445034075875927;"[[48  2  0  3  0  0]
 [ 4 62  0  1  0  0]
 [ 0  0 54  2  1  0]
 [ 0  0  1 67  2  0]
 [ 1  0  0  0 52  1]
 [ 0  0  1  1  0 57]]";0.7746693794506613;0.7089572634231608;"[[ 24  40  11  10  20  11]
 [  5 239  55  13  10  16]
 [  2  21 365  19   9  16]
 [  6  15  33 319  22  11]
 [ 12  12   3   4 346   4]
 [  2   9  19   7  26 230]]";0.6963036963036963;0.649624967631117;"[[ 17  23   7   9  16   8]
 [ 14 114  27   6   8   8]
 [  0  18 146  13  14  10]
 [  0  11  22 161  13   4]
 [  8  10   4   8 144   5]
 [  1   2  19   3  13 115]]";360;[53 67 57 70 54 59]
132;CiteSeer;own;-1;0.2;64;0.5;1;0.005;649695571;0.9453551912568307;0.9452186033045188;"[[49  2  0  3  0  0]
 [ 4 63  1  1  0  0]
 [ 0  0 54  2  1  0]
 [ 0  0  1 69  1  0]
 [ 1  0  0  1 52  1]
 [ 0  0  1  0  0 59]]";0.7760204081632653;0.7093238012377419;"[[ 23  39  11  13  17  11]
 [  5 241  50  14  10  18]
 [  2  28 355  18   9  18]
 [  6  15  30 323  22  11]
 [  9  10   3   4 349   4]
 [  1   8  18   7  28 230]]";0.6983016983016983;0.6487518748849158;"[[ 16  23   5  10  16  10]
 [ 14 111  25   7   8  12]
 [  0  19 144  13  14  11]
 [  0  11  21 162  13   4]
 [  4  10   3   8 149   5]
 [  1   2  18   2  13 117]]";366;[54 69 57 71 55 60]
133;CiteSeer;own;-1;0.2;64;0.5;1;0.005;649695571;0.946236559139785;0.9464630618305147;"[[50  1  0  3  0  0]
 [ 4 64  1  0  0  0]
 [ 0  0 55  2  1  0]
 [ 0  2  1 70  1  0]
 [ 1  0  0  1 53  1]
 [ 0  0  1  0  0 60]]";0.7758444216990789;0.7070413636522712;"[[ 21  36  11  13  17  15]
 [  5 239  54   7  11  18]
 [  2  23 365  18   8  18]
 [  5  19  41 306  21  12]
 [  6  10   3   3 352   5]
 [  0   7  19   7  24 233]]";0.6993006993006993;0.646127863724025;"[[ 14  24   6   9  18   9]
 [ 13 112  25   7   8  12]
 [  0  16 149  11  14  11]
 [  0  11  23 159  14   4]
 [  3  10   4   7 149   6]
 [  0   2  20   2  12 117]]";372;[54 69 58 74 56 61]
134;CiteSeer;own;-1;0.2;64;0.5;1;0.005;649695571;0.9470899470899471;0.9472256661445501;"[[51  1  0  3  0  0]
 [ 5 64  1  0  0  0]
 [ 0  0 56  2  1  0]
 [ 0  2  1 71  1  0]
 [ 1  0  0  0 55  1]
 [ 0  0  1  0  0 61]]";0.7736139630390144;0.7127832498438846;"[[ 26  38  10  11  18  11]
 [  6 244  50   9   6  18]
 [  4  26 357  20   8  19]
 [  5  22  37 304  22  11]
 [  8  13   3   6 343   4]
 [  1   8  19   6  22 233]]";0.7032967032967034;0.6619670120153137;"[[ 20  24   7   8  13   8]
 [ 13 116  24   7   7  10]
 [  0  17 146  14  14  10]
 [  1  13  23 156  14   4]
 [  5  11   2   7 147   7]
 [  0   2  19   2  11 119]]";378;[55 70 59 75 57 62]
135;CiteSeer;own;-1;0.2;64;0.5;1;0.005;649695571;0.9375;0.937863937383073;"[[50  2  0  3  0  0]
 [ 6 65  0  1  0  0]
 [ 0  1 56  2  1  0]
 [ 0  2  1 72  1  0]
 [ 1  0  0  1 55  1]
 [ 0  0  1  0  0 62]]";0.7826982492276005;0.7197481444594992;"[[ 25  39   9  13  18   9]
 [  5 250  40  12   8  17]
 [  2  25 356  23  10  17]
 [  5  21  29 316  20   9]
 [  7  12   3   6 344   4]
 [  0   9  17   8  25 229]]";0.7012987012987013;0.6548058728280995;"[[ 17  27   6  10  12   8]
 [ 12 115  23   9   8  10]
 [  0  19 143  16  14   9]
 [  0  12  20 162  13   4]
 [  4  11   3   8 148   5]
 [  0   4  19   2  11 117]]";384;[55 72 60 76 58 63]
136;CiteSeer;own;-1;0.2;64;0.5;1;0.005;649695571;0.9435897435897436;0.9432492943899345;"[[49  3  0  3  0  0]
 [ 5 69  0  0  0  0]
 [ 0  1 57  2  1  0]
 [ 0  2  1 73  1  0]
 [ 1  0  0  0 57  1]
 [ 0  0  1  0  0 63]]";0.7768595041322314;0.7108095475773695;"[[ 22  40   9  11  20   8]
 [  3 241  50   7  13  16]
 [  2  23 363  18  10  15]
 [  5  18  40 297  27  10]
 [  8   9   3   5 351   4]
 [  0   8  21   3  26 230]]";0.7022977022977023;0.6541614582291103;"[[ 16  26   6   7  17   8]
 [ 10 117  25   5  10  10]
 [  0  16 151  11  14   9]
 [  0  11  24 155  17   4]
 [  3  11   4   7 148   6]
 [  0   4  19   2  12 116]]";390;[55 74 61 77 59 64]
137;CiteSeer;own;-1;0.2;64;0.5;1;0.005;649695571;0.9393939393939394;0.9393547090932103;"[[51  3  0  2  0  0]
 [ 6 69  0  0  0  0]
 [ 0  0 59  2  1  0]
 [ 1  2  1 72  3  0]
 [ 1  0  0  0 57  1]
 [ 0  0  1  0  0 64]]";0.7823834196891192;0.7171662433660955;"[[ 23  41   9   8  18  10]
 [  4 254  41   6   7  16]
 [  4  24 357  19   9  14]
 [  6  20  36 299  26  12]
 [ 10  14   3   4 338   7]
 [  0  11  15   5  21 239]]";0.7042957042957043;0.660600335031203;"[[ 18  27   6   6  15   8]
 [ 10 123  23   2  10   9]
 [  0  19 146  12  13  11]
 [  0  14  23 153  15   6]
 [  3  12   4   7 146   7]
 [  0   6  16   2  10 119]]";396;[56 75 62 79 59 65]
138;CiteSeer;own;-1;0.2;64;0.5;1;0.005;649695571;0.9427860696517413;0.9421308722972418;"[[49  5  0  3  0  0]
 [ 4 71  0  1  0  0]
 [ 0  0 60  2  1  0]
 [ 0  1  1 76  2  0]
 [ 1  0  0  0 58  1]
 [ 0  0  1  0  0 65]]";0.7884615384615384;0.7195989126229408;"[[ 21  39   9  11  17  10]
 [  4 242  46  12   8  18]
 [  2  19 354  26  10  12]
 [  6  17  29 317  20   9]
 [  9  11   3   6 342   4]
 [  0   8  15   7  20 241]]";0.7122877122877123;0.6682697901674951;"[[ 19  25   5   6  16   9]
 [  8 115  26   8   8  12]
 [  0  13 152  14  12  10]
 [  0  13  20 163  10   5]
 [  2  12   3   9 146   7]
 [  0   5  16   3  11 118]]";402;[57 76 63 80 60 66]
139;CiteSeer;own;-1;0.2;64;0.5;1;0.005;649695571;0.9411764705882353;0.9403297325614227;"[[49  5  0  3  0  0]
 [ 3 72  0  1  0  0]
 [ 0  0 61  2  1  1]
 [ 2  1  1 78  1  0]
 [ 1  0  0  0 59  1]
 [ 0  0  1  0  0 65]]";0.7820646506777894;0.7139115207956542;"[[ 20  42   9  11  17   8]
 [  3 249  43  11   9  15]
 [  0  26 354  20  10  14]
 [  3  15  38 309  19  11]
 [  8  13   4   9 335   5]
 [  0   9  17   8  21 233]]";0.7132867132867133;0.6659580720590951;"[[ 17  28   5   8  14   8]
 [  7 121  26   7   7   9]
 [  0  16 152  14  11   8]
 [  0  13  20 162  11   5]
 [  3  10   4   8 147   7]
 [  0   7  17   2  12 115]]";408;[57 76 65 83 61 66]
140;CiteSeer;own;-1;0.2;64;0.5;1;0.005;649695571;0.9347826086956522;0.9339876863363603;"[[49  6  0  2  0  0]
 [ 3 72  1  1  0  0]
 [ 0  1 61  2  1  1]
 [ 2  1  2 79  1  0]
 [ 1  0  0  0 60  1]
 [ 0  0  1  0  0 66]]";0.7881799163179917;0.7197907432590928;"[[ 20  39   8  12  13  11]
 [  4 246  45  11   9  14]
 [  0  28 348  24  10  13]
 [  2  15  31 319  17  10]
 [  8  12   4  11 342   5]
 [  0   8  16   8  17 232]]";0.7172827172827173;0.6744782085630475;"[[ 20  25   5   8  15   7]
 [  8 118  25   9   8   9]
 [  0  16 150  15  11   9]
 [  0  12  19 166   9   5]
 [  3  10   2   9 148   7]
 [  1   6  16   3  11 116]]";414;[57 77 66 85 62 67]
141;CiteSeer;own;-1;0.2;64;0.5;1;0.005;649695571;0.930952380952381;0.9300800835977584;"[[48  8  0  2  0  0]
 [ 1 74  2  1  0  0]
 [ 0  3 60  2  1  1]
 [ 1  1  2 81  1  0]
 [ 1  0  0  0 61  1]
 [ 0  0  1  0  0 67]]";0.7843651626442812;0.716378052213383;"[[ 20  41  10   9  14  10]
 [  5 251  42  10   8  14]
 [  0  30 346  22  10  12]
 [  3  17  31 310  17  14]
 [  9  15   4  11 335   5]
 [  0  10  16   8  14 233]]";0.7122877122877123;0.6669158767074762;"[[ 18  29   5   6  15   7]
 [ 11 119  25   6   8   8]
 [  0  21 148  13  10   9]
 [  1  12  20 164  10   4]
 [  2  12   3   8 148   6]
 [  0   7  16   3  11 116]]";420;[58 78 67 86 63 68]
142;CiteSeer;own;-1;0.2;64;0.5;1;0.005;831763849;0.0;0.0;[[]];0.18529664660361134;0.1456201227248546;"[[  1  73  14  17  67  12]
 [  5 175  65  34 117  17]
 [  8 147  30  21 258   3]
 [  4 197  47  40 172  30]
 [  3 187  28  37 145  17]
 [  6 143  12  60  94  40]]";0.18181818181818182;0.14537493663856008;"[[  0  45   8   8  16   3]
 [  1  78  24  13  49  12]
 [  4  65  13   7 109   3]
 [  4  78  21  21  77  10]
 [  4  72  23  18  51  11]
 [  0  65   4  21  44  19]]";0;[]
143;CiteSeer;own;-1;0.2;64;0.5;1;0.005;831763849;0.6666666666666666;0.49333333333333335;"[[0 1 0 0 0]
 [0 1 0 0 0]
 [0 0 2 0 0]
 [0 0 0 1 0]
 [0 0 1 0 0]]";0.3896551724137931;0.24255896512284889;"[[  0   0  65  67  49   0]
 [  0   0 230  72 103   0]
 [  0   0 154 313  16   0]
 [  0   0  21 453  19   0]
 [  0   0  38  85 297   0]
 [  0   0 192  91  55   0]]";0.3936063936063936;0.24618672940362296;"[[  0   0  25  24  31   0]
 [  0   0  92  34  51   0]
 [  0   0  69 124   8   0]
 [  0   0  11 196   4   0]
 [  0   0   6  44 129   0]
 [  0   0 103  34  16   0]]";6;[0 1 1 2 1 1]
144;CiteSeer;own;-1;0.2;64;0.5;1;0.005;831763849;0.5;0.39999999999999997;"[[0 0 3 0 0 0]
 [0 0 1 0 0 0]
 [0 0 2 0 0 0]
 [0 0 0 2 0 0]
 [0 0 0 0 2 0]
 [0 0 2 0 0 0]]";0.26534140017286084;0.13942699401527364;"[[  0   0 184   0   2   0]
 [  0   0 391   0   1   0]
 [  0   0 494   1   0   0]
 [  0   0 435  52   0   0]
 [  0   0 353   0  68   0]
 [  0   0 332   0   1   0]]";0.24775224775224775;0.13027842415887958;"[[  0   0  78   0   2   0]
 [  0   0 174   0   3   0]
 [  0   0 200   1   0   0]
 [  0   0 199  12   0   0]
 [  0   0 143   0  36   0]
 [  0   0 152   0   1   0]]";12;[3 1 2 2 2 2]
145;CiteSeer;own;-1;0.2;64;0.5;1;0.005;831763849;0.5555555555555556;0.46868686868686865;"[[0 0 1 2 2 0]
 [0 0 0 0 2 0]
 [0 0 2 0 0 0]
 [0 0 0 4 0 0]
 [0 0 0 0 3 0]
 [0 0 0 0 1 1]]";0.48223570190641246;0.3073988702693704;"[[  0   0  67  25 106   0]
 [  0   0 213   4 172   0]
 [  0   0 418  25  46   0]
 [  0   0  79 292 111   0]
 [  0   0  14   5 403   0]
 [  0   0 151   4 173   0]]";0.47952047952047955;0.31019474179131484;"[[  0   0  24   5  51   0]
 [  0   0  91   3  83   0]
 [  0   0 170  14  17   0]
 [  0   0  36 137  38   0]
 [  0   0   4   2 173   0]
 [  0   0  85   0  68   0]]";18;[5 2 2 4 3 2]
146;CiteSeer;own;-1;0.2;64;0.5;1;0.005;831763849;0.875;0.8623598623598623;"[[6 0 0 0 1 0]
 [0 1 0 0 1 0]
 [0 0 3 0 0 0]
 [0 0 0 4 0 0]
 [0 0 0 0 4 0]
 [0 0 0 0 1 3]]";0.4795829713292789;0.3242073295763759;"[[ 11   0  76  10 100   0]
 [  1   0 242   1 144   0]
 [  0   0 437  20  38   0]
 [  2   0 106 238 122   0]
 [  0   0  15   5 411   0]
 [  0   0 174   2 140   7]]";0.46153846153846156;0.3079022598591064;"[[  2   0  23   3  52   0]
 [  1   1  99   3  73   0]
 [  0   0 178   8  15   0]
 [  2   0  49 108  52   0]
 [  0   0   6   2 171   0]
 [  0   0  93   0  58   2]]";24;[7 2 3 4 4 4]
147;CiteSeer;own;-1;0.2;64;0.5;1;0.005;831763849;0.8666666666666667;0.8135521885521886;"[[7 0 0 0 0 0]
 [1 1 1 0 1 0]
 [0 0 3 0 0 1]
 [0 0 0 6 0 0]
 [0 0 0 0 5 0]
 [0 0 0 0 0 4]]";0.5030487804878049;0.3563720821557647;"[[ 20   0  69  10  85   0]
 [ 10   0 222   3 155   0]
 [  0   0 427  29  36   0]
 [ 11   0  89 271 104   1]
 [  2   0   9   5 422   0]
 [  0   0 129   7 165  15]]";0.4855144855144855;0.34687815097403235;"[[  6   0  21   3  50   0]
 [  7   1  90   3  76   0]
 [  1   0 174  11  15   0]
 [  4   0  40 125  42   0]
 [  0   0   5   2 172   0]
 [  0   0  68   0  77   8]]";30;[7 4 4 6 5 4]
148;CiteSeer;own;-1;0.2;64;0.5;1;0.005;831763849;0.8888888888888888;0.826559714795009;"[[8 0 0 0 0 0]
 [1 1 1 0 1 0]
 [0 0 4 0 0 1]
 [0 0 0 9 0 0]
 [0 0 0 0 5 0]
 [0 0 0 0 0 5]]";0.5524017467248908;0.4123458208903979;"[[ 29   0  48  38  65   0]
 [ 45   0 193  47 103   2]
 [  2   0 397  63  25   2]
 [  3   0  50 383  44   1]
 [  3   0   9  11 414   0]
 [  0   0 105  27 139  42]]";0.5164835164835165;0.37322564753058424;"[[  4   0  16  24  35   1]
 [ 22   1  73  27  52   2]
 [  2   0 155  27  16   1]
 [  3   0  26 168  14   0]
 [  0   0   4   6 169   0]
 [  0   0  55   8  70  20]]";36;[8 4 5 9 5 5]
149;CiteSeer;own;-1;0.2;64;0.5;1;0.005;831763849;0.8809523809523809;0.845507433742728;"[[ 8  0  0  0  0  0]
 [ 1  2  2  0  0  0]
 [ 0  0  5  0  0  1]
 [ 0  0  0 10  0  0]
 [ 0  0  1  0  6  0]
 [ 0  0  0  0  0  6]]";0.5586690017513135;0.41340863662953437;"[[ 18   0  88  20  50   1]
 [  4   1 279  15  64   1]
 [  0   0 474  37  13   1]
 [  1   0 104 338  29   1]
 [  0   0  23   8 404   0]
 [  0   0 167  15  87  41]]";0.5054945054945055;0.36703971189681833;"[[  3   0  36  14  26   1]
 [  7   1 131   9  29   0]
 [  2   0 175  12  12   0]
 [  2   0  49 149  11   0]
 [  0   0   8   9 162   0]
 [  0   0  90   4  43  16]]";42;[ 8  5  6 10  7  6]
150;CiteSeer;own;-1;0.2;64;0.5;1;0.005;831763849;0.8958333333333334;0.8939093314093315;"[[ 8  0  0  0  0  0]
 [ 2  5  0  0  0  0]
 [ 0  0  6  1  0  1]
 [ 0  0  0 10  0  1]
 [ 0  0  0  0  7  0]
 [ 0  0  0  0  0  7]]";0.5654082528533801;0.4352384082587272;"[[ 12   1  86  20  49   2]
 [  9  14 285  12  62   1]
 [  0   0 465  28  12   2]
 [  1   1 110 330  28   3]
 [  0   5  18  10 401   0]
 [  0   2 159  10  74  66]]";0.5154845154845155;0.3930213608334086;"[[  3   0  35  16  25   1]
 [  7   7 120   9  32   2]
 [  1   1 178   9  12   0]
 [  2   0  52 144  11   2]
 [  0   3   8  10 158   0]
 [  0   0  89   4  34  26]]";48;[ 8  7  8 11  7  7]
151;CiteSeer;own;-1;0.2;64;0.5;1;0.005;831763849;0.8703703703703703;0.8610926354347407;"[[ 8  0  0  0  1  0]
 [ 2  5  0  0  0  0]
 [ 0  0  6  1  0  1]
 [ 0  0  0 12  0  1]
 [ 0  1  0  0  7  0]
 [ 0  0  0  0  0  9]]";0.6690140845070423;0.5813831209429088;"[[ 10  33  30  26  76  11]
 [  7 141 136  21  54  16]
 [  1   8 426  39  16  18]
 [  0  14  50 355  33  20]
 [  0  13   4  11 380  12]
 [  1   8  38  10  46 208]]";0.6413586413586414;0.5589728895738068;"[[  3  11  13  19  26   8]
 [  6  65  60  10  28   8]
 [  1   4 160  17  13   6]
 [  2   4  27 158  14   6]
 [  0   7   1  10 156   5]
 [  0   0  30   4  19 100]]";54;[ 9  7  8 13  8  9]
152;CiteSeer;own;-1;0.2;64;0.5;1;0.005;831763849;0.85;0.8402197440240919;"[[ 9  0  0  0  1  0]
 [ 3  6  0  0  0  0]
 [ 0  0  6  1  0  1]
 [ 0  0  0 13  0  1]
 [ 0  1  0  0  7  0]
 [ 0  0  1  0  0 10]]";0.6266548984995587;0.5787726518593223;"[[ 67  26  43  24  57   2]
 [ 59 147 130  18  17   3]
 [  4   9 444  39   9   1]
 [  4  11  82 344  29   2]
 [ 42  12  14  11 309   1]
 [ 16   7 102  25  47 109]]";0.5904095904095904;0.5393166174582784;"[[ 18  12  21  16  12   1]
 [ 29  58  70  10  10   0]
 [  2   3 173  11  12   0]
 [  3   3  37 156  11   1]
 [ 24   6   8  11 130   0]
 [  8   0  60   5  24  56]]";60;[10  9  8 14  8 11]
153;CiteSeer;own;-1;0.2;64;0.5;1;0.005;831763849;0.8787878787878788;0.8737386253397365;"[[11  0  0  0  0  0]
 [ 1  9  1  1  0  0]
 [ 0  0  6  1  0  1]
 [ 0  0  0 13  0  1]
 [ 0  1  0  0  8  0]
 [ 0  0  1  0  0 11]]";0.6384955752212389;0.5983750999164462;"[[ 84  31  33  19  23   2]
 [ 64 154 122  10  23   3]
 [  7   7 437  37  10   1]
 [  6  11  81 339  31   4]
 [ 75   8  12   8 311   1]
 [ 21   8  87  16  56 118]]";0.5894105894105894;0.5432581919468175;"[[ 20  12  19  15  12   2]
 [ 34  59  64   9  11   0]
 [  2   4 172  11  12   0]
 [  3   4  36 154  12   2]
 [ 36   4   7   8 124   0]
 [  7   3  52   4  26  61]]";66;[11 12  8 14  9 12]
154;CiteSeer;own;-1;0.2;64;0.5;1;0.005;831763849;0.9027777777777778;0.9021515107283609;"[[12  0  0  0  0  0]
 [ 1 11  1  1  0  0]
 [ 0  0  7  1  0  1]
 [ 0  0  0 14  0  1]
 [ 0  0  0  0 10  0]
 [ 0  1  0  0  0 11]]";0.6672582076308784;0.634014927206869;"[[ 87  34  26  25  22   2]
 [ 37 190 103  16  26   3]
 [  2  14 422  46  11   3]
 [  2  11  63 363  27   5]
 [ 79  11   7  12 301   2]
 [ 19   7  67  19  49 141]]";0.6173826173826173;0.5765932501730907;"[[ 21  12  16  18  11   2]
 [ 20  77  52  11  16   1]
 [  0  10 161  15  14   1]
 [  2   5  29 163  10   2]
 [ 40   5   3   9 122   0]
 [  7   4  39   7  22  74]]";72;[12 14  9 15 10 12]
155;CiteSeer;own;-1;0.2;64;0.5;1;0.005;831763849;0.9358974358974359;0.9306798502876935;"[[13  0  0  0  0  0]
 [ 1 14  0  1  0  0]
 [ 0  0  7  1  0  1]
 [ 0  0  0 16  0  0]
 [ 0  0  0  0 11  0]
 [ 0  0  1  0  0 12]]";0.625;0.6055947869569801;"[[ 82  48   8  24  22   3]
 [ 28 345  61  16  29   6]
 [  2 192 146  42  14   7]
 [  1  55  21 351  27   5]
 [ 59  22   1  12 305   7]
 [ 15  24  32  18  42 176]]";0.5334665334665335;0.5072918785247186;"[[ 19  21   8  19  10   3]
 [ 19  93  35  12  14   4]
 [  0 111  52  17  18   3]
 [  2  25  14 158  10   2]
 [ 28   7   1  11 128   4]
 [  7  16  24   6  16  84]]";78;[13 16  9 16 11 13]
156;CiteSeer;own;-1;0.2;64;0.5;1;0.005;831763849;0.9404761904761905;0.9386243386243387;"[[13  0  0  0  0  0]
 [ 2 16  0  0  0  0]
 [ 0  0  8  1  0  1]
 [ 0  0  0 17  0  0]
 [ 0  0  0  0 12  0]
 [ 0  1  0  0  0 13]]";0.6150758251561106;0.591218836225435;"[[ 58  73   8  16  14   3]
 [ 23 373  60  12  18   4]
 [  0 225 134  32   7   5]
 [  1  81  20 331  20   5]
 [ 44  33   3  12 317   5]
 [ 12  53  33  13  28 166]]";0.5424575424575424;0.5150078416131681;"[[ 15  27   9  17  10   2]
 [ 12 115  30   7  10   3]
 [  0 126  49  13  11   2]
 [  2  38   9 152   8   2]
 [ 17  21   0  10 129   2]
 [  6  23  23   4  14  83]]";84;[13 18 10 17 12 14]
157;CiteSeer;own;-1;0.2;64;0.5;1;0.005;831763849;0.9;0.9018074756784434;"[[12  1  0  1  0  0]
 [ 2 18  0  0  1  1]
 [ 0  0  8  1  0  1]
 [ 0  0  0 17  0  0]
 [ 0  0  0  0 12  0]
 [ 0  1  0  0  0 14]]";0.620304114490161;0.5886120169527925;"[[ 45  82   6  17  13   5]
 [ 13 391  51  15  20   8]
 [  0 224 135  33   6   5]
 [  0  83  19 334  17   4]
 [ 34  39   4  10 318   6]
 [  5  51  33  15  31 164]]";0.5514485514485514;0.5134821313348299;"[[ 11  30   7  17  12   3]
 [  6 130  24   7  10   0]
 [  0 124  49  14  11   3]
 [  2  38   9 151   8   3]
 [ 15  25   0   9 128   2]
 [  5  23  22   4  16  83]]";90;[14 22 10 17 12 15]
158;CiteSeer;own;-1;0.2;64;0.5;1;0.005;831763849;0.9375;0.9362650596594199;"[[13  1  0  0  0  0]
 [ 1 22  0  0  0  0]
 [ 0  0  9  1  0  1]
 [ 1  0  0 18  0  0]
 [ 0  0  0  0 13  0]
 [ 0  1  0  0  0 15]]";0.6286995515695067;0.593909267518388;"[[ 41  84   5  19  12   2]
 [ 11 404  52  13  11   6]
 [  0 200 161  33   7   3]
 [  4  78  22 331  18   4]
 [ 32  49   5  14 311   2]
 [  8  55  29  15  35 154]]";0.5634365634365635;0.5237955773721557;"[[  9  38   3  19  10   1]
 [  5 132  29   5   6   0]
 [  0 111  65  12  11   2]
 [  2  35  11 151   9   3]
 [ 13  29   0   9 128   0]
 [  6  26  22   4  16  79]]";96;[14 23 11 19 13 16]
159;CiteSeer;own;-1;0.2;64;0.5;1;0.005;831763849;0.9411764705882353;0.9394076268500232;"[[14  1  0  0  0  0]
 [ 1 23  0  0  0  0]
 [ 0  0  9  1  0  1]
 [ 1  0  0 19  0  0]
 [ 0  0  0  0 14  0]
 [ 0  1  0  0  0 17]]";0.6335431654676259;0.5977116517577953;"[[ 43  75   4  16  21   2]
 [ 11 410  39  13  18   3]
 [  2 209 141  27  12   9]
 [  4  86  16 314  30   7]
 [ 36  37   2  10 325   2]
 [ 10  46  22  10  36 176]]";0.5584415584415584;0.517843253172514;"[[ 10  33   3  16  15   3]
 [  2 133  23   7  12   0]
 [  0 121  52  12  12   4]
 [  4  39   9 141  15   3]
 [ 16  19   0   7 137   0]
 [  6  22  20   3  16  86]]";102;[15 24 11 20 14 18]
160;CiteSeer;own;-1;0.2;64;0.5;1;0.005;831763849;0.9629629629629629;0.9625774714268882;"[[14  1  0  0  0  0]
 [ 0 24  0  0  0  0]
 [ 0  0 11  0  0  1]
 [ 1  0  0 20  0  0]
 [ 0  0  0  0 16  0]
 [ 0  1  0  0  0 19]]";0.6388638412984671;0.5969191000569525;"[[ 34  69   6  15  31   4]
 [  6 370  62  15  27   6]
 [  2 179 163  26  23   7]
 [  4  58  26 315  42  11]
 [  9  29   4  11 363   3]
 [  1  39  23  15  48 172]]";0.5584415584415584;0.5099078867263097;"[[  7  26   8  17  19   3]
 [  1 116  34   9  16   1]
 [  0 102  62  12  21   4]
 [  3  25  15 145  19   4]
 [  8  18   0   8 144   1]
 [  3  17  22   4  22  85]]";108;[15 24 12 21 16 20]
161;CiteSeer;own;-1;0.2;64;0.5;1;0.005;831763849;0.9473684210526315;0.9446569634069636;"[[16  0  0  0  0  0]
 [ 0 25  0  0  0  0]
 [ 0  0 11  0  0  1]
 [ 1  0  0 22  0  0]
 [ 0  1  0  0 15  0]
 [ 0  1  1  0  1 19]]";0.6424050632911392;0.6039040562383661;"[[ 38  79   8  14  14   5]
 [  9 387  52  19  10   5]
 [  3 189 158  28  15   5]
 [  4  66  20 339  20   5]
 [ 16  45   5  15 326   6]
 [  9  47  23  20  35 173]]";0.5764235764235764;0.5333149842634911;"[[ 10  29   9  17  12   3]
 [  2 129  27  10   8   1]
 [  0 107  61  13  16   4]
 [  3  31  10 156   8   3]
 [ 11  22   0  11 133   2]
 [  4  20  19   7  15  88]]";114;[16 25 12 23 16 22]
162;CiteSeer;own;-1;0.2;64;0.5;1;0.005;831763849;0.975;0.9747884766110378;"[[16  0  0  0  0  0]
 [ 0 26  0  0  0  0]
 [ 0  0 12  0  0  1]
 [ 0  0  0 24  0  0]
 [ 0  0  0  0 17  0]
 [ 0  1  0  0  1 22]]";0.6364460562103355;0.6041989448803399;"[[ 37  60  10  22  20   9]
 [ 14 295  81  16  16  12]
 [  0 182 200  30  12  13]
 [  2  46  40 340  16  11]
 [ 16  38   5  15 334   9]
 [  4  29  25  16  33 198]]";0.5854145854145855;0.5416669058408252;"[[  9  26   8  19  13   5]
 [  4 102  44   9  10   8]
 [  0  90  79  11  14   7]
 [  2  18  19 158  11   3]
 [ 10  17   1  11 137   3]
 [  4  17  16   4  11 101]]";120;[16 26 13 24 17 24]
163;CiteSeer;own;-1;0.2;64;0.5;1;0.005;831763849;0.9603174603174603;0.959841998830094;"[[15  2  0  0  0  0]
 [ 0 26  0  0  0  0]
 [ 0  0 13  0  0  1]
 [ 0  0  0 25  0  0]
 [ 0  0  0  0 19  0]
 [ 0  1  0  0  1 23]]";0.6395454545454545;0.6036991244895646;"[[ 32  69   6  11  32   6]
 [  5 320  62  11  26   9]
 [  0 193 197  20  14  13]
 [  2  61  38 299  37  16]
 [  8  31   5   6 360   7]
 [  3  34  18  10  40 199]]";0.5844155844155844;0.5374780645831553;"[[  8  26   8  15  18   5]
 [  1 112  35   6  17   6]
 [  0  94  73  11  15   8]
 [  2  28  17 143  16   5]
 [  4  15   1   8 148   3]
 [  4  18  14   4  12 101]]";126;[17 26 14 25 19 25]
164;CiteSeer;own;-1;0.2;64;0.5;1;0.005;831763849;0.946969696969697;0.9429120265663316;"[[17  0  0  1  0  0]
 [ 0 26  1  0  0  0]
 [ 0  0 13  0  0  2]
 [ 0  0  0 26  0  0]
 [ 1  0  0  0 20  0]
 [ 0  1  0  0  1 23]]";0.646763901549681;0.6115815063384191;"[[ 35  62   8  19  30   5]
 [  8 317  59  18  21   5]
 [  2 194 196  29  12  12]
 [  2  51  31 329  29   4]
 [  8  32   5   7 353   6]
 [  3  35  24  16  38 189]]";0.5934065934065934;0.546369270507295;"[[  8  29   8  18  14   3]
 [  2 113  37  10  13   2]
 [  0  93  76  12  13   7]
 [  2  23  15 153  16   2]
 [  5  16   1   9 148   0]
 [  4  19  16   5  13  96]]";132;[18 27 15 26 21 25]
165;CiteSeer;own;-1;0.2;64;0.5;1;0.005;831763849;0.9420289855072463;0.9395573505624721;"[[17  2  1  0  1  0]
 [ 0 27  0  0  0  0]
 [ 0  0 15  0  0  1]
 [ 0  0  0 25  1  0]
 [ 0  0  0  0 22  0]
 [ 0  1  0  0  1 24]]";0.6828153564899452;0.646379919188712;"[[ 42  68  14  12  29   3]
 [ 19 299  69  13  18   3]
 [  7  96 296  22  15   8]
 [  3  44  40 312  40   6]
 [ 10  31   1   5 357   6]
 [  5  29  25   9  44 188]]";0.6213786213786214;0.577655960604709;"[[ 11  25  11  15  15   3]
 [  9 103  45   7  13   0]
 [  0  56 118  10  12   5]
 [  2  16  29 146  15   3]
 [  5  16   2   5 151   0]
 [  6  15  20   2  17  93]]";138;[21 27 16 26 22 26]
166;CiteSeer;own;-1;0.2;64;0.5;1;0.005;831763849;0.9375;0.9345430973896879;"[[17  1  1  1  1  0]
 [ 1 28  0  0  0  0]
 [ 0  0 16  0  0  1]
 [ 0  0  0 26  1  0]
 [ 0  0  0  0 23  0]
 [ 0  1  0  0  1 25]]";0.6943171402383135;0.6578806145408674;"[[ 45  63  10  17  28   3]
 [ 15 308  63  13  16   5]
 [  8  98 291  24  16   8]
 [  4  40  37 328  29   4]
 [  9  29   3   7 357   6]
 [  8  27  21  13  43 186]]";0.6193806193806194;0.5744968201610016;"[[ 11  24   9  17  15   4]
 [  9 104  43   8  11   2]
 [  1  57 115  11  11   6]
 [  2  16  28 150  12   3]
 [  5  19   1   5 149   0]
 [  5  14  21   3  19  91]]";144;[21 29 17 27 23 27]
167;CiteSeer;own;-1;0.2;64;0.5;1;0.005;831763849;0.9533333333333334;0.9494383280491996;"[[18  0  1  1  1  0]
 [ 0 30  0  0  0  0]
 [ 0  0 17  0  0  1]
 [ 0  0  0 28  0  0]
 [ 0  0  0  0 24  0]
 [ 0  1  1  0  1 26]]";0.6962316176470589;0.6595061789472266;"[[ 45  60  11  18  27   4]
 [  9 315  59  14  16   4]
 [  8  97 292  25  17   6]
 [  4  40  37 329  26   4]
 [ 12  29   5   9 350   5]
 [  9  26  25  15  40 184]]";0.6233766233766234;0.5780722902879808;"[[ 11  21   9  17  17   5]
 [  8 109  39   8  11   2]
 [  4  57 115  11  11   3]
 [  2  19  28 149  10   3]
 [  3  18   2   6 149   1]
 [  5  12  24   3  18  91]]";150;[21 30 18 28 24 29]
168;CiteSeer;own;-1;0.2;64;0.5;1;0.005;831763849;0.9487179487179487;0.9448059704527144;"[[18  0  1  1  1  0]
 [ 0 31  0  0  0  0]
 [ 0  0 19  0  0  0]
 [ 0  0  0 29  0  0]
 [ 0  0  0  0 25  0]
 [ 0  1  3  0  1 26]]";0.6903225806451613;0.6543706152987779;"[[ 43  66  12  15  27   2]
 [  3 322  64  10  16   3]
 [  6  94 303  19  18   4]
 [  3  55  41 302  31   4]
 [  7  31   5   7 356   4]
 [  7  30  37   7  44 172]]";0.6173826173826173;0.5716280553878805;"[[ 10  23   9  15  18   5]
 [  6 113  41   7  10   0]
 [  2  55 121   9  12   2]
 [  2  23  32 137  14   3]
 [  3  19   2   5 150   0]
 [  3  14  25   2  22  87]]";156;[21 31 19 29 25 31]
169;CiteSeer;own;-1;0.2;64;0.5;1;0.005;831763849;0.9506172839506173;0.9468106973598385;"[[18  0  1  2  0  0]
 [ 0 32  0  0  0  0]
 [ 0  0 18  0  0  1]
 [ 0  0  0 29  0  0]
 [ 0  0  0  0 26  0]
 [ 1  1  1  0  1 31]]";0.6991682070240296;0.662862127971307;"[[ 44  59  11  21  23   5]
 [  7 317  52  12  15   5]
 [  8 102 298  25  15   8]
 [  6  52  34 317  21   4]
 [ 14  31   2   9 350   3]
 [ 10  35  18  11  33 187]]";0.6343656343656343;0.588735063422046;"[[ 11  26   7  16  16   4]
 [  8 119  32   9   8   1]
 [  2  55 116  10  12   6]
 [  2  26  24 145  11   3]
 [  5  19   0   6 149   0]
 [  5  14  19   3  17  95]]";162;[21 32 19 29 26 35]
170;CiteSeer;own;-1;0.2;64;0.5;1;0.005;831763849;0.9583333333333334;0.9562701547743582;"[[20  0  1  0  1  0]
 [ 0 32  0  0  0  0]
 [ 0  0 20  0  0  1]
 [ 0  0  0 30  0  0]
 [ 0  0  0  0 26  1]
 [ 1  1  1  0  0 33]]";0.7150139017608897;0.673562552452002;"[[ 47  54  16  20  26   3]
 [ 10 262  76   9  17   3]
 [  8  46 382  17  14   9]
 [  5  22  66 314  24   6]
 [ 10  21   6   8 363   4]
 [  5  17  37  12  44 175]]";0.6553446553446554;0.598610139616229;"[[  9  21  12  14  19   5]
 [  8 104  46   7  12   0]
 [  2  23 158   5  11   2]
 [  4  11  36 144  13   3]
 [  5  15   4   5 150   0]
 [  3  10  25   2  22  91]]";168;[22 32 21 30 27 36]
171;CiteSeer;own;-1;0.2;64;0.5;1;0.005;831763849;0.9482758620689655;0.9441381230854916;"[[20  0  1  0  2  0]
 [ 0 32  0  0  0  0]
 [ 0  1 20  0  0  1]
 [ 0  0  1 31  0  0]
 [ 0  0  0  0 26  1]
 [ 1  1  0  0  0 36]]";0.7281598513011153;0.6883046380378328;"[[ 50  52  15  19  22   6]
 [ 11 274  59  10  13  10]
 [  8  49 376  20  11  11]
 [  7  20  55 316  28  11]
 [  7  21   4   9 357  10]
 [  4  14  29  13  37 194]]";0.6643356643356644;0.608981826563025;"[[ 10  25  10  14  15   6]
 [  9 107  40   7  11   3]
 [  4  24 148   8  11   6]
 [  3  11  31 148  13   5]
 [  5  15   1   5 151   2]
 [  2   9  22   2  17 101]]";174;[23 32 22 32 27 38]
172;CiteSeer;own;-1;0.2;64;0.5;1;0.005;831763849;0.9555555555555556;0.9525606644967728;"[[21  0  1  0  1  0]
 [ 2 32  0  0  0  0]
 [ 0  0 22  0  0  1]
 [ 0  0  1 32  0  0]
 [ 0  0  0  0 27  1]
 [ 0  1  0  0  0 38]]";0.727865796831314;0.6899298365386964;"[[ 53  51  14  18  23   3]
 [ 14 262  71   9  15   5]
 [  9  36 393  17  12  11]
 [  6  18  66 312  28   3]
 [  7  21   5   9 358   7]
 [  6  12  34  11  43 184]]";0.6493506493506493;0.5977068676660314;"[[ 11  24  10  13  17   5]
 [ 10  98  46   7  16   0]
 [  3  20 157   6  11   4]
 [  4   7  41 144  12   3]
 [ 10  14   3   5 146   1]
 [  3  10  23   3  20  94]]";180;[23 34 23 33 28 39]
173;CiteSeer;own;-1;0.2;64;0.5;1;0.005;831763849;0.9731182795698925;0.9704581968851375;"[[21  1  1  0  0  1]
 [ 0 36  0  0  0  0]
 [ 0  0 23  0  0  0]
 [ 0  0  0 35  0  0]
 [ 0  0  0  0 27  1]
 [ 0  0  1  0  0 39]]";0.7406542056074766;0.6989968229651936;"[[ 49  50  13  23  19   5]
 [ 13 262  64  17  11  11]
 [  8  37 374  30   8  14]
 [  5  15  45 354  14   5]
 [  6  23   6  12 346  12]
 [  9   7  31  17  25 200]]";0.6683316683316683;0.60824028946264;"[[  9  23  10  19  13   6]
 [ 10 107  37  10  10   3]
 [  2  22 150  11  10   6]
 [  2   6  29 163   8   3]
 [  5  15   2   9 141   7]
 [  3   7  23   3  18  99]]";186;[24 36 23 35 28 40]
174;CiteSeer;own;-1;0.2;64;0.5;1;0.005;831763849;0.96875;0.9648995774597315;"[[22  1  1  0  1  0]
 [ 0 36  0  0  0  0]
 [ 0  0 24  0  0  0]
 [ 0  0  0 35  0  0]
 [ 1  0  0  0 29  1]
 [ 0  0  1  0  0 40]]";0.732427366447985;0.690177688932924;"[[ 45  50  13  17  26   4]
 [  9 275  47  11  27   9]
 [ 10  48 358  23  17  13]
 [  6  24  39 324  32  10]
 [  6  22   6   6 359  11]
 [  6  11  23   8  37 202]]";0.6663336663336663;0.6099417138479488;"[[ 10  25   7   9  21   8]
 [  8 114  28   8  18   1]
 [  4  23 143  13  13   5]
 [  3  12  29 150  15   2]
 [  5  13   0   5 151   5]
 [  3   8  20   2  21  99]]";192;[25 36 24 35 31 41]
175;CiteSeer;own;-1;0.2;64;0.5;1;0.005;831763849;0.9696969696969697;0.9667870342018948;"[[22  2  1  0  0  1]
 [ 0 37  0  0  0  0]
 [ 0  0 25  0  0  0]
 [ 0  0  0 36  0  0]
 [ 0  0  0  0 31  1]
 [ 0  0  1  0  0 41]]";0.7363721804511278;0.6921555269757395;"[[ 43  51  13  22  20   5]
 [  5 267  64  13  17   9]
 [  5  38 372  33  12  12]
 [  4  19  40 339  26   6]
 [  6  22   9   7 356   7]
 [  5  11  33   8  39 190]]";0.6653346653346653;0.6068974450630676;"[[  9  24  10  15  17   5]
 [  8 112  37   7  12   1]
 [  2  21 150  13  12   3]
 [  3   9  30 155  10   4]
 [  5  17   2   6 142   7]
 [  2   8  22   3  20  98]]";198;[26 37 25 36 32 42]
176;CiteSeer;own;-1;0.2;64;0.5;1;0.005;831763849;0.9705882352941176;0.9691342690825523;"[[24  1  1  0  0  0]
 [ 1 39  1  0  0  0]
 [ 0  0 25  0  0  0]
 [ 0  0  0 37  0  0]
 [ 0  0  0  0 31  1]
 [ 0  1  0  0  0 42]]";0.7313854853911405;0.6907522400419391;"[[ 47  57   9  16  16   6]
 [ 18 293  40  14  11  10]
 [ 15  58 322  28  13  16]
 [  9  30  29 330  24  10]
 [ 10  25   5   6 352   7]
 [  5  21  27   8  27 208]]";0.6703296703296703;0.6150118119070683;"[[ 10  33   3  13  16   5]
 [ 12 126  20   8   9   2]
 [  5  28 135  14  11   8]
 [  4  14  24 156   9   4]
 [  7  18   0   8 142   4]
 [  3  10  18   3  17 102]]";204;[26 41 25 37 32 43]
177;CiteSeer;own;-1;0.2;64;0.5;1;0.005;831763849;0.9666666666666667;0.964057742083518;"[[23  1  1  0  1  0]
 [ 2 41  0  0  0  0]
 [ 0  0 28  0  0  0]
 [ 0  0  0 37  0  0]
 [ 0  0  0  0 32  1]
 [ 0  1  0  0  0 42]]";0.7400756143667296;0.7007121352116642;"[[ 45  51  12  13  24   6]
 [ 10 289  53   9  16  10]
 [  2  53 350  24  11  13]
 [  4  30  45 318  28   4]
 [  6  21   3   7 355   9]
 [  3  18  29   5  31 209]]";0.6743256743256744;0.6180761305274907;"[[ 10  31   6  11  16   6]
 [  9 115  32   6  13   2]
 [  1  28 146   8  10   8]
 [  3  13  27 152  12   4]
 [  3  16   1   8 147   4]
 [  3   8  18   2  17 105]]";210;[26 43 28 37 33 43]
178;CiteSeer;own;-1;0.2;64;0.5;1;0.005;831763849;0.9722222222222222;0.9689231942062131;"[[24  1  1  0  0  0]
 [ 1 43  0  0  0  0]
 [ 0  0 29  0  0  0]
 [ 1  0  0 37  0  0]
 [ 0  0  0  0 34  0]
 [ 1  0  1  0  0 43]]";0.7483412322274882;0.7064049034138891;"[[ 42  52  14  13  19   9]
 [  8 302  45  13  10   9]
 [  1  54 352  26  10   9]
 [  4  33  44 321  24   3]
 [  6  24   5   7 348   6]
 [  5  17  23   6  32 214]]";0.6673326673326674;0.6121775603465269;"[[ 10  31   9  11  12   7]
 [ 11 117  32   7   8   2]
 [  0  33 144  10   9   5]
 [  3  16  24 154   9   5]
 [  3  18   1   8 142   7]
 [  1  10  21   3  17 101]]";216;[26 44 29 38 34 45]
179;CiteSeer;own;-1;0.2;64;0.5;1;0.005;831763849;0.972972972972973;0.9699673551756886;"[[25  0  1  0  1  0]
 [ 0 45  0  0  0  0]
 [ 0  0 31  0  0  0]
 [ 1  0  0 37  0  0]
 [ 0  0  0  0 34  1]
 [ 1  0  1  0  0 44]]";0.7433460076045627;0.7019588345698118;"[[ 42  47  15  13  22   9]
 [  7 283  55   9  19  12]
 [  1  49 353  22  13  14]
 [  4  24  47 316  28   9]
 [  6  21   5   6 349   8]
 [  3  12  21   3  36 221]]";0.6673326673326674;0.6160187835745089;"[[ 12  29   9   8  14   8]
 [ 12 106  36   6  15   2]
 [  0  31 143   8  11   8]
 [  2  12  28 153  12   4]
 [  3  14   1   8 148   5]
 [  1  10  16   2  18 106]]";222;[27 45 31 38 35 46]
180;CiteSeer;own;-1;0.2;64;0.5;1;0.005;831763849;0.9605263157894737;0.9566447184354513;"[[24  1  1  0  1  0]
 [ 0 45  0  0  0  0]
 [ 0  0 31  0  0  0]
 [ 1  0  1 38  0  0]
 [ 0  1  0  0 36  1]
 [ 1  0  1  0  0 45]]";0.7516682554814109;0.7040458169468479;"[[ 35  54  14  16  18  11]
 [  2 290  53  15  12  11]
 [  0  51 349  27   7  18]
 [  3  24  44 329  21   6]
 [  5  23   5   8 345   8]
 [  2  12  18   6  27 229]]";0.6713286713286714;0.6143378299907555;"[[  9  32   8  13  12   6]
 [  9 112  34   9  11   2]
 [  0  31 142   9  11   8]
 [  2  12  28 156   8   5]
 [  3  18   2   9 141   6]
 [  1  10  13   2  15 112]]";228;[27 45 31 40 38 47]
181;CiteSeer;own;-1;0.2;64;0.5;1;0.005;831763849;0.9700854700854701;0.9680107213522979;"[[26  0  1  0  2  0]
 [ 0 46  0  0  0  0]
 [ 0  0 32  1  0  0]
 [ 0  0  0 40  0  0]
 [ 0  1  0  0 36  1]
 [ 0  1  0  0  0 47]]";0.7552581261950286;0.7097871325907069;"[[ 37  53  13  15  17  10]
 [  3 295  44  14  18   9]
 [  0  57 347  24   5  19]
 [  2  28  43 324  23   5]
 [  5  20   4   7 351   7]
 [  2  12  17   6  30 226]]";0.6773226773226774;0.6246398323194641;"[[ 11  31   7  13  12   6]
 [  9 116  32   8  10   2]
 [  0  34 140   8  13   6]
 [  2  11  29 156   9   4]
 [  3  16   2   9 145   4]
 [  2  14  10   2  15 110]]";234;[29 46 33 40 38 48]
182;CiteSeer;own;-1;0.2;64;0.5;1;0.005;831763849;0.9791666666666666;0.9788810445267931;"[[28  1  1  0  0  0]
 [ 0 48  0  0  0  0]
 [ 0  0 34  0  0  0]
 [ 0  0  0 41  0  0]
 [ 0  1  0  0 36  1]
 [ 0  1  0  0  0 48]]";0.7622243528283796;0.7162588191012372;"[[ 38  59  14  10  13  10]
 [  6 315  35   9   9   6]
 [  0  54 360  21   4  12]
 [  5  37  45 313  19   5]
 [  8  23   6   6 341  10]
 [  2  13  22   6  27 223]]";0.6823176823176823;0.6333470665706072;"[[ 13  34   6  12   9   6]
 [  9 130  26   3   7   2]
 [  0  34 146   6   8   7]
 [  2  15  33 150   6   5]
 [  4  18   3   9 137   8]
 [  1  13  14   2  16 107]]";240;[30 48 34 41 38 49]
183;CiteSeer;own;-1;0.2;64;0.5;1;0.005;831763849;0.9715447154471545;0.9706366021979322;"[[29  1  1  0  0  0]
 [ 0 49  0  0  0  0]
 [ 0  0 35  1  0  0]
 [ 0  0  0 41  0  0]
 [ 0  1  0  0 36  1]
 [ 0  0  1  0  1 49]]";0.7610576923076923;0.7129070660877233;"[[ 37  46  14  16  19  10]
 [  6 293  41  13  17   7]
 [  0  44 361  30   6  13]
 [  5  23  44 322  21   5]
 [  9  16   5   5 344  10]
 [  2  10  18   5  37 226]]";0.6883116883116883;0.6385091128760833;"[[ 14  26   6  12  15   7]
 [ 10 116  29   9  11   2]
 [  0  30 149   7  11   4]
 [  3  12  26 159   7   4]
 [  4  14   2   9 143   7]
 [  1  10  15   3  16 108]]";246;[31 49 36 41 38 51]
184;CiteSeer;own;-1;0.2;64;0.5;1;0.005;831763849;0.9642857142857143;0.9624439824439824;"[[30  0  1  1  1  0]
 [ 0 49  0  0  0  0]
 [ 0  1 35  1  0  1]
 [ 0  0  0 41  0  0]
 [ 0  1  0  0 37  1]
 [ 0  0  0  0  1 51]]";0.7647058823529411;0.7125971299592563;"[[ 34  46   9  14  25  12]
 [  7 303  30  11  17   7]
 [  1  55 345  30   7  16]
 [  8  24  32 326  23   7]
 [  7  14   5   5 346  11]
 [  2   7  16   5  35 232]]";0.6973026973026973;0.6407713841189554;"[[ 11  29   6   9  18   7]
 [ 10 125  19   8  13   2]
 [  0  35 144   7  11   4]
 [  4  12  22 159  10   4]
 [  4  12   2   7 148   6]
 [  1  11  11   2  17 111]]";252;[33 49 38 41 39 52]
185;CiteSeer;own;-1;0.2;64;0.5;1;0.005;831763849;0.9806201550387597;0.9798056022739567;"[[32  1  1  0  0  0]
 [ 0 51  0  1  0  0]
 [ 0  0 38  1  0  0]
 [ 0  0  0 41  0  0]
 [ 0  0  0  0 39  1]
 [ 0  0  0  0  0 52]]";0.7678916827852998;0.717875202690216;"[[ 35  46  17  12  20   9]
 [  6 293  40   9  14   9]
 [  0  45 370  28   6   5]
 [  4  22  49 320  20   5]
 [  8  15   5   5 345  10]
 [  2   7  24   6  32 225]]";0.6903096903096904;0.6319043538165827;"[[ 10  27   7  14  15   7]
 [ 10 114  30   7  14   2]
 [  0  32 151   6  10   2]
 [  2  10  29 160   6   4]
 [  4  10   3   9 147   6]
 [  1   8  15   5  15 109]]";258;[34 52 39 41 40 52]
186;CiteSeer;own;-1;0.2;64;0.5;1;0.005;831763849;0.9772727272727273;0.9753932140372629;"[[33  0  1  0  1  0]
 [ 1 52  0  0  0  0]
 [ 0  0 39  1  0  0]
 [ 0  0  0 42  1  0]
 [ 0  0  0  0 39  1]
 [ 0  0  0  0  0 53]]";0.7589718719689622;0.7131525165726534;"[[ 38  50  11   9  19  11]
 [  6 298  35   8  13  12]
 [  2  57 345  27   6  15]
 [  7  34  41 312  18   6]
 [ 10  17   5   5 341  10]
 [  2   8  19   6  28 231]]";0.6873126873126874;0.6346435815110371;"[[ 12  29   7  11  13   8]
 [ 10 125  21   6  13   2]
 [  0  37 141   6  11   6]
 [  5  17  24 153   7   5]
 [  4  13   2   7 146   7]
 [  1   9  14   4  14 111]]";264;[35 53 40 43 40 53]
187;CiteSeer;own;-1;0.2;64;0.5;1;0.005;831763849;0.9777777777777777;0.9757729371961581;"[[34  0  1  0  1  0]
 [ 0 54  0  0  0  0]
 [ 0  0 39  2  0  0]
 [ 0  0  0 43  1  0]
 [ 0  0  0  0 39  1]
 [ 0  0  0  0  0 55]]";0.7582684824902723;0.7087856473950466;"[[ 34  56   9  11  17  10]
 [  4 303  36   8  15   7]
 [  5  56 341  25   6  16]
 [  5  30  48 309  18   6]
 [  8  16   4   4 343  13]
 [  2  10  15   8  29 229]]";0.6783216783216783;0.6196181413614197;"[[  9  30   7  12  14   8]
 [  9 120  27   7  13   1]
 [  0  35 143   6  11   6]
 [  2  15  26 157   7   4]
 [  4  13   3   9 143   7]
 [  1  11  14   5  15 107]]";270;[36 54 41 44 40 55]
188;CiteSeer;own;-1;0.2;64;0.5;1;0.005;831763849;0.9746376811594203;0.9728066421496576;"[[35  0  1  0  1  0]
 [ 1 53  0  0  0  0]
 [ 0  0 41  2  0  0]
 [ 0  0  1 44  0  0]
 [ 0  0  0  0 40  1]
 [ 0  0  0  0  0 56]]";0.7595121951219512;0.7095698891372123;"[[ 34  50  11  12  18  10]
 [  5 273  55   8  18   8]
 [  3  38 366  24   6  17]
 [  5  19  54 312  18   7]
 [  7  15   5   6 343  11]
 [  2   5  18   9  29 229]]";0.6723276723276723;0.6127407526753214;"[[  9  26  10  11  16   8]
 [  9 101  42   6  18   1]
 [  0  28 149   6  12   6]
 [  2   9  29 161   7   3]
 [  5  10   2   9 146   7]
 [  2  10  16   5  13 107]]";276;[37 54 43 45 41 56]
189;CiteSeer;own;-1;0.2;64;0.5;1;0.005;831763849;0.975177304964539;0.9742314158186641;"[[35  1  1  0  0  0]
 [ 0 55  0  0  0  0]
 [ 0  0 41  2  0  1]
 [ 0  0  0 47  0  0]
 [ 0  1  0  0 40  1]
 [ 0  0  0  0  0 57]]";0.7539138943248532;0.7056698699556031;"[[ 33  54  10  12  15  10]
 [  4 301  38   9  10   4]
 [  3  65 338  26   5  16]
 [  4  43  38 306  17   6]
 [  6  21   3   5 339  12]
 [  2  11  15   8  31 224]]";0.6803196803196803;0.623731780862126;"[[  9  38   7  10  10   6]
 [ 10 129  22   4  11   1]
 [  0  40 137   7  11   6]
 [  5  21  22 154   6   3]
 [  4  14   2   7 145   7]
 [  1  14  13   3  15 107]]";282;[37 55 44 47 42 57]
190;CiteSeer;own;-1;0.2;64;0.5;1;0.005;831763849;0.9791666666666666;0.97812622562879;"[[36  0  1  0  0  0]
 [ 0 56  1  0  0  0]
 [ 0  0 44  1  0  0]
 [ 0  0  0 47  0  0]
 [ 1  1  0  0 42  1]
 [ 0  0  0  0  0 57]]";0.7644749754661433;0.7130942071496462;"[[ 32  45  14  13  17   9]
 [  5 276  50  10  13   7]
 [  2  44 374  23   7   9]
 [  3  19  53 312  20   5]
 [  7  15   6   6 341   9]
 [  2   5  21   9  32 223]]";0.6833166833166833;0.6306913636729454;"[[ 12  25  11  10  14   8]
 [ 11 112  36   6  10   2]
 [  0  28 153   5  11   4]
 [  6   9  35 151   6   4]
 [  4  11   3   7 148   6]
 [  1   9  16   5  14 108]]";288;[37 57 45 47 45 57]
191;CiteSeer;own;-1;0.2;64;0.5;1;0.005;831763849;0.9829931972789115;0.9816738809283394;"[[36  1  1  0  0  0]
 [ 0 58  0  0  0  0]
 [ 0  0 46  0  0  0]
 [ 0  0  0 48  0  0]
 [ 1  1  0  0 43  1]
 [ 0  0  0  0  0 58]]";0.7588582677165354;0.7107699539886849;"[[ 34  48  13   7  17  10]
 [  4 293  38  10   9   7]
 [  4  55 362  18   8  10]
 [  5  29  62 287  19   8]
 [  7  16   5   5 345   6]
 [  2   9  18   8  33 221]]";0.6713286713286714;0.6178070850045851;"[[ 10  30  11   6  16   7]
 [ 10 123  27   5  10   2]
 [  0  36 145   5  11   4]
 [  8  15  37 140   6   5]
 [  4  13   2   7 147   6]
 [  1  11  16   3  15 107]]";294;[38 58 46 48 46 58]
192;CiteSeer;own;-1;0.2;64;0.5;1;0.005;831763849;0.98;0.9779774766119539;"[[36  1  1  0  0  0]
 [ 0 59  0  0  0  0]
 [ 0  0 46  0  0  0]
 [ 1  0  1 49  0  0]
 [ 1  0  0  0 46  0]
 [ 0  0  0  0  1 58]]";0.7630799605133267;0.7111586866007483;"[[ 31  43  14  14  17  10]
 [  4 276  44  10  17   9]
 [  2  50 365  21   7  12]
 [  3  19  54 308  19   4]
 [  6  14   5   7 344   7]
 [  1   7  17   8  35 222]]";0.6793206793206793;0.627564036514388;"[[ 12  25  10  10  15   8]
 [  9 116  30   7  13   2]
 [  0  33 146   6  10   6]
 [  7  12  34 148   5   5]
 [  4  11   2   9 147   6]
 [  1   9  12   5  15 111]]";300;[38 59 46 51 47 59]
193;CiteSeer;own;-1;0.2;64;0.5;1;0.005;831763849;0.9836601307189542;0.981702866259298;"[[37  0  1  0  0  0]
 [ 0 60  0  0  0  0]
 [ 0  0 45  1  0  0]
 [ 1  0  1 52  0  0]
 [ 1  0  0  0 47  0]
 [ 0  0  0  0  0 60]]";0.7658415841584159;0.7128125575276735;"[[ 31  43  10  16  19   9]
 [  5 273  43   9  20  10]
 [  0  46 361  26  10   9]
 [  3  20  41 318  19   6]
 [  7  14   5   7 343   6]
 [  2   8  14  10  36 221]]";0.6883116883116883;0.6300672288831469;"[[ 10  33   8   9  12   8]
 [ 11 117  30   5  12   2]
 [  0  29 147   8  11   6]
 [  4  13  23 160   5   6]
 [  4  13   2   9 146   5]
 [  1  10  11   5  17 109]]";306;[38 60 46 54 48 60]
194;CiteSeer;own;-1;0.2;64;0.5;1;0.005;831763849;0.9871794871794872;0.9855503054600993;"[[39  0  1  0  0  0]
 [ 0 60  0  0  0  0]
 [ 0  0 47  0  0  0]
 [ 1  0  1 53  0  0]
 [ 1  0  0  0 48  0]
 [ 0  0  0  0  0 61]]";0.7715988083416088;0.7208277669411753;"[[ 32  43  10  15  17   9]
 [  4 286  44   8  12   6]
 [  0  47 367  22   7   8]
 [  3  23  45 313  16   6]
 [  7  20   6   8 333   7]
 [  2  11  15   8  31 223]]";0.6873126873126874;0.632275007095572;"[[ 11  33  11   8  10   7]
 [ 12 117  33   2  11   2]
 [  0  30 150   7  10   4]
 [  3  15  22 161   4   6]
 [  4  14   2  11 142   6]
 [  1  11  18   3  13 107]]";312;[40 60 47 55 49 61]
195;CiteSeer;own;-1;0.2;64;0.5;1;0.005;831763849;0.9811320754716981;0.980109738062538;"[[40  0  1  0  0  0]
 [ 1 60  0  0  0  0]
 [ 0  0 48  0  0  0]
 [ 0  1  1 55  0  0]
 [ 1  0  0  0 48  1]
 [ 0  0  0  0  0 61]]";0.773406374501992;0.7256747436796948;"[[ 37  37  10  17  16   8]
 [  7 280  38   6  15  10]
 [  2  49 355  19   7  18]
 [  3  20  35 324  16   9]
 [ 10  14   5   8 332  12]
 [  2  10  13   8  31 225]]";0.6923076923076923;0.6396325943450373;"[[ 13  27   9  10  12   9]
 [ 12 115  29   7  12   2]
 [  0  35 141   7  11   7]
 [  3  12  20 166   4   6]
 [  6  12   2   7 146   6]
 [  1   8  15   3  14 112]]";318;[41 61 48 57 50 61]
196;CiteSeer;own;-1;0.2;64;0.5;1;0.005;831763849;0.9753086419753086;0.9741385239695338;"[[40  0  1  0  0  0]
 [ 1 63  0  0  0  0]
 [ 0  0 47  1  0  0]
 [ 0  1  2 55  0  0]
 [ 1  0  0  0 51  0]
 [ 0  0  0  0  1 60]]";0.7702297702297702;0.7149280171813883;"[[ 28  44   9  16  21   5]
 [  4 286  38   4  18   3]
 [  2  53 358  20  10   5]
 [  1  26  42 309  22   3]
 [  6  16   4   7 348   5]
 [  2  11  13   6  44 213]]";0.6903096903096904;0.6339899043598937;"[[ 11  31  10   8  14   6]
 [  8 125  24   4  14   2]
 [  0  36 142   7  12   4]
 [  3  15  22 159   8   4]
 [  4  13   2   3 154   3]
 [  1  11  15   2  24 100]]";324;[41 64 48 58 52 61]
197;CiteSeer;own;-1;0.2;64;0.5;1;0.005;831763849;0.9757575757575757;0.9744230212081672;"[[40  1  1  0  0  0]
 [ 1 64  0  0  0  0]
 [ 0  0 48  1  0  0]
 [ 0  1  1 57  0  0]
 [ 1  0  0  0 52  0]
 [ 0  0  0  0  1 61]]";0.7680360721442886;0.7103741796292286;"[[ 27  42   9  18  18   8]
 [  4 281  41   4  17   6]
 [  2  45 349  24   8  16]
 [  4  23  33 311  22   9]
 [  6  14   5   9 339  12]
 [  1   9  13  13  28 226]]";0.6923076923076923;0.6347358948476489;"[[ 11  32   9   7  14   7]
 [  8 116  29   5  14   5]
 [  0  31 142   8  11   9]
 [  3  14  16 166   7   5]
 [  4  12   2   5 148   8]
 [  1   7  18   3  14 110]]";330;[42 65 49 59 53 62]
198;CiteSeer;own;-1;0.2;64;0.5;1;0.005;831763849;0.9821428571428571;0.9809378696522097;"[[41  0  1  0  0  0]
 [ 0 66  0  0  0  0]
 [ 0  0 50  0  0  0]
 [ 1  1  1 58  0  0]
 [ 1  0  0  0 52  1]
 [ 0  0  0  0  0 63]]";0.7638190954773869;0.705360598870367;"[[ 26  44   8  15  22   6]
 [  4 277  41   4  20   6]
 [  2  51 344  26   7  13]
 [  2  22  33 308  28   8]
 [  6  10   3   8 348   9]
 [  2   9  13  11  37 217]]";0.6873126873126874;0.6343650938981803;"[[ 13  25   9   7  19   7]
 [  9 113  28   4  18   5]
 [  0  34 140   8  11   8]
 [  6  11  16 161  12   5]
 [  4  11   2   5 152   5]
 [  1   8  14   3  18 109]]";336;[42 66 50 61 54 63]
199;CiteSeer;own;-1;0.2;64;0.5;1;0.005;831763849;0.9707602339181286;0.9688977073880171;"[[41  1  1  0  0  0]
 [ 1 66  0  0  0  0]
 [ 0  0 51  0  0  0]
 [ 1  0  3 58  0  0]
 [ 1  0  0  0 53  2]
 [ 0  0  0  0  0 63]]";0.766633064516129;0.7102913804244584;"[[ 28  40   9  18  17   7]
 [  7 277  42   5  15   6]
 [  2  52 349  24   6  10]
 [  3  19  35 315  22   6]
 [  8  16   4   8 338  10]
 [  2   8  15  12  35 214]]";0.6903096903096904;0.6406976554959688;"[[ 15  29   9   6  15   6]
 [  8 115  31   5  14   4]
 [  0  32 144   7  11   7]
 [  5  11  16 167   6   6]
 [  6  12   2   8 144   7]
 [  2  11  15   3  16 106]]";342;[43 67 51 62 56 63]
200;CiteSeer;own;-1;0.2;64;0.5;1;0.005;831763849;0.9741379310344828;0.9725130997222262;"[[42  1  1  0  0  0]
 [ 0 68  0  0  0  0]
 [ 0  0 51  1  0  0]
 [ 1  0  2 60  0  0]
 [ 1  0  0  0 55  1]
 [ 0  0  0  0  1 63]]";0.7730030333670375;0.7191715048975226;"[[ 29  40   7  16  19   7]
 [  6 285  37   4  13   6]
 [  0  56 335  25   8  15]
 [  2  23  29 317  26   5]
 [  6  14   4   8 343   8]
 [  1   7  12  10  35 220]]";0.6913086913086913;0.6338252657244119;"[[ 11  31   7   9  16   6]
 [  8 120  26   5  14   4]
 [  0  34 140   8  11   8]
 [  4  11  15 168   8   5]
 [  4  13   2   8 145   7]
 [  2  11  14   3  15 108]]";348;[44 68 52 63 57 64]
201;CiteSeer;own;-1;0.2;64;0.5;1;0.005;831763849;0.9661016949152542;0.9641221694417402;"[[41  1  1  0  1  0]
 [ 0 68  0  0  0  0]
 [ 0  1 51  1  0  0]
 [ 0  0  3 62  0  1]
 [ 1  0  0  0 56  1]
 [ 1  0  0  0  0 64]]";0.7768762677484787;0.719628286158168;"[[ 27  37   8  18  19   7]
 [  5 275  44   4  16   6]
 [  0  40 350  27   8  13]
 [  1  19  30 319  28   4]
 [  5  11   4   8 345   9]
 [  1   7  13  12  36 216]]";0.6893106893106893;0.6307338853403626;"[[ 11  25  10   9  19   6]
 [  7 112  30   7  17   4]
 [  0  28 145   8  11   9]
 [  3   9  18 167   9   5]
 [  3  12   2   7 148   7]
 [  2   9  14   3  18 107]]";354;[44 68 53 66 58 65]
202;CiteSeer;own;-1;0.2;64;0.5;1;0.005;831763849;0.9666666666666667;0.9646317881127301;"[[41  2  1  0  0  0]
 [ 0 69  0  0  0  0]
 [ 0  1 52  1  0  0]
 [ 1  1  2 64  0  0]
 [ 1  0  0  0 57  1]
 [ 1  0  0  0  0 65]]";0.7706002034587996;0.7166657189599984;"[[ 29  38   7  17  17   6]
 [  7 283  39   6  10   5]
 [  2  53 332  29   7  11]
 [  4  25  27 318  24   2]
 [  8  17   4   8 336   9]
 [  3  10  14  12  30 217]]";0.6973026973026973;0.6432438601205823;"[[ 13  31   6   9  15   6]
 [  7 122  23   8  13   4]
 [  0  33 143   9  10   6]
 [  3  12  15 171   7   3]
 [  4  15   2   8 145   5]
 [  2  13  13   4  17 104]]";360;[44 69 54 68 59 66]
203;CiteSeer;own;-1;0.2;64;0.5;1;0.005;831763849;0.9672131147540983;0.9653279415802535;"[[42  1  1  0  0  0]
 [ 0 69  0  0  0  0]
 [ 0  2 53  1  0  0]
 [ 1  0  3 65  0  0]
 [ 1  0  0  0 59  1]
 [ 1  0  0  0  0 66]]";0.7760204081632653;0.7175551934224517;"[[ 26  38   9  16  19   6]
 [  5 270  44   6  15   7]
 [  0  42 344  29   7  13]
 [  2  18  32 319  25   5]
 [  6  11   3   5 345  10]
 [  1   6  12  10  37 217]]";0.6933066933066933;0.6364290109828251;"[[ 12  24   9   9  18   8]
 [  8 116  28   5  15   5]
 [  0  31 142   8  11   9]
 [  3  11  16 168   8   5]
 [  4  11   2   7 148   7]
 [  2   8  14   3  18 108]]";366;[44 69 56 69 61 67]
204;CiteSeer;own;-1;0.2;64;0.5;1;0.005;831763849;0.9650537634408602;0.962764711839438;"[[43  1  2  0  0  0]
 [ 0 69  0  0  0  0]
 [ 0  1 55  1  0  0]
 [ 2  1  2 65  0  0]
 [ 1  0  0  0 62  0]
 [ 1  0  0  0  1 65]]";0.7753326509723644;0.714245520961322;"[[ 24  36   8  19  21   6]
 [  5 276  39   5  13   8]
 [  0  43 337  33   7  13]
 [  1  17  31 322  26   2]
 [  5  12   3   9 343   7]
 [  2   6  15   9  38 213]]";0.6913086913086913;0.6304631516265905;"[[ 10  27   8   9  18   8]
 [  8 116  30   5  13   5]
 [  0  32 143   8  11   7]
 [  4  10  15 170   8   4]
 [  4  13   2   7 146   7]
 [  2   8  13   5  18 107]]";372;[46 69 57 70 63 67]
205;CiteSeer;own;-1;0.2;64;0.5;1;0.005;831763849;0.9603174603174603;0.957077671639861;"[[41  2  2  0  0  1]
 [ 0 70  0  0  0  0]
 [ 0  0 56  1  0  1]
 [ 1  0  4 67  0  0]
 [ 1  0  0  0 63  0]
 [ 1  0  0  0  1 66]]";0.7761806981519507;0.7123134236521304;"[[ 22  40   9  16  21   6]
 [  5 279  38   4  13   8]
 [  0  40 339  28   8  13]
 [  1  25  33 314  26   2]
 [  5  13   3   6 343   7]
 [  1   9  12   9  35 215]]";0.6923076923076923;0.6274909045352771;"[[  8  30   8   8  18   8]
 [  7 116  31   5  13   5]
 [  0  29 146   8  11   7]
 [  4  12  16 167   8   4]
 [  4  12   3   7 146   7]
 [  1  10  12   3  17 110]]";378;[46 70 58 72 64 68]
206;CiteSeer;own;-1;0.2;64;0.5;1;0.005;831763849;0.9661458333333334;0.9622925924650062;"[[40  1  2  1  0  2]
 [ 1 71  0  0  0  0]
 [ 0  1 57  0  0  1]
 [ 0  0  2 71  0  0]
 [ 1  0  0  0 64  0]
 [ 0  0  0  0  1 68]]";0.7837281153450052;0.7216326767940936;"[[ 24  40   8  17  20   5]
 [  6 286  29   7  15   7]
 [  2  38 335  33   6   8]
 [  2  21  30 322  23   2]
 [  5  13   4   6 342   6]
 [  1   9  11  12  34 213]]";0.7052947052947053;0.6452165477651054;"[[ 11  29   8   8  18   6]
 [  8 121  23   7  14   4]
 [  0  28 148   9  11   5]
 [  2  11  14 173   7   4]
 [  4  13   2   8 145   7]
 [  1  10  12   5  17 108]]";384;[46 72 59 73 65 69]
207;CiteSeer;own;-1;0.2;64;0.5;1;0.005;831763849;0.9641025641025641;0.9593826802840248;"[[39  1  2  1  1  2]
 [ 2 72  0  0  0  0]
 [ 0  1 57  2  0  1]
 [ 0  0  0 73  0  0]
 [ 0  0  0  0 66  0]
 [ 0  0  0  0  1 69]]";0.7840909090909091;0.7213243779945623;"[[ 23  42   8  14  21   5]
 [  4 293  23   8  13   6]
 [  0  41 336  24   7  16]
 [  0  25  31 309  27   6]
 [  4  13   5   5 342   7]
 [  1  10  11   7  34 215]]";0.7102897102897103;0.6496872212336272;"[[ 11  30   5   7  20   7]
 [  7 127  18   6  14   5]
 [  0  29 146   9   9   8]
 [  2  13  13 168  10   5]
 [  4  12   2   4 150   7]
 [  1  10  12   4  17 109]]";390;[46 74 61 73 66 70]
208;CiteSeer;own;-1;0.2;64;0.5;1;0.005;831763849;0.952020202020202;0.9476303002367498;"[[40  1  2  1  1  1]
 [ 2 72  1  0  0  0]
 [ 0  1 55  4  0  1]
 [ 0  0  2 73  0  0]
 [ 1  0  0  0 67  0]
 [ 0  0  0  0  1 70]]";0.7927461139896373;0.7275999991785717;"[[ 22  34   9  20  20   7]
 [  3 281  29  11  14   7]
 [  0  31 347  28   5  12]
 [  0  14  36 322  23   2]
 [  3  11   5   6 344   7]
 [  0   6  11  15  31 214]]";0.7152847152847153;0.6525815526991741;"[[ 11  24   6  10  21   8]
 [  7 121  22   8  14   5]
 [  0  21 153  10  10   7]
 [  1   9  16 174   7   4]
 [  4  11   2   8 148   6]
 [  1   8  11   7  17 109]]";396;[46 75 61 75 68 71]
209;CiteSeer;own;-1;0.2;64;0.5;1;0.005;831763849;0.9527363184079602;0.9480635323338432;"[[41  1  2  1  1  1]
 [ 3 72  0  0  0  0]
 [ 0  2 59  0  0  1]
 [ 0  0  4 73  0  0]
 [ 1  0  0  0 68  0]
 [ 1  0  0  0  1 70]]";0.7801455301455301;0.7175693395528296;"[[ 23  43   7  13  20   6]
 [  4 289  27   5  12   7]
 [  0  41 342  18   6  15]
 [  3  27  40 296  22   7]
 [  5  17   4   5 337   7]
 [  1  13  11   8  29 214]]";0.7012987012987013;0.6430519020556769;"[[ 11  31   5   8  18   7]
 [  7 126  23   6  11   4]
 [  0  30 147   7   9   8]
 [  3  18  17 162   7   4]
 [  4  13   2   5 147   8]
 [  2  11  12   4  15 109]]";402;[47 75 62 77 69 72]
210;CiteSeer;own;-1;0.2;64;0.5;1;0.005;831763849;0.9534313725490197;0.9475531721354908;"[[39  3  2  1  1  1]
 [ 2 74  0  0  0  0]
 [ 0  2 61  0  0  1]
 [ 0  0  3 75  0  0]
 [ 1  0  0  0 69  0]
 [ 1  0  0  0  1 71]]";0.7904066736183525;0.7241711104310798;"[[ 21  38   8  19  20   6]
 [  2 291  22   8  14   7]
 [  0  42 329  27   8  14]
 [  1  19  30 317  24   2]
 [  4  12   2   5 342   9]
 [  0   6   8  13  32 216]]";0.7092907092907093;0.6488631044967059;"[[ 11  30   5   8  18   8]
 [  6 126  21   8  12   4]
 [  0  29 144   9  10   9]
 [  2  11  15 171   8   4]
 [  4  12   2   7 147   7]
 [  2  10  10   3  17 111]]";408;[47 76 64 78 70 73]
211;CiteSeer;own;-1;0.2;64;0.5;1;0.005;831763849;0.9541062801932367;0.9476325387245685;"[[39  4  2  1  1  1]
 [ 0 77  0  0  0  0]
 [ 0  1 61  0  1  2]
 [ 0  0  2 77  0  0]
 [ 3  1  0  0 67  0]
 [ 0  0  0  0  0 74]]";0.7834728033472803;0.7157961664873854;"[[ 20  43   9  13  20   6]
 [  2 286  28   3  15   7]
 [  2  38 336  25   8  11]
 [  2  22  33 305  29   2]
 [  4  12   2   6 341   8]
 [  2   6  10  10  36 210]]";0.7042957042957043;0.6431839673424198;"[[ 10  34   5   7  17   7]
 [  6 126  24   3  13   5]
 [  0  26 149   8  12   6]
 [  2  15  15 164  11   4]
 [  4  14   2   6 147   6]
 [  1   9  11   4  19 109]]";414;[48 77 65 79 71 74]
212;CiteSeer;own;-1;0.2;64;0.5;1;0.005;831763849;0.9619047619047619;0.9553405560980343;"[[38  4  2  1  1  2]
 [ 0 77  1  0  0  0]
 [ 0  0 64  1  0  1]
 [ 0  0  1 79  0  0]
 [ 1  0  0  0 71  0]
 [ 0  0  0  0  1 75]]";0.789087093389297;0.7208836894889127;"[[ 20  39  11  13  21   5]
 [  4 274  36   5  15   7]
 [  0  26 349  25   6  13]
 [  2  24  36 309  16   5]
 [  3  10   3   7 340   8]
 [  0   6  14  10  32 212]]";0.7072927072927073;0.6420328866309505;"[[  9  29   5   7  23   7]
 [  8 115  33   5  11   5]
 [  0  22 152   9  10   8]
 [  2  12  16 171   6   4]
 [  4  11   3   6 147   8]
 [  0   6  13   6  14 114]]";420;[48 78 66 80 72 76]
213;CiteSeer;own;-1;0.2;64;0.5;1;0.005;615395017;0.0;0.0;[[]];0.16766981943250214;0.12794610468143205;"[[ 35  60   4  17  66   2]
 [ 61 157   5  39 145   6]
 [ 16 232   1  38 174   6]
 [ 52 184   8  29 208   9]
 [ 68 101   2  77 161   8]
 [ 18 155   1  31 143   7]]";0.14185814185814186;0.10432572238717874;"[[ 9 28  0 10 32  1]
 [33 56  0 19 66  3]
 [ 9 99  1  8 79  5]
 [27 79  3 13 88  1]
 [34 48  2 31 61  3]
 [ 7 63  1 12 68  2]]";0;[]
214;CiteSeer;own;-1;0.2;64;0.5;1;0.005;615395017;0.8333333333333334;0.7;"[[1 0 0 0]
 [0 0 1 0]
 [0 0 2 0]
 [0 0 0 2]]";0.19525862068965516;0.09079425861617278;"[[  0   0   0   0 179   2]
 [  0   0   0   0 409   2]
 [  0   0   0   0 467   0]
 [  0   0   0   0 484   1]
 [  0   0   0   0 400  15]
 [  0   0   0   0 308  53]]";0.1968031968031968;0.0926004820777659;"[[  0   0   0   0  78   2]
 [  0   1   0   0 176   0]
 [  0   0   0   0 201   0]
 [  0   0   0   0 211   0]
 [  0   0   0   0 174   5]
 [  0   0   0   0 131  22]]";6;[0 1 0 1 2 2]
215;CiteSeer;own;-1;0.2;64;0.5;1;0.005;615395017;0.9166666666666666;0.9142857142857144;"[[3 0 0 0]
 [0 3 0 0]
 [0 0 3 1]
 [0 0 0 2]]";0.3184961106309421;0.1759354622808239;"[[  0  97   0   0  81   2]
 [  0 341   0   0  89   0]
 [  0 318   0   1 148   0]
 [  0 162   0   9 311   1]
 [  0  36   0   0 367  11]
 [  0 234   0   0  86  20]]";0.3146853146853147;0.17798663610369117;"[[  0  32   0   0  46   2]
 [  0 139   0   0  38   0]
 [  0 139   0   0  62   0]
 [  0  61   0   7 143   0]
 [  0  14   0   0 160   5]
 [  0 111   0   0  33   9]]";12;[0 3 0 3 4 2]
216;CiteSeer;own;-1;0.2;64;0.5;1;0.005;615395017;0.8333333333333334;0.7095238095238096;"[[0 1 0 1 0]
 [0 3 0 0 0]
 [0 0 4 0 0]
 [0 0 0 5 1]
 [0 0 0 0 3]]";0.31499133448873484;0.18030122609110413;"[[  0  85   0   0  97   2]
 [  0 302   0   0 128   0]
 [  0 224   0   1 241   0]
 [  0  84   0  22 369   1]
 [  0  19   0   0 383  11]
 [  0 209   0   0 110  20]]";0.3036963036963037;0.17893247107634513;"[[  0  23   0   0  55   2]
 [  0 117   0   0  60   0]
 [  0  93   0   0 108   0]
 [  0  43   0  12 156   0]
 [  0   9   0   0 165   5]
 [  0  94   0   0  49  10]]";18;[2 3 0 4 6 3]
217;CiteSeer;own;-1;0.2;64;0.5;1;0.005;615395017;0.75;0.5525437525437525;"[[0 0 0 1 2 0]
 [0 3 0 0 0 0]
 [0 0 0 1 0 0]
 [0 1 0 5 0 0]
 [0 0 0 0 6 1]
 [0 0 0 0 0 4]]";0.3523023457862728;0.24113043932294365;"[[  0  69   0   6 105   2]
 [  0 257   0   3 164   0]
 [  0 238   0  35 194   2]
 [  0  38   0 134 297   1]
 [  0  13   0   0 391  13]
 [  0 163   0   0 148  29]]";0.34165834165834164;0.23680074486815814;"[[  0  17   0   2  59   2]
 [  0 100   0   1  76   0]
 [  0 104   0  22  75   0]
 [  0  23   0  60 128   0]
 [  0   7   0   0 167   5]
 [  0  75   0   1  62  15]]";24;[3 3 1 6 7 4]
218;CiteSeer;own;-1;0.2;64;0.5;1;0.005;615395017;0.8333333333333334;0.6621632996632997;"[[1 1 0 1 0 0]
 [0 5 0 0 0 0]
 [0 0 0 1 0 0]
 [0 0 0 8 0 0]
 [0 0 0 0 7 2]
 [0 0 0 0 0 4]]";0.4864982578397213;0.3429371152274843;"[[  1 120   0  15  36   3]
 [  0 445   0   8  22   0]
 [  0 351   0  51  16   3]
 [  0 133   0 288  48   1]
 [  0  46   0   2 360  17]
 [  0 246   0   6  55  23]]";0.45254745254745254;0.33320811251585003;"[[  0  42   0  11  25   2]
 [  0 165   0   5   7   0]
 [  1 156   0  32  11   1]
 [  0  67   0 124  20   0]
 [  0  26   0   3 145   5]
 [  0 106   0   5  23  19]]";30;[3 5 1 8 9 4]
219;CiteSeer;own;-1;0.2;64;0.5;1;0.005;615395017;0.8888888888888888;0.7601721695543205;"[[ 0  0  2  1  0  0]
 [ 0  5  0  0  0  0]
 [ 0  0  4  0  0  0]
 [ 0  0  0  9  0  0]
 [ 0  0  0  0 11  0]
 [ 0  0  0  0  1  3]]";0.45414847161572053;0.31841917142898435;"[[  0  33  62   2  70   1]
 [  0 200 175   0  86   0]
 [  0  32 377   1  24   2]
 [  0   7 317  45  98   0]
 [  0   5  14   0 406   8]
 [  0  36 172   0 105  12]]";0.40559440559440557;0.29419123493585553;"[[  0  14  23   2  41   0]
 [  0  62  62   0  53   0]
 [  0  37 145   1  18   0]
 [  0   3 146  23  39   0]
 [  0   3   9   1 165   1]
 [  0  26  73   0  43  11]]";36;[ 3  5  4  9 11  4]
220;CiteSeer;own;-1;0.2;64;0.5;1;0.005;615395017;0.8333333333333334;0.710966497270845;"[[ 0  0  1  1  1  0]
 [ 0  6  0  0  1  0]
 [ 0  0  5  0  0  0]
 [ 0  1  0 10  0  1]
 [ 0  0  0  0 11  0]
 [ 0  0  0  0  1  3]]";0.5394045534150613;0.4094244412997841;"[[  0  70   7  25  62   1]
 [  0 282  35  25  79   1]
 [  0  93 262  27  25   2]
 [  0  77 116 290  71   0]
 [  0  13   4   2 389   2]
 [  0 106  43   7 159   9]]";0.5194805194805194;0.4100945450376892;"[[  0  22   4  16  36   2]
 [  0 114  15  14  33   1]
 [  0  72 101  13  15   0]
 [  0  10  46 124  31   0]
 [  0   8   1   2 168   0]
 [  0  50  23   2  65  13]]";42;[ 3  7  5 12 11  4]
221;CiteSeer;own;-1;0.2;64;0.5;1;0.005;615395017;0.8958333333333334;0.8233674538022364;"[[ 1  0  1  1  0  1]
 [ 0  8  0  0  0  0]
 [ 0  0  7  0  0  0]
 [ 0  0  0 12  0  1]
 [ 0  0  0  0 11  0]
 [ 0  0  0  0  1  4]]";0.5395083406496927;0.41448077281772117;"[[  2  26  32  60  39   2]
 [  0 149  60 174  35   0]
 [  0   5 307 126  15   1]
 [  2   8  85 384  44   0]
 [  0  11   9  14 367   5]
 [  0  38 105  61  92  20]]";0.4755244755244755;0.37980884576578483;"[[  1  12   9  34  24   0]
 [  0  61  36  70  10   0]
 [  0   5 105  79  12   0]
 [  4   2  46 140  19   0]
 [  0  12   3  10 154   0]
 [  0  29  49  20  40  15]]";48;[ 4  8  7 13 11  5]
222;CiteSeer;own;-1;0.2;64;0.5;1;0.005;615395017;0.8888888888888888;0.8173150266971777;"[[ 1  1  1  1  0  1]
 [ 0  9  0  0  0  0]
 [ 0  0  7  0  0  0]
 [ 0  0  0 14  0  1]
 [ 0  0  0  0 11  0]
 [ 0  0  0  0  1  6]]";0.5915492957746479;0.48825751828381225;"[[  0  50  22  49  33   8]
 [  0 193  57 135  23   3]
 [  0   6 296 124  15   1]
 [  1  13  60 402  46   4]
 [  0  19   7  11 364   8]
 [  0  55  76  32  70  89]]";0.5304695304695305;0.44726588694803154;"[[  0  24   4  28  21   3]
 [  0  81  33  50  13   0]
 [  0   7 108  74  12   0]
 [  0   3  42 145  20   1]
 [  0  14   2  10 153   0]
 [  0  36  28   9  36  44]]";54;[ 5  9  7 15 11  7]
223;CiteSeer;own;-1;0.2;64;0.5;1;0.005;615395017;0.9;0.8541292845640672;"[[ 2  1  1  1  0  2]
 [ 0 11  0  0  0  0]
 [ 0  0  7  0  0  0]
 [ 0  0  0 14  0  1]
 [ 0  0  0  0 11  0]
 [ 0  0  0  0  0  9]]";0.6540158870255958;0.5594471757869842;"[[  0  92   7  23  29   8]
 [  0 301  41  46  20   4]
 [  0  20 292 106  15   6]
 [  0  28  68 367  50  12]
 [  0  26   3   4 364  12]
 [  0  51  48  19  46 158]]";0.5854145854145855;0.5083186251458333;"[[  0  29   3  22  21   5]
 [  0 123  26  17  11   0]
 [  0  12 107  68  12   2]
 [  0  15  42 127  22   5]
 [  0  18   1   4 156   0]
 [  0  32  18   7  23  73]]";60;[ 7 11  7 15 11  9]
224;CiteSeer;own;-1;0.2;64;0.5;1;0.005;615395017;0.9242424242424242;0.8917695050047992;"[[ 3  2  1  0  0  1]
 [ 0 12  0  0  0  0]
 [ 0  0  8  0  0  0]
 [ 0  0  0 16  0  1]
 [ 0  0  0  0 11  0]
 [ 0  0  0  0  0 11]]";0.6597345132743363;0.5692856183296823;"[[  0  76  13  38  25   7]
 [  0 284  38  60  18   5]
 [  0  10 309 117  12   5]
 [  0  20  89 364  32  11]
 [  0  19   5   9 363  13]
 [  0  34  50  27  36 171]]";0.5724275724275725;0.5010651231063505;"[[  0  25   5  26  19   5]
 [  0 116  27  24   9   1]
 [  0   8 106  74  11   2]
 [  1   9  57 124  15   5]
 [  0  16   1   7 153   2]
 [  0  31  21  10  17  74]]";66;[ 7 12  8 17 11 11]
225;CiteSeer;own;-1;0.2;64;0.5;1;0.005;615395017;0.875;0.8585014265832679;"[[ 5  1  1  1  3  0]
 [ 0 12  1  0  0  0]
 [ 0  0  8  0  0  0]
 [ 1  0  0 16  0  1]
 [ 0  0  0  0 11  0]
 [ 0  0  0  0  0 11]]";0.6211180124223602;0.5349308151661832;"[[  1  65  18  44  50   4]
 [  0 271  52  63  16   1]
 [  0   9 313 116  12   1]
 [  0  19 117 340  27   5]
 [  0  20   9   8 350  10]
 [  0  43  63  35  47 125]]";0.5424575424575424;0.47141972401431875;"[[  0  21   5  29  22   3]
 [  0 108  33  24  12   0]
 [  0   8 111  71  11   0]
 [  2   6  70 116  15   2]
 [  0  16   3   8 152   0]
 [  1  29  31  11  25  56]]";72;[11 13  8 18 11 11]
226;CiteSeer;own;-1;0.2;64;0.5;1;0.005;615395017;0.8589743589743589;0.8440706467022255;"[[ 6  1  1  1  3  0]
 [ 0 13  1  0  0  0]
 [ 0  0  8  0  0  0]
 [ 0  0  0 18  0  1]
 [ 0  0  0  0 11  0]
 [ 1  0  0  1  1 11]]";0.6596975088967971;0.5650299486521729;"[[  2  75   9  41  45   6]
 [  0 285  30  70  16   2]
 [  0  13 287 131  13   2]
 [  0  22  28 428  27   3]
 [  0  25   4   8 349  11]
 [  0  49  37  50  48 132]]";0.5984015984015985;0.511444703608455;"[[  0  24   3  27  23   3]
 [  0 119  22  25  11   0]
 [  0  10 104  75  11   1]
 [  1   7  23 167  12   1]
 [  0  18   1   9 151   0]
 [  1  36  20  13  25  58]]";78;[12 14  8 19 11 14]
227;CiteSeer;own;-1;0.2;64;0.5;1;0.005;615395017;0.9404761904761905;0.9400961538461537;"[[11  0  1  1  0  0]
 [ 0 14  0  0  0  0]
 [ 0  0  9  1  0  0]
 [ 0  0  0 18  0  1]
 [ 0  0  0  0 12  0]
 [ 1  0  0  0  0 15]]";0.6993755575379126;0.6478138458490559;"[[ 30  57   9  33  34  13]
 [  4 264  34  66  21  10]
 [  0  14 303 102  12  16]
 [  4  15  45 392  39   9]
 [ 11  10   3   6 351  14]
 [  1  10  23  24  35 228]]";0.6223776223776224;0.5568402721999107;"[[  3  16   4  28  22   7]
 [  3 105  25  25  16   3]
 [  0   8 106  68  11   8]
 [  4   5  28 155  17   2]
 [  4  13   1   8 151   2]
 [  2   9  14   8  17 103]]";84;[13 14 10 19 12 16]
228;CiteSeer;own;-1;0.2;64;0.5;1;0.005;615395017;0.8888888888888888;0.8842110107358773;"[[ 9  1  1  3  0  0]
 [ 1 14  1  0  0  0]
 [ 0  0  9  1  0  0]
 [ 0  0  0 19  0  1]
 [ 0  0  0  0 13  0]
 [ 1  0  0  0  0 16]]";0.6958855098389982;0.6448343029253933;"[[ 29  60  10  41  21  14]
 [  3 265  43  67  14  14]
 [  0  12 299 106   8  18]
 [  2  15  46 397  32   7]
 [ 12  14   5   8 337  17]
 [  0  10  27  28  26 229]]";0.6253746253746254;0.5658818965187004;"[[  5  16   3  34  14   8]
 [  3 103  27  25  13   6]
 [  0   8 109  68  11   5]
 [  3   6  31 159  10   2]
 [  5  14   1   9 144   6]
 [  1   9  15  11  11 106]]";90;[14 16 10 20 13 17]
229;CiteSeer;own;-1;0.2;64;0.5;1;0.005;615395017;0.8958333333333334;0.8892316747389212;"[[11  0  1  2  0  0]
 [ 1 16  1  0  0  0]
 [ 0  1  9  1  0  0]
 [ 0  0  0 19  0  1]
 [ 0  0  0  0 14  0]
 [ 1  0  1  0  0 17]]";0.6959641255605381;0.6373370019516034;"[[ 23  61  11  34  23  14]
 [  7 285  41  46  15  16]
 [  0  16 298 101   9  19]
 [  4  21  45 387  34   7]
 [ 16  15   7   7 333  19]
 [  1  11  27  23  28 226]]";0.6333666333666333;0.5730548578940194;"[[  6  20   3  27  16   8]
 [  4 114  24  17  10   8]
 [  0  12 108  59  11  11]
 [  3   9  30 155  12   2]
 [  6  13   1   7 145   7]
 [  1   9  17   7  13 106]]";96;[14 18 11 20 14 19]
230;CiteSeer;own;-1;0.2;64;0.5;1;0.005;615395017;0.9117647058823529;0.9038733958642426;"[[12  0  1  1  0  0]
 [ 0 18  1  0  0  0]
 [ 0  1  9  1  0  0]
 [ 1  0  0 21  0  1]
 [ 0  0  0  0 15  0]
 [ 1  0  1  0  0 18]]";0.7090827338129496;0.6443868346339336;"[[ 21  77   6  24  22  13]
 [  6 322  25  25  14  17]
 [  0  30 282  92   8  29]
 [  5  29  28 397  34   7]
 [ 16  19   5   7 330  19]
 [  1  14  21  26  28 225]]";0.6393606393606394;0.5804837706880103;"[[  8  26   2  22  15   7]
 [  4 130  17   9   8   9]
 [  0  21 100  54  11  15]
 [  2  15  22 157  11   4]
 [  5  18   1   8 143   4]
 [  1  13  18   6  13 102]]";102;[14 19 11 23 15 20]
231;CiteSeer;own;-1;0.2;64;0.5;1;0.005;615395017;0.8888888888888888;0.8808870374352877;"[[12  0  1  1  0  0]
 [ 0 19  1  0  0  0]
 [ 0  1 10  2  0  0]
 [ 2  0  0 20  0  1]
 [ 1  0  0  0 16  0]
 [ 1  0  1  0  0 19]]";0.7033363390441839;0.6295579095977457;"[[ 13  74   7  28  20  15]
 [  4 311  30  31  16  20]
 [  0  30 281  92   9  26]
 [  4  27  27 403  31   6]
 [ 19  23   8   7 329  15]
 [  1  13  22  27  26 223]]";0.6283716283716284;0.569363038821793;"[[  7  24   2  24  16   7]
 [  3 125  20  13   8   8]
 [  0  26  96  54  11  14]
 [  4  14  25 156   9   3]
 [  5  18   1   8 141   6]
 [  1  14  15   7  12 104]]";108;[14 20 13 23 17 21]
232;CiteSeer;own;-1;0.2;64;0.5;1;0.005;615395017;0.8947368421052632;0.8872411210372101;"[[12  0  1  1  0  0]
 [ 0 20  1  0  0  0]
 [ 0  0 12  2  0  0]
 [ 1  0  0 21  0  1]
 [ 2  0  0  0 16  0]
 [ 1  0  2  0  0 21]]";0.7043399638336347;0.6353924123839331;"[[ 15  72   9  26  19  14]
 [  5 320  40  16  13  19]
 [  0  41 320  64  10  19]
 [  4  32  55 351  30  10]
 [ 20  24   6   6 324  15]
 [  1  15  33  12  24 228]]";0.6263736263736264;0.5768800534734172;"[[ 10  23   5  20  15   7]
 [  4 128  21   9   7   8]
 [  0  28 108  41  11  13]
 [  3  17  40 139   9   3]
 [  7  17   1   8 139   7]
 [  1  17  13   6  13 103]]";114;[14 21 14 23 18 24]
233;CiteSeer;own;-1;0.2;64;0.5;1;0.005;615395017;0.9333333333333333;0.9241922409989637;"[[11  0  1  1  1  0]
 [ 0 22  0  0  0  0]
 [ 0  1 12  1  0  0]
 [ 0  0  0 24  0  1]
 [ 0  0  0  0 20  0]
 [ 1  0  0  0  1 23]]";0.7352674524025385;0.656346377336901;"[[ 13  69   7  25  23  17]
 [  3 334  23  14  20  19]
 [  0  42 307  58  11  34]
 [  1  29  30 376  36   9]
 [  4  14   3   4 358  15]
 [  0  17  11  12  34 234]]";0.6423576423576424;0.5791833787098714;"[[  7  25   3  19  18   8]
 [  3 127  17  11  11   8]
 [  0  31 100  39  12  19]
 [  1  16  22 152  16   4]
 [  1  12   1   7 151   7]
 [  1  18   7   5  16 106]]";120;[14 22 14 25 20 25]
234;CiteSeer;own;-1;0.2;64;0.5;1;0.005;615395017;0.9444444444444444;0.934748723887764;"[[12  0  1  1  1  0]
 [ 0 23  0  0  0  0]
 [ 0  1 12  1  0  0]
 [ 0  0  0 26  0  1]
 [ 0  0  0  0 21  0]
 [ 1  0  0  0  0 25]]";0.735;0.6648138562098798;"[[ 19  59   6  32  19  18]
 [  4 324  24  21  17  23]
 [  0  35 301  65   9  39]
 [  0  24  34 380  32  11]
 [  6  12   3   5 356  16]
 [  1  13  10  15  30 237]]";0.6453546453546454;0.5871232312168372;"[[  9  21   4  22  15   9]
 [  4 123  19  14   9   8]
 [  0  26 101  42  12  20]
 [  1  12  24 159  11   4]
 [  2  14   1   8 147   7]
 [  2  16   7   6  15 107]]";126;[15 23 14 27 21 26]
235;CiteSeer;own;-1;0.2;64;0.5;1;0.005;615395017;0.946969696969697;0.9375196449003397;"[[13  0  1  1  1  0]
 [ 0 23  0  0  0  0]
 [ 0  1 12  1  0  0]
 [ 0  0  0 28  0  1]
 [ 0  0  0  0 23  0]
 [ 1  0  0  0  0 26]]";0.7306289881494986;0.6734101312463588;"[[ 30  58   6  26  21  13]
 [ 11 309  24  23  18  22]
 [  2  40 305  64   9  28]
 [  1  24  32 381  37   4]
 [  7  12   6   5 358  13]
 [  2  11  20  16  36 220]]";0.6393606393606394;0.5812146451415451;"[[  9  18   5  23  17   8]
 [  8 120  18  14  11   6]
 [  0  30 101  39  13  18]
 [  0  10  23 160  15   3]
 [  4  13   1   8 149   4]
 [  2  16  10   6  18 101]]";132;[16 23 14 29 23 27]
236;CiteSeer;own;-1;0.2;64;0.5;1;0.005;615395017;0.927536231884058;0.9147822009380445;"[[11  1  1  3  1  0]
 [ 0 23  0  0  0  0]
 [ 0  0 14  1  0  1]
 [ 0  0  0 30  0  1]
 [ 0  0  0  0 24  0]
 [ 1  0  0  0  0 26]]";0.7303473491773309;0.6717580048735758;"[[ 28  55   6  33  20  13]
 [  7 302  23  31  17  22]
 [  0  36 302  74   7  33]
 [  0  22  33 390  30   6]
 [  7  12   4   6 355  15]
 [  1  11  18  16  32 221]]";0.6363636363636364;0.573821324492834;"[[  7  18   4  29  14   8]
 [  8 115  17  21  10   6]
 [  0  27  99  43  13  19]
 [  0   9  23 165  11   3]
 [  3  13   1   8 148   6]
 [  2  17  10   6  15 103]]";138;[17 23 16 31 24 27]
237;CiteSeer;own;-1;0.2;64;0.5;1;0.005;615395017;0.9166666666666666;0.904247149861185;"[[13  1  1  1  1  0]
 [ 1 22  1  0  1  0]
 [ 0  0 14  2  0  1]
 [ 0  0  0 30  0  1]
 [ 0  0  0  0 26  0]
 [ 1  0  0  0  0 27]]";0.7195233730522457;0.6542375013818215;"[[ 23  49   6  27  35  10]
 [  6 281  25  30  40  19]
 [  0  32 312  60  13  32]
 [  0  15  37 376  44   7]
 [  4   2   3   6 378  13]
 [  0  13  18  17  49 200]]";0.6233766233766234;0.552441010841557;"[[  4  13   3  26  27   7]
 [  7 104  19  17  23   7]
 [  0  27 103  38  14  19]
 [  0   6  29 153  19   4]
 [  2   4   1   6 162   4]
 [  1  16  10   6  22  98]]";144;[17 25 17 31 26 28]
238;CiteSeer;own;-1;0.2;64;0.5;1;0.005;615395017;0.92;0.9078410339582138;"[[12  1  1  2  1  0]
 [ 1 25  1  0  0  0]
 [ 0  0 17  1  0  0]
 [ 1  0  0 30  0  1]
 [ 0  0  0  0 27  1]
 [ 1  0  0  0  0 27]]";0.7311580882352942;0.6645965544873119;"[[ 21  58   7  30  20  12]
 [  4 307  27  25  20  18]
 [  0  44 310  61   8  26]
 [  0  26  41 377  24  10]
 [  5  13   3   8 363  14]
 [  0  15  24  16  26 213]]";0.6393606393606394;0.5698330530522687;"[[  4  19   5  25  20   7]
 [  4 119  19  17  11   7]
 [  0  34 107  36   9  15]
 [  2  11  30 156   8   4]
 [  1  14   1   7 150   6]
 [  1  17  12   5  14 104]]";150;[17 27 18 32 28 28]
239;CiteSeer;own;-1;0.2;64;0.5;1;0.005;615395017;0.9487179487179487;0.9417989209521567;"[[14  0  1  2  1  0]
 [ 0 27  1  0  0  0]
 [ 0  0 20  0  0  0]
 [ 0  0  0 32  0  1]
 [ 0  0  0  0 28  1]
 [ 1  0  0  0  0 27]]";0.7308755760368664;0.6587345200530099;"[[ 18  59   7  27  25  11]
 [  2 309  27  25  24  11]
 [  0  42 311  71  10  19]
 [  0  21  38 380  29   4]
 [  3   8   4   6 374  14]
 [  0  14  23  21  39 194]]";0.6333666333666333;0.563114300469623;"[[  4  20   5  24  20   7]
 [  3 118  20  17  15   4]
 [  0  30 108  41  13   9]
 [  0  10  28 157  14   2]
 [  1  12   1   7 154   4]
 [  1  19  15   6  19  93]]";156;[18 28 20 33 29 28]
240;CiteSeer;own;-1;0.2;64;0.5;1;0.005;615395017;0.9506172839506173;0.9457851164805399;"[[16  0  1  2  1  0]
 [ 0 29  0  0  0  0]
 [ 0  0 20  0  0  0]
 [ 1  0  0 32  0  1]
 [ 0  0  0  0 29  1]
 [ 1  0  0  0  0 28]]";0.7333641404805915;0.6611006488548338;"[[ 18  58   5  23  27  14]
 [  2 310  27  21  22  15]
 [  0  39 320  59  11  24]
 [  0  19  44 365  35   8]
 [  3  10   4   4 372  15]
 [  1  15  23  16  33 202]]";0.6363636363636364;0.5693013870428362;"[[  5  21   5  23  19   7]
 [  6 118  19  14  12   8]
 [  0  29 109  38  13  12]
 [  2   9  28 152  16   4]
 [  1  13   1   6 154   4]
 [  1  16  12   6  19  99]]";162;[20 29 20 34 30 29]
241;CiteSeer;own;-1;0.2;64;0.5;1;0.005;615395017;0.9464285714285714;0.9439083227741797;"[[20  0  1  1  1  0]
 [ 0 29  0  0  0  0]
 [ 0  1 21  0  0  0]
 [ 2  0  0 31  0  1]
 [ 0  0  0  0 30  1]
 [ 1  0  0  0  0 28]]";0.73725671918443;0.6782289289618838;"[[ 29  48   4  26  26  10]
 [  4 297  30  26  21  16]
 [  2  37 324  55  12  24]
 [  1  16  45 371  31   4]
 [  4   8   3   5 378  13]
 [  1  15  27  17  36 192]]";0.6283716283716284;0.567299716818093;"[[  7  17   5  23  21   7]
 [ 12 110  20  16  15   4]
 [  0  28 110  36  13  14]
 [  2   7  31 152  16   3]
 [  1  12   1   6 155   4]
 [  1  18  14   6  19  95]]";168;[23 29 22 34 31 29]
242;CiteSeer;own;-1;0.2;64;0.5;1;0.005;615395017;0.9597701149425287;0.9564387616686263;"[[20  0  1  2  1  0]
 [ 0 30  0  0  0  0]
 [ 0  1 23  0  0  0]
 [ 0  0  0 33  0  1]
 [ 0  0  0  0 32  0]
 [ 1  0  0  0  0 29]]";0.7486059479553904;0.6874893452539493;"[[ 27  48   3  24  28  10]
 [  3 304  31  18  19  19]
 [  0  44 317  53  10  28]
 [  1  22  41 373  25   6]
 [  3   6   3   4 385   8]
 [  0  17  27  12  28 205]]";0.6303696303696303;0.5583704613205288;"[[  3  18   5  23  23   8]
 [ 10 115  21  12  13   6]
 [  0  30 106  37  14  14]
 [  1   9  31 156  10   4]
 [  1  12   2   6 152   6]
 [  1  19  14   4  16  99]]";174;[24 30 24 34 32 30]
243;CiteSeer;own;-1;0.2;64;0.5;1;0.005;615395017;0.9611111111111111;0.9573904266506829;"[[20  0  1  1  1  2]
 [ 0 30  1  0  0  0]
 [ 0  0 26  0  0  0]
 [ 0  0  0 34  0  1]
 [ 0  0  0  0 33  0]
 [ 0  0  0  0  0 30]]";0.7534948741845293;0.6963894194750765;"[[ 30  49   6  24  23  10]
 [  3 289  46  21  18  12]
 [  0  34 343  52  12  14]
 [  1  15  45 376  27   3]
 [  2   6   4   4 381   8]
 [  0  13  34  11  32 198]]";0.6463536463536463;0.5828511985425465;"[[  6  15   8  23  23   5]
 [ 11 115  24  12  12   3]
 [  1  24 124  34  13   5]
 [  2   8  33 153  13   2]
 [  1  12   2   6 154   4]
 [  0  21  18   3  16  95]]";180;[25 31 26 35 33 30]
244;CiteSeer;own;-1;0.2;64;0.5;1;0.005;615395017;0.9731182795698925;0.9708378912144987;"[[21  0  0  1  1  2]
 [ 0 32  0  0  0  0]
 [ 0  0 27  0  0  0]
 [ 0  0  0 35  0  1]
 [ 0  0  0  0 35  0]
 [ 0  0  0  0  0 31]]";0.7485981308411215;0.689449249644034;"[[ 28  50   6  21  25   9]
 [  3 296  32  20  21  16]
 [  0  34 331  57  16  16]
 [  2  17  35 372  38   4]
 [  2   8   3   3 375   9]
 [  0  16  21  12  42 200]]";0.6393606393606394;0.5753854214267181;"[[  6  18   4  24  24   4]
 [ 10 112  23  10  17   5]
 [  0  27 118  35  13   8]
 [  2  13  24 152  17   3]
 [  1  11   1   6 156   4]
 [  0  22  15   3  17  96]]";186;[25 32 27 36 35 31]
245;CiteSeer;own;-1;0.2;64;0.5;1;0.005;615395017;0.9427083333333334;0.9386146992941784;"[[20  0  1  1  1  2]
 [ 0 32  0  0  0  0]
 [ 0  0 29  0  0  0]
 [ 0  0  1 34  0  1]
 [ 0  1  1  0 35  0]
 [ 1  0  1  0  0 31]]";0.7521087160262419;0.6902888097666503;"[[ 25  51  13  15  24   9]
 [  4 301  42  11  14  16]
 [  0  24 374  30  10  17]
 [  2  19  78 325  30  10]
 [  2   7   5   5 371  11]
 [  0  13  34   8  25 209]]";0.6553446553446554;0.588377708385657;"[[  5  20  10  18  22   5]
 [ 10 114  29   4  14   6]
 [  0  22 141  19  13   6]
 [  1   9  42 143  12   4]
 [  1  12   3   5 153   5]
 [  0  18  20   2  13 100]]";192;[25 32 29 36 37 33]
246;CiteSeer;own;-1;0.2;64;0.5;1;0.005;615395017;0.9494949494949495;0.9442233314018696;"[[20  0  1  2  1  2]
 [ 0 32  0  0  0  0]
 [ 0  0 30  0  0  0]
 [ 0  0  0 36  0  1]
 [ 0  0  1  0 38  0]
 [ 1  0  1  0  0 32]]";0.7589285714285714;0.6961378580802965;"[[ 25  47   7  23  23   7]
 [  4 287  31  36  17  12]
 [  0  30 342  56  13  14]
 [  2  14  35 391  24   3]
 [  1   8   5   8 370   5]
 [  0  18  21  17  32 200]]";0.6523476523476524;0.5747050467648528;"[[  2  16   5  28  24   5]
 [ 10 108  18  21  17   3]
 [  0  28 122  31  13   7]
 [  2   8  24 168   6   3]
 [  2   8   2   6 157   4]
 [  0  21  18   4  14  96]]";198;[26 32 30 37 39 34]
247;CiteSeer;own;-1;0.2;64;0.5;1;0.005;615395017;0.9362745098039216;0.9307778997828403;"[[20  0  1  2  1  3]
 [ 1 33  0  0  0  0]
 [ 0  0 31  0  0  0]
 [ 0  0  1 35  1  1]
 [ 0  0  1  0 38  0]
 [ 0  0  1  0  0 34]]";0.7535344015080113;0.6921527898723822;"[[ 25  41  14  21  23   9]
 [  4 288  41  20  20  13]
 [  0  27 358  41  15  11]
 [  2  21  55 358  25   5]
 [  2   7   6   9 368   6]
 [  0  17  27  11  30 202]]";0.6463536463536463;0.5760823513261022;"[[  4  18   8  22  23   5]
 [ 10 111  24  11  17   4]
 [  1  25 130  23  15   7]
 [  2  10  34 155   7   3]
 [  1   9   2   9 153   5]
 [  0  19  21   2  17  94]]";204;[27 34 31 38 39 35]
248;CiteSeer;own;-1;0.2;64;0.5;1;0.005;615395017;0.9523809523809523;0.9467972232445917;"[[21  0  1  2  1  3]
 [ 0 35  0  0  0  0]
 [ 0  0 32  0  0  0]
 [ 1  0  0 37  0  1]
 [ 0  0  1  0 39  0]
 [ 0  0  0  0  0 36]]";0.7575614366729678;0.6969508198897715;"[[ 26  43   9  22  23   9]
 [  6 286  35  21  22  14]
 [  0  31 342  49  19  12]
 [  3  18  42 370  27   3]
 [  3   6   4   8 371   6]
 [  0  14  23  13  28 208]]";0.6403596403596403;0.5729064189445062;"[[  5  17   5  24  22   7]
 [ 11 107  22  16  16   5]
 [  0  27 123  29  14   8]
 [  1   9  33 158   8   2]
 [  1   9   2   9 153   5]
 [  0  18  20   4  16  95]]";210;[28 35 32 39 40 36]
249;CiteSeer;own;-1;0.2;64;0.5;1;0.005;615395017;0.9490740740740741;0.9436591887162479;"[[22  0  1  2  1  2]
 [ 1 36  0  0  0  0]
 [ 0  0 33  0  0  0]
 [ 1  0  0 38  0  1]
 [ 0  0  1  0 40  0]
 [ 0  0  1  0  0 36]]";0.7582938388625592;0.691938036710479;"[[ 22  50   8  23  17  13]
 [  6 287  41  22  11  14]
 [  0  28 355  43  14  12]
 [  1  19  50 363  24   4]
 [  3   7   5   8 363  10]
 [  0  12  27  13  25 210]]";0.6453546453546454;0.5759204753228221;"[[  4  15   8  26  19   8]
 [  9 110  25  13  15   5]
 [  0  24 129  26  14   8]
 [  3   9  36 156   5   2]
 [  2  10   2  10 150   5]
 [  0  19  21   2  14  97]]";216;[28 37 33 40 41 37]
250;CiteSeer;own;-1;0.2;64;0.5;1;0.005;615395017;0.954954954954955;0.9495940402566663;"[[23  1  1  2  1  1]
 [ 1 37  0  0  0  0]
 [ 0  0 34  0  0  0]
 [ 0  0  0 40  0  1]
 [ 0  0  1  0 42  0]
 [ 1  0  0  0  0 36]]";0.7561787072243346;0.6836459071288455;"[[ 18  46   8  25  22  10]
 [  4 288  36  22  21  11]
 [  0  28 346  47  20  11]
 [  1  16  41 371  27   4]
 [  1   8   3   8 369   5]
 [  0  12  26  18  32 199]]";0.6393606393606394;0.5656919638557542;"[[  3  17   6  24  23   7]
 [  7 112  23  15  16   4]
 [  0  29 122  27  18   5]
 [  2   9  32 155  11   2]
 [  0  10   2   5 158   4]
 [  1  20  21   5  16  90]]";222;[29 38 34 41 43 37]
251;CiteSeer;own;-1;0.2;64;0.5;1;0.005;615395017;0.9517543859649122;0.947141532025253;"[[24  1  1  2  1  1]
 [ 1 38  0  0  0  0]
 [ 0  0 35  0  0  0]
 [ 0  0  0 40  0  1]
 [ 0  0  1  0 42  0]
 [ 1  0  0  1  0 38]]";0.7559580552907531;0.6846895855514727;"[[ 18  51   8  22  17  12]
 [  3 294  35  20  17  12]
 [  0  32 340  41  16  23]
 [  1  26  44 361  23   4]
 [  3   9   4   9 361   7]
 [  0  15  20  14  24 212]]";0.6503496503496503;0.5789262000128149;"[[  4  17   7  25  20   7]
 [  7 117  23   9  15   6]
 [  0  29 122  25  15  10]
 [  1  11  33 159   5   2]
 [  0  12   2   8 152   5]
 [  1  20  18   3  14  97]]";228;[30 39 35 41 43 40]
252;CiteSeer;own;-1;0.2;64;0.5;1;0.005;615395017;0.9358974358974359;0.9295996899355486;"[[23  1  1  4  1  1]
 [ 1 40  0  0  0  0]
 [ 0  0 36  0  0  0]
 [ 0  0  1 39  0  1]
 [ 0  0  1  0 43  0]
 [ 1  0  1  1  0 38]]";0.7595602294455067;0.6872240504741859;"[[ 18  46   8  24  23  10]
 [  2 282  42  16  26  11]
 [  0  25 375  32  18   5]
 [  1  22  52 347  25   3]
 [  2   8   3   9 367   4]
 [  1  11  32  14  28 200]]";0.6573426573426573;0.5845344233410931;"[[  4  15   9  25  22   5]
 [  8 111  27   8  19   4]
 [  0  26 137  17  16   5]
 [  1  10  32 158   8   2]
 [  0   9   2   8 155   5]
 [  1  19  21   3  16  93]]";234;[31 41 36 41 44 41]
253;CiteSeer;own;-1;0.2;64;0.5;1;0.005;615395017;0.95;0.9464544834071088;"[[26  0  1  3  1  1]
 [ 1 41  0  0  0  0]
 [ 0  0 36  0  0  0]
 [ 0  0  1 40  0  1]
 [ 0  0  1  0 43  0]
 [ 0  0  1  1  0 42]]";0.7689357622243528;0.6956732946435055;"[[ 18  44   8  26  18  14]
 [  2 288  32  18  20  18]
 [  0  30 361  33  11  20]
 [  1  17  44 356  23   7]
 [  2   8   3   9 357  13]
 [  0  11  18  12  20 224]]";0.6613386613386614;0.5908909976035419;"[[  5  12   7  28  19   9]
 [  7 115  23   9  16   7]
 [  1  29 129  17  15  10]
 [  1  13  28 163   4   2]
 [  1   9   1  11 149   8]
 [  1  20  17   3  11 101]]";240;[32 42 36 42 44 44]
254;CiteSeer;own;-1;0.2;64;0.5;1;0.005;615395017;0.943089430894309;0.9386463153704533;"[[26  0  1  4  1  1]
 [ 1 43  0  0  0  0]
 [ 0  1 36  0  0  0]
 [ 0  0  1 40  0  1]
 [ 0  0  1  0 44  0]
 [ 0  0  1  1  0 43]]";0.7629807692307692;0.6881169890398519;"[[ 16  47  10  24  19  11]
 [  2 297  35  12  21  13]
 [  0  38 361  29  16   8]
 [  1  28  48 344  22   5]
 [  2   8   3   9 359  11]
 [  0  14  22  11  24 210]]";0.6573426573426573;0.5856494771749062;"[[  4  19   7  23  21   6]
 [  8 118  24   8  14   5]
 [  0  33 130  15  17   6]
 [  1  14  31 155   8   2]
 [  1   9   2   6 155   6]
 [  1  20  18   3  15  96]]";246;[33 44 37 42 45 45]
255;CiteSeer;own;-1;0.2;64;0.5;1;0.005;615395017;0.9404761904761905;0.9367743873704604;"[[27  0  1  3  1  1]
 [ 1 45  0  0  0  0]
 [ 0  0 38  0  0  0]
 [ 0  0  1 40  1  1]
 [ 0  0  1  1 44  0]
 [ 1  0  1  1  0 43]]";0.76374156219865;0.6930447163096152;"[[ 19  43  10  24  17  12]
 [  2 284  38  13  25  16]
 [  0  27 366  30  16  12]
 [  1  24  45 339  23   6]
 [  2   7   3  15 365  10]
 [  1  10  23  13  22 211]]";0.6733266733266733;0.6016685435068699;"[[  5  17   9  24  19   6]
 [  7 117  25   5  16   7]
 [  0  25 138  16  15   7]
 [  1  13  27 158  10   2]
 [  1   8   2   6 156   6]
 [  1  19  18   2  13 100]]";252;[33 46 38 43 46 46]
256;CiteSeer;own;-1;0.2;64;0.5;1;0.005;615395017;0.9457364341085271;0.9411643716074206;"[[28  0  1  3  1  1]
 [ 1 46  0  0  0  0]
 [ 0  0 39  0  0  0]
 [ 1  0  1 41  0  1]
 [ 1  0  1  0 46  0]
 [ 1  0  0  1  0 44]]";0.7591876208897486;0.6865007759111;"[[ 18  43   8  20  23  11]
 [  3 286  34  11  28  14]
 [  0  31 358  29  20  12]
 [  0  24  41 333  33   6]
 [  5   7   3   6 373   8]
 [  1  13  22  13  29 202]]";0.6663336663336663;0.595003927587709;"[[  5  19   6  19  25   6]
 [  7 117  24   5  18   6]
 [  1  25 133  16  17   9]
 [  3  13  22 156  15   2]
 [  1   8   2   4 160   4]
 [  1  21  18   2  15  96]]";258;[34 47 39 44 48 46]
257;CiteSeer;own;-1;0.2;64;0.5;1;0.005;615395017;0.9393939393939394;0.9342847448669964;"[[28  1  1  3  1  1]
 [ 1 47  1  0  0  0]
 [ 0  0 39  0  0  0]
 [ 1  0  1 42  0  1]
 [ 1  0  1  0 47  0]
 [ 1  0  0  1  0 45]]";0.7613967022308439;0.6883697494977699;"[[ 18  44   8  24  18  11]
 [  7 280  36  13  25  14]
 [  0  25 360  32  16  14]
 [  0  18  46 334  32   6]
 [  6   7   3   7 372   5]
 [  1  10  25  13  26 206]]";0.6613386613386614;0.5911514887706728;"[[  5  14   7  23  25   6]
 [  9 115  23   6  17   7]
 [  0  24 135  16  17   9]
 [  2  13  27 152  15   2]
 [  2   8   2   5 158   4]
 [  1  18  19   2  16  97]]";264;[35 49 39 45 49 47]
258;CiteSeer;own;-1;0.2;64;0.5;1;0.005;615395017;0.9481481481481482;0.9437408344514919;"[[29  1  1  3  1  1]
 [ 0 48  1  0  0  0]
 [ 0  0 40  0  0  0]
 [ 0  0  1 44  0  1]
 [ 1  0  1  0 49  0]
 [ 1  0  0  1  0 46]]";0.7641050583657587;0.6858490531829927;"[[ 15  44   8  21  23  11]
 [  7 285  38  11  20  14]
 [  0  26 365  27  18   9]
 [  0  23  45 327  32   8]
 [  4   5   4   6 373   6]
 [  1  12  23  12  27 206]]";0.6623376623376623;0.5926319322690878;"[[  5  16   7  21  25   6]
 [  8 116  23   6  17   7]
 [  0  25 138  16  16   6]
 [  2  11  28 151  17   2]
 [  1  12   2   4 155   5]
 [  1  20  19   1  14  98]]";270;[36 49 40 46 51 48]
259;CiteSeer;own;-1;0.2;64;0.5;1;0.005;615395017;0.9420289855072463;0.9370122876166699;"[[29  1  1  3  2  1]
 [ 0 49  1  0  0  0]
 [ 0  0 39  1  0  0]
 [ 0  0  1 45  0  1]
 [ 1  0  1  0 50  0]
 [ 1  0  0  1  0 48]]";0.7673170731707317;0.6868896246865491;"[[ 14  42   8  21  24  12]
 [  7 280  35  11  24  17]
 [  0  30 360  30  15   9]
 [  1  18  39 334  33   9]
 [  3   5   3   6 374   6]
 [  1  12  19  12  25 211]]";0.6633366633366633;0.5932378176256413;"[[  5  15   8  21  25   6]
 [  8 116  22   6  18   7]
 [  0  26 135  16  18   6]
 [  1  11  27 152  18   2]
 [  1   9   2   4 157   6]
 [  1  20  18   2  13  99]]";276;[37 50 40 47 52 50]
260;CiteSeer;own;-1;0.2;64;0.5;1;0.005;615395017;0.9468085106382979;0.9425721983898475;"[[30  1  1  3  1  1]
 [ 1 50  1  0  0  0]
 [ 0  0 41  0  0  0]
 [ 0  0  1 46  0  1]
 [ 1  0  1  0 51  0]
 [ 0  0  0  2  0 49]]";0.762720156555773;0.6829971898339147;"[[ 14  42   8  22  22  12]
 [  5 277  32  12  26  20]
 [  0  29 360  25  17  12]
 [  1  21  45 325  33   7]
 [  6   5   3   6 371   8]
 [  1  11  19  12  23 212]]";0.6573426573426573;0.5888009706163903;"[[  5  17   7  19  26   6]
 [  9 114  24   5  18   7]
 [  0  28 132  16  17   8]
 [  2  11  30 149  17   2]
 [  1   9   3   3 158   5]
 [  1  21  20   1  10 100]]";282;[37 52 41 48 53 51]
261;CiteSeer;own;-1;0.2;64;0.5;1;0.005;615395017;0.9479166666666666;0.9440835405330907;"[[32  0  1  2  1  1]
 [ 2 51  2  0  0  0]
 [ 0  0 41  0  0  0]
 [ 0  0  1 47  0  1]
 [ 1  0  1  0 52  0]
 [ 1  0  0  1  0 50]]";0.7585868498527969;0.6771749826597109;"[[ 13  44   8  21  22  12]
 [  8 286  31  12  21  16]
 [  0  34 349  26  17  15]
 [  2  23  38 328  34   7]
 [  5   7   3   5 367   7]
 [  1  14  18  11  30 203]]";0.6533466533466533;0.5855252273924287;"[[  5  18   6  19  26   6]
 [  8 117  23   5  18   6]
 [  0  31 127  16  18   9]
 [  2  12  27 150  18   2]
 [  3  10   1   5 156   4]
 [  1  21  18   2  12  99]]";288;[37 55 41 49 54 52]
262;CiteSeer;own;-1;0.2;64;0.5;1;0.005;615395017;0.9455782312925171;0.9410191109545979;"[[32  0  1  2  1  2]
 [ 2 54  1  0  0  0]
 [ 0  0 41  1  0  0]
 [ 0  0  1 47  0  1]
 [ 1  0  1  0 53  0]
 [ 1  0  0  1  0 51]]";0.7667322834645669;0.6847654561445037;"[[ 13  46   8  22  20  11]
 [  3 295  28  11  22  16]
 [  0  29 350  26  17  19]
 [  1  24  37 329  32   7]
 [  3   8   3   5 366   7]
 [  1  13  21  10  24 205]]";0.6543456543456544;0.5855940778998027;"[[  5  15   7  19  28   6]
 [  8 119  21   7  16   6]
 [  0  32 126  16  16  11]
 [  1  13  27 154  14   2]
 [  1  14   2   4 153   5]
 [  1  21  19   1  13  98]]";294;[38 57 42 49 55 53]
263;CiteSeer;own;-1;0.2;64;0.5;1;0.005;615395017;0.9466666666666667;0.9423859135239953;"[[32  0  1  2  1  2]
 [ 2 56  1  0  0  1]
 [ 0  0 43  0  0  0]
 [ 0  0  1 49  0  1]
 [ 1  0  1  0 53  0]
 [ 1  0  0  1  0 51]]";0.7709772951628825;0.6953055432606661;"[[ 17  47   8  17  20  11]
 [  2 294  30   9  19  20]
 [  0  30 357  21  16  17]
 [  3  22  42 324  31   5]
 [  4   8   3   4 365   8]
 [  3  12  20   9  23 205]]";0.6623376623376623;0.5983006715477702;"[[  7  16   9  16  26   6]
 [  8 120  21   6  15   7]
 [  0  32 130  14  15  10]
 [  1  12  28 154  14   2]
 [  1  14   3   3 153   5]
 [  2  21  19   1  11  99]]";300;[38 60 43 51 55 53]
264;CiteSeer;own;-1;0.2;64;0.5;1;0.005;615395017;0.9411764705882353;0.9358372408832296;"[[32  1  1  1  2  2]
 [ 2 58  1  0  0  0]
 [ 0  0 43  0  0  0]
 [ 1  0  1 49  0  1]
 [ 1  0  1  0 54  0]
 [ 1  0  1  1  0 52]]";0.7653465346534654;0.687853172246216;"[[ 15  43   8  21  21  11]
 [  1 287  29  11  29  16]
 [  0  32 349  24  21  15]
 [  1  22  38 327  33   5]
 [  2   8   3   5 367   6]
 [  2  12  13  12  30 201]]";0.6553446553446554;0.5870999171412566;"[[  5  14   8  18  29   6]
 [  8 117  22   5  19   6]
 [  0  31 129  16  18   7]
 [  3  10  27 151  17   3]
 [  1  12   2   4 156   4]
 [  2  23  16   2  12  98]]";306;[39 61 43 52 56 55]
265;CiteSeer;own;-1;0.2;64;0.5;1;0.005;615395017;0.9423076923076923;0.9378973095568228;"[[34  1  1  1  1  3]
 [ 2 59  2  0  0  0]
 [ 0  0 44  0  0  0]
 [ 1  0  1 49  0  1]
 [ 1  0  1  0 54  0]
 [ 1  0  0  1  0 54]]";0.7735849056603774;0.6914398634232747;"[[ 13  42   9  21  20  12]
 [  2 287  37   9  21  17]
 [  0  27 359  19  15  20]
 [  1  20  46 325  26   6]
 [  2   8   3   6 365   7]
 [  2  11  16  12  19 209]]";0.6663336663336663;0.5972526978880123;"[[  5  16  10  19  23   7]
 [ 10 110  24   7  20   6]
 [  0  25 136  15  14  11]
 [  2  13  28 151  14   3]
 [  1  11   2   4 156   5]
 [  2  18  14   1   9 109]]";312;[41 63 44 52 56 56]
266;CiteSeer;own;-1;0.2;64;0.5;1;0.005;615395017;0.9433962264150944;0.9384698605886412;"[[34  1  1  2  2  2]
 [ 2 62  1  0  0  0]
 [ 0  0 44  0  0  0]
 [ 0  0  1 51  0  1]
 [ 1  0  1  0 54  0]
 [ 1  0  1  1  0 55]]";0.773406374501992;0.701530512609906;"[[ 18  50   7  16  17   9]
 [  0 301  24   5  22  16]
 [  0  36 343  23  16  22]
 [  2  35  32 322  27   5]
 [  2   9   3   6 360   7]
 [  0  15  14  12  23 209]]";0.6683316683316683;0.6059117652484104;"[[  7  23   6  17  22   5]
 [  8 123  19   6  15   6]
 [  0  37 125  15  15   9]
 [  1  20  22 153  13   2]
 [  1  14   3   3 153   5]
 [  2  19  14   1   9 108]]";318;[42 65 44 53 56 58]
267;CiteSeer;own;-1;0.2;64;0.5;1;0.005;615395017;0.941358024691358;0.9371055586317173;"[[36  0  1  1  3  3]
 [ 3 61  1  0  0  0]
 [ 0  1 44  0  0  0]
 [ 0  0  2 53  0  1]
 [ 1  0  1  0 54  0]
 [ 0  0  0  1  0 57]]";0.7782217782217782;0.7088430152296031;"[[ 20  45   8  15  19  10]
 [  3 288  27   4  24  19]
 [  0  29 352  21  17  23]
 [  3  28  33 322  31   5]
 [  3   7   3   6 356   8]
 [  0   8  13  10  22 220]]";0.6783216783216783;0.6188256127358928;"[[  9  18   6  16  25   6]
 [ 10 113  23   5  18   8]
 [  1  28 132  15  14  11]
 [  2  19  23 151  14   2]
 [  1  11   3   3 156   5]
 [  2  10  14   1   8 118]]";324;[44 65 45 56 56 58]
268;CiteSeer;own;-1;0.2;64;0.5;1;0.005;615395017;0.9303030303030303;0.9230720769853432;"[[32  0  1  3  4  4]
 [ 2 63  1  0  0  0]
 [ 0  0 45  1  0  0]
 [ 1  0  1 55  1  1]
 [ 1  0  1  0 54  0]
 [ 0  0  0  1  0 58]]";0.7820641282565131;0.7063162791456787;"[[ 16  44   8  21  16  10]
 [  0 289  24  17  18  17]
 [  0  30 345  31  17  18]
 [  1  22  31 338  25   4]
 [  3   6   3   7 355   8]
 [  0   6  14  13  21 218]]";0.6833166833166833;0.6205380295479466;"[[  8  18   6  20  22   6]
 [  8 114  21  13  15   6]
 [  0  30 131  17  12  11]
 [  2  17  16 159  14   3]
 [  1  14   2   4 153   5]
 [  1  10  14   2   7 119]]";330;[44 66 46 59 56 59]
269;CiteSeer;own;-1;0.2;64;0.5;1;0.005;615395017;0.9345238095238095;0.9291722690871471;"[[35  1  1  2  4  3]
 [ 3 62  1  0  0  0]
 [ 0  0 46  1  0  0]
 [ 0  0  1 58  0  1]
 [ 1  0  1  0 55  1]
 [ 0  0  0  1  0 58]]";0.7939698492462312;0.7182807719532986;"[[ 17  43   8  18  18  10]
 [  2 285  29  12  21  15]
 [  0  18 371  21  16  14]
 [  1  21  35 331  28   4]
 [  2   6   4   6 357   6]
 [  0   6  15  11  20 219]]";0.6853146853146853;0.6222112486663679;"[[  8  14   8  21  23   6]
 [  9 112  24   9  18   5]
 [  1  25 140  14  13   8]
 [  1  12  25 154  16   3]
 [  1  11   3   3 156   5]
 [  1  11  14   2   9 116]]";336;[46 66 47 60 58 59]
270;CiteSeer;own;-1;0.2;64;0.5;1;0.005;615395017;0.9385964912280702;0.9337507364734471;"[[37  1  1  1  5  3]
 [ 2 63  1  0  0  0]
 [ 0  0 47  1  0  0]
 [ 1  0  1 58  0  1]
 [ 1  0  1  0 57  0]
 [ 0  0  0  1  0 59]]";0.795866935483871;0.7349042163114178;"[[ 26  38   8  18  17   7]
 [  4 284  28  10  23  14]
 [  0  20 362  25  16  16]
 [  2  21  29 336  27   4]
 [  2   6   3   6 356   6]
 [  0   6  14  14  21 215]]";0.6813186813186813;0.6192283615114685;"[[  8  18   6  20  24   4]
 [ 11 112  23  10  17   4]
 [  1  24 139  17  14   6]
 [  2  15  20 157  15   2]
 [  1  13   2   4 154   5]
 [  1  12  15   2  11 112]]";342;[48 66 48 61 59 60]
271;CiteSeer;own;-1;0.2;64;0.5;1;0.005;615395017;0.9281609195402298;0.923628430639105;"[[38  2  1  1  4  4]
 [ 2 64  1  0  0  0]
 [ 0  0 47  1  0  0]
 [ 3  0  1 57  1  1]
 [ 1  0  1  0 57  0]
 [ 0  0  0  1  0 60]]";0.7942366026289182;0.7332266251347054;"[[ 26  34   8  18  15   9]
 [  7 277  29  14  22  16]
 [  0  19 358  29  13  18]
 [  2  16  29 341  26   5]
 [  2   6   3   7 355   6]
 [  0   6  15  12  21 214]]";0.6843156843156843;0.6250193087889185;"[[ 10  15   7  20  23   5]
 [ 13 110  23  10  17   4]
 [  1  21 139  17  13  10]
 [  2  13  19 162  13   2]
 [  1  14   2   4 153   5]
 [  1  11  16   3  11 111]]";348;[50 67 48 63 59 61]
272;CiteSeer;own;-1;0.2;64;0.5;1;0.005;615395017;0.940677966101695;0.9367542602703255;"[[40  3  0  1  3  4]
 [ 2 65  1  0  0  0]
 [ 1  0 47  1  0  0]
 [ 0  0  1 62  0  1]
 [ 1  0  1  0 58  0]
 [ 0  0  0  1  0 61]]";0.7920892494929006;0.7306999705843574;"[[ 25  34   7  17  17   9]
 [  5 276  28  17  22  15]
 [  1  21 347  32  16  19]
 [  1  20  23 343  27   5]
 [  2   6   3   5 357   5]
 [  0   6  14  12  21 214]]";0.6833166833166833;0.6219600155101898;"[[  9  17   6  19  24   5]
 [ 11 113  22  10  16   5]
 [  1  26 132  16  16  10]
 [  1  14  16 165  13   2]
 [  1  14   3   3 153   5]
 [  1  11  16   2  11 112]]";354;[51 68 49 64 60 62]
273;CiteSeer;own;-1;0.2;64;0.5;1;0.005;615395017;0.9388888888888889;0.9347789294607424;"[[40  3  0  2  2  4]
 [ 2 66  1  0  0  0]
 [ 1  0 48  1  0  0]
 [ 0  0  1 63  0  1]
 [ 1  0  1  0 59  0]
 [ 1  0  0  1  0 62]]";0.7899287894201424;0.727952238931687;"[[ 25  36   7  17  15   8]
 [  8 276  29  16  17  15]
 [  0  22 354  25  16  19]
 [  3  16  34 334  27   4]
 [  3   6   3   5 353   5]
 [  0   6  16  11  24 211]]";0.6843156843156843;0.621027392583915;"[[  8  18   7  19  23   5]
 [ 14 112  24  10  13   4]
 [  2  21 142  14  14   8]
 [  2  13  19 161  13   3]
 [  1  15   3   3 152   5]
 [  2  11  18   2  10 110]]";360;[51 69 50 65 61 64]
274;CiteSeer;own;-1;0.2;64;0.5;1;0.005;615395017;0.9480874316939891;0.9443712232762964;"[[42  2  0  1  4  2]
 [ 1 68  1  0  0  0]
 [ 1  0 49  1  0  0]
 [ 0  0  1 64  0  1]
 [ 1  0  1  0 61  0]
 [ 1  0  0  1  0 63]]";0.7923469387755102;0.7298422948175932;"[[ 24  36   7  19  15   7]
 [  4 280  30  15  17  13]
 [  0  21 357  29  16  13]
 [  2  17  33 334  25   5]
 [  2   6   3   5 352   5]
 [  0   9  19  11  23 206]]";0.6813186813186813;0.617937323738247;"[[  8  18   8  19  22   5]
 [ 11 113  24  10  14   5]
 [  2  23 142  14  15   5]
 [  2  14  20 160  13   2]
 [  1  13   3   3 154   5]
 [  2  10  20   3  13 105]]";366;[51 70 51 66 63 65]
275;CiteSeer;own;-1;0.2;64;0.5;1;0.005;615395017;0.9327956989247311;0.9285437891097867;"[[41  2  0  3  3  3]
 [ 1 68  1  0  0  0]
 [ 1  1 51  1  0  0]
 [ 1  0  1 64  1  1]
 [ 1  0  1  0 61  0]
 [ 2  0  0  1  0 62]]";0.7927328556806551;0.7272819547903473;"[[ 22  36   7  20  15   7]
 [  4 277  28  16  17  16]
 [  0  22 354  30  14  14]
 [  2  21  33 330  23   5]
 [  3   6   2   5 352   5]
 [  0   7  15  10  22 214]]";0.6863136863136863;0.6228193185573837;"[[  8  18   7  19  22   6]
 [ 13 113  22   9  15   5]
 [  2  22 139  16  14   8]
 [  2  15  18 160  13   3]
 [  1  13   2   4 154   5]
 [  2  11  15   2  10 113]]";372;[52 70 54 68 63 65]
276;CiteSeer;own;-1;0.2;64;0.5;1;0.005;615395017;0.9391534391534392;0.9345867375134204;"[[41  3  0  2  3  3]
 [ 2 69  1  0  0  0]
 [ 1  1 52  1  0  0]
 [ 0  0  1 67  0  1]
 [ 1  0  1  0 62  0]
 [ 1  0  0  1  0 64]]";0.7962012320328542;0.7305681103317995;"[[ 22  35   7  18  17   7]
 [  3 273  32  15  21  15]
 [  1  17 365  28  10  11]
 [  1  19  35 327  26   5]
 [  3   5   2   5 351   5]
 [  0   8  16   8  22 213]]";0.6913086913086913;0.6266060565481447;"[[  8  15   9  17  24   7]
 [ 16 109  23   9  15   5]
 [  1  20 145  15  13   7]
 [  1  14  20 161  13   2]
 [  1  12   3   2 156   5]
 [  1  12  15   2  10 113]]";378;[52 72 55 69 64 66]
277;CiteSeer;own;-1;0.2;64;0.5;1;0.005;615395017;0.9427083333333334;0.9386537537810602;"[[43  2  0  1  4  3]
 [ 2 70  1  0  0  0]
 [ 1  0 54  1  0  0]
 [ 1  0  1 68  0  1]
 [ 1  0  1  0 63  0]
 [ 1  0  0  1  0 64]]";0.7893923789907312;0.725959886215724;"[[ 23  31   7  22  16   6]
 [  6 265  32  14  26  15]
 [  2  19 351  28  17  15]
 [  1  19  28 332  26   4]
 [  2   5   2   6 350   5]
 [  0   6  14   9  26 212]]";0.6943056943056943;0.6289284853442734;"[[  8  15   7  18  25   7]
 [ 16 109  24   9  14   5]
 [  2  17 145  15  13   9]
 [  3  11  18 164  13   2]
 [  1  12   3   3 155   5]
 [  1   9  15   2  12 114]]";384;[53 73 56 71 65 66]
278;CiteSeer;own;-1;0.2;64;0.5;1;0.005;615395017;0.9333333333333333;0.9290932442170831;"[[43  3  0  2  3  3]
 [ 3 71  2  0  0  0]
 [ 1  0 54  1  0  0]
 [ 1  0  1 68  0  1]
 [ 2  0  1  0 63  0]
 [ 1  0  0  1  0 65]]";0.793904958677686;0.7299177286461429;"[[ 23  37   8  18  12   6]
 [  7 278  31  14  14  13]
 [  0  18 362  29  13  14]
 [  0  25  29 323  22   4]
 [  3   7   3   6 344   6]
 [  1   9  17   9  24 207]]";0.6903096903096904;0.6336694118734133;"[[ 11  20   6  16  23   4]
 [ 12 115  25  10  10   5]
 [  1  20 143  15  13   9]
 [  1  18  21 160   9   2]
 [  0  17   3   3 151   5]
 [  1  12  17   2  10 111]]";390;[54 76 56 71 66 67]
279;CiteSeer;own;-1;0.2;64;0.5;1;0.005;615395017;0.9292929292929293;0.9253711252604075;"[[44  3  0  2  3  3]
 [ 3 72  3  0  0  0]
 [ 1  0 55  1  0  0]
 [ 2  0  1 67  0  1]
 [ 1  0  1  0 65  0]
 [ 1  0  0  1  1 65]]";0.7860103626943005;0.7229896160216582;"[[ 23  26   7  22  18   7]
 [  8 260  35  13  26  14]
 [  1  16 360  24  18  18]
 [  0  17  35 317  28   4]
 [  3   4   3   4 349   5]
 [  0   7  19   5  26 208]]";0.6803196803196803;0.6206468617696209;"[[ 10  13   9  18  25   5]
 [ 15 105  25  11  16   5]
 [  2  16 143  13  17  10]
 [  2  12  21 159  15   2]
 [  1  11   3   3 156   5]
 [  1  11  20   1  12 108]]";396;[55 78 57 71 67 68]
280;CiteSeer;own;-1;0.2;64;0.5;1;0.005;615395017;0.9378109452736318;0.9336506000326209;"[[44  2  1  2  2  4]
 [ 3 73  3  0  0  0]
 [ 0  0 58  1  0  0]
 [ 1  0  1 69  0  1]
 [ 1  0  1  0 66  0]
 [ 1  0  0  1  0 67]]";0.7988565488565489;0.7333130674721023;"[[ 22  37   8  17  10   6]
 [  8 270  33  13  15  15]
 [  0  19 364  26   9  19]
 [  0  19  34 316  18   6]
 [  2   5   4   6 353   7]
 [  0   8  16   6  21 212]]";0.6903096903096904;0.6257452973167482;"[[  8  16  10  18  22   6]
 [ 12 114  24  11  11   5]
 [  0  20 145  13  12  11]
 [  2  16  18 160  12   3]
 [  1  15   3   3 152   5]
 [  1  11  18   2   9 112]]";402;[55 79 59 72 68 69]
281;CiteSeer;own;-1;0.2;64;0.5;1;0.005;615395017;0.9436274509803921;0.940161115913103;"[[46  2  1  2  3  2]
 [ 3 74  2  0  0  0]
 [ 0  0 59  1  0  0]
 [ 0  0  1 71  1  1]
 [ 1  0  1  0 67  0]
 [ 1  0  0  1  0 68]]";0.799791449426486;0.7339905782793704;"[[ 22  35   7  16  12   7]
 [  9 276  27  13  16  13]
 [  0  21 365  27   9  14]
 [  0  22  31 312  20   6]
 [  2   5   5   6 353   6]
 [  0  10  16   8  21 206]]";0.6913086913086913;0.6317483254657419;"[[ 10  16   8  18  23   5]
 [ 13 114  23   9  13   5]
 [  1  23 143  13  13   8]
 [  1  16  18 159  14   3]
 [  1  14   3   2 154   5]
 [  1  12  16   2  10 112]]";408;[56 79 60 74 69 70]
282;CiteSeer;own;-1;0.2;64;0.5;1;0.005;615395017;0.9396135265700483;0.9349262568960084;"[[44  5  1  2  4  2]
 [ 0 77  2  0  0  0]
 [ 0  0 61  1  0  0]
 [ 0  0  1 71  1  1]
 [ 1  0  1  0 68  0]
 [ 2  0  0  1  0 68]]";0.7949790794979079;0.717699136755433;"[[ 15  36   8  18  14   7]
 [  3 280  29  13  14  13]
 [  0  23 361  23  16  14]
 [  0  20  36 310  21   4]
 [  2   7   2   5 349   9]
 [  0   9  14   9  23 205]]";0.6943056943056943;0.6344771458650121;"[[ 10  17   9  18  22   4]
 [  9 119  22  11  11   5]
 [  0  25 142  11  14   9]
 [  1  16  18 161  12   3]
 [  0  16   3   2 152   6]
 [  1  11  16   3  11 111]]";414;[58 79 62 74 70 71]
283;CiteSeer;own;-1;0.2;64;0.5;1;0.005;615395017;0.9380952380952381;0.9340863232209137;"[[46  5  1  2  4  1]
 [ 1 77  2  0  0  0]
 [ 0  0 61  1  0  0]
 [ 0  0  2 72  1  1]
 [ 1  0  1  0 69  0]
 [ 2  0  0  1  0 69]]";0.7953830010493179;0.7229202345670732;"[[ 17  36   8  16  13   7]
 [  4 281  27  13  15  13]
 [  0  27 354  22  16  16]
 [  0  18  37 313  19   4]
 [  2   8   3   5 344   9]
 [  0   9  14   7  22 207]]";0.6933066933066933;0.6330634405610327;"[[ 10  17   7  19  23   4]
 [  9 119  22  11  11   5]
 [  0  25 140  11  14  11]
 [  1  16  16 163  12   3]
 [  2  15   3   2 152   5]
 [  2  11  16   2  12 110]]";420;[59 80 62 76 71 72]
284;CiteSeer;own;-1;0.2;64;0.5;1;0.005;2140929057;0.0;0.0;[[]];0.10275150472914875;0.08402671616594372;"[[ 64   3  63   3   7  44]
 [229   1  96  20  27  40]
 [301   6 121   9  13  17]
 [211   8 177  18  29  47]
 [235  13  63  15  13  78]
 [207   8  96  13   9  22]]";0.11388611388611389;0.09057001698902578;"[[ 24   0  35   3   3  15]
 [ 86   2  54  11  12  12]
 [118   3  65   2   7   6]
 [ 89   0  81   9  15  17]
 [ 88   3  42   7   4  35]
 [ 88   5  44   4   2  10]]";0;[]
285;CiteSeer;own;-1;0.2;64;0.5;1;0.005;2140929057;0.5;0.30952380952380953;"[[0 1 0 0]
 [0 2 0 0]
 [0 1 0 0]
 [0 1 0 1]]";0.21551724137931033;0.0625304650072452;"[[  0   0 182   0   0   0]
 [  0   0 404   0   0   0]
 [  0   0 496   0   0   0]
 [  0   0 479   0   0   0]
 [  0   0 406   0   0   0]
 [  0   0 349   0   0   4]]";0.2017982017982018;0.057951346460921815;"[[  0   0  80   0   0   0]
 [  0   0 177   0   0   0]
 [  0   0 201   0   0   0]
 [  0   0 211   0   0   0]
 [  0   0 179   0   0   0]
 [  0   0 152   0   0   1]]";6;[0 1 2 0 1 2]
286;CiteSeer;own;-1;0.2;64;0.5;1;0.005;2140929057;0.4166666666666667;0.26;"[[0 0 3 0 1]
 [0 0 1 0 0]
 [0 0 3 0 0]
 [0 0 2 0 0]
 [0 0 0 0 2]]";0.23120138288677614;0.0686724658476071;"[[  0   0 185   0   0   0]
 [  0   0 386   0   0   0]
 [  0   0 528   0   0   0]
 [  0   0 462   0   0   0]
 [  0   0 406   0   0   0]
 [  0   0 340   0   0   7]]";0.20279720279720279;0.06013440860215053;"[[  0   0  80   0   0   0]
 [  0   0 177   0   0   0]
 [  0   0 201   0   0   0]
 [  0   0 211   0   0   0]
 [  0   0 179   0   0   0]
 [  0   0 151   0   0   2]]";12;[4 1 3 0 2 2]
287;CiteSeer;own;-1;0.2;64;0.5;1;0.005;2140929057;0.5;0.4314285714285714;"[[0 0 5 0 1]
 [0 0 2 0 0]
 [0 0 4 0 0]
 [0 0 1 2 0]
 [0 0 0 0 3]]";0.22660311958405546;0.06763063292784753;"[[  0   0 190   0   0   0]
 [  0   0 395   0   0   0]
 [  0   0 516   0   0   0]
 [  0   0 456   0   0   0]
 [  0   0 403   0   0   0]
 [  0   0 341   0   0   7]]";0.20279720279720279;0.06013440860215053;"[[  0   0  80   0   0   0]
 [  0   0 177   0   0   0]
 [  0   0 201   0   0   0]
 [  0   0 211   0   0   0]
 [  0   0 179   0   0   0]
 [  0   0 151   0   0   2]]";18;[6 2 4 0 3 3]
288;CiteSeer;own;-1;0.2;64;0.5;1;0.005;2140929057;0.4166666666666667;0.3126984126984127;"[[0 0 6 0 0 2]
 [0 0 2 0 0 1]
 [0 0 5 0 0 0]
 [0 0 1 0 0 0]
 [0 0 1 0 2 0]
 [0 0 1 0 0 3]]";0.2319721980886186;0.0705002960331557;"[[  0   0 187   0   0   0]
 [  0   0 391   0   0   0]
 [  0   0 525   0   0   0]
 [  0   0 451   0   0   0]
 [  0   0 397   0   0   3]
 [  0   0 339   0   0   9]]";0.20279720279720279;0.060153404190101435;"[[  0   0  80   0   0   0]
 [  0   0 177   0   0   0]
 [  0   0 201   0   0   0]
 [  0   0 211   0   0   0]
 [  0   0 178   0   0   1]
 [  0   0 151   0   0   2]]";24;[8 3 5 1 3 4]
289;CiteSeer;own;-1;0.2;64;0.5;1;0.005;2140929057;0.4;0.25925925925925924;"[[0 0 4 0 0 5]
 [0 0 3 0 0 1]
 [0 0 5 0 0 0]
 [0 0 0 0 0 1]
 [0 0 1 0 2 3]
 [0 0 0 0 0 5]]";0.23693379790940766;0.08022308087364076;"[[  0   0 159   0   0  20]
 [  0   0 364   0   0  20]
 [  0   0 522   0   0   1]
 [  0   0 448   0   0   2]
 [  0   0 329   0   0  95]
 [  0   0 314   0   0  22]]";0.2137862137862138;0.07828658274688605;"[[  0   0  66   0   0  14]
 [  0   0 168   0   0   9]
 [  0   0 201   0   0   0]
 [  0   0 208   0   0   3]
 [  0   0 137   0   0  42]
 [  0   0 140   0   0  13]]";30;[9 4 5 1 6 5]
290;CiteSeer;own;-1;0.2;64;0.5;1;0.005;2140929057;0.5833333333333334;0.4649413388543824;"[[5 0 1 0 3 0]
 [0 0 3 0 3 1]
 [0 0 5 0 0 0]
 [1 0 0 0 2 0]
 [0 0 0 0 7 0]
 [0 0 0 0 1 4]]";0.36768558951965064;0.19222335734358187;"[[  7   0  48   0 119   0]
 [  1   0 216   0 244   0]
 [  0   0 497   0  25   0]
 [  1   0 303   0 149   0]
 [  0   0  11   0 333   1]
 [  0   0  76   0 254   5]]";0.3596403596403596;0.18188770982203775;"[[  2   0  20   0  57   1]
 [  3   0  89   0  85   0]
 [  0   0 182   0  19   0]
 [  2   0 133   0  76   0]
 [  0   0   3   0 176   0]
 [  0   0  31   0 122   0]]";36;[9 7 5 3 7 5]
291;CiteSeer;own;-1;0.2;64;0.5;1;0.005;2140929057;0.5714285714285714;0.5053160805482787;"[[7 0 2 0 0 1]
 [1 0 6 0 1 1]
 [0 0 5 0 0 0]
 [3 0 0 1 0 0]
 [0 0 0 0 7 1]
 [0 0 1 0 1 4]]";0.3577057793345009;0.2270386604472131;"[[ 34   0 109   0  35   0]
 [ 35   0 327   0 108   0]
 [  2   0 487   0   5   0]
 [ 23   0 396   0  26   0]
 [  7   0  46   0 292   2]
 [  7   0 235   0 104   4]]";0.36063936063936064;0.23157668266274042;"[[ 16   0  46   0  16   2]
 [ 19   0 137   0  21   0]
 [  0   0 193   0   8   0]
 [ 14   0 183   1  13   0]
 [  4   0  26   0 149   0]
 [  2   0  97   0  52   2]]";42;[10  9  5  4  8  6]
292;CiteSeer;own;-1;0.2;64;0.5;1;0.005;2140929057;0.8333333333333334;0.83759867583397;"[[9 1 0 1 0 1]
 [1 6 1 0 0 1]
 [0 0 6 0 0 0]
 [0 0 0 5 0 0]
 [0 0 0 0 8 1]
 [0 0 1 0 0 6]]";0.4244951712028095;0.3288058597289542;"[[ 43  94  39   0   9   0]
 [  7 235 164   0  16   0]
 [  2  37 451   0   3   0]
 [  9  99 299   2  36   0]
 [  4 144   6   0 230   2]
 [  0 188  82   0  71   6]]";0.38461538461538464;0.2918804663217673;"[[ 12  42  18   0   7   1]
 [  7  90  72   0   8   0]
 [  0  17 174   0  10   0]
 [  9  53 128   3  18   0]
 [  3  71   2   0 103   0]
 [  0  92  25   0  33   3]]";48;[12  9  6  5  9  7]
293;CiteSeer;own;-1;0.2;64;0.5;1;0.005;2140929057;0.8518518518518519;0.8516649413388544;"[[ 9  0  1  2  0  1]
 [ 1  8  0  0  0  1]
 [ 0  0  7  0  0  0]
 [ 0  0  0  5  0  0]
 [ 0  0  0  0 10  0]
 [ 0  0  1  0  1  7]]";0.42561619718309857;0.3182567636475937;"[[ 41  37  63   0  43   0]
 [  9 141 216   0  47   0]
 [  2  20 470   0  11   0]
 [ 10  29 341   1  58   0]
 [  3  67  17   0 303   0]
 [  1  57 120   0 154  11]]";0.3876123876123876;0.2868541010194329;"[[ 14  18  28   0  20   0]
 [  8  52  89   0  28   0]
 [  0  14 175   0  12   0]
 [  9  12 157   3  30   0]
 [  3  31   6   0 139   0]
 [  0  34  33   0  81   5]]";54;[13 10  7  5 10  9]
294;CiteSeer;own;-1;0.2;64;0.5;1;0.005;2140929057;0.85;0.8468069441215221;"[[ 9  1  0  2  0  1]
 [ 0  9  0  0  0  1]
 [ 1  0  7  0  0  0]
 [ 0  0  1  6  0  0]
 [ 0  0  0  0 11  0]
 [ 0  0  1  0  1  9]]";0.4527802294792586;0.3529640240654906;"[[ 51  56  52   0  22   1]
 [ 16 183 178   0  32   3]
 [  1  30 461   0   8   1]
 [ 43  50 276  20  49   0]
 [  9  75  13   0 297   1]
 [  2  47  88   0 187  14]]";0.4025974025974026;0.30761172033334855;"[[ 16  27  22   0  14   1]
 [  5  75  77   0  20   0]
 [  0  17 170   0  14   0]
 [ 29  27 126   8  21   0]
 [  5  40   5   0 129   0]
 [  1  29  24   0  94   5]]";60;[13 10  8  7 11 11]
295;CiteSeer;own;-1;0.2;64;0.5;1;0.005;2140929057;0.9090909090909091;0.9087267962374527;"[[10  1  0  2  0  0]
 [ 0 10  0  0  0  1]
 [ 0  0  8  0  0  0]
 [ 0  0  0  9  0  0]
 [ 0  0  0  0 13  0]
 [ 0  0  1  0  1 10]]";0.5039823008849558;0.4212078513840583;"[[ 33 113   8   9  19   1]
 [  2 418   9   2  26   4]
 [  0 156 267   5  15   0]
 [  5 201  97 108  37   1]
 [  2  88   4   3 298   1]
 [  0  73  18   0 222  15]]";0.4165834165834166;0.34265207323384056;"[[ 11  51   3   3   9   3]
 [  4 145   8   2  16   2]
 [  0  95  85   5  16   0]
 [  8  94  47  47  15   0]
 [  4  38   2   6 126   3]
 [  2  25   5   0 118   3]]";66;[13 11  8  9 13 12]
296;CiteSeer;own;-1;0.2;64;0.5;1;0.005;2140929057;0.875;0.8763875966393129;"[[10  1  0  2  0  0]
 [ 0 10  0  0  0  1]
 [ 0  0  9  0  0  0]
 [ 1  1  0 10  0  0]
 [ 0  0  0  0 13  0]
 [ 0  0  1  0  2 11]]";0.49733806566104705;0.3973181935860231;"[[ 28  79  28   9  28   1]
 [  4 355  54   1  39   5]
 [  0  86 343   2  11   0]
 [ 13  73 267  74  30   1]
 [  5  62  15   2 307   3]
 [  1  33  64   0 217  14]]";0.4195804195804196;0.33725627770765243;"[[ 13  29  20   2  13   3]
 [  4 123  28   2  16   4]
 [  0  62 124   3  12   0]
 [  7  35 135  26   8   0]
 [  4  25   9   7 131   3]
 [  2  13  17   0 118   3]]";72;[13 11  9 12 13 14]
297;CiteSeer;own;-1;0.2;64;0.5;1;0.005;2140929057;0.8846153846153846;0.8860440252931179;"[[13  1  0  0  0  1]
 [ 0 11  0  0  0  1]
 [ 0  0  9  0  0  0]
 [ 2  1  0  9  0  0]
 [ 0  0  0  0 15  0]
 [ 0  0  1  0  2 12]]";0.5151245551601423;0.4300381291524582;"[[ 48  84  14   4  24   2]
 [ 16 372  16   1  33   5]
 [  0 115 308   3  17   0]
 [ 40 102 155  93  60   1]
 [ 12  64   4   2 321   4]
 [  1  52  34   0 225  16]]";0.43656343656343655;0.368675921697552;"[[ 21  37   5   2  12   3]
 [  9 135  14   0  15   4]
 [  0  80  98   5  18   0]
 [ 23  40  77  40  31   0]
 [  6  23   3   6 138   3]
 [  1  25   7   0 115   5]]";78;[15 12  9 12 15 15]
298;CiteSeer;own;-1;0.2;64;0.5;1;0.005;2140929057;0.9166666666666666;0.9181126669029895;"[[12  0  0  2  0  1]
 [ 1 12  0  0  0  0]
 [ 0  0 10  0  0  0]
 [ 0  0  0 14  0  0]
 [ 0  0  0  0 15  1]
 [ 0  1  1  0  0 14]]";0.5892060660124888;0.5018125644811314;"[[ 34  70  16  26  28   1]
 [  6 348  28  23  32   5]
 [  0  90 324  14  20   0]
 [  4  44 114 248  38   1]
 [  3  33   6   8 347  10]
 [  3  45  33  10 210  20]]";0.4945054945054945;0.41030040224875136;"[[  9  32   8  17  11   3]
 [  3 125  16  13  18   2]
 [  0  73 106   5  17   0]
 [  5  25  60 110  11   0]
 [  5  17   2  10 140   5]
 [  1  20  11   1 115   5]]";84;[15 13 10 14 16 16]
299;CiteSeer;own;-1;0.2;64;0.5;1;0.005;2140929057;0.9444444444444444;0.9457738464292174;"[[15  0  0  0  0  1]
 [ 1 13  0  0  0  0]
 [ 0  0 11  0  0  0]
 [ 0  0  0 15  0  0]
 [ 0  0  0  0 16  1]
 [ 0  1  1  0  0 15]]";0.5648479427549195;0.4820744803794356;"[[ 45  82  11  11  24   1]
 [ 20 367  20   5  26   3]
 [  0 102 319   9  18   0]
 [ 18  86 135 172  36   0]
 [  9  34   6   6 342  11]
 [  6  55  31   5 203  18]]";0.47352647352647353;0.4042645005565933;"[[ 16  35   5  12  10   2]
 [  9 135  14   5  12   2]
 [  0  76 103   5  17   0]
 [ 11  35  69  77  19   0]
 [  7  21   3   7 137   4]
 [  1  29   9   0 108   6]]";90;[16 14 11 15 17 17]
300;CiteSeer;own;-1;0.2;64;0.5;1;0.005;2140929057;0.9270833333333334;0.927090874811463;"[[14  1  0  0  0  1]
 [ 0 14  0  0  0  0]
 [ 0  0 12  0  0  0]
 [ 2  0  0 15  0  0]
 [ 0  0  0  0 19  1]
 [ 0  1  1  0  0 15]]";0.6040358744394618;0.5082694072991505;"[[ 31  52  10  24  50   3]
 [ 10 325  21  21  51   3]
 [  0  86 321  16  27   0]
 [  4  41  78 279  47   0]
 [  4   8   7  10 377   7]
 [  3  33  29   9 229  14]]";0.5254745254745254;0.4341616888650725;"[[  9  22   6  21  19   3]
 [  3 117  17  10  28   2]
 [  0  67 112   4  18   0]
 [  7  20  43 125  16   0]
 [  4   5   3   6 158   3]
 [  1  18  10   1 118   5]]";96;[16 14 12 17 20 17]
301;CiteSeer;own;-1;0.2;64;0.5;1;0.005;2140929057;0.9215686274509803;0.9194499908209587;"[[15  2  0  0  0  0]
 [ 0 14  0  0  0  0]
 [ 0  0 12  0  0  0]
 [ 0  0  1 18  0  0]
 [ 1  0  0  0 21  1]
 [ 0  1  1  0  1 14]]";0.6011690647482014;0.497451292302306;"[[ 24  62  14  20  43   2]
 [  6 330  26  19  43   1]
 [  0  89 322  15  23   0]
 [  3  51  90 272  33   0]
 [  9  17   7   8 375   4]
 [  0  42  34  10 216  14]]";0.5214785214785215;0.4286385974250191;"[[  8  21   7  19  22   3]
 [  3 120  20   8  24   2]
 [  0  70 110   4  17   0]
 [  3  21  49 123  15   0]
 [  4   7   3   7 156   2]
 [  1  27  10   0 110   5]]";102;[17 14 12 19 23 17]
302;CiteSeer;own;-1;0.2;64;0.5;1;0.005;2140929057;0.8981481481481481;0.8964369129340969;"[[15  1  1  0  0  0]
 [ 0 15  0  0  0  0]
 [ 1  0 13  0  0  0]
 [ 0  0  1 19  1  0]
 [ 1  0  0  0 21  2]
 [ 0  1  1  0  1 14]]";0.5915238954012624;0.4863020621964355;"[[ 24  47  12  23  54   3]
 [ 17 302  26  13  65   1]
 [  0  81 324  13  32   0]
 [  2  42  90 265  52   0]
 [  9   7   6   7 388   5]
 [  3  29  35   7 225   9]]";0.5144855144855145;0.42920667981496025;"[[ 11  16   7  16  28   2]
 [  4 108  20   7  37   1]
 [  0  67 110   4  20   0]
 [  3  19  49 122  18   0]
 [  4   3   3   7 160   2]
 [  2  18  11   0 118   4]]";108;[17 15 14 21 24 17]
303;CiteSeer;own;-1;0.2;64;0.5;1;0.005;2140929057;0.9122807017543859;0.9104090776592783;"[[17  0  0  0  0  0]
 [ 1 14  0  0  0  0]
 [ 1  0 14  0  0  0]
 [ 1  0  1 20  1  0]
 [ 1  0  0  0 25  0]
 [ 0  1  1  0  2 14]]";0.6306509945750453;0.5319248876872532;"[[ 34  34  14  28  49   3]
 [ 30 287  25  21  57   1]
 [  2  74 331  20  20   0]
 [  4  30  48 333  36   0]
 [  9   6   5  10 392   1]
 [  2  25  33  18 212  18]]";0.5634365634365635;0.48298993650111516;"[[ 16  13   9  17  23   2]
 [ 11 100  22  10  33   1]
 [  1  54 120   8  17   1]
 [  3  10  29 158  11   0]
 [  4   3   3   9 160   0]
 [  0  19  10   3 111  10]]";114;[17 15 15 23 26 18]
304;CiteSeer;own;-1;0.2;64;0.5;1;0.005;2140929057;0.925;0.9263457961600375;"[[17  0  0  0  0  0]
 [ 0 16  0  0  0  0]
 [ 0  0 16  0  0  0]
 [ 0  0  1 21  2  0]
 [ 1  0  0  0 26  0]
 [ 1  1  1  0  2 15]]";0.6300997280145059;0.5304180240142763;"[[ 30  50  21  19  35   4]
 [ 15 315  40  15  37   4]
 [  0  81 337  15  13   0]
 [  4  52  60 308  25   0]
 [  7  12  11   7 380   1]
 [  1  37  47  13 190  20]]";0.5454545454545454;0.45584113468290766;"[[ 11  17  12  16  22   2]
 [  9 110  27   8  22   1]
 [  0  58 122   6  14   1]
 [  3  20  38 142   8   0]
 [  3  10   4   8 154   0]
 [  1  31  13   6  95   7]]";120;[17 16 16 24 27 20]
305;CiteSeer;own;-1;0.2;64;0.5;1;0.005;2140929057;0.9126984126984127;0.9078703703703703;"[[16  1  0  0  0  0]
 [ 0 17  0  0  0  0]
 [ 1  0 16  0  0  1]
 [ 0  0  1 23  1  0]
 [ 1  0  0  0 28  0]
 [ 1  1  1  0  2 15]]";0.6386363636363637;0.5308169413354346;"[[ 26  42  14  26  46   4]
 [ 14 302  28  20  54   5]
 [  2  76 332  17  21   3]
 [  4  31  49 337  25   0]
 [  3   7   5  11 391   2]
 [  1  24  35  28 198  17]]";0.5444555444555444;0.4466599908557143;"[[  8  15  10  19  26   2]
 [  9 106  22   8  30   2]
 [  1  61 114   7  17   1]
 [  6  12  31 151  11   0]
 [  3   6   3   8 159   0]
 [  2  21  11  14  98   7]]";126;[17 17 18 25 29 20]
306;CiteSeer;own;-1;0.2;64;0.5;1;0.005;2140929057;0.9242424242424242;0.9191962457242594;"[[16  1  0  0  1  0]
 [ 0 18  0  0  0  0]
 [ 0  0 16  1  0  1]
 [ 0  0  0 27  1  0]
 [ 1  0  0  0 29  0]
 [ 1  1  1  0  1 16]]";0.646763901549681;0.541798230661136;"[[ 25  37  15  33  39   1]
 [ 20 280  29  46  35  10]
 [  2  66 331  33  15   3]
 [  5  19  43 365  23   0]
 [  2   5   5  17 389   5]
 [  1  16  29  91 130  29]]";0.5604395604395604;0.4725350510662574;"[[ 10  12   9  25  21   3]
 [ 10  94  21  21  26   5]
 [  1  55 116  13  15   1]
 [  3   3  25 171   9   0]
 [  3   8   3  10 153   2]
 [  2  14  10  46  64  17]]";132;[18 18 18 28 30 20]
307;CiteSeer;own;-1;0.2;64;0.5;1;0.005;2140929057;0.9420289855072463;0.9350372309327533;"[[17  1  0  0  1  0]
 [ 0 19  0  0  0  0]
 [ 1  0 16  0  0  1]
 [ 0  0  0 29  0  0]
 [ 0  0  0  0 32  0]
 [ 0  1  1  0  2 17]]";0.6983546617915904;0.6452154265505655;"[[ 38  36  12  16  46   7]
 [ 14 283  26  22  48  18]
 [  0  70 311  28  24   6]
 [  5  21  36 359  39   1]
 [  2   7   7   7 392   6]
 [  1  14  20  40  81 145]]";0.6183816183816184;0.5615917728819747;"[[ 12   9   6  11  35   7]
 [ 10  98  22   9  29   9]
 [  0  55 113  10  20   3]
 [  3  11  17 163  16   1]
 [  2   4   2   6 165   0]
 [  2  14   7  17  45  68]]";138;[19 19 18 29 32 21]
308;CiteSeer;own;-1;0.2;64;0.5;1;0.005;2140929057;0.9583333333333334;0.9529303391224597;"[[18  1  0  0  1  0]
 [ 0 20  0  0  0  0]
 [ 0  0 17  1  0  1]
 [ 0  0  0 30  0  0]
 [ 0  0  0  0 33  0]
 [ 0  1  1  0  0 20]]";0.7071494042163153;0.6496394383791279;"[[ 35  40  13  20  38   7]
 [ 10 310  33  18  25  14]
 [  0  72 332  29  12   5]
 [  8  33  41 341  30   2]
 [  2  11   7   5 383  11]
 [  1  14  28  54  56 142]]";0.6233766233766234;0.5623609768360672;"[[ 10  14  11  15  25   5]
 [  8 113  18   8  20  10]
 [  0  58 118   8  15   2]
 [  4  13  21 158  14   1]
 [  2   9   3   6 159   0]
 [  2  15  12  29  29  66]]";144;[20 20 19 30 33 22]
309;CiteSeer;own;-1;0.2;64;0.5;1;0.005;2140929057;0.9466666666666667;0.94219553249404;"[[19  1  0  1  1  0]
 [ 0 21  0  0  0  0]
 [ 0  0 18  1  0  1]
 [ 1  0  0 30  0  0]
 [ 0  0  0  0 33  0]
 [ 0  1  1  0  0 21]]";0.7118566176470589;0.6601485438142511;"[[ 38  40  11  16  39   7]
 [ 12 306  29  18  31  15]
 [  0  76 326  25  16   6]
 [  9  33  43 333  36   0]
 [  2   8   4   4 390  10]
 [  1  15  25  30  66 156]]";0.6173826173826173;0.5734445474321421;"[[ 17  13   7   9  27   7]
 [  8 109  18   8  24  10]
 [  0  61 114   7  17   2]
 [  4  14  21 150  20   2]
 [  2   9   2   6 160   0]
 [  2  14  11  17  41  68]]";150;[22 21 20 31 33 23]
310;CiteSeer;own;-1;0.2;64;0.5;1;0.005;2140929057;0.9615384615384616;0.9583928201328605;"[[20  1  0  0  1  0]
 [ 0 22  0  0  0  0]
 [ 0  0 22  0  0  1]
 [ 0  0  1 30  0  0]
 [ 0  0  0  0 34  0]
 [ 0  1  1  0  0 22]]";0.7023041474654378;0.646181800516383;"[[ 35  26  22  25  38   6]
 [ 10 249  55  32  29  15]
 [  0  53 367  27  14   4]
 [  8  14  59 342  29   0]
 [  2   6   7   8 383  10]
 [  1   7  35  48  56 148]]";0.6253746253746254;0.5646187399816593;"[[ 11   6  16  18  24   5]
 [  9  95  31  11  22   9]
 [  0  34 144   9  13   1]
 [  3   5  33 153  16   1]
 [  2   9   3   7 158   0]
 [  2   8  18  27  33  65]]";156;[22 22 23 31 34 24]
311;CiteSeer;own;-1;0.2;64;0.5;1;0.005;2140929057;0.9506172839506173;0.9488764654798089;"[[22  1  0  0  1  0]
 [ 0 23  0  0  0  0]
 [ 0  0 22  0  0  1]
 [ 1  0  1 30  0  0]
 [ 0  0  0  1 34  0]
 [ 0  1  1  0  0 23]]";0.711645101663586;0.654146579450613;"[[ 34  46  11  19  37   3]
 [ 10 293  34  22  22  10]
 [  0  69 345  27  15   6]
 [  9  35  43 337  28   0]
 [  2   9   4   6 385   9]
 [  1  14  30  42  61 146]]";0.6273726273726273;0.5710763345927997;"[[ 12  14  11  15  23   5]
 [  8 116  24   6  15   8]
 [  0  47 125  11  15   3]
 [  4  16  24 152  14   1]
 [  2  11   2   7 157   0]
 [  2  15  15  22  33  66]]";162;[24 23 23 32 35 25]
312;CiteSeer;own;-1;0.2;64;0.5;1;0.005;2140929057;0.9404761904761905;0.9379020071385528;"[[22  1  0  0  1  0]
 [ 0 24  0  0  0  1]
 [ 0  0 22  0  0  1]
 [ 1  0  2 32  0  0]
 [ 0  0  0  1 35  0]
 [ 0  1  1  0  0 23]]";0.7034291010194624;0.6511746108130735;"[[ 40  34  16  23  31   5]
 [ 12 253  57  25  26  14]
 [  0  56 365  27  13   5]
 [  8  21  53 337  32   1]
 [  2   7   6   7 382   9]
 [  2   8  36  46  58 141]]";0.6243756243756243;0.5635385266836354;"[[ 11  10  13  18  22   6]
 [ 11  96  33  10  19   8]
 [  0  31 142  12  14   2]
 [  3  10  26 155  16   1]
 [  3  11   2   7 156   0]
 [  2  10  19  27  30  65]]";168;[24 25 23 35 36 25]
313;CiteSeer;own;-1;0.2;64;0.5;1;0.005;2140929057;0.9367816091954023;0.9339519354074611;"[[21  1  0  1  1  0]
 [ 0 25  0  0  0  1]
 [ 0  0 22  1  1  1]
 [ 0  0  1 35  0  0]
 [ 0  0  0  1 36  0]
 [ 0  1  1  0  0 24]]";0.7211895910780669;0.6601451713850702;"[[ 32  44  11  26  29   3]
 [  8 289  32  28  22  10]
 [  0  68 349  29  13   6]
 [  2  28  33 364  23   2]
 [  1  12   5   7 378   8]
 [  2  15  26  54  53 140]]";0.6383616383616384;0.5767197507790817;"[[ 11  14   8  19  22   6]
 [  8 113  25   9  15   7]
 [  0  35 132  15  16   3]
 [  0  12  23 164  11   1]
 [  3  12   2   8 154   0]
 [  2  16  14  30  26  65]]";174;[24 26 25 36 37 26]
314;CiteSeer;own;-1;0.2;64;0.5;1;0.005;2140929057;0.9555555555555556;0.9508883730581844;"[[20  1  1  1  1  0]
 [ 0 27  0  0  0  0]
 [ 0  0 26  0  0  1]
 [ 0  0  1 36  0  0]
 [ 0  0  0  0 38  0]
 [ 0  1  1  0  0 25]]";0.7162162162162162;0.6521717130896998;"[[ 30  41  17  21  31   3]
 [  8 267  53  21  26   7]
 [  0  58 377  17  15   5]
 [  4  20  54 344  27   0]
 [  1  10   5   5 386   6]
 [  1   9  43  42  59 133]]";0.6473526473526473;0.5803169120244971;"[[ 10  12  15  15  24   4]
 [  7 111  30   7  17   5]
 [  0  29 147   8  15   2]
 [  0  11  25 159  15   1]
 [  2  11   2   4 160   0]
 [  1  13  23  25  30  61]]";180;[24 27 27 37 38 27]
315;CiteSeer;own;-1;0.2;64;0.5;1;0.005;2140929057;0.956989247311828;0.953142587597687;"[[21  1  0  1  1  0]
 [ 0 29  0  0  0  0]
 [ 0  0 27  0  0  0]
 [ 1  0  1 37  0  0]
 [ 0  0  0  0 39  0]
 [ 0  1  2  0  0 25]]";0.7238317757009346;0.6529665680334505;"[[ 26  35  15  29  32   3]
 [  8 270  45  26  24   8]
 [  0  54 384  20  13   2]
 [  3  16  43 356  30   1]
 [  1   9   5   6 381   9]
 [  1  10  36  54  53 132]]";0.6463536463536463;0.581580624531438;"[[ 11  14   9  16  25   5]
 [  8 106  30   9  17   7]
 [  0  30 147  12  10   2]
 [  0   8  23 161  18   1]
 [  2  11   2   4 159   1]
 [  1  14  18  33  24  63]]";186;[24 29 27 39 39 28]
316;CiteSeer;own;-1;0.2;64;0.5;1;0.005;2140929057;0.953125;0.9507329391475734;"[[22  1  0  1  1  0]
 [ 0 30  0  0  0  0]
 [ 0  0 27  0  0  0]
 [ 1  1  1 38  0  0]
 [ 0  0  0  0 40  0]
 [ 0  1  1  0  1 26]]";0.7202436738519212;0.651259317782169;"[[ 26  44  14  19  35   3]
 [  8 283  38  21  25  10]
 [  0  60 366  21  16   2]
 [  4  26  42 344  33   0]
 [  1   8   4   4 382   7]
 [  3  14  23  54  58 136]]";0.6453546453546454;0.5912396896542785;"[[ 15  16   8  11  25   5]
 [  8 110  26   7  19   7]
 [  0  38 138  13  11   1]
 [  0  11  21 158  20   1]
 [  1  12   2   3 161   0]
 [  2  15  15  30  27  64]]";192;[25 30 27 41 40 29]
317;CiteSeer;own;-1;0.2;64;0.5;1;0.005;2140929057;0.9343434343434344;0.9317689500042441;"[[23  1  0  1  1  0]
 [ 0 31  1  0  0  1]
 [ 0  0 26  1  0  0]
 [ 1  0  1 40  0  0]
 [ 0  0  0  1 40  0]
 [ 0  1  1  0  2 25]]";0.7180451127819549;0.6488083553530651;"[[ 25  38  14  30  30   3]
 [ 10 277  48  26  21   9]
 [  0  59 348  25  13   2]
 [  3  19  43 364  24   2]
 [  1   9   4   8 376   7]
 [  3  16  24  61  48 138]]";0.6423576423576424;0.5842681805378079;"[[ 13  15   7  17  23   5]
 [  8 109  26  13  14   7]
 [  1  37 136  16  10   1]
 [  0  10  21 162  17   1]
 [  1  12   2   5 159   0]
 [  2  16  15  34  22  64]]";198;[26 33 27 42 41 29]
318;CiteSeer;own;-1;0.2;64;0.5;1;0.005;2140929057;0.9313725490196079;0.9268487962799972;"[[22  1  0  1  1  1]
 [ 0 33  1  0  0  0]
 [ 0  0 28  1  0  0]
 [ 1  0  1 40  0  0]
 [ 0  0  0  1 42  0]
 [ 0  1  2  0  2 25]]";0.7210179076343073;0.6494417092411557;"[[ 24  37  14  30  31   3]
 [  8 284  42  22  21   6]
 [  0  60 346  30  11   2]
 [  3  23  40 366  23   2]
 [  1   9   3   6 376   7]
 [  2  24  21  59  52 134]]";0.6433566433566433;0.5862226375279314;"[[ 14  19   7  15  22   3]
 [  9 113  27   8  15   5]
 [  1  39 133  17  10   1]
 [  1   9  19 166  15   1]
 [  1  12   3   6 157   0]
 [  1  16  15  35  25  61]]";204;[26 34 29 42 43 30]
319;CiteSeer;own;-1;0.2;64;0.5;1;0.005;2140929057;0.9333333333333333;0.9306000433311209;"[[23  1  0  1  1  0]
 [ 0 34  1  0  0  1]
 [ 0  0 28  1  0  0]
 [ 1  0  2 41  0  0]
 [ 0  0  0  1 43  0]
 [ 0  0  2  0  2 27]]";0.7320415879017014;0.6681277946123011;"[[ 26  51  10  22  26   4]
 [ 10 294  39  18  16  11]
 [  1  58 335  28  10   5]
 [  3  31  40 363  17   6]
 [  2  11   3   8 365  12]
 [  2  24  21  49  29 166]]";0.6533466533466533;0.6056131001641395;"[[ 16  23   7   9  21   4]
 [  7 123  23   7  11   6]
 [  1  38 132  16  10   4]
 [  2  11  20 161  14   3]
 [  1  15   3   9 146   5]
 [  1  14  14  28  20  76]]";210;[26 36 29 44 44 31]
320;CiteSeer;own;-1;0.2;64;0.5;1;0.005;2140929057;0.9305555555555556;0.9296883700010352;"[[24  0  0  1  2  0]
 [ 1 33  1  0  1  1]
 [ 0  0 30  1  0  0]
 [ 1  0  1 42  1  0]
 [ 1  0  0  1 43  0]
 [ 0  0  1  0  1 29]]";0.7293838862559242;0.667146704221179;"[[ 30  39  12  24  31   3]
 [ 10 279  43  19  26   8]
 [  1  42 349  25  14   5]
 [  4  18  41 359  35   2]
 [  4   5   2   7 371  10]
 [  1  20  21  56  43 151]]";0.6583416583416584;0.6067125743708358;"[[ 17  16   7  10  26   4]
 [ 12 111  24   6  19   5]
 [  1  28 141  13  13   5]
 [  1   8  19 161  20   2]
 [  1  10   2   4 160   2]
 [  2  13  14  29  26  69]]";216;[27 37 31 45 45 31]
321;CiteSeer;own;-1;0.2;64;0.5;1;0.005;2140929057;0.9504504504504504;0.947817560438188;"[[25  2  0  1  1  0]
 [ 0 35  1  0  0  1]
 [ 0  0 32  0  0  0]
 [ 0  0  1 45  0  0]
 [ 1  0  0  1 44  0]
 [ 0  0  1  0  1 30]]";0.7343155893536122;0.6747362773555493;"[[ 30  41   9  30  24   5]
 [  6 286  37  25  19  11]
 [  0  46 336  39  10   4]
 [  4  20  32 378  20   4]
 [  3  10   2  13 356  13]
 [  0  22  18  68  24 159]]";0.6593406593406593;0.5994683648253085;"[[ 12  17   6  20  20   5]
 [ 11 117  24   8  11   6]
 [  1  29 137  18  11   5]
 [  1   6  16 173  13   2]
 [  2  14   3   8 147   5]
 [  1  13  11  36  18  74]]";222;[29 37 32 46 46 32]
322;CiteSeer;own;-1;0.2;64;0.5;1;0.005;2140929057;0.9429824561403509;0.9397885622446216;"[[25  2  0  1  1  0]
 [ 1 36  1  0  0  1]
 [ 0  0 33  0  0  0]
 [ 0  0  1 45  0  0]
 [ 1  0  0  1 45  0]
 [ 0  0  1  1  1 31]]";0.726882745471878;0.6661416149143699;"[[ 28  44   7  27  27   3]
 [  9 295  36  16  21   8]
 [  0  54 325  37  14   4]
 [  4  26  35 358  29   3]
 [  3  11   2   9 360  11]
 [  2  29  16  49  37 159]]";0.6613386613386614;0.6097146788895668;"[[ 16  18   8  14  21   3]
 [ 12 118  23   6  12   6]
 [  1  37 133  12  13   5]
 [  2   9  15 166  17   2]
 [  2  13   2   4 155   3]
 [  1  16   9  27  26  74]]";228;[29 39 33 46 47 34]
323;CiteSeer;own;-1;0.2;64;0.5;1;0.005;2140929057;0.9358974358974359;0.9334079084833365;"[[26  2  0  1  1  0]
 [ 1 37  1  0  0  0]
 [ 0  0 34  1  0  0]
 [ 0  0  2 44  0  0]
 [ 1  0  0  1 46  0]
 [ 0  1  1  1  1 32]]";0.7361376673040153;0.6750832860634525;"[[ 28  33  13  29  26   6]
 [  9 282  43  20  20  10]
 [  2  41 338  37  11   6]
 [  5  18  38 360  26   5]
 [  2   7   2  11 362  12]
 [  2  14  20  53  31 170]]";0.6643356643356644;0.6079905674727254;"[[ 14  15  10  17  20   4]
 [ 12 110  24   8  15   8]
 [  1  24 144  11  13   8]
 [  2   8  16 165  16   4]
 [  2  12   2   6 154   3]
 [  2  12  11  29  21  78]]";234;[30 39 35 46 48 36]
324;CiteSeer;own;-1;0.2;64;0.5;1;0.005;2140929057;0.9375;0.9345692571571208;"[[27  3  0  1  1  0]
 [ 0 39  1  0  0  0]
 [ 0  0 35  1  0  0]
 [ 0  0  1 46  0  0]
 [ 1  0  0  1 46  0]
 [ 0  1  2  1  1 32]]";0.7363374880153404;0.6722730575634354;"[[ 26  39   7  25  28   6]
 [  5 305  32  17  20  10]
 [  0  54 325  34  13   5]
 [  5  25  34 355  26   5]
 [  2   7   2   8 364  13]
 [  2  23  16  46  41 161]]";0.6603396603396603;0.6084901251491279;"[[ 15  21   5  14  21   4]
 [ 10 119  20   7  15   6]
 [  1  38 131  13  12   6]
 [  1  11  16 164  16   3]
 [  2  13   2   6 154   2]
 [  4  13  10  24  24  78]]";240;[32 40 36 47 48 37]
325;CiteSeer;own;-1;0.2;64;0.5;1;0.005;2140929057;0.943089430894309;0.9406980156881616;"[[27  3  0  1  1  0]
 [ 0 40  1  0  0  0]
 [ 0  1 36  1  0  0]
 [ 0  0  1 47  0  0]
 [ 0  0  0  1 48  0]
 [ 0  1  1  1  1 34]]";0.7384615384615385;0.6722861128463112;"[[ 25  37  11  25  26   4]
 [  4 300  38  21  19   6]
 [  1  43 340  30  13   5]
 [  5  20  39 358  22   3]
 [  2   8   2  14 359  11]
 [  2  22  22  49  40 154]]";0.6713286713286714;0.6103666172591699;"[[ 12  17  12  16  20   3]
 [  9 118  23   7  14   6]
 [  0  26 145  14  10   6]
 [  1  11  16 168  12   3]
 [  2  12   3   6 153   3]
 [  2  14  11  27  23  76]]";246;[32 41 38 48 49 38]
326;CiteSeer;own;-1;0.2;64;0.5;1;0.005;2140929057;0.9484126984126984;0.9460362343447666;"[[28  2  0  1  2  0]
 [ 0 40  1  0  0  0]
 [ 0  0 39  0  0  0]
 [ 1  0  1 47  0  0]
 [ 0  0  0  1 49  0]
 [ 0  1  1  1  1 36]]";0.7540983606557377;0.6887032265072094;"[[ 25  38  10  22  26   6]
 [  5 298  34  15  21  13]
 [  0  42 343  29  13   6]
 [  6  18  35 357  23   6]
 [  1   6   2   9 362  14]
 [  2  14  15  41  38 179]]";0.6723276723276723;0.6178536005952203;"[[ 15  14   7  13  24   7]
 [  9 110  25   7  16  10]
 [  0  29 141  13  11   7]
 [  2   7  16 169  12   5]
 [  2  11   3   4 154   5]
 [  4  11  10  21  23  84]]";252;[33 41 39 49 50 40]
327;CiteSeer;own;-1;0.2;64;0.5;1;0.005;2140929057;0.9457364341085271;0.9434486107455569;"[[28  2  0  1  2  0]
 [ 0 41  1  0  0  0]
 [ 0  0 39  0  0  0]
 [ 1  0  2 47  0  0]
 [ 0  0  0  1 50  0]
 [ 0  1  1  1  1 39]]";0.75;0.6839547623330294;"[[ 24  39   7  25  26   6]
 [  5 302  32  15  19  13]
 [  0  47 335  32  13   6]
 [  4  19  36 356  26   2]
 [  1   9   2   7 362  13]
 [  1  20  11  44  37 172]]";0.6743256743256744;0.6157036529349335;"[[ 12  15   8  14  25   6]
 [  7 116  24   7  14   9]
 [  0  31 139  14  10   7]
 [  1   8  19 168  12   3]
 [  2  14   2   4 153   4]
 [  1  11   8  22  24  87]]";258;[33 42 39 50 51 43]
328;CiteSeer;own;-1;0.2;64;0.5;1;0.005;2140929057;0.946969696969697;0.9445678767590845;"[[29  2  0  1  2  0]
 [ 1 41  1  0  0  0]
 [ 0  0 40  0  0  0]
 [ 0  0  2 48  0  0]
 [ 0  0  0  1 51  0]
 [ 0  1  1  1  1 41]]";0.7453928225024248;0.6778214928743264;"[[ 22  33  11  24  26   8]
 [  9 295  34  16  20  13]
 [  0  48 340  24  13   8]
 [  4  16  47 334  27   9]
 [  1   6   3   5 362  15]
 [  2  15  14  37  37 184]]";0.6603396603396603;0.6057410664945003;"[[ 13  14  11  15  22   5]
 [  7 114  26   6  15   9]
 [  0  31 138  13  11   8]
 [  3   8  20 155  15  10]
 [  2   9   3   4 154   7]
 [  1  10   8  19  28  87]]";264;[34 43 40 50 52 45]
329;CiteSeer;own;-1;0.2;64;0.5;1;0.005;2140929057;0.9407407407407408;0.9372101366155706;"[[29  3  0  2  2  0]
 [ 1 42  1  0  0  0]
 [ 0  1 41  0  0  0]
 [ 0  0  1 49  0  0]
 [ 0  0  0  1 52  0]
 [ 0  1  1  1  1 41]]";0.7290856031128404;0.6605748179859775;"[[ 21  36  10  25  27   4]
 [  7 297  32  25  18   8]
 [  0  59 327  29  13  17]
 [  4  18  45 336  26   6]
 [  1   9   3   8 360  11]
 [  2  20  10  48  36 158]]";0.6533466533466533;0.5962131518078908;"[[ 12  21   6  16  20   5]
 [  9 120  21   8  13   6]
 [  0  36 134  13  12   6]
 [  1   9  16 160  15  10]
 [  2  15   2   6 149   5]
 [  4  13   9  23  25  79]]";270;[36 44 42 50 53 45]
330;CiteSeer;own;-1;0.2;64;0.5;1;0.005;2140929057;0.9347826086956522;0.9306232754937507;"[[29  2  0  4  1  0]
 [ 1 42  2  0  0  0]
 [ 0  0 41  0  0  1]
 [ 0  0  1 51  0  0]
 [ 1  0  0  1 52  0]
 [ 0  2  1  0  1 43]]";0.7424390243902439;0.6738289798571735;"[[ 22  32  16  22  26   4]
 [  8 290  45  16  18   7]
 [  0  47 350  23  12  11]
 [  3  16  41 337  25  13]
 [  1   8   4   6 359  13]
 [  2  15  26  31  37 164]]";0.6473526473526473;0.5849413632811343;"[[ 10  15  14  15  21   5]
 [ 10 113  28   7  13   6]
 [  1  32 138  10  14   6]
 [  1   9  17 161  14   9]
 [  2  15   2   4 151   5]
 [  2  11  23  19  23  75]]";276;[36 45 42 52 54 47]
331;CiteSeer;own;-1;0.2;64;0.5;1;0.005;2140929057;0.9361702127659575;0.9328485433324144;"[[31  2  0  2  2  0]
 [ 1 42  2  0  0  0]
 [ 0  0 42  0  0  1]
 [ 1  0  2 51  0  0]
 [ 0  0  0  1 54  0]
 [ 0  1  2  0  1 44]]";0.7411937377690803;0.6732711060393513;"[[ 23  28  12  21  32   3]
 [  9 274  49  17  27   7]
 [  1  38 349  26  14   9]
 [  4  17  37 339  32   6]
 [  1   5   4   6 374   9]
 [  2  13  23  36  41 156]]";0.6423576423576424;0.5787884561968456;"[[ 10  14  14  15  24   3]
 [ 10 103  31   9  20   4]
 [  1  30 139   9  15   7]
 [  2   8  16 158  19   8]
 [  2   9   1   3 161   3]
 [  2   9  21  19  30  72]]";282;[37 45 43 54 55 48]
332;CiteSeer;own;-1;0.2;64;0.5;1;0.005;2140929057;0.9305555555555556;0.925978609035698;"[[30  2  1  2  2  1]
 [ 1 42  2  0  0  0]
 [ 0  0 42  0  0  1]
 [ 0  0  3 52  0  0]
 [ 0  0  0  1 56  0]
 [ 0  1  2  0  1 46]]";0.7325809617271836;0.6610024407834505;"[[ 20  26  13  25  31   5]
 [  7 269  37  19  32  16]
 [  0  37 332  26  16  16]
 [  3  13  41 332  28  12]
 [  1   6   3   7 378  11]
 [  1  11  28  34  40 162]]";0.6473526473526473;0.5822703753466364;"[[  9  13  11  16  26   5]
 [ 10 100  27   8  21  11]
 [  1  26 138  12  13  11]
 [  2   6  18 157  16  12]
 [  2   7   1   4 161   4]
 [  0   9  15  18  28  83]]";288;[38 45 43 55 57 50]
333;CiteSeer;own;-1;0.2;64;0.5;1;0.005;2140929057;0.9421768707482994;0.9385334049791383;"[[31  1  0  4  2  0]
 [ 1 43  2  0  0  0]
 [ 0  0 43  1  0  0]
 [ 0  0  1 55  0  0]
 [ 1  0  0  1 57  0]
 [ 0  1  1  0  1 48]]";0.734744094488189;0.6603831268279033;"[[ 19  33  10  25  28   4]
 [  6 286  35  14  30   9]
 [  1  49 324  27  16   8]
 [  3  18  38 336  29   4]
 [  1   6   3   6 379  10]
 [  2  20  26  38  40 149]]";0.6573426573426573;0.5948475044110683;"[[ 10  18   7  16  24   5]
 [ 11 111  24   5  20   6]
 [  1  32 136  13  13   6]
 [  1  14  16 160  14   6]
 [  2   7   1   5 160   4]
 [  2   9  14  19  28  81]]";294;[38 46 44 56 59 51]
334;CiteSeer;own;-1;0.2;64;0.5;1;0.005;2140929057;0.94;0.9368788054974867;"[[34  1  0  2  2  0]
 [ 1 43  2  0  0  0]
 [ 0  1 44  1  0  0]
 [ 0  0  1 56  0  0]
 [ 1  0  0  1 58  0]
 [ 1  1  2  0  1 47]]";0.7472852912142152;0.675383781840162;"[[ 20  31  14  21  27   6]
 [  7 276  42  11  25  15]
 [  1  35 348  23  14   6]
 [  3  16  46 323  31   7]
 [  1   6   3   6 379  10]
 [  3  14  28  25  35 168]]";0.6543456543456544;0.5929004716940403;"[[ 10  17  11  15  22   5]
 [ 11 107  28   4  18   9]
 [  1  27 142  11  13   7]
 [  4  11  18 153  15  10]
 [  2   9   2   4 158   4]
 [  2   8  17  17  24  85]]";300;[39 46 46 57 60 52]
335;CiteSeer;own;-1;0.2;64;0.5;1;0.005;2140929057;0.934640522875817;0.9305581792027557;"[[33  2  0  1  3  0]
 [ 1 44  2  0  0  0]
 [ 0  0 46  1  0  0]
 [ 2  0  1 56  0  0]
 [ 1  0  0  1 59  0]
 [ 1  1  2  0  1 48]]";0.745049504950495;0.6715301764537956;"[[ 18  34   9  22  30   5]
 [  3 282  32  20  23  11]
 [  0  47 336  26  17   5]
 [  2  15  42 326  34   4]
 [  1   6   2   6 379  10]
 [  1  15  15  40  38 164]]";0.6453546453546454;0.579064305627048;"[[  8  20   8  16  23   5]
 [  8 112  25   7  18   7]
 [  1  30 136  13  15   6]
 [  4  10  15 156  18   8]
 [  2  11   2   3 157   4]
 [  2   8  14  21  31  77]]";306;[39 47 47 59 61 53]
336;CiteSeer;own;-1;0.2;64;0.5;1;0.005;2140929057;0.9358974358974359;0.9320326597176081;"[[34  4  0  2  1  0]
 [ 0 46  2  0  1  0]
 [ 0  0 46  1  0  0]
 [ 1  0  1 58  0  0]
 [ 1  0  0  1 59  0]
 [ 1  1  2  0  1 49]]";0.7428003972194638;0.6697548682162391;"[[ 18  31  10  24  28   6]
 [  4 264  42  26  22  13]
 [  0  40 341  25  16   9]
 [  2  13  45 332  26   4]
 [  1   6   4   7 372  10]
 [  2  11  17  40  34 169]]";0.6393606393606394;0.5712832698516975;"[[  7  20  11  17  20   5]
 [  9 104  28   9  19   8]
 [  1  25 140  13  13   9]
 [  4   8  18 158  14   9]
 [  2  11   3   7 152   4]
 [  2   8  16  24  24  79]]";312;[41 49 47 60 61 54]
337;CiteSeer;own;-1;0.2;64;0.5;1;0.005;2140929057;0.940251572327044;0.9381079982212057;"[[36  2  0  2  1  0]
 [ 0 47  2  0  1  0]
 [ 0  0 47  1  0  0]
 [ 1  0  1 59  1  0]
 [ 2  0  0  1 59  0]
 [ 1  1  1  0  1 51]]";0.75;0.6811269699154047;"[[ 21  35   9  20  28   4]
 [  7 280  30  18  23  13]
 [  1  46 332  25  17   9]
 [  2  17  40 332  26   3]
 [  0   7   3   6 371  10]
 [  2  13  15  36  37 170]]";0.6513486513486514;0.5880468722065842;"[[  9  21   7  15  22   6]
 [  9 111  27   6  17   7]
 [  2  28 137  13  14   7]
 [  3  11  17 157  14   9]
 [  2  12   2   4 155   4]
 [  2   8  15  19  26  83]]";318;[41 50 48 62 62 55]
338;CiteSeer;own;-1;0.2;64;0.5;1;0.005;2140929057;0.9506172839506173;0.9485548683954276;"[[38  2  0  1  1  0]
 [ 0 47  2  0  1  0]
 [ 0  1 50  0  0  0]
 [ 2  0  1 60  0  0]
 [ 1  0  0  1 61  0]
 [ 0  1  1  0  1 52]]";0.7532467532467533;0.6820127701638296;"[[ 20  29  12  22  29   5]
 [  5 259  45  21  23  11]
 [  0  34 353  27  12   7]
 [  2  12  46 339  20   2]
 [  0   5   2   8 370  10]
 [  1  12  21  38  33 167]]";0.6583416583416584;0.5911381670194124;"[[  8  19  12  14  21   6]
 [ 10 102  32   7  19   7]
 [  2  22 144  15  12   6]
 [  3   5  20 161  13   9]
 [  1   9   2   5 158   4]
 [  1   7  15  21  23  86]]";324;[42 50 51 63 63 55]
339;CiteSeer;own;-1;0.2;64;0.5;1;0.005;2140929057;0.9515151515151515;0.9490429916210927;"[[39  3  0  1  1  0]
 [ 0 48  2  0  0  0]
 [ 0  1 51  0  0  0]
 [ 2  0  1 62  0  0]
 [ 1  0  0  1 61  0]
 [ 0  1  1  0  1 53]]";0.7550100200400801;0.6788924473330361;"[[ 17  37   9  20  29   4]
 [  3 279  31  18  19  12]
 [  0  51 337  28  11   6]
 [  3  14  41 336  20   5]
 [  0   6   2   6 370  11]
 [  2  15  17  40  29 168]]";0.6583416583416584;0.5937805137980589;"[[  8  24   7  14  21   6]
 [  9 113  27   6  17   5]
 [  2  30 137  15  12   5]
 [  4  13  16 157  12   9]
 [  1  13   2   3 156   4]
 [  1  10  15  21  18  88]]";330;[44 50 52 65 63 56]
340;CiteSeer;own;-1;0.2;64;0.5;1;0.005;2140929057;0.9434523809523809;0.940311607563292;"[[38  3  0  2  2  0]
 [ 0 48  3  0  0  0]
 [ 0  1 50  1  0  0]
 [ 1  0  1 65  0  0]
 [ 1  0  0  1 62  0]
 [ 0  1  1  0  1 54]]";0.7537688442211056;0.6817927262877114;"[[ 19  33   7  23  28   5]
 [  3 271  31  27  18  12]
 [  1  46 334  30  13   7]
 [  2  11  41 341  19   4]
 [  0   7   1   9 367  10]
 [  2  14  15  43  28 168]]";0.6573426573426573;0.5937387154915894;"[[  9  18   7  20  20   6]
 [  9 110  29   7  15   7]
 [  2  27 138  14  13   7]
 [  3  10  16 160  13   9]
 [  1  12   3   4 155   4]
 [  2  11  14  21  19  86]]";336;[45 51 52 67 64 57]
341;CiteSeer;own;-1;0.2;64;0.5;1;0.005;2140929057;0.9444444444444444;0.9417840111987869;"[[39  3  0  1  2  0]
 [ 0 49  3  0  0  0]
 [ 0  1 52  0  0  1]
 [ 1  0  1 66  1  0]
 [ 1  0  0  1 62  0]
 [ 0  1  1  0  1 55]]";0.7469758064516129;0.6640185809025105;"[[ 13  36   9  19  28   6]
 [  6 263  36  22  21  14]
 [  0  45 344  21  11   9]
 [  1  13  48 329  19   7]
 [  2   6   5   5 366  10]
 [  1  15  21  35  31 167]]";0.6553446553446554;0.59124349860271;"[[  9  13  13  18  22   5]
 [  9 109  28   5  18   8]
 [  2  25 143  11  13   7]
 [  3   8  19 155  15  11]
 [  1  11   3   3 156   5]
 [  2  11  15  21  20  84]]";342;[45 52 54 69 64 58]
342;CiteSeer;own;-1;0.2;64;0.5;1;0.005;2140929057;0.9482758620689655;0.9459747649433833;"[[40  3  0  1  2  0]
 [ 0 52  2  0  0  0]
 [ 0  1 53  0  0  1]
 [ 1  0  1 67  1  0]
 [ 1  0  0  1 62  0]
 [ 0  1  1  0  1 56]]";0.7532861476238625;0.6669010760993438;"[[ 12  39   7  19  28   5]
 [  4 280  26  18  17  14]
 [  0  52 331  23  13  11]
 [  1  15  37 337  22   4]
 [  1   5   2   7 368  11]
 [  1  15  14  41  36 162]]";0.6533466533466533;0.5875815673632568;"[[  8  19   8  17  23   5]
 [  8 111  27   5  19   7]
 [  2  28 138  13  13   7]
 [  3  10  17 156  16   9]
 [  1  12   2   3 157   4]
 [  1  10  13  23  22  84]]";348;[46 54 55 70 64 59]
343;CiteSeer;own;-1;0.2;64;0.5;1;0.005;2140929057;0.9378531073446328;0.9348352342619622;"[[39  4  0  1  2  1]
 [ 0 52  2  0  0  0]
 [ 0  0 55  0  0  1]
 [ 2  0  2 65  1  1]
 [ 1  0  0  1 63  0]
 [ 0  1  1  0  1 58]]";0.7560851926977687;0.6690734438803695;"[[ 11  35  11  19  27   6]
 [  6 270  32  20  17  13]
 [  0  44 339  22  11  12]
 [  1  13  43 332  20   7]
 [  1   5   3   8 366  11]
 [  1   9  21  35  28 173]]";0.6583416583416584;0.590140258496877;"[[  7  18   9  17  22   7]
 [  9 109  31   6  15   7]
 [  2  25 141  11  13   9]
 [  3   7  21 156  14  10]
 [  1  12   2   3 157   4]
 [  0   9  15  21  19  89]]";354;[47 54 56 71 65 61]
344;CiteSeer;own;-1;0.2;64;0.5;1;0.005;2140929057;0.9361111111111111;0.9311713652304459;"[[37  5  1  3  2  0]
 [ 0 52  2  0  0  0]
 [ 1  0 58  0  0  0]
 [ 1  0  2 68  1  0]
 [ 1  0  0  1 64  0]
 [ 0  1  1  0  1 58]]";0.754323499491353;0.6630822002516523;"[[  9  33  10  25  26   4]
 [  4 269  33  26  17   9]
 [  0  50 336  26   9   5]
 [  0  10  37 346  19   2]
 [  1   7   5  10 361  10]
 [  1  12  20  43  29 162]]";0.6633366633366633;0.593191725142994;"[[  7  19  10  19  20   5]
 [ 10 108  30   7  16   6]
 [  2  26 141  14  12   6]
 [  1   8  18 169   9   6]
 [  1  11   3   6 155   3]
 [  0  11  16  22  20  84]]";360;[48 54 59 72 66 61]
345;CiteSeer;own;-1;0.2;64;0.5;1;0.005;2140929057;0.9344262295081968;0.930713972336387;"[[40  3  0  2  2  1]
 [ 1 53  2  0  0  0]
 [ 1  0 59  0  0  0]
 [ 3  0  2 68  1  0]
 [ 2  0  0  1 63  0]
 [ 0  1  1  0  1 59]]";0.7556122448979592;0.6680225375831856;"[[ 10  32  11  19  29   4]
 [  7 273  27  17  17  13]
 [  0  50 331  23  13   9]
 [  1  15  44 324  25   4]
 [  1   7   5   4 368   9]
 [  1   8  15  38  31 175]]";0.6543456543456544;0.5898268771025929;"[[  8  16   7  18  24   7]
 [ 10 110  26   4  18   9]
 [  2  30 134  13  13   9]
 [  2   7  23 154  15  10]
 [  1  12   2   4 158   2]
 [  0   5  13  21  23  91]]";366;[48 56 60 74 66 62]
346;CiteSeer;own;-1;0.2;64;0.5;1;0.005;2140929057;0.9408602150537635;0.9373495035109348;"[[41  3  1  2  2  0]
 [ 1 54  2  0  0  0]
 [ 1  0 59  0  0  0]
 [ 1  0  1 72  1  0]
 [ 1  0  1  1 65  0]
 [ 0  1  2  0  1 59]]";0.7563971340839304;0.666491149710584;"[[  9  30  11  24  27   3]
 [  4 268  33  28  17   3]
 [  0  47 337  26  10   5]
 [  0  10  46 338  17   2]
 [  1   9   4   7 362   9]
 [  1  11  19  45  27 164]]";0.6573426573426573;0.590747308002319;"[[  8  16  10  18  22   6]
 [  9 110  31   8  16   3]
 [  2  24 142  14  13   6]
 [  1   8  22 162  12   6]
 [  1  15   2   4 155   2]
 [  1   7  17  24  23  81]]";372;[49 57 60 75 68 63]
347;CiteSeer;own;-1;0.2;64;0.5;1;0.005;2140929057;0.9365079365079365;0.9332747034601927;"[[42  4  0  2  2  0]
 [ 1 55  2  0  1  0]
 [ 1  0 58  1  0  0]
 [ 0  0  1 74  1  0]
 [ 1  0  1  1 65  0]
 [ 0  1  3  0  1 60]]";0.7638603696098563;0.6767102340248473;"[[ 11  29   8  23  27   5]
 [  8 272  25  20  13  13]
 [  2  46 337  24  10   6]
 [  2  11  42 334  18   3]
 [  2   7   4   8 362   9]
 [  1   9  17  42  26 172]]";0.6613386613386614;0.5977439473092246;"[[  9  14  10  20  21   6]
 [  9 107  29   6  15  11]
 [  2  24 141  14  12   8]
 [  2   5  21 161  13   9]
 [  1  15   2   5 153   3]
 [  1   7  14  21  19  91]]";378;[50 59 60 76 68 65]
348;CiteSeer;own;-1;0.2;64;0.5;1;0.005;2140929057;0.9296875;0.9259292003811321;"[[41  3  1  3  2  0]
 [ 3 55  2  0  1  0]
 [ 0  0 60  1  0  0]
 [ 0  0  1 74  1  0]
 [ 1  0  1  2 66  0]
 [ 0  1  3  0  1 61]]";0.758496395468589;0.6693570471063174;"[[ 10  27  10  24  29   4]
 [  6 278  26  16  19   6]
 [  2  50 332  23  12   5]
 [  1  15  39 330  21   2]
 [  2   6   4   7 362   8]
 [  1  13  16  41  34 161]]";0.6613386613386614;0.5989231067531245;"[[ 10  15  10  17  23   5]
 [  8 111  28   6  18   6]
 [  1  28 140  14  12   6]
 [  2   6  18 163  14   8]
 [  1  14   2   5 155   2]
 [  2   8  14  20  26  83]]";384;[50 61 61 76 70 66]
349;CiteSeer;own;-1;0.2;64;0.5;1;0.005;2140929057;0.9358974358974359;0.9314942757317787;"[[41  4  1  3  1  0]
 [ 2 60  2  0  1  0]
 [ 1  0 61  0  0  0]
 [ 2  0  1 73  0  0]
 [ 1  0  1  2 66  0]
 [ 0  1  1  0  1 64]]";0.7603305785123967;0.673769232795084;"[[ 11  30  10  24  26   5]
 [  5 272  30  17  15   9]
 [  2  44 337  25   8   6]
 [  1  14  44 329  16   4]
 [  2   9   5   6 356   9]
 [  1  12  17  43  25 167]]";0.6633366633366633;0.5989723041360616;"[[  9  18  11  18  18   6]
 [ 10 110  32   5  13   7]
 [  1  24 146  12  11   7]
 [  1   6  22 162  11   9]
 [  1  15   2   7 151   3]
 [  3   9  14  22  19  86]]";390;[50 65 62 76 70 67]
350;CiteSeer;own;-1;0.2;64;0.5;1;0.005;2140929057;0.9393939393939394;0.9352049478535047;"[[42  4  1  2  1  0]
 [ 3 61  3  0  0  0]
 [ 0  0 63  0  0  0]
 [ 2  0  1 74  0  0]
 [ 1  0  1  2 67  0]
 [ 0  1  1  0  1 65]]";0.7626943005181347;0.6753874472784146;"[[ 11  33  12  20  24   5]
 [  3 277  30  13  14  10]
 [  0  42 343  22   9   6]
 [  1  15  46 322  19   4]
 [  2  10   4   5 356   9]
 [  0  11  20  38  31 163]]";0.6673326673326674;0.6043367451529089;"[[ 10  16  12  18  18   6]
 [  9 110  30   5  15   8]
 [  1  24 147  11  11   7]
 [  1   4  22 159  15  10]
 [  0  16   2   3 156   2]
 [  2   9  13  21  22  86]]";396;[50 67 63 77 71 68]
351;CiteSeer;own;-1;0.2;64;0.5;1;0.005;2140929057;0.9328358208955224;0.9281123952683478;"[[41  3  1  2  3  0]
 [ 3 62  2  0  0  0]
 [ 0  1 62  1  0  0]
 [ 3  0  2 74  0  0]
 [ 1  0  0  2 71  0]
 [ 0  1  1  0  1 65]]";0.7583160083160083;0.6695466085647755;"[[ 10  35   9  21  23   6]
 [  5 275  24  13  18  12]
 [  0  53 321  26  14   5]
 [  1  13  34 329  24   4]
 [  1   9   2   6 359   9]
 [  2  11   8  44  33 165]]";0.6723276723276723;0.6107828316933167;"[[ 11  19   4  19  21   6]
 [  8 113  26   5  16   9]
 [  1  29 138  12  14   7]
 [  2   3  18 163  15  10]
 [  0  11   2   3 161   2]
 [  1   7  12  22  24  87]]";402;[50 67 64 79 74 68]
352;CiteSeer;own;-1;0.2;64;0.5;1;0.005;2140929057;0.9362745098039216;0.9323989457911691;"[[43  4  1  2  2  0]
 [ 3 63  2  0  0  0]
 [ 0  0 63  1  0  0]
 [ 2  0  2 76  1  0]
 [ 1  0  0  2 71  0]
 [ 0  1  1  0  1 66]]";0.7627737226277372;0.674506766000233;"[[ 10  36  12  21  21   5]
 [  4 279  27  13  17   6]
 [  0  51 329  22   7   5]
 [  1  14  43 322  17   4]
 [  1   7   5   8 355   9]
 [  2  12  18  42  25 168]]";0.6843156843156843;0.6228108871374385;"[[ 11  20   9  17  18   5]
 [  9 116  27   5  15   5]
 [  1  28 144  11  12   5]
 [  1   6  20 165  10   9]
 [  0  11   2   4 159   3]
 [  3   9  14  21  16  90]]";408;[52 68 64 81 74 69]
353;CiteSeer;own;-1;0.2;64;0.5;1;0.005;2140929057;0.9347826086956522;0.9298507830711401;"[[42  4  1  4  2  0]
 [ 3 62  2  0  0  1]
 [ 0  1 66  0  0  0]
 [ 1  0  1 79  1  0]
 [ 1  0  0  2 72  0]
 [ 0  0  1  0  2 66]]";0.7625523012552301;0.6639024909615402;"[[  6  37  10  24  23   4]
 [  3 272  29  14  18   6]
 [  0  51 329  22  10   5]
 [  1  13  34 331  17   4]
 [  1   5   3   9 357   9]
 [  1  11  15  48  27 163]]";0.6843156843156843;0.6213125468162902;"[[ 10  19   6  20  20   5]
 [  7 116  28   6  16   4]
 [  1  28 141  14  12   5]
 [  1   5  19 166  12   8]
 [  0   9   1   7 160   2]
 [  2   8  14  21  16  92]]";414;[53 68 67 82 75 69]
354;CiteSeer;own;-1;0.2;64;0.5;1;0.005;2140929057;0.9357142857142857;0.9310607886942427;"[[43  4  2  3  2  0]
 [ 1 63  3  0  0  2]
 [ 0  1 67  0  0  0]
 [ 2  1  1 80  0  0]
 [ 1  0  0  2 72  0]
 [ 0  0  1  0  1 68]]";0.7691500524658972;0.6758544448209225;"[[  8  36  12  22  19   6]
 [  2 275  29  13  14   8]
 [  1  50 331  21   9   4]
 [  1  13  37 326  18   4]
 [  1   8   6   4 354  10]
 [  2  11  15  40  24 172]]";0.6793206793206793;0.6151952603187301;"[[  9  19   8  17  20   7]
 [  9 112  28   6  16   6]
 [  1  27 143  13  12   5]
 [  2   6  22 161  11   9]
 [  0  12   1   4 158   4]
 [  1   9  15  17  14  97]]";420;[54 69 68 84 75 70]
355;CiteSeer;own;-1;0.2;64;0.5;1;0.005;1240197975;0.0;0.0;[[]];0.16036113499570076;0.12379575797448157;"[[  9  55  15  64  27  14]
 [ 11 147  24 173  33  25]
 [  6 150  26 142 113  30]
 [  8 193  41 145  83  20]
 [ 21 173  24 144  39  16]
 [ 33 168  16 101  30   7]]";0.14085914085914086;0.11050608753104389;"[[ 3 27  2 31 12  5]
 [ 6 57 10 83 11 10]
 [ 3 63 17 64 38 16]
 [ 7 90 23 50 37  4]
 [ 9 88 12 55 11  4]
 [ 7 81  7 43 12  3]]";0;[]
356;CiteSeer;own;-1;0.2;64;0.5;1;0.005;1240197975;0.8333333333333334;0.8412698412698413;"[[1 1 0]
 [0 3 0]
 [0 0 1]]";0.2125;0.061610325963006675;"[[  0   0   0 183   0   0]
 [  0   2   0 410   0   0]
 [  0   0   0 466   0   0]
 [  0   0   0 489   0   0]
 [  0   1   0 415   0   0]
 [  0   0   0 352   0   2]]";0.21178821178821178;0.06024322498310938;"[[  0   0   0  80   0   0]
 [  0   0   0 177   0   0]
 [  0   0   0 201   0   0]
 [  0   0   0 211   0   0]
 [  0   0   0 179   0   0]
 [  0   0   0 152   0   1]]";6;[0 2 0 3 0 1]
357;CiteSeer;own;-1;0.2;64;0.5;1;0.005;1240197975;0.75;0.6028571428571429;"[[0 0 1 0 0]
 [0 3 0 1 0]
 [0 0 3 0 0]
 [0 0 0 1 0]
 [0 0 0 1 2]]";0.3617113223854797;0.18619439119705752;"[[  0   1   0  69 112   0]
 [  0  15   0 111 280   0]
 [  0   0   0 364 102   0]
 [  0   0   0 438  49   0]
 [  0   2   0  39 380   0]
 [  0   1   0  68 279   4]]";0.36563436563436563;0.1916913171158969;"[[  0   0   0  29  51   0]
 [  0  10   0  52 115   0]
 [  0   0   0 152  49   0]
 [  0   0   0 193  18   0]
 [  0   2   0  15 162   0]
 [  0   0   0  31 121   1]]";12;[1 4 0 3 1 3]
358;CiteSeer;own;-1;0.2;64;0.5;1;0.005;1240197975;0.8888888888888888;0.7200000000000001;"[[0 0 1 0 0]
 [0 5 0 0 0]
 [0 0 4 1 0]
 [0 0 0 2 0]
 [0 0 0 0 5]]";0.36741767764298094;0.2570101904724145;"[[  0   1   0   9 134  27]
 [  0   6   0  10 305  79]
 [  0   0   0  86 340  39]
 [  0   0   0 222 253  14]
 [  0   2   0   2 418  10]
 [  0   1   0   3 145 202]]";0.3826173826173826;0.278200618836233;"[[  0   0   0   2  66  12]
 [  0   7   0   9 137  24]
 [  0   0   0  42 144  15]
 [  0   0   0 100 104   7]
 [  0   0   0   0 176   3]
 [  0   0   0   3  50 100]]";18;[1 5 0 5 2 5]
359;CiteSeer;own;-1;0.2;64;0.5;1;0.005;1240197975;0.875;0.6073556073556073;"[[0 0 0 1 0 0]
 [0 5 0 0 0 0]
 [0 0 0 0 0 1]
 [0 0 0 6 0 0]
 [0 1 0 0 4 0]
 [0 0 0 0 0 6]]";0.4326672458731538;0.282505959892332;"[[  0   1   0  41 107  20]
 [  0   4   0  63 234  86]
 [  0   0   0 307 124  42]
 [  0   0   0 373 103  11]
 [  0   2   0   9 417   9]
 [  0   1   0  17 129 202]]";0.44455544455544455;0.30127243208012994;"[[  0   0   0  13  53  14]
 [  0   7   0  35 110  25]
 [  0   0   0 127  52  22]
 [  0   0   0 168  36   7]
 [  0   0   0   3 172   4]
 [  0   0   0   8  47  98]]";24;[1 5 1 6 5 6]
360;CiteSeer;own;-1;0.2;64;0.5;1;0.005;1240197975;0.9333333333333333;0.895959595959596;"[[2 0 1 0 0 0]
 [0 6 0 0 0 0]
 [0 0 2 0 0 0]
 [1 0 0 5 0 0]
 [0 0 0 0 6 0]
 [0 0 0 0 0 7]]";0.47735191637630664;0.39706804055291284;"[[  6   4 137   1  21   0]
 [  0  66 286   1  40   2]
 [  0   3 458   3   4   0]
 [  0   0 327 133  16   1]
 [  0   1  79   1 357   1]
 [  0   0 241   1  30  76]]";0.4435564435564436;0.3583867963517409;"[[  0   2  56   1  21   0]
 [  0  21 127   0  29   0]
 [  0   3 189   2   6   1]
 [  2   0 152  50   7   0]
 [  0   0  32   0 146   1]
 [  0   0 104   0  11  38]]";30;[3 6 2 6 6 7]
361;CiteSeer;own;-1;0.2;64;0.5;1;0.005;1240197975;0.9722222222222222;0.9650793650793651;"[[3 0 0 0 0 0]
 [0 7 0 0 0 0]
 [0 0 2 0 0 0]
 [1 0 0 7 0 0]
 [0 0 0 0 7 0]
 [0 0 0 0 0 9]]";0.5737991266375546;0.4977196168829659;"[[  2  27   6   5 118   4]
 [  0 175  41   6 165   6]
 [  0  49 318  32  67   0]
 [  4   8  45 253 168   2]
 [  0   2   2   2 438   2]
 [  0   4  30   3 178 128]]";0.5394605394605395;0.47182905604640285;"[[  0   7   2   5  65   1]
 [  1  66  20   2  84   4]
 [  0  30 127  13  30   1]
 [  2   5  19 107  78   0]
 [  0   0   0   0 177   2]
 [  0   3  14   2  71  63]]";36;[3 7 2 8 7 9]
362;CiteSeer;own;-1;0.2;64;0.5;1;0.005;1240197975;0.9523809523809523;0.9407894736842106;"[[ 3  1  0  0  0  0]
 [ 0  9  0  0  0  0]
 [ 0  0  2  0  0  0]
 [ 1  0  0  9  0  0]
 [ 0  0  0  0  7  0]
 [ 0  0  0  0  0 10]]";0.5227670753064798;0.40897669916125046;"[[  1 105   0   5  46   3]
 [  0 404   1   1  49   3]
 [  0 372   9  16  14   0]
 [  2 152   0 233  83   2]
 [  0  19   0   3 419   4]
 [  0 116   0   3  91 128]]";0.47352647352647353;0.3890761030921668;"[[  0  41   0   4  34   1]
 [  1 141   1   2  30   2]
 [  0 175   6   9  10   1]
 [  0  81   0  94  35   1]
 [  0  12   0   0 165   2]
 [  0  50   0   0  35  68]]";42;[ 4  9  2 10  7 10]
363;CiteSeer;own;-1;0.2;64;0.5;1;0.005;1240197975;0.9166666666666666;0.905672268907563;"[[ 3  0  0  1  0  0]
 [ 0  8  1  0  0  0]
 [ 0  0  5  0  0  0]
 [ 0  0  0 10  0  0]
 [ 0  0  0  0  7  0]
 [ 0  0  1  0  1 11]]";0.5364354697102721;0.4406238855092392;"[[  2   7 105   1  33   9]
 [  0  94 229   0  56  13]
 [  0  15 499   3   4   0]
 [  0   1 338  79  14   4]
 [  0   3  41   0 383   7]
 [  0   2 136   0  35 165]]";0.4775224775224775;0.3954117001893465;"[[  0   2  41   2  29   6]
 [  1  35  97   0  36   8]
 [  0  16 175   2   7   1]
 [  0   1 173  28   8   1]
 [  0   1  17   0 157   4]
 [  0   0  57   0  13  83]]";48;[ 4  9  5 10  7 13]
364;CiteSeer;own;-1;0.2;64;0.5;1;0.005;1240197975;0.9814814814814815;0.9742351046698873;"[[ 4  0  0  1  0  0]
 [ 0 11  0  0  0  0]
 [ 0  0  5  0  0  0]
 [ 0  0  0 11  0  0]
 [ 0  0  0  0  8  0]
 [ 0  0  0  0  0 14]]";0.5695422535211268;0.48718101491085936;"[[  1 101   3   2  46   2]
 [  0 396  15   2  40   4]
 [  0 242 165  12  14   2]
 [  0 145  49 180  69   4]
 [  0  23   5   2 405   5]
 [  0 108   7   4  72 147]]";0.5404595404595405;0.4756652856758943;"[[  0  47   1   2  28   2]
 [  1 142   3   0  29   2]
 [  0 116  67   5  12   1]
 [  0  61  28  87  33   2]
 [  0  14   0   0 162   3]
 [  0  42   4   0  24  83]]";54;[ 5 11  5 11  8 14]
365;CiteSeer;own;-1;0.2;64;0.5;1;0.005;1240197975;0.9166666666666666;0.8871259175607001;"[[ 3  1  0  2  0  0]
 [ 0 11  0  0  0  0]
 [ 0  0  5  0  0  0]
 [ 1  0  1 12  0  0]
 [ 0  0  0  0  9  0]
 [ 0  0  0  0  0 15]]";0.5948808473080318;0.5078767024359396;"[[  0  77   3   7  63   4]
 [  0 377  12   4  55   6]
 [  0 234 158  14  23   2]
 [  0  75  47 227  97   5]
 [  0  13   4   2 414   6]
 [  0  59   8   4  94 172]]";0.5634365634365635;0.49178881075995706;"[[  0  31   1   6  38   4]
 [  1 133   3   0  38   2]
 [  0 120  59   7  14   1]
 [  0  31  22 111  44   3]
 [  0   7   0   1 168   3]
 [  0  28   3   0  29  93]]";60;[ 6 11  5 14  9 15]
366;CiteSeer;own;-1;0.2;64;0.5;1;0.005;1240197975;0.8939393939393939;0.8638401253918495;"[[ 3  1  0  2  0  0]
 [ 0 11  0  0  0  1]
 [ 0  0  5  0  0  0]
 [ 1  0  1 12  1  0]
 [ 0  0  0  0 12  0]
 [ 0  0  0  0  0 16]]";0.5530973451327433;0.4752103944290922;"[[  0  30   3   1 115   5]
 [  0 303   8   3 126   9]
 [  0 188 160   8  72   4]
 [  0  34  35 180 180   5]
 [  0   4   2   0 446   4]
 [  0  23   8   2 141 161]]";0.5004995004995005;0.43805023202230625;"[[  0  13   2   3  57   5]
 [  1 100   3   0  68   5]
 [  0  96  66   6  31   2]
 [  0  20  21  78  89   3]
 [  0   1   0   0 175   3]
 [  0  11   5   0  55  82]]";66;[ 6 12  5 15 12 16]
367;CiteSeer;own;-1;0.2;64;0.5;1;0.005;1240197975;0.9166666666666666;0.8827004866478552;"[[ 3  1  0  2  0  0]
 [ 0 11  0  0  0  1]
 [ 0  0  6  0  0  0]
 [ 1  0  0 15  0  0]
 [ 0  0  0  0 13  0]
 [ 0  0  1  0  0 18]]";0.593167701863354;0.5102882745858873;"[[  0  50   2   3  87  12]
 [  0 324   8   7  98  11]
 [  0 194 169   8  53   6]
 [  0  41  38 215 134   4]
 [  0   6   1   1 442   5]
 [  0  29   8   2 109 187]]";0.5384615384615384;0.47091451244739685;"[[  0  19   1   4  48   8]
 [  1 109   3   4  52   8]
 [  0 100  67   5  26   3]
 [  0  23  21  94  70   3]
 [  0   5   0   0 171   3]
 [  0  14   5   1  35  98]]";72;[ 6 12  6 16 13 19]
368;CiteSeer;own;-1;0.2;64;0.5;1;0.005;1240197975;0.9230769230769231;0.9007571089357941;"[[ 4  0  0  2  0  0]
 [ 0 11  0  0  0  1]
 [ 0  0  7  0  0  1]
 [ 1  0  0 17  0  0]
 [ 0  0  0  0 14  0]
 [ 0  0  1  0  0 19]]";0.6454626334519573;0.5526417582970696;"[[  1  33   2  34  48  32]
 [  0 279  13  32  50  67]
 [  0 146 199  27  23  34]
 [  0  27  49 305  46  12]
 [  0   6   1   7 411  24]
 [  0  14  15   8  47 256]]";0.6063936063936064;0.5224810398688201;"[[  0  18   1  20  28  13]
 [  3  93   7  12  38  24]
 [  0  75  84  10  18  14]
 [  0  11  23 150  19   8]
 [  0   4   1   6 159   9]
 [  0   5   9   0  18 121]]";78;[ 6 12  8 18 14 20]
369;CiteSeer;own;-1;0.2;64;0.5;1;0.005;1240197975;0.9404761904761905;0.919676216777666;"[[ 4  0  0  2  0  0]
 [ 0 13  0  0  0  1]
 [ 0  0 11  0  0  0]
 [ 1  0  0 17  0  0]
 [ 0  0  0  0 14  0]
 [ 0  0  1  0  0 20]]";0.6347011596788582;0.5462014510397777;"[[  1  44  14  20  51  18]
 [  0 312  23  10  56  44]
 [  0 149 250   5  25   4]
 [  0  38  94 213  78  10]
 [  0   9   2   2 418  14]
 [  0  18  26   1  64 229]]";0.5734265734265734;0.5007705840284205;"[[  0  21   5  12  32  10]
 [  3 105  13   4  33  19]
 [  0  78 101   4  17   1]
 [  0  16  46  97  47   5]
 [  0   6   3   3 162   5]
 [  0   5  14   0  25 109]]";84;[ 6 14 11 18 14 21]
370;CiteSeer;own;-1;0.2;64;0.5;1;0.005;1240197975;0.9444444444444444;0.9224393695408187;"[[ 4  0  0  2  0  0]
 [ 0 13  0  0  0  1]
 [ 0  0 11  0  0  0]
 [ 1  0  0 21  0  0]
 [ 0  0  0  0 15  0]
 [ 0  0  1  0  0 21]]";0.6471377459749553;0.5571399081769354;"[[  1  40   6  34  50  16]
 [  0 295  19  35  61  34]
 [  0 145 214  19  42   3]
 [  0  22  44 301  66   7]
 [  0   9   0   9 421   8]
 [  0  16  17   7  80 215]]";0.6113886113886113;0.5318858247816458;"[[  0  16   2  23  30   9]
 [  3 100  10  15  35  14]
 [  0  75  95   8  22   1]
 [  0  13  20 150  24   4]
 [  0   6   2   7 160   4]
 [  0   6  11   1  28 107]]";90;[ 6 14 11 22 15 22]
371;CiteSeer;own;-1;0.2;64;0.5;1;0.005;1240197975;0.9375;0.9160063551112145;"[[ 4  0  0  2  0  0]
 [ 0 16  0  1  0  1]
 [ 0  0 12  0  0  0]
 [ 1  0  0 21  0  0]
 [ 0  0  0  0 16  0]
 [ 0  0  1  0  0 21]]";0.6632286995515695;0.5719167185366089;"[[  1  54   9  22  48  11]
 [  0 338  18  19  48  15]
 [  0 152 233  11  35   2]
 [  0  30  50 285  65   8]
 [  0  10   2   5 421   8]
 [  0  30  20   4  75 201]]";0.6173826173826173;0.5406569799118837;"[[  0  22   3  18  30   7]
 [  3 118  13   8  27   8]
 [  0  75 101   5  19   1]
 [  0  15  27 135  30   4]
 [  0   9   2   5 161   2]
 [  0  11  12   0  27 103]]";96;[ 6 18 12 22 16 22]
372;CiteSeer;own;-1;0.2;64;0.5;1;0.005;1240197975;0.9313725490196079;0.8991740458407125;"[[ 4  1  0  2  0  0]
 [ 1 17  0  1  0  0]
 [ 0  0 13  0  0  0]
 [ 1  0  0 23  0  0]
 [ 0  0  0  0 16  0]
 [ 0  0  1  0  0 22]]";0.6780575539568345;0.5830181674389013;"[[  0  59  13  20  43   9]
 [  0 348  22  13  38  15]
 [  0 141 246  13  29   4]
 [  0  31  58 282  56   9]
 [  0  10   3   4 419  10]
 [  0  26  23   6  61 213]]";0.6353646353646354;0.5561569717758025;"[[  0  23   5  16  29   7]
 [  3 125  11   8  23   7]
 [  0  70 106   5  19   1]
 [  0  17  28 140  22   4]
 [  0   8   2   7 159   3]
 [  0   7  14   0  26 106]]";102;[ 7 19 13 24 16 23]
373;CiteSeer;own;-1;0.2;64;0.5;1;0.005;1240197975;0.9351851851851852;0.8866591880843187;"[[ 3  2  0  2  0  0]
 [ 0 20  0  0  0  0]
 [ 0  0 13  0  1  0]
 [ 1  0  0 25  0  0]
 [ 0  0  0  0 17  0]
 [ 0  0  1  0  0 23]]";0.6884580703336339;0.591826164054679;"[[  0  55  11  21  47  10]
 [  0 343  17  24  37  16]
 [  0 124 251  14  34   8]
 [  0  22  44 296  62  10]
 [  0   8   1   5 417  13]
 [  0  22  19   7  60 220]]";0.6353646353646354;0.5556745769303973;"[[  0  25   2  17  29   7]
 [  1 122  12   9  26   7]
 [  0  70 103   6  20   2]
 [  0  13  28 142  24   4]
 [  0   8   2   7 159   3]
 [  0   7  11   0  25 110]]";108;[ 7 20 14 26 17 24]
374;CiteSeer;own;-1;0.2;64;0.5;1;0.005;1240197975;0.9473684210526315;0.9197073429992685;"[[ 5  2  0  1  0  0]
 [ 0 22  0  0  0  0]
 [ 0  0 14  0  1  0]
 [ 1  0  0 25  0  0]
 [ 0  0  0  0 18  0]
 [ 0  0  1  0  0 24]]";0.6907775768535263;0.5958178179459178;"[[  1  56   9  20  47  10]
 [  0 349  14  15  41  15]
 [  0 123 252  12  37   8]
 [  0  25  42 292  64   9]
 [  0   7   0   5 419  12]
 [  0  23  18   5  67 215]]";0.6393606393606394;0.5665343090685966;"[[  2  25   2  15  29   7]
 [  1 125  11   7  26   7]
 [  0  69 104   5  21   2]
 [  0  14  26 140  28   3]
 [  0   8   2   7 159   3]
 [  0   7  11   0  25 110]]";114;[ 8 22 15 26 18 25]
375;CiteSeer;own;-1;0.2;64;0.5;1;0.005;1240197975;0.9333333333333333;0.9016842770026132;"[[ 5  2  0  1  1  0]
 [ 0 23  0  0  0  0]
 [ 0  0 14  0  0  1]
 [ 1  0  1 27  0  0]
 [ 0  0  0  0 18  0]
 [ 0  0  1  0  0 25]]";0.699456029011786;0.6029918367694287;"[[  1  55  10  21  42  11]
 [  0 338  19  18  34  21]
 [  0 101 271  16  28  10]
 [  0  25  50 294  60   8]
 [  0   9   2   7 412  13]
 [  0  19  23   7  54 227]]";0.6533466533466533;0.5772044669947617;"[[  2  23   2  18  26   9]
 [  1 120  13   8  27   8]
 [  0  57 114   6  19   5]
 [  0  12  28 146  21   4]
 [  0   8   3   7 158   3]
 [  0   5  12   0  22 114]]";120;[ 9 23 15 29 18 26]
376;CiteSeer;own;-1;0.2;64;0.5;1;0.005;1240197975;0.9365079365079365;0.8898633796266874;"[[ 4  2  1  2  1  1]
 [ 0 24  0  0  0  0]
 [ 0  0 15  0  0  0]
 [ 0  0  0 30  0  0]
 [ 0  1  0  0 18  0]
 [ 0  0  0  0  0 27]]";0.6981818181818182;0.603961648180856;"[[  1  59   7  21  47  16]
 [  0 342  15  20  33  19]
 [  0 112 248  16  33  12]
 [  0  29  38 296  61   9]
 [  0  10   2   5 411  13]
 [  0  11  17   5  54 238]]";0.6473526473526473;0.5719449258413414;"[[  2  24   2  17  28   7]
 [  1 122  11   9  25   9]
 [  0  63 106   6  20   6]
 [  0  16  21 145  25   4]
 [  0   8   3   5 159   4]
 [  0   6  12   0  21 114]]";126;[11 24 15 30 19 27]
377;CiteSeer;own;-1;0.2;64;0.5;1;0.005;1240197975;0.9393939393939394;0.8912627280449942;"[[ 4  1  1  3  1  1]
 [ 0 25  0  0  0  0]
 [ 0  0 15  0  0  0]
 [ 0  0  0 32  0  0]
 [ 0  0  0  0 20  0]
 [ 0  0  1  0  0 28]]";0.6937101185050136;0.6000344641018642;"[[  1  56   8  21  49  16]
 [  0 330  13  21  42  21]
 [  0 100 246  14  40  16]
 [  0  28  35 296  64   9]
 [  0   9   2   5 414  10]
 [  0   9  16   5  63 235]]";0.6393606393606394;0.5642848381652458;"[[  2  25   2  17  27   7]
 [  1 114  12  10  30  10]
 [  0  60 102   7  23   9]
 [  0  15  17 146  29   4]
 [  0   7   3   5 160   4]
 [  0   4  10   0  23 116]]";132;[11 25 15 32 20 29]
378;CiteSeer;own;-1;0.2;64;0.5;1;0.005;1240197975;0.9347826086956522;0.9043985556123552;"[[ 6  1  0  2  2  1]
 [ 0 26  0  0  0  0]
 [ 0  0 15  0  0  1]
 [ 1  0  0 32  0  1]
 [ 0  0  0  0 20  0]
 [ 0  0  0  0  0 30]]";0.6928702010968921;0.5994896660796737;"[[  2  56   5  25  43  23]
 [  0 328  11  24  28  33]
 [  0 104 230  23  32  29]
 [  0  26  27 307  57  15]
 [  0  10   1   9 399  16]
 [  0   9  13   7  46 250]]";0.6403596403596403;0.5598045787251188;"[[  2  24   2  20  24   8]
 [  2 120   8  11  20  16]
 [  0  59  90   8  19  25]
 [  0  14  14 154  21   8]
 [  0   7   2   6 156   8]
 [  0   4  10   0  20 119]]";138;[12 26 16 34 20 30]
379;CiteSeer;own;-1;0.2;64;0.5;1;0.005;1240197975;0.9444444444444444;0.9213199244188367;"[[ 7  3  0  1  0  1]
 [ 0 28  0  0  0  0]
 [ 0  0 16  0  0  1]
 [ 1  0  0 32  0  1]
 [ 0  0  0  0 22  0]
 [ 0  0  0  0  0 31]]";0.7066911090742438;0.6151236699412528;"[[  4  67   5  20  36  18]
 [  0 354  10  10  24  27]
 [  0 106 237  19  27  28]
 [  0  29  35 299  49  17]
 [  0  11   2  10 398  14]
 [  0  16  17   5  38 250]]";0.6493506493506493;0.5704138514980643;"[[  2  29   3  16  23   7]
 [  2 132   9   7  18   9]
 [  0  64  93   8  16  20]
 [  0  15  20 151  17   8]
 [  0  11   3   6 150   9]
 [  0   4  10   0  17 122]]";144;[12 28 17 34 22 31]
380;CiteSeer;own;-1;0.2;64;0.5;1;0.005;1240197975;0.9333333333333333;0.9078771829977231;"[[ 8  3  0  1  1  2]
 [ 0 29  0  0  0  0]
 [ 0  0 16  0  0  1]
 [ 1  0  0 34  0  0]
 [ 0  0  0  0 22  0]
 [ 0  0  1  0  0 31]]";0.6999080882352942;0.6071605552292049;"[[  3  64   5  17  45  18]
 [  0 341  11  17  26  26]
 [  0  94 247  22  28  23]
 [  0  22  42 293  56  16]
 [  0  11   2   5 405  11]
 [  0  17  19   9  47 234]]";0.6543456543456544;0.5762144795218845;"[[  2  26   3  17  25   7]
 [  2 128  11   8  19   9]
 [  0  60 101   8  18  14]
 [  0  14  22 148  21   6]
 [  0   9   3   6 158   3]
 [  0   5  10   0  20 118]]";150;[15 29 17 35 22 32]
381;CiteSeer;own;-1;0.2;64;0.5;1;0.005;1240197975;0.9294871794871795;0.9059174148611561;"[[ 9  1  0  2  2  2]
 [ 1 29  0  0  0  0]
 [ 0  1 18  0  0  0]
 [ 1  0  0 35  0  0]
 [ 0  0  0  0 22  0]
 [ 0  0  1  0  0 32]]";0.7018433179723502;0.6114180741843277;"[[  4  60   7  18  40  21]
 [  0 305  20  19  28  23]
 [  0 100 273  25  23  25]
 [  0  19  43 308  39  13]
 [  1   9   4   8 401  11]
 [  0  16  22  10  43 232]]";0.6593406593406593;0.5814167266418852;"[[  2  23   3  21  24   7]
 [  2 117  16  12  19  11]
 [  0  53 114   7  16  11]
 [  0   8  28 154  17   4]
 [  1   9   4   8 154   3]
 [  0   4  12   0  18 119]]";156;[16 30 19 36 22 33]
382;CiteSeer;own;-1;0.2;64;0.5;1;0.005;1240197975;0.9444444444444444;0.9236882080388799;"[[10  1  0  1  3  2]
 [ 0 31  0  0  0  0]
 [ 0  0 21  0  0  0]
 [ 1  0  0 36  0  0]
 [ 0  0  0  0 23  0]
 [ 0  0  1  0  0 32]]";0.7158040665434381;0.6222889321501169;"[[  4  53  11  14  46  18]
 [  0 286  45  14  28  16]
 [  0  73 345  17  15  11]
 [  0  20  52 287  49   9]
 [  0   9   2   7 421   5]
 [  0  10  34   3  54 206]]";0.6433566433566433;0.5676563405686276;"[[  2  21   7  18  25   7]
 [  2 106  32   8  20   9]
 [  0  40 131   7  14   9]
 [  0   6  37 141  23   4]
 [  0   8   3   8 156   4]
 [  0   3  21   0  21 108]]";162;[17 31 21 37 23 33]
383;CiteSeer;own;-1;0.2;64;0.5;1;0.005;1240197975;0.9226190476190477;0.8969833925162006;"[[ 9  4  0  1  2  2]
 [ 0 31  0  0  0  0]
 [ 0  0 21  0  0  0]
 [ 2  0  0 37  0  0]
 [ 0  0  0  0 24  1]
 [ 0  0  1  0  0 33]]";0.7210379981464319;0.6224363335969695;"[[  2  59  11  15  32  25]
 [  0 288  39  13  25  23]
 [  0  74 328  22  14  23]
 [  1  20  43 298  36  19]
 [  0  11   1   7 417   7]
 [  0  12  26   5  39 223]]";0.6473526473526473;0.5692462219891499;"[[  2  24   5  18  21  10]
 [  1 109  31   7  17  12]
 [  0  41 124   7  14  15]
 [  0   6  31 150  19   5]
 [  0  10   2   8 153   6]
 [  0   3  21   1  18 110]]";168;[18 31 21 39 25 34]
384;CiteSeer;own;-1;0.2;64;0.5;1;0.005;1240197975;0.9367816091954023;0.9203572881584782;"[[12  2  0  1  3  1]
 [ 0 31  0  0  0  0]
 [ 0  0 22  0  0  0]
 [ 2  0  0 38  0  0]
 [ 0  0  0  0 26  1]
 [ 0  0  1  0  0 34]]";0.7193308550185874;0.6198619138123077;"[[  2  45  12  15  47  15]
 [  0 272  45  14  40  17]
 [  0  55 351  23  20  13]
 [  1  15  41 290  60  10]
 [  0   8   1   7 431   4]
 [  0  11  25   4  56 202]]";0.6493506493506493;0.5737960675153967;"[[  3  16   7  18  30   6]
 [  1  99  33   9  26   9]
 [  0  30 139   6  16  10]
 [  0   5  32 144  26   4]
 [  0   6   2   6 163   2]
 [  1   3  21   0  26 102]]";174;[19 31 22 40 27 35]
385;CiteSeer;own;-1;0.2;64;0.5;1;0.005;1240197975;0.9222222222222223;0.9091481894985846;"[[14  2  0  1  2  1]
 [ 0 29  3  0  0  0]
 [ 0  0 24  0  0  0]
 [ 3  0  0 39  0  0]
 [ 0  0  0  0 26  1]
 [ 0  0  1  0  0 34]]";0.733923578751165;0.6329862658102531;"[[  3  46  17  17  28  24]
 [  0 258  61  17  26  15]
 [  0  35 391  20  14  10]
 [  0  10  71 297  30  13]
 [  0   8   3  11 420   5]
 [  0   9  42   5  34 206]]";0.6683316683316683;0.590208994782263;"[[  3  15  11  21  22   8]
 [  1  94  45  11  17   9]
 [  0  17 160   6  13   5]
 [  0   2  39 151  16   3]
 [  0  10   4   8 153   4]
 [  0   3  25   0  17 108]]";180;[20 32 24 42 27 35]
386;CiteSeer;own;-1;0.2;64;0.5;1;0.005;1240197975;0.9354838709677419;0.9223502511310769;"[[15  1  1  2  2  1]
 [ 1 30  1  0  0  0]
 [ 0  0 25  0  0  0]
 [ 1  0  0 43  0  0]
 [ 0  0  0  0 27  0]
 [ 1  0  1  0  0 34]]";0.7467289719626168;0.6699790798149842;"[[ 17  50  11  14  30  11]
 [  4 255  63  16  24  16]
 [  2  28 396  21  12   8]
 [  0  12  58 307  32  10]
 [  2   8   2  10 418   5]
 [  2   6  38   5  42 205]]";0.6823176823176823;0.6159637947173978;"[[  8  19   6  18  22   7]
 [  3  97  42  11  17   7]
 [  1  15 161   6  12   6]
 [  0   2  30 159  16   4]
 [  2   9   3   8 153   4]
 [  2   1  26   0  19 105]]";186;[22 32 25 44 27 36]
387;CiteSeer;own;-1;0.2;64;0.5;1;0.005;1240197975;0.9479166666666666;0.938921078921079;"[[17  1  1  2  1  1]
 [ 0 32  1  0  0  0]
 [ 0  0 26  0  0  0]
 [ 1  0  0 44  0  0]
 [ 0  0  0  0 27  0]
 [ 1  0  1  0  0 36]]";0.7539831302717901;0.6758872159108679;"[[ 15  46  10  13  36  11]
 [  2 274  40  11  26  22]
 [  0  49 368  21  12  13]
 [  0  19  47 303  34  15]
 [  5   8   1   6 408   6]
 [  2   8  23   6  33 241]]";0.6843156843156843;0.616341412442082;"[[  7  20   4  16  22  11]
 [  1 109  33   6  17  11]
 [  1  24 150   6  12   8]
 [  0   4  29 154  20   4]
 [  2   8   2   6 152   9]
 [  2   2  19   0  17 113]]";192;[23 33 26 45 27 38]
388;CiteSeer;own;-1;0.2;64;0.5;1;0.005;1240197975;0.9444444444444444;0.9342301029238614;"[[17  2  1  2  1  1]
 [ 0 33  1  0  0  0]
 [ 0  0 27  0  0  0]
 [ 1  0  0 45  0  0]
 [ 0  0  0  0 29  0]
 [ 1  0  1  0  0 36]]";0.75;0.6740145241010227;"[[ 16  42  12  14  36   9]
 [  2 261  56  10  27  17]
 [  0  41 378  20  15  11]
 [  0  15  51 306  36   8]
 [  4   7   1   7 412   6]
 [  1   6  28   7  43 223]]";0.6733266733266733;0.6055549413874494;"[[  7  20   5  16  22  10]
 [  4  98  39   5  20  11]
 [  1  20 154   7  12   7]
 [  0   3  31 155  18   4]
 [  2   8   2   8 153   6]
 [  2   1  24   0  19 107]]";198;[24 34 27 46 29 38]
389;CiteSeer;own;-1;0.2;64;0.5;1;0.005;1240197975;0.9362745098039216;0.9271550356656739;"[[18  2  1  2  1  1]
 [ 0 34  1  0  1  0]
 [ 0  0 28  1  0  0]
 [ 1  0  0 45  0  0]
 [ 0  0  0  0 29  0]
 [ 1  0  1  0  0 37]]";0.7502356267672008;0.6749505854234594;"[[ 17  42  11  15  32  11]
 [  4 259  48  12  29  25]
 [  2  44 372  18  15  11]
 [  0  13  47 307  30  18]
 [  7   6   1   8 403   6]
 [  3   6  25   7  34 234]]";0.6723276723276723;0.6046411921802161;"[[  7  16   4  19  21  13]
 [  5 100  37   6  17  12]
 [  1  23 148   7  12  10]
 [  0   3  30 157  17   4]
 [  3   8   2   6 151   9]
 [  3   1  21   0  18 110]]";204;[25 36 29 46 29 39]
390;CiteSeer;own;-1;0.2;64;0.5;1;0.005;1240197975;0.9428571428571428;0.9358042755054073;"[[20  1  1  2  1  1]
 [ 0 35  1  0  1  0]
 [ 0  0 30  0  0  0]
 [ 2  0  0 45  0  0]
 [ 0  0  0  0 30  0]
 [ 1  0  1  0  0 38]]";0.748109640831758;0.6802545178399085;"[[ 21  44  10  13  33   9]
 [  4 267  45  11  26  23]
 [  2  51 366  17  13  13]
 [  0  16  60 293  30  15]
 [  6   7   2   4 405   5]
 [  2   7  27   6  32 231]]";0.6713286713286714;0.6050367727733347;"[[  7  18   4  15  23  13]
 [  6 105  35   6  12  13]
 [  1  30 142   6  12  10]
 [  0   3  33 154  17   4]
 [  3   9   2   4 154   7]
 [  2   2  22   0  17 110]]";210;[26 37 30 47 30 40]
391;CiteSeer;own;-1;0.2;64;0.5;1;0.005;1240197975;0.9398148148148148;0.9305331528187161;"[[19  1  1  3  1  2]
 [ 0 36  2  0  1  0]
 [ 0  0 30  0  0  0]
 [ 0  0  0 48  0  0]
 [ 0  0  0  0 30  0]
 [ 1  0  1  0  0 40]]";0.7483412322274882;0.6863917133513188;"[[ 25  44   9  16  27   8]
 [  7 262  51  11  23  22]
 [  2  45 364  22  11  14]
 [  0  15  60 297  27  14]
 [ 11   5   3   6 391   5]
 [  1   7  27   6  32 240]]";0.6663336663336663;0.6050615684281482;"[[  9  18   5  16  18  14]
 [  7 103  34   6  13  14]
 [  1  29 140   7  13  11]
 [  0   3  31 153  19   5]
 [  4   7   2   6 154   6]
 [  2   1  24   0  18 108]]";216;[27 39 30 48 30 42]
392;CiteSeer;own;-1;0.2;64;0.5;1;0.005;1240197975;0.9459459459459459;0.9406275044588052;"[[23  1  1  3  0  0]
 [ 0 39  0  0  1  0]
 [ 0  1 30  1  1  0]
 [ 0  0  0 48  0  0]
 [ 1  0  0  0 30  0]
 [ 0  0  1  0  1 40]]";0.7523764258555133;0.6945914283658391;"[[ 27  49   6  14  25   6]
 [  7 293  33  11  19  18]
 [  2  69 337  22  10  12]
 [  0  20  53 296  30  10]
 [  9   6   2   7 392   6]
 [  1  11  26   7  30 238]]";0.6623376623376623;0.6101949063190745;"[[ 12  21   4  15  18  10]
 [  8 114  27   7  10  11]
 [  1  44 125   6  13  12]
 [  0   6  29 151  21   4]
 [  3   9   2   6 154   5]
 [  2   4  22   0  18 107]]";222;[28 40 33 48 31 42]
393;CiteSeer;own;-1;0.2;64;0.5;1;0.005;1240197975;0.9429824561403509;0.9370935050411678;"[[23  1  1  3  0  1]
 [ 0 40  0  0  1  0]
 [ 0  1 30  1  1  0]
 [ 0  0  0 50  0  0]
 [ 0  0  0  0 31  0]
 [ 2  0  1  0  0 41]]";0.7516682554814109;0.6912961909766443;"[[ 26  42   6  17  29   8]
 [  8 276  35  13  23  26]
 [  2  63 342  21  10  14]
 [  1  17  47 300  27  14]
 [  7   6   2   8 390   8]
 [  2   8  25   9  23 243]]";0.6603396603396603;0.6094644525826476;"[[ 13  19   4  15  18  11]
 [  8 105  29   8  13  14]
 [  1  42 122   7  12  17]
 [  0   3  31 156  17   4]
 [  2   9   2   6 153   7]
 [  3   2  21   0  15 112]]";228;[29 41 33 50 31 44]
394;CiteSeer;own;-1;0.2;64;0.5;1;0.005;1240197975;0.9487179487179487;0.9432656736845807;"[[24  1  1  3  0  1]
 [ 0 40  0  0  1  0]
 [ 0  0 34  0  1  0]
 [ 0  0  0 51  0  0]
 [ 0  0  0  0 31  0]
 [ 2  0  1  0  1 42]]";0.7519120458891013;0.6908424630447433;"[[ 25  45   8  19  22   7]
 [  8 278  38  11  20  24]
 [  2  62 346  23   9  10]
 [  1  18  49 303  25   9]
 [  6   6   3  10 385   8]
 [  2  10  26  12  26 236]]";0.6623376623376623;0.6100474887798808;"[[ 12  19   6  16  17  10]
 [  8 110  30   7  10  12]
 [  1  44 122   8  13  13]
 [  0   3  31 156  17   4]
 [  2   9   2   6 153   7]
 [  2   2  22   0  17 110]]";234;[30 41 35 51 31 46]
395;CiteSeer;own;-1;0.2;64;0.5;1;0.005;1240197975;0.9541666666666667;0.9504696713985482;"[[27  1  1  2  0  0]
 [ 0 40  1  0  1  0]
 [ 0  0 35  0  1  0]
 [ 1  0  0 51  0  0]
 [ 0  0  0  0 31  1]
 [ 1  0  1  0  0 45]]";0.7545541706615532;0.6960608397633598;"[[ 27  48   8  13  20   9]
 [  8 277  42   9  20  25]
 [  2  53 352  23   8  11]
 [  1  20  49 297  27   9]
 [  7   6   3   9 380  12]
 [  2  10  28  11  19 241]]";0.6753246753246753;0.6239928553860069;"[[ 13  21   7  13  17   9]
 [  8 108  34   6   9  12]
 [  1  35 133   7  12  13]
 [  0   4  30 155  18   4]
 [  2   9   2   6 153   7]
 [  3   4  20   0  12 114]]";240;[31 42 36 52 32 47]
396;CiteSeer;own;-1;0.2;64;0.5;1;0.005;1240197975;0.959349593495935;0.9565939302304507;"[[29  1  1  2  0  0]
 [ 0 40  1  0  1  0]
 [ 0  0 37  0  1  0]
 [ 1  0  0 51  0  0]
 [ 0  0  0  0 33  0]
 [ 1  0  1  0  0 46]]";0.75;0.69844585306297;"[[ 33  47   8   8  24   5]
 [  9 276  44   8  23  19]
 [  3  56 352  20   7  11]
 [  7  18  55 279  35   7]
 [  9   5   3   4 384  11]
 [  4  11  26   6  27 236]]";0.6703296703296703;0.6213434989061919;"[[ 14  20   7  12  18   9]
 [ 10 109  32   6  10  10]
 [  1  34 134   7  13  12]
 [  2   4  33 150  18   4]
 [  4   7   2   6 155   5]
 [  3   4  21   0  16 109]]";246;[33 42 38 52 33 48]
397;CiteSeer;own;-1;0.2;64;0.5;1;0.005;1240197975;0.9642857142857143;0.9602406572921326;"[[28  1  1  2  0  1]
 [ 0 41  1  0  1  0]
 [ 0  0 38  0  0  0]
 [ 1  0  0 52  0  0]
 [ 1  0  0  0 34  0]
 [ 0  0  0  0  0 50]]";0.757473481195757;0.6989061004930196;"[[ 27  43   7  10  23   9]
 [ 12 286  27   6  21  29]
 [  2  62 331  20  10  21]
 [  3  21  47 290  29  11]
 [  6   5   3   4 386  13]
 [  1  11  16   6  25 251]]";0.6713286713286714;0.6239175635859474;"[[ 15  21   5  12  19   8]
 [  9 115  25   5  10  13]
 [  1  40 124   7  12  17]
 [  2   7  27 152  18   5]
 [  2   8   2   6 153   8]
 [  3   2  20   0  15 113]]";252;[33 43 38 53 35 50]
398;CiteSeer;own;-1;0.2;64;0.5;1;0.005;1240197975;0.9612403100775194;0.9584821349217064;"[[30  1  1  1  0  1]
 [ 1 41  1  0  1  1]
 [ 0  0 38  0  0  0]
 [ 1  0  0 54  0  0]
 [ 0  0  0  0 35  1]
 [ 0  0  0  0  0 50]]";0.7591876208897486;0.698303888321318;"[[ 26  42   7  16  22   6]
 [ 10 280  31   9  23  26]
 [  4  56 342  21   8  13]
 [  3  18  46 298  26  10]
 [  8   5   2   7 384  10]
 [  2  11  20   8  28 240]]";0.6783216783216783;0.6265500672780878;"[[ 14  20   6  14  18   8]
 [  9 110  26   7  11  14]
 [  1  33 136   7  11  13]
 [  2   5  23 159  18   4]
 [  3   8   2   6 152   8]
 [  3   3  23   0  16 108]]";258;[34 45 38 55 36 50]
399;CiteSeer;own;-1;0.2;64;0.5;1;0.005;1240197975;0.9621212121212122;0.9603167792670652;"[[32  1  1  1  0  1]
 [ 1 43  0  0  1  1]
 [ 0  0 39  1  0  0]
 [ 1  0  0 54  0  0]
 [ 0  0  0  0 37  0]
 [ 1  0  0  0  0 49]]";0.7550921435499515;0.7001631101666629;"[[ 30  38   7  17  21   5]
 [  9 268  40   8  24  27]
 [  3  54 348  19   9  14]
 [  5  17  52 290  27   8]
 [  7   5   2   6 386   9]
 [  2  11  21   5  33 235]]";0.6673326673326674;0.6171124425462485;"[[ 14  18   6  14  20   8]
 [ 10 103  31   6  14  13]
 [  1  32 137   9  11  11]
 [  2   3  32 154  16   4]
 [  1   8   2   6 154   8]
 [  3   4  23   0  17 106]]";264;[36 46 40 55 37 50]
400;CiteSeer;own;-1;0.2;64;0.5;1;0.005;1240197975;0.9555555555555556;0.9529707294318448;"[[31  2  1  2  0  1]
 [ 1 44  0  0  1  1]
 [ 0  1 40  1  0  0]
 [ 1  0  0 54  0  0]
 [ 0  0  0  0 37  0]
 [ 0  0  0  0  0 52]]";0.7543774319066148;0.6984726153624218;"[[ 28  48   8  12  16   5]
 [  7 273  32   9  21  28]
 [  0  61 353  18   9  17]
 [  3  15  58 277  28  11]
 [  8   7   2   6 379  10]
 [  2  12  18   7  27 241]]";0.6663336663336663;0.6158264804931751;"[[ 13  22   7  13  17   8]
 [  9 105  30   7  12  14]
 [  1  35 136   6  11  12]
 [  2   6  35 148  16   4]
 [  2   8   2   6 152   9]
 [  3   3  21   0  13 113]]";270;[37 47 42 55 37 52]
401;CiteSeer;own;-1;0.2;64;0.5;1;0.005;1240197975;0.9601449275362319;0.9569180344345596;"[[31  1  1  3  0  1]
 [ 1 45  1  0  1  0]
 [ 0  1 42  0  0  0]
 [ 1  0  0 55  0  0]
 [ 0  0  0  0 39  0]
 [ 0  0  0  0  0 53]]";0.7531707317073171;0.6985118102786797;"[[ 29  41   8  16  19   5]
 [  7 261  41  11  27  22]
 [  2  51 364  16   8  18]
 [  3  12  62 271  29  11]
 [  4   5   3   6 380  12]
 [  2  10  24   7  24 239]]";0.6563436563436563;0.602883649778622;"[[ 11  20   8  14  20   7]
 [ 10 102  30   8  15  12]
 [  1  32 139   6  11  12]
 [  2   3  42 143  17   4]
 [  1   7   4   6 151  10]
 [  3   4  21   0  14 111]]";276;[37 48 43 56 39 53]
402;CiteSeer;own;-1;0.2;64;0.5;1;0.005;1240197975;0.9539007092198581;0.9498397909888593;"[[31  1  1  3  0  1]
 [ 1 47  0  0  1  0]
 [ 0  1 44  0  0  0]
 [ 1  0  0 55  1  0]
 [ 1  0  0  0 39  0]
 [ 1  0  0  0  0 53]]";0.7592954990215264;0.7010204656805153;"[[ 26  46   8  13  16   8]
 [  5 274  32  10  24  22]
 [  2  57 354  16   8  23]
 [  3  17  58 266  29  13]
 [  2   6   2   6 378  13]
 [  2  11  13   5  22 254]]";0.6603396603396603;0.602040471919241;"[[  9  22   7  13  21   8]
 [  8 114  25   7  11  12]
 [  1  34 137   6  11  12]
 [  2   6  38 141  17   7]
 [  1   7   3   6 148  14]
 [  3   5  20   0  13 112]]";282;[37 49 45 57 40 54]
403;CiteSeer;own;-1;0.2;64;0.5;1;0.005;1240197975;0.9479166666666666;0.9423086179902685;"[[29  1  1  3  2  1]
 [ 1 47  0  1  1  0]
 [ 0  1 45  0  0  0]
 [ 1  0  0 56  1  0]
 [ 0  0  0  0 42  0]
 [ 1  0  0  0  0 54]]";0.76153091265947;0.7018649705506638;"[[ 26  36   7  17  19  10]
 [  7 260  40  10  28  20]
 [  3  45 367  20   7  19]
 [  4  13  52 273  26  17]
 [  2   5   4   6 376  12]
 [  2  11  22   5  17 250]]";0.6603396603396603;0.6031231635413277;"[[ 10  18   7  15  22   8]
 [ 11 106  31   7  12  10]
 [  1  28 143   6  11  12]
 [  2   3  38 145  14   9]
 [  1   7   2   6 149  14]
 [  3   4  23   0  15 108]]";288;[37 50 46 58 42 55]
404;CiteSeer;own;-1;0.2;64;0.5;1;0.005;1240197975;0.9625850340136054;0.9585135050258756;"[[31  1  1  4  0  1]
 [ 1 49  0  0  1  0]
 [ 0  1 46  0  0  0]
 [ 1  0  0 58  0  0]
 [ 0  0  0  0 43  0]
 [ 0  0  0  0  0 56]]";0.7667322834645669;0.7100782557361139;"[[ 27  42   8  16  13   9]
 [  6 270  41   7  22  16]
 [  2  52 359  23   5  17]
 [  4  15  49 285  18  14]
 [  1   7   2  14 367  13]
 [  2  11  26   5  14 250]]";0.6623376623376623;0.6055366716413133;"[[ 10  23   8  14  17   8]
 [ 10 110  30   7   9  11]
 [  1  31 140   6  11  12]
 [  2   4  35 149  12   9]
 [  1   7   3   9 145  14]
 [  3   5  23   0  13 109]]";294;[38 51 47 59 43 56]
405;CiteSeer;own;-1;0.2;64;0.5;1;0.005;1240197975;0.96;0.9553911988699006;"[[32  1  1  3  0  2]
 [ 1 49  1  0  1  0]
 [ 0  0 49  0  0  0]
 [ 1  0  0 58  0  0]
 [ 1  0  0  0 43  0]
 [ 0  0  0  0  0 57]]";0.7630799605133267;0.7064560598446982;"[[ 28  34   9  16  20   7]
 [ 10 254  47   7  26  16]
 [  2  40 379  20   7  15]
 [  4  11  56 272  25  12]
 [  2   5   3   9 372  13]
 [  2   8  32   3  19 241]]";0.6513486513486514;0.5978565048683303;"[[ 11  21   9  13  19   7]
 [ 10 101  35  10  11  10]
 [  1  27 144   6  11  12]
 [  2   3  42 141  15   8]
 [  2   7   2   7 149  12]
 [  3   3  26   0  15 106]]";300;[39 52 49 59 44 57]
406;CiteSeer;own;-1;0.2;64;0.5;1;0.005;1240197975;0.954248366013072;0.9505476549594197;"[[33  2  1  4  0  2]
 [ 1 50  0  0  1  1]
 [ 0  0 50  0  0  0]
 [ 1  0  1 57  0  0]
 [ 0  0  0  0 45  0]
 [ 0  0  0  0  0 57]]";0.7628712871287129;0.7051559648293835;"[[ 28  43   8  15  19   6]
 [  8 261  32   8  26  26]
 [  2  51 365  20   5  20]
 [  4  15  44 270  24  15]
 [  1   5   2   9 375  13]
 [  2  12  20   3  21 242]]";0.6553446553446554;0.6019650326067102;"[[ 11  21   8  13  21   6]
 [  9 108  28   9  12  11]
 [  1  32 135   6  11  16]
 [  2   6  39 141  15   8]
 [  1   7   2   7 148  14]
 [  3   4  19   0  14 113]]";306;[42 53 50 59 45 57]
407;CiteSeer;own;-1;0.2;64;0.5;1;0.005;1240197975;0.9519230769230769;0.9482732722552923;"[[34  2  1  3  0  2]
 [ 3 51  0  0  1  0]
 [ 0  0 51  0  0  0]
 [ 1  0  1 58  0  1]
 [ 0  0  0  0 46  0]
 [ 0  0  0  0  0 57]]";0.7681231380337636;0.7233721477376996;"[[ 41  40   9  10  15   3]
 [ 17 265  37   8  20  13]
 [  3  44 367  15   5  18]
 [  5  15  53 272  23  16]
 [  6   6   3   7 377   6]
 [  3   9  31   3  24 225]]";0.6653346653346653;0.6181893817262413;"[[ 15  21   8  13  20   3]
 [ 16 106  31   4  11   9]
 [  1  31 141   6  11  11]
 [  3   3  38 145  15   7]
 [  4   6   2   4 155   8]
 [  4   6  24   0  15 104]]";312;[42 55 51 61 46 57]
408;CiteSeer;own;-1;0.2;64;0.5;1;0.005;1240197975;0.9559748427672956;0.9533272926499446;"[[36  1  1  3  0  2]
 [ 3 52  0  0  0  0]
 [ 0  1 52  0  0  0]
 [ 1  0  1 59  0  1]
 [ 0  0  0  0 47  0]
 [ 0  0  0  0  0 58]]";0.7704183266932271;0.7223561838484215;"[[ 36  39  10  11  14   7]
 [ 11 260  38  11  25  13]
 [  2  43 371  15   3  19]
 [  4  13  58 269  22  17]
 [  3   6   3   6 376  10]
 [  2   6  29   6  15 235]]";0.6713286713286714;0.6237850728093607;"[[ 15  20   6  16  18   5]
 [ 14 105  31   7  12   8]
 [  1  27 140   7  11  15]
 [  3   3  38 147  15   5]
 [  4   6   2   3 152  12]
 [  3   3  22   0  12 113]]";318;[43 55 53 62 47 58]
409;CiteSeer;own;-1;0.2;64;0.5;1;0.005;1240197975;0.9537037037037037;0.9507475448649824;"[[36  2  1  3  0  2]
 [ 2 53  0  0  0  1]
 [ 0  1 53  0  0  0]
 [ 1  0  1 62  1  0]
 [ 0  0  0  0 47  0]
 [ 0  0  0  0  0 58]]";0.7687312687312687;0.7190960573942647;"[[ 35  35   9  14  18   3]
 [ 14 255  39  14  23  14]
 [  4  39 371  16   6  17]
 [  2  11  48 282  28  12]
 [  3   6   3   7 375   8]
 [  2   5  31   7  25 221]]";0.6813186813186813;0.629901833344881;"[[ 14  19   6  15  21   5]
 [ 13 104  32   5  15   8]
 [  1  25 144   7  11  13]
 [  1   4  32 155  15   4]
 [  5   6   2   3 155   8]
 [  3   2  24   0  14 110]]";324;[44 56 54 65 47 58]
410;CiteSeer;own;-1;0.2;64;0.5;1;0.005;1240197975;0.9484848484848485;0.9451208326665795;"[[36  1  1  4  0  2]
 [ 3 53  2  0  0  1]
 [ 0  1 53  0  0  0]
 [ 1  0  0 64  1  0]
 [ 0  0  0  0 48  0]
 [ 0  0  0  0  0 59]]";0.7675350701402806;0.718185884161127;"[[ 36  31   8  12  19   6]
 [ 19 254  32  10  24  19]
 [  3  43 366  17   4  21]
 [  2  15  44 274  31  16]
 [  3   4   5   5 373  11]
 [  3   6  24   7  20 229]]";0.6813186813186813;0.6319659430792951;"[[ 15  20   7  11  21   6]
 [ 16 105  30   3  13  10]
 [  1  27 142   6  12  13]
 [  1   5  31 153  17   4]
 [  3   6   2   3 154  11]
 [  3   2  22   0  13 113]]";330;[44 59 54 66 48 59]
411;CiteSeer;own;-1;0.2;64;0.5;1;0.005;1240197975;0.9404761904761905;0.9371318778144113;"[[37  1  2  4  0  2]
 [ 3 55  1  0  0  1]
 [ 0  1 52  1  0  0]
 [ 1  0  0 65  1  0]
 [ 0  0  0  0 49  0]
 [ 1  0  0  0  1 58]]";0.7713567839195979;0.7317259646012045;"[[ 48  30   8  14  15   3]
 [ 23 258  31  11  21  13]
 [  3  46 362  18   3  20]
 [ 11  19  47 268  22  13]
 [  5   4   3   4 372   7]
 [  1   4  27   8  21 227]]";0.6693306693306693;0.629955031514707;"[[ 20  19   7  11  18   5]
 [ 19 107  26   4  13   8]
 [  1  33 137   6  11  13]
 [  4   8  29 150  14   6]
 [  7   9   3   2 148  10]
 [  3   4  25   0  13 108]]";336;[46 60 54 67 49 60]
412;CiteSeer;own;-1;0.2;64;0.5;1;0.005;1240197975;0.9502923976608187;0.9481355041094606;"[[39  2  1  3  0  2]
 [ 2 58  0  0  0  1]
 [ 0  1 54  1  0  0]
 [ 1  0  0 65  1  1]
 [ 0  0  0  0 50  0]
 [ 1  0  0  0  0 59]]";0.7641129032258065;0.7229610670371165;"[[ 47  32  10  11  15   2]
 [ 24 256  32  11  21  12]
 [  4  46 363  17   6  16]
 [ 17  18  48 261  21  14]
 [  6   4   3   4 370   6]
 [  1   4  33   6  24 219]]";0.6723276723276723;0.6323927249256219;"[[ 20  19   7  11  21   2]
 [ 21 108  25   3  12   8]
 [  1  30 140   7  11  12]
 [  6   8  30 148  15   4]
 [  6   8   2   2 152   9]
 [  3   4  27   0  14 105]]";342;[47 61 56 68 50 60]
413;CiteSeer;own;-1;0.2;64;0.5;1;0.005;1240197975;0.9396551724137931;0.9375669223460568;"[[39  2  1  4  0  2]
 [ 2 56  2  0  0  2]
 [ 0  1 56  1  0  0]
 [ 1  0  0 67  1  1]
 [ 0  0  0  0 50  0]
 [ 1  0  0  0  0 59]]";0.7669362992922144;0.7270456062988321;"[[ 46  30  13  11  14   2]
 [ 20 258  38   8  17  13]
 [  4  40 370  17   3  17]
 [ 12  17  53 267  20  13]
 [  5   6   4   5 358  12]
 [  1   6  35   6  19 218]]";0.6853146853146853;0.6456390532382622;"[[ 21  18   7  11  18   5]
 [ 16 109  28   2  11  11]
 [  1  25 149   4  11  11]
 [  5   7  34 150  11   4]
 [  6   9   2   2 149  11]
 [  3   3  26   0  13 108]]";348;[48 62 58 70 50 60]
414;CiteSeer;own;-1;0.2;64;0.5;1;0.005;1240197975;0.9491525423728814;0.9474288715652159;"[[41  2  1  4  0  1]
 [ 2 59  1  0  0  1]
 [ 0  0 58  1  0  0]
 [ 1  0  0 67  1  1]
 [ 0  0  0  0 51  0]
 [ 1  0  1  0  0 60]]";0.7723123732251521;0.7298738854652834;"[[ 47  33   8  10  15   3]
 [ 25 256  26  10  19  14]
 [  7  39 366  17   2  18]
 [ 14  14  46 272  23  14]
 [  7   6   2   4 360  11]
 [  1   6  31   6  18 222]]";0.6893106893106893;0.6465136575165861;"[[ 20  17   8  11  19   5]
 [ 22 109  23   3  10  10]
 [  1  24 148   5  11  12]
 [  6   9  28 151  13   4]
 [  6   6   2   2 152  11]
 [  3   4  23   0  13 110]]";354;[49 63 59 70 51 62]
415;CiteSeer;own;-1;0.2;64;0.5;1;0.005;1240197975;0.9444444444444444;0.9425976863737734;"[[43  2  1  3  0  1]
 [ 2 59  1  0  0  1]
 [ 1  0 58  1  0  0]
 [ 1  0  0 68  1  1]
 [ 1  0  0  0 51  1]
 [ 0  0  2  0  0 61]]";0.7670396744659207;0.7284989203308205;"[[ 51  30   9   7  15   5]
 [ 27 256  32   5  19  10]
 [  6  39 364  17   3  17]
 [ 18  16  52 260  23  12]
 [  6   6   3   3 360  11]
 [  1   6  38   6  16 217]]";0.6803196803196803;0.6412851829877285;"[[ 21  17   9  10  20   3]
 [ 22 112  23   2  10   8]
 [  2  25 148   6  10  10]
 [  6  10  34 143  14   4]
 [  6   7   2   2 150  12]
 [  2   5  26   0  13 107]]";360;[50 63 60 71 53 63]
416;CiteSeer;own;-1;0.2;64;0.5;1;0.005;1240197975;0.9480874316939891;0.9466639069119532;"[[43  3  1  2  0  1]
 [ 2 60  1  0  0  1]
 [ 0  0 61  1  0  0]
 [ 1  0  0 69  2  1]
 [ 0  0  0  0 52  1]
 [ 0  0  1  1  0 62]]";0.7673469387755102;0.7278647718054582;"[[ 49  30   9   7  16   6]
 [ 29 245  32   7  22  11]
 [  4  41 359  17   2  17]
 [ 12  16  46 278  26  10]
 [  5   4   3   6 354  13]
 [  1   7  29   9  19 219]]";0.6833166833166833;0.6389727990039887;"[[ 19  17   8  12  19   5]
 [ 25 104  23   5  11   9]
 [  2  23 147   8   9  12]
 [  6   9  27 154  11   4]
 [  7   6   2   2 150  12]
 [  3   4  23   0  13 110]]";366;[50 64 62 73 53 64]
417;CiteSeer;own;-1;0.2;64;0.5;1;0.005;1240197975;0.9408602150537635;0.9386662721197414;"[[43  2  1  3  0  1]
 [ 2 63  1  0  0  1]
 [ 1  0 60  1  0  0]
 [ 1  0  0 70  2  1]
 [ 1  0  0  0 54  0]
 [ 2  0  1  1  0 60]]";0.7645854657113613;0.7253382395207847;"[[ 50  30   8   7  16   6]
 [ 32 245  33   5  19  12]
 [  4  41 357  17   4  15]
 [ 11  17  48 271  27  12]
 [  7   6   2   3 356   9]
 [  2   7  29   7  24 215]]";0.6773226773226774;0.6342375755303505;"[[ 19  20   8   8  20   5]
 [ 24 106  23   1  14   9]
 [  1  25 147   7   9  12]
 [  7  10  30 149  11   4]
 [  8   6   2   2 151  10]
 [  4   4  25   0  14 106]]";372;[50 67 62 74 55 64]
418;CiteSeer;own;-1;0.2;64;0.5;1;0.005;1240197975;0.9444444444444444;0.9423265078973607;"[[43  3  1  4  0  1]
 [ 2 64  1  0  0  0]
 [ 0  0 61  1  0  1]
 [ 1  0  0 71  1  2]
 [ 0  0  0  0 56  0]
 [ 1  0  1  0  1 62]]";0.7664271047227926;0.7271251655107815;"[[ 48  29   8   9  19   5]
 [ 28 247  29   7  21  14]
 [  3  47 351  16   3  17]
 [ 10  18  48 271  22  15]
 [  5   5   2   3 354  12]
 [  0   6  26   7  21 222]]";0.6753246753246753;0.6350614282618143;"[[ 20  19   9   9  19   4]
 [ 18 104  28   4  14   9]
 [  1  28 141   8   9  14]
 [  5   9  32 149  10   6]
 [  6   7   2   2 151  11]
 [  3   3  23   0  13 111]]";378;[52 67 63 75 56 65]
419;CiteSeer;own;-1;0.2;64;0.5;1;0.005;1240197975;0.9427083333333334;0.9397517778437555;"[[42  3  1  4  0  2]
 [ 2 66  0  0  0  1]
 [ 0  0 62  1  0  0]
 [ 1  0  1 72  1  2]
 [ 1  0  0  0 56  1]
 [ 1  0  0  0  0 64]]";0.7775489186405767;0.7378152650111439;"[[ 48  29   9   9  17   5]
 [ 29 241  33   7  19  15]
 [  2  39 354  20   2  19]
 [  7  12  43 288  19  14]
 [  4   5   2   4 352  13]
 [  0   5  25   8  17 227]]";0.6783216783216783;0.635341407834107;"[[ 19  18   9  10  20   4]
 [ 23 101  28   4  12   9]
 [  1  25 144   9   9  13]
 [  5   8  30 152  11   5]
 [  6   7   2   2 150  12]
 [  3   3  22   0  12 113]]";384;[52 69 63 77 58 65]
420;CiteSeer;own;-1;0.2;64;0.5;1;0.005;1240197975;0.9461538461538461;0.9438392884607144;"[[44  4  1  2  0  2]
 [ 2 66  1  0  0  1]
 [ 0  0 62  1  0  0]
 [ 1  0  2 74  1  1]
 [ 0  0  0  0 58  1]
 [ 1  0  0  0  0 65]]";0.7784090909090909;0.7394578051716425;"[[ 45  28   9   7  15   7]
 [ 20 252  34   7  15  15]
 [  3  38 357  18   2  17]
 [  3  17  47 282  21  14]
 [  8   5   3   3 342  13]
 [  0   4  31   8  17 229]]";0.6873126873126874;0.644831316224116;"[[ 19  19   8  10  20   4]
 [ 14 108  30   4  10  11]
 [  1  23 150   8   9  10]
 [  2   9  32 154  10   4]
 [  2  10   2   6 146  13]
 [  4   2  24   0  12 111]]";390;[53 70 63 79 59 66]
421;CiteSeer;own;-1;0.2;64;0.5;1;0.005;1240197975;0.9393939393939394;0.9368612753840639;"[[44  3  2  2  0  2]
 [ 3 67  1  0  0  0]
 [ 0  0 63  1  0  1]
 [ 2  0  1 75  1  1]
 [ 0  0  0  0 58  2]
 [ 0  1  0  1  0 65]]";0.7803108808290156;0.7416368939447917;"[[ 46  28   6   7  15   9]
 [ 22 252  30   7  16  14]
 [  5  40 348  18   3  21]
 [  2  17  41 289  22  12]
 [  8   5   1   5 333  20]
 [  0   4  21   9  16 238]]";0.6803196803196803;0.6360146090354638;"[[ 18  18   6  13  20   5]
 [ 17 108  27   5  10  10]
 [  1  28 142   8   9  13]
 [  2   9  28 157  10   5]
 [  2   9   2   6 144  16]
 [  4   2  23   0  12 112]]";396;[53 71 65 80 60 67]
422;CiteSeer;own;-1;0.2;64;0.5;1;0.005;1240197975;0.9502487562189055;0.9479501604247611;"[[46  3  1  2  0  2]
 [ 3 67  1  0  0  1]
 [ 0  0 65  0  0  0]
 [ 1  0  2 77  1  1]
 [ 0  0  0  0 60  1]
 [ 0  0  0  0  1 67]]";0.7697505197505198;0.7300871125553706;"[[ 45  28   8   7  15   8]
 [ 27 244  31   7  17  14]
 [  5  41 348  16   3  19]
 [  3  19  44 281  23  13]
 [  6   5   2   3 333  22]
 [  0   5  27   7  18 230]]";0.6743256743256744;0.6311521449409051;"[[ 18  18   6  13  22   3]
 [ 19 106  28   2  12  10]
 [  1  31 141   8   9  11]
 [  2   9  31 155  11   3]
 [  5   6   2   7 144  15]
 [  3   3  24   0  12 111]]";402;[54 72 65 82 61 68]
423;CiteSeer;own;-1;0.2;64;0.5;1;0.005;1240197975;0.946078431372549;0.9432578495535319;"[[44  3  1  4  0  2]
 [ 4 69  0  0  0  1]
 [ 0  0 67  0  0  0]
 [ 1  0  4 76  1  1]
 [ 0  0  0  0 62  0]
 [ 0  0  0  0  0 68]]";0.781021897810219;0.7422270633495834;"[[ 43  31   9   9  14   6]
 [ 16 255  30   7  19  12]
 [  3  41 349  19   4  14]
 [  2  21  44 284  20  12]
 [  3   5   2   2 339  19]
 [  0   5  27   7  17 228]]";0.6793206793206793;0.6368405335437776;"[[ 18  18   8  12  21   3]
 [ 12 114  27   3  13   8]
 [  1  30 143   8   9  10]
 [  2   9  32 152  11   5]
 [  2   8   2   7 145  15]
 [  4   3  25   0  13 108]]";408;[54 74 67 83 62 68]
424;CiteSeer;own;-1;0.2;64;0.5;1;0.005;1240197975;0.9541062801932367;0.9515052605193449;"[[46  3  1  3  0  2]
 [ 3 72  0  0  0  0]
 [ 0  0 68  0  0  0]
 [ 1  0  3 78  1  1]
 [ 0  0  0  0 62  1]
 [ 0  0  0  0  0 69]]";0.7839958158995816;0.7461060890398575;"[[ 44  29   9   9  15   5]
 [ 16 249  33   7  22  11]
 [  3  39 351  17   4  14]
 [  2  18  45 286  19  12]
 [  4   5   2   4 335  19]
 [  1   3  26   8  12 234]]";0.6793206793206793;0.6352775073088898;"[[ 18  18   7  13  18   6]
 [ 14 110  27   6  12   8]
 [  1  24 149   8   9  10]
 [  2   9  31 155  10   4]
 [  4   8   3   7 140  17]
 [  4   4  25   0  12 108]]";414;[55 75 68 84 63 69]
425;CiteSeer;own;-1;0.2;64;0.5;1;0.005;1240197975;0.9547619047619048;0.9513547162429239;"[[46  3  1  3  0  2]
 [ 2 74  0  0  0  0]
 [ 0  0 69  0  0  0]
 [ 1  0  2 80  1  1]
 [ 1  0  0  0 63  1]
 [ 1  0  0  0  0 69]]";0.7780692549842603;0.7379943409627275;"[[ 41  28   8   9  18   6]
 [ 16 245  30   7  24  10]
 [  2  44 349  19   4  14]
 [  2  19  43 281  23  13]
 [  3   4   2   4 336  20]
 [  1   3  28   4  15 231]]";0.6843156843156843;0.6383556337848983;"[[ 17  18   7  11  22   5]
 [ 12 113  27   6  12   7]
 [  1  25 145  10   8  12]
 [  2   9  29 158  10   3]
 [  2   8   2   7 144  16]
 [  4   4  24   0  13 108]]";420;[55 76 69 85 65 70]
426;CiteSeer;own;-1;0.2;64;0.5;1;0.005;784866329;0.0;0.0;[[]];0.15950128976784178;0.1524946841412799;"[[ 27  32  51  17  30  27]
 [ 31  55  89  58  97  83]
 [ 42  56 137  38  69 125]
 [ 24  60 116  73  61 156]
 [ 44  68 209  23  39  34]
 [ 27  74 140  31  43  40]]";0.15784215784215785;0.15132081074980283;"[[14 16 20 11 14  5]
 [19 23 34 24 41 36]
 [20 29 60 20 22 50]
 [13 32 48 25 37 56]
 [18 30 93 10 13 15]
 [ 8 28 58 13 23 23]]";0;[]
427;CiteSeer;own;-1;0.2;64;0.5;1;0.005;784866329;1.0;1.0;"[[3 0 0 0]
 [0 1 0 0]
 [0 0 1 0]
 [0 0 0 1]]";0.30387931034482757;0.17254924642823952;"[[  0   0 169   2  10   0]
 [  0   3 389   0   4   0]
 [  0   0 501   0   2   0]
 [  0   0 459   5  11   0]
 [  0   0 219   0 196   0]
 [  0   0 341   6   3   0]]";0.2997002997002997;0.1762958874224618;"[[  0   1  72   0   7   0]
 [  0   1 175   0   1   0]
 [  0   0 200   0   1   0]
 [  0   0 204   2   5   0]
 [  0   0  82   0  97   0]
 [  0   0 146   2   5   0]]";6;[0 3 1 1 1]
428;CiteSeer;own;-1;0.2;64;0.5;1;0.005;784866329;0.75;0.5222222222222223;"[[0 0 0 0 1 0]
 [0 4 0 0 0 0]
 [0 0 1 0 0 0]
 [0 0 0 2 1 0]
 [0 0 0 0 2 0]
 [0 0 1 0 0 0]]";0.32843560933448573;0.18991799031797693;"[[  0   0 157   1  30   0]
 [  0   3 405   0  19   0]
 [  0   1 466   0   3   0]
 [  0   0 437   5  28   0]
 [  0   0 125   0 286   0]
 [  0   1 314   7  26   0]]";0.32367632367632365;0.1837411162832141;"[[  0   2  58   0  20   0]
 [  0   1 169   0   7   0]
 [  0   1 194   0   6   0]
 [  0   0 191   2  18   0]
 [  0   0  52   0 127   0]
 [  0   1 134   4  14   0]]";12;[1 4 1 3 2 1]
429;CiteSeer;own;-1;0.2;64;0.5;1;0.005;784866329;0.7777777777777778;0.5916666666666667;"[[0 0 0 1 1 0]
 [0 5 0 0 0 0]
 [0 0 2 0 0 0]
 [0 0 0 3 0 0]
 [0 0 0 0 4 0]
 [0 0 0 1 1 0]]";0.36741767764298094;0.18270303721348177;"[[  0   0  81   0 103   0]
 [  0   3 282   0 141   0]
 [  0   0 438   0  30   0]
 [  0   0 306   5 155   0]
 [  0   0  14   0 402   0]
 [  0   0 141   5 202   0]]";0.36663336663336665;0.18211402517588657;"[[  0   2  30   0  48   0]
 [  0   1 107   0  69   0]
 [  0   1 187   0  13   0]
 [  0   0 145   2  64   0]
 [  0   0   2   0 177   0]
 [  0   0  59   2  92   0]]";18;[2 5 2 3 4 2]
430;CiteSeer;own;-1;0.2;64;0.5;1;0.005;784866329;0.6666666666666666;0.5189255189255189;"[[0 0 0 1 2 0]
 [0 6 0 0 1 0]
 [0 0 3 0 0 0]
 [0 0 0 3 0 0]
 [0 0 0 0 4 0]
 [0 0 1 2 1 0]]";0.3735881841876629;0.19969250911450245;"[[  0   0 122   7  56   0]
 [  0   2 341   0  79   0]
 [  0   0 465   1  10   0]
 [  0   0 383  15  59   0]
 [  0   0  32   3 378   0]
 [  0   1 209   3 136   0]]";0.36063936063936064;0.19353761662893398;"[[  0   2  47   1  30   0]
 [  0   1 144   0  32   0]
 [  0   1 189   1  10   0]
 [  0   0 172   6  33   0]
 [  0   0  13   1 165   0]
 [  0   1  98   2  52   0]]";24;[3 7 3 3 4 4]
431;CiteSeer;own;-1;0.2;64;0.5;1;0.005;784866329;0.6333333333333333;0.5086247086247085;"[[0 0 3 1 1 0]
 [0 6 1 0 0 0]
 [0 0 4 0 0 0]
 [0 0 0 4 0 0]
 [0 0 0 0 5 0]
 [0 2 1 2 0 0]]";0.37543554006968644;0.21869591994722337;"[[  0   0 155   8  23   0]
 [  0   2 373   0  33   0]
 [  0   0 496   1   5   0]
 [  0   0 408  23  16   0]
 [  0   0  66   2 341   0]
 [  0   1 288   0  55   0]]";0.34265734265734266;0.20213448211557208;"[[  0   2  54   2  22   0]
 [  0   2 161   2  12   0]
 [  0   1 191   1   8   0]
 [  0   0 193   9   9   0]
 [  0   0  37   1 141   0]
 [  0   1 127   2  23   0]]";30;[5 7 4 4 5 5]
432;CiteSeer;own;-1;0.2;64;0.5;1;0.005;784866329;0.9722222222222222;0.9737373737373737;"[[5 0 0 0 0 0]
 [0 7 0 0 0 0]
 [0 1 5 0 0 0]
 [0 0 0 6 0 0]
 [0 0 0 0 5 0]
 [0 0 0 0 0 7]]";0.4183406113537118;0.29275694846995043;"[[ 22   9 108   7  27   4]
 [ 26   5 323   0  53   0]
 [  1   0 494   2   6   0]
 [  2   0 361  65  22   1]
 [  2   2  45   3 357   0]
 [ 13   0 229   1  85  15]]";0.3836163836163836;0.2717321236608206;"[[  6   7  39   5  23   0]
 [ 13   4 140   3  17   0]
 [  2   1 188   1   9   0]
 [  1   0 169  30  10   1]
 [  2   1  23   6 147   0]
 [  4   0 103   0  37   9]]";36;[5 7 6 6 5 7]
433;CiteSeer;own;-1;0.2;64;0.5;1;0.005;784866329;0.9285714285714286;0.9327327084680026;"[[6 0 0 0 0 1]
 [1 7 0 0 0 0]
 [0 1 6 0 0 0]
 [0 0 0 6 0 0]
 [0 0 0 0 6 0]
 [0 0 0 0 0 8]]";0.5;0.38768307601216095;"[[ 35   9  66   4  10  57]
 [ 51   5 211   0  18  93]
 [  2   0 507   0   6  16]
 [ 24   0 342  20  13  44]
 [  7   4  35   1 308  51]
 [  0   0  60   1  17 267]]";0.45754245754245754;0.3588570980759365;"[[ 11   7  25   0  13  24]
 [ 24   5  95   1   9  43]
 [  2   1 184   1   9   4]
 [  9   0 165   8   6  23]
 [  5   0  13   1 134  26]
 [  0   0  28   0   9 116]]";42;[7 8 7 6 6 8]
434;CiteSeer;own;-1;0.2;64;0.5;1;0.005;784866329;0.9583333333333334;0.9582516339869281;"[[8 0 0 0 0 0]
 [1 7 0 0 0 0]
 [0 1 7 0 0 0]
 [0 0 0 7 0 0]
 [0 0 0 0 8 0]
 [0 0 0 0 0 9]]";0.47585601404741;0.39466222423567165;"[[111   0  64   3  17  10]
 [167   2 185   0  15   8]
 [ 12   0 504   1   7   3]
 [ 60   0 334  22  18   8]
 [ 81   1  21   1 275   7]
 [ 50   0  86   3  32 170]]";0.43356643356643354;0.37411385002834074;"[[ 41   2  21   2  10   4]
 [ 88   2  78   1   5   3]
 [  5   1 186   1   7   1]
 [ 32   0 152  13  10   4]
 [ 51   0  11   2 114   1]
 [ 22   0  39   0  14  78]]";48;[8 8 8 7 8 9]
435;CiteSeer;own;-1;0.2;64;0.5;1;0.005;784866329;0.9259259259259259;0.9276057791537667;"[[ 8  0  0  0  0  0]
 [ 2  7  0  0  0  0]
 [ 0  0  8  0  0  0]
 [ 0  0  0  8  0  0]
 [ 1  1  0  0  9  0]
 [ 0  0  0  0  0 10]]";0.4859154929577465;0.4076298916872944;"[[104   0  68   7  11   7]
 [149   2 193   3  26   7]
 [  6   0 500   3   9   3]
 [ 26   0 322  52  36   8]
 [ 73   0  15   1 293   8]
 [ 33   0  93   5  56 153]]";0.43656343656343655;0.3767301824912617;"[[ 35   1  26   3  10   5]
 [ 76   2  84   4   8   3]
 [  3   1 188   1   8   0]
 [ 15   0 155  25  12   4]
 [ 50   0   9   3 115   2]
 [ 11   0  40   4  26  72]]";54;[ 8  9  8  8 11 10]
436;CiteSeer;own;-1;0.2;64;0.5;1;0.005;784866329;0.8833333333333333;0.8763454530044918;"[[ 8  1  0  0  0  0]
 [ 1  6  2  0  0  1]
 [ 0  0  8  0  0  0]
 [ 0  0  1  9  0  0]
 [ 0  1  0  0 11  0]
 [ 0  0  0  0  0 11]]";0.5017652250661959;0.41166732175075027;"[[ 66   0  64   9  44  12]
 [ 62   1 204   6  75  30]
 [  0   0 494   7  15   5]
 [ 10   0 302  61  59  10]
 [ 23   0  16   1 337  13]
 [  1   0  66   4  91 178]]";0.4565434565434565;0.37418615889976437;"[[ 16   2  25   5  23   9]
 [ 27   2  98   6  34  10]
 [  2   0 187   1  11   0]
 [  8   0 147  29  22   5]
 [ 25   0   8   2 141   3]
 [  3   0  34   1  33  82]]";60;[ 9 10  8 10 12 11]
437;CiteSeer;own;-1;0.2;64;0.5;1;0.005;784866329;0.8787878787878788;0.8735771304569259;"[[ 9  1  0  0  0  0]
 [ 2  9  0  0  0  0]
 [ 0  1  7  1  0  0]
 [ 1  0  1  9  0  0]
 [ 0  1  0  0 12  0]
 [ 0  0  0  0  0 12]]";0.5101769911504425;0.42188616322492706;"[[ 50   7  77   4  19  20]
 [ 58  20 212   2  44  43]
 [  0   0 508   1  10   9]
 [ 10   0 346  44  26  14]
 [ 36   0  18   0 316  24]
 [  1   0  68   1  57 215]]";0.44555444555444557;0.37661597052132084;"[[ 20   3  25   3  17  12]
 [ 29  10 104   4  17  13]
 [  3   3 184   1   9   1]
 [  7   0 170  15  12   7]
 [ 29   1  12   2 129   6]
 [  3   0  37   0  25  88]]";66;[10 11  9 11 13 12]
438;CiteSeer;own;-1;0.2;64;0.5;1;0.005;784866329;0.9583333333333334;0.9544361806025092;"[[ 8  2  0  0  0  0]
 [ 0 13  0  0  0  0]
 [ 0  1  8  0  0  0]
 [ 0  0  0 12  0  0]
 [ 0  0  0  0 14  0]
 [ 0  0  0  0  0 14]]";0.5971606033717834;0.5192328433566152;"[[ 26  37  40   6  23  38]
 [ 15 171  96   3  39  50]
 [  0  12 483   2  12  17]
 [  2   8 296  57  44  31]
 [  9   6   9   2 345  32]
 [  1   1  44   2  31 264]]";0.5544455544455544;0.4904285392563354;"[[ 10  15  16   4  19  16]
 [ 10  78  47   4  12  26]
 [  2   4 174   1  12   8]
 [  0   2 156  26  17  10]
 [  7   3   4   6 149  10]
 [  1   2  19   0  13 118]]";72;[10 13  9 12 14 14]
439;CiteSeer;own;-1;0.2;64;0.5;1;0.005;784866329;0.9358974358974359;0.9271318978449709;"[[ 8  2  0  1  0  0]
 [ 0 14  0  0  0  0]
 [ 0  1  8  0  0  0]
 [ 0  0  1 13  0  0]
 [ 0  0  0  0 16  0]
 [ 0  0  0  0  0 14]]";0.6321174377224199;0.5677373623176742;"[[ 30  27  37  20  21  29]
 [ 30 138  93  23  46  43]
 [  0  11 483   7  12  12]
 [  1   4 224 162  29  16]
 [ 10   7   6   5 354  26]
 [  3   1  44   4  36 254]]";0.5934065934065934;0.5382977436096608;"[[ 12  11  18  13  16  10]
 [ 17  58  45  19  20  18]
 [  2   4 177   1  10   7]
 [  0   0 113  78  13   7]
 [  5   1   2   8 157   6]
 [  2   1  23   1  14 112]]";78;[11 14  9 14 16 14]
440;CiteSeer;own;-1;0.2;64;0.5;1;0.005;784866329;0.9523809523809523;0.9475051264524949;"[[ 9  1  0  0  1  0]
 [ 1 15  0  0  0  0]
 [ 0  1  9  0  0  0]
 [ 0  0  0 15  0  0]
 [ 0  0  0  0 17  0]
 [ 0  0  0  0  0 15]]";0.6498661909009813;0.5832591378377718;"[[ 23  45  32  15  18  28]
 [ 29 181  74  13  34  42]
 [  1  16 476   7  11  14]
 [  0   8 199 181  36  14]
 [  9   8   9   4 349  26]
 [  3   2  45   4  39 247]]";0.6243756243756243;0.5752316985301689;"[[ 13  12  18  11  18   8]
 [ 15  85  33  11  18  15]
 [  2   6 175   1  10   7]
 [  0   4 100  87  13   7]
 [  4   6   2   6 154   7]
 [  2   1  24   2  13 111]]";84;[11 16 10 15 17 15]
441;CiteSeer;own;-1;0.2;64;0.5;1;0.005;784866329;0.9555555555555556;0.9503829503829504;"[[ 9  1  0  0  0  1]
 [ 1 18  0  0  0  0]
 [ 0  1 10  0  0  0]
 [ 0  0  0 15  0  0]
 [ 0  0  0  0 18  0]
 [ 0  0  0  0  0 16]]";0.6493738819320215;0.5837593485552813;"[[ 24  48  36   9  14  30]
 [ 21 191  81   7  26  43]
 [  0  13 488   4   8  13]
 [  0  13 216 156  36  16]
 [ 11  10  15   3 338  26]
 [  4   3  48   2  28 255]]";0.6103896103896104;0.562592624136303;"[[ 13  16  19   5  17  10]
 [ 12  87  43   8  10  17]
 [  2   4 179   1   9   6]
 [  1   4 113  72  13   8]
 [  4   6   6   6 148   9]
 [  2   2  24   1  12 112]]";90;[11 19 11 15 18 16]
442;CiteSeer;own;-1;0.2;64;0.5;1;0.005;784866329;0.96875;0.9659742010601464;"[[10  2  0  0  0  0]
 [ 0 20  0  0  0  0]
 [ 0  1 11  0  0  0]
 [ 0  0  0 16  0  0]
 [ 0  0  0  0 19  0]
 [ 0  0  0  0  0 17]]";0.6798206278026906;0.6383237033292227;"[[ 51  48  28  10  18  20]
 [ 25 215  51  12  26  36]
 [  3  18 452   9  13  18]
 [  1  15 178 196  35  14]
 [ 11  12   4   3 350  21]
 [  3   1  36   6  39 252]]";0.6373626373626373;0.5944009151633863;"[[ 16  16  15   6  18   9]
 [ 18  99  25   9  12  14]
 [  7  10 162   1  10  11]
 [  3   5  87  96  12   8]
 [  3   7   3   6 150  10]
 [  2   1  17   2  16 115]]";96;[12 20 12 16 19 17]
443;CiteSeer;own;-1;0.2;64;0.5;1;0.005;784866329;0.9705882352941176;0.9688849135360763;"[[12  2  0  0  0  0]
 [ 0 20  0  0  0  0]
 [ 0  1 12  0  0  0]
 [ 0  0  0 17  0  0]
 [ 0  0  0  0 20  0]
 [ 0  0  0  0  0 18]]";0.6600719424460432;0.6244067445304221;"[[ 69  23  33  11  13  24]
 [ 65 163  64  10  24  39]
 [ 16  10 457   7  10  12]
 [  7   8 199 188  22  14]
 [ 17   7   9   4 340  23]
 [  4   1  44   5  31 251]]";0.6043956043956044;0.5692058605695528;"[[ 21  10  16   7  17   9]
 [ 36  70  33  10  12  16]
 [ 22   4 160   1   9   5]
 [  6   1  92  94  10   8]
 [  9   4   3   6 147  10]
 [  2   1  19   2  16 113]]";102;[14 20 13 17 20 18]
444;CiteSeer;own;-1;0.2;64;0.5;1;0.005;784866329;0.9722222222222222;0.9704713409061235;"[[14  1  0  0  0  1]
 [ 0 22  0  0  0  0]
 [ 0  1 12  0  0  0]
 [ 0  0  0 18  0  0]
 [ 0  0  0  0 21  0]
 [ 0  0  0  0  0 18]]";0.6690712353471596;0.6277935276571971;"[[ 51  39  30  12  14  24]
 [ 38 185  64  11  28  37]
 [ 19  11 448   9  10  15]
 [  6  13 178 207  19  14]
 [ 13   8  11   5 339  24]
 [  2   2  45   5  28 254]]";0.6213786213786214;0.580498465022701;"[[ 17  12  15  11  16   9]
 [ 29  80  31   9  12  16]
 [ 18   3 162   1  11   6]
 [  5   2  85 100  11   8]
 [  5   6   3   6 149  10]
 [  2   2  19   1  15 114]]";108;[16 22 13 18 21 18]
445;CiteSeer;own;-1;0.2;64;0.5;1;0.005;784866329;0.9736842105263158;0.9731127450980392;"[[15  1  0  0  0  0]
 [ 1 24  0  0  0  0]
 [ 0  1 12  0  0  0]
 [ 0  0  0 19  0  0]
 [ 0  0  0  0 22  0]
 [ 0  0  0  0  0 19]]";0.6835443037974683;0.6434240683266415;"[[ 54  45  24  12  25   9]
 [ 30 214  55   8  25  29]
 [ 16  11 454  10  13   8]
 [  6  14 170 206  30  10]
 [  7  10   5   6 359  13]
 [  3   4  46   6  50 225]]";0.6393606393606394;0.5907515433168502;"[[ 13  17  12  13  16   9]
 [ 20  95  28   8  15  11]
 [ 13   5 166   1  13   3]
 [  2   3  84 103  12   7]
 [  1   8   2   6 156   6]
 [  1   2  19   1  23 107]]";114;[16 25 13 19 22 19]
446;CiteSeer;own;-1;0.2;64;0.5;1;0.005;784866329;0.9833333333333333;0.9822779769016329;"[[15  1  0  0  0  0]
 [ 0 26  0  0  0  0]
 [ 0  1 13  0  0  0]
 [ 0  0  0 20  0  0]
 [ 0  0  0  0 23  0]
 [ 0  0  0  0  0 21]]";0.6863100634632819;0.6502906122910805;"[[ 62  38  25  11  13  20]
 [ 40 199  55   9  20  36]
 [ 17   9 461   8   8  11]
 [  8  14 172 217  14  16]
 [ 13  10   9   6 338  16]
 [  8   3  48   5  30 237]]";0.6323676323676324;0.5925982113610452;"[[ 17  16  13  12  13   9]
 [ 27  91  31   7  10  11]
 [ 14   4 167   1   9   6]
 [  3   3  87 101  10   7]
 [  5   9   4   7 145   9]
 [  1   2  23   0  15 112]]";120;[16 26 14 20 23 21]
447;CiteSeer;own;-1;0.2;64;0.5;1;0.005;784866329;0.9682539682539683;0.9659455613302637;"[[14  2  0  0  0  1]
 [ 0 28  0  0  0  0]
 [ 0  1 14  0  0  0]
 [ 0  0  0 20  0  0]
 [ 0  0  0  0 24  0]
 [ 0  0  0  0  0 22]]";0.6918181818181818;0.6509815180309658;"[[ 52  41  25  10  26  14]
 [ 26 198  70   7  26  30]
 [ 14   8 471  10  10   8]
 [  5  11 168 219  18  13]
 [  3   9   8   6 350  15]
 [  5   4  49   3  36 232]]";0.6333666333666333;0.5932832956687095;"[[ 17  14  15   9  16   9]
 [ 19  89  36   7  13  13]
 [ 11   6 167   4   9   4]
 [  2   3  90 101   9   6]
 [  1  10   2   7 151   8]
 [  0   1  24   1  18 109]]";126;[17 28 15 20 24 22]
448;CiteSeer;own;-1;0.2;64;0.5;1;0.005;784866329;0.9772727272727273;0.9757180794990153;"[[16  1  0  0  0  1]
 [ 0 29  0  0  0  0]
 [ 0  1 15  0  0  0]
 [ 0  0  0 21  0  0]
 [ 0  0  0  0 25  0]
 [ 0  0  0  0  0 23]]";0.6905195989061076;0.6591162982939608;"[[ 74  36  25   9  12  16]
 [ 54 186  62   4  18  31]
 [ 18   9 468  11   7   7]
 [ 10  11 167 217  13  14]
 [ 12  11   9   5 334  17]
 [  9   4  49   3  26 236]]";0.6183816183816184;0.5872403184543115;"[[ 22  14  13   8  14   9]
 [ 36  87  31   5   6  12]
 [ 16   7 162   4   9   3]
 [  7   2  95  93   7   7]
 [  5  10   3   7 145   9]
 [  1   1  25   1  15 110]]";132;[18 29 16 21 25 23]
449;CiteSeer;own;-1;0.2;64;0.5;1;0.005;784866329;0.9782608695652174;0.9755604750860917;"[[17  1  0  0  0  0]
 [ 0 30  0  0  0  0]
 [ 1  1 16  0  0  0]
 [ 0  0  0 22  0  0]
 [ 0  0  0  0 26  0]
 [ 0  0  0  0  0 24]]";0.6937842778793418;0.6530049841853367;"[[ 59  44  17   9  25  11]
 [ 46 200  46   4  28  32]
 [ 16   9 463  10  15   7]
 [ 10  12 152 216  30  12]
 [  7  10   4   5 351  14]
 [  7   3  42   3  40 229]]";0.6183816183816184;0.5799977778752171;"[[ 18  16  13   9  15   9]
 [ 32  87  28   5  12  13]
 [ 16   7 158   4  11   5]
 [  7   1  84  97  16   6]
 [  2  10   2   7 152   6]
 [  1   1  22   0  22 107]]";138;[18 30 18 22 26 24]
450;CiteSeer;own;-1;0.2;64;0.5;1;0.005;784866329;0.9652777777777778;0.9656493240084573;"[[18  1  0  0  0  0]
 [ 0 31  0  0  0  0]
 [ 0  1 18  0  0  0]
 [ 0  0  0 22  0  0]
 [ 1  1  0  0 25  0]
 [ 0  0  0  1  0 25]]";0.6883593033913841;0.6584038547773884;"[[ 81  31  27   9  10  12]
 [ 49 184  65   6  19  30]
 [ 15   7 475  10  10   7]
 [ 10  12 159 216  18  12]
 [ 30   9   6   4 325  12]
 [ 13   2  46   6  34 221]]";0.6233766233766234;0.5874923435092178;"[[ 21  15  14   9  12   9]
 [ 35  82  33   6   7  14]
 [ 10   3 172   4   9   3]
 [  8   2  85  98  11   7]
 [ 11   9   3   7 143   6]
 [  8   1  19   1  16 108]]";144;[19 31 19 22 27 26]
451;CiteSeer;own;-1;0.2;64;0.5;1;0.005;784866329;0.9733333333333334;0.9721851220544763;"[[18  1  0  0  0  0]
 [ 0 32  0  0  0  0]
 [ 0  1 19  0  0  0]
 [ 0  0  0 23  0  0]
 [ 0  0  0  0 28  0]
 [ 1  0  0  1  0 26]]";0.6916360294117647;0.6480791616027007;"[[ 52  38  24   8  21  22]
 [ 23 199  61   4  27  38]
 [ 10   8 475   9  12   9]
 [  1  15 155 211  29  15]
 [ 20   7   4   3 335  19]
 [  9   2  41   4  33 233]]";0.6343656343656343;0.5860733999878626;"[[ 14  16  15   7  18  10]
 [ 19  87  33   5  12  21]
 [  6   4 171   4   9   7]
 [  3   3  86  98  13   8]
 [  4   9   3   6 151   6]
 [  3   1  19   1  15 114]]";150;[19 32 20 23 28 28]
452;CiteSeer;own;-1;0.2;64;0.5;1;0.005;784866329;0.9743589743589743;0.9740686994970634;"[[18  2  0  0  0  0]
 [ 0 33  0  0  0  0]
 [ 0  1 20  0  0  0]
 [ 0  0  0 25  0  0]
 [ 0  0  0  0 28  0]
 [ 0  0  0  0  1 28]]";0.6889400921658986;0.6460034574088289;"[[ 49  37  32   9  11  21]
 [ 21 172  89   6  22  32]
 [  4   7 499  11  10   8]
 [  1  10 162 225  12  14]
 [ 19  12   8   6 316  19]
 [  6   2  52   5  27 234]]";0.6263736263736264;0.5796589544188359;"[[ 14  18  15  10  14   9]
 [ 20  77  49   7   9  15]
 [  4   3 177   4   9   4]
 [  3   1  83 111   6   7]
 [  3  10   5   7 141  13]
 [  3   1  27   1  14 107]]";156;[20 33 21 25 28 29]
453;CiteSeer;own;-1;0.2;64;0.5;1;0.005;784866329;0.9691358024691358;0.96775247018183;"[[18  2  0  0  0  0]
 [ 0 32  1  0  0  0]
 [ 0  0 21  0  0  0]
 [ 0  0  0 27  0  0]
 [ 1  1  0  0 28  0]
 [ 0  0  0  0  0 31]]";0.7231977818853974;0.668190087693354;"[[ 41  34  20  11  18  33]
 [ 23 167  67   7  21  51]
 [  2   6 461  29  10  20]
 [  2  11  60 319  17  21]
 [  5  10   3   7 322  35]
 [  0   3  43   9  21 255]]";0.6683316683316683;0.610990003345994;"[[ 14  15  14  10  16  11]
 [ 18  76  40   7  10  26]
 [  3   3 163   9   9  14]
 [  2   2  29 158   8  12]
 [  2   9   2   7 142  17]
 [  4   0  20   1  12 116]]";162;[20 33 21 27 30 31]
454;CiteSeer;own;-1;0.2;64;0.5;1;0.005;784866329;0.9583333333333334;0.9564829654796966;"[[18  2  0  0  0  0]
 [ 0 32  1  0  0  1]
 [ 0  0 21  0  0  0]
 [ 0  1  1 28  0  0]
 [ 1  0  0  0 30  0]
 [ 0  0  0  0  0 32]]";0.7099165894346617;0.6536296228649072;"[[ 37  30  24  11  17  34]
 [ 20 157  88   4  23  47]
 [  1   6 469  19   5  24]
 [  2  13  82 289  11  32]
 [  9   8   6   6 321  34]
 [  0   1  47   5  17 259]]";0.6513486513486514;0.5931425407977917;"[[ 12  16  17   8  15  12]
 [ 17  72  51   3  13  21]
 [  2   2 169   8   8  12]
 [  2   3  41 143   7  15]
 [  1   8   3   7 142  18]
 [  4   0  22   1  12 114]]";168;[20 34 21 30 31 32]
455;CiteSeer;own;-1;0.2;64;0.5;1;0.005;784866329;0.9540229885057471;0.9497259567606168;"[[16  3  0  0  1  0]
 [ 0 34  1  0  0  0]
 [ 0  0 22  0  0  0]
 [ 0  1  1 29  0  0]
 [ 0  0  0  0 32  0]
 [ 0  0  0  0  1 33]]";0.7244423791821561;0.6670179865495235;"[[ 37  42  16  11  22  24]
 [ 19 168  77   8  26  40]
 [  3  10 453  22   7  21]
 [  1  11  71 310  13  24]
 [  4   8   9   7 339  21]
 [  2   2  38   7  27 252]]";0.6713286713286714;0.6156688775578859;"[[ 15  15  14  11  17   8]
 [ 17  75  44   6  14  21]
 [  2   3 163  11   8  14]
 [  2   2  33 155   9  10]
 [  0   7   2   7 150  13]
 [  2   1  19   1  16 114]]";174;[20 35 22 31 32 34]
456;CiteSeer;own;-1;0.2;64;0.5;1;0.005;784866329;0.9722222222222222;0.9728597112232342;"[[19  2  0  0  0  0]
 [ 0 36  0  0  0  1]
 [ 0  0 23  0  0  0]
 [ 0  1  0 31  0  0]
 [ 0  0  0  0 33  0]
 [ 0  0  0  0  1 33]]";0.7269338303821062;0.6830559838665732;"[[ 54  36  19  10  15  22]
 [ 20 168  77   7  25  35]
 [  8  10 452  18   9  21]
 [  3  12  67 305  15  26]
 [  7   8  10   6 337  18]
 [  3   2  43   8  26 244]]";0.6633366633366633;0.6099562170118351;"[[ 15  15  14  11  17   8]
 [ 21  76  44   4  13  19]
 [  5   4 163   9   9  11]
 [  2   2  39 150   8  10]
 [  4   8   2   7 146  12]
 [  2   1  20   1  15 114]]";180;[21 37 23 32 33 34]
457;CiteSeer;own;-1;0.2;64;0.5;1;0.005;784866329;0.9623655913978495;0.9621964483358733;"[[19  2  0  0  0  0]
 [ 1 38  0  0  0  0]
 [ 0  0 24  0  0  0]
 [ 0  1  0 32  0  1]
 [ 0  0  0  0 34  0]
 [ 0  0  0  0  2 32]]";0.7369158878504672;0.6798648567821252;"[[ 43  29  16  15  21  25]
 [ 20 156  75  10  34  37]
 [  4   9 454  26   8  15]
 [  2   6  41 342  14  23]
 [  5   5  10   7 342  20]
 [  3   1  41   7  34 240]]";0.6823176823176823;0.6233386225712686;"[[ 16  13  14  12  16   9]
 [ 18  69  41   8  18  23]
 [  2   3 163  13  10  10]
 [  0   2  23 168   9   9]
 [  2   6   2   7 154   8]
 [  2   1  20   1  16 113]]";186;[21 39 24 34 34 34]
458;CiteSeer;own;-1;0.2;64;0.5;1;0.005;784866329;0.9635416666666666;0.9616412034122965;"[[19  2  0  0  0  0]
 [ 1 39  0  0  0  0]
 [ 0  0 25  0  0  0]
 [ 1  1  0 33  0  1]
 [ 0  0  0  0 35  0]
 [ 0  0  0  0  1 34]]";0.732427366447985;0.6722420257229039;"[[ 35  37  22  11  17  26]
 [ 18 167  80   7  24  33]
 [  0   7 467  16  10  18]
 [  3   8  60 311  14  31]
 [  3   6  11   5 337  22]
 [  2   4  43   4  29 246]]";0.6783216783216783;0.623788546569978;"[[ 15  15  14  12  16   8]
 [ 14  80  47   4  14  18]
 [  0   3 171   8   9  10]
 [  2   2  37 149   8  13]
 [  2   8   2   7 151   9]
 [  2   1  22   1  14 113]]";192;[21 40 25 36 35 35]
459;CiteSeer;own;-1;0.2;64;0.5;1;0.005;784866329;0.9545454545454546;0.9526922752782908;"[[18  3  0  0  0  0]
 [ 1 39  1  0  0  0]
 [ 0  0 26  0  0  0]
 [ 0  2  0 36  0  0]
 [ 0  0  0  0 36  0]
 [ 0  0  0  0  2 34]]";0.7546992481203008;0.6954825745888792;"[[ 35  45  17  15  16  17]
 [ 22 209  46  10  21  23]
 [  2  13 458  25   7  17]
 [  3  10  51 325   8  25]
 [  3   5  10   6 334  25]
 [  3   4  39   6  28 245]]";0.6853146853146853;0.6282315757637157;"[[ 13  17  13  15  15   7]
 [ 17  92  33   9  12  14]
 [  1   4 169   9   8  10]
 [  2   3  38 150   8  10]
 [  2   7   2   7 149  12]
 [  2   1  22   1  14 113]]";198;[21 41 26 38 36 36]
460;CiteSeer;own;-1;0.2;64;0.5;1;0.005;784866329;0.9607843137254902;0.9592257563810956;"[[19  2  0  0  0  0]
 [ 1 40  1  0  0  0]
 [ 0  0 27  0  0  0]
 [ 0  2  1 37  0  0]
 [ 0  0  0  0 37  0]
 [ 0  0  0  0  1 36]]";0.7587181903864278;0.7037610871082425;"[[ 38  40  19  17  17  14]
 [ 20 205  52  11  21  20]
 [  0  12 463  28   7  12]
 [  3  10  59 323   7  19]
 [  4   5  10   6 330  26]
 [  1   3  39   7  23 251]]";0.6973026973026973;0.6410263903619178;"[[ 14  16  13  14  14   9]
 [ 16  95  34   9  12  11]
 [  0   4 172   8   8   9]
 [  0   7  33 154   9   8]
 [  2   7   2   7 149  12]
 [  1   1  23   0  14 114]]";204;[21 42 27 40 37 37]
461;CiteSeer;own;-1;0.2;64;0.5;1;0.005;784866329;0.9619047619047619;0.9610771581333842;"[[20  2  0  1  0  0]
 [ 0 43  0  0  0  0]
 [ 0  1 27  0  0  0]
 [ 0  2  0 38  0  0]
 [ 0  0  0  0 38  1]
 [ 0  0  0  0  1 36]]";0.7570888468809074;0.7076390140862013;"[[ 44  45  14  18  15  13]
 [ 20 215  46  10  20  16]
 [  0  13 465  26   7  13]
 [  2  11  64 310   9  18]
 [  5   7  10   5 328  29]
 [  3   4  40   7  24 240]]";0.6983016983016983;0.647705541849947;"[[ 16  15  14  12  14   9]
 [ 16 100  37   9  10   5]
 [  1   5 169   9   9   8]
 [  0   8  34 153   9   7]
 [  2   7   2   7 149  12]
 [  1   2  23   1  14 112]]";210;[23 43 28 40 39 37]
462;CiteSeer;own;-1;0.2;64;0.5;1;0.005;784866329;0.9675925925925926;0.9618253346108062;"[[19  3  1  1  0  0]
 [ 0 42  1  1  0  0]
 [ 0  0 29  0  0  0]
 [ 0  0  0 42  0  0]
 [ 0  0  0  0 40  0]
 [ 0  0  0  0  0 37]]";0.7530805687203791;0.7005335388417323;"[[ 40  35  28  17  15  15]
 [ 12 196  58  15  19  24]
 [  0  11 477  27   7  11]
 [  1   5  64 315   7  19]
 [  4   8  10   7 325  29]
 [  1   2  36   9  25 236]]";0.6823176823176823;0.62627246962154;"[[ 13  16  14  15  13   9]
 [ 13  90  46   9  11   8]
 [  1   3 169  10  10   8]
 [  2   2  37 151   8  11]
 [  1   8   2   7 151  10]
 [  2   1  24   2  15 109]]";216;[24 44 29 42 40 37]
463;CiteSeer;own;-1;0.2;64;0.5;1;0.005;784866329;0.972972972972973;0.9697369996743616;"[[21  2  0  1  0  0]
 [ 1 43  1  1  0  0]
 [ 0  0 29  0  0  0]
 [ 0  0  0 43  0  0]
 [ 0  0  0  0 42  0]
 [ 0  0  0  0  0 38]]";0.7614068441064639;0.7146821953061159;"[[ 46  38  17  19  14  15]
 [ 12 224  42  12  17  20]
 [  2  11 476  20   6  14]
 [  4  12  71 296   8  18]
 [  3   8  11   6 325  29]
 [  3   4  38   4  24 235]]";0.6853146853146853;0.627568836400523;"[[ 12  17  12  15  15   9]
 [ 17  99  36   7   9   9]
 [  1   4 172   6  10   8]
 [  3   5  38 147  10   8]
 [  1  11   2   7 145  13]
 [  2   1  23   1  15 111]]";222;[24 46 29 43 42 38]
464;CiteSeer;own;-1;0.2;64;0.5;1;0.005;784866329;0.956140350877193;0.9506827103601297;"[[21  3  0  2  0  0]
 [ 2 43  1  1  0  0]
 [ 0  0 29  0  0  0]
 [ 0  0  1 43  0  0]
 [ 0  0  0  0 43  0]
 [ 0  0  0  0  0 39]]";0.7602478551000953;0.7157847239624787;"[[ 50  36  19  13  14  15]
 [ 14 208  50  14  17  22]
 [  3   9 471  22   7  11]
 [  6   8  68 304   7  19]
 [  4   8  10   6 327  27]
 [  4   4  37   5  24 235]]";0.6803196803196803;0.6222538723076;"[[ 12  16  13  15  15   9]
 [ 19  94  37   9   9   9]
 [  1   4 173   7  10   6]
 [  5   5  36 148   9   8]
 [  1  10   2   7 145  14]
 [  2   1  25   1  15 109]]";228;[26 47 29 44 43 39]
465;CiteSeer;own;-1;0.2;64;0.5;1;0.005;784866329;0.9743589743589743;0.9727157131844937;"[[25  2  0  0  0  0]
 [ 1 46  0  1  0  0]
 [ 0  1 29  0  0  0]
 [ 0  0  1 44  0  0]
 [ 0  0  0  0 44  0]
 [ 0  0  0  0  0 40]]";0.7676864244741873;0.7262496309647105;"[[ 58  36  13  12  12  16]
 [ 19 219  41  10  19  20]
 [  5   9 458  21   9  14]
 [ 14   9  52 303  10  24]
 [  5   7   8   4 332  25]
 [  5   6  32   3  26 236]]";0.6833166833166833;0.6345580159144387;"[[ 17  18  11  10  15   9]
 [ 20 101  29   6   9  12]
 [  3   6 167   8   9   8]
 [ 11   4  32 141  11  12]
 [  0  10   2   7 147  13]
 [  3   1  23   1  14 111]]";234;[27 48 30 45 44 40]
466;CiteSeer;own;-1;0.2;64;0.5;1;0.005;784866329;0.9708333333333333;0.9697808719940002;"[[25  3  0  0  0  0]
 [ 0 48  0  1  0  0]
 [ 0  1 31  0  0  0]
 [ 0  0  1 44  0  0]
 [ 0  0  0  1 45  0]
 [ 0  0  0  0  0 40]]";0.774209012464046;0.7317669281399047;"[[ 52  40  15  11  17  12]
 [ 12 225  43  10  19  19]
 [  1  10 465  24   9   8]
 [  7   7  58 307  13  16]
 [  3   9  11   5 336  18]
 [  2   4  35   7  26 230]]";0.6923076923076923;0.6408988351268178;"[[ 15  19  11  10  15  10]
 [ 12 106  34   6  12   7]
 [  1   6 169   9  10   6]
 [  8   8  34 144  10   7]
 [  0  11   2   7 148  11]
 [  1   1  24   1  15 111]]";240;[28 49 32 45 46 40]
467;CiteSeer;own;-1;0.2;64;0.5;1;0.005;784866329;0.9715447154471545;0.970744416538809;"[[26  3  0  0  0  0]
 [ 0 51  0  0  0  0]
 [ 0  1 32  0  0  0]
 [ 0  1  1 44  0  0]
 [ 0  0  0  1 45  0]
 [ 0  0  0  0  0 41]]";0.7721153846153846;0.7338656593371161;"[[ 59  34  15  12  13  13]
 [ 16 214  48   9  19  20]
 [  2  10 465  23  10   8]
 [  9   5  63 304   9  17]
 [  7   6   9   6 335  18]
 [  3   3  38   7  22 229]]";0.6833166833166833;0.633679369141293;"[[ 16  16  12  12  14  10]
 [ 14 101  33   7   9  13]
 [  1   6 169   9  10   6]
 [ 10   2  35 144  10  10]
 [  4  10   4   7 144  10]
 [  3   1  24   1  14 110]]";246;[29 51 33 46 46 41]
468;CiteSeer;own;-1;0.2;64;0.5;1;0.005;784866329;0.9682539682539683;0.9678119417404368;"[[28  3  0  0  0  0]
 [ 0 51  0  0  0  0]
 [ 0  2 33  0  0  0]
 [ 0  1  1 45  0  0]
 [ 0  0  0  1 45  0]
 [ 0  0  0  0  0 42]]";0.7786885245901639;0.7368819629058501;"[[ 55  43  15   7  11  12]
 [ 15 227  37   8  17  17]
 [  1  16 468  18  10   8]
 [ 11  14  56 301  11  14]
 [  9  10   9   5 335  13]
 [  3   3  38   4  24 229]]";0.6943056943056943;0.6446880344662801;"[[ 16  20  11  10  15   8]
 [ 13 110  30   7   9   8]
 [  2   6 171   6  10   6]
 [  8   8  35 144  10   6]
 [  4  10   4   8 144   9]
 [  2   1  23   1  16 110]]";252;[31 51 35 47 46 42]
469;CiteSeer;own;-1;0.2;64;0.5;1;0.005;784866329;0.9689922480620154;0.9675768405922683;"[[29  4  0  0  0  0]
 [ 0 51  0  0  0  0]
 [ 0  2 33  0  0  0]
 [ 0  0  1 49  0  0]
 [ 0  0  0  1 45  0]
 [ 0  0  0  0  0 43]]";0.781431334622824;0.7428073905824816;"[[ 61  33  14  11  11  13]
 [ 16 201  47  15  19  23]
 [  1  10 464  27   8   9]
 [ 10   5  41 327   7  16]
 [  5   6   9  10 332  18]
 [  1   3  36   7  21 231]]";0.6923076923076923;0.6432271827687112;"[[ 18  15  11  14  13   9]
 [ 16  94  32   9  11  15]
 [  1   5 168  10  10   7]
 [  8   2  32 157   6   6]
 [  4   9   2   9 144  11]
 [  2   1  23   0  15 112]]";258;[33 51 35 50 46 43]
470;CiteSeer;own;-1;0.2;64;0.5;1;0.005;784866329;0.9621212121212122;0.9603033047327557;"[[29  5  0  0  0  0]
 [ 1 50  0  1  0  0]
 [ 0  2 34  0  0  0]
 [ 0  0  1 50  0  0]
 [ 0  0  0  0 47  0]
 [ 0  0  0  0  0 44]]";0.7764306498545102;0.7367175887844906;"[[ 58  39  15   7  10  12]
 [ 18 228  41   8  17  16]
 [  2  16 455  20   8   8]
 [ 13  16  48 309   9  11]
 [  8  12  10   8 328  14]
 [  6   3  39   4  23 223]]";0.6953046953046953;0.6493646451940931;"[[ 18  18  11  12  13   8]
 [ 13 112  31   6   9   6]
 [  2   6 168   9  10   6]
 [  8   9  33 145  10   6]
 [  4  12   2   7 143  11]
 [  2   2  23   1  15 110]]";264;[34 52 36 51 47 44]
471;CiteSeer;own;-1;0.2;64;0.5;1;0.005;784866329;0.9703703703703703;0.9690788536662794;"[[30  4  0  0  0  0]
 [ 0 52  0  1  0  0]
 [ 0  2 35  0  0  0]
 [ 0  0  1 52  0  0]
 [ 0  0  0  0 48  0]
 [ 0  0  0  0  0 45]]";0.7786964980544747;0.7374814149552035;"[[ 56  32  15  10   8  14]
 [ 19 216  36  16  18  24]
 [  1  15 442  27  10   9]
 [ 16   9  40 323   9  13]
 [  5   6   6   9 335  19]
 [  2   2  35   6  24 229]]";0.6843156843156843;0.6360133611116882;"[[ 17  15  10  14  15   9]
 [ 12 100  30  13  10  12]
 [  1   7 159  15  10   9]
 [  7   2  27 156  11   8]
 [  4  10   2   9 142  12]
 [  2   1  23   1  15 111]]";270;[34 53 37 53 48 45]
472;CiteSeer;own;-1;0.2;64;0.5;1;0.005;784866329;0.967391304347826;0.9655397372050366;"[[30  4  0  0  1  0]
 [ 0 54  0  0  0  0]
 [ 0  2 36  0  0  0]
 [ 0  1  1 52  0  0]
 [ 0  0  0  0 49  0]
 [ 0  0  0  0  0 46]]";0.7678048780487805;0.7242253729178322;"[[ 50  39  18   5   8  14]
 [ 17 227  41   9  17  17]
 [  3  24 441  20   8   9]
 [ 14  16  49 304  11  15]
 [  8   7   8   7 331  16]
 [  4   3  42   3  24 221]]";0.6883116883116883;0.6443526311049589;"[[ 19  17  12  10  14   8]
 [ 14 107  33   6   9   8]
 [  1  11 164   9  10   6]
 [  8   7  31 146  10   9]
 [  5  11   2   7 143  11]
 [  2   1  24   1  15 110]]";276;[35 54 38 54 49 46]
473;CiteSeer;own;-1;0.2;64;0.5;1;0.005;784866329;0.9574468085106383;0.9558711207262128;"[[32  4  0  0  0  0]
 [ 0 54  0  1  0  0]
 [ 0  3 36  1  1  0]
 [ 0  0  1 53  0  0]
 [ 0  0  0  0 49  0]
 [ 0  0  1  0  0 46]]";0.7700587084148728;0.7288588175705534;"[[ 51  38  18   7   7  14]
 [ 14 225  42  12  17  17]
 [  1  19 436  26   8   9]
 [ 10  14  50 314   7  13]
 [  8   7  11   8 326  18]
 [  4   3  41   5  22 222]]";0.6863136863136863;0.6410139498231248;"[[ 18  17  10  14  13   8]
 [ 15 105  32   7   8  10]
 [  1  13 160  13   9   5]
 [  6   7  32 154   7   5]
 [  5  12   2   9 140  11]
 [  4   1  24   1  13 110]]";282;[36 55 41 54 49 47]
474;CiteSeer;own;-1;0.2;64;0.5;1;0.005;784866329;0.9548611111111112;0.9529774540108303;"[[33  4  0  0  0  1]
 [ 0 54  0  1  0  0]
 [ 0  4 38  0  1  0]
 [ 0  0  1 54  0  0]
 [ 1  0  0  0 49  0]
 [ 0  0  0  0  0 47]]";0.7718351324828263;0.731317807998695;"[[ 51  37  18   7   8  14]
 [ 14 228  40  10  17  21]
 [  1  20 432  20   9  12]
 [ 10  15  56 305   7  13]
 [  7   7  11   7 329  16]
 [  3   3  35   5  22 228]]";0.6913086913086913;0.6464763165159236;"[[ 18  17  10  14  13   8]
 [ 11 109  32   7   9   9]
 [  0  14 159  10  10   8]
 [  5   6  33 152   9   6]
 [  5  11   2   7 142  12]
 [  1   1  23   1  15 112]]";288;[38 55 43 55 50 47]
475;CiteSeer;own;-1;0.2;64;0.5;1;0.005;784866329;0.9523809523809523;0.9514063744104222;"[[34  3  0  0  0  1]
 [ 0 56  1  1  1  0]
 [ 0  3 39  0  0  1]
 [ 0  0  1 55  0  0]
 [ 1  0  0  1 48  0]
 [ 0  0  0  0  0 48]]";0.7706692913385826;0.7259805419564809;"[[ 47  36  18   8   9  15]
 [ 11 232  35   9  18  23]
 [  1  23 429  19  11  10]
 [ 11  13  47 314   9  11]
 [  9   6  10   8 320  21]
 [  3   8  32   6  26 224]]";0.6843156843156843;0.6349298528283903;"[[ 16  18  10  13  13  10]
 [ 14 103  29   6   9  16]
 [  0  18 156   9  10   8]
 [  5   6  30 157   7   6]
 [  6  11   4   8 141   9]
 [  2   2  21   1  15 112]]";294;[38 59 43 56 50 48]
476;CiteSeer;own;-1;0.2;64;0.5;1;0.005;784866329;0.96;0.9598336259340242;"[[36  3  0  0  0  0]
 [ 0 57  1  1  0  0]
 [ 0  3 40  0  0  1]
 [ 0  0  1 57  0  0]
 [ 0  0  0  1 50  1]
 [ 0  0  0  0  0 48]]";0.7670286278381047;0.723551203436263;"[[ 48  32  21   6   9  16]
 [ 12 224  42   6  15  25]
 [  3  21 431  18   9  10]
 [ 13  12  53 301   9  15]
 [  5   6  10   7 325  24]
 [  5   5  33   5  25 225]]";0.6783216783216783;0.6275452503532165;"[[ 15  17  10  13  15  10]
 [ 15 101  29   5   8  19]
 [  2  12 160   9  10   8]
 [ 10   4  33 147   9   8]
 [  5  11   4   6 144   9]
 [  2   2  22   1  14 112]]";300;[39 59 44 58 52 48]
477;CiteSeer;own;-1;0.2;64;0.5;1;0.005;784866329;0.9640522875816994;0.964080688528039;"[[36  3  0  0  0  0]
 [ 0 57  1  1  0  0]
 [ 0  3 42  0  0  0]
 [ 0  0  1 59  0  0]
 [ 0  0  0  1 52  1]
 [ 0  0  0  0  0 49]]";0.7712871287128713;0.7284864296028588;"[[ 50  33  19   7  10  13]
 [ 15 222  45   8  13  21]
 [  5  19 428  23   8   9]
 [ 13  10  47 312  11  10]
 [  7   6   9   9 329  17]
 [  2   3  34   7  29 217]]";0.6883116883116883;0.6395101037303843;"[[ 17  16  11  13  15   8]
 [ 16 101  27   8   8  17]
 [  4  12 158   9  11   7]
 [  9   3  31 156   6   6]
 [  5  11   2   7 146   8]
 [  2   1  22   2  15 111]]";306;[39 59 45 60 54 49]
478;CiteSeer;own;-1;0.2;64;0.5;1;0.005;784866329;0.9647435897435898;0.9649209376482103;"[[37  3  0  0  0  0]
 [ 0 59  1  0  0  0]
 [ 0  3 43  0  0  0]
 [ 0  1  1 59  0  0]
 [ 0  0  0  1 54  0]
 [ 0  0  0  0  1 49]]";0.7725918570009931;0.7283048106573892;"[[ 48  37  18   6   9  13]
 [ 17 231  36   7  14  18]
 [  5  21 423  19   8  12]
 [ 13  10  50 308   9  11]
 [ 11   8   9   9 320  19]
 [  3   3  35   5  23 226]]";0.6853146853146853;0.6448083122598289;"[[ 21  18  11  10  16   4]
 [ 16 107  27   7   7  13]
 [  4  15 153   9  11   9]
 [  7   7  32 152   6   7]
 [  5  11   3   8 143   9]
 [  3   3  21   2  14 110]]";312;[40 60 46 61 55 50]
479;CiteSeer;own;-1;0.2;64;0.5;1;0.005;784866329;0.9528301886792453;0.952043578688515;"[[37  3  0  1  1  0]
 [ 0 60  1  1  0  1]
 [ 0  2 43  1  0  1]
 [ 0  0  1 60  0  0]
 [ 0  0  0  1 54  0]
 [ 0  0  0  0  1 49]]";0.7704183266932271;0.7275339726372255;"[[ 48  36  19   8  12  12]
 [ 12 229  42   7  16  16]
 [  4  21 422  19  10  10]
 [ 12   9  51 308   9   8]
 [ 11   6  11   9 317  20]
 [  2   3  36   5  25 223]]";0.6893106893106893;0.645357544726613;"[[ 19  17  11  13  15   5]
 [ 13 108  29   7   7  13]
 [  3  14 156   9  10   9]
 [  7   5  32 155   6   6]
 [  6  11   3   8 142   9]
 [  3   2  22   2  14 110]]";318;[42 63 47 61 55 50]
480;CiteSeer;own;-1;0.2;64;0.5;1;0.005;784866329;0.9598765432098766;0.9582241889483069;"[[38  4  0  1  1  1]
 [ 0 61  1  0  0  1]
 [ 0  2 46  0  0  0]
 [ 0  0  1 61  0  0]
 [ 0  0  0  0 55  1]
 [ 0  0  0  0  0 50]]";0.7707292707292708;0.7290380310102856;"[[ 48  34  19   8  15   9]
 [ 12 230  43   5  14  18]
 [  2  24 416  20  12  11]
 [ 13   8  50 304  11  10]
 [  8   5  10   7 322  20]
 [  1   7  33   4  26 223]]";0.6843156843156843;0.6376213654769671;"[[ 17  17  11  13  15   7]
 [ 13 107  28   6   7  16]
 [  3  14 155   9  12   8]
 [  8   5  31 148   9  10]
 [  6  10   5   6 146   6]
 [  1   3  21   1  15 112]]";324;[45 63 48 62 56 50]
481;CiteSeer;own;-1;0.2;64;0.5;1;0.005;784866329;0.9636363636363636;0.9623332799887465;"[[39  5  0  1  1  0]
 [ 0 61  1  0  0  1]
 [ 0  2 47  0  0  0]
 [ 0  0  1 62  0  0]
 [ 0  0  0  0 58  0]
 [ 0  0  0  0  0 51]]";0.7655310621242485;0.7231850381809736;"[[ 47  32  21   7  12  12]
 [ 15 223  45   5  14  20]
 [  3  18 421  22  11   8]
 [ 11   7  60 299   9  10]
 [  5   6  12   7 318  23]
 [  5   5  34   6  23 220]]";0.6823176823176823;0.6353361540266085;"[[ 17  17  12  12  16   6]
 [ 17 103  28   6   7  16]
 [  3  13 159   9  10   7]
 [  9   3  34 149   9   7]
 [  4  11   5   7 144   8]
 [  3   3  21   1  14 111]]";330;[46 63 49 63 58 51]
482;CiteSeer;own;-1;0.2;64;0.5;1;0.005;784866329;0.9732142857142857;0.9728027435253522;"[[42  3  0  0  1  0]
 [ 0 63  0  0  0  1]
 [ 0  1 49  0  0  0]
 [ 1  1  1 62  0  0]
 [ 0  0  0  0 59  0]
 [ 0  0  0  0  0 52]]";0.7638190954773869;0.7229092962459404;"[[ 55  28  21   5  11   8]
 [ 29 214  42   4  15  17]
 [  7  17 419  23   9   7]
 [ 22   5  46 306  10   8]
 [ 15   6  13   7 311  18]
 [  8   3  37   6  23 215]]";0.6813186813186813;0.6390951651671354;"[[ 20  18  11   9  16   6]
 [ 21 101  28   5   7  15]
 [  4  14 158   9   9   7]
 [ 12   3  33 150   7   6]
 [  8  11   5   6 142   7]
 [  4   2  22   1  13 111]]";336;[46 64 50 65 59 52]
483;CiteSeer;own;-1;0.2;64;0.5;1;0.005;784866329;0.9707602339181286;0.9701966699080186;"[[41  4  0  0  1  0]
 [ 0 65  0  0  0  1]
 [ 0  1 50  0  0  0]
 [ 0  1  1 64  0  0]
 [ 0  0  0  0 60  1]
 [ 0  0  0  0  0 52]]";0.7731854838709677;0.732524726696918;"[[ 52  33  19   6  12   5]
 [ 14 229  41   4  14  18]
 [  5  22 417  22   9   6]
 [ 18   6  46 312   9   6]
 [ 10   7  14   7 319  13]
 [  7   2  38   7  30 205]]";0.6833166833166833;0.632188042088143;"[[ 14  20  12  12  17   5]
 [ 14 108  29   5   7  14]
 [  4  14 158   9   9   7]
 [  9   4  32 156   6   4]
 [  9  11   5   9 140   5]
 [  3   2  23   3  14 108]]";342;[46 66 51 66 61 52]
484;CiteSeer;own;-1;0.2;64;0.5;1;0.005;784866329;0.9655172413793104;0.9651608334427352;"[[42  3  0  1  1  0]
 [ 0 66  0  0  0  1]
 [ 0  1 51  0  0  0]
 [ 0  1  1 65  0  0]
 [ 0  0  0  1 60  1]
 [ 0  0  0  0  1 52]]";0.7790697674418605;0.7381248687487473;"[[ 52  30  19   6  11   8]
 [ 15 223  39   7  14  20]
 [  6  21 410  24   8  12]
 [ 14   7  36 324   7   8]
 [  7   8  11   8 316  19]
 [  5   6  30   7  24 216]]";0.6793206793206793;0.628605094229764;"[[ 15  19  11  12  18   5]
 [ 17 100  30   7   7  16]
 [  5  13 155   9  11   8]
 [  8   3  29 160   5   6]
 [  7  11   4   9 138  10]
 [  2   2  21   2  14 112]]";348;[47 67 52 67 62 53]
485;CiteSeer;own;-1;0.2;64;0.5;1;0.005;784866329;0.9689265536723164;0.9686584659387342;"[[44  3  0  0  0  1]
 [ 0 68  0  0  0  1]
 [ 0  1 52  0  0  0]
 [ 1  1  1 65  0  0]
 [ 0  1  0  0 62  0]
 [ 0  0  0  0  1 52]]";0.7768762677484787;0.7375078239249837;"[[ 55  31  20   5  12   5]
 [ 14 238  35   4  13  12]
 [  6  26 412  19  12   6]
 [ 17   9  47 308   7   6]
 [ 19   7  11   3 314  13]
 [ 11   8  33   5  24 205]]";0.6953046953046953;0.6587413945241047;"[[ 24  19   9   8  16   4]
 [ 13 110  30   5   7  12]
 [  3  14 158   8  11   7]
 [ 10   6  32 152   8   3]
 [  9  11   6   5 144   4]
 [  4   4  22   2  13 108]]";354;[48 69 53 68 63 53]
486;CiteSeer;own;-1;0.2;64;0.5;1;0.005;784866329;0.9638888888888889;0.9636086288690091;"[[44  4  0  0  0  1]
 [ 0 68  1  0  1  1]
 [ 0  1 52  0  0  0]
 [ 0  1  1 68  0  0]
 [ 0  0  0  0 62  1]
 [ 0  0  0  0  1 53]]";0.7690742624618515;0.7297416917580243;"[[ 50  35  18   7  12   6]
 [ 13 235  39   5  13  19]
 [  4  24 389  26  11  10]
 [ 12   8  46 318   8   8]
 [ 12  11  11   6 305  19]
 [  5   6  33   8  19 215]]";0.6923076923076923;0.6440941339354874;"[[ 17  20   9  11  17   6]
 [ 13 108  29   5   7  15]
 [  3  14 155  10  10   9]
 [  5   3  31 162   5   5]
 [  8  12   3   7 140   9]
 [  4   3  21   2  12 111]]";360;[49 71 53 70 63 54]
487;CiteSeer;own;-1;0.2;64;0.5;1;0.005;784866329;0.9617486338797814;0.9612312571180291;"[[43  5  0  0  1  0]
 [ 0 71  2  0  0  1]
 [ 0  1 52  0  0  0]
 [ 0  1  1 69  0  0]
 [ 0  0  0  0 63  1]
 [ 0  0  0  0  1 54]]";0.7663265306122449;0.7277001521179284;"[[ 50  32  20   7  14   4]
 [  9 243  45   4  14  12]
 [  5  23 391  20   9   9]
 [ 17   9  54 305   8   7]
 [ 15  10  11   5 309  12]
 [  6   4  41   6  26 204]]";0.6813186813186813;0.6368830307197321;"[[ 18  24   9   8  16   5]
 [ 16 106  30   5   7  13]
 [  3  15 158   9  10   6]
 [  9   4  33 154   7   4]
 [  9  13   5   7 141   4]
 [  4   3  27   1  13 105]]";366;[49 74 53 71 64 55]
488;CiteSeer;own;-1;0.2;64;0.5;1;0.005;784866329;0.9623655913978495;0.9621214859546184;"[[44  4  0  0  1  0]
 [ 0 71  2  1  0  1]
 [ 0  1 53  0  0  0]
 [ 0  0  1 71  1  0]
 [ 0  0  0  0 64  1]
 [ 0  0  0  0  1 55]]";0.7676560900716479;0.7281392624997064;"[[ 51  29  17   9  13   7]
 [ 12 238  43   4  13  16]
 [  8  22 384  23   7  10]
 [ 18   7  43 318   7   8]
 [ 16  13  12   8 297  14]
 [  6   3  34  10  22 212]]";0.6823176823176823;0.6417623639081903;"[[ 21  20  10  10  14   5]
 [ 16 107  27   6   7  14]
 [  4  18 151  11  10   7]
 [ 10   4  28 161   4   4]
 [ 13  14   3   9 131   9]
 [  4   2  21   3  11 112]]";372;[49 75 54 73 65 56]
489;CiteSeer;own;-1;0.2;64;0.5;1;0.005;784866329;0.955026455026455;0.9553549727074074;"[[45  5  0  0  1  0]
 [ 1 71  2  1  0  1]
 [ 0  1 54  0  0  0]
 [ 0  0  1 72  1  0]
 [ 0  2  0  0 63  0]
 [ 0  0  0  0  1 56]]";0.7612936344969199;0.7224712561335479;"[[ 51  35  17   7  13   4]
 [ 18 227  43   5  19  15]
 [  7  26 377  21  11  11]
 [ 12  10  43 315  13   7]
 [ 12  11   9   7 306  10]
 [  5   5  32  10  27 207]]";0.6783216783216783;0.6388378293590968;"[[ 21  19  10   9  16   5]
 [ 14 106  27   6  10  14]
 [  3  19 147  12  12   8]
 [  8   4  29 156  10   4]
 [  8  13   5   7 141   5]
 [  3   2  23   3  14 108]]";378;[51 76 55 74 65 57]
490;CiteSeer;own;-1;0.2;64;0.5;1;0.005;784866329;0.9609375;0.960886511149669;"[[47  4  0  0  0  1]
 [ 1 73  1  0  0  1]
 [ 0  1 54  0  0  0]
 [ 0  1  2 73  1  0]
 [ 0  1  0  0 65  1]
 [ 0  0  0  0  0 57]]";0.7636457260556128;0.7251218271959278;"[[ 51  36  17   7  12   5]
 [ 14 239  40   4  15  15]
 [  7  32 370  23   9  10]
 [ 14   5  46 318   8   7]
 [ 15  13   9   6 299  12]
 [  7   5  32  11  23 206]]";0.6673326673326674;0.6262456265087968;"[[ 19  23   9   9  14   6]
 [ 15 112  22   6   8  14]
 [  2  23 144  12  12   8]
 [ 10   3  30 155   9   4]
 [ 10  15   6   9 132   7]
 [  2   3  24   4  14 106]]";384;[52 76 55 77 67 57]
491;CiteSeer;own;-1;0.2;64;0.5;1;0.005;784866329;0.9615384615384616;0.9615592676059369;"[[48  4  0  0  0  0]
 [ 1 74  1  0  0  1]
 [ 0  1 55  1  0  0]
 [ 0  1  2 73  1  0]
 [ 0  0  0  0 68  1]
 [ 0  0  0  0  1 57]]";0.7582644628099173;0.7219619147902331;"[[ 50  32  20   5  15   5]
 [ 17 226  48   4  16  15]
 [  4  33 371  21  10  11]
 [ 11   7  54 309  10   7]
 [  8  13   9   4 308  10]
 [  4   3  38   8  26 204]]";0.6663336663336663;0.6268404358564184;"[[ 20  22  10   6  18   4]
 [ 18 102  27   5  10  15]
 [  2  22 145  12  12   8]
 [  9   1  33 155   9   4]
 [  8  15   7   5 138   6]
 [  2   2  25   3  14 107]]";390;[52 77 57 77 69 58]
492;CiteSeer;own;-1;0.2;64;0.5;1;0.005;784866329;0.9595959595959596;0.9599136357034846;"[[48  5  0  0  0  0]
 [ 0 75  1  0  0  2]
 [ 0  1 58  0  0  0]
 [ 0  1  2 73  2  0]
 [ 0  0  0  0 69  1]
 [ 0  0  0  0  1 57]]";0.7647668393782383;0.7275583745997115;"[[ 50  31  19   5  12   8]
 [ 14 230  44   4  13  15]
 [  5  31 384  19   8  10]
 [  9   8  52 310  10   7]
 [ 12  13  10   5 299  12]
 [  5   3  41   6  23 203]]";0.6773226773226774;0.636609845909952;"[[ 20  23   9   8  15   5]
 [ 14 109  27   5   8  14]
 [  4  18 151  11  11   6]
 [  8   3  32 155   8   5]
 [ 14  13   5   4 135   8]
 [  3   2  25   2  13 108]]";396;[53 78 59 78 70 58]
493;CiteSeer;own;-1;0.2;64;0.5;1;0.005;784866329;0.9626865671641791;0.9624216554462058;"[[48  5  0  0  0  0]
 [ 0 77  1  0  0  2]
 [ 0  1 58  0  0  0]
 [ 0  1  1 76  1  0]
 [ 0  0  0  0 70  1]
 [ 0  0  1  0  1 58]]";0.764033264033264;0.724095404322227;"[[ 51  34  12   7  11   9]
 [ 19 231  38   5  12  16]
 [  8  29 374  23   8  12]
 [ 12   9  45 313   9   7]
 [ 14  13   9   5 297  12]
 [ 11   6  27  11  21 204]]";0.6823176823176823;0.6378184958928945;"[[ 18  22   9  12  15   4]
 [ 13 116  22   6   7  13]
 [  4  20 145  13  11   8]
 [  7   4  30 159   7   4]
 [  9  14   3   6 138   9]
 [  5   3  21   3  14 107]]";402;[53 80 59 79 71 60]
494;CiteSeer;own;-1;0.2;64;0.5;1;0.005;784866329;0.9656862745098039;0.9656044306887189;"[[49  5  0  0  0  0]
 [ 0 79  1  0  0  1]
 [ 0  1 59  0  0  0]
 [ 0  1  1 77  1  0]
 [ 0  0  0  0 70  1]
 [ 0  0  0  0  2 60]]";0.7674661105318039;0.7304079660659184;"[[ 52  31  13   7  13   7]
 [ 15 235  36   5  13  16]
 [  5  32 377  23   8  10]
 [  7   9  46 313   8   9]
 [ 12  14  11   5 297  11]
 [  9  10  32  11  18 198]]";0.6843156843156843;0.6393817191114405;"[[ 18  22   8  13  15   4]
 [ 12 116  23   5   8  13]
 [  3  21 148  11  11   7]
 [  7   4  30 159   6   5]
 [  9  14   5   5 139   7]
 [  6   5  20   3  14 105]]";408;[54 81 60 80 71 62]
495;CiteSeer;own;-1;0.2;64;0.5;1;0.005;784866329;0.961352657004831;0.9615738319177259;"[[49  4  0  1  0  0]
 [ 0 79  1  0  1  2]
 [ 0  1 59  0  0  0]
 [ 0  1  2 79  1  0]
 [ 0  0  0  0 70  1]
 [ 0  0  0  0  1 62]]";0.7656903765690377;0.7290896752442625;"[[ 53  30  11   6  15   8]
 [ 20 226  36   8  12  16]
 [  8  31 363  24  10  12]
 [  7   9  45 319   9   6]
 [ 11  14   9   7 297  12]
 [  8   8  27  11  18 206]]";0.6823176823176823;0.6417356435829596;"[[ 22  20   7  10  15   6]
 [ 19 105  22   8   9  14]
 [  4  21 145  13  11   7]
 [  4   2  28 166   6   5]
 [ 10  15   5   4 139   6]
 [  6   5  19   3  14 106]]";414;[54 83 60 83 71 63]
496;CiteSeer;own;-1;0.2;64;0.5;1;0.005;784866329;0.9571428571428572;0.9566145190823613;"[[48  5  0  0  1  0]
 [ 0 82  1  0  0  1]
 [ 0  1 59  0  0  0]
 [ 0  2  2 80  1  0]
 [ 1  0  0  0 71  0]
 [ 0  0  0  0  3 62]]";0.7759706190975866;0.7401822853023785;"[[ 52  30  15   5  16   5]
 [ 13 236  37   6  13  12]
 [  5  27 373  27   7   9]
 [  8   6  48 318   8   6]
 [  9  15  10   4 300   9]
 [  8   5  35   9  20 200]]";0.6953046953046953;0.650768541002684;"[[ 19  21   8   9  18   5]
 [ 13 114  25   7   7  11]
 [  3  17 152  13  10   6]
 [  5   2  29 164   7   4]
 [  7  15   6   6 140   5]
 [  5   5  19   3  14 107]]";420;[54 84 60 85 72 65]
497;CiteSeer;own;-1;0.2;64;0.5;1;0.005;1866817562;0.0;0.0;[[]];0.12424763542562339;0.11519708223878804;"[[ 65  32  37  26  19   5]
 [147  71  72  59  47  17]
 [163 181  33  41  37  12]
 [158  97  71  85  59  20]
 [199  70  62  42  31  13]
 [131  87  64  19  50   4]]";0.13386613386613386;0.12390921740694998;"[[34 17 12  9  7  1]
 [62 31 30 22 26  6]
 [62 76 20 25  7 11]
 [54 49 33 33 30 12]
 [92 21 23 21 13  9]
 [56 27 27 16 24  3]]";0;[]
498;CiteSeer;own;-1;0.2;64;0.5;1;0.005;1866817562;0.5;0.39999999999999997;"[[1 0 0 0 0 0]
 [0 0 1 0 0 0]
 [0 0 1 0 0 0]
 [0 0 1 0 0 0]
 [0 0 0 0 1 0]
 [0 0 1 0 0 0]]";0.2439655172413793;0.11248768118232237;"[[ 91   0 129   0   0   0]
 [ 76   0 328   0   0   0]
 [  7   0 470   0   0   0]
 [ 33   0 451   0   0   0]
 [319   0  60   0   5   0]
 [ 98   0 253   0   0   0]]";0.22677322677322678;0.10268468334442626;"[[ 31   0  49   0   0   0]
 [ 29   0 148   0   0   0]
 [  7   0 194   0   0   0]
 [ 15   0 196   0   0   0]
 [158   0  19   0   2   0]
 [ 38   0 115   0   0   0]]";6;[1 1 1 1 1 1]
499;CiteSeer;own;-1;0.2;64;0.5;1;0.005;1866817562;0.8333333333333334;0.7916666666666666;"[[3 0 0 0 0 0]
 [2 0 0 0 0 0]
 [0 0 2 0 0 0]
 [0 0 0 1 0 0]
 [0 0 0 0 2 0]
 [0 0 0 0 0 2]]";0.2575626620570441;0.1355382649849294;"[[160   0  61   0   0   0]
 [180   0 223   0   0   0]
 [ 49   0 427   0   0   0]
 [199   0 281   1   1   0]
 [363   0  13   0   7   0]
 [259   0  89   0   0   1]]";0.23476523476523475;0.12796581839604085;"[[ 54   0  26   0   0   0]
 [ 91   0  86   0   0   0]
 [ 25   0 176   0   0   0]
 [ 91   0 118   2   0   0]
 [172   0   4   0   3   0]
 [118   0  35   0   0   0]]";12;[3 2 2 1 2 2]
500;CiteSeer;own;-1;0.2;64;0.5;1;0.005;1866817562;0.7222222222222222;0.6968253968253967;"[[5 0 0 0 0 0]
 [4 0 0 0 0 0]
 [0 0 2 0 0 0]
 [0 0 1 1 0 0]
 [0 0 0 0 3 0]
 [0 0 0 0 0 2]]";0.2551993067590988;0.14233446328025745;"[[178   0  41   0   0   0]
 [220   0 181   0   0   0]
 [ 74   0 401   0   0   0]
 [270   0 209   3   1   0]
 [366   0   9   0   6   0]
 [294   0  54   0   0   1]]";0.23276723276723277;0.13671410916892998;"[[ 64   0  16   0   0   0]
 [110   0  67   0   0   0]
 [ 38   0 163   0   0   0]
 [121   0  88   2   0   0]
 [172   0   3   0   4   0]
 [127   0  26   0   0   0]]";18;[5 4 2 2 3 2]
501;CiteSeer;own;-1;0.2;64;0.5;1;0.005;1866817562;0.6666666666666666;0.6315359477124183;"[[6 0 0 0 0 0]
 [3 0 1 0 0 0]
 [0 0 2 0 0 0]
 [1 0 1 3 1 0]
 [1 0 0 0 3 0]
 [0 0 0 0 0 2]]";0.2562988705473501;0.14734894022608247;"[[189   0  34   0   0   0]
 [233   0 167   0   0   0]
 [ 87   0 388   0   0   0]
 [289   0 178   7   1   0]
 [366   0   9   0   5   0]
 [306   0  42   0   0   1]]";0.22877122877122877;0.13863118770906405;"[[ 65   0  15   0   0   0]
 [114   0  63   0   0   0]
 [ 44   0 157   0   0   0]
 [130   0  78   3   0   0]
 [172   0   3   0   4   0]
 [132   0  21   0   0   0]]";24;[6 4 2 6 4 2]
502;CiteSeer;own;-1;0.2;64;0.5;1;0.005;1866817562;0.7333333333333333;0.6714285714285714;"[[6 0 0 0 0 0]
 [1 0 0 2 2 0]
 [0 0 2 0 0 0]
 [0 0 0 6 1 0]
 [1 0 0 0 5 0]
 [0 0 1 0 0 3]]";0.32665505226480834;0.243350879349537;"[[167   0  22  24   6   0]
 [197   0 128  54  16   0]
 [ 73   0 346  24   1   0]
 [166   0  85 221   0   0]
 [360   0  39   6  16   0]
 [280   0  42  23   0   0]]";0.3146853146853147;0.24232015581608535;"[[ 59   0  11  10   0   0]
 [ 94   0  54  18  11   0]
 [ 41   0 153   7   0   0]
 [ 71   0  49  91   0   0]
 [163   0   1   3  12   0]
 [124   0  21   7   1   0]]";30;[6 5 2 7 6 4]
503;CiteSeer;own;-1;0.2;64;0.5;1;0.005;1866817562;0.7777777777777778;0.8131054131054131;"[[6 0 0 0 0 0]
 [0 2 0 0 6 0]
 [0 0 2 0 0 0]
 [0 0 0 6 1 0]
 [0 0 0 0 8 0]
 [0 0 0 0 1 4]]";0.2794759825327511;0.19885328147393833;"[[ 35   0   0   0 172   0]
 [  1   0   6   0 383   0]
 [  0   0 137   2 304   0]
 [  1   0   4  25 440   0]
 [  0   0   0   0 443   0]
 [  3   0  11   1 322   0]]";0.25274725274725274;0.1655190933891261;"[[  5   0   0   0  75   0]
 [  4   0   6   0 167   0]
 [  0   0  56   0 145   0]
 [  4   0   2  16 189   0]
 [  4   0   0   0 175   0]
 [  3   0   6   1 142   1]]";36;[6 8 2 7 8 5]
504;CiteSeer;own;-1;0.2;64;0.5;1;0.005;1866817562;0.7142857142857143;0.704154995331466;"[[6 1 0 0 0 0]
 [0 3 1 0 4 0]
 [0 0 3 0 0 0]
 [1 0 2 6 1 0]
 [0 0 0 0 8 0]
 [0 0 1 1 0 4]]";0.3577057793345009;0.24769219161943826;"[[ 60   2  26   1 119   0]
 [ 38   1 112   0 233   0]
 [  2   0 308   1 126   0]
 [  9   0 113  41 310   0]
 [ 27   0   8   0 407   0]
 [ 28   0  95   1 216   0]]";0.3096903096903097;0.21363357793132012;"[[ 16   1  12   0  51   0]
 [ 18   1  47   0 111   0]
 [  0   0 124   0  77   0]
 [  7   0  54  21 129   0]
 [ 29   0   3   0 147   0]
 [ 17   0  45   1  89   1]]";42;[ 7  8  3 10  8  6]
505;CiteSeer;own;-1;0.2;64;0.5;1;0.005;1866817562;0.875;0.8793454579899592;"[[8 0 0 0 0 0]
 [0 8 0 0 1 0]
 [0 0 4 0 0 0]
 [1 0 1 9 1 0]
 [0 0 0 0 8 0]
 [0 0 0 2 0 5]]";0.5583845478489904;0.5063782883710289;"[[ 64  12   7  30  58  37]
 [ 30  40  27  55 139  89]
 [  1   4 262  47  99  32]
 [  7   1  19 323 104  16]
 [ 31   2   2   5 368  23]
 [ 15   0  24  16  74 215]]";0.5274725274725275;0.4762485962190632;"[[ 19   1   3   8  30  19]
 [ 21  19  12  21  66  38]
 [  0   0 104  20  66  11]
 [  7   0   7 146  43   8]
 [ 30   5   2   3 134   5]
 [  5   0  12   2  28 106]]";48;[ 8  9  4 12  8  7]
506;CiteSeer;own;-1;0.2;64;0.5;1;0.005;1866817562;0.9074074074074074;0.9078904991948472;"[[ 9  0  0  0  0  0]
 [ 1  8  0  0  1  0]
 [ 0  0  4  0  0  0]
 [ 1  0  1 10  1  0]
 [ 0  0  0  0  9  0]
 [ 0  0  0  0  0  9]]";0.5220070422535211;0.4653963413672138;"[[ 43   4   8   5  84  43]
 [ 45  19  32   1 212  76]
 [  0   2 269  19 127  27]
 [  7   0  21 218 185  37]
 [ 22   1   2   1 384  27]
 [  7   0  16   1  74 253]]";0.4835164835164835;0.43917714705075467;"[[ 17   1   4   4  36  18]
 [ 21  16  20   3  83  34]
 [  1   0 107  13  70  10]
 [  7   0   8  90  80  26]
 [ 22   3   2   1 139  12]
 [  4   0   8   0  26 115]]";54;[ 9 10  4 13  9  9]
507;CiteSeer;own;-1;0.2;64;0.5;1;0.005;1866817562;0.9333333333333333;0.9339043355286009;"[[10  0  0  0  0  0]
 [ 2  7  0  0  1  0]
 [ 0  0  5  0  0  0]
 [ 1  0  0 13  0  0]
 [ 0  0  0  0  9  0]
 [ 0  0  0  0  0 12]]";0.5684024713150927;0.5042511336543336;"[[ 38   8  15  13  46  64]
 [ 32  55 114   1  60 105]
 [  1   2 395  15  44  22]
 [  5   3  55 238 103  54]
 [ 17   7   7   1 259 116]
 [  4   5  27   1  31 303]]";0.4985014985014985;0.44325096038598594;"[[ 14   2   9   2  24  29]
 [ 17  21  41   3  37  58]
 [  2   1 152   7  26  13]
 [  6   0  30 105  35  35]
 [  8   8   2   2  88  71]
 [  3   0  18   0  13 119]]";60;[10 10  5 14  9 12]
508;CiteSeer;own;-1;0.2;64;0.5;1;0.005;1866817562;0.9090909090909091;0.9104836679404659;"[[10  0  0  0  1  0]
 [ 1  9  0  0  1  0]
 [ 0  0  6  0  0  0]
 [ 1  0  0 14  0  0]
 [ 0  0  0  0  8  1]
 [ 0  1  0  0  0 13]]";0.5911504424778761;0.5272092970218981;"[[ 38   8  22  17  45  53]
 [ 18  67 142   5  59  78]
 [  2   3 411  14  37  15]
 [  5   1  68 253  87  39]
 [ 14   8   7   2 266  99]
 [  6   3  35   6  26 301]]";0.5204795204795205;0.4571127470391286;"[[ 11   4   9   3  25  28]
 [ 17  25  54   3  36  42]
 [  1   0 162   6  27   5]
 [  6   0  38 117  32  18]
 [  4  11   4   3  88  69]
 [  3   0  18   1  13 118]]";66;[11 11  6 15  9 14]
509;CiteSeer;own;-1;0.2;64;0.5;1;0.005;1866817562;0.9444444444444444;0.9396361313612366;"[[12  0  0  0  0  0]
 [ 1  9  1  0  1  0]
 [ 0  0  7  0  0  0]
 [ 1  0  0 15  0  0]
 [ 0  0  0  0 11  0]
 [ 0  0  0  0  0 14]]";0.5922803904170364;0.5309440487849971;"[[ 51   8  22  12  56  35]
 [ 29  43 150   7 107  46]
 [  2   2 387  23  38   8]
 [  6   0  63 288  89  15]
 [ 21   8   4   2 300  59]
 [  3   0  43   7  54 266]]";0.5494505494505495;0.4818284536766015;"[[ 12   6   7  11  28  16]
 [ 26  21  53   6  48  23]
 [  1   0 156   7  33   4]
 [  8   0  37 130  29   7]
 [ 12   6   3   4 119  35]
 [  4   0  21   1  15 112]]";72;[12 12  7 16 11 14]
510;CiteSeer;own;-1;0.2;64;0.5;1;0.005;1866817562;0.9230769230769231;0.9205650709998535;"[[12  0  0  0  0  0]
 [ 1 11  1  0  1  0]
 [ 0  0  8  1  0  0]
 [ 2  0  0 15  0  0]
 [ 0  0  0  0 11  0]
 [ 0  0  0  0  0 15]]";0.6152135231316725;0.5565713012168653;"[[ 50   9  17  15  44  48]
 [ 27  66 117  13  83  74]
 [  1   3 389  25  33  10]
 [  8   1  63 286  72  30]
 [ 13   5   3   1 287  85]
 [  2   0  27   4  32 305]]";0.5464535464535465;0.4834218280623075;"[[ 12   4   7  11  24  22]
 [ 21  29  39   7  45  36]
 [  1   0 154   9  29   8]
 [ 11   0  37 124  27  12]
 [  7   6   3   4 106  53]
 [  2   0  19   0  10 122]]";78;[12 14  9 17 11 15]
511;CiteSeer;own;-1;0.2;64;0.5;1;0.005;1866817562;0.9523809523809523;0.9503310476442332;"[[13  0  0  0  0  0]
 [ 1 13  1  0  1  0]
 [ 0  0  9  0  0  0]
 [ 1  0  0 18  0  0]
 [ 0  0  0  0 11  0]
 [ 0  0  0  0  0 16]]";0.6619090098126673;0.6158836827988303;"[[ 50  32  20  25  24  30]
 [ 18 142 112  20  42  43]
 [  1   5 397  35  16   7]
 [  9   5  61 319  43  22]
 [ 17  10   4   4 296  64]
 [  2   2  42   6  37 280]]";0.5894105894105894;0.5347761995816931;"[[ 12  12   7  17  18  14]
 [ 16  61  36  13  27  24]
 [  1   3 159  12  23   3]
 [ 11   1  35 139  17   8]
 [  8   9   5   5 111  41]
 [  4   0  28   0  13 108]]";84;[13 16  9 19 11 16]
512;CiteSeer;own;-1;0.2;64;0.5;1;0.005;1866817562;0.9444444444444444;0.9412884730689243;"[[13  0  0  1  0  0]
 [ 2 13  1  0  1  0]
 [ 0  0 10  0  0  0]
 [ 0  0  0 20  0  0]
 [ 0  0  0  0 11  0]
 [ 0  0  0  0  0 18]]";0.6650268336314848;0.6220915621062026;"[[ 54  26  18  23  28  33]
 [ 24 148  99  11  42  49]
 [  1   6 391  34  22  10]
 [  8   5  63 307  48  26]
 [ 19   6   3   2 294  68]
 [  3   2  28   7  35 293]]";0.5904095904095904;0.5446149880344818;"[[ 16   7   7  15  18  17]
 [ 23  64  34   6  29  21]
 [  1   4 157  10  24   5]
 [ 10   1  39 131  21   9]
 [ 12   5   5   4 108  45]
 [  4   1  20   0  13 115]]";90;[14 17 10 20 11 18]
513;CiteSeer;own;-1;0.2;64;0.5;1;0.005;1866817562;0.96875;0.9668206693617138;"[[14  0  0  0  0  0]
 [ 2 16  0  0  0  0]
 [ 0  0 11  0  0  0]
 [ 0  0  0 21  0  0]
 [ 1  0  0  0 11  0]
 [ 0  0  0  0  0 20]]";0.672645739910314;0.6377981968696228;"[[ 56  34  13  18  27  33]
 [ 23 219  52   5  28  51]
 [  1  28 365  31  23  11]
 [  9  10  50 305  47  34]
 [ 22  13   2   3 258  87]
 [  4   5  29   5  32 297]]";0.6033966033966034;0.5585233871045118;"[[ 14  11   5  13  19  18]
 [ 22  91  20   6  17  21]
 [  1  10 149  11  20  10]
 [ 10  11  25 130  23  12]
 [ 12   6   2   5 100  54]
 [  3   2  18   0  10 120]]";96;[14 18 11 21 12 20]
514;CiteSeer;own;-1;0.2;64;0.5;1;0.005;1866817562;0.9509803921568627;0.947087612822907;"[[14  0  0  0  0  0]
 [ 2 16  0  0  0  0]
 [ 0  0 12  0  0  0]
 [ 1  0  0 22  0  0]
 [ 1  0  1  0 13  0]
 [ 0  0  0  0  0 20]]";0.6803057553956835;0.6395645186064204;"[[ 47  31  16  27  27  33]
 [ 12 207  68   8  41  42]
 [  0  21 374  30  23   7]
 [  6   9  56 322  43  21]
 [ 10   8   3   7 286  68]
 [  4   4  43   5  38 277]]";0.6063936063936064;0.5582450556373043;"[[ 13  10   7  17  20  13]
 [ 16  85  25   8  25  18]
 [  0  10 151  12  22   6]
 [  6   8  30 139  20   8]
 [  5   6   6   8 109  45]
 [  3   2  24   0  14 110]]";102;[14 18 12 23 15 20]
515;CiteSeer;own;-1;0.2;64;0.5;1;0.005;1866817562;0.9629629629629629;0.9624124124124124;"[[14  0  0  0  0  0]
 [ 2 17  0  0  1  0]
 [ 0  0 13  0  0  0]
 [ 0  0  0 22  1  0]
 [ 0  0  0  0 17  0]
 [ 0  0  0  0  0 21]]";0.6645626690712354;0.6182034204070462;"[[ 47  22  19  24  30  36]
 [ 29 153  88   7  49  41]
 [  0  11 411  31  12   6]
 [  6   6  71 300  48  21]
 [  9   4   7   6 288  73]
 [  3   0  48   6  31 275]]";0.5894105894105894;0.5410889939923577;"[[ 14   5   9  17  24  11]
 [ 23  66  39   7  27  15]
 [  1   3 160  12  19   6]
 [  8   5  35 131  24   8]
 [  6   5   5   7 114  42]
 [  3   0  29   0  16 105]]";108;[14 20 13 23 17 21]
516;CiteSeer;own;-1;0.2;64;0.5;1;0.005;1866817562;0.9649122807017544;0.964263504376761;"[[16  0  0  0  0  0]
 [ 1 19  1  0  1  0]
 [ 0  0 13  0  0  0]
 [ 0  0  0 23  1  0]
 [ 0  0  0  0 18  0]
 [ 0  0  0  0  0 21]]";0.6925858951175407;0.6562893696067018;"[[ 57  35  17  18  30  19]
 [ 24 221  56   2  37  27]
 [  0  18 406  29  11   6]
 [  5  13  58 308  52  15]
 [ 14   9   6   7 300  68]
 [  6   1  56   7  34 240]]";0.6283716283716284;0.5889557683510033;"[[ 18  12   9  14  22   5]
 [ 17  96  27   6  22   9]
 [  1   8 157  12  17   6]
 [  7   8  32 130  26   8]
 [  5  12   6   6 123  27]
 [  3   0  30   0  15 105]]";114;[16 22 13 24 18 21]
517;CiteSeer;own;-1;0.2;64;0.5;1;0.005;1866817562;0.9833333333333333;0.9826203208556149;"[[16  0  0  0  0  0]
 [ 2 21  0  0  0  0]
 [ 0  0 14  0  0  0]
 [ 0  0  0 25  0  0]
 [ 0  0  0  0 20  0]
 [ 0  0  0  0  0 22]]";0.6962828649138713;0.6593735739790914;"[[ 59  27  13  17  37  22]
 [ 34 207  56   2  37  30]
 [  0  19 407  24  18   3]
 [  6  14  52 306  56  15]
 [ 11   7   7   6 311  60]
 [  7   0  44   7  39 246]]";0.6293706293706294;0.5895817707913479;"[[ 18  13   7  13  21   8]
 [ 21  91  23   4  26  12]
 [  2  11 151  11  21   5]
 [  6   6  32 129  29   9]
 [  5   7   5   6 131  25]
 [  3   0  25   0  15 110]]";120;[16 23 14 25 20 22]
518;CiteSeer;own;-1;0.2;64;0.5;1;0.005;1866817562;0.9841269841269841;0.9830373187010654;"[[15  0  0  1  0  0]
 [ 1 24  0  0  0  0]
 [ 0  0 15  0  0  0]
 [ 0  0  0 26  0  0]
 [ 0  0  0  0 21  0]
 [ 0  0  0  0  0 23]]";0.7040909090909091;0.6649845369118902;"[[ 54  28  20  23  26  22]
 [ 19 215  64   6  23  32]
 [  0  16 427  23  10   4]
 [  5  21  72 300  41   9]
 [ 11   8   7  12 311  49]
 [  6   0  53   8  33 242]]";0.6413586413586414;0.5980501150136849;"[[ 16  11  12  16  17   8]
 [ 14  98  31   4  18  12]
 [  1   8 159  10  18   5]
 [  6   7  41 132  19   6]
 [  5  10   5   7 127  25]
 [  3   0  27   0  13 110]]";126;[16 25 15 26 21 23]
519;CiteSeer;own;-1;0.2;64;0.5;1;0.005;1866817562;0.9696969696969697;0.9675815953456056;"[[15  0  0  1  0  0]
 [ 1 25  0  0  0  0]
 [ 0  0 15  0  0  0]
 [ 0  0  0 26  0  0]
 [ 0  0  0  0 23  0]
 [ 0  0  1  0  1 24]]";0.6955332725615314;0.6573079611850086;"[[ 51  26  19  19  31  24]
 [ 12 208  63   2  28  42]
 [  0  22 414  19  15   7]
 [  5  16  68 270  66  22]
 [  8   6   6  12 309  53]
 [  3   0  38   3  33 274]]";0.6283716283716284;0.5840311897908935;"[[ 15  11  12  12  21   9]
 [  8  93  26   3  24  23]
 [  1   9 158   9  18   6]
 [  6   8  41 118  28  10]
 [  2   9   4   5 127  32]
 [  2   0  22   0  11 118]]";132;[16 26 15 26 23 26]
520;CiteSeer;own;-1;0.2;64;0.5;1;0.005;1866817562;0.9710144927536232;0.9670393285959323;"[[15  0  0  1  0  0]
 [ 1 27  1  0  0  0]
 [ 0  0 15  0  0  0]
 [ 0  0  0 27  0  0]
 [ 0  0  0  0 24  0]
 [ 0  0  1  0  0 26]]";0.6928702010968921;0.6528277753292832;"[[ 47  32  16  18  29  27]
 [ 12 213  67   3  27  43]
 [  0  21 399  26  15  10]
 [  5  20  61 277  66  16]
 [  6   6   6  14 303  50]
 [  3   1  40   4  28 277]]";0.6353646353646354;0.5917541641949314;"[[ 15  11  12  13  19  10]
 [  9 102  25   3  19  19]
 [  1  12 154  10  19   5]
 [  6   8  39 123  28   7]
 [  2  10   5   8 124  30]
 [  2   1  22   0  10 118]]";138;[16 29 15 27 24 27]
521;CiteSeer;own;-1;0.2;64;0.5;1;0.005;1866817562;0.9513888888888888;0.9469782699418655;"[[15  0  0  1  0  1]
 [ 1 27  1  0  0  0]
 [ 0  0 16  0  0  0]
 [ 0  1  0 28  0  0]
 [ 0  0  0  0 25  0]
 [ 1  0  1  0  0 26]]";0.7053162236480294;0.6647252771103128;"[[ 49  33  16  24  23  25]
 [ 17 216  62   7  25  32]
 [  0  19 408  26  13   9]
 [  5  20  63 280  62  13]
 [  8   7   6  12 311  41]
 [  3   1  42   6  23 275]]";0.6383616383616384;0.5936607919214676;"[[ 15  13  12  13  17  10]
 [ 11  97  30   4  21  14]
 [  1   9 158  10  17   6]
 [  6   6  39 124  29   7]
 [  3   9   5   7 128  27]
 [  2   1  22   1  10 117]]";144;[17 29 16 29 25 28]
522;CiteSeer;own;-1;0.2;64;0.5;1;0.005;1866817562;0.9466666666666667;0.9418556884607011;"[[15  0  0  1  0  1]
 [ 1 27  2  0  0  0]
 [ 0  0 18  0  0  0]
 [ 0  1  0 28  0  0]
 [ 0  0  0  0 26  0]
 [ 1  0  1  0  0 28]]";0.7077205882352942;0.6605500393780485;"[[ 40  36  15  15  28  30]
 [  3 232  53   3  30  34]
 [  0  19 414  20  12  11]
 [  5  21  77 246  70  20]
 [  6  10   5   2 327  34]
 [  7   3  37   2  28 281]]";0.6223776223776224;0.5725827644155618;"[[ 12  17  10  12  20   9]
 [ 10  93  29   1  21  23]
 [  0  12 157   8  18   6]
 [  6   7  47 112  31   8]
 [  1  11   4   5 132  26]
 [  2   1  22   2   9 117]]";150;[17 30 18 29 26 30]
523;CiteSeer;own;-1;0.2;64;0.5;1;0.005;1866817562;0.967948717948718;0.9671842162435165;"[[17  0  0  1  0  0]
 [ 0 31  0  0  1  0]
 [ 0  0 18  0  0  0]
 [ 0  1  1 29  0  0]
 [ 0  0  0  0 26  0]
 [ 0  0  1  0  0 30]]";0.7096774193548387;0.6688077316803938;"[[ 47  36  13  23  22  23]
 [  8 240  50   8  26  33]
 [  0  28 413  19   7   5]
 [  6  23  82 256  53  19]
 [  9  11   6   5 304  39]
 [  4   4  39   8  21 280]]";0.6303696303696303;0.5877352884758079;"[[ 15  17  10  12  18   8]
 [  9 105  30   3  13  17]
 [  0  19 151   9  16   6]
 [  6   8  46 116  27   8]
 [  3  11   5   6 126  28]
 [  3   1  21   2   8 118]]";156;[18 32 18 31 26 31]
524;CiteSeer;own;-1;0.2;64;0.5;1;0.005;1866817562;0.9506172839506173;0.9479404083570752;"[[17  0  0  1  0  0]
 [ 1 30  0  0  1  0]
 [ 0  1 19  0  1  0]
 [ 0  1  1 31  0  0]
 [ 0  0  0  0 26  0]
 [ 0  0  1  0  0 31]]";0.6899260628465804;0.6506568282656656;"[[ 50  27  19  18  27  23]
 [ 16 208  65   3  33  34]
 [  0  18 431  16  10   8]
 [  5  18 105 222  67  18]
 [  9   6   7   2 301  43]
 [  3   2  45   1  23 281]]";0.6283716283716284;0.5863635041604617;"[[ 17  12  11  12  20   8]
 [ 11  92  36   1  19  18]
 [  0   8 165   5  13  10]
 [  7   8  52 106  30   8]
 [  4   7   4   5 130  29]
 [  3   1  20   2   8 119]]";162;[18 32 21 33 26 32]
525;CiteSeer;own;-1;0.2;64;0.5;1;0.005;1866817562;0.9642857142857143;0.9627452326973588;"[[17  0  0  1  0  0]
 [ 0 32  0  0  1  0]
 [ 0  1 21  0  0  0]
 [ 0  1  0 34  0  0]
 [ 0  0  0  0 26  0]
 [ 1  0  1  0  0 32]]";0.7326227988878591;0.6844681357520405;"[[ 39  32  13  46   8  22]
 [  5 227  49  24  17  36]
 [  0  22 408  31   9   8]
 [  4  12  58 336  21  15]
 [  9  11   5  16 282  40]
 [  2   3  33  16  10 289]]";0.6583416583416584;0.6083570821683738;"[[ 14  15   8  23  13   7]
 [  6 101  28  14  11  17]
 [  0  12 160  11  10   8]
 [  5   6  35 147  11   7]
 [  3  10   5  12 118  31]
 [  3   1  19   4   7 119]]";168;[18 33 22 35 26 34]
526;CiteSeer;own;-1;0.2;64;0.5;1;0.005;1866817562;0.9655172413793104;0.9616798185634231;"[[17  1  0  1  0  0]
 [ 0 34  0  0  0  0]
 [ 0  1 22  0  0  0]
 [ 0  0  1 36  0  0]
 [ 0  0  0  0 26  0]
 [ 1  0  1  0  0 33]]";0.7286245353159851;0.6799322584230204;"[[ 38  42  21  28  10  20]
 [  6 225  65  10  17  32]
 [  0  20 423  18   7  10]
 [  6  17  70 309  29  15]
 [  8  13   4  10 291  34]
 [  2   3  47   9  11 282]]";0.6533466533466533;0.5981872392265964;"[[ 11  21  11  15  13   9]
 [  6 101  39   5   9  17]
 [  0   8 166   8  11   8]
 [  6   5  40 134  17   9]
 [  2   9   4  11 124  29]
 [  3   2  21   2   7 118]]";174;[19 34 23 37 26 35]
527;CiteSeer;own;-1;0.2;64;0.5;1;0.005;1866817562;0.9666666666666667;0.9640483862639909;"[[18  1  0  1  0  1]
 [ 0 35  0  0  0  0]
 [ 0  1 22  0  0  0]
 [ 0  1  0 38  0  0]
 [ 0  0  0  0 27  0]
 [ 0  0  1  0  0 34]]";0.744641192917055;0.6969025852694951;"[[ 40  36  10  38  13  21]
 [  6 232  46  23  15  32]
 [  0  29 392  35   5  10]
 [  4  12  49 350  21  14]
 [  9  14   4  15 289  28]
 [  1   4  28  15  11 295]]";0.6643356643356644;0.6119123541053656;"[[ 13  20   6  21  13   7]
 [  7 106  26  10  11  17]
 [  0  14 154  14  12   7]
 [  5   5  30 152  11   8]
 [  3  11   4  12 120  29]
 [  2   2  18   4   7 120]]";180;[21 35 23 39 27 35]
528;CiteSeer;own;-1;0.2;64;0.5;1;0.005;1866817562;0.978494623655914;0.9765181709935676;"[[21  0  0  1  0  0]
 [ 1 36  0  0  0  0]
 [ 0  1 23  0  0  0]
 [ 0  0  0 39  0  0]
 [ 0  0  0  0 28  0]
 [ 0  0  1  0  0 35]]";0.7313084112149533;0.6866098294792918;"[[ 42  36  12  35  15  17]
 [ 12 234  47  13  13  32]
 [  0  29 398  30   6   8]
 [  5  16  67 322  27  11]
 [  8  19   5  12 291  27]
 [  3   6  36  13  15 278]]";0.6513486513486514;0.6028667375639479;"[[ 14  19   6  19  15   7]
 [ 13 104  30   5   9  16]
 [  0  12 157  13  13   6]
 [  5   7  37 137  17   8]
 [  3  14   4  10 122  26]
 [  2   2  19   3   9 118]]";186;[22 37 24 39 28 36]
529;CiteSeer;own;-1;0.2;64;0.5;1;0.005;1866817562;0.9739583333333334;0.9719224331177406;"[[21  0  0  1  0  0]
 [ 1 38  0  0  0  0]
 [ 0  1 24  0  0  0]
 [ 0  0  0 41  0  0]
 [ 0  0  0  0 28  1]
 [ 0  0  1  0  0 35]]";0.7427366447985004;0.6914086496196638;"[[ 37  32  14  39  11  21]
 [  6 229  71  12  10  27]
 [  0  18 397  36   5   6]
 [  4  17  33 374  18  10]
 [  8  16   6  11 287  36]
 [  3   5  48  15  11 261]]";0.6653346653346653;0.6138258015032807;"[[ 14  19   6  21  14   6]
 [  8  99  38   6   9  17]
 [  0  11 157  16  11   6]
 [  5   5  24 157  13   7]
 [  3  11   4  12 122  27]
 [  2   2  21   5   6 117]]";192;[22 39 25 41 29 36]
530;CiteSeer;own;-1;0.2;64;0.5;1;0.005;1866817562;0.9646464646464646;0.961616417143742;"[[20  1  0  1  0  0]
 [ 1 40  0  0  0  0]
 [ 0  1 25  0  0  0]
 [ 0  0  1 41  0  0]
 [ 0  0  0  0 29  1]
 [ 0  0  1  0  0 36]]";0.7514097744360902;0.6965567226731659;"[[ 33  40  11  39   9  21]
 [  2 250  56  10   9  27]
 [  0  26 388  35   4   7]
 [  4  22  29 371  18  10]
 [  8  16   5  14 290  33]
 [  2   8  37  17  10 267]]";0.6823176823176823;0.6254214900081791;"[[ 12  22   4  22  13   7]
 [  6 111  32   6   7  15]
 [  0  12 155  15  12   7]
 [  5   7  17 162  13   7]
 [  3  13   3  12 124  24]
 [  2   2  19   5   6 119]]";198;[22 41 26 42 30 37]
531;CiteSeer;own;-1;0.2;64;0.5;1;0.005;1866817562;0.9607843137254902;0.9591817704173714;"[[22  0  0  1  0  0]
 [ 2 40  0  1  0  0]
 [ 0  0 27  0  0  1]
 [ 0  0  0 42  0  0]
 [ 0  0  0  0 29  1]
 [ 0  0  1  0  1 36]]";0.7422243166823751;0.685468914528751;"[[ 32  34  14  42   9  21]
 [  7 233  59  12   8  30]
 [  0  17 401  30   5  27]
 [  4  13  30 374  16  15]
 [  7  17   4  13 283  40]
 [  1   4  39  18  11 252]]";0.6753246753246753;0.6159855404094451;"[[ 11  21   5  23  14   6]
 [ 10 104  33   7   8  15]
 [  0   7 158  17  11   8]
 [  5   6  19 162  11   8]
 [  3  12   2  11 123  28]
 [  2   2  19   5   7 118]]";204;[23 43 28 42 30 38]
532;CiteSeer;own;-1;0.2;64;0.5;1;0.005;1866817562;0.9428571428571428;0.9395776553913833;"[[22  0  0  1  0  0]
 [ 3 40  0  1  0  0]
 [ 0  0 27  0  0  1]
 [ 0  0  1 43  1  0]
 [ 1  0  0  0 29  1]
 [ 0  0  1  0  1 37]]";0.7424385633270322;0.6909646422184282;"[[ 38  35  14  40   9  16]
 [ 12 233  59  12   8  26]
 [  0  14 403  28   5  23]
 [  5  16  32 373  15  13]
 [  7  21   4  14 283  33]
 [  2   8  44  19  11 241]]";0.6773226773226774;0.6228018165994599;"[[ 13  24   4  21  12   6]
 [ 12 105  33   6   7  14]
 [  0  11 158  15  11   6]
 [  7   7  21 158  11   7]
 [  4  12   2  11 127  23]
 [  2   2  20   5   7 117]]";210;[23 44 28 45 31 39]
533;CiteSeer;own;-1;0.2;64;0.5;1;0.005;1866817562;0.9490740740740741;0.9455092813788467;"[[21  1  0  1  0  0]
 [ 1 44  0  0  0  0]
 [ 0  0 28  1  0  1]
 [ 1  0  1 43  1  0]
 [ 0  0  0  0 31  1]
 [ 0  0  1  0  1 38]]";0.7459715639810427;0.692807710726219;"[[ 35  35  14  43   8  16]
 [ 10 234  59  13   7  26]
 [  0  13 396  38   3  21]
 [  4  11  32 379  15  12]
 [  5  16   4  15 290  31]
 [  2   6  44  23  10 240]]";0.6723276723276723;0.6134462105860122;"[[ 11  24   6  21  12   6]
 [ 11 100  33   9  10  14]
 [  0  11 157  16  11   6]
 [  6   5  19 163  11   7]
 [  4  11   2  13 127  22]
 [  2   1  22   6   7 115]]";216;[23 45 30 46 32 40]
534;CiteSeer;own;-1;0.2;64;0.5;1;0.005;1866817562;0.963963963963964;0.9611162683549362;"[[22  1  0  1  0  0]
 [ 1 46  0  0  0  0]
 [ 0  0 31  0  0  0]
 [ 0  0  1 45  0  0]
 [ 0  0  0  0 32  1]
 [ 0  0  2  0  1 38]]";0.7419201520912547;0.6857158388550989;"[[ 32  35  16  42   9  17]
 [  6 231  65  10   6  30]
 [  0  14 408  31   3  14]
 [  4  14  34 374  13  14]
 [  5  24   7  14 274  34]
 [  2   5  50  17   8 242]]";0.6663336663336663;0.6083004126101623;"[[ 11  24   9  21  11   4]
 [ 10 103  38   6   5  15]
 [  0   9 161  15  10   6]
 [  5   5  21 159  12   9]
 [  3  13   2  11 123  27]
 [  2   2  28   5   6 110]]";222;[24 47 31 46 33 41]
535;CiteSeer;own;-1;0.2;64;0.5;1;0.005;1866817562;0.9517543859649122;0.9478780539580166;"[[22  1  0  1  0  0]
 [ 2 46  1  0  0  0]
 [ 0  0 29  2  0  0]
 [ 1  0  1 46  0  0]
 [ 0  0  0  0 34  1]
 [ 0  0  0  0  1 40]]";0.7449952335557674;0.6919329763937858;"[[ 34  38   8  35  14  19]
 [  7 253  43   8  13  37]
 [  1  32 368  37   2  19]
 [  5  22  19 370  19  15]
 [  5  23   4  12 283  29]
 [  2   5  35  17  10 255]]";0.6683316683316683;0.6176592256869633;"[[ 14  26   3  20  10   7]
 [  8 116  22   6   5  20]
 [  0  22 140  20  12   7]
 [  6   8  13 160  15   9]
 [  3  14   2  12 123  25]
 [  2   3  21   2   9 116]]";228;[24 49 31 48 35 41]
536;CiteSeer;own;-1;0.2;64;0.5;1;0.005;1866817562;0.9529914529914529;0.9493998592469418;"[[22  2  0  1  0  0]
 [ 1 48  2  0  0  0]
 [ 0  0 30  0  0  1]
 [ 0  0  2 46  0  0]
 [ 0  0  0  0 35  2]
 [ 0  0  0  0  0 42]]";0.7380497131931166;0.6826849995315926;"[[ 29  47  10  34  11  17]
 [  4 269  44   6   7  34]
 [  1  46 353  34   2  15]
 [  2  29  24 370  10  16]
 [  5  27   4  14 264  39]
 [  1  10  33  16   6 259]]";0.6643356643356644;0.6123431144557693;"[[ 13  30   4  19   9   5]
 [  7 120  21   5   4  20]
 [  0  27 139  16  10   9]
 [  4  11  13 162  12   9]
 [  3  17   2  12 117  28]
 [  2   4  24   2   7 114]]";234;[25 51 31 48 37 42]
537;CiteSeer;own;-1;0.2;64;0.5;1;0.005;1866817562;0.9541666666666667;0.9518026850379792;"[[23  2  0  1  0  0]
 [ 1 48  1  1  0  0]
 [ 0  1 31  1  0  0]
 [ 0  0  1 48  0  0]
 [ 0  0  0  0 36  2]
 [ 0  0  0  0  0 43]]";0.738255033557047;0.6852790076861678;"[[ 33  35   9  38  13  19]
 [  6 245  41  12  16  44]
 [  0  40 353  44   3  11]
 [  2  11  26 384  14  11]
 [  5  19   4  15 274  35]
 [  2   8  34  18  11 251]]";0.6523476523476524;0.5998804693636883;"[[ 13  23   4  22  12   6]
 [  8 102  25  11   8  23]
 [  0  22 138  22  11   8]
 [  3   8  13 167  11   9]
 [  3  14   2  13 122  25]
 [  2   4  23   4   9 111]]";240;[26 51 33 49 38 43]
538;CiteSeer;own;-1;0.2;64;0.5;1;0.005;1866817562;0.9552845528455285;0.9526728199697388;"[[23  1  0  1  1  0]
 [ 0 52  1  0  0  0]
 [ 0  1 32  1  0  0]
 [ 0  0  1 49  1  0]
 [ 0  1  0  0 36  2]
 [ 0  0  0  0  0 43]]";0.7346153846153847;0.6792568290479162;"[[ 28  46   9  32  12  17]
 [  3 272  37   9  11  31]
 [  0  55 338  44   3  11]
 [  2  26  24 370  16  10]
 [  5  25   4  12 273  33]
 [  2  12  35  16  10 247]]";0.6683316683316683;0.6160347631979507;"[[ 13  29   3  19  11   5]
 [  4 122  22   6   6  17]
 [  0  31 131  18  12   9]
 [  1  11  10 169  12   8]
 [  3  15   2  13 122  24]
 [  2   5  23   2   9 112]]";246;[26 53 34 51 39 43]
539;CiteSeer;own;-1;0.2;64;0.5;1;0.005;1866817562;0.9603174603174603;0.9562139672537225;"[[23  2  0  1  0  0]
 [ 0 52  1  0  0  0]
 [ 1  1 33  1  0  0]
 [ 0  0  0 53  0  0]
 [ 0  1  0  0 37  2]
 [ 0  0  0  0  0 44]]";0.7439729990356798;0.6824672825184798;"[[ 25  35  11  39  11  20]
 [  5 252  44  18  10  30]
 [  1  33 353  46   4  14]
 [  1  14  24 385   9  16]
 [  5  21   4  15 277  34]
 [  1   5  34  17  10 251]]";0.6703296703296703;0.6142557315747699;"[[ 12  22   4  25   9   8]
 [  6 109  25  12   6  19]
 [  0  22 139  20  12   8]
 [  1   6  15 174   4  11]
 [  3  14   2  13 124  23]
 [  2   3  22   4   9 113]]";252;[26 53 36 53 40 44]
540;CiteSeer;own;-1;0.2;64;0.5;1;0.005;1866817562;0.9689922480620154;0.9661730883428997;"[[25  2  0  0  0  0]
 [ 0 53  1  0  0  0]
 [ 1  0 36  0  0  0]
 [ 0  0  0 54  0  0]
 [ 0  1  0  0 38  3]
 [ 0  0  0  0  0 44]]";0.7446808510638298;0.6825155221619688;"[[ 24  44  12  36   9  16]
 [  4 267  38   9  10  25]
 [  1  43 353  43   5   9]
 [  3  25  26 374  14   8]
 [  5  23   4  13 283  27]
 [  2  12  36  14  12 239]]";0.6783216783216783;0.6208508868375492;"[[ 11  29   5  21   9   5]
 [  5 121  23   7   5  16]
 [  0  25 137  19  14   6]
 [  1   8  16 170  10   6]
 [  3  16   2  12 130  16]
 [  2   4  25   2  10 110]]";258;[27 54 37 54 42 44]
541;CiteSeer;own;-1;0.2;64;0.5;1;0.005;1866817562;0.9621212121212122;0.959416757110784;"[[26  2  0  0  0  0]
 [ 0 54  1  0  0  0]
 [ 1  0 37  0  0  0]
 [ 1  0  1 52  1  0]
 [ 0  1  0  0 40  2]
 [ 0  0  0  0  0 45]]";0.7424830261881669;0.6817603237147809;"[[ 25  38  12  37  13  16]
 [  5 255  38  15   9  27]
 [  1  43 351  43   4  13]
 [  3  22  26 374  13  11]
 [  6  20   4  15 277  32]
 [  2   5  34  16   8 249]]";0.6673326673326674;0.6151414369227405;"[[ 13  23   6  22  11   5]
 [  6 113  23  11   6  18]
 [  0  23 138  20  12   8]
 [  3   7  19 167   8   7]
 [  3  16   2  12 124  22]
 [  2   2  25   4   7 113]]";264;[28 55 38 55 43 45]
542;CiteSeer;own;-1;0.2;64;0.5;1;0.005;1866817562;0.9592592592592593;0.955051893308144;"[[26  2  0  0  1  0]
 [ 0 54  2  0  0  0]
 [ 1  0 37  0  0  0]
 [ 1  0  1 56  0  0]
 [ 0  1  0  0 40  2]
 [ 0  0  0  0  0 46]]";0.7412451361867705;0.6749926274565085;"[[ 21  40  11  36  12  21]
 [  4 257  41  11  10  30]
 [  1  49 344  40   3  13]
 [  3  20  23 378   8  13]
 [  6  21   4  15 274  34]
 [  2   3  35  13  10 250]]";0.6623376623376623;0.6081101878261348;"[[ 12  23   5  22  11   7]
 [  5 115  23   9   6  19]
 [  0  29 133  18  13   8]
 [  3   9  16 169   5   9]
 [  3  16   2  12 123  23]
 [  2   2  26   3   9 111]]";270;[29 56 38 58 43 46]
543;CiteSeer;own;-1;0.2;64;0.5;1;0.005;1866817562;0.9637681159420289;0.9596496201104839;"[[27  1  0  1  1  0]
 [ 1 55  1  0  0  0]
 [ 1  0 38  0  0  0]
 [ 0  0  1 58  0  0]
 [ 0  1  0  0 41  2]
 [ 0  0  0  0  0 47]]";0.7458536585365854;0.6777856097193103;"[[ 20  42   9  33  18  18]
 [  3 260  38  12  11  28]
 [  1  45 349  40   3  12]
 [  1  18  26 376  11  12]
 [  5  22   5  14 280  27]
 [  2   3  39  12  11 244]]";0.6653346653346653;0.6109692723148507;"[[ 12  26   6  21  10   5]
 [  5 114  20  12   8  18]
 [  0  29 133  18  14   7]
 [  1   9  14 169   9   9]
 [  3  14   2  13 126  21]
 [  2   1  25   3  10 112]]";276;[30 57 39 59 44 47]
544;CiteSeer;own;-1;0.2;64;0.5;1;0.005;1866817562;0.9574468085106383;0.9546861082631647;"[[30  2  0  1  0  0]
 [ 1 55  2  0  0  0]
 [ 1  1 37  0  0  0]
 [ 0  0  1 58  0  0]
 [ 0  1  0  0 42  2]
 [ 0  0  0  0  0 48]]";0.7451076320939335;0.685497489904578;"[[ 26  42   7  31  13  18]
 [  6 257  42  11  10  28]
 [  1  43 344  39   3  19]
 [  1  23  23 374  11  11]
 [  5  23   4  14 278  31]
 [  2   3  32  15  10 244]]";0.6653346653346653;0.6140632399059229;"[[ 13  27   6  21   8   5]
 [  8 116  22   9   5  17]
 [  0  28 132  19  14   8]
 [  1   8  19 166   9   8]
 [  3  16   2  13 126  19]
 [  2   2  24   3   9 113]]";282;[33 58 39 59 45 48]
545;CiteSeer;own;-1;0.2;64;0.5;1;0.005;1866817562;0.9618055555555556;0.9577588793091069;"[[30  1  0  2  0  0]
 [ 1 57  1  0  0  0]
 [ 1  0 37  1  0  1]
 [ 0  0  0 60  0  0]
 [ 1  1  0  0 44  1]
 [ 0  0  0  0  0 49]]";0.7477919528949951;0.6830172193664755;"[[ 22  40   8  35  14  17]
 [  6 250  43  12  10  29]
 [  1  40 340  48   5  16]
 [  1  20  22 380  10  12]
 [  5  22   4  16 279  28]
 [  1   1  24  15   9 253]]";0.6673326673326674;0.6147788237611466;"[[ 13  24   5  22  10   6]
 [  9 111  22  11   6  18]
 [  0  28 133  19  15   6]
 [  1   8  14 169   9  10]
 [  3  15   1  13 126  21]
 [  2   0  23   4   8 116]]";288;[33 59 40 60 47 49]
546;CiteSeer;own;-1;0.2;64;0.5;1;0.005;1866817562;0.9659863945578231;0.9614696463380675;"[[30  1  0  2  1  0]
 [ 1 58  0  0  0  0]
 [ 1  0 39  1  0  0]
 [ 1  0  0 61  0  0]
 [ 1  1  0  0 46  0]
 [ 0  0  0  0  0 50]]";0.7455708661417323;0.6773147073151415;"[[ 19  42  10  33  15  15]
 [  6 254  44  10   7  27]
 [  1  49 336  46   3  14]
 [  2  25  20 380   9  10]
 [  5  22   4  14 281  26]
 [  2   5  30  12   9 245]]";0.6703296703296703;0.613589083127065;"[[ 11  27   5  22   8   7]
 [  8 117  23   8   6  15]
 [  0  30 132  19  13   7]
 [  1  11  14 171   7   7]
 [  3  15   1  13 126  21]
 [  2   2  23   3   9 114]]";294;[34 59 41 62 48 50]
547;CiteSeer;own;-1;0.2;64;0.5;1;0.005;1866817562;0.9633333333333334;0.9615068405795283;"[[32  1  0  1  1  0]
 [ 1 59  0  0  0  1]
 [ 1  0 40  1  0  0]
 [ 1  1  0 60  1  0]
 [ 0  1  0  0 48  0]
 [ 0  0  0  0  0 50]]";0.7433366238894373;0.6801329320535207;"[[ 22  39  13  33  15  14]
 [  6 254  39  10   9  27]
 [  1  52 330  43   4  15]
 [  3  27  24 372  13  10]
 [  3  22   4  12 289  20]
 [  2   5  34  11  10 239]]";0.6683316683316683;0.6170113853922304;"[[ 13  24   6  21  11   5]
 [  9 117  22   9   8  12]
 [  0  35 128  18  15   5]
 [  2  11  14 169   9   6]
 [  3  15   2  13 128  18]
 [  2   3  23   2   9 114]]";300;[35 61 42 63 49 50]
548;CiteSeer;own;-1;0.2;64;0.5;1;0.005;1866817562;0.9640522875816994;0.9616485485840324;"[[33  1  0  1  0  0]
 [ 1 59  1  1  0  0]
 [ 2  1 40  0  0  0]
 [ 1  0  0 63  1  0]
 [ 0  1  0  0 49  0]
 [ 0  0  0  0  0 51]]";0.7485148514851485;0.6878863496547133;"[[ 24  38  12  34  14  14]
 [  7 258  38  10   9  22]
 [  2  51 330  44   5  12]
 [  1  23  26 375  14   9]
 [  3  22   4  13 288  18]
 [  1   4  33  14  11 237]]";0.6653346653346653;0.6075451144562641;"[[ 10  25   5  21  12   7]
 [  8 116  22  12   8  11]
 [  0  28 131  21  16   5]
 [  1  10  21 170   4   5]
 [  3  15   2  13 127  19]
 [  2   3  24   3   9 112]]";306;[35 62 43 65 50 51]
549;CiteSeer;own;-1;0.2;64;0.5;1;0.005;1866817562;0.9647435897435898;0.9626147652326368;"[[34  1  0  1  0  0]
 [ 1 60  1  1  0  0]
 [ 2  0 42  1  0  0]
 [ 1  0  0 63  1  0]
 [ 0  1  0  0 50  0]
 [ 0  0  0  0  0 52]]";0.7571996027805362;0.6992310860929248;"[[ 28  33  11  36   9  18]
 [  9 248  42  11  10  23]
 [  3  31 347  46   5  14]
 [  2  20  24 379  11  10]
 [  5  22   4  14 275  25]
 [  1   2  27  11  10 248]]";0.6813186813186813;0.6249272996388257;"[[ 12  24   5  23  10   6]
 [ 10 113  21  14   6  13]
 [  0  19 140  21  15   6]
 [  1   8  18 175   3   6]
 [  4  14   2  12 126  21]
 [  2   4  22   2   7 116]]";312;[36 63 45 65 51 52]
550;CiteSeer;own;-1;0.2;64;0.5;1;0.005;1866817562;0.9654088050314465;0.9629250867981897;"[[33  1  1  2  0  0]
 [ 1 61  1  1  0  0]
 [ 1  0 44  1  0  0]
 [ 0  0  0 65  1  0]
 [ 0  1  0  0 51  0]
 [ 0  0  0  0  0 53]]";0.7579681274900398;0.6964104775681422;"[[ 24  35  10  36   9  18]
 [  4 249  42  11  10  25]
 [  1  41 340  48   5  12]
 [  1  21  20 383   9   9]
 [  4  22   4  16 274  24]
 [  1   3  25  14   6 252]]";0.6813186813186813;0.619030273524022;"[[  9  27   5  23  10   6]
 [  8 117  21  14   4  13]
 [  0  19 137  24  14   7]
 [  1  11  16 175   3   5]
 [  3  15   2  14 126  19]
 [  2   4  19   2   8 118]]";318;[37 64 46 66 52 53]
551;CiteSeer;own;-1;0.2;64;0.5;1;0.005;1866817562;0.9567901234567902;0.9526572202516719;"[[34  1  1  1  1  0]
 [ 1 63  0  0  0  0]
 [ 1  0 44  3  0  0]
 [ 2  0  0 65  0  0]
 [ 0  1  0  0 52  0]
 [ 0  0  2  0  0 52]]";0.7567432567432567;0.6943524620441931;"[[ 23  36   9  29  18  13]
 [  6 246  45   9  11  20]
 [  1  44 343  47   7   8]
 [  2  25  23 374   9   7]
 [  4  22   4  14 288  15]
 [  1   7  29  12  10 241]]";0.6783216783216783;0.6240512825659456;"[[ 12  24   7  20  12   5]
 [  9 120  20  11   6  11]
 [  0  24 137  20  15   5]
 [  3  14  14 167   9   4]
 [  3  15   2  13 130  16]
 [  2   3  25   2   8 113]]";324;[38 64 48 67 53 54]
552;CiteSeer;own;-1;0.2;64;0.5;1;0.005;1866817562;0.9606060606060606;0.9575164858370795;"[[35  2  1  1  0  0]
 [ 1 63  0  0  0  0]
 [ 1  0 47  1  0  0]
 [ 2  0  0 66  0  0]
 [ 0  2  0  1 51  1]
 [ 0  0  0  0  0 55]]";0.7575150300601202;0.6901028615534015;"[[ 21  33  12  33  12  16]
 [  9 225  56  10  12  25]
 [  1  33 358  41   4  13]
 [  2  13  28 379   7  10]
 [  4  18   5  14 283  22]
 [  1   2  26  14   8 246]]";0.6743256743256744;0.6203581349142133;"[[ 13  21   6  21  11   8]
 [ 10 106  25  12   8  16]
 [  0  20 142  17  14   8]
 [  3   9  17 170   7   5]
 [  3  15   2  13 128  18]
 [  2   2  23   2   8 116]]";330;[39 64 49 68 55 55]
553;CiteSeer;own;-1;0.2;64;0.5;1;0.005;1866817562;0.9583333333333334;0.955365795853618;"[[35  1  1  1  0  2]
 [ 0 64  0  0  0  0]
 [ 1  0 48  0  0  0]
 [ 1  1  2 66  0  0]
 [ 0  2  0  1 53  0]
 [ 0  0  1  0  0 56]]";0.7658291457286432;0.6972717575989679;"[[ 20  33  11  32  12  18]
 [  7 242  40  11   9  26]
 [  1  45 352  27   6  16]
 [  2  20  32 370   7   7]
 [  4  14   5  12 292  18]
 [  0   3  26  13   9 248]]";0.6753246753246753;0.6159349565071577;"[[ 10  24   7  21  10   8]
 [  7 112  25  12   4  17]
 [  0  25 141  14  13   8]
 [  3  11  17 167   7   6]
 [  2  15   4  11 129  18]
 [  1   3  21   2   9 117]]";336;[40 64 49 70 56 57]
554;CiteSeer;own;-1;0.2;64;0.5;1;0.005;1866817562;0.9502923976608187;0.9485502089779363;"[[36  1  1  2  0  0]
 [ 0 65  0  1  0  0]
 [ 1  0 47  1  0  1]
 [ 2  1  1 66  1  0]
 [ 0  2  0  1 55  0]
 [ 0  0  1  0  0 56]]";0.766633064516129;0.698211389718914;"[[ 21  30  12  34  14  12]
 [  7 250  32  14   8  24]
 [  1  38 358  33   9   9]
 [  1  17  29 375   8   5]
 [  4  15   5  15 305  12]
 [  1   7  34  19  14 212]]";0.6853146853146853;0.6293606750550612;"[[ 12  23   7  21  11   6]
 [  7 119  21  16   3  11]
 [  0  23 142  18  14   4]
 [  3  11  15 172   7   3]
 [  2  15   4  11 133  14]
 [  2   5  22   3  13 108]]";342;[40 66 50 71 58 57]
555;CiteSeer;own;-1;0.2;64;0.5;1;0.005;1866817562;0.9482758620689655;0.9449946552549018;"[[36  1  2  1  1  0]
 [ 2 63  1  1  0  0]
 [ 1  0 51  0  0  0]
 [ 2  1  1 67  1  0]
 [ 0  2  0  0 56  0]
 [ 0  0  1  0  0 57]]";0.7654196157735086;0.6958061476827601;"[[ 20  31  12  26  12  20]
 [  7 230  52  11   7  28]
 [  1  22 378  25   3  19]
 [  1  11  43 362   7  11]
 [  4  19   5  14 287  22]
 [  1   1  29  10  10 237]]";0.6733266733266733;0.619702392514053;"[[ 13  23   7  19  10   8]
 [  7 108  29   8   4  21]
 [  0  16 151  12  13   9]
 [  3   7  27 165   4   5]
 [  3  14   4  10 124  24]
 [  2   1  26   2   9 113]]";348;[41 67 52 72 58 58]
556;CiteSeer;own;-1;0.2;64;0.5;1;0.005;1866817562;0.9519774011299436;0.9493699063108801;"[[38  0  1  1  1  0]
 [ 2 63  1  1  0  0]
 [ 1  0 52  1  0  0]
 [ 2  1  1 69  0  0]
 [ 1  2  0  0 57  0]
 [ 0  0  1  0  0 58]]";0.77079107505071;0.6995379101809392;"[[ 19  33   7  34  13  15]
 [  9 232  36  16  10  27]
 [  1  27 354  37   5  12]
 [  1  15  27 376   7   9]
 [  3  19   3  19 291  13]
 [  1   0  26  17  10 248]]";0.6813186813186813;0.620936649662923;"[[ 11  26   4  19  12   8]
 [  8 106  19  18   6  20]
 [  0  23 141  16  13   8]
 [  2   7  12 178   5   7]
 [  3  14   1  13 130  18]
 [  2   1  20   3  11 116]]";354;[41 67 54 73 60 59]
557;CiteSeer;own;-1;0.2;64;0.5;1;0.005;1866817562;0.9472222222222222;0.9446576160552449;"[[39  0  2  1  1  0]
 [ 2 64  1  1  0  0]
 [ 1  0 52  1  0  0]
 [ 0  1  1 71  0  0]
 [ 1  2  0  1 57  0]
 [ 0  0  2  0  1 58]]";0.7736520854526958;0.699198731016022;"[[ 17  36  10  31  12  13]
 [  9 229  45  12   7  27]
 [  1  25 365  31   4   9]
 [  1  19  31 370   8   6]
 [  4  19   6  17 291  10]
 [  1   0  26  15  10 249]]";0.6823176823176823;0.623770545591948;"[[ 11  24   9  20  11   5]
 [  9 112  25  11   3  17]
 [  0  18 148  16  11   8]
 [  2  10  19 170   5   5]
 [  3  16   4  11 128  17]
 [  2   1  23   2  11 114]]";360;[43 68 54 73 61 61]
558;CiteSeer;own;-1;0.2;64;0.5;1;0.005;1866817562;0.9426229508196722;0.9385737986325785;"[[38  1  3  1  0  0]
 [ 1 65  1  2  0  0]
 [ 1  0 53  1  0  0]
 [ 1  0  1 72  0  0]
 [ 2  2  0  1 57  0]
 [ 1  0  2  0  0 60]]";0.7698979591836734;0.6987072414342484;"[[ 20  28   6  28  15  23]
 [  9 220  43  13   8  35]
 [  1  23 360  31   3  16]
 [  2  15  29 370   6  10]
 [  4  14   5  15 289  19]
 [  1   0  25  13  11 250]]";0.6813186813186813;0.6252663727159872;"[[ 13  21   7  20  11   8]
 [  9 103  24  13   5  23]
 [  0  17 147  16  11  10]
 [  3   8  13 171   7   9]
 [  3  13   3  11 129  20]
 [  2   0  20   2  10 119]]";366;[43 69 55 74 62 63]
559;CiteSeer;own;-1;0.2;64;0.5;1;0.005;1866817562;0.9543010752688172;0.951208875682048;"[[39  1  2  1  0  0]
 [ 1 67  1  1  0  0]
 [ 1  0 54  1  0  0]
 [ 0  1  1 73  0  0]
 [ 1  2  0  0 61  0]
 [ 1  0  2  0  0 61]]";0.7697031729785057;0.6971141375862415;"[[ 18  35   7  29  16  14]
 [  8 229  44  11  12  25]
 [  1  24 351  39   3  14]
 [  1  16  27 368  10   8]
 [  3  15   4  13 294  16]
 [  1   0  31  12  11 244]]";0.6763236763236763;0.6157699722183215;"[[ 10  25   5  20  13   7]
 [  8 110  24  12   6  17]
 [  0  22 142  18  12   7]
 [  2  10  15 169   9   6]
 [  3  12   3  11 131  19]
 [  2   1  21   3  11 115]]";372;[43 70 56 75 64 64]
560;CiteSeer;own;-1;0.2;64;0.5;1;0.005;1866817562;0.9417989417989417;0.9368786589354282;"[[37  1  2  1  1  1]
 [ 1 69  1  1  1  0]
 [ 1  0 54  1  0  0]
 [ 0  1  2 73  0  0]
 [ 2  2  0  0 61  0]
 [ 1  0  2  0  0 62]]";0.7731006160164271;0.6996900752310538;"[[ 17  34   5  27  16  17]
 [  5 236  36  17   9  27]
 [  1  29 342  41   3  14]
 [  0  16  26 370   8   8]
 [  4  20   4  14 290  13]
 [  1   0  24  14   9 251]]";0.6733266733266733;0.61119177061188;"[[  9  27   4  20  13   7]
 [  7 109  22  14   6  19]
 [  0  26 136  19  12   8]
 [  2  10  16 170   8   5]
 [  1  15   2  11 131  19]
 [  2   1  17   4  10 119]]";378;[43 73 56 76 65 65]
561;CiteSeer;own;-1;0.2;64;0.5;1;0.005;1866817562;0.9505208333333334;0.9464722594861018;"[[39  1  1  2  1  0]
 [ 1 71  1  1  0  0]
 [ 1  0 55  1  0  0]
 [ 0  0  2 75  0  0]
 [ 2  3  0  0 61  0]
 [ 1  0  1  0  0 64]]";0.7796086508753862;0.7048623078607577;"[[ 17  37   7  28  12  14]
 [  6 238  32  19   7  27]
 [  1  22 360  38   2  10]
 [  1  13  27 370   7   7]
 [  5  22   2  16 283  14]
 [  2   0  24  17   9 246]]";0.6783216783216783;0.6150545614906132;"[[  9  30   5  19  10   7]
 [  6 110  23  14   6  18]
 [  0  19 143  20  11   8]
 [  3   7  16 173   7   5]
 [  1  16   3  12 128  19]
 [  3   1  20   4   9 116]]";384;[44 74 57 77 66 66]
562;CiteSeer;own;-1;0.2;64;0.5;1;0.005;1866817562;0.9461538461538461;0.9406482437358231;"[[37  2  1  2  2  0]
 [ 2 72  1  1  0  0]
 [ 1  0 56  1  0  0]
 [ 0  0  2 76  0  0]
 [ 2  3  0  0 62  0]
 [ 0  0  1  0  0 66]]";0.7747933884297521;0.6966390478383234;"[[ 15  38   7  23  12  19]
 [  4 241  35   9   9  30]
 [  1  25 359  29   3  15]
 [  1  19  30 358   8   8]
 [  6  21   2  12 278  22]
 [  3   2  26   9   8 249]]";0.6793206793206793;0.6211645643353693;"[[ 11  30   5  16  10   8]
 [  6 113  24  10   4  20]
 [  0  20 145  16  10  10]
 [  3   9  18 167   8   6]
 [  1  16   3  12 127  20]
 [  3   1  21   3   8 117]]";390;[44 76 58 78 67 67]
563;CiteSeer;own;-1;0.2;64;0.5;1;0.005;1866817562;0.946969696969697;0.94311459262159;"[[40  2  0  2  1  0]
 [ 1 74  1  0  0  0]
 [ 2  0 56  1  0  0]
 [ 0  1  2 77  0  0]
 [ 2  3  0  0 64  0]
 [ 0  0  2  0  1 64]]";0.777720207253886;0.6984899672155512;"[[ 14  36   7  31  14  11]
 [  4 240  33  19   9  22]
 [  3  24 350  39   3  11]
 [  2  13  27 365   9   5]
 [  6  15   2  15 291  14]
 [  2   1  25  13  14 241]]";0.6863136863136863;0.6271887028080546;"[[ 11  25   5  21  12   6]
 [  6 113  21  17   5  15]
 [  0  20 143  21  11   6]
 [  3   6  15 173  10   4]
 [  3  13   1  12 133  17]
 [  3   0  21   4  11 114]]";396;[45 76 59 80 69 67]
564;CiteSeer;own;-1;0.2;64;0.5;1;0.005;1866817562;0.9527363184079602;0.9494558755546897;"[[40  3  0  3  0  0]
 [ 0 77  1  1  0  0]
 [ 1  0 57  1  0  0]
 [ 0  0  2 78  0  0]
 [ 2  3  0  0 65  0]
 [ 0  0  2  0  0 66]]";0.7775467775467776;0.696265142162981;"[[ 13  38   7  24  12  18]
 [  3 247  30  11   7  30]
 [  3  28 344  30   3  18]
 [  1  13  28 360   8  11]
 [  6  21   2  13 282  17]
 [  1   2  25   9   9 250]]";0.6903096903096904;0.6330619798119613;"[[ 12  27   5  18   8  10]
 [  7 118  21   9   3  19]
 [  0  23 142  17  10   9]
 [  2   8  18 172   6   5]
 [  3  16   1  12 128  19]
 [  2   1  17   3  11 119]]";402;[46 79 59 80 70 68]
565;CiteSeer;own;-1;0.2;64;0.5;1;0.005;1866817562;0.9558823529411765;0.9540802325033345;"[[43  2  0  1  0  0]
 [ 0 79  1  1  0  0]
 [ 1  0 59  1  0  0]
 [ 0  0  2 78  0  0]
 [ 2  3  0  0 66  1]
 [ 0  0  3  0  0 65]]";0.7773722627737226;0.6984245194802412;"[[ 14  36   8  27  14  12]
 [  3 250  32  10   8  22]
 [  5  33 343  30   3  12]
 [  1  15  28 359  11   6]
 [  6  19   2  12 287  14]
 [  1   3  29  11  14 238]]";0.6843156843156843;0.6264714989330277;"[[ 11  29   4  17  11   8]
 [  7 118  24  10   4  14]
 [  0  26 137  20  12   6]
 [  2   8  17 170   9   5]
 [  3  15   3  10 131  17]
 [  2   2  17   3  11 118]]";408;[46 81 61 80 72 68]
566;CiteSeer;own;-1;0.2;64;0.5;1;0.005;1866817562;0.9589371980676329;0.95569868162542;"[[41  2  0  2  0  1]
 [ 1 79  1  0  1  0]
 [ 1  0 60  1  0  0]
 [ 0  1  2 78  0  0]
 [ 2  2  0  0 70  0]
 [ 0  0  0  0  0 69]]";0.7777196652719666;0.6984119473935143;"[[ 14  32   7  24  18  15]
 [  1 244  28  10   8  33]
 [  2  33 339  27   4  20]
 [  1  14  25 352  14  13]
 [  2  15   2  10 293  17]
 [  2   2  23  10  13 245]]";0.6813186813186813;0.6184170099487591;"[[  9  28   4  16  14   9]
 [  6 116  22   9   6  18]
 [  0  26 135  19  11  10]
 [  2   9  14 168  10   8]
 [  3  12   1  12 133  18]
 [  3   0  17   3   9 121]]";414;[46 82 62 81 74 69]
567;CiteSeer;own;-1;0.2;64;0.5;1;0.005;1866817562;0.9523809523809523;0.9490093357173438;"[[41  2  0  2  1  0]
 [ 2 80  1  0  1  0]
 [ 1  0 61  1  0  0]
 [ 0  1  2 78  1  0]
 [ 2  2  0  0 71  0]
 [ 0  0  1  0  0 69]]";0.7812172088142707;0.6986302865446579;"[[ 12  33  10  28  12  13]
 [  2 248  32  11   7  24]
 [  4  30 341  29   3  17]
 [  1  15  30 358   6   8]
 [  4  15   2  14 288  15]
 [  3   2  26  10  11 242]]";0.6843156843156843;0.6242413901134389;"[[ 10  27   5  18  12   8]
 [  6 119  24  11   4  13]
 [  0  25 138  20  10   8]
 [  1  10  18 170   6   6]
 [  3  14   2  12 131  17]
 [  3   1  19   3  10 117]]";420;[46 84 63 82 75 70]
568;CiteSeer;own;-1;0.2;64;0.5;1;0.005;503786444;0.0;0.0;[[]];0.1930352536543422;0.15232239524984323;"[[  9  90  36   8  18  23]
 [ 17 238  60  11  47  40]
 [ 11 213  82  20 113  28]
 [ 33 233  46  10  30 138]
 [  8 195  95  17  53  49]
 [ 14 169  48  13  54  57]]";0.18581418581418582;0.1389264059369423;"[[  2  40  11   1   9  17]
 [  4 110  30   3  16  14]
 [ 16  88  23   6  53  15]
 [ 10 115  22   7  17  40]
 [  6  89  37   6  24  17]
 [  3  77  15   6  32  20]]";0;[]
569;CiteSeer;own;-1;0.2;64;0.5;1;0.005;503786444;1.0;1.0;"[[1 0 0 0 0 0]
 [0 1 0 0 0 0]
 [0 0 1 0 0 0]
 [0 0 0 1 0 0]
 [0 0 0 0 1 0]
 [0 0 0 0 0 1]]";0.4314655172413793;0.2718668130937943;"[[  2  41  70   0  59   0]
 [  0 144 183   0  85   0]
 [  0  25 470   0   6   0]
 [  0  30 387   3  53   0]
 [  0  12  39   0 381   0]
 [  0 155 105   0  69   1]]";0.3926073926073926;0.2456919585091629;"[[  0  20  21   1  38   0]
 [  0  55  79   0  43   0]
 [  0  18 176   0   7   0]
 [  0  15 165   1  30   0]
 [  0   3  15   0 161   0]
 [  0  91  38   0  24   0]]";6;[1 1 1 1 1 1]
570;CiteSeer;own;-1;0.2;64;0.5;1;0.005;503786444;0.6666666666666666;0.7341269841269842;"[[2 0 1 0 2 0]
 [0 1 0 0 0 0]
 [0 0 1 0 0 0]
 [0 0 1 1 0 0]
 [0 0 0 0 2 0]
 [0 0 0 0 0 1]]";0.4118409680207433;0.25942944064211465;"[[  1  27  96   0  62   0]
 [  0 119 220   0  67   0]
 [  0  21 473   0   5   0]
 [  0  17 417   3  45   0]
 [  0   8  51   0 356   0]
 [  0 140 118   0  67   1]]";0.3836163836163836;0.23826715389482492;"[[  0  13  31   1  35   0]
 [  0  42  99   0  36   0]
 [  0  14 181   0   6   0]
 [  0  13 179   1  18   0]
 [  0   3  16   0 160   0]
 [  0  74  51   0  28   0]]";12;[5 1 1 2 2 1]
571;CiteSeer;own;-1;0.2;64;0.5;1;0.005;503786444;0.8333333333333334;0.8442460317460317;"[[7 0 0 0 0 0]
 [0 1 0 0 0 0]
 [0 0 1 0 0 0]
 [1 0 0 2 1 0]
 [0 0 0 0 3 0]
 [1 0 0 0 0 1]]";0.4254766031195841;0.3034527508507567;"[[130   2  15   0  42   0]
 [266  41  60   0  32   0]
 [ 47   8 421   0  17   0]
 [182   5 223   2  52   0]
 [ 40   1  11   0 387   0]
 [120  29  53   0 121   1]]";0.3696303696303696;0.263267872329279;"[[ 43   4   6   1  26   0]
 [124   7  30   0  16   0]
 [ 17   8 163   0  13   0]
 [ 92   3  94   1  21   0]
 [ 20   0   3   0 156   0]
 [ 54  30  21   0  48   0]]";18;[7 1 1 4 3 2]
572;CiteSeer;own;-1;0.2;64;0.5;1;0.005;503786444;0.875;0.8214285714285715;"[[8 0 0 0 0 0]
 [0 3 0 0 0 0]
 [0 0 3 0 0 0]
 [0 0 0 3 1 0]
 [0 0 0 0 3 0]
 [0 1 1 0 0 1]]";0.5130321459600348;0.38561519927322996;"[[ 64  51  30   0  48   0]
 [ 21 268  62   0  46   0]
 [  0  40 437   0  19   0]
 [ 41  60 266   3  88   0]
 [  1  18  11   0 408   0]
 [  3 157  81   0  78   1]]";0.43356643356643354;0.3199082740613686;"[[ 17  20   8   1  34   0]
 [ 15  97  42   0  23   0]
 [  2  28 156   0  15   0]
 [ 19  33 124   1  34   0]
 [  2   7   7   0 163   0]
 [  0  84  40   0  29   0]]";24;[8 3 3 4 3 3]
573;CiteSeer;own;-1;0.2;64;0.5;1;0.005;503786444;0.8666666666666667;0.8557359307359307;"[[8 0 0 0 0 0]
 [0 4 0 1 0 0]
 [0 0 3 0 0 0]
 [0 1 1 4 0 0]
 [0 0 0 0 4 0]
 [0 0 1 0 0 3]]";0.5265679442508711;0.3956494361171343;"[[ 59  67  19   0  48   0]
 [ 15 311  41   0  33   0]
 [  0  44 429   0  19   0]
 [ 38 110 228   2  77   0]
 [  1  25   7   0 404   0]
 [  3 155  75   0  82   4]]";0.44955044955044954;0.33367401064673596;"[[ 14  33   4   1  28   0]
 [ 11 121  30   0  15   0]
 [  2  34 149   0  16   0]
 [ 19  54 105   1  32   0]
 [  2  12   3   0 162   0]
 [  0  83  37   0  30   3]]";30;[8 5 3 6 4 4]
574;CiteSeer;own;-1;0.2;64;0.5;1;0.005;503786444;0.9722222222222222;0.9801169590643276;"[[9 0 0 1 0 0]
 [0 5 0 0 0 0]
 [0 0 3 0 0 0]
 [0 0 0 7 0 0]
 [0 0 0 0 5 0]
 [0 0 0 0 0 6]]";0.6572052401746725;0.6216976749528134;"[[ 78  27  14  11  62   6]
 [ 41 216  49  13  65  12]
 [  6  28 389  30  33   0]
 [ 32  21  48 270  82   3]
 [  5   4   3   5 416   1]
 [  3  19  50  14  98 136]]";0.6153846153846154;0.5730431502181735;"[[ 21  14   4   2  36   3]
 [ 24  76  35   3  34   5]
 [  3  19 147  12  19   1]
 [ 13  13  23 132  29   1]
 [  2   0   1   5 170   1]
 [  0  16  22   4  41  70]]";36;[10  5  3  7  5  6]
575;CiteSeer;own;-1;0.2;64;0.5;1;0.005;503786444;0.9761904761904762;0.9814241486068113;"[[9 0 0 1 0 0]
 [0 6 0 0 0 0]
 [0 0 4 0 0 0]
 [0 0 0 8 0 0]
 [0 0 0 0 6 0]
 [0 0 0 0 0 8]]";0.6926444833625219;0.6620994223868467;"[[ 90  28  14  12  43   7]
 [ 58 211  45  18  42  19]
 [ 10  25 406  29  17   2]
 [ 35  22  65 298  36   4]
 [  5   8   3  13 394   7]
 [  7  22  43   8  55 183]]";0.6243756243756243;0.5916176040445825;"[[ 26  13   6   8  22   5]
 [ 30  80  32   6  17  12]
 [ 11  17 147  11  14   1]
 [ 18  11  33 133  14   2]
 [  8   2   3  14 149   3]
 [  2  19  20   0  22  90]]";42;[10  6  4  8  6  8]
576;CiteSeer;own;-1;0.2;64;0.5;1;0.005;503786444;0.9791666666666666;0.9832915622389308;"[[ 9  0  0  1  0  0]
 [ 0  7  0  0  0  0]
 [ 0  0  5  0  0  0]
 [ 0  0  0 10  0  0]
 [ 0  0  0  0  7  0]
 [ 0  0  0  0  0  9]]";0.6650570676031606;0.6432284306417629;"[[ 79  20  12  14  53   8]
 [ 34 281  45  22  59  14]
 [  4  63 309  24  30   2]
 [ 28  26  76 264  61   4]
 [  2   7   4   9 402   7]
 [  2  27  33   5  68 180]]";0.6073926073926074;0.5781037751179469;"[[ 22  15   3   8  29   3]
 [ 18  91  22   6  34   6]
 [  6  52 115  10  17   1]
 [ 18   9  37 124  21   2]
 [  4   0   2   8 161   4]
 [  0  16  14   0  28  95]]";48;[10  7  5 10  7  9]
577;CiteSeer;own;-1;0.2;64;0.5;1;0.005;503786444;0.9814814814814815;0.9848171152518979;"[[10  0  0  1  0  0]
 [ 0  8  0  0  0  0]
 [ 0  0  7  0  0  0]
 [ 0  0  0 11  0  0]
 [ 0  0  0  0  7  0]
 [ 0  0  0  0  0 10]]";0.6747359154929577;0.6530595206360869;"[[ 94  27  11  12  38   3]
 [ 47 295  26  28  40   9]
 [  8  89 301  24  21   1]
 [ 38  34  57 292  32   2]
 [  9   8   5  11 390   8]
 [ 11  27  42   6  65 161]]";0.5984015984015985;0.5714856369283959;"[[ 25  17   2   8  25   3]
 [ 27  99  20  11  16   4]
 [  8  56 111   9  16   1]
 [ 21  14  28 132  15   1]
 [ 10   2   2  10 151   4]
 [  7  20  18   1  26  81]]";54;[11  8  7 11  7 10]
578;CiteSeer;own;-1;0.2;64;0.5;1;0.005;503786444;0.9666666666666667;0.9688717237736846;"[[10  1  0  1  0  0]
 [ 0  8  0  0  0  0]
 [ 0  0  8  0  0  0]
 [ 0  0  0 13  0  0]
 [ 0  0  0  0  8  0]
 [ 0  0  0  0  0 11]]";0.6831421006178288;0.6561909099013411;"[[ 72  23  15  14  55   3]
 [ 20 272  51  23  62   9]
 [  1  60 342  21  27   1]
 [ 17  18  65 297  52   3]
 [  4   6   6   6 409   1]
 [  0  22  49   6  78 156]]";0.6053946053946054;0.563725655729966;"[[ 16  17   5   6  35   1]
 [ 14  83  34   9  30   7]
 [  4  42 128   9  17   1]
 [ 11   9  29 138  23   1]
 [  5   1   2   7 161   3]
 [  0  15  25   1  32  80]]";60;[12  8  8 13  8 11]
579;CiteSeer;own;-1;0.2;64;0.5;1;0.005;503786444;0.9393939393939394;0.9401239283592225;"[[10  1  0  1  0  0]
 [ 0  9  0  1  0  0]
 [ 0  1  8  0  0  0]
 [ 0  0  0 14  0  0]
 [ 0  0  0  0  9  0]
 [ 0  0  0  0  0 12]]";0.7097345132743362;0.6853103280615064;"[[ 76  47   7  11  35   6]
 [ 15 343  29  13  30   8]
 [  2  86 310  26  25   2]
 [ 18  48  36 307  39   2]
 [  5  14   3   6 395   7]
 [  0  37  35   6  58 173]]";0.6253746253746254;0.587805719405428;"[[ 16  27   3   5  27   2]
 [ 13 121  20   5  15   3]
 [  3  56 113  12  16   1]
 [ 10  21  17 141  20   2]
 [  7  11   2   7 147   5]
 [  2  23  16   0  24  88]]";66;[12 10  9 14  9 12]
580;CiteSeer;own;-1;0.2;64;0.5;1;0.005;503786444;0.9444444444444444;0.9479624318333996;"[[12  0  0  1  0  0]
 [ 0 10  0  1  0  0]
 [ 0  1 10  0  0  0]
 [ 1  0  0 14  0  0]
 [ 0  0  0  0  9  0]
 [ 0  0  0  0  0 13]]";0.7031943212067435;0.6775182258260558;"[[ 79  30  21  11  35   4]
 [ 26 276  63  16  27  14]
 [  4  45 377  13  21   3]
 [ 27  17  81 281  42   4]
 [  7   9   7   6 393   7]
 [  0  20  50   4  55 179]]";0.6213786213786214;0.592348344995138;"[[ 23  17   6   5  24   5]
 [ 16  96  37   7  15   6]
 [  6  38 135   6  15   1]
 [ 11   7  42 128  21   2]
 [  6  10   2   7 149   5]
 [  2  15  21   0  24  91]]";72;[13 11 11 15  9 13]
581;CiteSeer;own;-1;0.2;64;0.5;1;0.005;503786444;0.9615384615384616;0.9624804826422767;"[[13  0  0  0  0  0]
 [ 0 11  0  0  0  0]
 [ 0  0 12  0  0  0]
 [ 1  0  0 15  0  0]
 [ 0  0  0  1 10  0]
 [ 0  1  0  0  0 14]]";0.7161921708185054;0.6805772123401574;"[[ 59  46  15  18  35   6]
 [ 16 286  55  13  24  14]
 [  2  46 388  17  23   2]
 [  5  29  57 311  42   6]
 [  5  10   5   9 385  10]
 [  0  18  53   6  51 181]]";0.6323676323676324;0.589906037269584;"[[ 14  26   4   6  24   6]
 [ 14 103  34   7  13   6]
 [  6  35 133  11  15   1]
 [  7  11  36 137  18   2]
 [  4  11   2  10 150   2]
 [  0  12  24   1  20  96]]";78;[13 11 12 16 11 15]
582;CiteSeer;own;-1;0.2;64;0.5;1;0.005;503786444;0.9761904761904762;0.977239030254458;"[[15  0  0  0  0  0]
 [ 0 11  0  0  0  0]
 [ 0  0 12  0  0  0]
 [ 1  0  0 17  0  0]
 [ 0  0  0  0 12  0]
 [ 0  1  0  0  0 15]]";0.7087421944692239;0.6715800067807444;"[[ 62  31  20  21  42   4]
 [ 26 251  51  18  36  18]
 [ 13  29 378  31  16   2]
 [  8  18  59 332  40   5]
 [ 10   5   5   6 382   9]
 [  3  18  43   8  58 184]]";0.6283716283716284;0.5785002778715326;"[[ 12  20   3  12  26   7]
 [ 12  93  32  16  14  10]
 [  9  24 131  21  15   1]
 [  7   5  35 148  13   3]
 [  6   7   2   9 151   4]
 [  3  13  20   1  22  94]]";84;[15 11 12 18 12 16]
583;CiteSeer;own;-1;0.2;64;0.5;1;0.005;503786444;0.9555555555555556;0.9559478799355711;"[[15  0  0  0  0  0]
 [ 0 12  1  0  0  0]
 [ 0  0 12  0  0  0]
 [ 1  0  0 18  0  1]
 [ 0  0  0  0 14  0]
 [ 0  1  0  0  0 15]]";0.7012522361359571;0.6610452353166125;"[[ 55  30  12  20  51   3]
 [ 20 245  41  18  54  18]
 [ 13  27 358  42  27   2]
 [ 10  12  45 330  58   8]
 [  6   2   3   4 407   5]
 [  3  12  33  10  79 173]]";0.6103896103896104;0.557037684316203;"[[ 10  17   2  13  31   7]
 [ 11  87  27  18  25   9]
 [  8  24 126  22  20   1]
 [  6   4  26 142  29   4]
 [  4   5   1   7 158   4]
 [  3  10  17   2  33  88]]";90;[15 13 12 20 14 16]
584;CiteSeer;own;-1;0.2;64;0.5;1;0.005;503786444;0.9583333333333334;0.9571587641858254;"[[14  1  0  0  0  0]
 [ 0 13  1  0  0  0]
 [ 0  0 13  0  0  0]
 [ 0  0  0 21  0  1]
 [ 0  0  0  0 15  0]
 [ 0  1  0  0  0 16]]";0.7233183856502242;0.6821094510241495;"[[ 54  43   9  18  39   6]
 [ 15 276  37  21  31  15]
 [ 16  30 357  43  21   2]
 [  9  19  46 337  42   9]
 [  5   4   1   8 401   8]
 [  1  19  32  13  55 188]]";0.6283716283716284;0.5754773223605295;"[[ 10  20   2  15  26   7]
 [ 11 102  23  16  16   9]
 [ 12  23 125  22  17   2]
 [  6  10  28 145  19   3]
 [  3   7   2  10 153   4]
 [  3  12  18   1  25  94]]";96;[15 14 13 22 15 17]
585;CiteSeer;own;-1;0.2;64;0.5;1;0.005;503786444;0.9509803921568627;0.9486408392415067;"[[15  1  0  0  0  0]
 [ 0 13  1  0  1  0]
 [ 0  0 14  0  0  0]
 [ 0  0  0 22  0  1]
 [ 0  0  0  0 16  0]
 [ 0  1  0  0  0 17]]";0.7072841726618705;0.6665483745125168;"[[ 51  45   7  14  37   8]
 [ 21 285  50  24  30  13]
 [ 13  32 340  28  17   6]
 [ 10  32  57 320  39   8]
 [  9   9   2   9 389  11]
 [  2  27  33   7  51 188]]";0.6233766233766234;0.5760248762354909;"[[ 12  22   1  11  27   7]
 [ 13 106  22  13  13  10]
 [ 10  26 126  20  16   3]
 [  5  14  29 141  19   3]
 [  6  12   2  10 144   5]
 [  3  15  18   1  21  95]]";102;[16 15 14 23 16 18]
586;CiteSeer;own;-1;0.2;64;0.5;1;0.005;503786444;0.9444444444444444;0.9455248372381632;"[[15  1  0  0  0  0]
 [ 0 15  0  0  1  0]
 [ 0  0 15  0  0  0]
 [ 2  0  0 22  0  1]
 [ 0  0  0  0 17  0]
 [ 0  1  0  0  0 18]]";0.6974752028854824;0.6551524250057764;"[[ 44  50   3  13  40   7]
 [ 11 321  24  17  34  13]
 [  4  84 267  38  33   6]
 [  6  45  29 346  42   5]
 [  7   7   2  11 394   7]
 [  1  38  13  16  65 175]]";0.6103896103896104;0.5573732681689464;"[[  9  23   1  13  27   7]
 [ 11 119  12   9  17   9]
 [  6  57  96  17  21   4]
 [  3  20  14 152  20   2]
 [  5  10   1  14 145   4]
 [  0  19  13   3  28  90]]";108;[16 16 15 25 17 19]
587;CiteSeer;own;-1;0.2;64;0.5;1;0.005;503786444;0.956140350877193;0.9578453981687143;"[[14  1  0  1  0  0]
 [ 0 16  0  1  0  0]
 [ 0  0 16  0  0  0]
 [ 1  0  0 25  0  1]
 [ 0  0  0  0 17  0]
 [ 0  0  0  0  0 21]]";0.7138336347197106;0.6736780791865501;"[[ 44  40   8  13  36  14]
 [ 12 279  40  24  35  25]
 [  2  70 311  26  21  10]
 [  3  28  38 354  37   9]
 [  2   5   6   9 365  20]
 [  1  20  34   5  40 226]]";0.6253746253746254;0.5695614280085762;"[[  9  21   2  13  27   8]
 [ 10 101  24  12  17  13]
 [  4  45 112  18  16   6]
 [  2   9  23 158  15   4]
 [  5   6   2  12 142  12]
 [  0  13  18   4  14 104]]";114;[16 17 16 27 17 21]
588;CiteSeer;own;-1;0.2;64;0.5;1;0.005;503786444;0.9583333333333334;0.9563088191271554;"[[14  1  0  1  0  0]
 [ 0 16  0  1  0  0]
 [ 0  1 18  0  0  0]
 [ 1  0  0 27  0  0]
 [ 0  0  0  0 18  0]
 [ 0  0  0  0  0 22]]";0.7107887579329103;0.6687836231526617;"[[ 42  38   3  16  45  11]
 [ 14 267  32  23  50  26]
 [  1  67 302  35  29   9]
 [  3  24  25 361  46   7]
 [  1   2   2   8 373  21]
 [  1  22  15  15  47 223]]";0.6263736263736264;0.5669935759014003;"[[  8  19   1  15  31   6]
 [  9  97  21  12  24  14]
 [  4  43 110  19  18   7]
 [  2   7  19 159  20   4]
 [  3   5   1  10 148  12]
 [  0  10  15   5  18 105]]";120;[16 17 19 28 18 22]
589;CiteSeer;own;-1;0.2;64;0.5;1;0.005;503786444;0.9444444444444444;0.938664832797202;"[[12  2  0  2  0  0]
 [ 0 17  0  1  0  0]
 [ 1  0 19  0  0  0]
 [ 0  0  1 29  0  0]
 [ 0  0  0  0 19  0]
 [ 0  0  0  0  0 23]]";0.7209090909090909;0.6770408093639216;"[[ 42  37   5  22  31  17]
 [ 16 264  42  25  37  30]
 [  3  55 307  38  19  14]
 [  3  24  34 370  31   7]
 [  1   5   2   9 361  27]
 [  1  19  20  12  28 242]]";0.6313686313686314;0.5726694659219534;"[[  9  17   2  16  27   9]
 [ 10  96  24  12  17  18]
 [  4  39 113  19  16  10]
 [  2   8  21 165  11   4]
 [  5   5   1  13 139  16]
 [  0  10  16   4  13 110]]";126;[16 18 20 30 19 23]
590;CiteSeer;own;-1;0.2;64;0.5;1;0.005;503786444;0.9318181818181818;0.923607163908888;"[[12  2  0  2  0  0]
 [ 0 17  0  1  1  0]
 [ 1  0 20  0  0  0]
 [ 0  0  1 30  0  0]
 [ 0  1  0  0 20  0]
 [ 0  0  0  0  0 24]]";0.7169553327256153;0.6735880763916072;"[[ 41  35   6  18  40  12]
 [ 14 254  40  22  49  28]
 [  3  54 304  34  26  16]
 [  1  23  33 363  40   6]
 [  2   7   2   7 369  24]
 [  1  17  21   9  31 242]]";0.6293706293706294;0.5693308648140905;"[[  8  15   3  15  30   9]
 [ 10  94  23  13  23  14]
 [  4  39 114  20  18   6]
 [  2   8  19 164  15   3]
 [  3   4   2  15 140  15]
 [  0   8  15   5  15 110]]";132;[16 19 21 31 21 24]
591;CiteSeer;own;-1;0.2;64;0.5;1;0.005;503786444;0.9420289855072463;0.937395201105297;"[[14  1  1  1  0  0]
 [ 0 18  1  1  1  0]
 [ 0  0 22  0  0  0]
 [ 0  0  1 30  0  0]
 [ 0  1  0  0 21  0]
 [ 0  0  0  0  0 25]]";0.716636197440585;0.6772433560306163;"[[ 43  30   9  14  48   9]
 [ 14 255  41  16  60  18]
 [  0  58 326  25  24   8]
 [  2  30  38 343  44   7]
 [  2   5   4   7 369  23]
 [  0  16  30   3  35 232]]";0.6153846153846154;0.5594201238139507;"[[  8  16   4  14  31   7]
 [ 10  93  23  11  30  10]
 [  5  41 115  19  18   3]
 [  2  11  22 154  19   3]
 [  3   4   3  15 140  14]
 [  0  12  16   4  15 106]]";138;[17 21 22 31 22 25]
592;CiteSeer;own;-1;0.2;64;0.5;1;0.005;503786444;0.9305555555555556;0.926733432911463;"[[16  0  1  1  0  0]
 [ 1 18  0  1  2  0]
 [ 0  0 24  0  0  0]
 [ 0  0  1 31  0  0]
 [ 0  1  0  0 21  1]
 [ 0  0  1  0  0 24]]";0.7144821264894592;0.6792327371714223;"[[ 49  34   9  17  36   6]
 [ 19 255  40  20  57  15]
 [  3  61 316  35  18   7]
 [  2  26  34 356  40   5]
 [  3   6   6   9 364  31]
 [  0  14  28   6  36 219]]";0.6243756243756243;0.5710629502849832;"[[ 10  17   3  15  29   6]
 [ 13  92  22  13  28   9]
 [  6  43 114  20  15   3]
 [  2  11  19 162  14   3]
 [  5   5   3  13 140  13]
 [  0   9  16   5  16 107]]";144;[18 22 24 32 23 25]
593;CiteSeer;own;-1;0.2;64;0.5;1;0.005;503786444;0.9533333333333334;0.9511569236090498;"[[17  0  1  1  0  0]
 [ 1 21  0  1  1  0]
 [ 0  0 24  0  0  0]
 [ 0  0  1 32  0  0]
 [ 0  0  0  0 23  1]
 [ 0  0  0  0  0 26]]";0.7219669117647058;0.6862194022147877;"[[ 46  38   5  13  38   9]
 [ 11 277  29  11  56  18]
 [  0  59 311  33  25  12]
 [  2  30  33 342  48   7]
 [  0  10   1   5 376  28]
 [  0  13  22   4  45 219]]";0.6293706293706294;0.5749381735294432;"[[  9  20   3  10  31   7]
 [ 12  98  18   7  31  11]
 [  5  44 113  18  18   3]
 [  2  13  20 155  18   3]
 [  4   5   2  12 144  12]
 [  0   9  14   3  16 111]]";150;[19 24 24 33 24 26]
594;CiteSeer;own;-1;0.2;64;0.5;1;0.005;503786444;0.9487179487179487;0.9489124650301844;"[[18  1  0  2  0  0]
 [ 0 25  0  1  0  0]
 [ 0  0 24  1  0  0]
 [ 0  0  1 32  0  0]
 [ 0  1  0  0 23  1]
 [ 0  0  0  0  0 26]]";0.7262672811059908;0.6867177603947744;"[[ 42  54   4  12  25   9]
 [ 12 309  19   9  32  21]
 [  2  76 296  37  20  11]
 [  1  44  28 341  37   7]
 [  2  19   1   4 366  27]
 [  0  22  18   4  37 222]]";0.6403596403596403;0.5882353216741859;"[[ 10  29   2   9  23   7]
 [ 11 117  13   6  20  10]
 [  5  51 109  18  15   3]
 [  2  18  18 156  13   4]
 [  4  10   2  13 140  10]
 [  0  14  10   5  15 109]]";156;[21 26 25 33 25 26]
595;CiteSeer;own;-1;0.2;64;0.5;1;0.005;503786444;0.9691358024691358;0.9691770198679578;"[[20  0  0  1  0  0]
 [ 0 25  1  0  0  0]
 [ 0  1 25  0  0  0]
 [ 1  0  1 34  0  0]
 [ 0  0  0  0 26  0]
 [ 0  0  0  0  0 27]]";0.7208872458410351;0.6796452978212107;"[[ 41  36   6  14  39   7]
 [ 14 278  22  20  51  17]
 [  1  71 308  28  20  12]
 [  3  29  35 345  39   7]
 [  6  12   2   8 372  19]
 [  1  20  17   4  44 216]]";0.6273726273726273;0.5791596059110243;"[[ 12  21   1  15  26   5]
 [ 10  95  18  11  32  11]
 [  3  44 115  20  16   3]
 [  4  10  25 156  13   3]
 [  2   7   2  15 143  10]
 [  0  11  12   5  18 107]]";162;[21 26 26 36 26 27]
596;CiteSeer;own;-1;0.2;64;0.5;1;0.005;503786444;0.9523809523809523;0.9524377038954376;"[[19  1  0  1  0  0]
 [ 0 26  1  0  1  0]
 [ 0  1 25  0  0  0]
 [ 0  0  2 35  0  1]
 [ 0  0  0  0 26  0]
 [ 0  0  0  0  0 29]]";0.7261353104726599;0.6828156766332388;"[[ 39  36   4  14  32  14]
 [ 13 275  24  18  44  26]
 [  0  70 304  30  22  13]
 [  3  29  32 348  35   8]
 [  2   8   2   9 374  22]
 [  0  18  19   5  39 227]]";0.6243756243756243;0.5717099286345778;"[[ 10  21   1  16  26   6]
 [  9  93  16  11  33  15]
 [  3  45 113  20  17   3]
 [  4  12  25 156  11   3]
 [  2   6   2  15 143  11]
 [  0  11  11   2  19 110]]";168;[21 28 26 38 26 29]
597;CiteSeer;own;-1;0.2;64;0.5;1;0.005;503786444;0.9597701149425287;0.957522147771748;"[[19  1  0  1  0  0]
 [ 1 28  1  0  0  0]
 [ 0  1 26  0  0  0]
 [ 0  0  1 37  0  0]
 [ 0  1  0  0 26  0]
 [ 0  0  0  0  0 31]]";0.7239776951672863;0.6722104414686965;"[[ 32  33   6  13  36  16]
 [ 14 266  27  19  37  27]
 [  2  63 314  27  21  15]
 [  2  27  28 333  35  22]
 [  0   7   2   6 378  24]
 [  0  19  25   5  36 235]]";0.6253746253746254;0.5738337779811817;"[[ 11  21   1  14  27   6]
 [ 10  93  19   8  29  18]
 [  3  43 120  16  15   4]
 [  4  11  23 149  13  11]
 [  2   7   2  13 144  11]
 [  0   9  12   4  19 109]]";174;[21 30 27 38 27 31]
598;CiteSeer;own;-1;0.2;64;0.5;1;0.005;503786444;0.9555555555555556;0.9528901978376338;"[[20  0  0  1  0  0]
 [ 2 27  2  0  0  0]
 [ 0  0 28  0  0  0]
 [ 1  0  1 38  0  0]
 [ 0  1  0  0 27  0]
 [ 0  0  0  0  0 32]]";0.7264678471575023;0.6662228731381329;"[[ 26  34   7  15  34  15]
 [ 16 250  34  18  37  24]
 [  2  53 349  24  22  10]
 [  4  17  36 326  38  21]
 [  0   7   4   7 376  21]
 [  0  13  29   6  39 232]]";0.6353646353646354;0.5785975432089804;"[[  9  22   2  15  25   7]
 [  8 101  19  12  22  15]
 [  3  36 127  16  16   3]
 [  2   7  30 146  15  11]
 [  2   5   2  13 145  12]
 [  0   6  15   4  20 108]]";180;[21 31 28 40 28 32]
599;CiteSeer;own;-1;0.2;64;0.5;1;0.005;503786444;0.956989247311828;0.956051634520484;"[[20  0  0  1  0  0]
 [ 1 31  1  1  0  0]
 [ 0  0 28  0  0  0]
 [ 1  0  1 38  0  0]
 [ 0  1  0  0 28  0]
 [ 0  0  1  0  0 33]]";0.7350467289719627;0.6775902429634323;"[[ 27  47   4  12  26  14]
 [ 10 282  29  10  31  16]
 [  0  63 336  29  21  10]
 [  6  26  33 328  33  16]
 [  2  10   4   7 369  22]
 [  0  21  23   5  37 231]]";0.6473526473526473;0.5910204663690423;"[[  9  29   2  12  22   6]
 [  6 118  17   6  17  13]
 [  1  42 124  16  15   3]
 [  3  12  28 148  11   9]
 [  2   9   2  14 142  10]
 [  0  10  15   2  19 107]]";186;[21 34 28 40 29 34]
600;CiteSeer;own;-1;0.2;64;0.5;1;0.005;503786444;0.9739583333333334;0.9732017021634508;"[[21  0  0  1  0  0]
 [ 0 34  1  0  0  0]
 [ 0  0 29  0  0  0]
 [ 1  0  1 39  0  0]
 [ 0  1  0  0 30  0]
 [ 0  0  0  0  0 34]]";0.7432052483598875;0.6832871105015005;"[[ 26  36   6  13  33  15]
 [  7 270  33  13  36  17]
 [  0  48 350  30  20  11]
 [  6  17  35 337  36  10]
 [  2   7   4   8 371  20]
 [  0  18  19   7  41 232]]";0.6503496503496503;0.5944837299260357;"[[ 10  23   2  14  24   7]
 [  5 109  21   7  21  14]
 [  1  34 129  19  15   3]
 [  4   9  28 151  12   7]
 [  2   4   2  14 146  11]
 [  0   9  15   3  20 106]]";192;[22 35 29 41 31 34]
601;CiteSeer;own;-1;0.2;64;0.5;1;0.005;503786444;0.9595959595959596;0.9583152693484743;"[[20  1  0  1  0  0]
 [ 0 35  1  0  1  0]
 [ 0  0 29  0  0  0]
 [ 1  0  1 40  0  0]
 [ 0  1  0  0 31  0]
 [ 0  0  0  1  0 35]]";0.7429511278195489;0.6816015316803102;"[[ 25  40   6  13  33  16]
 [  7 278  31  13  32  18]
 [  0  50 348  29  20  11]
 [  6  17  33 338  32  13]
 [  0  10   4   7 358  25]
 [  0  20  18   9  34 234]]";0.6523476523476524;0.5919991400858983;"[[  8  23   2  19  23   5]
 [  4 114  21   8  16  14]
 [  1  35 130  18  14   3]
 [  3  10  28 151  12   7]
 [  2   8   3  11 144  11]
 [  0   7  17   5  18 106]]";198;[22 37 29 42 32 36]
602;CiteSeer;own;-1;0.2;64;0.5;1;0.005;503786444;0.9509803921568627;0.9483557474727876;"[[21  1  0  1  0  0]
 [ 1 35  2  0  1  0]
 [ 0  0 29  0  0  0]
 [ 1  0  1 41  0  0]
 [ 0  1  0  0 31  1]
 [ 0  0  0  0  0 37]]";0.7370405278039586;0.6696683101174613;"[[ 20  42   6  12  33  16]
 [  9 278  33  11  29  21]
 [  0  58 335  22  18  20]
 [  6  20  30 323  33  26]
 [  1   8   4   6 362  24]
 [  0  16  18   4  32 246]]";0.6533466533466533;0.5953554743003194;"[[  9  23   2  15  23   8]
 [  5 116  20   7  13  16]
 [  1  37 125  17  14   7]
 [  3  10  29 145  14  10]
 [  1   9   2  10 147  10]
 [  0   7  14   4  16 112]]";204;[23 39 29 43 33 37]
603;CiteSeer;own;-1;0.2;64;0.5;1;0.005;503786444;0.9333333333333333;0.9289059962388251;"[[20  2  0  2  0  0]
 [ 2 36  1  0  0  0]
 [ 0  1 30  0  0  0]
 [ 0  0  2 42  0  0]
 [ 0  1  0  0 31  2]
 [ 0  0  0  0  1 37]]";0.7438563327032136;0.672394984792649;"[[ 18  44   6  15  32  15]
 [  6 278  34  14  23  20]
 [  0  56 340  29  17  13]
 [  3  17  29 341  30  17]
 [  1  10   4   8 364  18]
 [  0  17  24   4  36 233]]";0.6613386613386614;0.6001449877846564;"[[  8  22   3  18  24   5]
 [  6 119  21   7  11  13]
 [  1  33 129  19  15   4]
 [  1   9  28 151  13   9]
 [  1  10   2  10 146  10]
 [  0   8  16   4  16 109]]";210;[24 39 31 44 34 38]
604;CiteSeer;own;-1;0.2;64;0.5;1;0.005;503786444;0.9398148148148148;0.9359010917025307;"[[20  2  1  2  0  0]
 [ 0 38  1  0  0  0]
 [ 0  0 32  0  0  0]
 [ 0  0  2 42  0  0]
 [ 0  1  0  1 31  2]
 [ 0  1  0  0  0 40]]";0.74739336492891;0.675693442142728;"[[ 18  47   9  14  23  18]
 [  6 280  32  14  21  20]
 [  0  50 349  24  13  18]
 [  3  17  32 326  31  24]
 [  1  12   5   7 362  20]
 [  0  17  25   4  26 242]]";0.6693306693306693;0.6097081482081762;"[[  9  25   3  14  22   7]
 [  6 119  22   7   8  15]
 [  1  31 133  18  12   6]
 [  1  10  28 148  14  10]
 [  1  11   3   7 147  10]
 [  0   8  13   3  15 114]]";216;[25 39 32 44 35 41]
605;CiteSeer;own;-1;0.2;64;0.5;1;0.005;503786444;0.954954954954955;0.9515437035788392;"[[22  1  0  1  0  1]
 [ 0 39  1  0  0  0]
 [ 0  1 32  0  0  0]
 [ 0  0  1 44  0  0]
 [ 1  1  0  0 33  2]
 [ 0  0  0  0  0 42]]";0.7362167300380228;0.6634863134817692;"[[ 17  38   7  17  32  18]
 [  9 254  31  13  33  23]
 [  0  47 334  29  26  21]
 [  6  14  28 322  36  25]
 [  1   9   3   4 374  20]
 [  0  13  16   5  31 248]]";0.6493506493506493;0.588561798667435;"[[  8  16   4  15  30   7]
 [  5 111  20  10  15  16]
 [  1  29 126  18  20   7]
 [  2   9  28 142  19  11]
 [  1   7   2   5 153  11]
 [  0   6  14   4  19 110]]";222;[25 40 33 45 37 42]
606;CiteSeer;own;-1;0.2;64;0.5;1;0.005;503786444;0.9649122807017544;0.9644385122611782;"[[23  1  0  1  0  0]
 [ 0 41  1  0  0  0]
 [ 0  0 34  0  0  0]
 [ 0  0  1 45  0  1]
 [ 0  1  0  0 35  2]
 [ 0  0  0  0  0 42]]";0.7440419447092469;0.669158482620098;"[[ 16  46   6  18  26  17]
 [  5 263  32  17  25  20]
 [  0  47 332  34  19  24]
 [  6  14  24 336  30  22]
 [  2  11   4   6 366  23]
 [  0  15  18   7  19 248]]";0.6593406593406593;0.5922650238029151;"[[  6  21   3  18  25   7]
 [  3 118  19  13  12  12]
 [  1  32 126  21  14   7]
 [  2   8  27 151  14   9]
 [  1   8   3   5 148  14]
 [  0   6  15   6  15 111]]";228;[25 42 34 47 38 42]
607;CiteSeer;own;-1;0.2;64;0.5;1;0.005;503786444;0.9572649572649573;0.9549994706982212;"[[23  2  0  1  0  0]
 [ 1 42  1  0  0  0]
 [ 0  0 35  0  0  0]
 [ 0  0  2 44  0  1]
 [ 0  1  0  0 36  1]
 [ 0  0  0  0  0 44]]";0.7428298279158699;0.6716487621023745;"[[ 17  55   4  14  24  13]
 [  4 303  18   9  26  14]
 [  0  72 301  26  19  27]
 [  6  21  17 325  36  24]
 [  1  13   4   4 363  26]
 [  0  23  15   5  18 245]]";0.6473526473526473;0.5854000021750597;"[[  7  26   2  12  26   7]
 [  4 130  13   8  11  11]
 [  1  47 111  17  16   9]
 [  2  14  22 143  21   9]
 [  1  11   3   4 144  16]
 [  0  12  12   4  12 113]]";234;[26 44 35 47 38 44]
608;CiteSeer;own;-1;0.2;64;0.5;1;0.005;503786444;0.9625;0.9601685106377068;"[[25  0  0  2  0  2]
 [ 0 41  2  0  1  0]
 [ 0  0 37  0  0  0]
 [ 0  0  1 46  0  0]
 [ 0  1  0  0 38  0]
 [ 0  0  0  0  0 44]]";0.7372962607861937;0.6703769084665977;"[[ 20  32  12  15  31  16]
 [  7 258  31  16  30  23]
 [  0  55 337  30  11  21]
 [  6  11  37 324  29  18]
 [  1   7   8   8 356  31]
 [  0   8  30   7  17 243]]";0.6553446553446554;0.6053716740259315;"[[ 13  15   4  14  27   7]
 [  7 104  20  11  21  14]
 [  1  36 126  20  11   7]
 [  3   7  30 150  11  10]
 [  1   4   5   5 145  19]
 [  0   4  15   6  10 118]]";240;[29 44 37 47 39 44]
609;CiteSeer;own;-1;0.2;64;0.5;1;0.005;503786444;0.9552845528455285;0.9529742781515832;"[[27  1  0  1  1  0]
 [ 2 42  1  1  1  0]
 [ 0  0 38  0  0  0]
 [ 1  0  1 45  0  0]
 [ 0  1  0  0 39  0]
 [ 0  0  0  0  0 44]]";0.7389423076923077;0.6753273073949764;"[[ 22  37   5  11  37  12]
 [  7 276  24   9  32  18]
 [  0  66 320  29  17  21]
 [  6  21  23 315  36  23]
 [  1  11   4   5 372  23]
 [  0  17  18   7  23 232]]";0.6493506493506493;0.5986723097051213;"[[ 12  20   3  11  31   3]
 [  8 112  19   7  23   8]
 [  1  38 122  17  14   9]
 [  3  13  21 145  19  10]
 [  1   6   2   4 149  17]
 [  0   9  13   7  14 110]]";246;[30 47 38 47 40 44]
610;CiteSeer;own;-1;0.2;64;0.5;1;0.005;503786444;0.9563492063492064;0.9540707270627015;"[[28  2  1  1  0  0]
 [ 2 45  1  1  0  0]
 [ 0  0 38  0  0  0]
 [ 1  0  1 46  0  0]
 [ 0  1  0  0 39  0]
 [ 0  0  0  0  0 45]]";0.7521697203471552;0.6900987395005149;"[[ 25  39   6  13  30  11]
 [  8 271  31  10  26  18]
 [  0  49 344  25  17  16]
 [  6  21  26 319  27  24]
 [  4  11   6   6 372  17]
 [  0  14  24   8  21 229]]";0.6643356643356644;0.6095080934015819;"[[ 11  23   4  13  26   3]
 [  8 115  22   8  17   7]
 [  1  30 135  15  12   8]
 [  4  11  27 150  10   9]
 [  1   9   4   5 147  13]
 [  1   9  15   8  13 107]]";252;[32 49 38 48 40 45]
611;CiteSeer;own;-1;0.2;64;0.5;1;0.005;503786444;0.9573643410852714;0.9570184344426488;"[[31  1  0  1  0  0]
 [ 2 46  1  1  0  1]
 [ 0  0 39  0  0  0]
 [ 1  0  1 47  0  0]
 [ 0  1  0  0 39  0]
 [ 0  0  0  0  1 45]]";0.754835589941973;0.6973448369926302;"[[ 28  39   4  11  31  11]
 [  9 274  28  12  22  20]
 [  0  46 337  30  18  19]
 [  6  16  24 323  36  19]
 [  3  13   3   7 364  17]
 [  0  10  18   8  27 235]]";0.6623376623376623;0.6002158113959083;"[[  8  23   3  14  27   5]
 [  9 112  22   8  18   8]
 [  1  31 130  16  14   9]
 [  5   9  25 151  11  10]
 [  1   8   2   4 152  12]
 [  0   9  12   7  15 110]]";258;[33 51 39 49 40 46]
612;CiteSeer;own;-1;0.2;64;0.5;1;0.005;503786444;0.9507575757575758;0.9490305908656583;"[[30  2  0  2  1  0]
 [ 2 46  1  1  0  1]
 [ 0  0 41  0  0  0]
 [ 0  0  1 49  0  0]
 [ 0  1  0  0 39  0]
 [ 0  0  0  0  1 46]]";0.7541222114451989;0.6917062904829582;"[[ 24  39   6  12  32  12]
 [  9 275  31  10  25  17]
 [  0  38 346  25  18  18]
 [  3  22  34 321  32  14]
 [  3  12   8   4 358  18]
 [  0  11  25   6  23 231]]";0.6723276723276723;0.6185401881610789;"[[ 12  23   4  12  27   2]
 [  8 113  24   8  16   8]
 [  1  27 137  14  13   9]
 [  2   8  28 153  12   8]
 [  1   9   2   5 150  12]
 [  0  11  14   7  13 108]]";264;[35 51 41 50 40 47]
613;CiteSeer;own;-1;0.2;64;0.5;1;0.005;503786444;0.9555555555555556;0.9530915459128116;"[[30  2  0  2  1  0]
 [ 1 50  2  0  0  0]
 [ 0  0 42  0  0  0]
 [ 1  0  1 49  0  0]
 [ 0  1  0  0 40  0]
 [ 0  0  0  0  1 47]]";0.7582684824902723;0.6905057388167615;"[[ 21  38   7  11  35  12]
 [  5 278  34   7  27  15]
 [  0  35 350  22  18  20]
 [  3  23  25 320  32  21]
 [  2   8   3   4 362  23]
 [  0  13  24   6  24 228]]";0.6773226773226774;0.6190177269768883;"[[ 10  24   4  11  28   3]
 [  6 120  23   6  16   6]
 [  1  28 137  13  14   8]
 [  1  11  25 150  14  10]
 [  1   8   2   5 151  12]
 [  0   9  14   7  13 110]]";270;[35 53 42 51 41 48]
614;CiteSeer;own;-1;0.2;64;0.5;1;0.005;503786444;0.9565217391304348;0.9545785965972455;"[[32  1  0  1  2  0]
 [ 1 51  2  0  0  0]
 [ 0  0 44  1  0  0]
 [ 1  0  1 50  0  0]
 [ 0  1  0  0 40  0]
 [ 0  0  0  0  1 47]]";0.7668292682926829;0.7006780006482809;"[[ 23  35   9  14  33   9]
 [ 10 267  40   8  25  15]
 [  0  28 361  27  16  16]
 [  4  10  38 341  18  12]
 [  2   8   7   8 358  17]
 [  0  10  31   9  19 222]]";0.6703296703296703;0.61151860844606;"[[ 10  22   5  11  26   6]
 [  8 111  26   8  17   7]
 [  1  22 142  18  11   7]
 [  2   7  30 155   9   8]
 [  2   7   3   7 148  12]
 [  0   9  20   8  11 105]]";276;[36 54 45 52 41 48]
615;CiteSeer;own;-1;0.2;64;0.5;1;0.005;503786444;0.950354609929078;0.9493631979007905;"[[34  1  0  1  1  0]
 [ 2 51  2  0  0  0]
 [ 0  0 45  1  0  0]
 [ 1  0  1 50  1  0]
 [ 0  1  0  0 40  0]
 [ 0  0  0  1  1 48]]";0.7539138943248532;0.685869502724894;"[[ 21  40   6  12  32  11]
 [ 12 278  30   6  26  14]
 [  0  43 339  25  17  23]
 [  5  22  26 329  24  15]
 [  2  10   2   5 355  22]
 [  0  17  24   7  25 219]]";0.6663336663336663;0.6137818688923503;"[[ 12  23   4   8  27   6]
 [  9 119  19   6  16   8]
 [  1  29 133  18  12   8]
 [  3   9  31 144  13  11]
 [  2   9   2   5 148  13]
 [  0  10  14   7  11 111]]";282;[37 55 46 53 41 50]
616;CiteSeer;own;-1;0.2;64;0.5;1;0.005;503786444;0.9618055555555556;0.9587579973711065;"[[33  2  0  1  1  0]
 [ 2 53  0  0  0  0]
 [ 1  0 48  0  0  0]
 [ 1  0  1 52  0  0]
 [ 0  1  0  0 40  1]
 [ 0  0  0  0  0 51]]";0.7620215897939157;0.6903090092682534;"[[ 19  41   8  14  29  11]
 [ 10 265  35   9  23  19]
 [  0  38 356  25  11  22]
 [  3  14  33 337  20  15]
 [  3  11   4   6 348  18]
 [  0   9  27   8  19 228]]";0.6763236763236763;0.6202328870788977;"[[ 11  22   4  12  26   5]
 [ 12 117  21   7  13   7]
 [  1  28 139  15  11   7]
 [  2   9  29 152   7  12]
 [  1  10   3   7 146  12]
 [  0   9  16   6  10 112]]";288;[37 55 49 54 42 51]
617;CiteSeer;own;-1;0.2;64;0.5;1;0.005;503786444;0.9625850340136054;0.9602103108316702;"[[33  2  0  1  1  0]
 [ 1 55  0  0  1  0]
 [ 0  1 50  0  0  0]
 [ 1  0  1 52  0  0]
 [ 0  1  0  0 41  1]
 [ 0  0  0  0  0 52]]";0.7618110236220472;0.6914527594970298;"[[ 19  40  10  12  28  11]
 [  7 275  37   5  22  14]
 [  0  38 366  19   8  19]
 [  5  23  41 320  18  15]
 [  2  11   5   5 336  30]
 [  0  12  26   8  13 232]]";0.6703296703296703;0.6130245354268922;"[[ 10  23   5  10  27   5]
 [  7 118  24   5  14   9]
 [  1  27 143  15   8   7]
 [  3  13  28 145   9  13]
 [  2  10   4   6 142  15]
 [  0   9  18   6   7 113]]";294;[37 57 51 54 43 52]
618;CiteSeer;own;-1;0.2;64;0.5;1;0.005;503786444;0.9633333333333334;0.9601397630739611;"[[33  4  0  1  1  0]
 [ 1 57  0  0  0  0]
 [ 0  0 52  0  0  0]
 [ 1  0  1 53  0  0]
 [ 0  1  0  0 42  1]
 [ 0  0  0  0  0 52]]";0.7670286278381047;0.6914747101815027;"[[ 16  39  13  13  26   9]
 [  4 274  37   9  23  12]
 [  1  36 370  23   7  15]
 [  5  19  37 329  18  12]
 [  2   8   9   6 340  24]
 [  0  14  30  12   9 225]]";0.6803196803196803;0.6223364972378959;"[[ 10  25   7  12  22   4]
 [  6 119  25   8  13   6]
 [  1  25 145  15   8   7]
 [  1  11  29 155   8   7]
 [  1  11   5   7 144  11]
 [  0  10  21   7   7 108]]";300;[39 58 52 55 44 52]
619;CiteSeer;own;-1;0.2;64;0.5;1;0.005;503786444;0.9575163398692811;0.9544524632578333;"[[35  3  0  2  1  0]
 [ 2 57  0  0  0  0]
 [ 1  0 52  0  0  0]
 [ 1  0  1 53  0  0]
 [ 0  1  0  0 43  1]
 [ 0  0  0  0  0 53]]";0.7663366336633664;0.696007069730503;"[[ 20  41   7  16  22  13]
 [ 10 271  28  10  21  18]
 [  0  37 360  25  10  18]
 [  6  19  28 328  17  20]
 [  3   8   6   4 334  30]
 [  0  13  23   8  11 235]]";0.6753246753246753;0.6239960405889199;"[[ 13  23   6  10  21   7]
 [  7 119  20   7  14  10]
 [  0  27 141  15  10   8]
 [  4  11  28 147   7  14]
 [  1  10   4   7 141  16]
 [  0   9  15   7   7 115]]";306;[41 59 53 55 45 53]
620;CiteSeer;own;-1;0.2;64;0.5;1;0.005;503786444;0.9519230769230769;0.9485071765037455;"[[35  4  0  3  1  0]
 [ 2 58  0  0  0  0]
 [ 1  0 53  0  0  0]
 [ 1  0  1 53  0  0]
 [ 0  1  0  0 44  1]
 [ 0  0  0  0  0 54]]";0.7641509433962265;0.691581789405027;"[[ 18  38  15  21  23   9]
 [  5 268  37  13  21  12]
 [  0  34 371  23   8  12]
 [  5  17  40 328  12  11]
 [  2   9   7   6 333  25]
 [  0  14  31  12  13 221]]";0.6723276723276723;0.60927814412032;"[[  8  24   7  15  21   5]
 [  6 117  24   7  14   9]
 [  0  26 144  15   9   7]
 [  2   9  32 156   3   9]
 [  1  10   5   7 142  14]
 [  0   9  22   8   8 106]]";312;[43 60 54 55 46 54]
621;CiteSeer;own;-1;0.2;64;0.5;1;0.005;503786444;0.949685534591195;0.9465359790407127;"[[35  4  0  3  1  0]
 [ 1 61  0  1  0  0]
 [ 0  0 55  0  0  0]
 [ 2  0  2 52  0  0]
 [ 0  1  0  0 45  1]
 [ 0  0  0  0  0 54]]";0.7664342629482072;0.701193896365341;"[[ 24  41   8  15  26  10]
 [  8 270  30   8  20  18]
 [  0  38 361  21   8  15]
 [ 18  18  36 308  12  19]
 [  3  11   2   3 340  24]
 [  0  11  26   8  12 236]]";0.6723276723276723;0.6148829457329713;"[[ 10  25   6  11  21   7]
 [  6 120  22   5  13  11]
 [  0  26 144  14  10   7]
 [ 11  12  27 140   7  14]
 [  1  10   4   7 144  13]
 [  0   9  15   7   7 115]]";318;[43 63 55 56 47 54]
622;CiteSeer;own;-1;0.2;64;0.5;1;0.005;503786444;0.941358024691358;0.9369300402356897;"[[34  4  0  4  1  0]
 [ 1 63  0  0  1  0]
 [ 1  1 54  0  0  0]
 [ 1  0  2 54  0  0]
 [ 1  1  0  0 45  1]
 [ 0  0  0  0  0 55]]";0.7652347652347652;0.6997472185189867;"[[ 23  41  11  17  23   9]
 [  6 276  32  12  16  13]
 [  0  36 357  22   7  12]
 [ 13  15  42 319  12  14]
 [  2  13   5   8 336  18]
 [  1  14  29  14  13 221]]";0.6763236763236763;0.6117738776151858;"[[  7  26   7  16  20   4]
 [  4 124  24  10  10   5]
 [  0  28 141  17   9   6]
 [  8  12  26 153   4   8]
 [  1  10   4   7 146  11]
 [  0   9  20   9   9 106]]";324;[43 65 56 57 48 55]
623;CiteSeer;own;-1;0.2;64;0.5;1;0.005;503786444;0.9454545454545454;0.9402836817957246;"[[34  2  1  4  2  0]
 [ 1 64  0  0  1  0]
 [ 0  0 57  1  0  0]
 [ 1  0  2 55  0  0]
 [ 1  1  0  0 47  0]
 [ 0  0  0  0  1 55]]";0.7725450901803608;0.7098398325160714;"[[ 26  40  10  16  23   8]
 [  8 272  30   8  20  16]
 [  0  38 361  14   7  12]
 [  9  13  45 316  16  16]
 [  2  10   6   4 348  14]
 [  2  12  27  10  18 219]]";0.6673326673326674;0.6073125380600444;"[[  9  22   7  14  22   6]
 [  8 115  24   6  14  10]
 [  0  29 142  14   9   7]
 [  7  12  24 146   9  13]
 [  1   9   4   6 147  12]
 [  0   7  19   7  11 109]]";330;[43 66 58 58 49 56]
624;CiteSeer;own;-1;0.2;64;0.5;1;0.005;503786444;0.9523809523809523;0.9473881006269096;"[[34  3  0  4  2  0]
 [ 1 66  0  0  0  0]
 [ 1  0 57  1  0  0]
 [ 1  0  2 57  0  0]
 [ 0  1  0  0 49  0]
 [ 0  0  0  0  0 57]]";0.7748743718592965;0.6965676825335739;"[[ 15  40  11  17  24  10]
 [  8 273  32  10  17  14]
 [  0  35 357  21   5  13]
 [  3  13  40 332  15  16]
 [  3  10  10   4 340  17]
 [  0  10  26  13  11 225]]";0.6753246753246753;0.6117484111582671;"[[  8  21   7  15  22   7]
 [  6 116  24   9  13   9]
 [  0  27 143  14   9   8]
 [  2   9  27 156   7  10]
 [  1  12   4   7 142  13]
 [  0   7  18   9   8 111]]";336;[43 67 59 60 50 57]
625;CiteSeer;own;-1;0.2;64;0.5;1;0.005;503786444;0.9473684210526315;0.9423710408883518;"[[34  3  0  4  2  0]
 [ 2 67  1  0  0  0]
 [ 1  0 58  0  0  0]
 [ 1  1  1 58  1  0]
 [ 0  1  0  0 49  0]
 [ 0  0  0  0  0 58]]";0.7736895161290323;0.6909651931439592;"[[ 12  45   9  17  21  11]
 [  1 285  26  10  16  15]
 [  0  42 346  20   5  15]
 [  2  20  36 330  15  16]
 [  1  17   9   6 339  11]
 [  0  11  25  15  12 223]]";0.6693306693306693;0.5984067460998932;"[[  5  24   7  16  22   6]
 [  5 121  22   8  13   8]
 [  0  31 139  14   9   8]
 [  1  14  23 154   8  11]
 [  0  13   4   7 143  12]
 [  0  10  13  11  11 108]]";342;[43 70 59 62 50 58]
626;CiteSeer;own;-1;0.2;64;0.5;1;0.005;503786444;0.9511494252873564;0.9460082346495572;"[[35  3  0  4  2  0]
 [ 2 68  1  0  0  0]
 [ 1  0 59  0  0  0]
 [ 1  0  1 60  1  0]
 [ 0  1  0  0 50  0]
 [ 0  0  0  0  0 59]]";0.7745197168857432;0.6947984758944016;"[[ 14  41   9  17  23  10]
 [  4 271  30  11  19  17]
 [  0  36 346  25   5  15]
 [  2   8  39 335  19  15]
 [  1   8   8   7 344  14]
 [  1   8  28  15  11 222]]";0.6673326673326674;0.6045472708528602;"[[  8  22   7  16  22   5]
 [  6 114  22   9  17   9]
 [  0  28 138  17  10   8]
 [  2   9  24 156   9  11]
 [  0  12   4   9 143  11]
 [  0   6  16  11  11 109]]";348;[44 71 60 63 51 59]
627;CiteSeer;own;-1;0.2;64;0.5;1;0.005;503786444;0.9548022598870056;0.9494547228657183;"[[35  4  0  4  2  0]
 [ 0 71  1  0  0  0]
 [ 1  0 60  0  0  0]
 [ 1  0  1 61  1  0]
 [ 0  1  0  0 51  0]
 [ 0  0  0  0  0 60]]";0.763184584178499;0.6881063978886184;"[[ 15  42   9  16  20  12]
 [  1 282  30   8  16  13]
 [  1  47 339  22   6  12]
 [  2  20  43 318  16  17]
 [  1  14   9   6 333  18]
 [  1  12  28  12  13 218]]";0.6713286713286714;0.6070256370503949;"[[  7  26   7  15  21   4]
 [  5 128  19   6  12   7]
 [  0  31 139  14   9   8]
 [  1  15  26 147   8  14]
 [  2  14   6   6 142   9]
 [  0   7  18  10   9 109]]";354;[45 72 61 64 52 60]
628;CiteSeer;own;-1;0.2;64;0.5;1;0.005;503786444;0.9527777777777777;0.948587095780927;"[[36  3  0  4  2  0]
 [ 1 70  1  0  0  0]
 [ 0  0 62  1  0  0]
 [ 1  1  1 62  0  0]
 [ 0  1  0  1 52  0]
 [ 0  0  0  0  0 61]]";0.7782299084435402;0.7006681687973558;"[[ 15  40   9  16  21  12]
 [  2 281  26  10  16  15]
 [  2  44 346  22   6  12]
 [  2  10  40 325  13  19]
 [  1  14   6   6 342  10]
 [  1  12  26  11  12 221]]";0.6763236763236763;0.6076522889216555;"[[  6  25   7  15  22   5]
 [  5 124  21   7  12   8]
 [  0  31 139  13  10   8]
 [  2  10  24 154   8  13]
 [  2  13   4   4 144  12]
 [  0   6  17  10  10 110]]";360;[45 72 63 65 54 61]
629;CiteSeer;own;-1;0.2;64;0.5;1;0.005;503786444;0.9590163934426229;0.9553446152283361;"[[39  2  0  3  3  0]
 [ 1 71  2  0  0  0]
 [ 0  0 63  0  0  0]
 [ 1  0  1 63  0  0]
 [ 0  1  0  1 53  0]
 [ 0  0  0  0  0 62]]";0.7744897959183673;0.6993457514508249;"[[ 16  39  12  13  19  12]
 [  3 277  28  11  22   9]
 [  2  39 357  16   6  11]
 [  6  15  43 318  10  16]
 [  1  15  10   7 333  12]
 [  1  11  29   9  15 217]]";0.6673326673326674;0.6061533715348;"[[  8  26   7  14  20   5]
 [  8 117  25   6  14   7]
 [  0  31 140  13   9   8]
 [  3  10  31 149   5  13]
 [  2  12   6   4 143  12]
 [  0   8  16   9   9 111]]";366;[47 74 63 65 55 62]
630;CiteSeer;own;-1;0.2;64;0.5;1;0.005;503786444;0.956989247311828;0.9542669801928761;"[[42  3  0  3  2  0]
 [ 1 72  2  0  0  0]
 [ 0  0 63  0  0  0]
 [ 2  0  1 63  0  0]
 [ 0  1  0  1 53  0]
 [ 0  0  0  0  0 63]]";0.7737973387922211;0.7048269960061502;"[[ 19  36  10  11  21  12]
 [  2 277  25  10  21  12]
 [  2  50 345  19   5  12]
 [  8  14  42 316  10  15]
 [  0  16   6   7 333  15]
 [  1  15  24  11  10 222]]";0.6773226773226774;0.6191306004743827;"[[ 10  24   7  13  19   7]
 [  5 128  18   5  13   8]
 [  0  36 132  14   9  10]
 [  2  11  28 150   8  12]
 [  3  11   3   2 147  13]
 [  0   8  15   9  10 111]]";372;[50 75 63 66 55 63]
631;CiteSeer;own;-1;0.2;64;0.5;1;0.005;503786444;0.9629629629629629;0.9605637066824433;"[[44  3  0  2  2  0]
 [ 1 75  1  0  0  0]
 [ 0  0 63  0  0  0]
 [ 2  0  1 64  0  0]
 [ 0  1  0  1 54  0]
 [ 0  0  0  0  0 64]]";0.7772073921971252;0.7121855226678876;"[[ 21  35  11  11  19  10]
 [  2 281  24   9  21  10]
 [  1  53 339  19   7  11]
 [  6  21  38 316  12  11]
 [  2  16   4   4 339  11]
 [  1  14  28   9  14 218]]";0.6783216783216783;0.6233391806937455;"[[ 11  24   7  13  18   7]
 [  4 132  15   4  14   8]
 [  0  40 131  12   9   9]
 [  1  15  27 146  13   9]
 [  3  11   6   2 150   7]
 [  0   8  17   8  11 109]]";378;[51 77 63 67 56 64]
632;CiteSeer;own;-1;0.2;64;0.5;1;0.005;503786444;0.9635416666666666;0.96101537980149;"[[45  3  0  2  2  0]
 [ 0 77  1  0  0  0]
 [ 1  0 63  0  0  0]
 [ 2  0  1 65  0  0]
 [ 0  1  0  1 55  0]
 [ 0  0  0  0  0 65]]";0.776519052523172;0.7058927438041037;"[[ 18  38   9  11  20  10]
 [  2 279  24  10  17  13]
 [  0  52 340  21   6  11]
 [  4  15  35 324  11  14]
 [  2  15   5   5 330  18]
 [  1  12  27  11  15 217]]";0.6803196803196803;0.6268718972029242;"[[ 12  23   6  13  19   7]
 [  5 130  15   5  14   8]
 [  0  38 132  13   9   9]
 [  2  12  26 150  10  11]
 [  3  12   4   4 144  12]
 [  0   6  16   8  10 113]]";384;[52 78 64 68 57 65]
633;CiteSeer;own;-1;0.2;64;0.5;1;0.005;503786444;0.9641025641025641;0.9615409111315291;"[[46  1  1  3  2  0]
 [ 1 77  1  0  0  0]
 [ 0  0 65  0  0  0]
 [ 2  0  1 66  0  0]
 [ 0  1  0  1 56  0]
 [ 0  0  0  0  0 66]]";0.7701446280991735;0.7010013266512374;"[[ 18  35  10  11  21  10]
 [  3 271  27  10  20  12]
 [  1  56 337  17   5  13]
 [  4  16  41 311  15  15]
 [  2  16   7   3 337  10]
 [  1  12  28  10  14 217]]";0.6783216783216783;0.6282810012723917;"[[ 13  23   6  12  19   7]
 [  4 128  16   5  15   9]
 [  0  41 132  12   9   7]
 [  2  10  30 144  15  10]
 [  3  11   6   2 150   7]
 [  0   7  17   6  11 112]]";390;[53 79 65 69 58 66]
634;CiteSeer;own;-1;0.2;64;0.5;1;0.005;503786444;0.9621212121212122;0.9601854219447831;"[[47  2  0  3  2  0]
 [ 0 78  1  0  0  0]
 [ 0  1 66  0  0  0]
 [ 2  0  2 66  0  0]
 [ 0  1  0  1 57  0]
 [ 0  0  0  0  0 67]]";0.7730569948186529;0.7077418850834021;"[[ 20  32   8  13  21  10]
 [  3 270  26  10  21  12]
 [  1  49 338  22   5  13]
 [  4  16  41 312  14  14]
 [  1  16   8   5 335   9]
 [  0  15  25  12  12 217]]";0.6823176823176823;0.6291893869642725;"[[ 12  23   6  16  19   4]
 [  6 129  16   6  12   8]
 [  0  38 133  13   9   8]
 [  2  11  26 151  12   9]
 [  3  12   6   3 147   8]
 [  0   8  16   8  10 111]]";396;[54 79 67 70 59 67]
635;CiteSeer;own;-1;0.2;64;0.5;1;0.005;503786444;0.9601990049751243;0.9577167455031333;"[[45  5  0  2  2  0]
 [ 0 80  1  0  0  0]
 [ 0  1 68  0  0  0]
 [ 2  0  1 68  0  0]
 [ 0  1  0  1 58  0]
 [ 0  0  0  0  0 67]]";0.7791060291060291;0.7072657101626755;"[[ 17  35  12  12  17  11]
 [  1 273  27  10  17  12]
 [  0  44 343  22   6  11]
 [  4  17  36 317  10  16]
 [  2  15   8   6 330  12]
 [  1  12  25  12  12 219]]";0.6833166833166833;0.6253409112711443;"[[ 10  25   8  14  19   4]
 [  6 130  19   6   9   7]
 [  0  36 133  15   9   8]
 [  2  11  24 155   8  11]
 [  3  13   6   3 143  11]
 [  0   6  15  10   9 113]]";402;[54 81 69 71 60 67]
636;CiteSeer;own;-1;0.2;64;0.5;1;0.005;503786444;0.9607843137254902;0.9580500229540384;"[[45  5  0  2  2  0]
 [ 0 81  1  0  0  0]
 [ 0  1 69  0  0  0]
 [ 2  0  1 69  0  0]
 [ 0  1  0  1 59  0]
 [ 0  0  0  0  0 69]]";0.7737226277372263;0.7012786569594441;"[[ 16  37   8  12  20  11]
 [  2 271  25  11  19  11]
 [  0  56 330  24   5   9]
 [  2  21  35 319   9  13]
 [  2  15   8   6 332  10]
 [  2  12  25  12  12 216]]";0.6833166833166833;0.6251747576260058;"[[ 10  24   7  14  19   6]
 [  5 131  15   6  13   7]
 [  0  39 130  16   9   7]
 [  2  13  22 157   8   9]
 [  3  12   5   6 144   9]
 [  1   6  17   8   9 112]]";408;[54 82 70 72 61 69]
637;CiteSeer;own;-1;0.2;64;0.5;1;0.005;503786444;0.9637681159420289;0.9618888278802286;"[[49  3  0  1  2  0]
 [ 0 82  1  0  0  0]
 [ 0  1 69  0  0  0]
 [ 3  0  1 68  1  0]
 [ 0  1  0  0 61  0]
 [ 0  0  1  0  0 70]]";0.7709205020920502;0.7082684935818792;"[[ 22  34   8   9  19  11]
 [  5 265  26   6  23  13]
 [  0  50 337  19   6  11]
 [  6  17  43 300  13  19]
 [  5  15   8   4 330  10]
 [  2  11  26   7  12 220]]";0.6783216783216783;0.6253858949374019;"[[ 12  24   6  13  19   6]
 [  8 125  18   4  15   7]
 [  0  34 138  13   9   7]
 [  5  13  28 142  10  13]
 [  3  10   5   4 147  10]
 [  1   5  15   8   9 115]]";414;[55 83 70 73 62 71]
638;CiteSeer;own;-1;0.2;64;0.5;1;0.005;503786444;0.9714285714285714;0.9697556862691515;"[[50  2  1  0  2  0]
 [ 0 83  1  0  0  0]
 [ 0  1 70  0  0  0]
 [ 2  0  1 70  0  0]
 [ 0  1  0  1 62  0]
 [ 0  0  0  0  0 73]]";0.7722980062959076;0.6995961726302182;"[[ 16  35   9  11  20  11]
 [  3 265  26  11  21  12]
 [  0  45 342  18   6  10]
 [  4  15  45 301  14  18]
 [  3  15   8   4 330   9]
 [  0  15  22  11  13 218]]";0.6783216783216783;0.6207158493534517;"[[ 10  24   7  15  20   4]
 [  5 127  18   7  13   7]
 [  0  34 138  12   9   8]
 [  4  11  28 146  10  12]
 [  3  10   5   4 145  12]
 [  0   5  15  10  10 113]]";420;[55 84 71 73 64 73]
639;CiteSeer;own;-1;0.2;64;0.5;1;0.005;1256718679;0.0;0.0;[[]];0.21367153912295786;0.16596245231001253;"[[ 14  25  16  52  77   0]
 [ 27  92  17  81 188   8]
 [ 32  78  32 104 220   1]
 [ 50  55  54 129 197   5]
 [ 25  34  20 105 226   7]
 [ 13  52  12 116 158   4]]";0.23176823176823177;0.18997860319200888;"[[ 8 13 11 14 33  1]
 [ 8 51 10 36 72  0]
 [12 38 16 52 81  2]
 [23 17 19 60 92  0]
 [ 8 12  6 59 93  1]
 [ 5 22  2 44 76  4]]";0;[]
640;CiteSeer;own;-1;0.2;64;0.5;1;0.005;1256718679;1.0;1.0;"[[1 0 0]
 [0 2 0]
 [0 0 3]]";0.18879310344827585;0.06593452567215306;"[[  0   0   0   0 184   0]
 [  0   6   0   0 405   0]
 [  0   0   0   0 466   0]
 [  0   0   0  15 472   0]
 [  0   0   0   0 417   0]
 [  0   0   0   0 355   0]]";0.1878121878121878;0.06458996454726601;"[[  0   0   0   0  80   0]
 [  0   0   0   0 177   0]
 [  0   0   0   0 201   0]
 [  0   0   0   9 202   0]
 [  0   0   0   0 179   0]
 [  0   0   0   0 153   0]]";6;[0 1 0 2 3]
641;CiteSeer;own;-1;0.2;64;0.5;1;0.005;1256718679;0.9166666666666666;0.7222222222222222;"[[0 0 1 0]
 [0 4 0 0]
 [0 0 4 0]
 [0 0 0 3]]";0.3634399308556612;0.24257534638081082;"[[  0  57   0   7 123   0]
 [  0 269   0   5 135   0]
 [  0 148   0  23 295   0]
 [  0  49   0 165 267   0]
 [  0   9   0   0 407   0]
 [  0  16   0   4 335   0]]";0.36063936063936064;0.24175499231950845;"[[  0  12   0   1  67   0]
 [  0 113   0   0  64   0]
 [  0  66   0  14 121   0]
 [  0  24   0  72 115   0]
 [  0   3   0   0 176   0]
 [  0   5   0   2 146   0]]";12;[1 4 0 4 3]
642;CiteSeer;own;-1;0.2;64;0.5;1;0.005;1256718679;0.8333333333333334;0.6916666666666667;"[[0 2 1 0]
 [0 5 0 0]
 [0 0 7 0]
 [0 0 0 3]]";0.4562391681109185;0.2962215751353803;"[[  0  87   0  19  79   0]
 [  0 352   0   8  46   0]
 [  0 308   0  74  84   0]
 [  0  78   0 304  99   0]
 [  0  19   0   0 397   0]
 [  0  62   0  21 271   0]]";0.45754245754245754;0.29708649607684473;"[[  0  34   0   7  39   0]
 [  0 153   0   4  20   0]
 [  0 119   0  39  43   0]
 [  0  37   0 140  34   0]
 [  0  14   0   0 165   0]
 [  0  30   0   7 116   0]]";18;[3 5 0 7 3]
643;CiteSeer;own;-1;0.2;64;0.5;1;0.005;1256718679;0.7083333333333334;0.4130781499202552;"[[0 0 0 3 0 0]
 [0 5 0 0 0 0]
 [0 1 0 0 2 0]
 [0 0 0 8 0 0]
 [0 0 0 0 4 0]
 [0 0 0 0 1 0]]";0.4283231972198089;0.28237763665583193;"[[  0  66   0  24  88   0]
 [  0 285   0  29  73   0]
 [  0 135   0 149 231   0]
 [  0  43   0 298 118   0]
 [  0  12   0   0 403   0]
 [  0  33   0  34 281   0]]";0.43956043956043955;0.28769975777137474;"[[  0  19   0  11  50   0]
 [  0 127   0  16  34   0]
 [  0  59   0  53  89   0]
 [  0  22   0 145  44   0]
 [  0  10   0   1 168   0]
 [  0   9   0  16 128   0]]";24;[3 5 3 8 4 1]
644;CiteSeer;own;-1;0.2;64;0.5;1;0.005;1256718679;0.6666666666666666;0.41437229437229434;"[[0 0 0 5 0 0]
 [0 6 0 0 0 0]
 [0 1 0 2 1 0]
 [0 0 0 9 0 0]
 [0 0 0 0 5 0]
 [0 1 0 0 0 0]]";0.45339721254355403;0.2953016576175636;"[[  1  54   0  51  70   0]
 [  0 270   0  59  57   0]
 [  0 112   0 308  90   0]
 [  0  29   0 374  60   0]
 [  0  12   0   5 396   0]
 [  0  33   0  82 233   0]]";0.4485514485514486;0.28680128617036055;"[[  0  17   0  21  42   0]
 [  1 113   0  37  26   0]
 [  0  44   0 107  50   0]
 [  0  16   0 173  22   0]
 [  0  12   0   4 163   0]
 [  0  12   0  36 105   0]]";30;[5 6 4 9 5 1]
645;CiteSeer;own;-1;0.2;64;0.5;1;0.005;1256718679;0.75;0.5703425229741019;"[[0 0 3 2 0 0]
 [0 7 1 0 0 0]
 [0 0 6 0 0 0]
 [0 0 1 9 0 0]
 [0 0 0 0 5 0]
 [0 0 2 0 0 0]]";0.337117903930131;0.23647883220794932;"[[  0   5 165   0   6   0]
 [  0  62 321   0   4   0]
 [  0   2 502   0   2   0]
 [  0   0 403  57   1   0]
 [  0   1 250   0 151   0]
 [  0   0 349   0   9   0]]";0.3256743256743257;0.23750714181080998;"[[  0   1  73   0   6   0]
 [  0  29 148   0   0   0]
 [  0   0 199   1   1   0]
 [  0   0 183  28   0   0]
 [  0   0 109   0  70   0]
 [  0   0 148   0   5   0]]";36;[ 5  8  6 10  5  2]
646;CiteSeer;own;-1;0.2;64;0.5;1;0.005;1256718679;0.8095238095238095;0.66003663003663;"[[ 2  1  1  3  0  0]
 [ 1  9  0  0  0  0]
 [ 0  0  6  0  0  0]
 [ 0  0  0 11  0  0]
 [ 0  0  0  0  6  0]
 [ 0  0  0  0  2  0]]";0.5494746059544658;0.4311313653805891;"[[  3  39  91   3  44   0]
 [  1 201 150   1  26   0]
 [  0   8 477  11   7   0]
 [  0  17 182 229  32   0]
 [  0   7  51   1 345   0]
 [  3   1 276   1  77   0]]";0.5184815184815185;0.40230570698328;"[[  0   9  37   4  30   0]
 [  1  87  76   3  10   0]
 [  0   3 186   3   9   0]
 [  0   9  91  94  17   0]
 [  0   7  20   0 152   0]
 [  2   0 122   0  29   0]]";42;[ 7 10  6 11  6  2]
647;CiteSeer;own;-1;0.2;64;0.5;1;0.005;1256718679;0.7916666666666666;0.649953314659197;"[[ 2  0  1  4  1  0]
 [ 1 10  0  0  0  0]
 [ 0  0  7  0  0  0]
 [ 0  0  0 12  0  0]
 [ 0  0  0  0  7  0]
 [ 1  0  0  0  2  0]]";0.5763827919227392;0.4417153250048558;"[[  1  59  59   6  62   0]
 [  1 246  93   3  32   0]
 [  0  14 474   9  12   0]
 [  0  25 148 228  50   0]
 [  0   9  25   1 364   0]
 [  6   3 220   8 120   0]]";0.5534465534465535;0.4239156819357111;"[[  0  19  21   6  34   0]
 [  1 109  50   4  13   0]
 [  0   3 185   4   9   0]
 [  0  13  73 103  22   0]
 [  0   9  13   0 157   0]
 [  2   1 109   2  39   0]]";48;[ 8 11  7 12  7  3]
648;CiteSeer;own;-1;0.2;64;0.5;1;0.005;1256718679;0.9074074074074074;0.8974613349613351;"[[ 5  1  0  2  0  0]
 [ 0 12  0  0  0  0]
 [ 0  1  7  0  0  0]
 [ 0  0  0 13  0  0]
 [ 0  0  0  0  8  0]
 [ 0  0  1  0  0  4]]";0.6214788732394366;0.5573042297781223;"[[ 27  56  44   1  47  10]
 [  7 262  86   2  28  15]
 [  1  37 437   2  16   0]
 [  9  29 136 204  56   8]
 [  0  12  13   1 365   5]
 [  0   1 115   5 118 117]]";0.5764235764235764;0.5170365853770907;"[[  9  21  14   3  26   7]
 [  8 106  41   2  11   9]
 [  3  23 163   3   9   0]
 [ 10  12  82  83  19   5]
 [  1  12   5   0 159   2]
 [  1   0  55   2  38  57]]";54;[ 8 12  8 13  8  5]
649;CiteSeer;own;-1;0.2;64;0.5;1;0.005;1256718679;0.8833333333333333;0.8763585970716701;"[[ 5  1  1  2  0  0]
 [ 0 12  1  0  0  0]
 [ 0  0  8  0  0  0]
 [ 1  0  0 14  0  0]
 [ 0  0  0  0  8  0]
 [ 0  0  1  0  0  6]]";0.6332744924977934;0.5707835797659156;"[[ 17  34  55   6  28  39]
 [  4 214 110   3  15  66]
 [  0  24 429   7  10  10]
 [ 16  18 138 207  35  30]
 [  1  10  23   1 324  37]
 [  0   0  74   2  35 244]]";0.5924075924075924;0.5440346831113604;"[[ 10   9  16   1  22  22]
 [  6  87  51   2   6  25]
 [  3  23 161   3   9   2]
 [  3   9  81  94  15   9]
 [  0   9  10   0 144  16]
 [  0   0  39   0  17  97]]";60;[ 9 13  8 15  8  7]
650;CiteSeer;own;-1;0.2;64;0.5;1;0.005;1256718679;0.9393939393939394;0.9367307156780842;"[[ 6  1  0  2  0  0]
 [ 0 13  1  0  0  0]
 [ 0  0  9  0  0  0]
 [ 0  0  0 17  0  0]
 [ 0  0  0  0  9  0]
 [ 0  0  0  0  0  8]]";0.6929203539823009;0.6283987969660368;"[[ 19  54  25  31  37  12]
 [  5 283  65  18  22  18]
 [  3  48 384  29  10   5]
 [  0  24  66 312  35   9]
 [  0  15  12   9 335  20]
 [  2  15  51  10  44 233]]";0.6403596403596403;0.5685417000760592;"[[  2  19   9  19  25   6]
 [  9 108  36   8   7   9]
 [  3  38 135  14   9   2]
 [  0  11  36 146  13   5]
 [  0  14   4   5 145  11]
 [  2   2  29   1  14 105]]";66;[ 9 14  9 17  9  8]
651;CiteSeer;own;-1;0.2;64;0.5;1;0.005;1256718679;0.9722222222222222;0.9703463203463203;"[[ 9  1  0  0  1  0]
 [ 0 16  0  0  0  0]
 [ 0  0 10  0  0  0]
 [ 0  0  0 17  0  0]
 [ 0  0  0  0 10  0]
 [ 0  0  0  0  0  8]]";0.6792369121561668;0.6173574381373471;"[[ 22  49  27  16  51   9]
 [  5 266  75   6  38  12]
 [  0  33 408  20  16   4]
 [  0  21  90 258  65  10]
 [  0   7  10   5 373   8]
 [  0  11  60   5  70 204]]";0.6163836163836164;0.5514482476454735;"[[  4  17  10  12  32   5]
 [  8  98  42   3  20   6]
 [  3  26 147  12  12   1]
 [  0  10  55 114  26   6]
 [  0   7   6   2 161   3]
 [  1   2  29   0  28  93]]";72;[11 16 10 17 10  8]
652;CiteSeer;own;-1;0.2;64;0.5;1;0.005;1256718679;0.9358974358974359;0.9398635477582845;"[[ 8  0  0  3  0  0]
 [ 1 17  0  1  0  0]
 [ 0  0 11  0  0  0]
 [ 0  0  0 17  0  0]
 [ 0  0  0  0 11  0]
 [ 0  0  0  0  0  9]]";0.6952846975088968;0.6323445036592978;"[[ 22  58  17  21  44   9]
 [  7 290  53   7  32  11]
 [  3  47 390  24  15   4]
 [  0  27  71 281  55   9]
 [  0  10   9   5 368  11]
 [  0  17  54   8  57 212]]";0.6453546453546454;0.5768776349885023;"[[  4  22   8  12  28   6]
 [  8 112  32   3  13   9]
 [  3  34 139  13  10   2]
 [  0  13  40 131  22   5]
 [  0   9   4   1 161   4]
 [  1   3  25   1  24  99]]";78;[11 19 11 17 11  9]
653;CiteSeer;own;-1;0.2;64;0.5;1;0.005;1256718679;0.9880952380952381;0.9883597883597884;"[[10  1  0  0  0  0]
 [ 0 22  0  0  0  0]
 [ 0  0 11  0  0  0]
 [ 0  0  0 18  0  0]
 [ 0  0  0  0 11  0]
 [ 0  0  0  0  0 11]]";0.6931311329170383;0.6263767920338087;"[[ 16  67  10  21  34  14]
 [  5 332  44   6  23  24]
 [  0  83 329  19  13   5]
 [  0  44  69 278  36  17]
 [  0  14  11   6 358  16]
 [  0  12  48   4  43 241]]";0.6203796203796204;0.5562702828190055;"[[  4  25   3  15  24   9]
 [  5 122  23   3  10  14]
 [  3  64 110  11  10   3]
 [  1  20  38 127  17   8]
 [  0  14   2   2 151  10]
 [  1   3  22   1  19 107]]";84;[11 22 11 18 11 11]
654;CiteSeer;own;-1;0.2;64;0.5;1;0.005;1256718679;0.9666666666666667;0.9670707070707071;"[[10  1  0  0  0  0]
 [ 1 21  1  0  0  0]
 [ 0  0 12  0  0  0]
 [ 0  0  0 20  0  0]
 [ 0  0  0  0 11  0]
 [ 0  0  0  0  0 13]]";0.7003577817531306;0.6239802049227735;"[[ 10  54  13  15  30  30]
 [  6 306  58   7  20  29]
 [  0  76 329  24   8  10]
 [  0  38  40 312  25  33]
 [  0  16   7   3 330  44]
 [  0  17  36   7  24 279]]";0.6183816183816184;0.5507861876351695;"[[  3  31   3  11  20  12]
 [  4 115  28   2   9  19]
 [  1  65 105  13   9   8]
 [  1   9  35 141  15  10]
 [  0  12   3   3 136  25]
 [  1   4  20   0   9 119]]";90;[11 23 12 20 11 13]
655;CiteSeer;own;-1;0.2;64;0.5;1;0.005;1256718679;0.96875;0.9657474503488995;"[[11  1  0  0  1  0]
 [ 0 23  1  0  0  0]
 [ 0  0 13  0  0  0]
 [ 0  0  0 21  0  0]
 [ 0  0  0  0 11  0]
 [ 0  0  0  0  0 14]]";0.690134529147982;0.6137608220380132;"[[  8  72  11   9  25  38]
 [  2 346  35   6   9  21]
 [  0  87 320  22   6  14]
 [  1  61  43 284  15  39]
 [  0  22   8   5 311  52]
 [  0  36  34   3  15 270]]";0.6023976023976024;0.5417468099200171;"[[  4  38   1   8  14  15]
 [  3 128  23   2   6  15]
 [  1  68 106   9   8   9]
 [  0  23  34 130   8  16]
 [  0  19   2   3 122  33]
 [  1  10  20   0   9 113]]";96;[13 24 13 21 11 14]
656;CiteSeer;own;-1;0.2;64;0.5;1;0.005;1256718679;0.9803921568627451;0.9762997903563941;"[[11  1  0  0  1  0]
 [ 0 26  0  0  0  0]
 [ 0  0 14  0  0  0]
 [ 0  0  0 22  0  0]
 [ 0  0  0  0 12  0]
 [ 0  0  0  0  0 15]]";0.6960431654676259;0.6215771552280259;"[[ 11  54   8  16  30  41]
 [  0 318  43   8  15  30]
 [  0  80 319  28   6  21]
 [  1  30  46 298  23  44]
 [  1  14   7   7 320  50]
 [  0  12  35   7  19 282]]";0.6263736263736264;0.5652652690919486;"[[  6  27   2  10  16  19]
 [  1 119  26   2   9  20]
 [  1  60 113   8  10   9]
 [  0  12  29 144  10  16]
 [  0  11   2   5 127  34]
 [  0   6  19   1   9 118]]";102;[13 26 14 22 12 15]
657;CiteSeer;own;-1;0.2;64;0.5;1;0.005;1256718679;0.9722222222222222;0.9702581369248037;"[[12  1  0  0  0  1]
 [ 1 26  0  0  0  0]
 [ 0  0 16  0  0  0]
 [ 0  0  0 23  0  0]
 [ 0  0  0  0 12  0]
 [ 0  0  0  0  0 16]]";0.7249774571686204;0.6814115936010885;"[[ 40  60   7  14  14  24]
 [  3 339  33   8   8  21]
 [  1  75 331  29   7  13]
 [  3  32  48 307  19  30]
 [ 12  12   6   7 325  36]
 [  4  17  38   7  22 266]]";0.6473526473526473;0.6014265654086092;"[[ 13  35   1  10  10  11]
 [  8 126  21   2   6  14]
 [  1  56 118   9  10   7]
 [  1  15  26 147   8  14]
 [  4  13   2   5 130  25]
 [  1   7  18   1  12 114]]";108;[14 27 16 23 12 16]
658;CiteSeer;own;-1;0.2;64;0.5;1;0.005;1256718679;0.9824561403508771;0.9817242800473958;"[[13  1  0  0  0  0]
 [ 0 29  0  0  0  0]
 [ 0  0 17  0  0  0]
 [ 1  0  0 23  0  0]
 [ 0  0  0  0 13  0]
 [ 0  0  0  0  0 17]]";0.720614828209765;0.6524796699865316;"[[ 16  75   6  15   9  25]
 [  4 357  33   6   6  21]
 [  0  75 331  24   8  16]
 [  1  37  46 301  22  33]
 [  4  22   5   3 310  37]
 [  2  25  37   5  16 279]]";0.6393606393606394;0.5813803255848471;"[[  7  40   1  10   8  14]
 [  2 133  20   2   4  16]
 [  1  58 117   8  10   7]
 [  2  15  30 135  15  14]
 [  3  16   2   2 131  25]
 [  1   7  19   1   8 117]]";114;[14 29 17 24 13 17]
659;CiteSeer;own;-1;0.2;64;0.5;1;0.005;1256718679;0.9833333333333333;0.9820483749055177;"[[13  1  0  0  0  0]
 [ 0 31  0  0  0  0]
 [ 0  0 17  0  0  0]
 [ 1  0  0 24  0  0]
 [ 0  0  0  0 13  0]
 [ 0  0  0  0  0 20]]";0.7175883952855848;0.6483687463674268;"[[ 15  67   6  15  10  30]
 [  4 345  35   4   5  33]
 [  0  67 330  21   8  28]
 [  1  29  45 290  20  54]
 [  3  24   4   3 303  43]
 [  2  20  26   4  12 300]]";0.6293706293706294;0.5695313118111721;"[[  6  37   2  10   7  18]
 [  3 129  18   1   3  23]
 [  1  56 115   8  10  11]
 [  2  11  31 135  12  20]
 [  2  20   2   3 121  31]
 [  2   4  16   1   6 124]]";120;[14 31 17 25 13 20]
660;CiteSeer;own;-1;0.2;64;0.5;1;0.005;1256718679;0.9841269841269841;0.9845400357253805;"[[14  1  0  0  0  0]
 [ 0 31  0  0  0  0]
 [ 0  1 18  0  0  0]
 [ 0  0  0 26  0  0]
 [ 0  0  0  0 15  0]
 [ 0  0  0  0  0 20]]";0.7286363636363636;0.6722232110668834;"[[ 26  62   8  16  12  25]
 [  4 344  36   8   7  20]
 [  1  69 331  34   9  16]
 [  3  27  39 321  21  26]
 [  4  25   4   5 312  27]
 [  2  26  32  10  19 269]]";0.6463536463536463;0.5807504051918052;"[[  5  39   3  12   8  13]
 [  5 133  19   3   4  13]
 [  1  52 119  10  10   9]
 [  0  10  25 153  11  12]
 [  3  18   2   7 124  25]
 [  5   7  18   2   8 113]]";126;[15 31 19 26 15 20]
661;CiteSeer;own;-1;0.2;64;0.5;1;0.005;1256718679;0.9696969696969697;0.9620089092945112;"[[14  1  0  0  1  0]
 [ 0 31  0  0  0  0]
 [ 0  0 21  0  0  0]
 [ 0  0  0 27  0  0]
 [ 1  0  0  0 15  1]
 [ 0  0  0  0  0 20]]";0.7228805834092981;0.667259983816674;"[[ 28  57  15  12  34  25]
 [  4 328  48   5  12  22]
 [  1  53 351  27   7  19]
 [  4  22  49 296  30  33]
 [  2  19   3   4 305  27]
 [  3  16  35   4  16 278]]";0.6453546453546454;0.5855819683511324;"[[  7  37   5   8  11  12]
 [  4 126  28   1   6  12]
 [  1  44 128   8  10  10]
 [  1   8  32 142  15  13]
 [  2  18   1   3 128  27]
 [  5   3  19   1  10 115]]";132;[16 31 21 27 17 20]
662;CiteSeer;own;-1;0.2;64;0.5;1;0.005;1256718679;0.9782608695652174;0.9746681746681748;"[[15  1  0  0  1  0]
 [ 0 31  0  0  0  0]
 [ 0  0 22  0  0  0]
 [ 1  0  0 27  0  0]
 [ 0  0  0  0 18  0]
 [ 0  0  0  0  0 22]]";0.7175502742230347;0.6745405910115866;"[[ 38  56  10  12  19  33]
 [  4 304  47   4  10  38]
 [  1  62 339  26   4  32]
 [  4  20  50 291  21  49]
 [  2  19   3   5 289  40]
 [  4   4  26   3  10 309]]";0.6433566433566433;0.591268808023632;"[[ 10  35   3   7   8  17]
 [  6 118  25   0   5  23]
 [  2  46 124   8   8  13]
 [  3   5  32 142  11  18]
 [  2  18   1   3 127  28]
 [  6   1  15   1   7 123]]";138;[17 31 22 28 18 22]
663;CiteSeer;own;-1;0.2;64;0.5;1;0.005;1256718679;0.9791666666666666;0.9772023061538238;"[[17  1  0  1  0  0]
 [ 0 32  0  0  0  0]
 [ 0  0 23  0  0  0]
 [ 0  0  0 29  0  0]
 [ 0  0  0  0 19  0]
 [ 0  0  0  0  1 21]]";0.7186067827681026;0.6994281966490216;"[[ 82  51  11   6  11  19]
 [ 13 304  58   4   5  28]
 [  9  52 338  27   4  25]
 [ 32  22  58 277  12  26]
 [ 20  23   8   2 271  31]
 [  8  11  26   4   8 296]]";0.6393606393606394;0.6073920796988349;"[[ 21  35   4   4   6  10]
 [ 13 118  29   0   1  16]
 [  2  44 130   8   8   9]
 [ 14  10  33 140   6   8]
 [ 17  19   2   4 113  24]
 [  7   3  17   1   7 118]]";144;[19 32 23 29 19 22]
664;CiteSeer;own;-1;0.2;64;0.5;1;0.005;1256718679;0.9733333333333334;0.9724289060959901;"[[18  1  0  0  0  1]
 [ 1 30  1  0  0  0]
 [ 0  0 25  0  0  0]
 [ 0  0  0 30  0  0]
 [ 0  0  0  0 20  0]
 [ 0  0  0  0  0 23]]";0.7215073529411765;0.7020211190776031;"[[ 85  57  12   8   6  17]
 [ 15 297  50   9   9  24]
 [  4  60 340  28   5  21]
 [ 30  18  52 288  18  19]
 [ 34  12   5   3 274  28]
 [  8  10  30   3  11 286]]";0.6403596403596403;0.6151593173279202;"[[ 28  29   5   4   5   9]
 [ 11 117  31   2   3  13]
 [  2  46 131   7   8   7]
 [ 12   4  36 145   8   6]
 [ 35  16   2   2 103  21]
 [  4   3  20   1   8 117]]";150;[20 32 25 30 20 23]
665;CiteSeer;own;-1;0.2;64;0.5;1;0.005;1256718679;0.967948717948718;0.9667362454101692;"[[19  2  0  0  0  1]
 [ 1 31  0  0  0  0]
 [ 0  0 26  0  0  0]
 [ 1  0  0 31  0  0]
 [ 0  0  0  0 21  0]
 [ 0  0  0  0  0 23]]";0.7276497695852534;0.70223684143651;"[[ 70  61  10  12   3  21]
 [  8 304  47   9   9  25]
 [  1  59 338  29   4  26]
 [ 21  22  45 303  17  22]
 [ 31  14   4   4 275  29]
 [  6  10  29   3  10 289]]";0.6493506493506493;0.6142329462869396;"[[ 21  32   5   6   6  10]
 [  7 124  26   2   3  15]
 [  2  46 130   7   9   7]
 [  8   6  32 153   6   6]
 [ 30  17   2   3 105  22]
 [  5   3  18   2   8 117]]";156;[22 32 26 32 21 23]
666;CiteSeer;own;-1;0.2;64;0.5;1;0.005;1256718679;0.9814814814814815;0.9815249078406972;"[[20  2  0  0  0  0]
 [ 0 32  0  0  0  0]
 [ 0  0 28  0  0  0]
 [ 0  0  1 32  0  0]
 [ 0  0  0  0 23  0]
 [ 0  0  0  0  0 24]]";0.737985212569316;0.71203163916199;"[[ 68  56  13  15   5  18]
 [  6 299  49  12  10  24]
 [  2  52 347  24   5  25]
 [  9  21  51 315  15  19]
 [ 25  14   4   6 276  32]
 [  6   8  28   4   9 292]]";0.6473526473526473;0.6033622784831872;"[[ 15  32   5  13   6   9]
 [  5 124  28   6   2  12]
 [  2  44 126   7   9  13]
 [  2   8  33 156   7   5]
 [ 22  17   1   8 107  24]
 [  5   4  16   2   6 120]]";162;[22 32 28 33 23 24]
667;CiteSeer;own;-1;0.2;64;0.5;1;0.005;1256718679;0.9761904761904762;0.9757842508688501;"[[20  1  0  1  0  0]
 [ 0 33  1  0  0  0]
 [ 0  0 28  0  0  0]
 [ 1  0  0 34  0  0]
 [ 0  0  0  0 24  0]
 [ 0  0  0  0  0 25]]";0.7395736793327155;0.710380094791412;"[[ 65  55   9  14   7  16]
 [ 11 290  51  16  10  23]
 [  2  45 341  34   6  22]
 [ 16  17  40 334  15  15]
 [ 27  12   4   7 282  29]
 [  4   7  27   8  13 284]]";0.6473526473526473;0.6048688525708698;"[[ 17  27   5  12  10   9]
 [  8 116  29   7   4  13]
 [  2  41 127  11   9  11]
 [  3   9  23 163   7   6]
 [ 23  15   2  11 110  18]
 [  7   2  17   2  10 115]]";168;[22 34 28 35 24 25]
668;CiteSeer;own;-1;0.2;64;0.5;1;0.005;1256718679;0.9827586206896551;0.9813214120104052;"[[22  1  0  0  0  0]
 [ 0 35  0  0  0  0]
 [ 0  0 31  0  0  0]
 [ 1  0  0 34  0  0]
 [ 0  0  0  0 24  1]
 [ 0  0  0  0  0 25]]";0.7430297397769516;0.7121632214503258;"[[ 61  59   7  14   6  16]
 [  6 307  44  10  10  22]
 [  0  45 350  29   5  21]
 [ 16  23  45 317  15  19]
 [ 27  13   5   7 278  31]
 [  3  11  28   7   9 286]]";0.6573426573426573;0.6120656659934784;"[[ 15  32   5  11   9   8]
 [  5 128  24   4   4  12]
 [  2  41 132   9   9   8]
 [  4  10  28 157   5   7]
 [ 24  16   3   6 109  21]
 [  5   5  18   2   6 117]]";174;[23 35 31 35 25 25]
669;CiteSeer;own;-1;0.2;64;0.5;1;0.005;1256718679;0.9722222222222222;0.9702485543313895;"[[22  1  0  0  0  0]
 [ 0 35  0  0  0  0]
 [ 0  1 31  0  0  0]
 [ 1  0  0 36  0  0]
 [ 1  0  0  0 25  1]
 [ 0  0  0  0  0 26]]";0.7413793103448276;0.712482743734422;"[[ 63  49  11  14   9  15]
 [  7 287  52  13  11  23]
 [  1  44 357  28   5  18]
 [ 13  20  48 324  18  12]
 [ 22  12   5   7 288  31]
 [  4  11  32   7  13 272]]";0.6553446553446554;0.6128061003200576;"[[ 17  27   6  11  10   9]
 [  8 117  29   5   6  12]
 [  2  38 138   8   9   6]
 [  4   6  30 158   7   6]
 [ 22  15   3   9 111  19]
 [  5   5  17   3   8 115]]";180;[23 35 32 37 27 26]
670;CiteSeer;own;-1;0.2;64;0.5;1;0.005;1256718679;0.9731182795698925;0.9705074346424557;"[[21  1  0  1  0  0]
 [ 0 36  0  0  0  0]
 [ 0  1 32  0  0  0]
 [ 0  0  0 39  0  0]
 [ 1  0  0  0 26  1]
 [ 0  0  0  0  0 27]]";0.7411214953271028;0.708023916945919;"[[ 55  56   8  19   6  17]
 [  4 298  45  13  11  22]
 [  0  47 342  29   6  22]
 [ 12  21  50 324  18  12]
 [ 18  13   4   8 286  35]
 [  4  11  25   8  10 281]]";0.6623376623376623;0.609831163143359;"[[ 12  29   6  13  11   9]
 [  4 125  25   6   6  11]
 [  2  41 132   8   9   9]
 [  2   8  23 166   7   5]
 [ 20  16   3  10 111  19]
 [  4   5  17   3   7 117]]";186;[23 36 33 39 28 27]
671;CiteSeer;own;-1;0.2;64;0.5;1;0.005;1256718679;0.9739583333333334;0.9720196657797752;"[[22  1  1  1  0  0]
 [ 0 37  0  0  0  0]
 [ 0  1 32  0  0  0]
 [ 0  0  0 40  0  0]
 [ 0  0  0  0 28  1]
 [ 0  0  0  0  0 28]]";0.738987816307404;0.7068869368443167;"[[ 57  61   8  13   8  12]
 [  5 305  44   9  11  18]
 [  1  56 335  23   6  25]
 [ 14  22  51 319  18  12]
 [ 24  13   4   8 283  31]
 [  7  11  27   3  12 278]]";0.6493506493506493;0.6051029553723156;"[[ 15  30   6  10  11   8]
 [  7 126  25   4   5  10]
 [  2  43 131   8   9   8]
 [  6   8  28 155   8   6]
 [ 24  16   3   8 108  20]
 [  6   7  16   1   8 115]]";192;[25 37 33 40 29 28]
672;CiteSeer;own;-1;0.2;64;0.5;1;0.005;1256718679;0.9696969696969697;0.9664122550045336;"[[23  2  0  1  0  0]
 [ 0 39  0  0  0  0]
 [ 0  0 33  0  0  0]
 [ 0  0  0 40  0  0]
 [ 0  0  0  0 29  2]
 [ 1  0  0  0  0 28]]";0.743890977443609;0.7112818974549144;"[[ 56  61   5  16   7  17]
 [  5 315  36  10  11  21]
 [  0  59 320  25   6  26]
 [ 13  26  34 321  16  20]
 [ 17  14   4   9 287  33]
 [  4  12  22   6  10 284]]";0.6593406593406593;0.6100075531040393;"[[ 13  34   4  10  11   8]
 [  4 131  18   4   4  16]
 [  2  47 123   9   9  11]
 [  5  12  20 160   6   8]
 [ 20  16   2   8 112  21]
 [  5   8  11   1   7 121]]";198;[26 39 33 40 31 29]
673;CiteSeer;own;-1;0.2;64;0.5;1;0.005;1256718679;0.9656862745098039;0.9632499253903751;"[[24  1  1  1  0  0]
 [ 0 39  0  0  0  0]
 [ 0  1 34  0  0  0]
 [ 0  0  0 40  0  0]
 [ 1  0  0  1 31  0]
 [ 1  0  0  0  0 29]]";0.736569274269557;0.7000658522397533;"[[ 50  59  10  14   7  16]
 [  5 292  51  10  13  19]
 [  1  50 335  23   9  21]
 [ 12  22  44 316  21  14]
 [ 22  14   4  10 291  30]
 [  4   9  29   3  13 279]]";0.6523476523476524;0.6060120477174976;"[[ 14  29   5  12  12   8]
 [  8 119  28   4   6  12]
 [  2  43 131   8   9   8]
 [  4   7  28 158   8   6]
 [ 19  16   3   7 115  19]
 [  5   3  18   2   9 116]]";204;[27 39 35 40 33 30]
674;CiteSeer;own;-1;0.2;64;0.5;1;0.005;1256718679;0.9571428571428572;0.9551350352266148;"[[24  2  0  1  0  0]
 [ 0 41  0  0  0  0]
 [ 0  1 35  0  0  0]
 [ 0  1  0 40  0  0]
 [ 1  0  0  1 32  1]
 [ 1  0  0  0  0 29]]";0.7419659735349716;0.7029566226662132;"[[ 45  70   7  16   7  11]
 [  4 320  35   7  15  12]
 [  1  72 315  23   9  16]
 [ 10  32  34 322  20  11]
 [ 15  16   3   9 295  32]
 [  4  15  23   3  14 273]]";0.6553446553446554;0.6065824900220527;"[[ 12  35   3  10  13   7]
 [  7 133  21   4   5   7]
 [  2  52 121   7   9  10]
 [  3  18  21 154   9   6]
 [ 11  18   2   7 121  20]
 [  5   8  14   2   9 115]]";210;[27 41 36 41 35 30]
675;CiteSeer;own;-1;0.2;64;0.5;1;0.005;1256718679;0.9537037037037037;0.9504163238583492;"[[25  2  1  1  0  0]
 [ 0 41  0  0  0  0]
 [ 0  1 35  0  0  0]
 [ 0  0  0 41  1  0]
 [ 2  0  0  0 34  1]
 [ 1  0  0  0  0 30]]";0.7412322274881517;0.707265526792896;"[[ 54  57   8  16   8  14]
 [  8 294  45   8  16  17]
 [  1  65 321  23   9  17]
 [ 12  22  37 323  22  13]
 [ 17  13   3   8 294  35]
 [  7   7  21   4  13 278]]";0.6593406593406593;0.6169197458399462;"[[ 17  28   4  10  12   9]
 [ 10 123  25   4   6   9]
 [  3  46 124   7   9  12]
 [  3   6  25 157  12   8]
 [ 12  14   2   7 122  22]
 [  5   5  15   2   9 117]]";216;[29 41 36 42 37 31]
676;CiteSeer;own;-1;0.2;64;0.5;1;0.005;1256718679;0.9594594594594594;0.9567061857251806;"[[25  1  0  3  0  0]
 [ 0 42  0  0  0  0]
 [ 0  1 36  0  0  0]
 [ 0  0  0 42  1  0]
 [ 1  0  0  0 37  1]
 [ 1  0  0  0  0 31]]";0.7433460076045627;0.7121504325336686;"[[ 54  60   6  14   9  11]
 [ 10 310  35   7  17  14]
 [  0  78 298  25  11  15]
 [ 11  29  35 320  24  11]
 [  4  16   3   8 308  28]
 [  8  11  21   4  15 274]]";0.6613386613386614;0.6186941504708331;"[[ 16  32   3   7  14   8]
 [ 10 132  16   5   7   7]
 [  1  60 111   8  11  10]
 [  2  13  19 155  15   7]
 [  7  14   2   5 132  19]
 [  3   8  14   2  10 116]]";222;[29 42 37 43 39 32]
677;CiteSeer;own;-1;0.2;64;0.5;1;0.005;1256718679;0.9517543859649122;0.9487390653035294;"[[26  1  0  3  0  1]
 [ 0 43  0  0  1  0]
 [ 0  1 37  0  0  0]
 [ 0  0  0 43  1  0]
 [ 1  0  0  0 37  1]
 [ 1  0  0  0  0 31]]";0.7464251668255482;0.7156078926732844;"[[ 55  55   6  14   8  16]
 [ 11 307  36   9  12  19]
 [  3  73 300  25   9  16]
 [ 11  26  36 320  22  14]
 [  3  15   3   9 303  33]
 [  4   7  23   5   9 281]]";0.6683316683316683;0.6291829651084956;"[[ 19  28   4   9  12   8]
 [  9 132  17   5   5   9]
 [  2  55 113   9  10  12]
 [  2   9  21 160  10   9]
 [  7  15   2   9 125  21]
 [  2   5  17   1   8 120]]";228;[31 44 38 44 39 32]
678;CiteSeer;own;-1;0.2;64;0.5;1;0.005;1256718679;0.9615384615384616;0.9594326693130856;"[[29  1  0  1  0  0]
 [ 0 44  0  0  0  1]
 [ 0  1 37  0  0  0]
 [ 0  0  0 45  0  0]
 [ 0  1  0  0 38  1]
 [ 2  0  1  0  0 32]]";0.745697896749522;0.7143727520314807;"[[ 54  54   6  14  10  13]
 [ 13 305  41   8  14  16]
 [  1  72 298  26  10  14]
 [ 12  26  33 322  21  15]
 [  4  14   3   9 299  35]
 [  4  10  20   4  10 282]]";0.6643356643356644;0.6270904801923874;"[[ 20  27   3   9  13   8]
 [ 11 127  18   5   8   8]
 [  1  56 114   8  11  11]
 [  2   9  21 160  11   8]
 [  9  15   2   7 123  23]
 [  2   6  15   1   8 121]]";234;[31 45 38 45 40 35]
679;CiteSeer;own;-1;0.2;64;0.5;1;0.005;1256718679;0.9583333333333334;0.9555540573253255;"[[29  1  0  1  1  0]
 [ 0 45  0  0  1  0]
 [ 0  1 38  0  0  0]
 [ 1  0  0 45  0  0]
 [ 0  0  0  0 40  1]
 [ 2  0  1  0  0 33]]";0.7473633748801534;0.7150651222853058;"[[ 53  53   6  15  11  12]
 [ 11 311  30   9  15  17]
 [  0  72 294  27  10  17]
 [ 11  32  29 317  24  15]
 [  6  10   3   9 302  33]
 [  4  13  16   5  12 282]]";0.6573426573426573;0.6163527403008242;"[[ 17  27   3  11  14   8]
 [ 11 129  17   5   8   7]
 [  2  59 111   8  11  10]
 [  6  13  18 153  13   8]
 [ 10  15   2   5 127  20]
 [  2   6  14   2   8 121]]";240;[32 46 39 46 41 36]
680;CiteSeer;own;-1;0.2;64;0.5;1;0.005;1256718679;0.9512195121951219;0.9478150670796985;"[[28  2  0  1  1  0]
 [ 0 46  0  0  0  1]
 [ 0  2 39  0  0  0]
 [ 0  0  0 47  0  0]
 [ 0  0  0  0 40  2]
 [ 2  0  1  0  0 34]]";0.7509615384615385;0.7158280829580271;"[[ 50  53   8  18   8  12]
 [  8 309  28  10  12  22]
 [  0  69 298  25  10  19]
 [ 11  27  32 318  20  18]
 [  9  13   3   9 296  34]
 [  4  10  14   5   7 291]]";0.6583416583416584;0.6164451443872769;"[[ 17  25   4  10  15   9]
 [ 11 128  20   5   6   7]
 [  1  53 117   8  10  12]
 [  4  12  20 157  10   8]
 [ 11  16   2   9 118  23]
 [  1   6  14   2   8 122]]";246;[32 47 41 47 42 37]
681;CiteSeer;own;-1;0.2;64;0.5;1;0.005;1256718679;0.9484126984126984;0.9462311416671875;"[[28  2  0  1  1  0]
 [ 0 46  1  0  1  0]
 [ 1  2 39  0  0  0]
 [ 0  1  0 48  0  0]
 [ 0  0  0  0 42  1]
 [ 1  0  1  0  0 36]]";0.7502410800385728;0.7179912980489016;"[[ 54  54   6  18   6  11]
 [ 11 309  27  10  15  17]
 [  0  65 300  25  11  19]
 [ 12  28  37 310  23  13]
 [ 10  12   3   9 301  28]
 [  4  10  17   6  11 282]]";0.6643356643356644;0.6263616816197218;"[[ 19  26   4   9  15   7]
 [ 14 128  17   2   9   7]
 [  1  54 119   8  11   8]
 [  5  13  20 152  14   7]
 [ 10  16   2   5 126  20]
 [  1   6  14   1  10 121]]";252;[32 48 42 49 43 38]
682;CiteSeer;own;-1;0.2;64;0.5;1;0.005;1256718679;0.9496124031007752;0.9460531395476638;"[[27  2  0  1  2  0]
 [ 0 47  1  0  1  0]
 [ 1  3 39  0  0  0]
 [ 0  0  0 49  0  0]
 [ 1  0  0  0 46  0]
 [ 1  0  0  0  0 37]]";0.7437137330754352;0.7009921668578792;"[[ 40  59   4  16  10  12]
 [ 10 306  23  10  17  19]
 [  1  77 285  24  12  23]
 [  9  28  25 314  32  15]
 [  9  11   3   8 307  29]
 [  3   9  16   5  11 286]]";0.6583416583416584;0.6194887109774524;"[[ 18  26   2   9  18   7]
 [  8 128  14   5  11  11]
 [  1  62 109   8  11  10]
 [  4  13  19 152  16   7]
 [  9  16   2   5 128  19]
 [  1   4  12   1  11 124]]";258;[32 49 43 49 47 38]
683;CiteSeer;own;-1;0.2;64;0.5;1;0.005;1256718679;0.9431818181818182;0.9405359937559105;"[[28  3  0  1  1  0]
 [ 0 49  1  0  1  0]
 [ 1  3 40  0  0  0]
 [ 0  0  0 50  0  0]
 [ 1  1  0  0 45  1]
 [ 1  0  0  0  0 37]]";0.7468477206595538;0.7104484835631218;"[[ 46  58   4  16   8  11]
 [  8 316  19   9  20  14]
 [  1  85 283  25  10  17]
 [ 12  33  27 311  26  13]
 [  8  14   3   9 306  26]
 [  3  16   9   4  14 278]]";0.6553446553446554;0.6147950656034952;"[[ 17  30   3  10  13   7]
 [ 12 133  11   3  10   8]
 [  1  65 107   8  11   9]
 [  5  15  17 156  11   7]
 [  7  16   2   9 124  21]
 [  1   7  13   1  12 119]]";264;[33 51 44 50 48 38]
684;CiteSeer;own;-1;0.2;64;0.5;1;0.005;1256718679;0.9518518518518518;0.9503682957268503;"[[30  2  0  1  0  0]
 [ 0 50  2  0  1  0]
 [ 0  3 41  0  0  0]
 [ 0  0  0 51  0  0]
 [ 1  0  0  0 47  1]
 [ 1  0  1  0  0 38]]";0.7422178988326849;0.7045155377191182;"[[ 45  50   7  16  10  14]
 [  9 301  28   9  26  10]
 [  2  69 298  26  13  14]
 [ 13  30  34 305  32   8]
 [  8  10   3   9 305  27]
 [  2  13  10   7  21 272]]";0.6613386613386614;0.622863544568431;"[[ 19  21   4  10  17   9]
 [ 12 131  13   3  10   8]
 [  1  54 119   9  11   7]
 [  5  14  18 151  17   6]
 [  8  15   2   6 129  19]
 [  1   7  14   1  17 113]]";270;[33 53 44 51 49 40]
685;CiteSeer;own;-1;0.2;64;0.5;1;0.005;1256718679;0.9637681159420289;0.9631476667884434;"[[31  2  0  0  0  0]
 [ 0 52  1  0  1  0]
 [ 0  4 41  0  0  0]
 [ 0  0  0 53  0  0]
 [ 0  0  0  0 51  0]
 [ 1  0  1  0  0 38]]";0.7468292682926829;0.70963586374756;"[[ 43  60   4  16   9  10]
 [  7 319  16   8  23   9]
 [  0  84 284  29  10  10]
 [  8  39  22 315  27   8]
 [  7  13   5   9 309  22]
 [  0  23   9   7  25 261]]";0.6583416583416584;0.6176582045999256;"[[ 17  27   3  11  15   7]
 [ 10 137  10   3  10   7]
 [  1  65 111   8  10   6]
 [  5  16  15 155  14   6]
 [ 10  16   2   7 125  19]
 [  1  10  13   1  14 114]]";276;[33 54 45 53 51 40]
686;CiteSeer;own;-1;0.2;64;0.5;1;0.005;1256718679;0.9539007092198581;0.9531553458697667;"[[30  2  0  1  0  0]
 [ 0 52  2  0  0  0]
 [ 0  5 41  0  0  0]
 [ 0  0  0 55  0  0]
 [ 0  0  0  0 52  0]
 [ 0  0  1  0  2 39]]";0.7504892367906066;0.7078759355470078;"[[ 40  52   7  18  10  12]
 [  8 296  33   8  22  14]
 [  0  59 302  24  13  18]
 [  6  24  30 321  23  14]
 [ 10   9   3   9 306  30]
 [  0  13  15   7  19 269]]";0.6713286713286714;0.6329316483408484;"[[ 20  22   6  10  15   7]
 [ 11 129  16   3   9   9]
 [  1  50 122   9  10   9]
 [  4  12  16 159  14   6]
 [  8  15   2   7 127  20]
 [  1   6  15   1  15 115]]";282;[33 54 46 55 52 42]
687;CiteSeer;own;-1;0.2;64;0.5;1;0.005;1256718679;0.9548611111111112;0.9527645104183122;"[[30  2  0  1  0  0]
 [ 1 53  1  0  1  0]
 [ 0  4 43  0  0  0]
 [ 0  0  0 56  0  0]
 [ 0  0  0  0 52  1]
 [ 1  0  1  0  0 41]]";0.7585868498527969;0.7138645390510309;"[[ 37  59   5  17   9  12]
 [  6 319  21   8  13  12]
 [  0  73 290  24  14  14]
 [ 11  37  23 315  18  13]
 [  4  12   3   9 312  27]
 [  0  20  11   6  11 273]]";0.6753246753246753;0.6369807805452455;"[[ 19  26   4  10  14   7]
 [ 11 134  13   3   8   8]
 [  1  60 115   8  10   7]
 [  3  16  13 160  12   7]
 [  3  16   1   7 132  20]
 [  1  13  12   1  10 116]]";288;[33 56 47 56 53 43]
688;CiteSeer;own;-1;0.2;64;0.5;1;0.005;1256718679;0.9489795918367347;0.946768958804638;"[[31  2  0  1  0  0]
 [ 0 54  2  0  0  0]
 [ 1  4 44  0  0  0]
 [ 1  0  0 56  0  0]
 [ 0  1  0  0 52  1]
 [ 1  0  1  0  0 42]]";0.7554133858267716;0.7155388489032123;"[[ 42  51   7  14  12  12]
 [  5 288  34   9  22  15]
 [  0  59 299  26  13  18]
 [ 12  28  27 319  18  12]
 [  3  12   3   9 319  24]
 [  0  17  12   7  16 268]]";0.6773226773226774;0.6335596748967284;"[[ 17  23   5  11  17   7]
 [ 13 129  16   3   8   8]
 [  1  49 122   9  11   9]
 [  5  11  17 159  13   6]
 [  2  13   2   7 135  20]
 [  1  10  14   1  11 116]]";294;[34 56 49 57 54 44]
689;CiteSeer;own;-1;0.2;64;0.5;1;0.005;1256718679;0.97;0.9689002194995765;"[[34  2  0  0  0  0]
 [ 0 55  1  0  0  0]
 [ 1  3 46  0  0  0]
 [ 0  0  0 58  0  0]
 [ 0  0  0  0 54  1]
 [ 0  0  1  0  0 44]]";0.7611056268509379;0.7197517010038337;"[[ 41  51   6  14   8  17]
 [  5 297  25   8  21  17]
 [  3  59 295  24  14  19]
 [  8  33  25 315  18  14]
 [  4  10   3  10 314  27]
 [  0  17   7   4  13 280]]";0.6743256743256744;0.6274354047255688;"[[ 15  24   6  11  16   8]
 [ 10 132  15   3   8   9]
 [  2  52 118   8  10  11]
 [  5  14  14 156  14   8]
 [  2  12   2   7 134  22]
 [  1  11  10   1  10 120]]";300;[36 56 50 58 55 45]
690;CiteSeer;own;-1;0.2;64;0.5;1;0.005;1256718679;0.9673202614379085;0.965790452966917;"[[34  2  0  0  0  0]
 [ 0 56  1  0  0  0]
 [ 1  3 47  0  0  0]
 [ 1  0  0 59  0  0]
 [ 0  0  0  0 54  1]
 [ 0  0  1  0  0 46]]";0.7633663366336634;0.7194443059642168;"[[ 39  56   5  14   9  14]
 [  7 297  27   8  21  12]
 [  1  58 302  23  12  17]
 [ 10  32  29 308  19  13]
 [  5   8   3   7 319  24]
 [  0  16   7   6  15 277]]";0.6883116883116883;0.6420983661235762;"[[ 16  23   5   9  19   8]
 [  9 131  16   2  10   9]
 [  1  43 129   9  10   9]
 [  4  13  18 155  14   7]
 [  2  12   2   4 138  21]
 [  1  10  13   1   8 120]]";306;[36 57 51 60 55 47]
691;CiteSeer;own;-1;0.2;64;0.5;1;0.005;1256718679;0.9519230769230769;0.949665062236043;"[[35  2  1  0  0  0]
 [ 0 56  1  0  0  0]
 [ 1  4 46  0  0  0]
 [ 2  0  0 60  0  1]
 [ 0  0  0  0 54  2]
 [ 0  0  1  0  0 46]]";0.7651439920556107;0.7305567613747804;"[[ 52  43   4  15   7  11]
 [ 19 288  22  11  17  11]
 [  5  64 289  32  14  14]
 [ 13  29  22 322  16  10]
 [  7   8   3   7 318  23]
 [  3  15   9   9  10 272]]";0.6853146853146853;0.6499801940736477;"[[ 23  21   5   8  17   6]
 [ 17 126  14   4   9   7]
 [  3  51 116  11  10  10]
 [  5  12  15 163  10   6]
 [  2  13   2   4 138  20]
 [  1  10  13   1   8 120]]";312;[38 57 51 63 56 47]
692;CiteSeer;own;-1;0.2;64;0.5;1;0.005;1256718679;0.9559748427672956;0.9530471135803974;"[[35  2  1  0  0  0]
 [ 1 57  1  0  0  0]
 [ 1  3 48  0  0  0]
 [ 2  0  0 62  0  0]
 [ 0  0  0  0 56  2]
 [ 0  0  1  0  0 46]]";0.7604581673306773;0.7238723169239342;"[[ 47  44   4  14   9  13]
 [ 14 285  32  10  20   8]
 [  3  60 299  24  15  15]
 [ 11  28  31 309  22  10]
 [  5   8   3   6 320  22]
 [  3  16  12   4  15 267]]";0.6883116883116883;0.6463015705960073;"[[ 18  23   5   8  19   7]
 [  9 131  15   3  10   9]
 [  1  47 126   9  10   8]
 [  5  12  19 156  15   4]
 [  2  13   2   4 139  19]
 [  1   9  15   1   8 119]]";318;[38 59 52 64 58 47]
693;CiteSeer;own;-1;0.2;64;0.5;1;0.005;1256718679;0.9537037037037037;0.9506982676454062;"[[36  2  1  0  0  0]
 [ 1 58  1  0  0  0]
 [ 1  3 49  0  0  0]
 [ 3  0  0 62  0  0]
 [ 1  0  0  0 57  2]
 [ 0  0  0  0  0 47]]";0.7677322677322678;0.7329159980193284;"[[ 48  43   5  14   7  11]
 [ 10 296  25  11  18   9]
 [  3  63 293  28  15  14]
 [ 10  32  23 314  21   9]
 [  6   9   3   7 319  20]
 [  3  19   8   7  12 267]]";0.6933066933066933;0.6555187910491768;"[[ 21  23   5   9  16   6]
 [ 10 132  13   4   9   9]
 [  1  50 120  10  10  10]
 [  5  13  14 160  14   5]
 [  2  13   1   5 142  16]
 [  1  10  12   1  10 119]]";324;[39 60 53 65 60 47]
694;CiteSeer;own;-1;0.2;64;0.5;1;0.005;1256718679;0.9575757575757575;0.9544054152350204;"[[36  2  1  0  0  0]
 [ 2 59  1  0  0  0]
 [ 1  3 50  0  0  0]
 [ 2  0  0 64  0  0]
 [ 1  0  0  0 59  1]
 [ 0  0  0  0  0 48]]";0.7640280561122245;0.7273665252149293;"[[ 45  41   6  12  11  11]
 [ 10 284  29   7  28  11]
 [  2  54 302  27  16  14]
 [  9  31  30 307  23   8]
 [  4   8   3   5 329  18]
 [  2  14  10   8  19 258]]";0.6983016983016983;0.6565652791848325;"[[ 19  20   6   8  22   5]
 [ 11 128  15   3  11   9]
 [  1  44 126   9  11  10]
 [  4  13  17 158  14   5]
 [  2  11   2   4 147  13]
 [  1   8  12   1  10 121]]";330;[39 62 54 66 61 48]
695;CiteSeer;own;-1;0.2;64;0.5;1;0.005;1256718679;0.9464285714285714;0.9432863944723379;"[[35  2  1  0  1  0]
 [ 3 59  1  0  0  0]
 [ 1  3 52  0  0  0]
 [ 3  1  0 63  0  1]
 [ 0  1  0  0 60  0]
 [ 0  0  0  0  0 49]]";0.771859296482412;0.7340450322281585;"[[ 45  42   6  14   9   9]
 [  8 296  23   9  17  12]
 [  2  59 303  22  13  16]
 [ 10  30  35 308  15  10]
 [  6   8   4   4 327  17]
 [  4  17  10   7  16 257]]";0.7012987012987013;0.6600938125344452;"[[ 19  23   6   9  18   5]
 [ 11 134  15   3   6   8]
 [  1  47 125   8  11   9]
 [  5  14  19 156  13   4]
 [  2  12   2   4 145  14]
 [  1   8  12   1   8 123]]";336;[39 63 56 68 61 49]
696;CiteSeer;own;-1;0.2;64;0.5;1;0.005;1256718679;0.9502923976608187;0.9470121467541955;"[[36  2  1  1  0  1]
 [ 3 60  1  0  0  0]
 [ 1  3 53  0  0  0]
 [ 1  1  0 67  0  0]
 [ 0  1  0  0 61  0]
 [ 0  0  0  0  1 48]]";0.7661290322580645;0.7276549713549226;"[[ 45  42   5  20   9  10]
 [ 10 296  21  11  15  11]
 [  5  63 296  27  12  10]
 [ 10  28  32 309  15   7]
 [  5   8   4   5 325  17]
 [  2  20  12   6  22 249]]";0.6943056943056943;0.6534576713616851;"[[ 19  22   7  11  17   4]
 [ 12 136  15   3   5   6]
 [  2  51 118  10  11   9]
 [  4  13  17 159  14   4]
 [  2  13   2   4 144  14]
 [  1  10  12   2   9 119]]";342;[41 64 57 69 62 49]
697;CiteSeer;own;-1;0.2;64;0.5;1;0.005;1256718679;0.9540229885057471;0.951487711133609;"[[38  2  1  0  2  0]
 [ 3 60  1  0  1  0]
 [ 0  3 54  0  0  0]
 [ 1  0  0 69  1  0]
 [ 0  0  0  0 62  0]
 [ 0  0  1  0  0 49]]";0.7735085945399394;0.7370466450361713;"[[ 49  42   4  13  10  13]
 [  7 288  23  10  22  12]
 [  6  55 300  29  13   9]
 [ 14  26  24 313  15   7]
 [  3   8   3   5 326  16]
 [  4  12  13  10  20 254]]";0.6923076923076923;0.6490450408171405;"[[ 18  23   5   9  20   5]
 [ 10 135  15   2   5  10]
 [  1  47 122  12  11   8]
 [  9  13  16 156  13   4]
 [  5  12   1   4 142  15]
 [  1   8  13   0  11 120]]";348;[43 65 57 71 62 50]
698;CiteSeer;own;-1;0.2;64;0.5;1;0.005;1256718679;0.9463276836158192;0.9432966975676069;"[[38  3  1  2  2  0]
 [ 3 60  1  0  1  0]
 [ 0  3 56  0  0  0]
 [ 1  0  0 69  1  0]
 [ 0  0  0  0 63  0]
 [ 0  0  1  0  0 49]]";0.7682555780933062;0.7307689580317102;"[[ 49  42   5  11  11  12]
 [  8 289  23   9  21  11]
 [ 11  58 309  19  13  11]
 [ 19  26  36 293   9   8]
 [  6   7   3   5 318  18]
 [  7  13  14   6  15 257]]";0.6833166833166833;0.6372527939247941;"[[ 16  23   4   9  21   7]
 [ 13 134  14   1   4  11]
 [  2  46 125   7  11  10]
 [  9  12  22 153  11   4]
 [  7  11   2   7 137  15]
 [  1   7  14   0  12 119]]";354;[46 65 59 71 63 50]
699;CiteSeer;own;-1;0.2;64;0.5;1;0.005;1256718679;0.9444444444444444;0.9418783906218887;"[[40  3  1  1  2  0]
 [ 3 61  2  0  1  0]
 [ 0  2 57  0  0  0]
 [ 2  0  0 69  1  0]
 [ 1  0  0  0 63  0]
 [ 0  0  1  0  0 50]]";0.7639877924720244;0.7295702813387696;"[[ 51  41   3  11  11  12]
 [  7 288  25  10  21  10]
 [  9  61 307  18  13  11]
 [ 19  30  38 287   9   7]
 [  7   9   3   4 315  19]
 [  6  11  15   8  16 254]]";0.6753246753246753;0.6309770153695479;"[[ 16  24   5  10  21   4]
 [ 12 134  16   2   4   9]
 [  2  51 118   9  11  10]
 [  9  12  23 151  12   4]
 [  6  12   2   6 138  15]
 [  1   8  13   0  12 119]]";360;[47 67 59 72 64 51]
700;CiteSeer;own;-1;0.2;64;0.5;1;0.005;1256718679;0.9480874316939891;0.9456589300887547;"[[42  3  1  1  1  0]
 [ 3 62  2  0  1  0]
 [ 0  2 57  0  0  0]
 [ 2  0  0 70  1  0]
 [ 0  0  0  0 65  0]
 [ 1  0  1  0  0 51]]";0.7668367346938776;0.7294183621585679;"[[ 48  41   3  16   7  13]
 [ 11 282  26  11  20  11]
 [  9  56 304  23  12  13]
 [ 16  28  31 297   9   8]
 [  5   9   3   5 315  19]
 [  7  10  12  10  13 257]]";0.6773226773226774;0.6359136191188175;"[[ 18  24   4  11  19   4]
 [ 12 132  18   2   5   8]
 [  1  51 116  10  11  12]
 [ 10  10  22 154  11   4]
 [  6  12   2   6 138  15]
 [  1   8  14   0  10 120]]";366;[48 68 59 73 65 53]
701;CiteSeer;own;-1;0.2;64;0.5;1;0.005;1256718679;0.956989247311828;0.9547589041471642;"[[43  3  1  1  2  0]
 [ 3 63  2  0  1  0]
 [ 0  2 57  0  0  0]
 [ 1  0  0 73  0  0]
 [ 0  0  0  0 66  0]
 [ 0  0  0  0  0 54]]";0.7640736949846468;0.732009105035938;"[[ 57  38   3  13  11  12]
 [ 15 275  22   8  22  17]
 [ 13  55 298  22  11  17]
 [ 17  29  29 284  15  10]
 [  4   8   3   4 316  19]
 [  7   9   7   9  12 263]]";0.6833166833166833;0.643120102081707;"[[ 20  20   4   9  20   7]
 [ 15 131  13   1   5  12]
 [  1  48 117  10  12  13]
 [ 11  12  19 152  12   5]
 [  6  11   2   4 142  14]
 [  2   6  13   0  10 122]]";372;[50 69 59 74 66 54]
702;CiteSeer;own;-1;0.2;64;0.5;1;0.005;1256718679;0.9576719576719577;0.9565440542891127;"[[46  3  1  1  0  0]
 [ 3 64  1  0  1  0]
 [ 0  3 57  1  0  0]
 [ 0  0  1 74  0  0]
 [ 0  0  0  0 67  1]
 [ 0  0  0  0  0 54]]";0.7546201232032854;0.7267681614684413;"[[ 59  37   4  15   8  11]
 [  9 282  25   9  21  11]
 [ 14  66 289  20  11  12]
 [ 15  35  38 282   9   7]
 [  4   9   4   5 315  23]
 [  8  11  12   8  17 243]]";0.6773226773226774;0.6355429668786133;"[[ 18  23   4  10  19   6]
 [ 13 135  14   1   5   9]
 [  1  55 114   9  11  11]
 [ 10  12  21 152  12   4]
 [  7  12   2   4 140  14]
 [  2   6  14   1  11 119]]";378;[51 69 61 75 68 54]
703;CiteSeer;own;-1;0.2;64;0.5;1;0.005;1256718679;0.9557291666666666;0.9544674301125401;"[[48  2  1  2  0  0]
 [ 3 66  1  0  0  0]
 [ 0  3 58  1  0  0]
 [ 0  0  1 75  0  0]
 [ 0  0  0  0 66  2]
 [ 0  0  1  0  0 54]]";0.7497425334706488;0.7201870448204247;"[[ 58  36   4  15   6  12]
 [ 17 264  30  10  23  12]
 [ 13  58 294  22  10  15]
 [ 19  33  39 278   8   8]
 [  7   7   4   5 314  23]
 [  6   9  11   9  15 248]]";0.6823176823176823;0.643889132051621;"[[ 21  20   5  10  18   6]
 [ 17 129  14   2   5  10]
 [  1  47 123   8  11  11]
 [ 11  10  21 152  12   5]
 [  8  11   2   4 140  14]
 [  2   6  15   1  11 118]]";384;[53 70 62 76 68 55]
704;CiteSeer;own;-1;0.2;64;0.5;1;0.005;1256718679;0.9641025641025641;0.9627982157833244;"[[48  2  1  1  1  0]
 [ 2 69  1  0  0  0]
 [ 0  3 60  0  0  0]
 [ 0  0  1 76  0  0]
 [ 0  0  0  0 68  1]
 [ 0  0  1  0  0 55]]";0.7644628099173554;0.7378031093919007;"[[ 61  38   6  11   7   8]
 [ 10 281  27   9  19  10]
 [ 12  56 298  25  10  10]
 [ 17  31  38 278  13   6]
 [  5   8   4   5 316  21]
 [  6  13   8   5  18 246]]";0.6833166833166833;0.6415966275515489;"[[ 18  27   3   9  19   4]
 [ 13 133  17   2   6   6]
 [  2  44 126  10  11   8]
 [ 12  10  21 151  13   4]
 [  8  13   2   4 138  14]
 [  1   7  15   1  11 118]]";390;[53 72 63 77 69 56]
705;CiteSeer;own;-1;0.2;64;0.5;1;0.005;1256718679;0.9570707070707071;0.9557215313782081;"[[49  2  1  1  0  0]
 [ 3 68  2  0  0  0]
 [ 0  2 64  0  0  0]
 [ 1  0  1 75  0  0]
 [ 0  0  0  0 68  3]
 [ 0  0  1  0  0 55]]";0.761139896373057;0.7311985503562561;"[[ 57  42   4  11   7  10]
 [ 13 279  28   8  15  11]
 [ 11  61 300  19   8  13]
 [ 15  24  43 283   9   8]
 [  8   7   4   4 309  28]
 [  6  14  11   5  14 241]]";0.6813186813186813;0.6425343279217245;"[[ 20  26   4   9  17   4]
 [ 11 134  16   2   5   9]
 [  1  47 124   9  10  10]
 [ 11   9  22 152  11   6]
 [  9  13   4   6 134  13]
 [  2   6  15   1  11 118]]";396;[53 73 66 77 71 56]
706;CiteSeer;own;-1;0.2;64;0.5;1;0.005;1256718679;0.9502487562189055;0.9490285594379567;"[[50  2  1  1  0  0]
 [ 3 68  2  0  0  0]
 [ 0  2 65  0  0  0]
 [ 2  0  1 74  1  0]
 [ 1  0  0  0 69  2]
 [ 0  1  1  0  0 56]]";0.751039501039501;0.7242297449632588;"[[ 62  38   4   9   9   8]
 [ 15 274  27   8  21   8]
 [ 12  60 296  19  10  13]
 [ 15  25  45 274  15   7]
 [  8   7   4   4 313  23]
 [ 11  15  13   3  23 226]]";0.6773226773226774;0.6388727066388572;"[[ 20  26   3   8  18   5]
 [ 14 132  16   2   6   7]
 [  1  46 124   9  12   9]
 [ 13   9  23 147  13   6]
 [  9  12   3   4 140  11]
 [  2   6  15   1  14 115]]";402;[54 73 67 78 72 58]
707;CiteSeer;own;-1;0.2;64;0.5;1;0.005;1256718679;0.9607843137254902;0.9600764467405319;"[[52  2  1  0  0  0]
 [ 2 70  2  0  0  0]
 [ 0  2 65  0  0  0]
 [ 2  0  1 76  1  0]
 [ 0  0  0  0 72  1]
 [ 0  1  1  0  0 57]]";0.7679874869655892;0.736925004530125;"[[ 57  39   4   8   9  12]
 [  8 277  29   9  18  11]
 [ 12  50 303  18  11  12]
 [ 17  25  35 285  14   8]
 [  7   7   3   4 318  17]
 [  7  15  13   2  21 233]]";0.6933066933066933;0.6530167557416539;"[[ 20  24   3   7  20   6]
 [ 10 136  17   2   5   7]
 [  1  45 124  11  12   8]
 [ 11   9  19 155  12   5]
 [  8  13   0   6 141  11]
 [  1   6  14   1  13 118]]";408;[55 74 67 80 73 59]
708;CiteSeer;own;-1;0.2;64;0.5;1;0.005;1256718679;0.9565217391304348;0.9554562940823456;"[[52  1  1  1  0  0]
 [ 3 71  1  0  0  0]
 [ 0  2 65  1  1  0]
 [ 2  0  0 79  1  0]
 [ 0  0  0  0 71  2]
 [ 0  1  1  0  0 58]]";0.770397489539749;0.7381587536802439;"[[ 55  38   3  11   8  12]
 [  8 281  25  10  16  11]
 [ 11  58 290  20  10  15]
 [ 17  27  30 290   9  10]
 [  7   7   3   6 315  19]
 [  8  10   9   3  18 242]]";0.6883116883116883;0.6497668167378305;"[[ 21  25   2   8  18   6]
 [ 13 133  16   2   5   8]
 [  1  49 119  11  10  11]
 [ 11   9  18 157  11   5]
 [  9  13   2   6 137  12]
 [  1   4  14   0  12 122]]";414;[55 75 69 82 73 60]
709;CiteSeer;own;-1;0.2;64;0.5;1;0.005;1256718679;0.9642857142857143;0.9630209473446724;"[[51  2  1  1  0  0]
 [ 3 73  1  0  0  0]
 [ 0  2 67  0  1  0]
 [ 2  0  0 80  1  0]
 [ 0  0  0  0 74  0]
 [ 0  0  1  0  0 60]]";0.7644281217208815;0.7308660488196747;"[[ 53  35   5  11  12  10]
 [  9 259  33  10  22  13]
 [  8  50 305  23  11  10]
 [ 18  22  29 294  13   6]
 [  6   7   3   5 319  16]
 [  7   8  17   5  25 227]]";0.6963036963036963;0.6544370967030166;"[[ 19  23   7   8  19   4]
 [ 12 129  21   2   5   8]
 [  1  40 131   9  11   9]
 [ 11   9  19 155  13   4]
 [  7  12   2   4 143  11]
 [  2   4  15   0  12 120]]";420;[55 77 70 83 74 61]
710;CiteSeer;own;-1;0.2;64;0.5;1;0.005;1078341212;0.0;0.0;[[]];0.15262252794496992;0.11563964422327198;"[[ 40 101  14  17   0  12]
 [112 208   7  50   2  34]
 [121 275  17  33   0  21]
 [124 256  18  58   0  34]
 [ 49 211  15  73   0  69]
 [ 80 203  10  29   1  32]]";0.15984015984015984;0.1216816189813159;"[[ 19  47   2   8   0   4]
 [ 37  91   6  27   0  16]
 [ 53 116   4  13   0  15]
 [ 39 122   8  30   0  12]
 [ 25  90   9  33   0  22]
 [ 35  83   6  13   0  16]]";0;[]
711;CiteSeer;own;-1;0.2;64;0.5;1;0.005;1078341212;1.0;1.0;"[[1 0 0 0]
 [0 3 0 0]
 [0 0 1 0]
 [0 0 0 1]]";0.2646551724137931;0.14505069538358173;"[[  2   0   0   8 158   8]
 [  0   0   0  58 347   6]
 [  0   0   0 292 153   2]
 [  0   0   0 168 338   0]
 [  0   0   0   2 415   6]
 [  0   0   0  25 303  29]]";0.2517482517482518;0.1308394317904709;"[[  0   0   0   4  74   2]
 [  0   0   0  26 149   2]
 [  0   0   0 127  74   0]
 [  0   0   0  66 145   0]
 [  0   0   0   1 177   1]
 [  0   0   0   7 137   9]]";6;[1 0 0 3 1 1]
712;CiteSeer;own;-1;0.2;64;0.5;1;0.005;1078341212;0.75;0.6666666666666666;"[[2 0 0 0 2]
 [0 0 0 0 1]
 [0 0 3 0 0]
 [0 0 0 1 0]
 [0 0 0 0 3]]";0.3202247191011236;0.19433533314421206;"[[  1   0   0   2  72 101]
 [  0   0   0   1 107 293]
 [  0   0   0  53  52 332]
 [  0   0   0  67 150 286]
 [  0   0   0   0 384  39]
 [  0   0   0   1  84 289]]";0.30569430569430567;0.17811347325555002;"[[  0   0   0   0  42  38]
 [  0   0   0   1  56 120]
 [  0   0   0  37  23 141]
 [  0   0   0  18  63 130]
 [  0   0   0   2 167  10]
 [  0   0   0   2  30 121]]";12;[4 0 1 3 1 3]
713;CiteSeer;own;-1;0.2;64;0.5;1;0.005;1078341212;0.8333333333333334;0.6372549019607843;"[[7 0 0 0 0 0]
 [1 0 0 0 0 0]
 [2 0 0 0 0 0]
 [0 0 0 3 0 0]
 [0 0 0 0 1 0]
 [0 0 0 0 0 4]]";0.3240901213171577;0.2632421678642631;"[[129   0   0   0  37  19]
 [277   0   0   4  44  74]
 [253   0   0  83  18  80]
 [401   0   0  34  45  15]
 [ 28   0   0   0 372  22]
 [ 98   0   0   3  59 213]]";0.2937062937062937;0.23832665184200985;"[[ 44   0   0   0  26  10]
 [121   0   0   1  20  35]
 [ 84   0   0  57  14  46]
 [182   0   0   9  12   8]
 [ 14   0   0   0 158   7]
 [ 40   0   0   3  27  83]]";18;[7 1 2 3 1 4]
714;CiteSeer;own;-1;0.2;64;0.5;1;0.005;1078341212;0.7916666666666666;0.5814814814814815;"[[8 0 0 0 0 0]
 [0 0 0 0 1 0]
 [0 0 0 1 3 0]
 [0 0 0 4 0 0]
 [0 0 0 0 3 0]
 [0 0 0 0 0 4]]";0.2584708948740226;0.16339316210995783;"[[ 65   0   0   0 109  11]
 [ 87   0   0   2 242  51]
 [110   0   0  94 211  74]
 [201   0   0  26 223   9]
 [  2   0   0   0 436   2]
 [ 14   0   0   4 261  68]]";0.23476523476523475;0.1448382667631896;"[[ 17   0   0   0  55   8]
 [ 39   0   0   2 115  21]
 [ 28   0   0  49  84  40]
 [ 88   0   0  15 103   5]
 [  1   0   0   0 177   1]
 [  2   0   0   2 123  26]]";24;[8 1 4 4 3 4]
715;CiteSeer;own;-1;0.2;64;0.5;1;0.005;1078341212;0.8666666666666667;0.7663865546218487;"[[8 0 1 0 0 0]
 [0 0 2 0 0 0]
 [0 0 8 0 0 0]
 [0 0 0 4 0 0]
 [0 0 0 0 3 0]
 [0 0 1 0 0 3]]";0.3832752613240418;0.26839559604825497;"[[ 24   0 144   0  15   1]
 [  1   0 358   0  17   1]
 [  0   0 495   0   3   0]
 [  4   0 443   6   4   0]
 [  0   0 110   0 329   0]
 [  0   0 295   0  20  26]]";0.32967032967032966;0.211672800862969;"[[  4   0  58   0  17   1]
 [  1   0 170   0   5   1]
 [  1   0 195   1   4   0]
 [  4   0 200   4   3   0]
 [  0   0  55   0 124   0]
 [  0   0 139   0  11   3]]";30;[9 2 8 4 3 4]
716;CiteSeer;own;-1;0.2;64;0.5;1;0.005;1078341212;0.9166666666666666;0.9092592592592593;"[[8 0 1 0 0 0]
 [1 2 1 0 0 0]
 [0 0 9 0 0 0]
 [0 0 0 5 0 0]
 [0 0 0 0 4 0]
 [0 0 0 0 0 5]]";0.4480349344978166;0.3100801384209343;"[[ 44   0  34   0  93  10]
 [ 16   2 187   0 135  27]
 [  1   0 467   0  35   1]
 [ 47   0 260   9 135   3]
 [  0   0   7   0 434   2]
 [  2   0  48   0 221  70]]";0.4025974025974026;0.27288817084417766;"[[  9   0  17   0  46   8]
 [ 10   2  83   1  71  10]
 [  1   0 178   2  20   0]
 [ 25   0 118   4  60   4]
 [  0   0   1   0 177   1]
 [  0   0  17   0 103  33]]";36;[9 4 9 5 4 5]
717;CiteSeer;own;-1;0.2;64;0.5;1;0.005;1078341212;0.8809523809523809;0.8792929292929292;"[[8 1 1 0 0 1]
 [1 3 1 0 0 0]
 [0 0 9 0 0 0]
 [0 0 0 7 0 0]
 [0 0 0 0 5 0]
 [0 0 0 0 0 5]]";0.4820490367775832;0.3679307686271915;"[[ 48   2  28   1  86  14]
 [ 21  10 173   3 116  45]
 [  2   0 460   4  31   9]
 [ 46   0 241  46 113   8]
 [  2   0   5   1 431   3]
 [  2   0  41   3 183 106]]";0.43956043956043955;0.33557038498872044;"[[ 12   0  13   2  42  11]
 [ 14   4  85   1  57  16]
 [  1   0 173   6  18   3]
 [ 21   0 110  24  49   7]
 [  0   0   2   0 174   3]
 [  0   0  17   2  81  53]]";42;[11  5  9  7  5  5]
718;CiteSeer;own;-1;0.2;64;0.5;1;0.005;1078341212;0.8958333333333334;0.8992659514398644;"[[ 9  2  1  0  0  1]
 [ 1  4  0  0  0  0]
 [ 0  0 10  0  0  0]
 [ 0  0  0  8  0  0]
 [ 0  0  0  0  5  0]
 [ 0  0  0  0  0  7]]";0.5746268656716418;0.49058601521621537;"[[ 51   9  60   5  44  14]
 [ 30  20 192  13  51  51]
 [  0   1 478  18  12   7]
 [ 21   0 215 164  40   8]
 [  3   2  13   1 418   5]
 [  0   0  63   8  83 178]]";0.5234765234765235;0.446468117554802;"[[ 12   1  20   5  31  11]
 [ 19  12 100   7  23  16]
 [  1   0 173  11  13   3]
 [ 17   0  94  79  14   7]
 [  7   0   4   2 162   4]
 [  0   0  27   2  38  86]]";48;[13  5 10  8  5  7]
719;CiteSeer;own;-1;0.2;64;0.5;1;0.005;1078341212;0.9074074074074074;0.910791223071925;"[[11  2  0  0  0  1]
 [ 1  5  0  0  0  0]
 [ 0  0 10  0  0  0]
 [ 1  0  0  9  0  0]
 [ 0  0  0  0  7  0]
 [ 0  0  0  0  0  7]]";0.5554577464788732;0.47419642686258645;"[[ 66   7  42   2  53   9]
 [ 63  27 162   6  61  37]
 [  5   3 474  13  17   4]
 [ 27   1 236 114  64   7]
 [  5   1  10   1 420   3]
 [  0   0  68   7  96 161]]";0.5194805194805194;0.446528145398041;"[[ 20   3  19   2  30   6]
 [ 40  10  86   3  27  11]
 [  1   1 181   5  13   0]
 [ 19   0 105  61  20   6]
 [  7   0   3   0 166   3]
 [  1   0  25   2  43  82]]";54;[14  6 10 10  7  7]
720;CiteSeer;own;-1;0.2;64;0.5;1;0.005;1078341212;0.9166666666666666;0.9230566534914361;"[[14  1  0  0  0  1]
 [ 2  6  0  0  0  0]
 [ 0  0 10  0  0  0]
 [ 1  0  0 11  0  0]
 [ 0  0  0  0  7  0]
 [ 0  0  0  0  0  7]]";0.5763459841129744;0.5206938944717192;"[[144   0  40   4  18   3]
 [162  16 142   7   8  20]
 [ 15   2 463  18  10   3]
 [ 57   0 180 198  14   3]
 [ 60   0  15   2 330   1]
 [ 61   0  79   6  30 155]]";0.5154845154845155;0.4672007924815955;"[[ 44   2  17   3   9   5]
 [ 79   3  79   5   2   9]
 [  3   0 178   8  12   0]
 [ 28   0  84  85  10   4]
 [ 46   0   5   2 125   1]
 [ 15   0  34   2  21  81]]";60;[16  8 10 12  7  7]
721;CiteSeer;own;-1;0.2;64;0.5;1;0.005;1078341212;0.9242424242424242;0.9322584573801471;"[[13  2  0  0  0  1]
 [ 1  9  0  0  0  0]
 [ 1  0 11  0  0  0]
 [ 0  0  0 13  0  0]
 [ 0  0  0  0  7  0]
 [ 0  0  0  0  0  8]]";0.6446902654867257;0.589556507329454;"[[102   6  44  10  26  17]
 [ 83  40 155   9  20  43]
 [  6   2 454  26  11  10]
 [ 30   1 116 264  29  12]
 [ 41   1  11   2 344   6]
 [  8   0  41   5  32 253]]";0.5824175824175825;0.5315671141568905;"[[ 27   4  18   5  15  11]
 [ 37  22  85   6   8  19]
 [  1   1 171  14  11   3]
 [ 16   1  53 123  11   7]
 [ 33   2   4   4 127   9]
 [  3   0  17   2  18 113]]";66;[16 10 12 13  7  8]
722;CiteSeer;own;-1;0.2;64;0.5;1;0.005;1078341212;0.9444444444444444;0.9441598506482637;"[[14  1  0  0  0  1]
 [ 1 11  0  0  0  0]
 [ 0  0 11  0  1  0]
 [ 0  0  0 15  0  0]
 [ 0  0  0  0  8  0]
 [ 0  0  0  0  0  9]]";0.6783496007098492;0.6355249607850952;"[[ 83  20  33  22  19  17]
 [ 43  93 134  23  18  39]
 [  3   8 448  30  13   6]
 [ 13   6 103 315  10  12]
 [ 32   6   5  11 342   7]
 [  4   2  38  13  35 248]]";0.6093906093906094;0.5690273984956846;"[[ 25   9  15  11  10  10]
 [ 25  45  73  11   6  17]
 [  3   3 166  15  12   2]
 [  9   2  50 137   5   8]
 [ 24   6   5  14 125   5]
 [  3   1  18   2  17 112]]";72;[16 12 12 15  8  9]
723;CiteSeer;own;-1;0.2;64;0.5;1;0.005;1078341212;0.9487179487179487;0.9483141762452107;"[[13  2  0  0  0  1]
 [ 0 13  0  0  0  0]
 [ 0  0 12  0  1  0]
 [ 0  0  0 16  0  0]
 [ 0  0  0  0 10  0]
 [ 0  0  0  0  0 10]]";0.6552491103202847;0.6098225533609741;"[[ 73  19  35  13  27  21]
 [ 40  86 148  12  26  41]
 [  3   7 461  16  16   7]
 [ 11   6 155 248  20  12]
 [ 21   4   9   3 363   8]
 [  3   0  40   4  48 242]]";0.5914085914085914;0.5450031814117312;"[[ 21   6  16   7  15  15]
 [ 22  40  76   8  14  17]
 [  2   1 175   9  12   2]
 [  9   2  75 106  11   8]
 [ 18   5   4   8 137   7]
 [  3   1  18   0  18 113]]";78;[16 13 13 16 10 10]
724;CiteSeer;own;-1;0.2;64;0.5;1;0.005;1078341212;0.9523809523809523;0.9521739130434782;"[[13  2  0  0  0  1]
 [ 0 14  0  0  0  0]
 [ 0  0 13  0  0  0]
 [ 0  0  0 18  0  0]
 [ 1  0  0  0 11  0]
 [ 0  0  0  0  0 11]]";0.6690454950936664;0.6131660922979244;"[[ 63  19  33  17  22  19]
 [ 48  78 147  16  25  39]
 [  4   6 458  25  12   4]
 [ 12   5 114 298  13   9]
 [ 36   3   9   4 359   7]
 [  4   0  40   9  41 244]]";0.6153846153846154;0.5696254563658864;"[[ 24   7  14  10  13  12]
 [ 24  39  77   9  12  16]
 [  2   1 175  11  11   1]
 [  9   2  55 130   8   7]
 [ 22   5   5  10 134   3]
 [  3   0  22   0  14 114]]";84;[16 14 13 18 12 11]
725;CiteSeer;own;-1;0.2;64;0.5;1;0.005;1078341212;0.9555555555555556;0.9559477124183006;"[[15  2  0  0  0  1]
 [ 0 14  0  0  0  0]
 [ 0  0 13  0  0  0]
 [ 0  0  0 20  0  0]
 [ 1  0  0  0 12  0]
 [ 0  0  0  0  0 12]]";0.6855992844364938;0.6295445663696249;"[[ 65  19  30  16  27  15]
 [ 49  84 140  14  29  36]
 [  3   7 452  26  12   5]
 [ 11   6  86 322  16   9]
 [ 26   3   9   4 370   5]
 [  4   0  40   9  47 240]]";0.6263736263736264;0.5748277644368979;"[[ 23   7  13  10  15  12]
 [ 26  37  77   7  14  16]
 [  2   2 172  11  11   3]
 [ 10   2  41 142   9   7]
 [ 20   4   5   7 140   3]
 [  2   1  19   0  18 113]]";90;[18 14 13 20 13 12]
726;CiteSeer;own;-1;0.2;64;0.5;1;0.005;1078341212;0.9583333333333334;0.9589892923226256;"[[15  2  0  0  0  1]
 [ 0 17  1  0  0  0]
 [ 0  0 13  0  0  0]
 [ 0  0  0 21  0  0]
 [ 0  0  0  0 13  0]
 [ 0  0  0  0  0 13]]";0.6887892376681615;0.6429034025394357;"[[ 67  22  29  15  24  15]
 [ 41 108 150  13  22  35]
 [  3   9 422  22  13   7]
 [ 11   7  89 323  17   8]
 [ 19   7   5   3 377   6]
 [  4   2  40   9  47 239]]";0.6443556443556444;0.5966476524088629;"[[ 22  11  12  10  15  10]
 [ 21  50  73   7   9  17]
 [  1   4 172   9  11   4]
 [  9   2  42 141   9   8]
 [ 12   6   5   5 148   3]
 [  2   3  19   0  17 112]]";96;[18 18 13 21 13 13]
727;CiteSeer;own;-1;0.2;64;0.5;1;0.005;1078341212;0.9509803921568627;0.9515360145946725;"[[15  2  0  0  0  1]
 [ 0 19  1  0  0  0]
 [ 0  0 14  0  0  0]
 [ 0  0  0 21  0  0]
 [ 0  0  0  1 14  0]
 [ 0  0  0  0  0 14]]";0.6821043165467626;0.6386856771307535;"[[ 64  25  26  11  30  12]
 [ 36 116 146   9  32  30]
 [  3   8 428  17  17   4]
 [ 12   5 110 282  24   7]
 [ 11   5   7  11 394   6]
 [  4   2  40   7  50 233]]";0.6393606393606394;0.588592339605121;"[[ 19  14  12   7  18  10]
 [ 21  51  69   6  17  13]
 [  1   4 172   6  15   3]
 [ 10   2  45 132  14   8]
 [  7   7   4   3 155   3]
 [  2   2  19   0  19 111]]";102;[18 20 14 21 15 14]
728;CiteSeer;own;-1;0.2;64;0.5;1;0.005;1078341212;0.9629629629629629;0.9630823290238144;"[[15  2  0  0  0  1]
 [ 0 20  1  0  0  0]
 [ 0  0 15  0  0  0]
 [ 0  0  0 22  0  0]
 [ 0  0  0  0 15  0]
 [ 0  0  0  0  0 17]]";0.6834986474301172;0.6313260040021068;"[[ 57  22  26   6  36  18]
 [ 40 100 152   7  43  29]
 [  3   6 432  18  16   5]
 [ 13   5  90 285  38   9]
 [  6   4   9   3 400   8]
 [  3   1  38   7  41 242]]";0.6343656343656343;0.5765145107468655;"[[ 15  12  17   1  25  10]
 [ 20  48  70   3  21  15]
 [  1   3 173   6  15   3]
 [ 10   3  42 131  18   7]
 [  3   7   4   1 157   7]
 [  2   0  21   1  18 111]]";108;[18 21 15 22 15 17]
729;CiteSeer;own;-1;0.2;64;0.5;1;0.005;1078341212;0.9649122807017544;0.9641050321708291;"[[15  2  0  0  0  1]
 [ 0 20  1  0  0  0]
 [ 0  0 16  0  0  0]
 [ 0  0  0 24  0  0]
 [ 0  0  0  0 15  0]
 [ 0  0  0  0  0 20]]";0.6980108499095841;0.6485198094347827;"[[ 55  28  20   9  25  25]
 [ 28 125 139  10  29  38]
 [  5   9 415  18  15  17]
 [ 15   6  68 306  29  16]
 [ 11   7   9   3 386  10]
 [  2   1  33   8  35 257]]";0.6543456543456544;0.6011697958485058;"[[ 18  12  12   3  22  13]
 [ 19  57  63   5  13  20]
 [  1   4 166  11  13   6]
 [  8   3  33 143  15   9]
 [  3   8   3   2 154   9]
 [  1   1  18   1  15 117]]";114;[18 21 16 24 15 20]
730;CiteSeer;own;-1;0.2;64;0.5;1;0.005;1078341212;0.9583333333333334;0.9574034922872133;"[[16  3  0  0  0  1]
 [ 0 20  1  0  0  0]
 [ 0  0 16  0  0  0]
 [ 0  0  0 26  0  0]
 [ 0  0  0  0 16  0]
 [ 0  0  0  0  0 21]]";0.6953762466001813;0.6459128970716042;"[[ 57  24  23   9  26  21]
 [ 40 117 142  10  31  29]
 [  5   7 420  16  16  15]
 [ 16   6  81 298  25  12]
 [ 12   4   9   4 386  10]
 [  3   1  35   8  32 256]]";0.6473526473526473;0.5968609944318141;"[[ 19  11  13   4  22  11]
 [ 21  55  66   5  13  17]
 [  1   4 167  10  13   6]
 [ 10   3  39 137  14   8]
 [  5   8   3   2 153   8]
 [  1   0  19   1  15 117]]";120;[20 21 16 26 16 21]
731;CiteSeer;own;-1;0.2;64;0.5;1;0.005;1078341212;0.9682539682539683;0.9677869805529381;"[[18  2  0  0  0  1]
 [ 0 22  1  0  0  0]
 [ 0  0 16  0  0  0]
 [ 0  0  0 27  0  0]
 [ 0  0  0  0 17  0]
 [ 0  0  0  0  0 22]]";0.7231818181818181;0.683957979943992;"[[ 62  26  13   7  34  16]
 [ 37 187  71   6  40  28]
 [  5  11 408  21  16  16]
 [ 14   9  67 302  34  12]
 [  8   4   5   3 379  25]
 [  2   3  28  10  38 253]]";0.6693306693306693;0.6295720012007999;"[[ 24  13  11   1  23   8]
 [ 24  78  40   4  19  12]
 [  2   7 159  13  12   8]
 [  9   4  30 142  18   8]
 [  3   8   2   2 153  11]
 [  2   1  18   0  18 114]]";126;[21 23 16 27 17 22]
732;CiteSeer;own;-1;0.2;64;0.5;1;0.005;1078341212;0.9696969696969697;0.9689248017515495;"[[18  2  0  0  0  1]
 [ 0 23  1  0  0  0]
 [ 0  0 18  0  0  0]
 [ 0  0  0 28  0  0]
 [ 0  0  0  0 18  0]
 [ 0  0  0  0  0 23]]";0.6832269826800365;0.6431510705242381;"[[ 54  22  28   3  34  13]
 [ 22 153 113   3  45  26]
 [  2   7 444  13  15   8]
 [  9   3 142 216  51   9]
 [  6   3   8   2 390  19]
 [  2   1  42   4  40 242]]";0.6103896103896104;0.5675695372427612;"[[ 18  10  16   1  27   8]
 [ 15  62  59   3  26  12]
 [  1   5 170   7  13   5]
 [  8   5  72  98  22   6]
 [  2   9   4   1 153  10]
 [  1   0  22   0  20 110]]";132;[21 24 18 28 18 23]
733;CiteSeer;own;-1;0.2;64;0.5;1;0.005;1078341212;0.9565217391304348;0.9553122422371817;"[[17  3  0  0  0  1]
 [ 0 24  1  0  0  0]
 [ 0  0 19  0  0  0]
 [ 1  0  0 29  0  0]
 [ 0  0  0  0 19  0]
 [ 0  0  0  0  0 24]]";0.7180073126142597;0.6681440671602047;"[[ 46  21  21  20  26  13]
 [ 30 167  94  11  35  23]
 [  5   7 427  25  15  10]
 [ 16   5  89 292  25   7]
 [ 10   2   6   6 391  13]
 [  2   1  31  13  35 248]]";0.6543456543456544;0.608036139153715;"[[ 18  11  14   8  22   7]
 [ 18  71  49  12  16  11]
 [  1   6 162  12  13   7]
 [  9   3  42 136  15   6]
 [  3   9   3   5 152   7]
 [  1   0  17   1  18 116]]";138;[21 25 19 30 19 24]
734;CiteSeer;own;-1;0.2;64;0.5;1;0.005;1078341212;0.9722222222222222;0.9700972574037591;"[[17  3  0  0  0  1]
 [ 0 26  0  0  0  0]
 [ 0  0 21  0  0  0]
 [ 0  0  0 31  0  0]
 [ 0  0  0  0 20  0]
 [ 0  0  0  0  0 25]]";0.7172318973418882;0.6699360092096961;"[[ 48  23  19  18  27  12]
 [ 24 159 101   7  38  26]
 [  3  10 428  22  13  15]
 [  6   8  94 285  33   7]
 [  9   2   4   5 393  13]
 [  2   4  31   9  32 252]]";0.6523476523476524;0.6021205834564467;"[[ 15  10  15  10  22   8]
 [ 18  73  46  10  19  11]
 [  1   7 162  11  13   7]
 [  6   3  48 132  17   5]
 [  2   9   2   5 154   7]
 [  1   1  16   0  18 117]]";144;[21 26 21 31 20 25]
735;CiteSeer;own;-1;0.2;64;0.5;1;0.005;1078341212;0.98;0.9787078430083492;"[[19  2  0  0  0  1]
 [ 0 27  0  0  0  0]
 [ 0  0 22  0  0  0]
 [ 0  0  0 32  0  0]
 [ 0  0  0  0 21  0]
 [ 0  0  0  0  0 26]]";0.7127757352941176;0.6681944952113349;"[[ 49  23  17  14  30  12]
 [ 26 171  91   6  34  25]
 [  4  12 430  18  17  11]
 [  6   8 100 265  46   6]
 [  9   2   4   4 394  13]
 [  2   6  40   5  34 242]]";0.6393606393606394;0.5920719642854962;"[[ 15  12  12   8  26   7]
 [ 19  76  45   9  19   9]
 [  1  10 160  10  13   7]
 [  6   3  55 122  20   5]
 [  2   9   2   4 155   7]
 [  1   1  20   0  19 112]]";150;[22 27 22 32 21 26]
736;CiteSeer;own;-1;0.2;64;0.5;1;0.005;1078341212;0.9807692307692307;0.9795946635561711;"[[20  2  0  0  0  1]
 [ 0 28  0  0  0  0]
 [ 0  0 23  0  0  0]
 [ 0  0  0 33  0  0]
 [ 0  0  0  0 22  0]
 [ 0  0  0  0  0 27]]";0.7290322580645161;0.6834330235358316;"[[ 48  24  17  16  24  16]
 [ 22 185  80  11  25  28]
 [  4  15 422  21  13  16]
 [  5   7  86 295  30   7]
 [ 10   2   4   6 384  19]
 [  3   6  32  10  29 248]]";0.6523476523476524;0.6030924058072082;"[[ 15  11  14  10  23   7]
 [ 20  77  41  13  13  13]
 [  1  14 154  11  13   8]
 [  6   3  43 139  16   4]
 [  2  10   2   5 151   9]
 [  1   0  18   2  15 117]]";156;[23 28 23 33 22 27]
737;CiteSeer;own;-1;0.2;64;0.5;1;0.005;1078341212;0.9753086419753086;0.973811339944063;"[[21  2  0  0  0  1]
 [ 1 27  0  0  0  0]
 [ 0  0 25  0  0  0]
 [ 0  0  0 34  0  0]
 [ 0  0  0  0 23  0]
 [ 0  0  0  0  0 28]]";0.7199630314232902;0.6636360883440692;"[[ 44  20  16  20  26  17]
 [ 29 136 111  10  38  27]
 [  4   4 434  19  15  14]
 [  6   2  79 306  33   7]
 [  9   2   3   4 391  12]
 [  2   3  28   9  37 247]]";0.6343656343656343;0.5778027678714197;"[[ 14  10  13  10  25   8]
 [ 19  53  61  10  22  12]
 [  1  10 157  13  13   7]
 [  6   2  41 141  16   5]
 [  1   9   2   5 153   9]
 [  1   0  16   3  16 117]]";162;[24 28 25 34 23 28]
738;CiteSeer;own;-1;0.2;64;0.5;1;0.005;1078341212;0.9761904761904762;0.9737599442429478;"[[21  2  0  0  1  1]
 [ 0 30  0  0  0  0]
 [ 0  0 25  0  0  0]
 [ 0  0  0 36  0  0]
 [ 0  0  0  0 23  0]
 [ 0  0  0  0  0 29]]";0.7590361445783133;0.7036557941726164;"[[ 35  47  11  16  21  13]
 [  8 241  51  14  19  19]
 [  0  20 410  31  13  12]
 [  4  13  51 332  24  10]
 [  7  11   2   8 374  16]
 [  1   9  23  14  32 246]]";0.6883116883116883;0.6357569565821549;"[[ 13  25   6  11  18   7]
 [  8 109  31  10  11   8]
 [  1  14 151  17  11   7]
 [  5  10  33 149  11   3]
 [  1  12   2   5 150   9]
 [  0   4  14   3  15 117]]";168;[25 30 25 36 23 29]
739;CiteSeer;own;-1;0.2;64;0.5;1;0.005;1078341212;0.9655172413793104;0.962766918607504;"[[21  3  0  0  1  1]
 [ 0 31  1  0  0  0]
 [ 0  0 25  0  0  0]
 [ 0  0  0 37  0  0]
 [ 0  0  0  0 24  0]
 [ 0  0  0  0  0 30]]";0.7481412639405205;0.6954603692676518;"[[ 39  39   9  14  29  12]
 [ 14 216  62  15  23  20]
 [  2   7 426  20  16  15]
 [  5  11  73 305  33   6]
 [  9   4   3   4 380  19]
 [  3   5  23  13  34 244]]";0.6773226773226774;0.6251193842293534;"[[ 14  19   8   9  22   8]
 [ 14  91  39   9  14  10]
 [  1   7 162  10  14   7]
 [  6   4  41 137  18   5]
 [  2   9   2   3 154   9]
 [  1   0  14   4  14 120]]";174;[26 32 25 37 24 30]
740;CiteSeer;own;-1;0.2;64;0.5;1;0.005;1078341212;0.95;0.9470684810820268;"[[22  2  0  0  1  1]
 [ 0 31  2  0  0  0]
 [ 0  0 25  0  0  0]
 [ 0  0  0 37  1  0]
 [ 1  0  0  0 24  0]
 [ 0  1  0  0  0 32]]";0.7525629077353215;0.7044645676249166;"[[ 46  27  11  21  23  13]
 [ 17 196  63  19  27  27]
 [  4   8 414  27  15  15]
 [  5   7  60 322  32   8]
 [  9   4   3   5 383  15]
 [  3   4  23  11  25 254]]";0.6823176823176823;0.6295030835788856;"[[ 15  15   7  12  23   8]
 [ 18  84  36  10  16  13]
 [  1   5 160  13  14   8]
 [  5   1  36 146  18   5]
 [  2   9   2   5 154   7]
 [  1   0  14   3  11 124]]";180;[26 33 25 38 25 33]
741;CiteSeer;own;-1;0.2;64;0.5;1;0.005;1078341212;0.946236559139785;0.9439418417486826;"[[22  2  0  0  1  1]
 [ 1 32  2  0  0  0]
 [ 0  0 25  0  0  0]
 [ 0  0  0 37  1  0]
 [ 0  0  0  0 26  0]
 [ 0  1  0  0  1 34]]";0.7514018691588785;0.6962252865585841;"[[ 35  33  12  18  29  12]
 [ 10 208  67  12  31  20]
 [  3   8 418  23  17  14]
 [  4  10  74 305  32   7]
 [  6   2   3   3 389  17]
 [  2   4  21  10  28 253]]";0.6773226773226774;0.6252424141433189;"[[ 14  18   7  10  24   7]
 [ 10  88  39  11  17  12]
 [  1   6 159  12  15   8]
 [  6   5  39 140  17   4]
 [  1  10   2   5 153   8]
 [  1   0  14   0  14 124]]";186;[26 35 25 38 26 36]
742;CiteSeer;own;-1;0.2;64;0.5;1;0.005;1078341212;0.953125;0.9503648787856142;"[[22  2  0  0  1  1]
 [ 1 33  2  0  0  0]
 [ 0  0 26  0  0  0]
 [ 0  0  0 39  1  0]
 [ 0  0  0  0 27  0]
 [ 0  1  0  0  0 36]]";0.753514526710403;0.700922311946712;"[[ 39  29  11  19  25  16]
 [ 11 202  70  14  27  23]
 [  1   6 418  22  13  19]
 [  5   8  67 312  24  17]
 [  7   2   3   5 380  22]
 [  3   4  24   9  20 257]]";0.6873126873126874;0.6340648853369225;"[[ 15  16   8  11  21   9]
 [ 13  87  41   9  13  14]
 [  1   5 161  13  12   9]
 [  6   4  32 149  13   7]
 [  1  10   2   5 149  12]
 [  1   0  13   1  11 127]]";192;[26 36 26 40 27 37]
743;CiteSeer;own;-1;0.2;64;0.5;1;0.005;1078341212;0.9595959595959596;0.9579456781503565;"[[23  2  0  0  0  1]
 [ 1 34  2  0  0  0]
 [ 0  0 27  0  0  0]
 [ 0  0  0 40  1  0]
 [ 0  0  0  0 28  0]
 [ 0  1  0  0  0 38]]";0.7593984962406015;0.7070099492155139;"[[ 39  32  10  17  26  14]
 [  9 208  66  14  27  24]
 [  1   7 416  20  14  20]
 [  6   8  66 310  28  14]
 [  6   0   2   3 388  16]
 [  2   3  21   8  28 255]]";0.6903096903096904;0.6368724214546037;"[[ 15  15   6  12  22  10]
 [ 11  87  42   8  16  13]
 [  1   5 161  13  13   8]
 [  6   4  31 150  14   6]
 [  2   9   2   5 153   8]
 [  1   0  14   1  12 125]]";198;[26 37 27 41 28 39]
744;CiteSeer;own;-1;0.2;64;0.5;1;0.005;1078341212;0.9656862745098039;0.9641946092994855;"[[23  2  0  0  0  1]
 [ 1 37  1  0  0  0]
 [ 0  0 28  0  0  0]
 [ 0  0  0 41  1  0]
 [ 0  0  0  0 29  0]
 [ 0  1  0  0  0 39]]";0.760603204524034;0.7024993868593272;"[[ 32  37  10  20  25   9]
 [  9 216  69  16  19  21]
 [  1  12 425  22  15  14]
 [  5   6  73 309  24   9]
 [  5   5   2   6 389   7]
 [  1   6  20   8  32 243]]";0.6893106893106893;0.630002302743596;"[[ 11  19   6  15  20   9]
 [  9  93  44  11  12   8]
 [  1   7 161  13  13   6]
 [  6   3  34 150  13   5]
 [  0  13   2   3 154   7]
 [  0   3  16   0  13 121]]";204;[26 39 28 42 29 40]
745;CiteSeer;own;-1;0.2;64;0.5;1;0.005;1078341212;0.9523809523809523;0.9489058679373503;"[[23  3  0  0  0  1]
 [ 2 36  1  0  0  0]
 [ 1  0 29  0  0  0]
 [ 0  0  0 42  1  0]
 [ 0  0  0  0 30  0]
 [ 0  1  0  0  0 40]]";0.7561436672967864;0.6964806497811886;"[[ 33  33  12  19  23  12]
 [ 12 190  78  16  20  29]
 [  1   6 426  19  12  26]
 [  5   5  59 310  29  17]
 [  4   6   2   5 382  16]
 [  1   4  18   8  19 259]]";0.6743256743256744;0.6128891095016807;"[[ 11  18   7  11  22  11]
 [ 11  79  49   8  15  15]
 [  1   5 160  12  13  10]
 [  6   1  32 149  16   7]
 [  1  11   2   4 151  10]
 [  0   2  14   0  12 125]]";210;[27 39 30 43 30 41]
746;CiteSeer;own;-1;0.2;64;0.5;1;0.005;1078341212;0.9537037037037037;0.9498192385880095;"[[24  3  0  0  0  1]
 [ 1 37  1  0  0  0]
 [ 1  0 30  0  0  0]
 [ 0  0  0 43  1  0]
 [ 1  0  0  0 31  0]
 [ 0  1  0  0  0 41]]";0.7658767772511849;0.7065499724879244;"[[ 30  36  12  19  23  11]
 [  3 216  73  11  20  21]
 [  0  11 433  19  11  17]
 [  3  11  66 302  27  12]
 [  1   7   2   6 386  13]
 [  1   6  22   8  22 249]]";0.6833166833166833;0.628260523201084;"[[ 12  20   7  10  21  10]
 [  5  96  46   6  14  10]
 [  1   6 163  13  12   6]
 [  6   4  42 140  14   5]
 [  0  12   2   4 151  10]
 [  0   3  18   0  10 122]]";216;[28 39 31 44 32 42]
747;CiteSeer;own;-1;0.2;64;0.5;1;0.005;1078341212;0.9414414414414415;0.9381140068668588;"[[24  3  0  0  0  1]
 [ 1 39  1  0  0  0]
 [ 1  0 30  0  0  0]
 [ 0  0  1 43  1  1]
 [ 1  0  0  0 32  0]
 [ 0  1  0  0  1 41]]";0.7671102661596958;0.7135723727274895;"[[ 38  32   8  18  23  12]
 [ 11 212  58  12  24  27]
 [  2   9 426  22  12  16]
 [  7   8  60 309  25  18]
 [  1   6   2   5 383  16]
 [  2   4  20   7  23 246]]";0.6783216783216783;0.6251329006970812;"[[ 15  17   5  11  23   9]
 [ 16  81  42   8  16  14]
 [  1   6 161  12  15   6]
 [  6   3  33 146  17   6]
 [  0  11   2   4 151  11]
 [  0   1  15   0  12 125]]";222;[28 41 31 46 33 43]
748;CiteSeer;own;-1;0.2;64;0.5;1;0.005;1078341212;0.9429824561403509;0.9404129537409173;"[[26  3  0  0  0  1]
 [ 1 40  1  0  0  0]
 [ 1  0 31  0  0  0]
 [ 0  0  1 44  1  1]
 [ 1  0  0  0 33  0]
 [ 0  1  0  0  1 41]]";0.7673975214489991;0.7162888413563847;"[[ 37  32  10  17  23  10]
 [  6 206  73  10  27  20]
 [  1  11 430  20  12  13]
 [  2   6  72 303  29  12]
 [  2   6   2   6 389   9]
 [  2   4  20   7  24 245]]";0.6753246753246753;0.620150702144036;"[[ 13  16   8   9  25   9]
 [ 10  81  50   9  17  10]
 [  1   7 161  12  14   6]
 [  6   3  36 143  18   5]
 [  0  11   2   2 155   9]
 [  0   1  15   0  14 123]]";228;[30 42 32 47 34 43]
749;CiteSeer;own;-1;0.2;64;0.5;1;0.005;1078341212;0.9487179487179487;0.9462960651380848;"[[27  3  0  0  0  1]
 [ 1 41  1  0  0  0]
 [ 1  0 32  0  0  0]
 [ 0  0  0 46  1  1]
 [ 1  0  0  0 34  0]
 [ 0  1  0  0  1 42]]";0.77868068833652;0.7252299380164157;"[[ 35  39   7  13  23   9]
 [  6 236  57   9  19  21]
 [  2  14 409  22  12  18]
 [  2  11  51 321  25  16]
 [  2   9   2   7 381  12]
 [  2  11  15   6  21 247]]";0.6973026973026973;0.6424334805817531;"[[ 13  21   5   9  24   8]
 [  8 102  35   9  13  10]
 [  1   9 157  14  14   6]
 [  5   4  30 150  17   5]
 [  1  12   2   4 151   9]
 [  0   4  12   0  12 125]]";234;[31 43 33 48 35 44]
750;CiteSeer;own;-1;0.2;64;0.5;1;0.005;1078341212;0.95;0.9483636461507313;"[[28  3  0  0  0  1]
 [ 1 43  1  0  0  0]
 [ 1  0 32  0  0  0]
 [ 0  0  1 46  1  1]
 [ 0  0  0  0 36  0]
 [ 0  1  0  0  1 43]]";0.7660594439117929;0.7150003505482653;"[[ 35  35   8  13  24  10]
 [  3 227  66   6  23  23]
 [  1  11 412  18  14  19]
 [  5   5  65 298  35  17]
 [  2   5   2   5 382  17]
 [  1   5  22   6  22 244]]";0.6873126873126874;0.6321602337551435;"[[ 12  15   6   8  30   9]
 [  7 101  36   4  17  12]
 [  1   9 160  11  15   5]
 [  6   2  37 139  21   6]
 [  1  12   2   4 151   9]
 [  0   2  14   0  12 125]]";240;[32 45 33 49 36 45]
751;CiteSeer;own;-1;0.2;64;0.5;1;0.005;1078341212;0.9512195121951219;0.9492959753538582;"[[29  2  0  0  0  1]
 [ 1 44  2  0  0  0]
 [ 1  0 33  0  1  0]
 [ 0  0  0 48  1  1]
 [ 0  0  0  0 36  0]
 [ 0  1  0  0  1 44]]";0.7788461538461539;0.7261884092707497;"[[ 34  34   7  17  22   9]
 [  4 237  56  13  21  18]
 [  1  11 414  20  16  12]
 [  4   5  55 327  23  14]
 [  2   6   4   8 371  13]
 [  0   4  26  10  25 237]]";0.7032967032967034;0.6481551196550625;"[[ 13  18   7  11  23   8]
 [  8 105  33   9  13   9]
 [  1   9 158  14  14   5]
 [  6   3  31 151  14   6]
 [  0  12   2   4 154   7]
 [  0   3  15   0  12 123]]";246;[32 47 35 50 36 46]
752;CiteSeer;own;-1;0.2;64;0.5;1;0.005;1078341212;0.9603174603174603;0.959147295430587;"[[30  2  0  0  0  1]
 [ 1 46  1  0  0  0]
 [ 1  0 35  0  0  0]
 [ 0  0  0 49  1  1]
 [ 0  0  0  0 37  0]
 [ 0  1  0  0  1 45]]";0.7820636451301832;0.7233085478948094;"[[ 30  34   9  20  21  10]
 [  3 246  44  14  24  19]
 [  1  13 396  34  11  16]
 [  3   7  34 353  22  10]
 [  1   6   4  11 372   7]
 [  0   3  23  17  31 225]]";0.7082917082917083;0.6465691756601394;"[[ 11  18   6  11  26   8]
 [  6 106  29  11  15  10]
 [  1  10 150  21  14   5]
 [  3   2  18 170  12   6]
 [  0  12   1   6 153   7]
 [  0   1  14   3  16 119]]";252;[33 48 36 51 37 47]
753;CiteSeer;own;-1;0.2;64;0.5;1;0.005;1078341212;0.9534883720930233;0.9504832053109452;"[[29  3  2  0  0  1]
 [ 1 47  1  0  0  0]
 [ 0  0 36  1  0  0]
 [ 0  0  0 49  1  1]
 [ 0  0  0  0 38  0]
 [ 0  0  0  0  1 47]]";0.776595744680851;0.7180418275613989;"[[ 30  35  10  16  22  10]
 [  4 244  44  10  22  24]
 [  0  15 401  33   7  17]
 [  2   9  34 332  32  17]
 [  2   7   2   8 367  14]
 [  2   2  21  15  26 232]]";0.6863136863136863;0.6245395219813428;"[[ 10  21   6   8  26   9]
 [  7 105  30   5  15  15]
 [  0  10 152  20  14   5]
 [  3   4  22 156  17   9]
 [  1  13   1   6 150   8]
 [  0   2  14  10  13 114]]";258;[35 49 37 51 38 48]
754;CiteSeer;own;-1;0.2;64;0.5;1;0.005;1078341212;0.9583333333333334;0.9565065163594575;"[[31  2  1  1  0  1]
 [ 1 48  1  0  0  0]
 [ 0  0 37  1  0  0]
 [ 0  0  0 50  1  1]
 [ 0  0  0  0 39  0]
 [ 0  0  0  0  1 48]]";0.7754607177497576;0.7183306730725919;"[[ 31  40   7  17  18   9]
 [  4 249  42  10  23  23]
 [  0  17 392  35   8  17]
 [  2  11  34 334  34  10]
 [  5   8   2   7 367   9]
 [  3   2  23  16  27 226]]";0.6913086913086913;0.6347238291525085;"[[ 12  23   4   7  26   8]
 [  7 110  27   4  16  13]
 [  0  13 148  21  14   5]
 [  3   8  18 156  19   7]
 [  1  13   1   6 151   7]
 [  0   2  13  10  13 115]]";264;[36 50 38 52 39 49]
755;CiteSeer;own;-1;0.2;64;0.5;1;0.005;1078341212;0.9555555555555556;0.954083787295717;"[[33  3  1  0  0  1]
 [ 1 48  2  0  0  0]
 [ 0  0 38  1  0  0]
 [ 0  0  0 52  1  1]
 [ 0  0  0  0 39  0]
 [ 0  0  0  0  1 48]]";0.7830739299610895;0.7268839570008168;"[[ 31  36  10  17  17   9]
 [  3 241  55   8  21  21]
 [  0  16 403  29   8  14]
 [  2   8  42 338  24   8]
 [  3   8   2   9 368   8]
 [  1   3  26  13  25 229]]";0.6993006993006993;0.6385822830150943;"[[ 11  21   7   9  24   8]
 [  6 106  31   6  14  14]
 [  0  13 153  17  14   4]
 [  2   6  20 162  14   7]
 [  1  12   1   6 152   7]
 [  0   1  15   7  14 116]]";270;[38 51 39 54 39 49]
756;CiteSeer;own;-1;0.2;64;0.5;1;0.005;1078341212;0.9492753623188406;0.9474330617509145;"[[33  4  1  0  0  1]
 [ 1 49  2  0  0  0]
 [ 0  0 39  1  0  0]
 [ 0  0  0 54  1  1]
 [ 0  0  0  0 39  1]
 [ 0  0  0  0  1 48]]";0.7824390243902439;0.7236360581877118;"[[ 29  36  10  16  18   9]
 [  3 252  41  13  22  19]
 [  0  21 392  33   8  14]
 [  3  13  32 342  25   9]
 [  3  10   2   8 364   7]
 [  1   7  20  15  28 225]]";0.7032967032967034;0.6454071532471488;"[[ 12  23   6   9  22   8]
 [  6 114  24   8  14  11]
 [  0  14 148  20  14   5]
 [  3   4  21 162  14   7]
 [  1  12   1   6 152   7]
 [  0   2  14   6  15 116]]";276;[39 52 40 56 40 49]
757;CiteSeer;own;-1;0.2;64;0.5;1;0.005;1078341212;0.950354609929078;0.9485634636837457;"[[35  2  2  0  1  1]
 [ 2 51  1  0  0  0]
 [ 0  0 41  1  0  0]
 [ 0  0  0 54  1  1]
 [ 0  0  0  0 40  0]
 [ 0  1  0  0  1 47]]";0.7793542074363993;0.7218708652447945;"[[ 31  32  13  17  16  10]
 [  5 236  50  13  21  23]
 [  0  15 400  29   7  14]
 [  3   5  45 338  22  10]
 [  6   8   3   7 360   9]
 [  3   5  24  12  24 228]]";0.6963036963036963;0.6365274622478778;"[[ 11  23   6   9  22   9]
 [  8 107  27  10  12  13]
 [  0  13 151  19  14   4]
 [  3   4  27 160  10   7]
 [  1  12   2   6 151   7]
 [  0   1  16   8  11 117]]";282;[41 54 42 56 40 49]
758;CiteSeer;own;-1;0.2;64;0.5;1;0.005;1078341212;0.9513888888888888;0.9504116170457916;"[[37  1  1  0  1  1]
 [ 3 51  1  0  0  0]
 [ 0  0 42  1  0  0]
 [ 1  0  0 54  1  1]
 [ 0  0  0  0 41  0]
 [ 0  0  0  1  1 49]]";0.7865554465161924;0.729771648337176;"[[ 30  35   8  18  17   9]
 [  2 255  40  13  21  17]
 [  0  20 391  32   8  13]
 [  3  10  37 338  20  10]
 [  3  10   3   8 362   6]
 [  1   7  21  19  24 227]]";0.7072927072927073;0.6473350901215674;"[[ 11  24   6  10  21   8]
 [  7 116  24   6  16   8]
 [  0  13 149  21  14   4]
 [  4   5  22 163  12   5]
 [  0  12   2   6 153   6]
 [  0   2  16   7  12 116]]";288;[41 55 43 57 41 51]
759;CiteSeer;own;-1;0.2;64;0.5;1;0.005;1078341212;0.95578231292517;0.9545153657676343;"[[38  1  1  0  1  1]
 [ 3 53  1  0  0  0]
 [ 0  0 42  1  0  0]
 [ 1  0  0 55  1  1]
 [ 0  0  0  0 42  0]
 [ 0  0  0  0  1 51]]";0.7859251968503937;0.7280047566190929;"[[ 30  34   7  17  18  10]
 [  4 256  35  11  22  21]
 [  0  22 384  25   9  20]
 [  4   9  33 334  24  14]
 [  3   8   2   7 362   9]
 [  2   5  22  12  26 231]]";0.7072927072927073;0.6474215011873533;"[[ 11  22   6   9  24   8]
 [  7 113  24   5  16  12]
 [  1  13 148  20  14   5]
 [  3   6  21 159  16   6]
 [  0  12   2   5 153   7]
 [  0   2  15   0  12 124]]";294;[42 57 43 58 42 52]
760;CiteSeer;own;-1;0.2;64;0.5;1;0.005;1078341212;0.9566666666666667;0.9550606498172041;"[[38  1  1  0  1  1]
 [ 3 53  1  0  0  0]
 [ 0  0 43  1  0  0]
 [ 0  0  0 57  1  1]
 [ 0  0  0  0 44  0]
 [ 1  0  0  0  1 52]]";0.7843040473840079;0.7235162064761448;"[[ 27  32   9  18  20   9]
 [  4 248  40  16  19  21]
 [  0  21 386  28   7  16]
 [  2   9  36 339  25   8]
 [  3   6   5  10 358   6]
 [  2   4  23  12  26 231]]";0.7112887112887113;0.6575463769588082;"[[ 14  20   5  10  23   8]
 [  7 112  28   6  15   9]
 [  1  14 147  21  13   5]
 [  4   5  21 165  11   5]
 [  0  12   2   6 151   8]
 [  0   1  16   1  12 123]]";300;[42 57 44 59 44 54]
761;CiteSeer;own;-1;0.2;64;0.5;1;0.005;1078341212;0.9607843137254902;0.9587989992272038;"[[37  2  1  0  0  2]
 [ 1 55  1  0  1  0]
 [ 0  0 43  1  0  0]
 [ 0  0  0 59  1  1]
 [ 1  0  0  0 45  0]
 [ 0  0  0  0  0 55]]";0.7925742574257426;0.7295825864354835;"[[ 26  36   6  19  19   9]
 [  2 257  33  15  18  22]
 [  1  24 381  26   8  17]
 [  2  13  26 343  24  11]
 [  1   7   2   8 358   9]
 [  2   6  22  10  21 236]]";0.7132867132867133;0.6529639358884186;"[[ 11  21   5   9  25   9]
 [  5 117  25   6  15   9]
 [  0  17 144  21  14   5]
 [  4   5  18 166  12   6]
 [  0  13   2   6 150   8]
 [  0   2  15   0  10 126]]";306;[42 58 44 61 46 55]
762;CiteSeer;own;-1;0.2;64;0.5;1;0.005;1078341212;0.9551282051282052;0.9531137690276248;"[[38  3  1  0  0  2]
 [ 2 55  1  0  0  0]
 [ 0  0 45  0  0  0]
 [ 0  0  1 59  1  1]
 [ 1  0  0  0 46  0]
 [ 0  0  1  0  0 55]]";0.7969215491559086;0.7369118497489028;"[[ 29  31   9  19  18   8]
 [  4 241  42  16  20  20]
 [  1  18 390  23   7  15]
 [  3   7  31 355  14   7]
 [  1   6   3   9 355   8]
 [  2   5  28  10  24 235]]";0.7112887112887113;0.6551998040367355;"[[ 13  21   6   9  22   9]
 [  6 110  31   6  14  10]
 [  0  15 150  18  14   4]
 [  6   5  21 165   9   5]
 [  0  13   2   6 150   8]
 [  0   1  17   1  10 124]]";312;[44 58 45 62 47 56]
763;CiteSeer;own;-1;0.2;64;0.5;1;0.005;1078341212;0.9465408805031447;0.9438817620150455;"[[37  4  1  0  0  2]
 [ 2 56  1  0  0  0]
 [ 0  0 45  1  0  0]
 [ 0  0  0 60  2  1]
 [ 1  0  0  0 47  0]
 [ 1  0  1  0  0 56]]";0.8017928286852589;0.7448188719236445;"[[ 31  36   4  16  17   9]
 [  5 261  26   8  18  20]
 [  1  26 388  25   8  13]
 [  3  13  27 343  19  11]
 [  1   8   3   7 350  10]
 [  2   8  24   8  22 237]]";0.7132867132867133;0.654491452430169;"[[ 12  22   6   9  21  10]
 [  6 115  26   6  12  12]
 [  0  16 149  17  15   4]
 [  6   8  17 165  10   5]
 [  0  13   2   6 148  10]
 [  0   2  15   0  11 125]]";318;[44 59 46 63 48 58]
764;CiteSeer;own;-1;0.2;64;0.5;1;0.005;1078341212;0.9537037037037037;0.9512645620437797;"[[38  3  1  0  0  2]
 [ 3 57  1  0  0  0]
 [ 0  0 47  0  0  0]
 [ 0  0  1 60  2  1]
 [ 1  0  0  0 48  0]
 [ 0  0  0  0  0 59]]";0.7997002997002997;0.7380141951275395;"[[ 27  29   7  20  18  11]
 [  5 241  44   8  19  20]
 [  0  20 395  22   5  17]
 [  1  10  32 346  17  11]
 [  1   7   3   8 349   8]
 [  1   3  25   6  23 243]]";0.7052947052947053;0.6432812230368034;"[[ 11  19   7  11  20  12]
 [  6 103  31   9  15  13]
 [  0  14 151  17  14   5]
 [  1   6  19 170   8   7]
 [  0  13   2   6 148  10]
 [  0   1  17   0  12 123]]";324;[44 61 47 64 49 59]
765;CiteSeer;own;-1;0.2;64;0.5;1;0.005;1078341212;0.9454545454545454;0.9427356663932622;"[[38  3  1  0  0  2]
 [ 5 57  1  0  0  0]
 [ 0  0 48  0  0  0]
 [ 0  0  1 61  2  1]
 [ 1  0  0  0 49  1]
 [ 0  0  0  0  0 59]]";0.8021042084168337;0.7393430879468332;"[[ 26  33   5  20  17   9]
 [  5 253  37   7  17  16]
 [  1  26 391  17   6  17]
 [  1  16  32 337  19  11]
 [  1   8   4   6 350   7]
 [  2   4  23   5  23 244]]";0.7132867132867133;0.6522771469191615;"[[ 11  22   6  11  20  10]
 [  6 115  28   5  15   8]
 [  0  17 150  16  11   7]
 [  1   7  21 166   8   8]
 [  0  13   2   6 150   8]
 [  0   3  17   0  11 122]]";330;[44 63 48 65 51 59]
766;CiteSeer;own;-1;0.2;64;0.5;1;0.005;1078341212;0.9464285714285714;0.9433193903733524;"[[37  4  1  0  0  2]
 [ 3 61  2  0  0  0]
 [ 0  0 48  0  0  0]
 [ 0  0  1 62  2  1]
 [ 1  0  0  0 50  1]
 [ 0  0  0  0  0 60]]";0.7979899497487437;0.7373324599726759;"[[ 27  35   6  17  16   9]
 [  3 250  39   7  17  18]
 [  0  26 386  16   7  19]
 [  3  14  32 337  19  12]
 [  1   7   3   6 344  13]
 [  2   6  22   5  22 244]]";0.7072927072927073;0.644615932331551;"[[ 10  24   6  11  19  10]
 [  4 115  28   5  13  12]
 [  0  17 149  17  11   7]
 [  5   6  21 161  10   8]
 [  0  13   2   6 150   8]
 [  0   4  16   0  10 123]]";336;[44 66 48 66 52 60]
767;CiteSeer;own;-1;0.2;64;0.5;1;0.005;1078341212;0.9502923976608187;0.946713165216951;"[[37  4  1  0  0  3]
 [ 4 64  0  0  0  0]
 [ 0  0 49  0  0  0]
 [ 0  0  1 64  1  1]
 [ 1  0  0  0 51  1]
 [ 0  0  0  0  0 60]]";0.7988911290322581;0.7337336888509278;"[[ 24  36   5  18  17   7]
 [  3 245  29  15  21  20]
 [  0  28 375  23   6  20]
 [  3  11  30 345  19   9]
 [  1   6   2   7 351  10]
 [  2   6  17   8  20 245]]";0.7072927072927073;0.6494953084343231;"[[ 12  23   5  12  20   8]
 [  4 112  27   9  16   9]
 [  0  17 146  20  12   6]
 [  4   7  17 165  11   7]
 [  0  13   2   6 148  10]
 [  0   2  14   1  11 125]]";342;[45 68 49 67 53 60]
768;CiteSeer;own;-1;0.2;64;0.5;1;0.005;1078341212;0.9454022988505747;0.9416805739512032;"[[38  4  1  1  1  3]
 [ 4 64  0  0  0  0]
 [ 0  0 49  0  0  0]
 [ 0  0  1 65  1  1]
 [ 1  0  0  0 52  1]
 [ 0  0  0  0  0 61]]";0.7972699696663297;0.728811547890389;"[[ 22  31   7  21  19   7]
 [  3 240  44  12  20  15]
 [  1  24 385  15   6  18]
 [  4   9  36 339  17  10]
 [  1   4   2   6 347  16]
 [  2   3  25   5  18 244]]";0.7032967032967034;0.6450856363413692;"[[ 12  21   6  11  21   9]
 [  5 108  29   8  15  12]
 [  0  15 152  16  11   7]
 [  3   7  21 162  11   7]
 [  0  12   2   6 146  13]
 [  0   1  17   1  10 124]]";348;[48 68 49 68 54 61]
769;CiteSeer;own;-1;0.2;64;0.5;1;0.005;1078341212;0.943502824858757;0.9407009933603071;"[[40  5  0  1  1  2]
 [ 5 65  0  0  0  0]
 [ 1  0 49  0  0  0]
 [ 0  0  1 66  1  1]
 [ 1  0  0  0 52  1]
 [ 0  0  0  0  0 62]]";0.8042596348884381;0.7400068165107445;"[[ 25  36   3  20  14   7]
 [  3 254  30  14  18  14]
 [  1  32 365  27   5  18]
 [  7  11  20 355  12   9]
 [  1   7   2   7 348  11]
 [  1  10  17  10  19 239]]";0.7042957042957043;0.6490143323676405;"[[ 13  22   5  13  20   7]
 [  5 114  26   9  13  10]
 [  1  19 142  22  11   6]
 [  2   8  16 170   9   6]
 [  0  14   2   8 144  11]
 [  0   4  14   1  12 122]]";354;[49 70 50 69 54 62]
770;CiteSeer;own;-1;0.2;64;0.5;1;0.005;1078341212;0.9388888888888889;0.9354138255126555;"[[40  5  0  0  2  3]
 [ 4 66  0  0  1  0]
 [ 1  0 49  0  0  0]
 [ 0  0  2 67  1  1]
 [ 1  0  0  0 53  1]
 [ 0  0  0  0  0 63]]";0.8006103763987793;0.7350501048619159;"[[ 23  33   6  19  15   8]
 [  5 242  45   5  22  13]
 [  0  26 375  22   5  18]
 [  3   9  33 340  16  12]
 [  0   6   3   6 353   8]
 [  0   8  21   5  20 241]]";0.7112887112887113;0.6527139478688272;"[[ 12  20   7  11  22   8]
 [  4 113  29   5  16  10]
 [  1  16 148  17  12   7]
 [  2   5  20 167  10   7]
 [  0  11   2   6 149  11]
 [  0   2  16   0  12 123]]";360;[50 71 50 71 55 63]
771;CiteSeer;own;-1;0.2;64;0.5;1;0.005;1078341212;0.9426229508196722;0.9405472072282391;"[[44  4  0  0  1  3]
 [ 5 66  0  0  0  0]
 [ 1  0 49  1  0  0]
 [ 0  0  1 69  1  1]
 [ 1  0  0  0 54  1]
 [ 1  0  0  0  0 63]]";0.7979591836734694;0.7367612227378745;"[[ 26  30   5  19  13   9]
 [  6 242  37  13  20  13]
 [  3  29 363  26   6  17]
 [  3  12  26 344  15  12]
 [  1   4   2   6 351  12]
 [  0   8  18   9  22 238]]";0.7082917082917083;0.6541769319163878;"[[ 14  20   6  12  21   7]
 [  6 111  27   7  16  10]
 [  2  16 145  20  12   6]
 [  2   5  17 170  10   7]
 [  1  13   2   8 146   9]
 [  0   2  15   1  12 123]]";366;[52 71 51 72 56 64]
772;CiteSeer;own;-1;0.2;64;0.5;1;0.005;1078341212;0.9435483870967742;0.9428935808223199;"[[46  4  0  0  2  1]
 [ 5 67  0  1  0  1]
 [ 1  0 50  0  0  0]
 [ 0  0  1 71  1  1]
 [ 0  0  0  0 55  1]
 [ 0  1  0  0  1 62]]";0.7988741044012283;0.7308897909161699;"[[ 21  35   4  19  14   8]
 [  4 251  35  10  21  10]
 [  0  34 356  30   7  12]
 [  3  14  25 350  13   7]
 [  1   4   3   6 350  12]
 [  0   9  20  10  23 233]]";0.7082917082917083;0.6479201987249273;"[[ 11  22   6  13  21   7]
 [  4 115  27   6  17   8]
 [  1  19 145  19  11   6]
 [  1   5  17 172  10   6]
 [  1  14   2   8 146   8]
 [  0   5  15   1  12 120]]";372;[53 74 51 74 56 64]
773;CiteSeer;own;-1;0.2;64;0.5;1;0.005;1078341212;0.9497354497354498;0.9481745292470176;"[[46  3  1  0  1  3]
 [ 5 68  0  0  0  1]
 [ 0  1 52  0  0  0]
 [ 0  0  1 72  1  1]
 [ 0  0  0  0 56  1]
 [ 0  0  0  0  0 65]]";0.7972279260780287;0.7291199219658092;"[[ 21  36   4  18  14   8]
 [  4 241  39  11  18  16]
 [  0  29 362  28   7  12]
 [  3  12  30 342  12  12]
 [  1   4   3   6 348  13]
 [  0   7  18   9  21 239]]";0.7002997002997003;0.6381521262689724;"[[ 10  21   5  14  21   9]
 [  5 113  28   5  15  11]
 [  0  17 147  18  12   7]
 [  3   5  20 163  12   8]
 [  1  12   2   8 144  12]
 [  0   3  13   1  12 124]]";378;[54 74 53 75 57 65]
774;CiteSeer;own;-1;0.2;64;0.5;1;0.005;1078341212;0.9453125;0.943818072302018;"[[46  5  1  0  1  2]
 [ 4 70  0  0  0  1]
 [ 0  2 53  0  0  0]
 [ 1  0  1 72  1  1]
 [ 0  0  0  0 57  1]
 [ 0  0  0  0  0 65]]";0.7950566426364573;0.7287997883110013;"[[ 22  37   2  18  15   6]
 [  6 254  35   7  20  10]
 [  2  38 348  29   6  11]
 [  7  15  25 336  16  10]
 [  1   6   3   5 350   8]
 [  0  12  20   6  22 234]]";0.7072927072927073;0.6493965325227924;"[[ 12  24   4  12  20   8]
 [  5 117  27   5  15   8]
 [  0  19 147  18  11   6]
 [  3   7  20 166   8   7]
 [  2  12   2   6 144  13]
 [  0   6  14   0  11 122]]";384;[55 75 55 76 58 65]
775;CiteSeer;own;-1;0.2;64;0.5;1;0.005;1078341212;0.9564102564102565;0.9550280660276154;"[[48  4  1  0  1  2]
 [ 4 71  0  0  0  1]
 [ 0  0 56  0  0  0]
 [ 0  0  1 74  1  1]
 [ 0  0  0  0 58  1]
 [ 0  0  0  0  0 66]]";0.7954545454545454;0.7266100293973138;"[[ 20  32   4  22  13   8]
 [  5 239  43  10  23  12]
 [  0  25 360  29   5  13]
 [  2   7  30 345  11  13]
 [  1   6   3   9 339  14]
 [  0   4  26   8  18 237]]";0.7012987012987013;0.6452103926738867;"[[ 13  18   6  14  20   9]
 [  5 108  30   7  15  12]
 [  0  17 149  18  10   7]
 [  2   6  21 167   8   7]
 [  2  11   2   6 143  15]
 [  0   2  18   0  11 122]]";390;[56 76 56 77 59 66]
776;CiteSeer;own;-1;0.2;64;0.5;1;0.005;1078341212;0.946969696969697;0.9449521204216631;"[[47  5  1  0  2  2]
 [ 5 72  0  0  0  1]
 [ 0  0 57  0  0  0]
 [ 0  0  1 74  1  1]
 [ 1  0  0  1 58  0]
 [ 0  0  0  0  0 67]]";0.7989637305699482;0.7259225352442726;"[[ 17  38   2  15  17   7]
 [  1 260  37   5  19  10]
 [  1  34 353  25   4  14]
 [  2  22  24 328  18  12]
 [  1   7   3   6 345  11]
 [  0  10  18   6  19 239]]";0.7032967032967034;0.6483590993521325;"[[ 13  24   4  12  19   8]
 [  2 118  29   3  14  11]
 [  0  20 147  17  10   7]
 [  2   8  19 164  10   8]
 [  2  13   2   6 142  14]
 [  0   5  16   0  12 120]]";396;[57 78 57 77 60 67]
777;CiteSeer;own;-1;0.2;64;0.5;1;0.005;1078341212;0.9427860696517413;0.940462799639163;"[[47  5  1  0  2  2]
 [ 5 74  0  0  0  1]
 [ 0  0 57  1  0  0]
 [ 0  0  1 74  1  1]
 [ 0  0  1  1 59  1]
 [ 0  0  0  0  0 68]]";0.7946985446985447;0.7172298061511321;"[[ 15  32   5  18  16   9]
 [  2 249  39  10  18  14]
 [  1  27 343  34   6  15]
 [  3   9  21 342  15  12]
 [  1   7   7   8 340  15]
 [  0   7  18   9  17 240]]";0.7072927072927073;0.6513458225931484;"[[ 13  22   4  14  19   8]
 [  2 117  29   3  13  13]
 [  0  16 146  20  11   8]
 [  3   6  18 167   9   8]
 [  2  13   2   6 142  14]
 [  0   5  15   0  10 123]]";402;[57 80 58 77 62 68]
778;CiteSeer;own;-1;0.2;64;0.5;1;0.005;1078341212;0.9436274509803921;0.9411295825246758;"[[47  5  1  0  2  2]
 [ 6 75  0  0  0  1]
 [ 0  0 57  1  0  0]
 [ 0  0  2 75  1  1]
 [ 0  0  1  0 62  0]
 [ 0  0  0  0  0 69]]";0.7872784150156413;0.7134235511111412;"[[ 16  32   5  16  19   8]
 [  2 254  35   8  19  11]
 [  1  35 331  30  12  10]
 [  2  19  25 330  16  10]
 [  1   8   6   6 345  12]
 [  1  10  19   8  22 234]]";0.6993006993006993;0.6430860938452443;"[[ 12  24   5  11  22   6]
 [  2 119  28   4  14  10]
 [  0  20 144  19  12   6]
 [  2   6  19 162  14   8]
 [  1  12   2   7 145  12]
 [  0   5  15   0  15 118]]";408;[57 82 58 79 63 69]
779;CiteSeer;own;-1;0.2;64;0.5;1;0.005;1078341212;0.9492753623188406;0.9469579830454363;"[[47  6  1  0  1  3]
 [ 5 77  0  0  0  1]
 [ 0  0 57  2  0  0]
 [ 0  0  0 78  1  1]
 [ 0  0  0  0 64  0]
 [ 0  0  0  0  0 70]]";0.7871338912133892;0.7096913034596485;"[[ 15  29   4  16  21  10]
 [  3 242  36   9  21  17]
 [  1  28 336  29  12  12]
 [  4  13  25 327  20  12]
 [  1   3   2   4 348  19]
 [  0   7  19   7  23 237]]";0.7022977022977023;0.6494379388291515;"[[ 14  21   4  12  22   7]
 [  2 115  28   4  14  14]
 [  0  17 143  21  12   8]
 [  3   6  17 163  14   8]
 [  1  12   2   4 146  14]
 [  0   3  13   0  15 122]]";414;[58 83 59 80 64 70]
780;CiteSeer;own;-1;0.2;64;0.5;1;0.005;1078341212;0.9523809523809523;0.9509182206258466;"[[49  7  1  0  1  2]
 [ 4 78  0  0  0  1]
 [ 0  0 59  1  0  0]
 [ 0  1  1 78  0  1]
 [ 0  0  0  0 65  0]
 [ 0  0  0  0  0 71]]";0.7959076600209863;0.7206684647676603;"[[ 16  33   4  16  17   7]
 [  1 250  38   9  14  16]
 [  1  29 343  25   9  11]
 [  4  20  27 328  11  10]
 [  1   7   3   4 344  17]
 [  1  11  23   6  14 236]]";0.7022977022977023;0.6470253745509444;"[[ 13  23   3  11  23   7]
 [  2 117  28   3  14  13]
 [  1  18 145  19  10   8]
 [  4   6  19 163  11   8]
 [  1  12   2   6 142  16]
 [  1   4  16   0   9 123]]";420;[60 83 60 81 65 71]
781;CiteSeer;own;-1;0.2;64;0.5;1;0.005;1879891568;0.0;0.0;[[]];0.16809974204643163;0.11539474767760315;"[[  5   3  18   3  61  94]
 [  9  14  18  12 173 187]
 [ 12   1  19   4 155 276]
 [  8   1  19  12 252 198]
 [  3   7  41   5 150 211]
 [  7   6  21   1 129 191]]";0.18181818181818182;0.1191553908487477;"[[  0   3   4   1  26  46]
 [  4  10   7   4  70  82]
 [  4   3   8   0  72 114]
 [  4   0  11   3 104  89]
 [  0   2  16   3  80  78]
 [  3   3   9   1  56  81]]";0;[]
782;CiteSeer;own;-1;0.2;64;0.5;1;0.005;1879891568;0.8333333333333334;0.7142857142857143;"[[1 0 0 0]
 [0 3 0 0]
 [0 1 0 0]
 [0 0 0 1]]";0.4362068965517241;0.28664600467205353;"[[  0  82  59   0  35   0]
 [  0 287 115   0  43   0]
 [  0  81 373   0   6   0]
 [  0  57 363   0  47   0]
 [  0  34  37   0 352   0]
 [  0  80 189   0  80   0]]";0.3946053946053946;0.26509178961594776;"[[  0  37  22   0  21   0]
 [  0 112  43   0  22   0]
 [  0  57 136   0   8   0]
 [  0  30 165   0  16   0]
 [  0  14  18   0 147   0]
 [  0  28  98   0  27   0]]";6;[0 1 3 1 1]
783;CiteSeer;own;-1;0.2;64;0.5;1;0.005;1879891568;0.6666666666666666;0.5054545454545455;"[[2 0 0 0 0]
 [0 4 0 0 0]
 [0 1 0 0 0]
 [0 0 0 2 0]
 [0 2 0 1 0]]";0.4010371650821089;0.27034353109970205;"[[  0  21 113   0  39   0]
 [  0 161 223   0  48   0]
 [  0  45 426   0   5   0]
 [  0  11 427   0  27   0]
 [  0   4  77   0 341   0]
 [  0  10 285   0  51   0]]";0.35564435564435565;0.24176080096038788;"[[  0  15  42   0  23   0]
 [  0  52 105   0  20   0]
 [  0  37 159   0   5   0]
 [  0   3 199   0   9   0]
 [  0   4  30   0 145   0]
 [  0   3 132   0  18   0]]";12;[0 2 4 1 2 3]
784;CiteSeer;own;-1;0.2;64;0.5;1;0.005;1879891568;0.5;0.37142857142857144;"[[0 2 0 0 0 0]
 [0 3 0 0 0 0]
 [0 0 4 0 0 0]
 [0 2 0 0 1 0]
 [0 0 0 0 2 0]
 [0 4 0 0 0 0]]";0.44974003466204504;0.29795585699046884;"[[  0  86  54   0  37   0]
 [  0 305  88   0  34   0]
 [  0  80 390   0   5   0]
 [  0  70 373   0  22   0]
 [  0  23  48   0 343   0]
 [  0 121 171   0  58   0]]";0.40559440559440557;0.27313130188627005;"[[  0  42  15   0  23   0]
 [  0 124  38   0  15   0]
 [  0  52 142   0   7   0]
 [  0  23 175   0  13   0]
 [  0  16  23   0 140   0]
 [  0  37  92   0  24   0]]";18;[2 3 4 3 2 4]
785;CiteSeer;own;-1;0.2;64;0.5;1;0.005;1879891568;0.5;0.39999999999999997;"[[0 0 0 0 4 0]
 [0 4 0 0 0 0]
 [0 0 4 0 0 0]
 [0 0 0 0 3 0]
 [0 0 0 0 4 0]
 [0 0 0 0 5 0]]";0.4417897480451781;0.2834999078263487;"[[  0  33  19   0 126   0]
 [  0 229  64   0 133   0]
 [  0  64 366   0  44   0]
 [  0  16 225   0 207   0]
 [  0   4   4   0 422   0]
 [  0  15  70   0 261   0]]";0.3966033966033966;0.2553210332169174;"[[  0  15   4   0  61   0]
 [  0  83  29   0  65   0]
 [  0  44 137   0  20   0]
 [  0   3 110   0  98   0]
 [  0   1   1   0 177   0]
 [  0   5  37   0 111   0]]";24;[4 4 4 3 4 5]
786;CiteSeer;own;-1;0.2;64;0.5;1;0.005;1879891568;0.5;0.34109477124183013;"[[0 4 0 0 0 0]
 [0 5 0 0 0 0]
 [0 0 5 0 0 0]
 [0 1 2 0 1 0]
 [0 0 0 0 5 0]
 [0 2 4 0 1 0]]";0.4586236933797909;0.2907635517488905;"[[  0  54  34   0  88   0]
 [  0 259  76   0  90   0]
 [  0  63 382   0  30   0]
 [  0  26 277   0 141   0]
 [  0   7  10   0 412   0]
 [  0  53 130   0 164   0]]";0.40559440559440557;0.2599052074419257;"[[  0  22   9   0  49   0]
 [  0  94  35   0  48   0]
 [  0  46 140   0  15   0]
 [  0   9 132   0  70   0]
 [  0   5   2   0 172   0]
 [  0  15  75   0  63   0]]";30;[4 5 5 4 5 7]
787;CiteSeer;own;-1;0.2;64;0.5;1;0.005;1879891568;0.5;0.3588461538461538;"[[0 5 1 0 0 0]
 [0 6 0 0 0 0]
 [0 0 6 0 0 0]
 [0 2 2 0 1 0]
 [0 0 0 0 6 0]
 [0 6 1 0 0 0]]";0.4646288209606987;0.2942801968822402;"[[  0  73  41   0  66   0]
 [  0 272  82   0  62   0]
 [  0  71 390   0  21   0]
 [  0  40 279   0 127   0]
 [  0  12  11   0 402   0]
 [  0  86 122   0 133   0]]";0.4115884115884116;0.2655335593358861;"[[  0  32  11   0  37   0]
 [  0 105  39   0  33   0]
 [  0  47 141   0  13   0]
 [  0  12 141   0  58   0]
 [  0   9   4   0 166   0]
 [  0  28  77   0  48   0]]";36;[6 6 6 5 6 7]
788;CiteSeer;own;-1;0.2;64;0.5;1;0.005;1879891568;0.9047619047619048;0.8458333333333333;"[[7 0 0 0 0 0]
 [0 8 0 0 0 0]
 [0 0 7 0 0 0]
 [1 0 2 1 1 0]
 [0 0 0 0 7 0]
 [0 0 0 0 0 8]]";0.5661120840630472;0.46471522379372815;"[[ 22  61  17   0  66  13]
 [  7 259  57   0  56  23]
 [  0  48 427   0  18   2]
 [ 38  28 244   1 124   5]
 [ 14   7   6   0 401   5]
 [ 12  10  50   0  80 183]]";0.5064935064935064;0.4239466152650164;"[[  8  23   8   0  33   8]
 [  6  94  34   0  32  11]
 [  0  40 147   0  13   1]
 [ 14  10 121   0  61   5]
 [  3   6   1   0 165   4]
 [  4   0  31   0  25  93]]";42;[7 8 7 5 7 8]
789;CiteSeer;own;-1;0.2;64;0.5;1;0.005;1879891568;0.8958333333333334;0.8325746965452847;"[[ 8  0  0  0  0  0]
 [ 0 10  0  0  0  0]
 [ 0  0  7  0  0  0]
 [ 1  1  2  1  1  0]
 [ 0  0  0  0  8  0]
 [ 0  0  0  0  0  9]]";0.586918349429324;0.48228881761754683;"[[ 21  62  14   0  61  18]
 [  1 276  47   0  44  38]
 [  0  54 412   0  14   8]
 [ 18  41 237   1 108  33]
 [ 12  12   5   0 391   9]
 [  2   9  44   0  50 236]]";0.5224775224775224;0.43536772693697995;"[[  8  25   6   0  29  12]
 [  3 106  25   0  26  17]
 [  0  44 142   0  13   2]
 [  7  16 114   0  56  18]
 [  1  10   1   0 161   6]
 [  3   2  26   0  16 106]]";48;[ 8 10  7  6  8  9]
790;CiteSeer;own;-1;0.2;64;0.5;1;0.005;1879891568;0.9074074074074074;0.8911196362603012;"[[ 8  0  0  0  0  0]
 [ 0 11  0  0  1  0]
 [ 0  0  7  0  0  0]
 [ 0  0  3  4  1  0]
 [ 0  0  0  0  9  0]
 [ 0  0  0  0  0 10]]";0.5955105633802817;0.48846551971768637;"[[ 15  58  11   0  73  13]
 [  1 300  27   0  48  33]
 [  0  53 403   0  21   6]
 [  1  59 221  18 120  19]
 [  0   7   3   0 418   9]
 [  0   9  42   0  85 199]]";0.5204795204795205;0.42921766223676294;"[[  5  24   3   2  36  10]
 [  1 109  22   0  28  17]
 [  0  41 141   0  16   3]
 [  2  23 108   5  58  15]
 [  0   8   1   0 165   5]
 [  1   5  18   0  33  96]]";54;[ 8 12  7  8  9 10]
791;CiteSeer;own;-1;0.2;64;0.5;1;0.005;1879891568;0.9666666666666667;0.9605908152734779;"[[10  0  0  0  0  0]
 [ 0 12  0  0  0  0]
 [ 0  0  8  0  0  0]
 [ 0  0  1  7  1  0]
 [ 0  0  0  0  9  0]
 [ 0  0  0  0  0 12]]";0.6535745807590467;0.5828887326053712;"[[ 20  54  14   2  58  23]
 [  4 298  20   2  39  41]
 [  1  58 394  12  14  12]
 [  2  55 119 158  88  14]
 [  0  14   5   3 394  13]
 [  2   9  36   1  70 217]]";0.5884115884115884;0.5260220324906116;"[[  6  22   4   4  32  12]
 [  4 109  20   1  22  21]
 [  1  42 134   3  13   8]
 [  3  23  60  75  41   9]
 [  0  10   2   3 160   4]
 [  1   6  17   0  24 105]]";60;[10 12  8  9  9 12]
792;CiteSeer;own;-1;0.2;64;0.5;1;0.005;1879891568;0.9696969696969697;0.9688301782123293;"[[11  0  0  0  0  0]
 [ 0 13  0  0  0  0]
 [ 0  0  8  0  0  0]
 [ 1  0  0 10  1  0]
 [ 0  0  0  0  9  0]
 [ 0  0  0  0  0 13]]";0.6831858407079646;0.6197177854704906;"[[ 22  65   9  11  57  25]
 [  5 301  17   8  29  43]
 [  2  57 375  29  12  10]
 [  8  43  42 260  75  14]
 [  1  16   8   5 364  13]
 [  2  11  33   5  61 222]]";0.6343656343656343;0.583369099384426;"[[ 11  25   4   1  25  14]
 [  4 112  21   2  19  19]
 [  1  43 124  12  13   8]
 [  5  12  24 126  34  10]
 [  0  12   3   3 157   4]
 [  1   8  18   2  19 105]]";66;[11 13  8 12  9 13]
793;CiteSeer;own;-1;0.2;64;0.5;1;0.005;1879891568;0.9722222222222222;0.9703557312252964;"[[11  0  0  0  0  0]
 [ 0 15  0  0  0  0]
 [ 0  0 10  0  0  0]
 [ 1  0  0 10  1  0]
 [ 0  0  0  0 11  0]
 [ 0  0  0  0  0 13]]";0.645075421472937;0.6053356277830475;"[[ 55  54  15   2  45  15]
 [ 15 297  30   1  28  30]
 [  0  54 377   8  36   7]
 [  8  52  95 155 115  15]
 [ 31   8   4   0 360   9]
 [ 10   7  40   0  66 210]]";0.5584415584415584;0.5215550238921892;"[[ 15  24   4   1  25  11]
 [ 12 112  24   0  17  12]
 [  1  41 131   2  23   3]
 [  3  21  48  70  58  11]
 [ 30  10   1   0 135   3]
 [  6   5  22   0  24  96]]";72;[11 15 10 12 11 13]
794;CiteSeer;own;-1;0.2;64;0.5;1;0.005;1879891568;0.9871794871794872;0.9866666666666667;"[[12  0  0  0  0  0]
 [ 0 16  0  0  0  0]
 [ 0  0 11  0  0  0]
 [ 0  0  0 12  1  0]
 [ 0  0  0  0 12  0]
 [ 0  0  0  0  0 14]]";0.6823843416370107;0.6416464925493317;"[[ 48  51   8   3  35  37]
 [ 11 288  29   3  17  50]
 [  1  49 367  21  22  22]
 [  5  40  57 233  78  26]
 [ 23   7   5   0 348  27]
 [  2   4  36   1  44 250]]";0.5934065934065934;0.5518339111817387;"[[ 13  22   2   2  23  18]
 [  9 103  23   1  14  27]
 [  0  34 125   5  20  17]
 [  2  12  32 110  42  13]
 [ 28  10   1   0 130  10]
 [  3   3  17   0  17 113]]";78;[12 16 11 13 12 14]
795;CiteSeer;own;-1;0.2;64;0.5;1;0.005;1879891568;0.9523809523809523;0.9512873142183488;"[[13  0  0  0  0  0]
 [ 0 17  1  0  0  0]
 [ 0  0 11  1  0  0]
 [ 0  0  0 13  2  0]
 [ 0  0  0  0 12  0]
 [ 0  0  0  0  0 14]]";0.6851025869759143;0.6458811876494949;"[[ 52  52   9   8  33  27]
 [ 17 287  32   6  19  39]
 [  1  48 376  18  23  12]
 [  6  42  61 244  71  15]
 [ 39  10   1   1 341  16]
 [  6   5  38   3  48 236]]";0.6073926073926074;0.566890943714618;"[[ 14  23   3   3  24  13]
 [ 12 104  26   1  12  22]
 [  0  34 135   7  17   8]
 [  3   9  34 116  40   9]
 [ 32   9   1   0 131   6]
 [  6   5  19   0  15 108]]";84;[13 18 12 15 12 14]
796;CiteSeer;own;-1;0.2;64;0.5;1;0.005;1879891568;0.9666666666666667;0.9667777640450982;"[[14  0  0  0  0  0]
 [ 1 17  1  0  0  0]
 [ 0  0 13  0  0  0]
 [ 0  0  0 16  0  0]
 [ 0  0  0  0 12  0]
 [ 0  0  0  0  1 15]]";0.6945438282647585;0.6585185228344853;"[[ 58  52   8   8  31  28]
 [ 21 287  29   5  11  40]
 [  0  53 372  14  26  15]
 [  8  51  65 246  48  18]
 [ 33  10   1   3 345  13]
 [  4   9  36   4  39 245]]";0.6043956043956044;0.5664465016912431;"[[ 15  24   4   2  20  15]
 [ 16 104  27   2   7  21]
 [  1  37 129   5  16  13]
 [  3  17  36 118  27  10]
 [ 34  10   1   3 126   5]
 [  4   6  16   0  14 113]]";90;[14 19 13 16 12 16]
797;CiteSeer;own;-1;0.2;64;0.5;1;0.005;1879891568;0.9583333333333334;0.9600100103558052;"[[14  0  0  0  0  0]
 [ 0 19  0  0  0  0]
 [ 0  0 14  1  0  0]
 [ 1  0  0 19  0  0]
 [ 0  0  0  1 11  0]
 [ 0  0  0  1  0 15]]";0.7121076233183856;0.6753249869368328;"[[ 59  43   8  14  30  29]
 [ 23 278  23  18  13  38]
 [  1  41 356  39  21  16]
 [  4  31  28 317  44  14]
 [ 31   9   3   7 338  16]
 [  5  12  25  18  38 240]]";0.6093906093906094;0.5668302338791152;"[[ 14  19   4   8  22  13]
 [ 20  97  25   5   7  23]
 [  1  36 123   9  18  14]
 [  2   9  21 146  23  10]
 [ 33   9   1   6 122   8]
 [  5   7  14   2  17 108]]";96;[14 19 15 20 12 16]
798;CiteSeer;own;-1;0.2;64;0.5;1;0.005;1879891568;0.9607843137254902;0.9559586172489398;"[[14  1  0  0  1  0]
 [ 0 19  0  0  0  0]
 [ 0  0 15  0  1  0]
 [ 0  0  0 21  0  0]
 [ 0  0  0  0 12  0]
 [ 0  0  0  0  1 17]]";0.70818345323741;0.6715452561651598;"[[ 58  46   9  10  32  25]
 [ 28 280  31   6  14  33]
 [  2  40 368  23  22  19]
 [  6  37  41 288  48  18]
 [ 34   8   5   2 331  20]
 [  5  11  28   5  41 250]]";0.6113886113886113;0.5707410109041532;"[[ 14  21   5   5  22  13]
 [ 21  99  29   1   7  20]
 [  0  31 132   8  18  12]
 [  3  14  27 133  24  10]
 [ 36   8   1   3 121  10]
 [  5   6  16   0  13 113]]";102;[16 19 16 21 12 18]
799;CiteSeer;own;-1;0.2;64;0.5;1;0.005;1879891568;0.9907407407407407;0.9885714285714285;"[[17  0  0  0  1  0]
 [ 0 20  0  0  0  0]
 [ 0  0 16  0  0  0]
 [ 0  0  0 24  0  0]
 [ 0  0  0  0 12  0]
 [ 0  0  0  0  0 18]]";0.7258791704238052;0.6932328756795495;"[[ 68  42   8  10  27  23]
 [ 31 282  23  14  11  29]
 [  1  37 372  27  18  15]
 [  6  31  40 312  42  12]
 [ 40  10   3   5 322  17]
 [  4  10  33   9  30 254]]";0.6273726273726273;0.58619935670143;"[[ 16  22   3   6  22  11]
 [ 24  97  26   3   6  21]
 [  2  28 133  14  15   9]
 [  1  12  23 147  20   8]
 [ 34   7   2   3 122  11]
 [  4   8  16   2  10 113]]";108;[18 20 16 24 12 18]
800;CiteSeer;own;-1;0.2;64;0.5;1;0.005;1879891568;0.9649122807017544;0.9622841656987999;"[[16  0  0  0  1  1]
 [ 1 20  0  0  0  0]
 [ 0  1 17  0  0  0]
 [ 0  0  0 25  0  0]
 [ 0  0  0  0 12  0]
 [ 0  0  0  0  0 20]]";0.7106690777576854;0.6617015933142509;"[[ 39  47   7   8  25  34]
 [ 24 282  19  14   8  36]
 [  1  48 363  31  12  18]
 [  6  36  32 313  34  21]
 [ 46   9   4   6 302  41]
 [  5   8  33   9  18 273]]";0.6273726273726273;0.5851422528245084;"[[ 16  22   3   6  19  14]
 [ 18 102  24   4   5  24]
 [  1  33 127  15  12  13]
 [  2  13  21 148  17  10]
 [ 29   8   1   4 115  22]
 [  3   5  16   0   9 120]]";114;[18 21 18 25 12 20]
801;CiteSeer;own;-1;0.2;64;0.5;1;0.005;1879891568;0.975;0.9722152212930081;"[[16  0  0  0  1  1]
 [ 1 21  0  0  0  0]
 [ 0  0 19  0  0  0]
 [ 0  0  0 26  0  0]
 [ 0  0  0  0 14  0]
 [ 0  0  0  0  0 21]]";0.7375339981867634;0.6808749447536537;"[[ 32  47  11  11  34  22]
 [ 15 285  22  18  20  24]
 [  1  40 374  28  16  11]
 [  2  35  32 318  44  10]
 [ 16  11   3   5 357  19]
 [  2   8  30  10  32 261]]";0.6483516483516484;0.602752898193532;"[[ 15  22   3   8  22  10]
 [ 15 100  27   6  15  14]
 [  0  32 131  14  16   8]
 [  2  12  22 145  21   9]
 [  6  11   3   5 144  10]
 [  3   7  15   2  12 114]]";120;[18 22 19 26 14 21]
802;CiteSeer;own;-1;0.2;64;0.5;1;0.005;1879891568;0.9841269841269841;0.9839816933638444;"[[18  1  0  0  0  0]
 [ 1 22  0  0  0  0]
 [ 0  0 20  0  0  0]
 [ 0  0  0 29  0  0]
 [ 0  0  0  0 14  0]
 [ 0  0  0  0  0 21]]";0.7368181818181818;0.6887246155096606;"[[ 43  35   7  13  32  25]
 [ 26 267  19  19  17  35]
 [  1  35 369  37  15  13]
 [  3  30  28 323  43  12]
 [ 18  11   2   5 356  19]
 [  3   7  25  15  29 263]]";0.6453546453546454;0.5996407096249584;"[[ 16  19   3   7  22  13]
 [ 17  95  23   6  14  22]
 [  0  29 128  20  15   9]
 [  2   9  20 151  20   9]
 [ 11   9   3   6 141   9]
 [  4   6  15   1  12 115]]";126;[19 23 20 29 14 21]
803;CiteSeer;own;-1;0.2;64;0.5;1;0.005;1879891568;0.9772727272727273;0.9744879162982611;"[[18  1  0  0  0  0]
 [ 1 23  0  0  0  0]
 [ 0  0 21  0  0  0]
 [ 0  0  0 30  0  0]
 [ 1  0  0  0 14  0]
 [ 0  0  0  0  0 23]]";0.7370100273473108;0.6824625683589643;"[[ 35  40  10  10  29  27]
 [ 23 273  25  10  15  34]
 [  1  38 381  23  15  14]
 [  3  38  33 308  41  15]
 [ 18  10   7   4 352  18]
 [  2  10  27   9  28 268]]";0.6463536463536463;0.6017329321335149;"[[ 16  22   3   5  20  14]
 [ 17  97  29   3  10  21]
 [  1  28 135  11  15  11]
 [  2  11  24 144  22   8]
 [ 10  10   3   5 140  11]
 [  3   7  18   1   9 115]]";132;[19 24 21 30 15 23]
804;CiteSeer;own;-1;0.2;64;0.5;1;0.005;1879891568;0.9565217391304348;0.9547008237320102;"[[18  1  0  0  0  0]
 [ 2 23  0  0  0  0]
 [ 0  0 21  0  0  0]
 [ 0  0  1 31  0  0]
 [ 1  0  0  0 15  0]
 [ 0  1  0  0  0 24]]";0.7372029250457038;0.6789125083618228;"[[ 30  39   7  14  32  28]
 [ 15 278  24  19  18  31]
 [  1  38 362  30  16  17]
 [  1  36  29 321  38  12]
 [ 14  11   4   7 357  17]
 [  2  10  25  11  29 265]]";0.6493506493506493;0.597194345994036;"[[ 12  20   3  10  24  11]
 [ 14 102  23   8  12  18]
 [  1  35 123  16  15  11]
 [  1  11  21 150  20   8]
 [  6  11   1   5 145  11]
 [  3   4  14   1  13 118]]";138;[19 25 21 32 16 25]
805;CiteSeer;own;-1;0.2;64;0.5;1;0.005;1879891568;0.9583333333333334;0.9592769264184562;"[[18  1  0  0  0  0]
 [ 2 24  0  0  0  0]
 [ 0  0 21  0  0  0]
 [ 0  1  1 33  0  0]
 [ 0  0  0  0 18  0]
 [ 0  1  0  0  0 24]]";0.7424381301558204;0.6817773058431388;"[[ 28  37   9  12  34  30]
 [ 13 278  25  11  24  33]
 [  1  37 365  27  13  18]
 [  1  34  32 312  47  12]
 [  7   9   3   3 367  21]
 [  2   3  26   8  30 270]]";0.6463536463536463;0.5915291200565979;"[[ 11  19   3  10  25  12]
 [ 13  94  26   4  16  24]
 [  1  31 131  12  15  11]
 [  1   9  25 147  21   8]
 [  5   9   2   5 145  13]
 [  3   4  15   0  12 119]]";144;[19 26 21 35 18 25]
806;CiteSeer;own;-1;0.2;64;0.5;1;0.005;1879891568;0.9533333333333334;0.9537426081543728;"[[18  1  0  0  0  0]
 [ 3 25  0  0  0  0]
 [ 0  0 22  0  0  0]
 [ 0  1  1 34  0  0]
 [ 0  0  0  0 19  0]
 [ 0  1  0  0  0 25]]";0.7513786764705882;0.6868177695663055;"[[ 25  43  12  13  35  19]
 [ 12 295  28  10  20  16]
 [  1  35 380  24  14  10]
 [  1  36  37 315  38   7]
 [ 11  11   5   5 365  15]
 [  3   9  32   9  30 255]]";0.6543456543456544;0.6008250380054619;"[[ 11  21   3  10  25  10]
 [ 13 106  27   6  12  13]
 [  1  33 135  14  15   3]
 [  1   8  26 148  20   8]
 [  5  12   2   5 143  12]
 [  3   7  19   1  11 112]]";150;[19 28 22 36 19 26]
807;CiteSeer;own;-1;0.2;64;0.5;1;0.005;1879891568;0.9551282051282052;0.95491969077946;"[[18  1  0  0  0  0]
 [ 2 26  0  0  0  0]
 [ 0  1 23  0  0  0]
 [ 1  1  1 35  0  0]
 [ 0  0  0  0 20  0]
 [ 0  0  0  0  0 27]]";0.7451612903225806;0.6784852544823976;"[[ 23  32  11  13  34  33]
 [  7 272  28  12  22  38]
 [  1  33 377  21  12  18]
 [  1  29  41 301  45  16]
 [  7  10   4   4 361  23]
 [  3   2  21   7  25 283]]";0.6473526473526473;0.5919377969038961;"[[ 11  21   3   8  26  11]
 [ 11  93  26   6  12  29]
 [  0  28 134  14  14  11]
 [  2   9  25 147  20   8]
 [  2   9   1   3 140  24]
 [  3   2  16   0   9 123]]";156;[19 28 24 38 20 27]
808;CiteSeer;own;-1;0.2;64;0.5;1;0.005;1879891568;0.9506172839506173;0.9496366516804136;"[[18  0  0  0  1  0]
 [ 2 25  0  1  0  0]
 [ 0  0 25  0  0  0]
 [ 2  1  1 37  0  0]
 [ 0  0  0  0 21  0]
 [ 0  0  0  0  0 28]]";0.7490757855822551;0.6827495533229643;"[[ 23  42  12  15  33  18]
 [ 10 283  30  13  22  19]
 [  1  35 379  23  13  13]
 [  1  33  36 311  43   8]
 [  8  10   5   5 363  18]
 [  3   5  33   8  28 262]]";0.6583416583416584;0.5991864618067885;"[[  9  19   4  13  25  10]
 [ 12 107  27   6  12  13]
 [  0  30 137  15  14   5]
 [  2   9  24 149  19   8]
 [  2  10   2   6 144  15]
 [  2   6  19   0  13 113]]";162;[19 28 25 41 21 28]
809;CiteSeer;own;-1;0.2;64;0.5;1;0.005;1879891568;0.9464285714285714;0.9443472076099128;"[[18  0  0  0  1  0]
 [ 2 27  0  1  0  0]
 [ 0  0 26  0  0  0]
 [ 2  1  1 38  0  0]
 [ 0  0  0  0 21  0]
 [ 0  0  0  0  1 29]]";0.7298424467099166;0.6621359493736803;"[[ 20  35  10  14  29  35]
 [  7 277  28   9  22  34]
 [  1  35 372  25  13  17]
 [  1  25  36 308  45  17]
 [  7  10   4   5 315  43]
 [  3   2  20   8  43 283]]";0.6433566433566433;0.5849562038570844;"[[  9  18   4  10  26  13]
 [  9 102  25   5  12  24]
 [  1  29 134  12  13  12]
 [  1   8  26 148  17  11]
 [  3   9   1   3 129  34]
 [  2   3  15   1  10 122]]";168;[19 30 26 42 21 30]
810;CiteSeer;own;-1;0.2;64;0.5;1;0.005;1879891568;0.9597701149425287;0.9569332810045151;"[[17  0  0  1  1  0]
 [ 1 29  1  1  0  0]
 [ 0  0 26  0  0  0]
 [ 1  0  1 41  0  0]
 [ 0  0  0  0 24  0]
 [ 0  0  0  0  0 30]]";0.7509293680297398;0.6777650333019306;"[[ 17  55   8  10  32  17]
 [  4 303  27  12  23  16]
 [  1  42 367  27  15   7]
 [  0  29  31 317  46   7]
 [  3  14   4   6 355  13]
 [  3   6  31  11  36 257]]";0.6653346653346653;0.6034666286594926;"[[  8  19   4  10  28  11]
 [  5 115  24   6  15  12]
 [  1  32 133  16  15   4]
 [  0   9  26 150  19   7]
 [  0  14   2   5 150   8]
 [  2   8  17   2  14 110]]";174;[19 32 26 43 24 30]
811;CiteSeer;own;-1;0.2;64;0.5;1;0.005;1879891568;0.9555555555555556;0.953599164493179;"[[19  1  0  1  0  0]
 [ 2 28  1  1  0  0]
 [ 0  0 27  0  0  0]
 [ 1  0  1 43  0  0]
 [ 0  0  0  0 24  0]
 [ 0  0  0  0  0 31]]";0.755358807082945;0.6884974984123743;"[[ 22  46   7  17  28  21]
 [  9 289  23  18  24  21]
 [  1  46 347  36   8  11]
 [  1  23  25 337  40   8]
 [  2  12   5   6 351  19]
 [  3   7  19  10  29 275]]";0.6703296703296703;0.6118965620637189;"[[ 10  19   4  12  23  12]
 [ 13 109  20   8  14  13]
 [  1  35 130  19  11   5]
 [  0  11  16 156  20   8]
 [  0  13   1   5 147  13]
 [  1   5  13   0  15 119]]";180;[21 32 27 45 24 31]
812;CiteSeer;own;-1;0.2;64;0.5;1;0.005;1879891568;0.9623655913978495;0.9591162297996901;"[[19  1  0  1  0  1]
 [ 1 29  1  1  0  0]
 [ 0  0 28  0  0  0]
 [ 1  0  0 46  0  0]
 [ 0  0  0  0 25  0]
 [ 0  0  0  0  0 32]]";0.7574766355140187;0.6886288597357312;"[[ 21  40   7  21  28  23]
 [  8 278  28  20  19  29]
 [  1  38 355  35   7  13]
 [  1  23  20 343  37   9]
 [  3  13   6   7 338  27]
 [  1   5  15  10  25 286]]";0.6653346653346653;0.6064004268436313;"[[ 10  15   5  16  21  13]
 [ 11 107  20  10  12  17]
 [  1  36 128  19  11   6]
 [  0   9  16 160  18   8]
 [  0  11   1   7 139  21]
 [  1   3  14   0  13 122]]";186;[22 32 28 47 25 32]
813;CiteSeer;own;-1;0.2;64;0.5;1;0.005;1879891568;0.9635416666666666;0.9593901899206548;"[[19  3  1  1  0  0]
 [ 0 32  0  1  0  0]
 [ 0  0 28  0  0  0]
 [ 1  0  0 47  0  0]
 [ 0  0  0  0 26  0]
 [ 0  0  0  0  0 33]]";0.7553889409559512;0.6818952214073826;"[[ 17  48   6  18  31  19]
 [  4 292  22  18  23  21]
 [  1  42 349  30   7  15]
 [  1  29  26 327  42  10]
 [  1  13   5   5 351  19]
 [  1   6  23   7  29 276]]";0.6653346653346653;0.605367839458643;"[[  9  18   5  13  23  12]
 [  9 113  19   9  13  14]
 [  1  38 127  18  11   6]
 [  0  10  17 156  21   7]
 [  0  14   1   6 143  15]
 [  1   7  14   0  13 118]]";192;[24 33 28 48 26 33]
814;CiteSeer;own;-1;0.2;64;0.5;1;0.005;1879891568;0.9595959595959596;0.9552607713783252;"[[21  1  2  1  1  0]
 [ 0 33  1  1  0  0]
 [ 0  0 28  0  0  0]
 [ 1  0  0 47  0  0]
 [ 0  0  0  0 27  0]
 [ 0  0  0  0  0 34]]";0.7589285714285714;0.6883406358881691;"[[ 20  46   8  17  27  21]
 [  9 278  30  18  21  25]
 [  1  31 360  24   8  16]
 [  1  21  33 327  34  17]
 [  4  13   5   5 343  24]
 [  3   4  20   5  22 287]]";0.6583416583416584;0.6027972127723824;"[[ 11  15   5  13  23  13]
 [ 10 105  21   7  13  21]
 [  1  33 133  15  10   9]
 [  0   9  22 149  20  11]
 [  3  12   2   2 141  19]
 [  2   6  14   0  11 120]]";198;[26 35 28 48 27 34]
815;CiteSeer;own;-1;0.2;64;0.5;1;0.005;1879891568;0.9558823529411765;0.9528312439803123;"[[23  1  2  1  1  0]
 [ 0 33  1  1  0  0]
 [ 0  0 30  0  0  0]
 [ 1  0  0 47  1  0]
 [ 0  0  0  0 27  0]
 [ 0  0  0  0  0 35]]";0.7620169651272385;0.6883847595722162;"[[ 18  45   8  15  27  21]
 [  6 276  31  16  21  24]
 [  1  27 372  25   8  15]
 [  0  19  36 330  42   9]
 [  2  12   4   4 346  21]
 [  2   5  25   6  28 275]]";0.6813186813186813;0.625441071361644;"[[ 12  17   6  11  23  11]
 [ 10 109  23   8  12  15]
 [  1  25 145  12  11   7]
 [  0   8  21 155  19   8]
 [  0  14   2   5 143  15]
 [  2   6  15   1  11 118]]";204;[28 35 30 49 27 35]
816;CiteSeer;own;-1;0.2;64;0.5;1;0.005;1879891568;0.9571428571428572;0.9551771855097267;"[[24  1  1  1  0  1]
 [ 1 33  1  1  0  1]
 [ 0  0 31  0  0  0]
 [ 1  0  0 50  0  0]
 [ 0  0  0  0 27  0]
 [ 0  0  0  0  0 36]]";0.7731568998109641;0.7035829278916649;"[[ 22  38   8  23  15  25]
 [  8 267  33  22  14  30]
 [  1  21 375  30   6  15]
 [  1  15  34 363  15  12]
 [  4  12   6   8 326  27]
 [  2   3  18  10  24 283]]";0.6913086913086913;0.6362829900601269;"[[ 14  16   8  15  16  11]
 [ 12 103  23  11   9  19]
 [  1  22 145  13  12   8]
 [  0   7  16 169   9  10]
 [  1  12   2   6 140  18]
 [  2   4  14   2  10 121]]";210;[28 37 31 51 27 36]
817;CiteSeer;own;-1;0.2;64;0.5;1;0.005;1879891568;0.9583333333333334;0.9566349829507724;"[[25  1  1  1  1  0]
 [ 0 37  1  0  0  0]
 [ 0  0 32  0  0  0]
 [ 1  1  0 50  0  1]
 [ 0  0  0  0 28  0]
 [ 1  0  0  0  0 35]]";0.7753554502369668;0.7127000705008131;"[[ 27  49   8  10  20  16]
 [  8 283  36  13  16  17]
 [  1  25 380  15  10  17]
 [  4  21  46 338  18  16]
 [  3  11   3   7 340  18]
 [  5   4  21   5  31 268]]";0.6933066933066933;0.6480082973382433;"[[ 18  18   7   9  17  11]
 [  8 117  25   7   8  12]
 [  1  22 154   6  12   6]
 [  5  11  26 152   9   8]
 [  2  14   2   6 141  14]
 [  3   8  15   1  14 112]]";216;[29 38 32 53 28 36]
818;CiteSeer;own;-1;0.2;64;0.5;1;0.005;1879891568;0.9594594594594594;0.9560630021017292;"[[24  2  1  1  1  0]
 [ 0 38  1  0  1  0]
 [ 0  0 33  0  0  0]
 [ 1  1  0 52  0  0]
 [ 0  0  0  0 29  0]
 [ 0  0  0  0  0 37]]";0.7723384030418251;0.7050691299162372;"[[ 23  44  12  21  17  14]
 [  4 263  35  22  14  27]
 [  1  20 376  37  10  11]
 [  2  13  35 362  16  11]
 [  2  11   3   9 335  21]
 [  1   6  18  14  28 266]]";0.6723276723276723;0.6148880304728093;"[[ 12  16   7  14  19  12]
 [  7  99  26  20  10  15]
 [  1  19 148  15  10   8]
 [  3   7  19 165   9   8]
 [  0  13   2   9 138  17]
 [  2   7  14   5  14 111]]";222;[29 40 33 54 29 37]
819;CiteSeer;own;-1;0.2;64;0.5;1;0.005;1879891568;0.9605263157894737;0.9583842741499438;"[[27  0  1  1  1  0]
 [ 0 38  1  0  1  0]
 [ 0  1 34  0  0  0]
 [ 1  1  0 53  0  0]
 [ 0  0  0  0 30  1]
 [ 0  0  0  0  0 37]]";0.7664442326024785;0.7063455365816159;"[[ 29  42  12  17  18  13]
 [  8 254  47  14  15  24]
 [  1  20 389  18  11  15]
 [  4  18  43 337  22  15]
 [  5  12   4   5 332  23]
 [  4   7  19   6  28 267]]";0.6823176823176823;0.631673585866683;"[[ 16  18   7  11  17  11]
 [ 10  98  32   7   9  21]
 [  1  18 159   6  10   7]
 [  4   6  25 154  12  10]
 [  3  10   2   5 141  18]
 [  2   6  15   2  13 115]]";228;[30 40 35 55 31 37]
820;CiteSeer;own;-1;0.2;64;0.5;1;0.005;1879891568;0.9615384615384616;0.9593834157094193;"[[27  1  0  1  1  0]
 [ 0 38  2  1  1  0]
 [ 0  0 35  0  0  0]
 [ 1  0  0 56  0  0]
 [ 0  0  0  0 31  1]
 [ 0  0  0  0  0 38]]";0.7700764818355641;0.7029526290020032;"[[ 23  38   9  23  21  15]
 [  5 257  31  22  16  31]
 [  1  20 359  43  10  13]
 [  0  12  30 370  18  12]
 [  4  11   1  10 334  22]
 [  2   3  16  14  28 268]]";0.6783216783216783;0.6175162118079669;"[[ 11  16   7  17  18  11]
 [  9  99  24  17   8  20]
 [  1  20 145  17  11   7]
 [  0   5  15 169  11  11]
 [  1  11   2   7 140  18]
 [  2   4  14   5  13 115]]";234;[30 42 35 57 32 38]
821;CiteSeer;own;-1;0.2;64;0.5;1;0.005;1879891568;0.9625;0.9612949800812909;"[[27  2  0  1  1  0]
 [ 0 41  2  0  0  0]
 [ 0  0 36  1  0  0]
 [ 1  1  0 55  0  0]
 [ 0  0  0  0 33  0]
 [ 0  0  0  0  0 39]]";0.7727708533077661;0.70341537017136;"[[ 21  49  12  15  18   9]
 [  7 272  34  14  13  21]
 [  1  22 382  25   9  12]
 [  0  19  46 345  23   8]
 [  3  14   4   8 334  17]
 [  3   7  20  12  29 258]]";0.6953046953046953;0.6385004815220084;"[[ 13  23   7  11  15  11]
 [  9 109  23  11  10  15]
 [  1  15 161   8  11   5]
 [  1   6  25 158  11  10]
 [  0  14   3   7 141  14]
 [  2   5  15   3  14 114]]";240;[31 43 37 57 33 39]
822;CiteSeer;own;-1;0.2;64;0.5;1;0.005;1879891568;0.967479674796748;0.9655667791767807;"[[28  1  0  1  1  1]
 [ 0 41  2  1  0  0]
 [ 0  0 38  0  0  0]
 [ 1  0  0 57  0  0]
 [ 0  0  0  0 34  0]
 [ 0  0  0  0  0 40]]";0.7740384615384616;0.7072078771463822;"[[ 23  39  11  20  19  12]
 [  9 254  32  24  14  27]
 [  1  18 373  35  10  14]
 [  1  10  40 361  19  10]
 [  1  11   1  11 333  19]
 [  1   2  17  13  29 266]]";0.6793206793206793;0.620528482344005;"[[ 12  18   7  14  17  12]
 [ 10  99  22  17  12  17]
 [  1  15 154  13  10   8]
 [  1   5  21 163  11  10]
 [  1  12   2   8 138  18]
 [  2   4  14   3  16 114]]";246;[32 44 38 58 34 40]
823;CiteSeer;own;-1;0.2;64;0.5;1;0.005;1879891568;0.9563492063492064;0.9542133823813371;"[[28  1  0  1  1  1]
 [ 0 44  1  1  0  0]
 [ 0  0 38  0  1  0]
 [ 1  0  2 57  0  0]
 [ 0  0  0  0 34  0]
 [ 1  0  0  0  0 40]]";0.7767598842815815;0.7101932093726603;"[[ 23  47  12  13  18  11]
 [  4 275  27  16  11  25]
 [  1  20 377  26  10  16]
 [  1  18  45 343  22  11]
 [  2  11   1   5 337  19]
 [  2   7  22  11  29 256]]";0.6973026973026973;0.6378028532495216;"[[ 12  22   7  11  18  10]
 [  9 111  22   9   9  17]
 [  0  17 157   9  11   7]
 [  1   7  21 162  11   9]
 [  0  13   2   4 142  18]
 [  2   5  13   3  16 114]]";252;[32 46 39 60 34 41]
824;CiteSeer;own;-1;0.2;64;0.5;1;0.005;1879891568;0.9573643410852714;0.9554960550462271;"[[28  1  0  1  1  1]
 [ 0 44  1  1  0  0]
 [ 0  1 39  0  0  1]
 [ 2  0  1 59  0  0]
 [ 0  0  0  0 35  0]
 [ 0  0  0  0  0 42]]";0.7775628626692457;0.7080273963587386;"[[ 21  44  11  17  18  12]
 [  3 263  25  26  13  24]
 [  1  17 372  38   8  15]
 [  0  12  37 363  17  10]
 [  3  12   1  11 331  17]
 [  2   8  18  17  23 258]]";0.6903096903096904;0.6283351506330443;"[[ 11  17   7  13  20  12]
 [  9 102  24  16   8  18]
 [  0  11 159  13  11   7]
 [  1   6  21 164   9  10]
 [  0  13   2  10 139  15]
 [  2   4  13   4  14 116]]";258;[32 46 41 62 35 42]
825;CiteSeer;own;-1;0.2;64;0.5;1;0.005;1879891568;0.9621212121212122;0.9603542232586325;"[[30  1  0  0  1  1]
 [ 0 45  1  1  0  0]
 [ 0  1 40  0  1  0]
 [ 2  0  1 60  0  0]
 [ 0  0  0  0 36  0]
 [ 0  0  0  0  0 43]]";0.7769156159068865;0.7050559599393816;"[[ 20  46  13  11  18  13]
 [  6 264  29  15  14  24]
 [  1  17 385  26   9  16]
 [  2  14  43 342  25  10]
 [  1  11   1   8 338  17]
 [  2   8  19  12  29 253]]";0.7012987012987013;0.6418210190652628;"[[ 12  17   7  11  21  12]
 [ 10 113  24   9   8  13]
 [  1  14 160   8  11   7]
 [  2   7  26 157   9  10]
 [  2  10   2   5 144  16]
 [  2   4  13   3  15 116]]";264;[33 47 42 63 36 43]
826;CiteSeer;own;-1;0.2;64;0.5;1;0.005;1879891568;0.9629629629629629;0.9614777348530811;"[[30  2  0  0  1  0]
 [ 0 46  1  1  0  0]
 [ 0  2 41  0  1  0]
 [ 1  0  1 62  0  0]
 [ 0  0  0  0 37  0]
 [ 0  0  0  0  0 44]]";0.7825875486381323;0.7096690855412681;"[[ 19  44  10  19  17  11]
 [  3 274  26  20   9  20]
 [  1  16 377  36   7  14]
 [  1  12  41 359  17   7]
 [  3  12   1  11 329  18]
 [  3  10  21  15  22 251]]";0.6993006993006993;0.6406701546126489;"[[ 12  22   7  14  15  10]
 [  9 116  23  10   8  11]
 [  1  14 156  13  11   6]
 [  2   8  24 163   5   9]
 [  1  14   3   8 138  15]
 [  2   4  12   5  15 115]]";270;[33 48 44 64 37 44]
827;CiteSeer;own;-1;0.2;64;0.5;1;0.005;1879891568;0.9565217391304348;0.9543659299393101;"[[30  1  0  0  2  0]
 [ 0 48  1  0  0  0]
 [ 0  2 42  1  0  1]
 [ 1  1  1 61  0  0]
 [ 1  0  0  0 38  0]
 [ 0  0  0  0  0 45]]";0.7834146341463415;0.7131942218540407;"[[ 21  43   9  15  19  13]
 [  4 274  28  17  11  17]
 [  1  15 378  37   7  15]
 [  1  15  37 356  19   8]
 [  3  11   0  10 330  18]
 [  3   8  19  15  26 247]]";0.7022977022977023;0.6403839000090912;"[[ 11  20   7  13  18  11]
 [  9 115  22  10   9  12]
 [  1  12 158  14  11   5]
 [  3   8  20 166   8   6]
 [  0  15   2   8 139  15]
 [  2   4  13   4  16 114]]";276;[33 49 46 64 39 45]
828;CiteSeer;own;-1;0.2;64;0.5;1;0.005;1879891568;0.9539007092198581;0.9536026438206094;"[[32  1  0  0  1  1]
 [ 0 47  1  0  1  0]
 [ 0  2 43  1  0  1]
 [ 1  2  1 62  0  0]
 [ 0  0  0  0 39  0]
 [ 0  0  0  0  0 46]]";0.7725048923679061;0.7045452830690464;"[[ 22  36  12  14  21  16]
 [  4 251  38  16  14  26]
 [  1  13 388  24   8  18]
 [  2  13  45 341  22  12]
 [  2  11   3   6 328  20]
 [  1   5  24  13  25 249]]";0.6973026973026973;0.6374374321982561;"[[ 12  16   8  11  20  13]
 [ 10 107  25   9  12  14]
 [  0   8 167   8  11   7]
 [  3   5  26 154  11  12]
 [  0  11   3   5 141  19]
 [  1   3  14   3  15 117]]";282;[35 49 47 66 39 46]
829;CiteSeer;own;-1;0.2;64;0.5;1;0.005;1879891568;0.9583333333333334;0.9568522711445994;"[[32  1  0  0  1  1]
 [ 0 48  1  1  0  0]
 [ 0  1 45  1  1  0]
 [ 1  1  1 66  0  0]
 [ 1  0  0  0 39  0]
 [ 0  0  0  0  0 46]]";0.7791952894995093;0.7116002681297453;"[[ 22  40   9  17  17  14]
 [  6 260  28  26  10  17]
 [  1  17 373  42   7  12]
 [  0  12  37 368  15   5]
 [  1  11   3   9 323  19]
 [  1  10  19  18  27 242]]";0.7022977022977023;0.6432047099665793;"[[ 12  21   7  17  13  10]
 [  9 113  23  15   8   9]
 [  1  11 153  18  11   7]
 [  1   5  18 170   8   9]
 [  0  15   2  10 138  14]
 [  1   3  12   5  15 117]]";288;[35 50 48 69 40 46]
830;CiteSeer;own;-1;0.2;64;0.5;1;0.005;1879891568;0.9659863945578231;0.9652773382131742;"[[33  0  0  0  2  0]
 [ 1 49  1  1  0  0]
 [ 0  0 46  3  1  0]
 [ 1  0  0 68  0  0]
 [ 0  0  0  0 42  0]
 [ 0  0  0  0  0 46]]";0.7706692913385826;0.7009504274389743;"[[ 21  36  13  15  19  14]
 [  8 241  39  22  17  20]
 [  1   9 384  31  10  16]
 [  2  11  40 352  21   9]
 [  1  11   3   8 327  16]
 [  1   5  22  14  32 241]]";0.6993006993006993;0.6397848507125864;"[[ 13  17   8  14  17  11]
 [ 11  99  28  13  12  14]
 [  2   7 166   8  11   7]
 [  3   4  23 163   9   9]
 [  0  13   2   7 144  13]
 [  1   4  13   3  17 115]]";294;[35 52 50 69 42 46]
831;CiteSeer;own;-1;0.2;64;0.5;1;0.005;1879891568;0.9633333333333334;0.9625982596851078;"[[34  0  0  0  2  0]
 [ 1 50  2  1  0  0]
 [ 0  0 46  3  1  0]
 [ 1  0  0 68  0  0]
 [ 0  0  0  0 43  0]
 [ 0  0  0  0  0 48]]";0.7709772951628825;0.7036319665240095;"[[ 21  42  11  11  17  15]
 [  3 266  40  20   8  20]
 [  1  19 357  33   9  14]
 [  2  16  36 353  15  11]
 [  1  14   5   9 323  15]
 [  1  12  20  14  30 242]]";0.7002997002997003;0.6410981529340746;"[[ 12  19   8  14  16  11]
 [  9 116  22  13   6  11]
 [  2  16 155  12  11   5]
 [  3   7  18 165   7  11]
 [  0  14   2   9 138  16]
 [  1   5  13   3  16 115]]";300;[36 54 50 69 43 48]
832;CiteSeer;own;-1;0.2;64;0.5;1;0.005;1879891568;0.9607843137254902;0.9599228661259614;"[[35  0  0  0  2  0]
 [ 1 51  2  1  0  0]
 [ 0  0 47  3  0  1]
 [ 1  0  0 69  0  0]
 [ 0  0  0  0 43  1]
 [ 0  0  0  0  0 49]]";0.7722772277227723;0.7015214057176072;"[[ 19  41  12  18  16  12]
 [  2 264  40  21  13  14]
 [  1  19 363  31   8  13]
 [  1  12  36 356  17  12]
 [  1  11   7   9 320  16]
 [  1   9  21  15  31 238]]";0.6963036963036963;0.6379274781710246;"[[ 12  18   9  16  15  10]
 [ 10 115  23  14   6   9]
 [  2  17 155  11  11   5]
 [  2   7  22 164   7   9]
 [  0  13   3   9 137  17]
 [  1   5  13   3  17 114]]";306;[37 55 51 70 44 49]
833;CiteSeer;own;-1;0.2;64;0.5;1;0.005;1879891568;0.9519230769230769;0.9503665098480738;"[[33  2  0  0  2  0]
 [ 1 53  2  2  0  0]
 [ 0  0 49  2  0  1]
 [ 1  0  1 68  0  0]
 [ 0  0  0  0 44  1]
 [ 0  0  0  0  0 50]]";0.7686196623634558;0.6905919480107766;"[[ 15  42  13  18  18  10]
 [  4 264  35  22  17  13]
 [  2  20 361  26   8  18]
 [  4  11  35 349  19  13]
 [  1  12   5   8 322  15]
 [  1   8  20  16  32 237]]";0.6953046953046953;0.6420558168757725;"[[ 14  19   7  12  18  10]
 [  8 116  23  13   8   9]
 [  2  22 149  11  11   6]
 [  3   8  23 161   8   8]
 [  0  13   2   8 143  13]
 [  1   5  13   3  18 113]]";312;[37 58 52 70 45 50]
834;CiteSeer;own;-1;0.2;64;0.5;1;0.005;1879891568;0.9559748427672956;0.9552265664013754;"[[35  1  0  0  2  0]
 [ 0 56  2  2  0  0]
 [ 0  0 50  2  1  0]
 [ 1  0  1 68  0  0]
 [ 0  0  0  0 44  1]
 [ 0  0  0  0  1 51]]";0.7679282868525896;0.6884316680626341;"[[ 14  45  11  17  18  10]
 [  3 263  36  25  15  11]
 [  1  20 361  29  10  13]
 [  3  13  36 350  18  11]
 [  1  11   4   7 323  16]
 [  1  10  21  20  30 231]]";0.7062937062937062;0.6445981967762859;"[[ 11  20   7  14  18  10]
 [  8 118  23  14   8   6]
 [  2  18 154  11  11   5]
 [  2   9  18 166   8   8]
 [  0  13   2   5 145  14]
 [  1   3  13   4  19 113]]";318;[38 60 53 70 45 52]
835;CiteSeer;own;-1;0.2;64;0.5;1;0.005;1879891568;0.9475308641975309;0.9456368829213626;"[[36  1  0  0  3  0]
 [ 0 58  3  1  0  0]
 [ 0  0 50  2  1  0]
 [ 1  1  1 68  0  0]
 [ 0  0  0  0 44  1]
 [ 1  0  0  0  1 51]]";0.7712287712287712;0.6925932774686195;"[[ 14  42  11  17  16  13]
 [  1 271  33  24  11  12]
 [  1  23 357  33   7  13]
 [  2  17  38 347  15  11]
 [  1  11   4   8 320  17]
 [  1   9  17  22  28 235]]";0.7012987012987013;0.640634490280816;"[[ 11  22   7  15  15  10]
 [  6 117  22  17   7   8]
 [  2  21 150  12  11   5]
 [  3  11  18 166   5   8]
 [  0  13   2   6 144  14]
 [  1   3  13   4  18 114]]";324;[40 62 53 71 45 53]
836;CiteSeer;own;-1;0.2;64;0.5;1;0.005;1879891568;0.9545454545454546;0.9530496945968182;"[[37  2  0  0  2  0]
 [ 0 61  3  0  0  0]
 [ 0  0 50  2  1  0]
 [ 1  1  1 69  0  0]
 [ 0  0  0  0 45  1]
 [ 0  0  0  0  1 53]]";0.7685370741482966;0.6880380581422078;"[[ 13  45  10  14  18  12]
 [  1 266  37  16  14  17]
 [  1  23 360  23   9  16]
 [  1  21  43 335  17  13]
 [  1  11   4   6 322  16]
 [  1   7  20  13  32 238]]";0.6953046953046953;0.632965702137552;"[[ 10  18   8  11  22  11]
 [  6 115  26  12   8  10]
 [  2  23 150   9  11   6]
 [  2   9  22 161   8   9]
 [  2  12   2   5 146  12]
 [  1   4  13   3  18 114]]";330;[41 64 53 72 46 54]
837;CiteSeer;own;-1;0.2;64;0.5;1;0.005;1879891568;0.9494047619047619;0.9474148371978188;"[[39  1  0  1  2  0]
 [ 0 62  3  0  0  0]
 [ 0  0 52  2  0  0]
 [ 1  1  1 69  0  0]
 [ 1  0  0  0 45  1]
 [ 1  0  1  0  1 52]]";0.7738693467336684;0.6906356301901443;"[[ 12  39  12  20  18  10]
 [  2 270  38  14  14  12]
 [  1  19 364  26   6  15]
 [  3  13  43 344  13  13]
 [  2  13   4   8 317  16]
 [  1   7  22  18  28 233]]";0.6963036963036963;0.6389905021329908;"[[ 12  18   9  13  19   9]
 [  8 119  26  11   7   6]
 [  2  21 151  12  11   4]
 [  3  10  22 163   5   8]
 [  4  13   3   5 138  16]
 [  2   3  14   4  16 114]]";336;[43 65 54 72 47 55]
838;CiteSeer;own;-1;0.2;64;0.5;1;0.005;1879891568;0.9473684210526315;0.9464570312694588;"[[39  1  0  1  2  0]
 [ 1 62  4  0  0  1]
 [ 0  0 52  2  0  0]
 [ 1  1  1 71  1  0]
 [ 0  0  0  0 45  2]
 [ 0  0  0  0  0 55]]";0.7762096774193549;0.6949147171506594;"[[ 13  49   9  18  11  10]
 [  3 274  31  15  12  16]
 [  2  23 353  26   7  17]
 [  1  13  39 347  12  16]
 [  1  13   4   8 314  19]
 [  1   6  17  17  28 239]]";0.6953046953046953;0.6381203259249587;"[[ 12  20   7  15  16  10]
 [  8 121  23  11   7   7]
 [  2  23 146  11  11   8]
 [  3   9  21 164   5   9]
 [  4  15   2   7 136  15]
 [  2   2  13   4  15 117]]";342;[43 68 54 75 47 55]
839;CiteSeer;own;-1;0.2;64;0.5;1;0.005;1879891568;0.9454022988505747;0.9444966943569492;"[[39  1  0  1  2  0]
 [ 2 63  3  1  0  1]
 [ 0  0 54  1  0  0]
 [ 2  1  2 71  0  0]
 [ 0  0  0  0 47  2]
 [ 0  0  0  0  0 55]]";0.7790697674418605;0.7010055333410228;"[[ 15  46  11  17  11   9]
 [  4 271  40  14  12   9]
 [  2  19 366  23   7  10]
 [  3  15  43 342  12  12]
 [  1  15   4   5 319  16]
 [  2  10  23  12  30 228]]";0.6973026973026973;0.6377645327679776;"[[ 11  20   7  15  17  10]
 [  8 119  25  11   8   6]
 [  2  19 153  11  11   5]
 [  4   9  23 161   6   8]
 [  4  15   3   5 142  10]
 [  1   5  14   3  18 112]]";348;[43 70 55 76 49 55]
840;CiteSeer;own;-1;0.2;64;0.5;1;0.005;1879891568;0.940677966101695;0.9403785052237064;"[[40  0  1  1  2  0]
 [ 3 63  4  1  0  1]
 [ 0  0 54  2  0  0]
 [ 1  1  2 72  1  0]
 [ 0  0  0  0 48  1]
 [ 0  0  0  0  0 56]]";0.7768762677484787;0.6956968451560214;"[[ 13  45   9  17  11  13]
 [  3 273  32  15  12  13]
 [  2  23 359  23   7  13]
 [  0  19  41 336  15  13]
 [  1  14   4   5 317  18]
 [  1  11  18  14  28 234]]";0.6963036963036963;0.634102101841209;"[[ 10  21   7  15  15  12]
 [  8 118  23  13   8   7]
 [  2  20 154   9  10   6]
 [  1  11  21 161   7  10]
 [  3  14   3   6 139  14]
 [  1   5  14   3  15 115]]";354;[44 72 56 77 49 56]
841;CiteSeer;own;-1;0.2;64;0.5;1;0.005;1879891568;0.9416666666666667;0.9421865138415372;"[[41  1  0  1  2  0]
 [ 2 66  4  1  0  1]
 [ 0  0 55  1  0  0]
 [ 1  1  4 72  1  0]
 [ 0  0  0  0 48  1]
 [ 0  0  0  0  0 57]]";0.7761953204476093;0.6936025998403531;"[[ 12  45   8  18  10  14]
 [  2 272  33  17   7  16]
 [  2  22 354  23   7  14]
 [  0  21  42 337  12  14]
 [  1  14   4   6 314  20]
 [  1   8  21  13  25 237]]";0.6993006993006993;0.6372941427596576;"[[ 10  23   7  16  11  13]
 [  7 120  23  13   6   8]
 [  2  22 152   8  11   6]
 [  1  11  21 161   6  11]
 [  3  15   3   6 139  13]
 [  1   3  13   3  15 118]]";360;[45 74 56 79 49 57]
842;CiteSeer;own;-1;0.2;64;0.5;1;0.005;1879891568;0.9508196721311475;0.9505282945642247;"[[41  1  0  1  2  0]
 [ 1 70  4  0  0  1]
 [ 0  0 55  2  0  0]
 [ 1  1  2 75  1  0]
 [ 0  0  0  0 49  1]
 [ 0  0  0  0  0 58]]";0.7775510204081633;0.6945503556079661;"[[ 12  50   8  14  13  10]
 [  1 285  29  15   7   9]
 [  4  25 348  24   7  14]
 [  0  21  39 340  14  12]
 [  1  13   4   8 312  20]
 [  3   8  20  16  27 227]]";0.7052947052947053;0.6474379644401617;"[[ 12  23   7  16  12  10]
 [  7 127  21  12   8   2]
 [  2  26 148   9  11   5]
 [  1  10  19 167   5   9]
 [  4  14   3   7 139  12]
 [  2   5  15   2  16 113]]";366;[45 76 57 80 50 58]
843;CiteSeer;own;-1;0.2;64;0.5;1;0.005;1879891568;0.9435483870967742;0.9429195204911794;"[[40  2  0  1  2  0]
 [ 1 70  3  0  0  2]
 [ 0  0 55  3  0  0]
 [ 1  1  2 75  1  0]
 [ 0  1  1  0 51  0]
 [ 0  0  0  0  0 60]]";0.7789150460593655;0.6960704259905038;"[[ 12  50   8  14   9  12]
 [  1 279  33  15   8  10]
 [  1  23 350  25   8  14]
 [  1  21  36 341  12  13]
 [  1  12   4   7 311  23]
 [  2   8  23  15  23 229]]";0.7022977022977023;0.6407196291446053;"[[ 10  22   6  16  14  12]
 [  6 127  24  10   6   4]
 [  2  22 150  10  10   7]
 [  2  14  22 159   5   9]
 [  4  13   2   7 142  11]
 [  1   6  13   3  15 115]]";372;[45 76 58 80 53 60]
844;CiteSeer;own;-1;0.2;64;0.5;1;0.005;1879891568;0.955026455026455;0.9539273990117377;"[[40  2  0  1  2  0]
 [ 1 72  3  0  0  1]
 [ 0  0 58  1  0  0]
 [ 1  1  2 77  1  0]
 [ 0  1  0  0 53  0]
 [ 0  0  0  0  0 61]]";0.7797741273100616;0.6985034348768848;"[[ 13  49   7  12  12  11]
 [  2 290  26  13   8   6]
 [  1  28 345  26  10  13]
 [  1  18  36 336  17  12]
 [  1  12   3   6 317  18]
 [  2  12  20  19  28 218]]";0.6983016983016983;0.6394398229946248;"[[ 11  23   6  14  16  10]
 [  5 128  23  11   7   3]
 [  2  21 146  15  10   7]
 [  2  12  22 159   7   9]
 [  3  13   2   7 142  12]
 [  1   7  12   2  18 113]]";378;[45 77 59 82 54 61]
845;CiteSeer;own;-1;0.2;64;0.5;1;0.005;1879891568;0.9479166666666666;0.9463481166478042;"[[39  3  0  1  2  0]
 [ 0 73  3  0  0  1]
 [ 0  0 57  2  0  0]
 [ 1  2  1 79  1  0]
 [ 1  2  0  0 54  0]
 [ 0  0  0  0  0 62]]";0.7785787847579815;0.6955669017721036;"[[ 12  50   8  17   9  10]
 [  2 284  26  13   8   8]
 [  2  28 343  28   9  12]
 [  1  20  31 343  10  14]
 [  0  12   3  10 308  19]
 [  2  10  23  19  26 222]]";0.6953046953046953;0.6368427994788536;"[[ 11  22   6  16  15  10]
 [  6 127  23  11   7   3]
 [  2  27 139  16  10   7]
 [  2  10  17 168   5   9]
 [  3  13   3  12 136  12]
 [  1   8  15   1  13 115]]";384;[45 77 59 84 57 62]
846;CiteSeer;own;-1;0.2;64;0.5;1;0.005;1879891568;0.9461538461538461;0.9439464362018853;"[[41  3  0  1  2  0]
 [ 0 74  2  0  0  1]
 [ 0  0 58  2  0  0]
 [ 2  2  1 80  1  0]
 [ 1  1  0  0 55  0]
 [ 1  0  0  0  1 61]]";0.7768595041322314;0.6927674852109332;"[[ 11  44   8  17  11  11]
 [  2 279  26  13   9  12]
 [  3  28 345  25   7  14]
 [  1  22  32 338  11  14]
 [  0  13   4   8 293  22]
 [  1   9  19  19  27 238]]";0.6983016983016983;0.6412510444129681;"[[ 12  23   5  15  14  11]
 [  6 130  22   9   6   4]
 [  2  27 142  12   8  10]
 [  0  13  19 166   4   9]
 [  3  12   4   9 132  19]
 [  1   5  15   1  14 117]]";390;[47 77 60 86 57 63]
847;CiteSeer;own;-1;0.2;64;0.5;1;0.005;1879891568;0.952020202020202;0.9505296843487798;"[[42  3  0  1  2  0]
 [ 0 74  2  0  0  1]
 [ 0  1 59  2  0  0]
 [ 2  1  1 82  1  0]
 [ 0  1  0  0 57  0]
 [ 0  0  0  0  1 63]]";0.7751295336787565;0.6891768567567409;"[[ 10  35  11  21  14   9]
 [  2 274  27  13  12  11]
 [  3  24 346  28   7  15]
 [  0  13  35 342  12  16]
 [  0  10   4  10 282  31]
 [  2   9  18  20  22 242]]";0.6903096903096904;0.626241221586976;"[[  9  19   5  16  19  12]
 [  5 125  24   8  11   4]
 [  1  20 146  13   8  13]
 [  0   9  22 163   7  10]
 [  4  11   2   7 131  24]
 [  1   5  15   1  14 117]]";396;[48 77 62 87 58 64]
848;CiteSeer;own;-1;0.2;64;0.5;1;0.005;1879891568;0.9577114427860697;0.9560523153367565;"[[42  4  0  0  2  0]
 [ 0 76  2  0  0  1]
 [ 0  0 61  3  0  0]
 [ 1  1  0 85  1  0]
 [ 0  1  0  0 57  0]
 [ 0  0  0  0  1 64]]";0.7697505197505198;0.6868960595703034;"[[ 11  51   7  14  11   6]
 [  0 275  32  12   9   9]
 [  2  26 347  27   7  13]
 [  0  17  34 342  10  14]
 [  0  12   4  11 273  37]
 [  1  15  22  22  18 233]]";0.6873126873126874;0.6231614816434345;"[[  9  24   5  18  14  10]
 [  4 130  23   8   9   3]
 [  1  20 147  13   8  12]
 [  0  11  21 165   5   9]
 [  4  12   2   8 126  27]
 [  1   8  17   4  12 111]]";402;[48 79 64 88 58 65]
849;CiteSeer;own;-1;0.2;64;0.5;1;0.005;1879891568;0.9632352941176471;0.9615661941881677;"[[43  4  0  0  2  0]
 [ 0 77  2  0  0  1]
 [ 0  0 63  2  0  0]
 [ 1  1  0 87  1  0]
 [ 0  1  0  0 57  0]
 [ 0  0  0  0  0 66]]";0.7794577685088634;0.6954274350695564;"[[ 11  44   7  14  11  12]
 [  0 271  33  13   9   9]
 [  2  22 352  22   7  17]
 [  1  15  36 339   9  15]
 [  1  11   3   9 274  39]
 [  2   8  21  16  15 248]]";0.6873126873126874;0.6239859100985188;"[[  9  24   5  18  13  11]
 [  5 126  25   9   8   4]
 [  1  20 147  13   8  12]
 [  1  10  23 163   5   9]
 [  4  12   2   9 126  26]
 [  1   6  15   4  10 117]]";408;[49 80 65 90 58 66]
850;CiteSeer;own;-1;0.2;64;0.5;1;0.005;1879891568;0.9565217391304348;0.9546226758485572;"[[44  4  0  0  2  0]
 [ 0 78  1  0  0  1]
 [ 0  0 64  2  0  0]
 [ 1  1  1 87  2  0]
 [ 0  0  0  0 58  0]
 [ 1  1  0  0  1 65]]";0.7730125523012552;0.6853763474655038;"[[  9  46   7  17   9  10]
 [  0 274  28  17   7   7]
 [  1  26 347  28   9  11]
 [  1  17  32 341   9  14]
 [  0  16   4  10 273  32]
 [  1  15  21  21  18 234]]";0.6873126873126874;0.623992678632603;"[[  9  25   5  19  13   9]
 [  5 128  25  11   6   2]
 [  1  26 142  13   9  10]
 [  0  10  18 169   5   9]
 [  4  12   3  12 126  22]
 [  1   8  14   4  12 114]]";414;[50 80 66 92 58 68]
851;CiteSeer;own;-1;0.2;64;0.5;1;0.005;1879891568;0.9571428571428572;0.9548150327049738;"[[43  4  0  1  2  0]
 [ 0 79  1  0  1  1]
 [ 0  0 66  3  0  0]
 [ 1  1  0 89  1  0]
 [ 0  0  0  0 58  0]
 [ 1  1  0  0  0 67]]";0.7754459601259182;0.6905617419353108;"[[ 10  42   6  19   8  12]
 [  0 270  30  17   6   9]
 [  0  26 342  25   7  17]
 [  0  14  31 339  10  19]
 [  0  12   3   9 271  38]
 [  1  10  20  20  17 246]]";0.6833166833166833;0.6180866883196102;"[[  8  25   5  19  13  10]
 [  5 125  24  11   7   5]
 [  1  24 143  13   9  11]
 [  1  12  20 165   4   9]
 [  4  12   2  10 125  26]
 [  1   5  14   4  11 118]]";420;[50 82 69 92 58 69]
852;CiteSeer;own;-1;0.2;64;0.5;1;0.005;1404409622;0.0;0.0;[[]];0.14015477214101463;0.09659396608691377;"[[ 10 103  17   1  10  43]
 [ 15 232  28   2  19 117]
 [ 34 325  16   2  25  65]
 [ 15 300  37  14  28  96]
 [ 31 269  47   7  22  41]
 [ 25 224  24   4  46  32]]";0.15084915084915085;0.10157049143963155;"[[  2  43   4   1   2  28]
 [ 12 105   7   1   7  45]
 [ 13 147   3   5  11  22]
 [  8 128  26   6   8  35]
 [ 11 111  22   1  13  21]
 [ 15  89   5   2  20  22]]";0;[]
853;CiteSeer;own;-1;0.2;64;0.5;1;0.005;1404409622;1.0;1.0;"[[2 0 0]
 [0 2 0]
 [0 0 2]]";0.4232758620689655;0.27197605368816563;"[[  0 118  48  16   0   0]
 [  0 336  83   2   0   0]
 [  0  34 413  19   0   0]
 [  0  97 156 233   0   0]
 [  0 336  69   6   0   0]
 [  0  90 264   0   0   0]]";0.41058941058941056;0.2633327968307952;"[[  0  49  22   9   0   0]
 [  0 140  34   3   0   0]
 [  0  19 176   6   0   0]
 [  0  39  77  95   0   0]
 [  0 148  29   2   0   0]
 [  0  37 116   0   0   0]]";6;[0 2 2 2]
854;CiteSeer;own;-1;0.2;64;0.5;1;0.005;1404409622;0.75;0.6375;"[[0 1 2 0]
 [0 2 0 0]
 [0 0 3 0]
 [0 0 0 4]]";0.4140017286084702;0.2742537806062396;"[[  0  73  84  30   0   0]
 [  0 256 144  10   0   0]
 [  0  21 446  18   0   0]
 [  0  26 190 256   0   0]
 [  0 116 270  24   0   0]
 [  0  13 333   4   0   0]]";0.3996003996003996;0.26514575190004913;"[[  0  28  38  14   0   0]
 [  0 102  70   5   0   0]
 [  0   6 192   3   0   0]
 [  0   9  96 106   0   0]
 [  0  60 113   6   0   0]
 [  0   3 150   0   0   0]]";12;[3 2 3 4]
855;CiteSeer;own;-1;0.2;64;0.5;1;0.005;1404409622;0.7222222222222222;0.6433823529411764;"[[0 2 0 3]
 [0 3 0 0]
 [0 0 3 0]
 [0 0 0 7]]";0.4449740034662045;0.2814289737650705;"[[  0  57  59  77   0   0]
 [  0 217  98  88   0   0]
 [  0  15 425  42   0   0]
 [  0   8  80 385   0   0]
 [  0  53 130 225   0   0]
 [  0   5 285  59   0   0]]";0.4305694305694306;0.26741445064995406;"[[  0  23  21  36   0   0]
 [  0  79  52  46   0   0]
 [  0   6 183  12   0   0]
 [  0   4  38 169   0   0]
 [  0  29  52  98   0   0]
 [  0   3 134  16   0   0]]";18;[5 3 3 7]
856;CiteSeer;own;-1;0.2;64;0.5;1;0.005;1404409622;0.7083333333333334;0.4682539682539682;"[[1 4 1 0 0 0]
 [0 6 0 0 0 0]
 [0 0 3 0 0 0]
 [0 0 0 7 0 0]
 [0 1 0 0 0 0]
 [0 1 0 0 0 0]]";0.45482189400521283;0.31191218212419614;"[[  1 154  12  21   0   0]
 [  0 399  22   3   0   0]
 [  0  98 366  18   0   0]
 [  0 138  51 281   0   0]
 [  0 380   8  11   0   0]
 [  0 289  43   7   0   0]]";0.4175824175824176;0.289921858501939;"[[  0  62   5  13   0   0]
 [  0 156  17   4   0   0]
 [  0  63 134   4   0   0]
 [  0  60  23 128   0   0]
 [  0 166   6   7   0   0]
 [  0 133  20   0   0   0]]";24;[6 6 3 7 1 1]
857;CiteSeer;own;-1;0.2;64;0.5;1;0.005;1404409622;0.7;0.48717948717948717;"[[3 1 5 0 0 0]
 [0 6 0 0 0 0]
 [0 0 4 0 0 0]
 [0 0 0 8 0 0]
 [0 0 2 0 0 0]
 [0 0 1 0 0 0]]";0.4220383275261324;0.2851701509208015;"[[  6  71  89  23   0   0]
 [  0 288 122   2   0   0]
 [  0  20 479   6   0   0]
 [  0  22 239 196   0   0]
 [  0  64 321  15   0   0]
 [  0  55 277   1   0   0]]";0.3876123876123876;0.25190194938609994;"[[  0  35  33  12   0   0]
 [  0 115  59   3   0   0]
 [  0   9 189   3   0   0]
 [  2  11 114  84   0   0]
 [  0  38 129  12   0   0]
 [  0  37 116   0   0   0]]";30;[9 6 4 8 2 1]
858;CiteSeer;own;-1;0.2;64;0.5;1;0.005;1404409622;0.9166666666666666;0.7729741019214703;"[[9 0 0 0 0 0]
 [0 7 0 0 0 0]
 [0 0 5 0 0 0]
 [1 0 0 9 0 0]
 [0 1 0 0 3 0]
 [1 0 0 0 0 0]]";0.46768558951965067;0.3299710232121398;"[[ 37  88  31  28   0   0]
 [ 33 297  64  16   0   0]
 [ 10  28 455  14   0   0]
 [ 36  19 122 282   0   0]
 [ 85 114 102 105   0   0]
 [ 39  85 186  14   0   0]]";0.4205794205794206;0.29855055998426167;"[[ 12  36  15  17   0   0]
 [ 16 118  33  10   0   0]
 [  5  19 172   5   0   0]
 [ 24   7  62 118   0   0]
 [ 30  58  49  41   1   0]
 [ 14  52  86   1   0   0]]";36;[ 9  7  5 10  4  1]
859;CiteSeer;own;-1;0.2;64;0.5;1;0.005;1404409622;0.9523809523809523;0.8115079365079364;"[[11  0  0  0  0  0]
 [ 0  8  0  0  0  0]
 [ 0  0  6  0  0  0]
 [ 1  0  0 10  0  0]
 [ 0  0  0  0  5  0]
 [ 1  0  0  0  0  0]]";0.5989492119089317;0.48456349936637017;"[[ 19 115  17  23   6   0]
 [ 11 354  40   9   7   0]
 [  1  66 399  26   4   0]
 [  4  47  74 326   7   0]
 [  0  88  27  22 270   0]
 [  5 161 119  13  24   0]]";0.5384615384615384;0.4265503870328982;"[[  2  52   5  12   9   0]
 [  7 137  26   6   1   0]
 [  3  36 152   5   5   0]
 [  6  28  37 137   3   0]
 [  0  46   9  13 111   0]
 [  3  78  56   3  13   0]]";42;[11  8  6 11  5  1]
860;CiteSeer;own;-1;0.2;64;0.5;1;0.005;1404409622;0.9583333333333334;0.8125763125763125;"[[12  0  0  0  0  0]
 [ 0  8  0  0  0  0]
 [ 0  0  8  0  0  0]
 [ 1  0  0 10  0  0]
 [ 0  0  0  0  8  0]
 [ 1  0  0  0  0  0]]";0.6022827041264267;0.4782142587073099;"[[ 20  76  22  16  44   0]
 [ 16 303  60   5  37   0]
 [  4  35 436  11  10   0]
 [  4  23 120 248  62   0]
 [  0  16  19   6 365   0]
 [  6  66 139   0 109   0]]";0.5364635364635365;0.418252732818061;"[[  3  34   9  10  24   0]
 [  8 115  33   5  16   0]
 [  4  24 160   4   9   0]
 [  6  12  66 106  21   0]
 [  0  13   8   5 153   0]
 [  3  46  64   0  40   0]]";48;[12  8  8 11  8  1]
861;CiteSeer;own;-1;0.2;64;0.5;1;0.005;1404409622;0.9074074074074074;0.7733161405930286;"[[12  0  0  0  0  0]
 [ 1  8  0  0  1  0]
 [ 0  0  8  0  0  0]
 [ 1  0  0 11  0  0]
 [ 0  0  0  0 10  0]
 [ 1  1  0  0  0  0]]";0.5928697183098591;0.46740934248466964;"[[ 14  58   9  19  68   0]
 [ 19 279  40   6  76   0]
 [  6  48 384  22  35   0]
 [  4  17  62 270  93   0]
 [  0  12   1   7 400   0]
 [  6  54  59   7 197   0]]";0.5294705294705294;0.4114840281132648;"[[  2  27   4  13  34   0]
 [  8 104  26   5  34   0]
 [  4  28 139   6  24   0]
 [  7  14  30 122  38   0]
 [  0   9   1   6 163   0]
 [  4  45  26   0  78   0]]";54;[12 10  8 12 10  2]
862;CiteSeer;own;-1;0.2;64;0.5;1;0.005;1404409622;0.9166666666666666;0.7902097902097903;"[[12  0  0  0  0  0]
 [ 1 10  0  0  0  0]
 [ 0  0 10  0  0  0]
 [ 0  0  0 13  0  0]
 [ 0  0  0  0 10  0]
 [ 1  1  2  0  0  0]]";0.6045895851721095;0.4780967638499333;"[[ 13  55  58  17  25   0]
 [  6 237 132   4  21   0]
 [  0  12 486   8   8   0]
 [  3  10 161 252  17   0]
 [  0  12  20   6 382   0]
 [  4  48 205   6  58   0]]";0.5244755244755245;0.40748160936417327;"[[  2  22  25  12  19   0]
 [  7  79  78   4   9   0]
 [  0   2 183   6  10   0]
 [  5   6  86 106   8   0]
 [  0  11   7   6 155   0]
 [  3  36  91   0  23   0]]";60;[12 11 10 13 10  4]
863;CiteSeer;own;-1;0.2;64;0.5;1;0.005;1404409622;0.8484848484848485;0.7389517606788004;"[[12  1  0  1  0  0]
 [ 1 10  0  0  0  0]
 [ 0  0 10  0  0  0]
 [ 1  0  1 14  0  0]
 [ 0  0  0  0 10  0]
 [ 1  2  2  0  0  0]]";0.6402654867256637;0.502180138855531;"[[ 14  84  28  24  28   0]
 [  8 271  84  13  21   0]
 [  2  14 473  15   9   0]
 [  4  18  95 314  16   0]
 [  0  21   8   3 375   0]
 [  4  86 148  11  69   0]]";0.5744255744255744;0.4471511533446974;"[[  3  33  13  15  16   0]
 [  8 103  49   7  10   0]
 [  2   2 179   7  11   0]
 [  5  13  48 136   9   0]
 [  0  12   7   6 154   0]
 [  3  52  67   1  30   0]]";66;[14 11 10 16 10  5]
864;CiteSeer;own;-1;0.2;64;0.5;1;0.005;1404409622;0.9027777777777778;0.786043666478449;"[[15  0  0  0  0  0]
 [ 0 13  0  0  0  0]
 [ 0  0 10  0  0  0]
 [ 1  0  0 16  0  0]
 [ 0  0  0  0 11  0]
 [ 2  2  1  0  1  0]]";0.6237799467613132;0.5303285159065851;"[[ 74  56  29  21  14   0]
 [ 41 250  79  15   7   0]
 [  6  14 464  19   8   0]
 [ 18  20 103 299  14   0]
 [ 43  12   6   8 319   0]
 [ 60  57 135  14  49   0]]";0.5314685314685315;0.45046415478103774;"[[ 25  20  14  13   8   0]
 [ 30  87  48   8   4   0]
 [  4   4 178   6   9   0]
 [ 15  14  50 123   9   0]
 [ 32  11   7  10 119   0]
 [ 20  44  66   2  21   0]]";72;[15 13 10 17 11  6]
865;CiteSeer;own;-1;0.2;64;0.5;1;0.005;1404409622;0.8717948717948718;0.7544801506318201;"[[15  0  0  0  1  0]
 [ 1 14  0  0  0  0]
 [ 0  0 10  0  0  0]
 [ 1  0  0 18  1  0]
 [ 0  0  0  0 11  0]
 [ 0  2  1  0  3  0]]";0.6530249110320284;0.5480432178930916;"[[ 59  69  16  27  19   0]
 [ 14 287  52  24  16   0]
 [  2  20 448  30   9   0]
 [  9  22  65 341  21   0]
 [ 19  18   3  11 333   0]
 [ 10  96  95  29  84   0]]";0.5874125874125874;0.48636892349963073;"[[ 18  26   8  18  10   0]
 [ 13 112  33  12   7   0]
 [  2   6 170  10  13   0]
 [ 10  12  29 152   8   0]
 [ 18  13   2  10 136   0]
 [  6  59  46   8  34   0]]";78;[16 15 10 20 11  6]
866;CiteSeer;own;-1;0.2;64;0.5;1;0.005;1404409622;0.8690476190476191;0.7550246050246051;"[[18  0  0  0  0  0]
 [ 1 15  0  0  0  0]
 [ 0  0 10  0  0  0]
 [ 1  0  0 18  1  0]
 [ 0  0  0  1 12  0]
 [ 2  2  2  0  1  0]]";0.6498661909009813;0.5463670178793724;"[[ 68  63  15  25  18   0]
 [ 26 274  54  20  17   0]
 [  5  17 448  31   8   0]
 [ 18  21  60 335  19   0]
 [ 27  17   1  14 332   0]
 [ 17  83  80  31  98   0]]";0.5814185814185814;0.48634076702760803;"[[ 23  23   8  15  11   0]
 [ 24 103  31  11   8   0]
 [  3   5 171   9  13   0]
 [ 12  13  27 153   6   0]
 [ 20  13   2  12 132   0]
 [ 11  54  39   8  41   0]]";84;[18 16 10 20 13  7]
867;CiteSeer;own;-1;0.2;64;0.5;1;0.005;1404409622;0.8888888888888888;0.7702216059842991;"[[18  0  0  1  0  0]
 [ 1 16  0  0  0  0]
 [ 0  0 11  0  0  0]
 [ 0  0  0 21  0  0]
 [ 0  0  0  0 14  0]
 [ 1  1  5  0  1  0]]";0.6462432915921288;0.5423051887472404;"[[ 63  48  21  23  28   0]
 [ 24 229  90  17  27   0]
 [  3  13 471  18   9   0]
 [  9  16  72 332  22   0]
 [ 17  12   5   9 350   0]
 [  5  54 110  19 120   0]]";0.5634365634365635;0.46611683716507674;"[[ 19  19  13  13  16   0]
 [ 20  90  45   9  13   0]
 [  2   4 176   7  12   0]
 [ 10  12  36 144   9   0]
 [ 17   8   4  15 135   0]
 [  6  47  55   2  43   0]]";90;[19 17 11 21 14  8]
868;CiteSeer;own;-1;0.2;64;0.5;1;0.005;1404409622;0.90625;0.7850209815727057;"[[21  0  0  1  0  0]
 [ 0 17  0  0  0  0]
 [ 0  0 12  0  0  0]
 [ 0  0  0 22  0  0]
 [ 0  0  0  0 15  0]
 [ 2  1  5  0  0  0]]";0.647085201793722;0.5459612034796005;"[[ 72  50  21  19  20   0]
 [ 40 238  75  12  21   0]
 [  9  12 465  20   7   0]
 [ 15  16  71 329  19   0]
 [ 26  12   5  10 339   0]
 [ 14  51 122  19 101   0]]";0.5574425574425574;0.46750639543765266;"[[ 24  20  15  11  10   0]
 [ 33  88  39   8   9   0]
 [  3   4 174   8  12   0]
 [ 14  11  36 142   8   0]
 [ 20  11   3  15 130   0]
 [ 12  45  55   2  39   0]]";96;[22 17 12 22 15  8]
869;CiteSeer;own;-1;0.2;64;0.5;1;0.005;1404409622;0.8725490196078431;0.7611498156067477;"[[20  1  0  1  0  0]
 [ 1 18  0  0  0  0]
 [ 0  0 13  0  0  0]
 [ 0  0  0 23  0  0]
 [ 0  0  0  0 15  0]
 [ 2  1  5  0  2  0]]";0.6524280575539568;0.550692515099476;"[[ 69  56  17  19  19   0]
 [ 33 258  60  13  17   0]
 [  8  14 462  21   7   0]
 [ 17  17  69 330  16   0]
 [ 28  15   5  11 332   0]
 [ 14  72 124  25  76   0]]";0.5754245754245755;0.48497727362451265;"[[ 25  25  11  10   9   0]
 [ 24 103  32  10   8   0]
 [  3   5 173   8  12   0]
 [ 13  14  31 146   7   0]
 [ 19  12   3  16 129   0]
 [ 10  52  56   6  29   0]]";102;[22 19 13 23 15 10]
870;CiteSeer;own;-1;0.2;64;0.5;1;0.005;1404409622;0.8703703703703703;0.789578399238287;"[[21  0  0  1  0  0]
 [ 0 19  0  1  0  0]
 [ 0  0 14  0  0  0]
 [ 0  0  0 24  1  0]
 [ 0  0  0  0 15  0]
 [ 3  3  4  1  0  1]]";0.654643823264202;0.5485938077836019;"[[ 60  57  17  23  23   0]
 [ 35 257  53  18  17   0]
 [  7  15 459  23   7   0]
 [  7  17  75 333  15   0]
 [ 21  14   4  10 342   0]
 [ 13  65 116  35  79   1]]";0.5704295704295704;0.4742781983934468;"[[ 20  25   8  15  12   0]
 [ 22 103  30  12  10   0]
 [  2   5 173   9  12   0]
 [ 10  14  34 145   8   0]
 [ 18  12   3  16 130   0]
 [  9  48  54  12  30   0]]";108;[22 20 14 25 15 12]
871;CiteSeer;own;-1;0.2;64;0.5;1;0.005;1404409622;0.9035087719298246;0.8692264815385117;"[[22  0  0  1  0  0]
 [ 0 21  0  0  0  0]
 [ 0  0 15  0  0  0]
 [ 0  0  0 25  1  0]
 [ 0  0  0  0 15  0]
 [ 4  2  2  0  1  5]]";0.6537070524412296;0.5638159069968954;"[[ 75  53  17  16  18   0]
 [ 31 261  57  15  14   0]
 [  8  14 458  19   6   0]
 [ 15  18  87 316  10   0]
 [ 29  13   6  11 327   0]
 [ 33  53 130  31  62   9]]";0.5774225774225774;0.49414934746923794;"[[ 24  25  10  11  10   0]
 [ 22 106  34   9   6   0]
 [  3   4 174   8  12   0]
 [ 15  13  38 138   7   0]
 [ 19  15   3  11 131   0]
 [ 19  43  55   6  25   5]]";114;[23 21 15 26 15 14]
872;CiteSeer;own;-1;0.2;64;0.5;1;0.005;1404409622;0.95;0.9470733226493594;"[[22  0  0  1  1  0]
 [ 0 22  0  0  0  0]
 [ 0  0 16  0  0  0]
 [ 0  0  0 27  0  0]
 [ 0  0  0  0 15  0]
 [ 3  1  0  0  0 12]]";0.7316409791477788;0.6981346538916534;"[[ 69  55  14  18  16   8]
 [ 20 254  67  17  12   5]
 [  8  13 454  16   4  11]
 [ 12  18  78 321  14   7]
 [ 23  12   4  16 317  10]
 [  5  20  56  15  18 199]]";0.6443556443556444;0.6074858622004748;"[[ 22  25  10  11   9   3]
 [ 22 107  30  12   5   1]
 [  2   4 170   8  11   6]
 [ 14  13  36 138   7   3]
 [ 17  13   2  20 122   5]
 [  5  24  28   1   9  86]]";120;[24 22 16 27 15 16]
873;CiteSeer;own;-1;0.2;64;0.5;1;0.005;1404409622;0.9523809523809523;0.9513405625271942;"[[24  0  0  1  1  0]
 [ 0 23  0  0  0  0]
 [ 0  0 16  0  0  0]
 [ 0  0  0 28  1  0]
 [ 0  0  0  0 15  0]
 [ 2  1  0  0  0 14]]";0.7304545454545455;0.6941528817314228;"[[ 68  53  15  22  16   1]
 [ 30 261  47  24  11   4]
 [  7  12 443  28   4  10]
 [  8  16  63 346  14   4]
 [ 27  12   4  22 310   6]
 [  4  22  57  29  21 179]]";0.6433566433566433;0.5975447566065955;"[[ 17  25   9  18  10   1]
 [ 25 103  28  14   6   1]
 [  3   4 167  12  11   4]
 [  7  13  27 159   4   1]
 [ 20  13   2  22 120   2]
 [  4  25  29   7  10  78]]";126;[26 23 16 29 15 17]
874;CiteSeer;own;-1;0.2;64;0.5;1;0.005;1404409622;0.946969696969697;0.9477232109839128;"[[24  0  0  1  1  0]
 [ 0 24  0  0  0  0]
 [ 0  0 17  0  0  0]
 [ 1  0  0 29  1  0]
 [ 0  0  0  0 16  0]
 [ 2  1  0  0  0 15]]";0.7392889699179581;0.7041935661833777;"[[ 66  54  17  21  15   1]
 [ 22 274  50  17   7   6]
 [  5  15 452  20   4   8]
 [ 11  19  69 334  10   6]
 [ 27  15   5  21 304   9]
 [  3  19  64  18  14 192]]";0.6403596403596403;0.5982835501033492;"[[ 18  24  11  17   9   1]
 [ 22 108  29  12   3   3]
 [  2   4 170   9  10   6]
 [ 11  15  33 146   4   2]
 [ 22  14   3  20 116   4]
 [  3  25  31   2   9  83]]";132;[26 24 17 31 16 18]
875;CiteSeer;own;-1;0.2;64;0.5;1;0.005;1404409622;0.9420289855072463;0.944140566721212;"[[25  0  0  1  1  0]
 [ 0 25  0  1  0  0]
 [ 0  0 18  0  0  0]
 [ 1  0  0 29  1  0]
 [ 0  0  0  0 17  0]
 [ 2  1  0  0  0 16]]";0.7449725776965265;0.7138859349773382;"[[ 71  46  19  20  14   3]
 [ 18 272  58  15   5   7]
 [  4  13 451  25   4   6]
 [  8  22  68 332  11   6]
 [ 21  20   5  15 311   8]
 [  5  16  61  17  18 193]]";0.6433566433566433;0.6029429852096102;"[[ 19  21  10  18  11   1]
 [ 23 104  32  12   3   3]
 [  1   5 169  10  11   5]
 [  8  16  33 147   5   2]
 [ 18  14   3  22 119   3]
 [  7  16  32   2  10  86]]";138;[27 26 18 31 17 19]
876;CiteSeer;own;-1;0.2;64;0.5;1;0.005;1404409622;0.9375;0.937374516534109;"[[26  0  0  0  1  0]
 [ 0 27  1  0  0  0]
 [ 0  0 19  0  0  0]
 [ 2  0  0 29  2  0]
 [ 0  0  0  0 17  0]
 [ 2  1  0  0  0 17]]";0.7392300641613199;0.7054515260283112;"[[ 65  56  11  24  14   1]
 [ 14 286  52  22   5   6]
 [  4  18 421  28   4   6]
 [  7  25  61 347  11   4]
 [ 18  22   5  16 315   4]
 [  5  22  58  26  20 179]]";0.6403596403596403;0.5959889985903094;"[[ 17  23  10  18  11   1]
 [ 19 110  31  10   4   3]
 [  2   5 163  15  12   4]
 [  7  17  30 151   4   2]
 [ 15  15   2  22 122   3]
 [  4  23  31   7  10  78]]";144;[27 28 19 33 17 20]
877;CiteSeer;own;-1;0.2;64;0.5;1;0.005;1404409622;0.94;0.9384488883389324;"[[28  0  0  0  1  0]
 [ 0 27  1  0  0  0]
 [ 0  0 20  0  0  0]
 [ 2  0  0 31  1  0]
 [ 0  0  0  0 17  0]
 [ 2  1  0  0  1 18]]";0.7329963235294118;0.7015880202249177;"[[ 67  50  11  23  14   4]
 [ 27 279  50  14   8   6]
 [  7  18 410  33   3   9]
 [  8  26  68 336  10   6]
 [ 24  21   5  16 307   7]
 [  5  23  53  15  17 196]]";0.6403596403596403;0.6042013858946582;"[[ 22  23   8  16   8   3]
 [ 23 107  31   9   3   4]
 [  2   5 160  15  12   7]
 [  8  18  32 148   3   2]
 [ 18  16   1  21 119   4]
 [  8  22  28   0  10  85]]";150;[29 28 20 34 17 22]
878;CiteSeer;own;-1;0.2;64;0.5;1;0.005;1404409622;0.9358974358974359;0.9360119047619048;"[[29  0  0  0  1  0]
 [ 0 27  0  0  0  1]
 [ 0  0 21  0  0  0]
 [ 2  0  0 30  2  0]
 [ 0  0  0  0 19  0]
 [ 2  1  0  0  1 20]]";0.7368663594470046;0.7041163290698419;"[[ 64  49  11  23  19   3]
 [ 22 255  65  16  13   7]
 [  3  15 422  28   4   8]
 [  8  24  65 330  15   6]
 [ 16  19   5  12 324   6]
 [  5  13  57  14  20 204]]";0.6433566433566433;0.600195717241799;"[[ 17  20  11  17  12   3]
 [ 23  99  34  10   8   3]
 [  3   4 159  15  12   8]
 [  8  16  31 147   7   2]
 [ 11  13   2  16 133   4]
 [  5  13  31   0  15  89]]";156;[30 28 21 34 19 24]
879;CiteSeer;own;-1;0.2;64;0.5;1;0.005;1404409622;0.9382716049382716;0.9381030798617056;"[[29  0  0  0  1  0]
 [ 0 28  0  0  0  1]
 [ 1  0 22  0  0  0]
 [ 2  0  0 32  1  0]
 [ 0  0  0  0 20  0]
 [ 2  1  0  0  1 21]]";0.7412199630314233;0.70782751092844;"[[ 63  50  10  26  14   4]
 [ 21 262  59  17   7   7]
 [  7  15 410  35   3  11]
 [  9  22  56 346   8   5]
 [ 23  20   6  16 311   8]
 [  6  13  50  19  13 212]]";0.6623376623376623;0.622970015911189;"[[ 20  23   9  16   8   4]
 [ 21 106  32  10   5   3]
 [  3   4 160  15  12   7]
 [  8  16  26 154   6   1]
 [ 15  16   1  17 127   3]
 [  7   9  29   1  11  96]]";162;[30 29 23 35 20 25]
880;CiteSeer;own;-1;0.2;64;0.5;1;0.005;1404409622;0.9523809523809523;0.951876425377452;"[[28  0  0  0  1  1]
 [ 0 30  0  0  0  0]
 [ 1  1 23  0  0  0]
 [ 1  0  0 34  1  0]
 [ 0  0  0  0 21  0]
 [ 1  1  0  0  0 24]]";0.7585727525486562;0.7182918766270853;"[[ 53  53   9  22  16   6]
 [ 12 279  43  14  11   7]
 [  6  18 409  34   3  15]
 [  8  24  48 349   8   9]
 [ 20  22   5  12 324   7]
 [  3  13  45  16  12 223]]";0.6703296703296703;0.6254754449357179;"[[ 16  26   7  16  11   4]
 [ 18 112  31   8   5   3]
 [  2   7 154  17  11  10]
 [  6  15  26 155   6   3]
 [ 12  16   1  16 129   5]
 [  4  11  23   1   9 105]]";168;[30 30 25 36 21 26]
881;CiteSeer;own;-1;0.2;64;0.5;1;0.005;1404409622;0.9597701149425287;0.9608059454911834;"[[31  1  0  0  0  0]
 [ 0 30  0  0  0  0]
 [ 1  0 25  0  0  0]
 [ 1  0  0 34  1  0]
 [ 0  0  0  0 23  0]
 [ 2  1  0  0  0 24]]";0.7462825278810409;0.7111546407158631;"[[ 62  50  14  16  16   3]
 [ 24 252  54  16   9   8]
 [  8  14 417  32   2  12]
 [  8  22  53 339  15   7]
 [ 15  21   8  10 329   6]
 [  3  16  51  15  18 207]]";0.6473526473526473;0.6077917358003503;"[[ 19  24  10  14   9   4]
 [ 22 103  33   9   6   4]
 [  3   7 155  17  12   7]
 [  8  11  31 149  11   1]
 [ 12  15   1  17 129   5]
 [  3  13  27   3  14  93]]";174;[32 30 26 36 23 27]
882;CiteSeer;own;-1;0.2;64;0.5;1;0.005;1404409622;0.95;0.9524719517860539;"[[31  2  0  0  0  0]
 [ 1 30  0  0  0  0]
 [ 1  0 25  0  0  0]
 [ 1  0  0 34  1  0]
 [ 0  0  0  0 24  0]
 [ 2  1  0  0  0 27]]";0.7525629077353215;0.7164788857510375;"[[ 61  43  13  21  17   5]
 [ 27 241  60  11  10  14]
 [  8  14 419  28   2  14]
 [  8  18  56 333  15  10]
 [ 14  17   5   9 331  11]
 [  3   7  43  12  16 230]]";0.6523476523476524;0.6158222001377721;"[[ 22  20  10  14  10   4]
 [ 22  92  38   7   8  10]
 [  3   7 157  15  11   8]
 [  7  11  33 147  10   3]
 [ 14  12   3  13 132   5]
 [  3   8  26   0  13 103]]";180;[33 31 26 36 24 30]
883;CiteSeer;own;-1;0.2;64;0.5;1;0.005;1404409622;0.967741935483871;0.9683618211000519;"[[32  0  0  0  0  1]
 [ 0 32  0  0  0  0]
 [ 1  0 26  0  0  0]
 [ 1  0  0 35  1  0]
 [ 1  0  0  0 25  0]
 [ 1  0  0  0  0 30]]";0.7621495327102804;0.7167585677908046;"[[ 49  46   9  17  17   6]
 [ 24 264  45  12  10  11]
 [  9  13 418  27   2  14]
 [ 10  21  54 336  12   9]
 [ 19  17   5   7 334  12]
 [  7   9  35  11  19 230]]";0.6593406593406593;0.6229737896960373;"[[ 22  22   9  13  10   4]
 [ 22 102  31   9   8   5]
 [  3   8 156  15  10   9]
 [ 11  13  30 145   8   4]
 [ 11  14   3  11 133   7]
 [  3  11  24   1  12 102]]";186;[33 32 27 37 26 31]
884;CiteSeer;own;-1;0.2;64;0.5;1;0.005;1404409622;0.9635416666666666;0.9642148356500857;"[[32  1  0  0  0  0]
 [ 0 34  0  0  0  0]
 [ 1  0 27  0  0  0]
 [ 1  0  0 36  1  0]
 [ 1  0  0  0 26  0]
 [ 2  0  0  0  0 30]]";0.7577319587628866;0.7123558869981634;"[[ 46  46  13  16  15   6]
 [ 18 263  54  11  11   9]
 [  5  15 423  25   3  11]
 [  8  22  59 333  11   8]
 [ 14  17   7   9 331  16]
 [  7  10  45  10  16 221]]";0.6553446553446554;0.6148749083455133;"[[ 19  24   9  13  11   4]
 [ 19  98  37   8   9   6]
 [  3   7 157  15  11   8]
 [  6  12  35 146   7   5]
 [  6  14   2  12 137   8]
 [  4  10  28   0  12  99]]";192;[33 34 28 38 27 32]
885;CiteSeer;own;-1;0.2;64;0.5;1;0.005;1404409622;0.9646464646464646;0.9652379985353634;"[[33  1  0  0  0  0]
 [ 0 35  0  0  0  0]
 [ 1  0 27  0  0  0]
 [ 1  0  0 39  1  0]
 [ 1  0  0  0 27  0]
 [ 2  0  0  0  0 30]]";0.7603383458646616;0.7195032184999023;"[[ 53  40   9  16  20   6]
 [ 19 265  47  11  14   9]
 [  8  14 410  32   4  13]
 [  8  26  52 337  10   6]
 [ 13  17   5   8 338  13]
 [  7   8  43  15  17 215]]";0.6493506493506493;0.6105899947230289;"[[ 21  23   9  12  12   3]
 [ 24  94  33   6  12   8]
 [  3   8 152  16  11  11]
 [  7  12  31 151   9   1]
 [  6  14   1  15 136   7]
 [  4  10  25   4  14  96]]";198;[34 35 28 41 28 32]
886;CiteSeer;own;-1;0.2;64;0.5;1;0.005;1404409622;0.9705882352941176;0.9710826886108136;"[[33  1  0  0  0  0]
 [ 0 35  0  0  0  0]
 [ 1  0 28  0  0  0]
 [ 1  0  0 41  1  0]
 [ 0  0  0  0 30  0]
 [ 2  0  0  0  0 31]]";0.7620169651272385;0.7140007801126275;"[[ 41  45   9  19  23   6]
 [ 11 246  60  17  16  10]
 [  3  13 410  37   4  13]
 [  4  15  56 346  12   6]
 [  7  12   4   8 351  12]
 [  4   3  42  17  17 223]]";0.6623376623376623;0.6084550293589918;"[[ 12  25  10  17  15   1]
 [ 14  96  39   7  13   8]
 [  1   7 157  15  12   9]
 [  4   9  33 156   8   1]
 [  2   9   3  16 143   6]
 [  2   8  26   6  12  99]]";204;[34 35 29 43 30 33]
887;CiteSeer;own;-1;0.2;64;0.5;1;0.005;1404409622;0.9714285714285714;0.9710476835203278;"[[34  0  0  0  0  0]
 [ 0 37  0  0  1  0]
 [ 0  0 29  0  0  0]
 [ 1  0  0 42  1  0]
 [ 0  0  1  0 30  0]
 [ 2  0  0  0  0 32]]";0.7679584120982986;0.7228882699213545;"[[ 45  45  10  19  18   6]
 [ 14 260  53  12  13   9]
 [  4  14 417  30   4  11]
 [  4  19  57 341  10   7]
 [ 11  14   4   9 336  15]
 [  4   6  42  16  11 226]]";0.6703296703296703;0.6257900499906022;"[[ 17  23   9  15  12   4]
 [ 15 102  38   7   7   8]
 [  2   8 156  14  12   9]
 [  3  10  35 155   6   2]
 [  4  10   3  14 141   7]
 [  1   9  27   4  12 100]]";210;[34 38 29 44 31 34]
888;CiteSeer;own;-1;0.2;64;0.5;1;0.005;1404409622;0.9722222222222222;0.9728890518904199;"[[35  1  0  0  0  0]
 [ 0 38  0  0  1  0]
 [ 0  0 30  0  0  0]
 [ 1  0  0 42  1  0]
 [ 0  0  0  0 32  0]
 [ 2  0  0  0  0 33]]";0.7744075829383886;0.7377115396603365;"[[ 59  39   7  13  25   5]
 [ 19 262  42   9  15  10]
 [  4  15 412  30   4  13]
 [  6  21  55 332  16   6]
 [ 12  10   5   6 343  11]
 [  6   5  38   7  22 226]]";0.6673326673326674;0.6281926822138791;"[[ 21  23   6  12  15   3]
 [ 20 101  34   5   9   8]
 [  2   8 154  14  13  10]
 [  7  11  32 147  13   1]
 [  6   9   2  12 145   5]
 [  4   7  26   0  16 100]]";216;[36 39 30 44 32 35]
889;CiteSeer;own;-1;0.2;64;0.5;1;0.005;1404409622;0.972972972972973;0.9734309366662308;"[[35  1  0  0  0  0]
 [ 0 41  0  0  1  0]
 [ 0  0 31  0  0  0]
 [ 1  0  0 43  1  0]
 [ 0  0  0  0 33  0]
 [ 2  0  0  0  0 33]]";0.7742395437262357;0.7306852728439818;"[[ 48  46   7  17  23   2]
 [ 14 281  37  11  14   7]
 [  3  19 418  29   4   9]
 [  3  23  56 334  10   6]
 [ 12  15   6   6 339  10]
 [  3  16  33  15  19 209]]";0.6793206793206793;0.6343146374646105;"[[ 18  29   6  12  14   1]
 [ 16 108  33   5   7   8]
 [  1   9 158  12  12   9]
 [  4  16  26 158   7   0]
 [  4  12   2  13 143   5]
 [  2  15  25   3  13  95]]";222;[36 42 31 45 33 35]
890;CiteSeer;own;-1;0.2;64;0.5;1;0.005;1404409622;0.9692982456140351;0.9696273836120645;"[[34  2  0  1  0  0]
 [ 0 42  0  0  1  0]
 [ 0  0 32  0  0  0]
 [ 0  0  0 46  1  0]
 [ 0  0  0  0 34  0]
 [ 2  0  0  0  0 33]]";0.773117254528122;0.7289570461822983;"[[ 47  38   5  19  29   4]
 [ 16 257  46  14  18   9]
 [  3  16 416  30   5  13]
 [  2  15  55 340  12   7]
 [  9  13   4   7 344  12]
 [  3  12  34  12  14 218]]";0.6773226773226774;0.628824277253267;"[[ 17  23   7  15  17   1]
 [ 18  94  39   5  13   8]
 [  1   8 159  11  12  10]
 [  3  10  25 161   9   3]
 [  3  10   2  11 146   7]
 [  2  14  22   1  13 101]]";228;[37 43 32 47 34 35]
891;CiteSeer;own;-1;0.2;64;0.5;1;0.005;1404409622;0.9615384615384616;0.9623166895974409;"[[34  1  0  1  0  1]
 [ 1 43  1  1  1  0]
 [ 0  0 32  0  0  0]
 [ 0  0  0 47  1  0]
 [ 0  0  0  0 34  0]
 [ 1  0  0  0  0 35]]";0.7729445506692161;0.7287376597847627;"[[ 46  45   6  17  22   4]
 [ 17 280  46  15  17   8]
 [  3  19 381  34   5  13]
 [  1  19  42 350  13   6]
 [ 10  15   4   6 346  10]
 [  5  15  29  13  16 214]]";0.6743256743256744;0.6297591747104109;"[[ 18  29   5  11  16   1]
 [ 21 106  31   3  10   6]
 [  1  11 146  22  12   9]
 [  1  14  22 163  10   1]
 [  4  10   1  13 145   6]
 [  2  19  18   3  14  97]]";234;[37 47 32 48 34 36]
892;CiteSeer;own;-1;0.2;64;0.5;1;0.005;1404409622;0.9541666666666667;0.9542800143704903;"[[35  1  0  0  0  2]
 [ 1 45  1  0  1  0]
 [ 0  0 33  0  0  0]
 [ 2  0  0 47  1  0]
 [ 1  0  0  0 34  0]
 [ 1  0  0  0  0 35]]";0.775647171620326;0.7277660701792379;"[[ 41  52   7  14  20   3]
 [ 15 302  45   4  12   7]
 [  2  21 392  25   5  11]
 [  1  30  49 334  11   4]
 [ 12  16   5   5 344  11]
 [  3  23  34   9  12 205]]";0.6753246753246753;0.6295198997214075;"[[ 16  30   7  12  12   3]
 [ 16 119  30   3   5   4]
 [  2  14 152  15  11   7]
 [  3  15  31 153   7   2]
 [  3  15   1  12 141   7]
 [  1  20  23   1  13  95]]";240;[38 48 33 50 35 36]
893;CiteSeer;own;-1;0.2;64;0.5;1;0.005;1404409622;0.9512195121951219;0.9510438811064038;"[[34  2  0  1  0  2]
 [ 2 46  1  0  1  0]
 [ 0  0 33  0  0  0]
 [ 0  0  0 50  1  0]
 [ 1  0  0  0 35  0]
 [ 1  0  0  0  0 36]]";0.76875;0.7238551483117647;"[[ 44  43   6  18  21   3]
 [ 19 273  55  13  16   8]
 [  3  21 385  30   5  12]
 [  0  16  49 349   8   6]
 [  8  13   5   8 346  12]
 [  3  15  34  15  16 202]]";0.6743256743256744;0.6311351257738803;"[[ 19  23   6  16  13   3]
 [ 21  99  35   5  11   6]
 [  2  13 147  19  12   8]
 [  2  11  24 165   5   4]
 [  3  11   1  14 145   5]
 [  1  14  23   3  12 100]]";246;[39 50 33 51 36 37]
894;CiteSeer;own;-1;0.2;64;0.5;1;0.005;1404409622;0.9682539682539683;0.9684547908232118;"[[35  2  0  1  0  1]
 [ 1 50  0  0  1  0]
 [ 0  0 34  0  0  0]
 [ 0  0  0 51  1  0]
 [ 0  0  0  0 37  0]
 [ 1  0  0  0  0 37]]";0.7704918032786885;0.7279998923046221;"[[ 45  42   7  16  18   3]
 [ 21 289  47  11  14   6]
 [  2  29 375  29   5  11]
 [  0  19  51 341  11   7]
 [ 12  16   7   4 340  11]
 [  5  13  37   9  13 208]]";0.6723276723276723;0.6351434165284867;"[[ 21  23   6  11  16   3]
 [ 18 105  35   6   9   4]
 [  1  23 141  17  11   8]
 [  2  12  25 163   5   4]
 [  3  16   1  12 142   5]
 [  3  13  24   1  11 101]]";252;[39 52 34 52 37 38]
895;CiteSeer;own;-1;0.2;64;0.5;1;0.005;1404409622;0.9612403100775194;0.9612107077072393;"[[37  2  0  1  0  1]
 [ 0 51  1  0  1  0]
 [ 0  0 34  0  0  0]
 [ 1  0  0 51  1  0]
 [ 0  0  0  0 38  1]
 [ 1  0  0  0  0 37]]";0.769825918762089;0.7223108778672914;"[[ 38  46   8  16  16   4]
 [ 16 298  45   7  14   7]
 [  0  30 373  31   4  15]
 [  0  23  49 339  10   7]
 [ 12  18   8   4 338  10]
 [  2  14  37  10  13 206]]";0.6673326673326674;0.6240602262819565;"[[ 17  26   5  13  15   4]
 [ 19 109  31   4   8   6]
 [  0  23 141  18  11   8]
 [  2  14  26 159   5   5]
 [  2  15   2  12 142   6]
 [  2  14  23   2  12 100]]";258;[41 53 34 53 39 38]
896;CiteSeer;own;-1;0.2;64;0.5;1;0.005;1404409622;0.9583333333333334;0.9575555256636387;"[[38  2  0  0  1  1]
 [ 1 52  0  0  1  0]
 [ 0  0 35  0  1  0]
 [ 1  0  0 53  1  0]
 [ 0  0  0  0 38  1]
 [ 1  0  0  0  0 37]]";0.7710960232783706;0.724903736515628;"[[ 40  46   5  13  22   3]
 [ 15 304  42   5  14   7]
 [  3  35 362  31   6  16]
 [  0  19  48 337  13   5]
 [  9  14   5   6 347   8]
 [  1  14  33  10  24 200]]";0.6763236763236763;0.6381416346844105;"[[ 21  25   4  10  17   3]
 [ 19 113  28   2   9   6]
 [  2  26 134  18  12   9]
 [  1  12  25 163   6   4]
 [  2  15   1  10 148   3]
 [  3  15  23   0  14  98]]";264;[42 54 36 55 39 38]
897;CiteSeer;own;-1;0.2;64;0.5;1;0.005;1404409622;0.9629629629629629;0.9626632527877765;"[[40  2  0  0  0  1]
 [ 0 54  0  0  1  0]
 [ 0  0 37  0  0  0]
 [ 1  0  0 53  2  0]
 [ 1  0  0  0 38  1]
 [ 1  0  0  0  0 38]]";0.7704280155642024;0.7298732421044779;"[[ 45  41   7  14  15   4]
 [ 17 286  53   7  11   7]
 [  5  28 377  30   6  10]
 [  0  18  52 338   9   5]
 [ 10  18   8   8 338   7]
 [  3  12  39  14  14 200]]";0.6733266733266733;0.6381176763374904;"[[ 23  26   5  12  12   2]
 [ 20 103  37   4   7   6]
 [  1  19 143  19  11   8]
 [  2  11  27 162   6   3]
 [  5  13   1  12 144   4]
 [  3  14  22   2  13  99]]";270;[43 55 37 56 40 39]
898;CiteSeer;own;-1;0.2;64;0.5;1;0.005;1404409622;0.9601449275362319;0.9600092362360949;"[[41  1  0  1  0  1]
 [ 0 54  0  0  1  0]
 [ 0  0 38  0  0  0]
 [ 1  0  0 54  2  0]
 [ 1  0  0  0 39  1]
 [ 1  1  0  0  0 39]]";0.7746341463414634;0.7345713161902224;"[[ 48  42   7  10  17   3]
 [ 18 291  41   5  13   7]
 [  8  33 373  29   6  11]
 [  1  20  49 332  13   5]
 [ 11  17   5   5 341   7]
 [  6  14  33   9  17 203]]";0.6763236763236763;0.6382728471483974;"[[ 21  27   4   9  17   2]
 [ 19 111  31   1   9   6]
 [  2  26 136  16  12   9]
 [  1  12  27 160   7   4]
 [  6  12   1   7 149   4]
 [  3  14  21   2  13 100]]";276;[44 55 38 57 41 41]
899;CiteSeer;own;-1;0.2;64;0.5;1;0.005;1404409622;0.950354609929078;0.950221739608008;"[[45  1  0  0  0  0]
 [ 1 54  1  0  2  0]
 [ 0  0 38  0  0  0]
 [ 1  0  0 55  2  0]
 [ 2  0  0  0 38  1]
 [ 2  1  0  0  0 38]]";0.7729941291585127;0.7389553566799352;"[[ 57  33   8   8  17   2]
 [ 25 284  45   6  12   5]
 [  9  29 374  28   7   9]
 [  3  19  48 334   9   6]
 [ 14  18   7   5 333   7]
 [  6  16  38  11  14 198]]";0.6723276723276723;0.6340589617476137;"[[ 21  27   4  11  14   3]
 [ 21 111  32   4   6   3]
 [  1  22 141  17  12   8]
 [  3  12  27 160   5   4]
 [  7  15   1   8 145   3]
 [  3  14  24   2  15  95]]";282;[46 58 38 58 41 41]
900;CiteSeer;own;-1;0.2;64;0.5;1;0.005;1404409622;0.9583333333333334;0.9579147638857982;"[[45  1  0  0  0  1]
 [ 0 56  1  0  2  0]
 [ 0  0 41  0  0  0]
 [ 1  0  0 55  2  0]
 [ 1  0  0  0 40  1]
 [ 1  1  0  0  0 39]]";0.781648675171737;0.7456979292690132;"[[ 46  37  11   8  17   4]
 [  8 280  64   5  12   5]
 [  0  26 408  20   7   7]
 [  1  15  56 332   7   5]
 [  5  17   7   8 333   9]
 [  1  11  45  12  15 194]]";0.6773226773226774;0.6319383988217236;"[[ 16  29   8   9  15   3]
 [ 13 113  36   4   8   3]
 [  0  21 146  16  12   6]
 [  2  12  30 159   5   3]
 [  3  14   1   7 150   4]
 [  1  13  29   3  13  94]]";288;[47 59 41 58 42 41]
901;CiteSeer;own;-1;0.2;64;0.5;1;0.005;1404409622;0.9523809523809523;0.9522037868062627;"[[46  1  0  0  0  0]
 [ 1 56  2  0  2  0]
 [ 0  0 42  0  0  0]
 [ 1  0  0 56  2  0]
 [ 1  0  0  0 40  1]
 [ 2  1  0  0  0 40]]";0.7770669291338582;0.7374082269133352;"[[ 51  33   5   9  16   7]
 [ 23 288  45   5  12   4]
 [  6  30 385  26   6  11]
 [  4  18  39 338  10   7]
 [ 14  18   5   4 325  13]
 [  4  11  42  13  13 192]]";0.6683316683316683;0.6295495135781058;"[[ 20  29   3   9  17   2]
 [ 19 115  33   2   6   2]
 [  3  24 138  18  12   6]
 [  3  11  26 161   7   3]
 [  8  16   1   7 142   5]
 [  2  13  29   2  14  93]]";294;[47 61 42 59 42 43]
902;CiteSeer;own;-1;0.2;64;0.5;1;0.005;1404409622;0.9533333333333334;0.9519195273823594;"[[45  1  0  0  0  1]
 [ 1 58  1  0  2  0]
 [ 0  0 43  0  0  0]
 [ 1  0  0 59  1  0]
 [ 1  0  0  0 40  2]
 [ 1  1  0  0  1 41]]";0.7788746298124383;0.7374000082807806;"[[ 45  37   7  13  16   3]
 [ 15 294  47   5  12   4]
 [  4  30 388  24   6  12]
 [  1  19  43 336  11   5]
 [  6  19   4   6 333   9]
 [  2  11  45  16  16 182]]";0.6753246753246753;0.6315346664965485;"[[ 17  30   4  10  16   3]
 [ 15 117  32   4   7   2]
 [  1  24 140  18  12   6]
 [  2  10  27 162   7   3]
 [  4  14   1  11 147   2]
 [  1  14  28   4  13  93]]";300;[47 62 43 61 43 44]
903;CiteSeer;own;-1;0.2;64;0.5;1;0.005;1404409622;0.9640522875816994;0.9621365881136712;"[[45  0  0  1  0  1]
 [ 0 61  1  0  1  0]
 [ 1  0 45  0  0  0]
 [ 0  0  0 60  1  0]
 [ 1  0  0  0 41  2]
 [ 1  1  0  0  0 43]]";0.7782178217821782;0.7394363892187273;"[[ 49  33   6  10  16   4]
 [ 21 289  44   5  11   6]
 [  4  35 383  24   6  12]
 [  2  21  41 334   9   8]
 [ 11  19   4   7 326   9]
 [  5  11  40  12  12 191]]";0.6783216783216783;0.6384910053525473;"[[ 19  32   3  11  13   2]
 [ 19 115  32   4   6   1]
 [  2  26 137  16  12   8]
 [  1  10  26 163   6   5]
 [  6  14   1  11 143   4]
 [  3  14  22   1  11 102]]";306;[47 63 46 61 44 45]
904;CiteSeer;own;-1;0.2;64;0.5;1;0.005;1404409622;0.9551282051282052;0.9542448430715105;"[[45  2  0  1  0  0]
 [ 2 60  1  0  1  0]
 [ 0  0 47  0  0  0]
 [ 0  0  0 61  1  0]
 [ 1  0  0  0 42  2]
 [ 2  1  0  0  0 43]]";0.7740814299900695;0.7340222815367641;"[[ 44  40   9   8  16   3]
 [ 10 293  49   3  11   5]
 [  2  37 388  21   6   9]
 [  2  23  47 328  10   3]
 [  8  23   5   7 327   6]
 [  4  17  45  10  16 179]]";0.6713286713286714;0.6295462037794443;"[[ 17  34   3  11  13   2]
 [ 18 118  32   3   5   1]
 [  0  27 140  18  10   6]
 [  1  14  29 157   7   3]
 [  5  16   1   8 145   4]
 [  3  15  25   1  14  95]]";312;[48 64 47 62 45 46]
905;CiteSeer;own;-1;0.2;64;0.5;1;0.005;1404409622;0.949685534591195;0.9482345001032803;"[[46  1  0  1  0  1]
 [ 1 61  1  0  1  0]
 [ 0  0 49  1  0  0]
 [ 1  0  0 60  1  0]
 [ 1  1  0  0 42  2]
 [ 1  1  0  0  1 44]]";0.7768924302788844;0.7390482134313965;"[[ 52  31   7   7  17   5]
 [ 23 270  44   5  12   4]
 [  4  35 391  20   8   6]
 [  4  18  47 328   8   6]
 [ 11  14   5   5 334   6]
 [  3  23  40  12  18 185]]";0.6763236763236763;0.6353548731693094;"[[ 19  31   2  11  15   2]
 [ 25 110  30   4   6   2]
 [  1  24 145  14  11   6]
 [  2   9  32 158   6   4]
 [  5  11   2  10 148   3]
 [  2  15  23   2  14  97]]";318;[49 64 50 62 46 47]
906;CiteSeer;own;-1;0.2;64;0.5;1;0.005;1404409622;0.9598765432098766;0.959579747400879;"[[46  1  0  1  0  1]
 [ 1 62  1  0  1  0]
 [ 0  0 50  1  0  0]
 [ 1  0  0 61  1  1]
 [ 0  0  0  0 47  0]
 [ 1  1  0  0  1 45]]";0.7742257742257742;0.7375806792574399;"[[ 50  31   5  13  12   5]
 [ 21 261  46   7  12  11]
 [  4  34 390  24   9   9]
 [  3  19  43 323  10   6]
 [ 10  15   5   7 330   7]
 [  1  12  39  14  18 196]]";0.6713286713286714;0.6316594268295921;"[[ 19  28   2  12  16   3]
 [ 23 105  32   5   7   5]
 [  1  23 141  18  11   7]
 [  3   9  34 154   5   6]
 [  4  11   2  10 148   4]
 [  1  12  22   2  11 105]]";324;[49 65 51 64 47 48]
907;CiteSeer;own;-1;0.2;64;0.5;1;0.005;1404409622;0.9666666666666667;0.966749343791975;"[[47  1  0  0  0  1]
 [ 1 63  1  0  1  0]
 [ 0  0 51  1  0  0]
 [ 2  0  0 63  1  0]
 [ 0  0  0  0 48  0]
 [ 1  1  0  0  0 47]]";0.7770541082164328;0.7404211682609464;"[[ 48  34   5  11  12   5]
 [ 18 271  46   4  10   8]
 [  4  35 394  24   8   4]
 [  3  19  52 316   9   4]
 [  6  15   6   6 333   7]
 [  2  18  43  11  16 189]]";0.6803196803196803;0.6430057060738026;"[[ 20  31   2  12  13   2]
 [ 21 116  31   1   7   1]
 [  1  24 143  15  11   7]
 [  3  11  35 153   4   5]
 [  4  13   2  10 146   4]
 [  1  14  22   1  12 103]]";330;[49 66 52 66 48 49]
908;CiteSeer;own;-1;0.2;64;0.5;1;0.005;1404409622;0.9642857142857143;0.9644105439558496;"[[48  1  0  0  0  1]
 [ 2 63  1  0  1  0]
 [ 0  0 53  0  0  0]
 [ 2  0  0 63  2  0]
 [ 0  0  0  0 49  0]
 [ 1  1  0  0  0 48]]";0.7904522613065327;0.7513551555487679;"[[ 49  30   4  12  13   6]
 [ 25 277  36   4  10   4]
 [  4  33 391  25  10   7]
 [  3  17  44 322  10   6]
 [  8  15   4   3 336   6]
 [  3  11  36   9  19 198]]";0.6893106893106893;0.6488292697898675;"[[ 20  30   2  12  13   3]
 [ 20 119  28   1   7   2]
 [  3  21 143  16  11   7]
 [  2   9  29 159   6   6]
 [  4  12   2   9 147   5]
 [  2  14  21   1  13 102]]";336;[50 67 53 67 49 50]
909;CiteSeer;own;-1;0.2;64;0.5;1;0.005;1404409622;0.9590643274853801;0.9594121498765462;"[[49  1  0  0  0  1]
 [ 2 63  1  0  1  0]
 [ 0  1 54  0  0  0]
 [ 2  0  1 64  1  0]
 [ 0  0  0  0 50  0]
 [ 1  1  0  1  0 48]]";0.7928427419354839;0.7517319446507474;"[[ 44  36   4  13  11   6]
 [ 18 281  39   3   9   6]
 [  4  32 393  25   8   5]
 [  2  17  43 323   8   7]
 [  6  15   5   7 332   7]
 [  0   9  39  12  15 200]]";0.6763236763236763;0.6360693208284164;"[[ 19  31   4  10  13   3]
 [ 19 114  29   4   7   4]
 [  1  25 141  16  10   8]
 [  2  10  30 159   4   6]
 [  5  12   2  12 142   6]
 [  2  14  21   2  12 102]]";342;[51 67 55 68 50 51]
910;CiteSeer;own;-1;0.2;64;0.5;1;0.005;1404409622;0.9655172413793104;0.9654242972363325;"[[49  1  0  0  0  1]
 [ 1 65  1  0  1  0]
 [ 0  0 57  0  0  0]
 [ 2  0  1 65  1  0]
 [ 0  0  0  0 51  0]
 [ 1  1  0  1  0 49]]";0.7896865520728008;0.7547850079177968;"[[ 50  29   5  14  11   5]
 [ 16 276  44   3  10   6]
 [  6  31 397  18   8   5]
 [  2  19  53 311   9   5]
 [  8  15   6   6 330   6]
 [  3  11  41   9  12 198]]";0.6703296703296703;0.6334144187640688;"[[ 20  29   5  10  13   3]
 [ 19 109  34   4   7   4]
 [  1  23 145  15  11   6]
 [  3  10  36 153   5   4]
 [  4  12   4  10 144   5]
 [  2  14  25   1  11 100]]";348;[51 68 57 69 51 52]
911;CiteSeer;own;-1;0.2;64;0.5;1;0.005;1404409622;0.940677966101695;0.9395144797858984;"[[47  2  0  0  1  1]
 [ 2 65  1  0  1  0]
 [ 0  0 56  0  0  1]
 [ 3  0  1 65  1  0]
 [ 0  0  0  0 50  2]
 [ 1  2  1  1  0 50]]";0.7976673427991886;0.7584061899957991;"[[ 46  32   4  11  13   8]
 [ 14 280  37   3   9  10]
 [  6  32 392  18   7   7]
 [  2  20  47 311   9   7]
 [  6  15   4   5 332  10]
 [  2  12  30   5  14 212]]";0.6783216783216783;0.6390896082877905;"[[ 20  29   5   8  14   4]
 [ 19 112  30   2   7   7]
 [  2  24 140  15  11   9]
 [  6  11  28 153   7   6]
 [  3  12   2   6 147   9]
 [  2  12  20   1  11 107]]";354;[51 69 57 70 52 55]
912;CiteSeer;own;-1;0.2;64;0.5;1;0.005;1404409622;0.9555555555555556;0.9553548492097653;"[[48  1  0  1  0  1]
 [ 2 66  1  0  1  0]
 [ 0  0 57  0  0  1]
 [ 2  0  1 67  1  0]
 [ 0  0  0  0 53  0]
 [ 1  2  0  1  0 53]]";0.7884028484231943;0.7531079565012395;"[[ 50  31   4  13  10   6]
 [ 18 268  42   7   9   5]
 [  6  30 388  27   8   5]
 [  3  16  44 320   8   4]
 [  6  18   5   8 326   7]
 [  2   8  34  16  16 198]]";0.6763236763236763;0.6403527494672767;"[[ 22  30   4   9  13   2]
 [ 22 106  33   4   7   5]
 [  2  22 142  17  11   7]
 [  2   8  28 159  10   4]
 [  4  12   2  12 146   3]
 [  2  13  23   2  11 102]]";360;[51 70 58 71 53 57]
913;CiteSeer;own;-1;0.2;64;0.5;1;0.005;1404409622;0.9672131147540983;0.9671291084028216;"[[50  1  0  0  0  1]
 [ 2 69  1  0  0  0]
 [ 0  0 58  0  0  0]
 [ 2  0  0 69  1  0]
 [ 0  0  0  0 54  0]
 [ 1  2  0  1  0 54]]";0.7903061224489796;0.7515035943659013;"[[ 45  33   5  13  12   6]
 [ 18 278  39   6   7   6]
 [  4  35 384  22   8   5]
 [  3  23  44 310  10   4]
 [  4  17   5   4 330   9]
 [  1  11  30  11  16 202]]";0.6683316683316683;0.6274596170564984;"[[ 18  31   4   9  14   4]
 [ 22 111  28   4   7   5]
 [  1  27 140  14  12   7]
 [  3   9  34 151   9   5]
 [  3  12   2   9 146   7]
 [  2  12  21   2  13 103]]";366;[52 72 58 72 54 58]
914;CiteSeer;own;-1;0.2;64;0.5;1;0.005;1404409622;0.9650537634408602;0.9651778030705689;"[[51  0  0  0  0  1]
 [ 2 71  1  0  0  0]
 [ 0  0 58  1  0  0]
 [ 2  0  1 69  1  0]
 [ 0  0  0  0 55  0]
 [ 1  2  0  1  0 55]]";0.7814738996929376;0.744696613670409;"[[ 48  30   4  13  14   5]
 [ 22 276  28   6   9  11]
 [  4  45 371  34   8   4]
 [  3  21  37 308  10   5]
 [  8  17   4   5 326   8]
 [  1  12  30  11  18 198]]";0.6603396603396603;0.6221247819594291;"[[ 19  30   4   9  15   3]
 [ 26 106  28   6   7   4]
 [  1  33 131  16  12   8]
 [  2   8  30 157  10   4]
 [  4  12   2  11 145   5]
 [  2  12  23   2  11 103]]";372;[52 74 59 73 55 59]
915;CiteSeer;own;-1;0.2;64;0.5;1;0.005;1404409622;0.9656084656084656;0.9656273378302654;"[[51  1  0  0  0  1]
 [ 2 72  1  0  0  1]
 [ 0  0 59  1  0  0]
 [ 2  0  0 70  1  0]
 [ 0  0  0  0 56  0]
 [ 1  1  0  1  0 57]]";0.7849075975359343;0.7540853827743822;"[[ 51  27   6  10  13   6]
 [ 15 269  34   6   9  14]
 [  2  43 381  31   8   6]
 [  2  19  44 304  10   5]
 [  7  17   6   5 324   8]
 [  1  10  30  12  13 200]]";0.6603396603396603;0.6251905664114321;"[[ 21  28   4   9  13   5]
 [ 24 105  32   4   7   5]
 [  1  32 133  18   9   8]
 [  3   9  30 153  10   6]
 [  4  12   2  11 145   5]
 [  2  12  22   2  11 104]]";378;[53 76 60 73 56 60]
916;CiteSeer;own;-1;0.2;64;0.5;1;0.005;1404409622;0.9583333333333334;0.9580523666376154;"[[52  1  0  0  0  1]
 [ 3 72  1  0  0  1]
 [ 0  0 59  1  0  0]
 [ 2  0  0 71  1  0]
 [ 0  0  0  0 57  0]
 [ 1  1  1  1  1 57]]";0.7929969104016478;0.7609583667898461;"[[ 51  27   7  10  11   6]
 [ 14 271  30   8  10  13]
 [  4  38 382  30   8   7]
 [  2  19  41 307   9   5]
 [  4  13   4   4 331  10]
 [  1   8  31  12  16 198]]";0.6593406593406593;0.6228052211913196;"[[ 20  29   4   9  14   4]
 [ 22 107  26   6   9   7]
 [  1  36 128  17  11   8]
 [  3   9  31 153  10   5]
 [  3  11   2   9 148   6]
 [  2  12  22   2  11 104]]";384;[54 77 60 74 57 62]
917;CiteSeer;own;-1;0.2;64;0.5;1;0.005;1404409622;0.9538461538461539;0.9527958291645868;"[[51  1  0  1  0  1]
 [ 2 74  1  0  0  1]
 [ 0  0 60  1  0  0]
 [ 2  0  0 71  2  0]
 [ 1  0  0  0 58  0]
 [ 1  0  0  1  3 58]]";0.7887396694214877;0.7538159969053918;"[[ 50  27   6   7  12   8]
 [ 18 267  32   5   9  14]
 [  4  39 384  26   9   6]
 [  3  19  44 302   9   5]
 [  7  11   4   6 329   9]
 [  2   9  30  12  17 195]]";0.6663336663336663;0.6308512230936908;"[[ 21  29   4   9  13   4]
 [ 25 110  24   6   8   4]
 [  1  34 131  16  12   7]
 [  2   8  34 151  11   5]
 [  4  12   2   5 149   7]
 [  2  13  20   1  12 105]]";390;[54 78 61 75 59 63]
918;CiteSeer;own;-1;0.2;64;0.5;1;0.005;1404409622;0.9646464646464646;0.9644631152303406;"[[55  0  0  1  0  1]
 [ 2 74  1  0  0  1]
 [ 0  0 60  1  0  0]
 [ 2  0  0 70  2  1]
 [ 1  0  0  0 59  0]
 [ 1  0  0  0  0 64]]";0.7968911917098446;0.7582840016266107;"[[ 46  28   4   6  12  11]
 [ 18 266  35   3   9  14]
 [  4  33 391  23   9   8]
 [  4  17  43 299  14   5]
 [  4  12   5   4 328  12]
 [  3   9  22   7  14 208]]";0.6613386613386614;0.626517808977315;"[[ 22  26   4  10  13   5]
 [ 25 104  25   7   8   8]
 [  1  31 132  16  12   9]
 [  4   9  33 148  11   6]
 [  3  12   2   4 149   9]
 [  2  12  20   1  11 107]]";396;[57 78 61 75 60 65]
919;CiteSeer;own;-1;0.2;64;0.5;1;0.005;1404409622;0.9552238805970149;0.9546829200512891;"[[54  0  0  1  1  1]
 [ 4 74  1  0  0  1]
 [ 0  0 60  1  0  1]
 [ 2  0  0 72  2  0]
 [ 1  0  0  0 61  0]
 [ 1  1  0  0  0 63]]";0.7936590436590436;0.7535346071058365;"[[ 42  31   5   9  16   4]
 [ 14 271  33   4   9  11]
 [  4  33 383  32   8   8]
 [  2  17  38 308  12   4]
 [  4  14   5   8 326   7]
 [  1  12  24  13  15 197]]";0.6623376623376623;0.627642864863201;"[[ 21  30   4   9  13   3]
 [ 23 110  24   8   8   4]
 [  2  33 128  18  11   9]
 [  3   9  35 152   7   5]
 [  3  12   2   8 148   6]
 [  2  14  20   2  11 104]]";402;[57 80 62 76 62 65]
920;CiteSeer;own;-1;0.2;64;0.5;1;0.005;1404409622;0.9607843137254902;0.9604936519029019;"[[55  0  0  1  0  1]
 [ 1 79  1  0  0  1]
 [ 0  1 59  1  0  1]
 [ 2  0  0 74  2  0]
 [ 0  0  0  0 63  0]
 [ 1  1  0  1  1 62]]";0.7898852971845672;0.7508551122609263;"[[ 42  28   7   7  15  10]
 [ 11 271  33   3  10  12]
 [  6  34 373  32   9   7]
 [  2  16  50 300  13   5]
 [  4  13   3   5 329   9]
 [  0  10  23  10  16 200]]";0.6543456543456544;0.6152872100587542;"[[ 18  31   3  10  13   5]
 [ 21 106  28   3  11   8]
 [  2  32 128  18  13   8]
 [  3   9  38 145  10   6]
 [  2  12   2   3 153   7]
 [  2  12  20   2  12 105]]";408;[57 82 62 78 63 66]
921;CiteSeer;own;-1;0.2;64;0.5;1;0.005;1404409622;0.9589371980676329;0.9585441580697749;"[[56  0  0  1  0  1]
 [ 2 78  1  0  0  1]
 [ 0  1 60  1  0  1]
 [ 2  0  0 75  2  0]
 [ 0  0  0  0 64  0]
 [ 1  1  0  0  2 64]]";0.7965481171548117;0.761914016901824;"[[ 48  25   4   6  14  11]
 [ 12 267  29   5  11  15]
 [  6  40 360  32   9  10]
 [  3  16  40 318   9   5]
 [  6  12   3   4 324  10]
 [  1   9  16   8  18 206]]";0.6583416583416584;0.6220850816176781;"[[ 21  28   3  11  13   4]
 [ 23 110  21   5  12   6]
 [  2  33 122  21  12  11]
 [  3   8  27 157  10   6]
 [  6  13   2   8 143   7]
 [  2  11  20   2  12 106]]";414;[58 82 63 79 64 68]
922;CiteSeer;own;-1;0.2;64;0.5;1;0.005;1404409622;0.9666666666666667;0.9664725297636793;"[[56  0  0  1  0  1]
 [ 2 80  1  0  0  1]
 [ 0  0 61  2  0  0]
 [ 2  0  1 76  1  1]
 [ 0  0  0  0 65  0]
 [ 1  0  0  0  0 68]]";0.7964323189926548;0.7618611921331427;"[[ 46  25   6   7  13  10]
 [ 14 260  33   7  11  15]
 [  0  39 369  30   8   8]
 [  4  14  44 314   9   6]
 [  3  11   3   6 324  10]
 [  1   8  21   8  14 205]]";0.6533466533466533;0.6167178604223285;"[[ 20  27   3  11  13   6]
 [ 22 102  28   7  12   6]
 [  1  34 126  19  11  10]
 [  2   8  30 155  10   6]
 [  2  13   2   9 144   9]
 [  2  10  21   2  11 107]]";420;[58 84 63 81 65 69]
923;CiteSeer;own;-1;0.2;64;0.5;1;0.005;127148386;0.0;0.0;[[]];0.13972484952708514;0.10822861810948288;"[[ 22  45   5   9  11  92]
 [ 85  84  12  14  28 190]
 [ 47  89   2  10  38 281]
 [ 69 115   5   7  54 240]
 [ 19  71  18  22  35 252]
 [ 44  67  11  20  38 175]]";0.14185814185814186;0.11431350318562195;"[[  8  18   0   5   5  44]
 [ 26  47   6   4  10  84]
 [ 27  31   4   2  15 122]
 [ 31  46   2   2  19 111]
 [  9  31   7  10  15 107]
 [ 24  30   6  13  14  66]]";0;[]
924;CiteSeer;own;-1;0.2;64;0.5;1;0.005;127148386;0.8333333333333334;0.8666666666666666;"[[1 0 0 0 0]
 [0 1 1 0 0]
 [0 0 1 0 0]
 [0 0 0 1 0]
 [0 0 0 0 1]]";0.23706896551724138;0.11745918561215479;"[[  6   0   0   6 168   0]
 [  0   0   0  52 358   0]
 [  0   0   7 265 172   0]
 [  0   0   0 111 396   0]
 [  0   0   0   2 425   0]
 [  0   0   0  24 327   1]]";0.2177822177822178;0.09537410930173723;"[[  0   0   0   1  79   0]
 [  0   0   0  20 157   0]
 [  0   0   3 123  75   0]
 [  0   0   0  36 175   0]
 [  0   0   0   0 179   0]
 [  0   0   1   6 146   0]]";6;[1 0 2 1 1 1]
925;CiteSeer;own;-1;0.2;64;0.5;1;0.005;127148386;1.0;1.0;"[[4 0 0 0 0]
 [0 3 0 0 0]
 [0 0 2 0 0]
 [0 0 0 1 0]
 [0 0 0 0 2]]";0.35868625756266204;0.2051763696345472;"[[  8   0   0 124  42   0]
 [  0   0   0 361  49   0]
 [  0   0   7 420  15   0]
 [  0   0   0 482  33   0]
 [  1   0   0  90 331   0]
 [  1   0   0 256  92   2]]";0.34165834165834164;0.18812317716396998;"[[  1   0   0  53  26   0]
 [  0   0   1 158  18   0]
 [  0   0   4 189   8   0]
 [  0   0   0 202   9   0]
 [  0   0   0  44 135   0]
 [  1   0   1 109  42   0]]";12;[4 0 3 2 1 2]
926;CiteSeer;own;-1;0.2;64;0.5;1;0.005;127148386;0.9444444444444444;0.9314285714285715;"[[5 0 0 0 0]
 [0 3 0 0 0]
 [0 1 2 0 0]
 [0 0 0 1 0]
 [0 0 0 0 6]]";0.41421143847487;0.33828358905379324;"[[ 95   0   0  18  27  40]
 [283   0   0  31  30  59]
 [148   0   7 150  14 119]
 [104   0   1 253  38 119]
 [ 19   0   0  14 304  83]
 [ 21   0   0   7  27 297]]";0.3706293706293706;0.3051120926485282;"[[ 26   0   0  14  22  18]
 [119   0   1  13  13  31]
 [ 63   0   4  79   4  51]
 [ 57   0   0  89  16  49]
 [ 10   0   0  11 128  30]
 [ 12   0   1   3  13 124]]";18;[5 0 3 3 1 6]
927;CiteSeer;own;-1;0.2;64;0.5;1;0.005;127148386;0.9583333333333334;0.9532467532467532;"[[7 0 0 0 0]
 [0 5 0 0 0]
 [0 1 3 0 0]
 [0 0 0 2 0]
 [0 0 0 0 6]]";0.45091225021720244;0.39131004098072325;"[[ 19   0 132  12  15   1]
 [  4   0 354  11  16   1]
 [  1   0 390  56   7   0]
 [  9   0 273 214  10   5]
 [  1   0 106  15 296   2]
 [  1   0 196   8  28 119]]";0.4195804195804196;0.36202628594715214;"[[  5   0  52   7  15   1]
 [  4   0 159   6   8   0]
 [  2   0 160  32   6   1]
 [  4   0 127  72   6   2]
 [  0   0  44  12 122   1]
 [  1   0  76   2  13  61]]";24;[7 0 5 4 2 6]
928;CiteSeer;own;-1;0.2;64;0.5;1;0.005;127148386;0.9666666666666667;0.9644444444444445;"[[8 0 0 0 0]
 [0 7 0 0 0]
 [0 1 4 0 0]
 [0 0 0 3 0]
 [0 0 0 0 7]]";0.43205574912891986;0.3595634758747787;"[[ 26   0 123   7  21   1]
 [ 16   0 341   3  23   2]
 [  1   0 442  11  10   0]
 [ 18   0 365  99  14   4]
 [  1   0  82   5 329   1]
 [  4   0 211   0  40  96]]";0.3906093906093906;0.32287453284828044;"[[ 11   0  43   5  20   1]
 [ 10   0 155   3   8   1]
 [  2   0 178  12   8   1]
 [ 12   0 166  25   6   2]
 [  0   0  37   7 134   1]
 [  2   0  93   1  14  43]]";30;[8 0 7 5 3 7]
929;CiteSeer;own;-1;0.2;64;0.5;1;0.005;127148386;0.9166666666666666;0.779918546365915;"[[9 0 0 0 0 0]
 [1 0 0 0 0 0]
 [0 0 7 0 0 0]
 [0 0 2 6 0 0]
 [0 0 0 0 3 0]
 [0 0 0 0 0 8]]";0.49519650655021835;0.43022304287297103;"[[ 57   0  67  11  44   1]
 [ 79   0 253  10  40  13]
 [ 11   0 367  33  21   1]
 [ 48   0 245 195  46   5]
 [  8   0  23   7 375   2]
 [  6   0  98   6  78 140]]";0.47652347652347654;0.4166303526906714;"[[ 28   0  19   7  21   5]
 [ 31   0 120   5  19   2]
 [  7   0 160  21  12   1]
 [ 33   0  94  61  20   3]
 [  1   0  13   7 157   1]
 [  7   0  44   2  29  71]]";36;[9 1 7 8 3 8]
930;CiteSeer;own;-1;0.2;64;0.5;1;0.005;127148386;0.9047619047619048;0.769804133774722;"[[10  0  0  0  0  0]
 [ 1  0  0  0  1  0]
 [ 0  0  7  0  0  1]
 [ 0  0  1  8  0  0]
 [ 0  0  0  0  5  0]
 [ 0  0  0  0  0  8]]";0.5464098073555166;0.483714677062084;"[[111   0  23  19  25   3]
 [207   0 124  26  31   7]
 [ 27   0 314  64  25   3]
 [ 86   0  89 312  44   4]
 [ 31   0   5   9 368   1]
 [ 40   0  55  16  72 143]]";0.5014985014985015;0.450427391624222;"[[ 42   0  10  11  14   3]
 [ 84   0  66   9  18   0]
 [ 15   0 129  41  15   1]
 [ 42   0  34 112  21   2]
 [ 17   0   3  10 148   1]
 [ 24   0  24   3  31  71]]";42;[10  2  8  9  5  8]
931;CiteSeer;own;-1;0.2;64;0.5;1;0.005;127148386;0.875;0.753921568627451;"[[11  0  0  0  0  0]
 [ 0  0  0  2  0  1]
 [ 0  0  7  1  0  1]
 [ 0  0  1  8  0  0]
 [ 0  0  0  0  7  0]
 [ 0  0  0  0  0  9]]";0.5618964003511853;0.48715208432442064;"[[ 67   0  15  56  36   6]
 [126   0 108 107  50  13]
 [ 10   0 276 112  30   7]
 [ 36   0  45 381  54   5]
 [ 18   0   4  10 377   6]
 [ 12   0  29  32  71 179]]";0.5314685314685315;0.46346765447687394;"[[ 29   0   7  23  16   5]
 [ 53   0  57  41  23   3]
 [  9   0 111  62  17   2]
 [ 16   0  19 153  20   3]
 [  9   0   1  11 156   2]
 [  8   0  17   8  37  83]]";48;[11  3  9  9  7  9]
932;CiteSeer;own;-1;0.2;64;0.5;1;0.005;127148386;0.9629629629629629;0.9662830349531116;"[[12  0  0  0  0  0]
 [ 0  4  0  0  0  0]
 [ 0  0  9  0  0  1]
 [ 0  0  1  8  0  0]
 [ 0  0  0  0  8  0]
 [ 0  0  0  0  0 11]]";0.5757042253521126;0.5506187854312445;"[[ 65  49  15  24  25  11]
 [ 50 183  96  36  17  15]
 [  6  28 227 134  18  18]
 [ 11  73  43 293  32  63]
 [ 24   9   1   9 355  16]
 [ 44  36  13  11  37 185]]";0.4995004995004995;0.4719496638839907;"[[ 20  16   8  14  17   5]
 [ 23  67  42  21  11  13]
 [  6  18  95  61  12   9]
 [ 10  40  14  99  16  32]
 [  7   7   2   7 147   9]
 [ 29  22  11   5  14  72]]";54;[12  4 10  9  8 11]
933;CiteSeer;own;-1;0.2;64;0.5;1;0.005;127148386;0.95;0.9525;"[[13  0  0  0  0  0]
 [ 0  5  0  0  0  0]
 [ 0  0 11  0  0  1]
 [ 0  0  2  7  0  0]
 [ 0  0  0  0  9  0]
 [ 0  0  0  0  0 12]]";0.5035304501323918;0.43762920423222296;"[[ 39   3  95   7  20   9]
 [ 18  38 279   4  14  23]
 [  0   0 470   0   8   5]
 [ 14   2 338  68  16  35]
 [  9   0  41   3 347  13]
 [ 27   6 107   1  28 179]]";0.45554445554445555;0.39069250814412504;"[[ 19   1  30   5  16   9]
 [  6   8 142   3   7  11]
 [  0   0 187   2  10   2]
 [  9   5 149  20  12  16]
 [  4   0  20   6 143   6]
 [ 14   4  45   0  11  79]]";60;[13  5 12  9  9 12]
934;CiteSeer;own;-1;0.2;64;0.5;1;0.005;127148386;0.9393939393939394;0.9368471035137702;"[[13  0  0  1  0  0]
 [ 0  6  0  0  0  1]
 [ 0  0 12  0  0  1]
 [ 0  0  1  8  0  0]
 [ 0  0  0  0 11  0]
 [ 0  0  0  0  0 12]]";0.6092920353982301;0.547656027789846;"[[ 29  30  15  15  62  20]
 [  4 160  73  13 100  31]
 [  2  16 394  17  31  19]
 [ 12  20 125 146  87  72]
 [  1   2   2   6 399  11]
 [  2   2  25   4  64 249]]";0.5324675324675324;0.46714290947422277;"[[ 10  10   9   9  31  11]
 [  4  56  34   7  56  20]
 [  4  18 149   3  16  11]
 [  8  14  56  44  48  41]
 [  1   3   1   7 162   5]
 [  1   3  14   0  23 112]]";66;[14  7 13  9 11 12]
935;CiteSeer;own;-1;0.2;64;0.5;1;0.005;127148386;0.9305555555555556;0.9252299424713218;"[[14  0  0  1  0  0]
 [ 0  6  0  0  0  1]
 [ 0  0 12  0  0  1]
 [ 0  0  1 10  0  0]
 [ 0  0  0  0 12  0]
 [ 0  1  0  0  0 13]]";0.650399290150843;0.5760930717977694;"[[ 31  10  15  50  41  23]
 [ 13  79 110  97  47  33]
 [  1   8 384  58  11  10]
 [ 11   4  49 338  29  37]
 [  5   0   3  14 380  18]
 [  2   2  38  15  34 254]]";0.5824175824175825;0.511819449289222;"[[ 14   4   8  21  19  14]
 [  9  20  54  47  30  17]
 [  3   4 145  34   9   6]
 [  8   5  30 137  12  19]
 [  2   2   1  10 155   9]
 [  1   4  19   5  12 112]]";72;[15  7 13 11 12 14]
936;CiteSeer;own;-1;0.2;64;0.5;1;0.005;127148386;0.9358974358974359;0.9347281134891124;"[[15  0  0  1  0  0]
 [ 0  8  0  0  0  0]
 [ 0  0 13  0  0  1]
 [ 0  0  2 10  0  0]
 [ 0  0  0  0 13  0]
 [ 0  1  0  0  0 14]]";0.6379003558718861;0.5755867924532193;"[[ 41   9  45  18  39  15]
 [ 37  85 168  18  44  25]
 [  2   8 430  21  11   3]
 [ 15   8 119 250  38  34]
 [  6   0   8   7 387  13]
 [  3   2  47   4  47 241]]";0.5784215784215784;0.5172607486871001;"[[ 19   4  16   9  24   8]
 [ 22  24  79   7  31  14]
 [  2   5 173   9  10   2]
 [  8   6  55 100  23  19]
 [  2   2   3   8 156   8]
 [  4   4  21   0  17 107]]";78;[16  8 14 12 13 15]
937;CiteSeer;own;-1;0.2;64;0.5;1;0.005;127148386;0.9166666666666666;0.9146243927250602;"[[15  0  0  0  1  0]
 [ 0  9  0  0  0  0]
 [ 0  0 14  1  0  1]
 [ 0  1  2 11  0  0]
 [ 0  0  0  0 14  0]
 [ 0  1  0  0  0 14]]";0.7056199821587869;0.6477743057591766;"[[ 31  39  25  23  39  10]
 [  9 219  79  16  37  13]
 [  0  13 426  26  13   3]
 [  4  23  81 298  33  20]
 [  5   7   3   8 383  15]
 [  2   7  52   6  49 225]]";0.6443556443556444;0.5921625660813938;"[[ 13  16  10  15  22   4]
 [  7  93  36   8  24   9]
 [  2  11 166  11   9   2]
 [  7  22  40 113  15  14]
 [  1   3   2   8 157   8]
 [  3   5  23   2  17 103]]";84;[16  9 16 14 14 15]
938;CiteSeer;own;-1;0.2;64;0.5;1;0.005;127148386;0.9222222222222223;0.9208295648457921;"[[16  0  0  0  0  0]
 [ 0 10  0  0  0  0]
 [ 0  0 15  0  0  1]
 [ 0  1  3 12  0  0]
 [ 1  0  0  0 14  0]
 [ 0  1  0  0  0 16]]";0.6833631484794276;0.6207842979813633;"[[ 30  24  24  20  44  22]
 [ 12 162  89  18  52  42]
 [  2   8 408  27  11  13]
 [  5  12  76 304  29  42]
 [  4   4   3   6 381  19]
 [  2   1  47   4  46 243]]";0.6293706293706294;0.5709116226596377;"[[ 12   8   9  16  24  11]
 [  9  71  41   7  27  22]
 [  2   8 165  11   9   6]
 [  7  11  40 114  14  25]
 [  1   3   2   8 157   8]
 [  3   2  20   2  15 111]]";90;[16 10 16 16 15 17]
939;CiteSeer;own;-1;0.2;64;0.5;1;0.005;127148386;0.9270833333333334;0.9244983426307706;"[[16  0  0  0  0  0]
 [ 0 11  0  0  1  0]
 [ 0  0 17  0  0  1]
 [ 0  1  3 12  0  0]
 [ 0  0  0  0 15  0]
 [ 0  1  0  0  0 18]]";0.6829596412556054;0.6244521098234784;"[[ 32  25  28  19  39  24]
 [ 12 170  86  21  43  47]
 [  3   8 407  26   9  15]
 [ 11   8  80 295  22  52]
 [  3   4   6   4 364  24]
 [  1   1  49   5  32 255]]";0.6203796203796204;0.5653970745775476;"[[ 13   8  10  13  24  12]
 [ 10  70  42   8  21  26]
 [  2   7 164  13   9   6]
 [  8  10  44 110  14  25]
 [  0   3   3   8 152  13]
 [  3   2  22   2  12 112]]";96;[16 12 18 16 15 19]
940;CiteSeer;own;-1;0.2;64;0.5;1;0.005;127148386;0.9509803921568627;0.9512548465390717;"[[16  0  0  0  0  0]
 [ 0 12  0  0  1  0]
 [ 0  0 19  0  0  1]
 [ 0  0  2 15  0  0]
 [ 0  0  0  0 15  0]
 [ 0  1  0  0  0 20]]";0.7086330935251799;0.6412723236024629;"[[ 23  28  23  30  32  23]
 [  3 191  85  36  35  26]
 [  2   9 417  29   7  11]
 [  3   8  67 346  11  35]
 [  2   6   9  10 347  26]
 [  1   3  50  12  26 252]]";0.6473526473526473;0.5815346865895753;"[[  8   8  11  22  20  11]
 [  5  75  51  11  20  15]
 [  1   6 168  14   8   4]
 [  5   9  42 133   5  17]
 [  0   3   2  11 150  13]
 [  1   3  22   3  10 114]]";102;[16 13 20 17 15 21]
941;CiteSeer;own;-1;0.2;64;0.5;1;0.005;127148386;0.9537037037037037;0.9530636514648143;"[[19  0  0  0  0  0]
 [ 0 13  0  0  1  0]
 [ 0  0 20  0  0  1]
 [ 0  0  2 15  0  0]
 [ 0  0  0  0 16  0]
 [ 0  1  0  0  0 20]]";0.7100991884580703;0.6467583330536563;"[[ 24  38  22  24  31  23]
 [  4 224  74  20  34  23]
 [  0  11 414  25   7  15]
 [  1  12  77 301  21  51]
 [  2   8   7   7 350  24]
 [  1   3  45   5  28 262]]";0.6453546453546454;0.5895971700419532;"[[ 11  12  11  16  20  10]
 [  4  93  42   8  17  13]
 [  0   7 165  13   9   7]
 [  6  14  42 113  10  26]
 [  0   4   2   9 150  14]
 [  2   3  22   2  10 114]]";108;[19 14 21 17 16 21]
942;CiteSeer;own;-1;0.2;64;0.5;1;0.005;127148386;0.9473684210526315;0.9488968464028685;"[[19  0  0  0  0  0]
 [ 0 15  0  0  1  0]
 [ 0  0 21  0  0  1]
 [ 0  0  2 16  0  0]
 [ 0  0  0  0 17  0]
 [ 0  1  1  0  0 20]]";0.7278481012658228;0.6694219937406425;"[[ 31  37  17  20  39  13]
 [  7 236  57  20  42  15]
 [  1  13 410  28  11   9]
 [  5  14  54 326  34  27]
 [  2   9   1   9 365  14]
 [  4   4  40   7  49 242]]";0.6493506493506493;0.5969136371674109;"[[ 13  13   8  16  24   6]
 [  8  94  34  11  20  10]
 [  1   7 162  15  10   6]
 [  8  11  31 125  20  16]
 [  0   4   2   9 150  14]
 [  3   3  22   2  17 106]]";114;[19 16 22 18 17 22]
943;CiteSeer;own;-1;0.2;64;0.5;1;0.005;127148386;0.95;0.9497555318402426;"[[20  0  0  0  0  0]
 [ 0 16  0  0  1  0]
 [ 0  0 21  1  0  1]
 [ 1  0  1 17  0  0]
 [ 0  0  0  0 18  0]
 [ 0  1  0  0  0 22]]";0.714868540344515;0.6562230680992917;"[[ 30  31  20  24  36  17]
 [  6 213  70  27  42  21]
 [  0  11 410  27   9  12]
 [  6  12  63 316  26  33]
 [  2   9   7   7 357  17]
 [  4   3  43   6  38 251]]";0.6363636363636364;0.5830796095635913;"[[ 12  11  11  17  21   8]
 [  7  85  41  12  20  12]
 [  1   6 163  15   9   7]
 [  7   8  43 120  18  15]
 [  1   2   2  10 148  16]
 [  3   3  22   2  14 109]]";120;[20 17 23 19 18 23]
944;CiteSeer;own;-1;0.2;64;0.5;1;0.005;127148386;0.9603174603174603;0.9604980854980855;"[[19  0  0  1  0  0]
 [ 0 17  0  0  1  0]
 [ 0  0 23  0  0  1]
 [ 0  0  1 21  0  0]
 [ 0  0  0  0 18  0]
 [ 0  1  0  0  0 23]]";0.7295454545454545;0.6665969155318372;"[[ 26  37  22  16  25  26]
 [  7 223  68  17  36  25]
 [  0  11 409  25   7  17]
 [  3  14  54 325  25  39]
 [  2   9   4   4 336  37]
 [  1   4  36   6  18 286]]";0.6483516483516484;0.5912938225161325;"[[ 11  13  13  14  17  12]
 [  8  91  38  11  14  15]
 [  0   6 168  11   8   8]
 [  5   8  36 125  17  20]
 [  1   4   3   7 141  23]
 [  3   3  20   2  12 113]]";126;[20 18 24 22 18 24]
945;CiteSeer;own;-1;0.2;64;0.5;1;0.005;127148386;0.9545454545454546;0.9540552188721524;"[[20  0  0  1  1  0]
 [ 0 19  0  0  1  0]
 [ 0  0 25  0  0  0]
 [ 0  0  1 22  0  0]
 [ 0  0  0  0 18  0]
 [ 0  1  1  0  0 22]]";0.7365542388331814;0.6760025708938655;"[[ 28  38  20  16  34  19]
 [  7 236  56  15  44  18]
 [  1  14 402  26  10  13]
 [  2  16  53 332  30  28]
 [  2  10   4   4 335  30]
 [  1   2  35   6  24 283]]";0.6673326673326674;0.6104598525339922;"[[ 12  14  11  14  19  10]
 [  9  97  30  11  17  13]
 [  0   7 166  12   9   7]
 [  4  13  27 136  16  15]
 [  1   4   3   8 145  18]
 [  3   4  20   2  12 112]]";132;[22 20 25 23 18 24]
946;CiteSeer;own;-1;0.2;64;0.5;1;0.005;127148386;0.9492753623188406;0.948568376068376;"[[21  0  0  1  1  0]
 [ 0 18  0  0  1  1]
 [ 0  1 26  0  0  0]
 [ 0  0  1 23  0  0]
 [ 0  0  0  0 19  0]
 [ 0  0  1  0  0 24]]";0.7189213893967094;0.6591153299249721;"[[ 27  34  21  17  31  22]
 [ 11 217  79  11  35  19]
 [  1  19 410  22  10  10]
 [  3  15  73 307  29  31]
 [  2   9   7   6 340  23]
 [  2   3  44   2  24 272]]";0.6453546453546454;0.5910300993463821;"[[ 12  11  14  15  19   9]
 [  9  88  40   8  19  13]
 [  0   7 166  12   9   7]
 [  4  10  40 124  16  17]
 [  1   4   3   9 146  16]
 [  3   4  23   1  12 110]]";138;[23 20 27 24 19 25]
947;CiteSeer;own;-1;0.2;64;0.5;1;0.005;127148386;0.9444444444444444;0.9448327515460774;"[[22  0  0  1  1  1]
 [ 0 20  0  0  1  1]
 [ 0  0 27  0  0  0]
 [ 0  0  1 24  0  0]
 [ 0  0  0  0 19  0]
 [ 0  0  2  0  0 24]]";0.7250229147571036;0.6720809688602681;"[[ 35  34  19  15  30  23]
 [ 13 223  71  12  24  27]
 [  4  15 398  25   9  18]
 [  4  17  51 321  21  42]
 [  5  10   5   7 331  28]
 [  2   3  43   2  21 274]]";0.6543456543456544;0.6023796725989814;"[[ 14  12  13  13  18  10]
 [ 11  91  36  11  12  16]
 [  1   8 164  11   9   8]
 [  4  13  27 133  13  21]
 [  1   5   2   8 142  21]
 [  2   4  21   2  13 111]]";144;[25 22 27 25 19 26]
948;CiteSeer;own;-1;0.2;64;0.5;1;0.005;127148386;0.9533333333333334;0.9539268893655733;"[[24  0  0  1  1  0]
 [ 0 22  0  0  0  1]
 [ 0  0 28  0  0  0]
 [ 0  0  1 26  1  0]
 [ 0  0  0  0 19  0]
 [ 0  0  2  0  0 24]]";0.7389705882352942;0.6948855228752394;"[[ 44  38  20  15  23  17]
 [ 12 221  83  17  21  15]
 [  3  12 405  31   8   9]
 [  2  17  49 340  28  19]
 [  3  11   9   5 334  24]
 [  0   4  49   6  18 264]]";0.6753246753246753;0.6309443983669111;"[[ 19  14  14  11  15   7]
 [ 10  96  41   9  10  11]
 [  1   5 168  11   9   7]
 [  4  11  27 147   9  13]
 [  5   6   3   9 138  18]
 [  3   5  23   2  12 108]]";150;[26 23 28 28 19 26]
949;CiteSeer;own;-1;0.2;64;0.5;1;0.005;127148386;0.9358974358974359;0.9358766505361794;"[[24  1  0  1  2  0]
 [ 0 22  0  0  0  1]
 [ 1  0 29  0  0  0]
 [ 0  0  1 27  1  0]
 [ 0  0  0  0 19  0]
 [ 0  0  2  0  0 25]]";0.7400921658986175;0.6934138540355154;"[[ 42  36  21  14  29  15]
 [ 12 225  76  14  27  16]
 [  3  12 405  29   7  11]
 [  2  15  44 334  34  21]
 [  2  11   7   4 339  25]
 [  0   4  44   5  24 261]]";0.6773226773226774;0.6322601593142881;"[[ 19  14  15  10  15   7]
 [ 12  97  39   9  11   9]
 [  2   4 170   9  10   6]
 [  4  10  24 145  14  14]
 [  5   5   5   8 139  17]
 [  4   5  23   1  12 108]]";156;[28 23 30 29 19 27]
950;CiteSeer;own;-1;0.2;64;0.5;1;0.005;127148386;0.9506172839506173;0.9519573462917919;"[[26  1  0  1  0  0]
 [ 0 24  0  0  0  0]
 [ 1  0 30  0  0  0]
 [ 0  0  1 29  0  0]
 [ 1  0  0  0 20  0]
 [ 0  1  2  0  0 25]]";0.7523105360443623;0.7051385763706643;"[[ 45  33  21  16  25  15]
 [ 16 218  71  22  28  14]
 [  3  11 400  31   8  13]
 [  3  11  35 366  19  17]
 [  4  10   4   8 344  20]
 [  0   3  46   6  23 255]]";0.6873126873126874;0.6420901503706775;"[[ 20  12  15  10  16   7]
 [ 13  95  36  11  14   8]
 [  1   6 167  12   9   6]
 [  4   7  20 155  11  14]
 [  6   4   6   7 142  14]
 [  4   4  21   2  13 109]]";162;[28 24 31 30 21 28]
951;CiteSeer;own;-1;0.2;64;0.5;1;0.005;127148386;0.9642857142857143;0.9635268791275465;"[[28  0  0  1  0  0]
 [ 0 25  0  0  0  0]
 [ 0  0 32  0  0  0]
 [ 0  0  1 30  0  0]
 [ 1  1  0  0 20  0]
 [ 0  1  1  0  0 27]]";0.7428174235403151;0.6949792376602413;"[[ 46  32  21  12  28  14]
 [ 32 211  68  13  28  15]
 [  5  11 405  24   8  13]
 [  4  13  42 336  34  21]
 [  7  12   3   3 346  19]
 [  2   1  43   4  23 259]]";0.6663336663336663;0.6236265939374078;"[[ 21  13  13   8  18   7]
 [ 18  90  37   7  15  10]
 [  4   4 169   8  10   6]
 [  5   7  25 138  18  18]
 [  8   4   5   7 140  15]
 [  4   4  20   2  14 109]]";168;[29 25 32 31 22 29]
952;CiteSeer;own;-1;0.2;64;0.5;1;0.005;127148386;0.9482758620689655;0.9475141069400844;"[[28  0  0  1  0  0]
 [ 0 25  0  0  1  0]
 [ 0  0 33  0  0  0]
 [ 0  0  1 30  0  0]
 [ 1  0  0  0 22  1]
 [ 1  1  1  1  0 27]]";0.7444237918215614;0.6935371163511014;"[[ 43  33  21  12  26  16]
 [ 35 216  63  16  25  12]
 [  7  11 399  23   9  16]
 [  5  13  38 347  25  18]
 [  4  12   3   6 342  23]
 [  5   2  41   8  22 255]]";0.6633366633366633;0.6142265126594573;"[[ 17  14  15  13  15   6]
 [ 20  86  37  11  14   9]
 [  5   4 165  10  10   7]
 [  6   9  22 149  10  15]
 [  9   4   5   7 139  15]
 [  6   4  19   2  14 108]]";174;[29 26 33 31 24 31]
953;CiteSeer;own;-1;0.2;64;0.5;1;0.005;127148386;0.9555555555555556;0.956845900130246;"[[29  0  0  1  0  0]
 [ 0 28  0  0  0  0]
 [ 0  0 32  0  0  1]
 [ 0  0  2 30  0  0]
 [ 1  0  0  0 24  0]
 [ 1  1  0  1  0 29]]";0.7534948741845293;0.7002445815173498;"[[ 37  42  20  15  22  11]
 [ 18 244  60  15  23  10]
 [  2  14 403  23   9  13]
 [  4  20  39 340  22  21]
 [  4  13   3   5 339  24]
 [  5   6  40   6  20 254]]";0.6773226773226774;0.6256876513407129;"[[ 15  22  13   9  15   6]
 [ 15 104  31   9  11   7]
 [  5   4 166   9  10   7]
 [  6  13  19 146  12  15]
 [  8   5   5   7 139  15]
 [  4   8  18   2  13 108]]";180;[30 28 33 32 25 32]
954;CiteSeer;own;-1;0.2;64;0.5;1;0.005;127148386;0.9516129032258065;0.9523052819229139;"[[29  0  0  1  0  1]
 [ 1 28  0  0  0  0]
 [ 0  0 34  0  0  1]
 [ 0  0  1 32  0  0]
 [ 1  0  0  0 25  0]
 [ 1  1  0  1  0 29]]";0.7397196261682243;0.6870676414701428;"[[ 39  32  25  13  25  13]
 [ 26 208  79  21  25  11]
 [  4   9 400  26  10  14]
 [  7  14  35 344  25  19]
 [  5   9   3   6 341  23]
 [  4   1  45   5  23 251]]";0.6653346653346653;0.6132997528144366;"[[ 16  16  14  13  15   6]
 [ 19  81  47  11  12   7]
 [  4   2 167  12   9   7]
 [  6   7  19 150  13  16]
 [  8   4   4   6 143  14]
 [  4   4  19   2  15 109]]";186;[31 29 35 33 26 32]
955;CiteSeer;own;-1;0.2;64;0.5;1;0.005;127148386;0.953125;0.9539786927631281;"[[29  0  0  1  0  1]
 [ 0 31  0  0  0  0]
 [ 0  0 34  0  0  1]
 [ 1  0  1 32  0  1]
 [ 1  0  0  0 26  0]
 [ 1  1  0  0  0 31]]";0.7539831302717901;0.7016964036788798;"[[ 37  36  22  16  25   9]
 [ 15 237  64  19  25   8]
 [  4  10 392  31  10  16]
 [  5  18  29 348  27  17]
 [  3  12   2   6 343  22]
 [  1   3  40   6  24 252]]";0.6753246753246753;0.6213365266551866;"[[ 14  24  12   8  17   5]
 [ 14  99  35  11  12   6]
 [  2   3 161  17  10   8]
 [  4  15  13 151  12  16]
 [  8   5   2   8 144  12]
 [  3   8  16   4  15 107]]";192;[31 31 35 35 27 33]
956;CiteSeer;own;-1;0.2;64;0.5;1;0.005;127148386;0.9444444444444444;0.9451080365721852;"[[29  1  0  1  0  1]
 [ 0 31  0  0  0  0]
 [ 1  0 35  0  0  1]
 [ 1  0  1 33  0  1]
 [ 1  0  0  0 28  0]
 [ 1  1  0  0  0 31]]";0.743890977443609;0.6911997281688692;"[[ 36  27  25  13  30  12]
 [ 15 221  79  12  26  11]
 [  1  10 407  24  10  14]
 [  4  19  36 330  31  23]
 [  3  10   6   4 352  14]
 [  1   2  47   3  33 237]]";0.6643356643356644;0.6139152815075941;"[[ 16  21  15   7  17   4]
 [ 13  90  46   8  13   7]
 [  2   3 170  11  10   5]
 [  6  11  22 139  13  20]
 [  7   4   4   7 146  11]
 [  3   5  19   2  20 104]]";198;[32 31 37 36 29 33]
957;CiteSeer;own;-1;0.2;64;0.5;1;0.005;127148386;0.9362745098039216;0.9362140668247213;"[[29  1  0  2  0  1]
 [ 1 31  0  0  0  0]
 [ 1  0 36  0  0  1]
 [ 0  0  1 36  0  1]
 [ 1  0  0  0 28  1]
 [ 1  1  0  0  0 31]]";0.7535344015080113;0.7033266811049145;"[[ 41  24  22  13  28  15]
 [ 16 218  73  20  23  13]
 [  6   9 398  30   9  13]
 [  4  16  29 348  24  18]
 [  3  10   3   6 355  14]
 [  2   2  42   5  31 239]]";0.6623376623376623;0.6105467874216964;"[[ 15  18  13  12  16   6]
 [ 16  90  39  11  13   8]
 [  3   3 162  16  11   6]
 [  6  10  16 149  12  18]
 [  9   4   6   8 142  10]
 [  4   4  17   4  19 105]]";204;[33 32 38 38 30 33]
958;CiteSeer;own;-1;0.2;64;0.5;1;0.005;127148386;0.9476190476190476;0.9481688201580215;"[[31  1  0  1  0  1]
 [ 0 32  0  0  0  1]
 [ 0  0 37  0  0  1]
 [ 1  0  1 36  0  1]
 [ 0  0  0  0 31  1]
 [ 1  0  1  0  0 32]]";0.75;0.7008195592301839;"[[ 42  26  21  13  29  13]
 [ 16 225  70   8  24  16]
 [  8   9 399  25  14   9]
 [  6  21  34 330  27  17]
 [  4  12   4   7 357  12]
 [  6   2  43   2  31 234]]";0.6633366633366633;0.6126441208205048;"[[ 15  20  14  10  16   5]
 [ 13  93  43   5  17   6]
 [  3   4 166  11  13   4]
 [  7  12  22 142  12  16]
 [  9   5   5   8 145   7]
 [  4   5  18   2  21 103]]";210;[34 33 38 39 32 34]
959;CiteSeer;own;-1;0.2;64;0.5;1;0.005;127148386;0.9351851851851852;0.9343343257461525;"[[29  2  0  1  1  1]
 [ 0 32  0  1  0  1]
 [ 0  0 39  0  0  1]
 [ 0  0  1 36  1  2]
 [ 0  1  0  0 32  0]
 [ 1  0  0  0  0 34]]";0.747867298578199;0.6925427723535673;"[[ 35  26  21  13  34  13]
 [ 13 222  68   6  31  17]
 [  4  10 402  20  15  11]
 [  5  21  37 322  29  20]
 [  5  10   3   4 365  12]
 [  2   3  37   2  40 232]]";0.6633366633366633;0.6121217140214722;"[[ 15  16  13   9  20   7]
 [ 10  92  43   5  18   9]
 [  0   4 163  12  12  10]
 [  7  11  22 135  20  16]
 [  8   3   4   6 154   4]
 [  3   6  16   2  21 105]]";216;[34 34 40 40 33 35]
960;CiteSeer;own;-1;0.2;64;0.5;1;0.005;127148386;0.9369369369369369;0.936558113189919;"[[30  1  0  1  1  1]
 [ 0 34  0  0  0  1]
 [ 0  0 39  0  0  1]
 [ 2  1  1 36  1  1]
 [ 0  0  0  1 34  0]
 [ 1  0  0  0  0 35]]";0.751425855513308;0.6983822335267624;"[[ 37  25  20  15  33   9]
 [ 14 219  74   8  27  12]
 [  8   9 395  25  16   9]
 [  7  20  37 340  26   7]
 [  4   8   6   8 366  11]
 [  3   3  34   3  42 224]]";0.6603396603396603;0.6097270015152613;"[[ 15  15  15  11  19   5]
 [ 11  87  44   9  20   6]
 [  2   5 160  15  13   6]
 [  8  10  26 144  16   7]
 [  5   3   4   7 155   5]
 [  3   7  17   1  25 100]]";222;[34 35 40 42 35 36]
961;CiteSeer;own;-1;0.2;64;0.5;1;0.005;127148386;0.9298245614035088;0.9295912978695681;"[[30  1  0  1  1  1]
 [ 1 34  0  0  0  1]
 [ 0  0 39  0  0  1]
 [ 0  1  2 39  1  2]
 [ 0  0  0  0 35  0]
 [ 1  1  0  0  1 35]]";0.7607244995233555;0.7026238827889822;"[[ 32  30  19  16  31  10]
 [  8 229  69  10  25  12]
 [  6   9 395  27  10  14]
 [  4  20  34 347  23   8]
 [  3  10   4   7 365  12]
 [  2   1  35   4  39 228]]";0.6683316683316683;0.6099089891773579;"[[ 11  15  15  15  19   5]
 [  9  92  38  12  18   8]
 [  3   5 158  15  13   7]
 [  7  10  25 147  15   7]
 [  5   3   2   7 157   5]
 [  3   6  17   1  22 104]]";228;[34 36 40 45 35 38]
962;CiteSeer;own;-1;0.2;64;0.5;1;0.005;127148386;0.9316239316239316;0.9315616794578405;"[[31  0  0  1  1  1]
 [ 1 34  0  0  1  1]
 [ 0  0 40  1  0  1]
 [ 0  1  2 41  1  1]
 [ 0  0  0  0 36  0]
 [ 1  1  0  0  1 36]]";0.760038240917782;0.6970682713192226;"[[ 29  29  15  19  36   7]
 [ 13 223  57  12  34  11]
 [  9  11 392  30  14   9]
 [  3  18  25 353  27   7]
 [  3   8   4   8 376  10]
 [  3   2  33   4  41 217]]";0.6753246753246753;0.6179110582568162;"[[ 12  13  12  17  21   5]
 [  8  93  30  12  29   5]
 [  3   5 154  18  14   7]
 [  7   9  17 154  17   7]
 [  5   3   1   7 160   3]
 [  3   7  16   1  23 103]]";234;[34 37 42 46 36 39]
963;CiteSeer;own;-1;0.2;64;0.5;1;0.005;127148386;0.9458333333333333;0.9461090330441121;"[[32  0  0  2  0  1]
 [ 2 35  0  1  0  1]
 [ 0  0 41  1  0  1]
 [ 0  0  1 45  0  1]
 [ 0  0  0  0 36  0]
 [ 1  1  0  0  0 38]]";0.7646212847555129;0.7009172656404848;"[[ 28  28  20  18  26  12]
 [ 10 224  63  10  28  12]
 [ 10  10 395  28  11  13]
 [  3  16  31 348  23  11]
 [  4   9   5   5 372  14]
 [  2   2  35   5  27 228]]";0.6723276723276723;0.6107981679639035;"[[ 10  16  14  14  19   7]
 [  9  90  42   9  22   5]
 [  2   4 159  15  10  11]
 [  7   9  21 151  16   7]
 [  6   3   2   7 156   5]
 [  3   7  16   1  19 107]]";240;[35 39 43 47 36 40]
964;CiteSeer;own;-1;0.2;64;0.5;1;0.005;127148386;0.9471544715447154;0.9474751340577092;"[[32  1  0  1  0  1]
 [ 2 38  0  0  0  2]
 [ 0  0 42  2  0  1]
 [ 0  0  1 45  0  1]
 [ 0  0  0  0 37  0]
 [ 0  1  0  0  0 39]]";0.7682692307692308;0.706499817571543;"[[ 29  38  15  14  24  11]
 [  8 248  50   6  27  11]
 [  8  12 393  28  11  12]
 [  2  23  29 338  29  10]
 [  3  11   5   5 374  12]
 [  1   4  32   5  36 216]]";0.6803196803196803;0.6179917447822454;"[[  9  23  10  14  18   6]
 [  9 105  32   7  20   4]
 [  2   7 157  15  13   7]
 [  4  10  20 150  20   7]
 [  7   4   2   7 155   4]
 [  3   8  16   1  20 105]]";246;[35 42 45 47 37 40]
965;CiteSeer;own;-1;0.2;64;0.5;1;0.005;127148386;0.9484126984126984;0.9482451260719403;"[[32  2  0  1  0  1]
 [ 1 39  0  0  1  2]
 [ 0  0 43  1  0  1]
 [ 0  1  1 46  0  1]
 [ 0  0  0  0 38  0]
 [ 0  0  0  0  0 41]]";0.7618129218900676;0.700049461307806;"[[ 29  24  19  18  33   7]
 [  6 228  56  10  37  12]
 [  9   7 394  29  18   6]
 [  2  15  30 352  26   6]
 [  3   7   4   7 377  13]
 [  1   3  33   6  47 200]]";0.6803196803196803;0.6196992219239069;"[[ 10  12  14  19  20   5]
 [  8  96  34  10  26   3]
 [  2   5 159  18  13   4]
 [  3   7  20 157  19   5]
 [  8   3   2   7 157   2]
 [  3   5  16   3  24 102]]";252;[36 43 45 49 38 41]
966;CiteSeer;own;-1;0.2;64;0.5;1;0.005;127148386;0.9457364341085271;0.945817960771695;"[[33  1  1  1  0  1]
 [ 1 40  0  0  0  2]
 [ 0  0 43  1  0  1]
 [ 0  1  2 48  0  1]
 [ 1  0  0  0 38  0]
 [ 0  0  0  0  0 42]]";0.7654738878143134;0.7000007614961633;"[[ 27  34  15  19  27   7]
 [ 10 235  51  14  24  13]
 [  9  13 396  27  12   6]
 [  2  15  35 350  21   7]
 [  3  10   4   8 371  14]
 [  3   4  35   6  37 204]]";0.6853146853146853;0.6250280598025296;"[[ 11  16  13  19  16   5]
 [  9 102  33  10  17   6]
 [  3   6 161  16  11   4]
 [  3   8  21 161  13   5]
 [  8   4   3   8 152   4]
 [  5   9  16   3  21  99]]";258;[37 43 45 52 39 42]
967;CiteSeer;own;-1;0.2;64;0.5;1;0.005;127148386;0.946969696969697;0.9458768898607822;"[[33  1  1  1  0  1]
 [ 1 42  0  0  0  1]
 [ 0  0 43  1  1  1]
 [ 0  0  2 51  0  1]
 [ 2  0  0  0 38  0]
 [ 0  0  0  0  0 43]]";0.7725509214354995;0.7068234724131766;"[[ 27  34  13  17  31   7]
 [ 11 241  46  14  27  11]
 [  9  10 379  29  15  12]
 [  2  14  29 363  20   6]
 [  2  11   4   5 376   8]
 [  2   6  29   4  41 207]]";0.6893106893106893;0.6282308876397462;"[[ 11  19  11  16  18   5]
 [ 10 103  31  11  18   4]
 [  2   7 154  18  11   9]
 [  3   5  16 166  15   6]
 [  7   6   2   7 154   3]
 [  2  12  13   2  22 102]]";264;[37 44 46 54 40 43]
968;CiteSeer;own;-1;0.2;64;0.5;1;0.005;127148386;0.937037037037037;0.9359681139602568;"[[32  1  1  1  1  1]
 [ 1 42  0  1  0  1]
 [ 0  1 45  1  1  1]
 [ 1  0  2 51  0  1]
 [ 1  0  0  0 39  0]
 [ 0  0  0  0  0 44]]";0.7714007782101168;0.7023612184863416;"[[ 24  35  15  14  28   9]
 [ 10 232  60  11  24  14]
 [  8   6 392  26  11  13]
 [  3  13  34 353  17  11]
 [  2   9   8   5 370  11]
 [  2   6  33   3  29 215]]";0.6963036963036963;0.6373483259449112;"[[ 12  17  18  13  15   5]
 [  9 102  36   9  15   6]
 [  2   5 166  15   8   5]
 [  3   5  23 161  12   7]
 [  8   6   4   6 151   4]
 [  2  10  17   1  18 105]]";270;[37 45 49 55 40 44]
969;CiteSeer;own;-1;0.2;64;0.5;1;0.005;127148386;0.9384057971014492;0.9376870568895886;"[[33  1  0  1  1  1]
 [ 1 44  1  0  0  1]
 [ 0  0 45  2  1  1]
 [ 2  0  2 52  0  1]
 [ 1  0  0  0 40  0]
 [ 0  0  0  0  0 45]]";0.7682926829268293;0.6978167559087297;"[[ 23  34  12  16  32   8]
 [ 11 241  50  14  28  10]
 [  9  12 380  29  11   6]
 [  3  11  33 359  18   7]
 [  2   9   7   7 373   5]
 [  3   7  37   5  39 199]]";0.6903096903096904;0.6262568384602462;"[[ 10  20  14  16  16   4]
 [ 11 101  33   9  19   4]
 [  2   7 160  17   9   6]
 [  3   5  19 168  11   5]
 [  8   4   3   7 155   2]
 [  3  12  15   2  24  97]]";276;[37 47 49 57 41 45]
970;CiteSeer;own;-1;0.2;64;0.5;1;0.005;127148386;0.9432624113475178;0.9411244641323431;"[[31  2  0  3  1  1]
 [ 0 45  1  0  0  1]
 [ 0  0 50  1  0  0]
 [ 0  0  2 54  0  1]
 [ 1  0  0  0 41  1]
 [ 0  0  1  0  0 45]]";0.7788649706457925;0.7121638346428472;"[[ 25  34  14  19  30   8]
 [  7 242  51  14  24  14]
 [  4   6 390  25  10   8]
 [  1  11  39 350  16   9]
 [  0   7   9  10 370   9]
 [  1   6  34   6  26 215]]";0.6973026973026973;0.6285772841399714;"[[  8  20  14  16  17   5]
 [  9 102  35   9  16   6]
 [  2   6 160  16  10   7]
 [  0   4  20 172   8   7]
 [  8   6   3   7 151   4]
 [  3   8  18   1  18 105]]";282;[38 47 51 57 43 46]
971;CiteSeer;own;-1;0.2;64;0.5;1;0.005;127148386;0.9305555555555556;0.9278828880545618;"[[31  2  0  4  1  1]
 [ 0 45  1  0  0  1]
 [ 0  0 49  2  0  0]
 [ 0  0  2 56  0  1]
 [ 1  0  0  0 43  1]
 [ 2  0  1  0  0 44]]";0.7767419038272817;0.7074065196218356;"[[ 24  32  13  22  30   9]
 [ 11 242  43  18  29  13]
 [  5   7 373  31  12   9]
 [  1  12  25 362  18   7]
 [  1   6   7  10 375   5]
 [  0   6  27   9  37 207]]";0.6953046953046953;0.636000974753123;"[[ 13  16  11  17  19   4]
 [ 10 101  29  13  18   6]
 [  2   7 152  23  11   6]
 [  1   4  15 177   9   5]
 [  7   5   2   7 154   4]
 [  3  10  14   2  25  99]]";288;[39 47 51 59 45 47]
972;CiteSeer;own;-1;0.2;64;0.5;1;0.005;127148386;0.935374149659864;0.9324259879754134;"[[32  2  1  4  0  1]
 [ 0 46  1  0  1  1]
 [ 0  0 50  1  0  0]
 [ 0  0  2 58  0  0]
 [ 3  0  0  0 43  0]
 [ 0  0  1  1  0 46]]";0.7755905511811023;0.7105098769151784;"[[ 26  32  18  17  30   8]
 [  4 235  61  14  30  12]
 [  4   5 383  23  11   8]
 [  2  12  35 345  18  11]
 [  1   6   7   7 378   4]
 [  0   5  30   4  37 209]]";0.6993006993006993;0.6403235606169985;"[[ 13  14  11  15  23   4]
 [  7 103  36  10  15   6]
 [  2   6 160  18   9   6]
 [  1   4  20 167  11   8]
 [  5   5   2   6 158   3]
 [  3  10  17   0  24  99]]";294;[40 49 51 60 46 48]
973;CiteSeer;own;-1;0.2;64;0.5;1;0.005;127148386;0.9366666666666666;0.9332037242549255;"[[32  2  1  4  0  2]
 [ 0 48  1  0  0  1]
 [ 0  0 50  1  0  1]
 [ 0  0  2 58  0  1]
 [ 3  0  0  0 45  0]
 [ 0  0  0  0  0 48]]";0.782329713721619;0.7119391906743667;"[[ 22  34  14  21  29   9]
 [  3 259  38  15  29  12]
 [  2  10 364  26  12  17]
 [  1  14  29 348  18  13]
 [  1   8   4   7 376   8]
 [  0   4  26   5  32 216]]";0.7022977022977023;0.6376336782548061;"[[ 10  18  10  16  21   5]
 [  8 112  26  10  17   4]
 [  1   7 153  19  11  10]
 [  1   6  14 168  12  10]
 [  7   5   1   7 157   2]
 [  3  10  15   0  22 103]]";300;[41 50 52 61 48 48]
974;CiteSeer;own;-1;0.2;64;0.5;1;0.005;127148386;0.9477124183006536;0.9456646283006509;"[[35  2  0  3  1  1]
 [ 0 49  1  0  0  1]
 [ 0  0 51  1  0  1]
 [ 0  0  2 59  0  1]
 [ 2  0  0  0 47  0]
 [ 0  0  0  0  0 49]]";0.7777227722772277;0.7120192229780821;"[[ 25  34  17  18  27   7]
 [ 12 246  50  16  23   8]
 [  4   6 371  28   8  13]
 [  1  14  37 344  15   9]
 [  1  10   6  10 371   7]
 [  0   4  30   5  29 214]]";0.7022977022977023;0.6468755319447315;"[[ 14  18  12  15  17   4]
 [ 11 109  27  10  17   3]
 [  2   6 160  18   9   6]
 [  1   5  19 166  12   8]
 [  7   7   4   8 151   2]
 [  3   9  18   0  20 103]]";306;[42 51 53 62 49 49]
975;CiteSeer;own;-1;0.2;64;0.5;1;0.005;127148386;0.9455128205128205;0.9451018588250234;"[[38  1  0  2  0  1]
 [ 1 48  2  0  1  1]
 [ 0  0 51  1  1  1]
 [ 0  1  2 60  0  1]
 [ 1  0  0  0 49  0]
 [ 0  0  0  0  0 49]]";0.7780536246276067;0.7173177623856922;"[[ 30  32  14  15  28   9]
 [ 13 242  50  14  25   8]
 [  3   7 370  24  11  14]
 [  7  12  32 334  21  13]
 [  1   8   4   7 376   8]
 [  1   4  27   3  32 215]]";0.6943056943056943;0.6341734543254008;"[[ 11  18  11  16  20   4]
 [ 10 109  26   9  18   5]
 [  3   6 154  18  11   9]
 [  4   5  17 158  19   8]
 [  7   6   2   3 158   3]
 [  3   9  16   0  20 105]]";312;[42 53 54 64 50 49]
976;CiteSeer;own;-1;0.2;64;0.5;1;0.005;127148386;0.9528301886792453;0.9513772595218118;"[[37  1  0  3  0  1]
 [ 1 50  1  0  1  1]
 [ 0  0 52  1  1  1]
 [ 0  0  2 63  0  0]
 [ 1  0  0  0 50  0]
 [ 0  0  0  0  0 51]]";0.7848605577689243;0.7201903366462279;"[[ 26  38  14  17  26   7]
 [  6 255  40  15  24   8]
 [  3  10 364  31  10  10]
 [  2  14  26 346  21  11]
 [  0   8   4   7 372  10]
 [  0   5  26   4  35 213]]";0.7042957042957043;0.6377116546331385;"[[  9  19   9  17  21   5]
 [  9 112  26  12  14   4]
 [  2   7 155  19  10   8]
 [  2   4  12 168  16   9]
 [  7   6   1   6 157   2]
 [  3  10  16   0  20 104]]";318;[42 54 55 65 51 51]
977;CiteSeer;own;-1;0.2;64;0.5;1;0.005;127148386;0.9537037037037037;0.9533679159138156;"[[40  1  0  1  0  1]
 [ 1 50  1  0  1  1]
 [ 0  0 54  1  0  1]
 [ 2  0  2 63  0  0]
 [ 0  0  0  0 52  0]
 [ 0  0  1  1  0 50]]";0.7812187812187812;0.7185402129829311;"[[ 28  37  13  16  25   8]
 [ 11 243  47  15  25   6]
 [  3   8 369  28   9   9]
 [  3  12  29 343  21  10]
 [  1   7   6   6 371   8]
 [  0   4  32   4  35 210]]";0.6953046953046953;0.634387019989274;"[[ 11  17  11  17  19   5]
 [ 15 103  25  11  21   2]
 [  3   6 158  18  10   6]
 [  4   3  17 165  15   7]
 [  7   6   2   6 157   1]
 [  3   9  18   0  21 102]]";324;[43 54 56 67 52 52]
978;CiteSeer;own;-1;0.2;64;0.5;1;0.005;127148386;0.9515151515151515;0.9505756379546825;"[[38  1  0  2  1  1]
 [ 1 53  1  0  0  1]
 [ 0  0 54  1  0  1]
 [ 1  0  2 64  1  1]
 [ 0  0  0  0 53  0]
 [ 0  0  1  0  0 52]]";0.7855711422845691;0.7193961773636722;"[[ 25  37  13  17  26   8]
 [  8 254  39  15  21   9]
 [  4   7 363  29   8  14]
 [  2  12  27 346  23  13]
 [  1   9   4   5 360  12]
 [  0   4  28   4  29 220]]";0.6963036963036963;0.629267988798443;"[[  8  20  12  18  17   5]
 [ 13 109  24  11  15   5]
 [  3   6 151  18  13  10]
 [  2   4  15 168  13   9]
 [  7   7   2   6 154   3]
 [  3   9  16   0  18 107]]";330;[43 56 56 69 53 53]
979;CiteSeer;own;-1;0.2;64;0.5;1;0.005;127148386;0.9434523809523809;0.9413561545479844;"[[37  1  1  3  0  2]
 [ 1 54  1  0  0  1]
 [ 0  0 55  1  0  1]
 [ 1  0  2 64  1  1]
 [ 0  1  0  0 53  0]
 [ 1  0  0  0  0 54]]";0.778391959798995;0.7121756107839117;"[[ 24  35  15  20  26   8]
 [  5 238  53  16  23   7]
 [  3   6 369  29   8   9]
 [  2  12  31 339  23  13]
 [  1  10   5   6 362   7]
 [  0   4  30   4  30 217]]";0.6933066933066933;0.6262124801755234;"[[  8  20  15  17  16   4]
 [ 12 105  29  11  15   5]
 [  2   5 159  18  11   6]
 [  2   3  18 165  14   9]
 [  7   8   2   6 153   3]
 [  3   9  18   0  19 104]]";336;[44 57 57 69 54 55]
980;CiteSeer;own;-1;0.2;64;0.5;1;0.005;127148386;0.9502923976608187;0.948942647051776;"[[39  1  0  3  0  1]
 [ 1 55  1  0  0  1]
 [ 0  0 57  0  0  1]
 [ 2  0  3 65  0  1]
 [ 0  1  0  0 54  0]
 [ 1  0  0  0  0 55]]";0.7772177419354839;0.7098129645204477;"[[ 24  40  12  18  25   8]
 [ 12 246  41  14  24   4]
 [  4   9 358  34  10   9]
 [  3  12  22 344  26  11]
 [  1  10   5   5 362   7]
 [  0   7  29   4  36 208]]";0.6923076923076923;0.6316563842031913;"[[ 11  22  11  14  18   4]
 [ 14 105  26  11  17   4]
 [  2   7 155  18  13   6]
 [  5   3  14 166  14   9]
 [  8   8   2   6 154   1]
 [  3  10  16   0  22 102]]";342;[44 58 58 71 55 56]
981;CiteSeer;own;-1;0.2;64;0.5;1;0.005;127148386;0.9425287356321839;0.9415973855629027;"[[40  1  0  4  0  1]
 [ 1 55  1  1  0  1]
 [ 0  0 56  1  0  1]
 [ 3  0  2 66  0  1]
 [ 0  1  0  0 55  0]
 [ 1  0  0  0  0 56]]";0.7810920121334681;0.7185359666383287;"[[ 28  42  12  14  26   7]
 [  9 246  42  12  22   5]
 [  4   8 360  34   9   9]
 [  4  12  24 341  24  12]
 [  2   8   4   5 359  11]
 [  1   7  26   3  35 211]]";0.6993006993006993;0.6493277613155308;"[[ 17  19   9  12  19   4]
 [ 12 108  28   9  15   5]
 [  1   7 152  21  12   8]
 [  5   4  12 167  14   9]
 [  9  10   1   7 151   1]
 [  1  11  15   0  21 105]]";348;[46 59 58 72 56 57]
982;CiteSeer;own;-1;0.2;64;0.5;1;0.005;127148386;0.943502824858757;0.9427793283627555;"[[41  1  0  4  0  1]
 [ 1 55  1  1  0  1]
 [ 0  0 57  1  0  1]
 [ 2  0  2 67  1  1]
 [ 0  0  0  0 57  0]
 [ 1  1  0  0  0 57]]";0.781947261663286;0.7267058192882345;"[[ 35  33  10  16  26   8]
 [ 16 229  45  12  26   7]
 [  4   7 360  32   9  11]
 [  7  10  24 336  24  15]
 [  2   7   4   4 358  13]
 [  1   6  26   3  22 224]]";0.6983016983016983;0.6532249474172723;"[[ 21  14   8  12  21   4]
 [ 18  98  28   9  20   4]
 [  3   7 150  20  12   9]
 [  6   3  12 167  13  10]
 [  8   5   1   7 156   2]
 [  1  10  17   0  18 107]]";354;[47 59 59 73 57 59]
983;CiteSeer;own;-1;0.2;64;0.5;1;0.005;127148386;0.95;0.9482612861112744;"[[40  2  0  4  0  1]
 [ 0 58  1  0  1  1]
 [ 0  0 57  1  0  1]
 [ 2  0  2 70  0  0]
 [ 0  0  0  0 59  0]
 [ 0  1  1  0  0 58]]";0.785350966429298;0.7241728999323652;"[[ 28  39  10  14  28   7]
 [  8 253  36  10  27   3]
 [  4   9 357  30  11   8]
 [  4  14  29 335  23  11]
 [  1  10   4   5 361   7]
 [  0   6  28   4  32 210]]";0.6963036963036963;0.6385856543859646;"[[ 13  19   8  16  20   4]
 [ 14 108  24   8  21   2]
 [  2  13 151  17  14   4]
 [  1   5  14 168  14   9]
 [  7   5   2   5 159   1]
 [  2  12  18   0  23  98]]";360;[47 61 59 74 59 60]
984;CiteSeer;own;-1;0.2;64;0.5;1;0.005;127148386;0.9480874316939891;0.9463592312003986;"[[41  3  0  4  0  1]
 [ 0 58  1  0  1  1]
 [ 0  0 59  1  0  1]
 [ 2  0  2 70  0  1]
 [ 0  0  0  0 60  0]
 [ 0  0  1  0  0 59]]";0.7831632653061225;0.7207873655146103;"[[ 27  32  12  18  29   7]
 [  9 243  43  13  25   4]
 [  4  10 364  24   8   9]
 [  4  14  34 330  19  13]
 [  1   9   4   6 356  10]
 [  0   6  28   3  27 215]]";0.6993006993006993;0.6419699981728185;"[[ 13  18   9  16  20   4]
 [ 15 102  28   9  20   3]
 [  2  11 155  17  12   4]
 [  2   4  14 168  13  10]
 [  7   6   4   5 155   2]
 [  2   7  19   0  18 107]]";366;[49 61 61 75 60 60]
985;CiteSeer;own;-1;0.2;64;0.5;1;0.005;127148386;0.9516129032258065;0.9504219669190098;"[[42  3  0  3  0  1]
 [ 0 60  1  0  1  1]
 [ 0  0 61  1  0  0]
 [ 1  1  2 71  1  0]
 [ 0  0  0  0 61  0]
 [ 0  0  2  0  0 59]]";0.7911975435005117;0.7346835904893353;"[[ 32  32  12  15  28   6]
 [  6 249  41  14  22   3]
 [  6   9 359  29   9   5]
 [  4  15  27 341  17  11]
 [  1   9   4   6 358   7]
 [  0   6  29   6  29 207]]";0.6913086913086913;0.6322696672706459;"[[ 12  20   9  19  16   4]
 [ 16 104  27  10  18   2]
 [  2  11 152  21  11   4]
 [  2   4  14 169  14   8]
 [  7   6   3   5 156   2]
 [  3   9  19   2  21  99]]";372;[49 63 62 76 61 61]
986;CiteSeer;own;-1;0.2;64;0.5;1;0.005;127148386;0.9497354497354498;0.9478117518267318;"[[42  2  0  3  1  1]
 [ 1 61  2  0  1  1]
 [ 0  0 61  1  0  0]
 [ 1  0  2 73  1  0]
 [ 0  0  0  0 62  0]
 [ 0  0  2  0  0 60]]";0.7900410677618069;0.7377304023243978;"[[ 35  30  12  15  26   7]
 [  5 246  46  14  20   5]
 [  6   9 351  32   8   8]
 [  4  13  23 338  20  14]
 [  1   9   4   5 356  10]
 [  0   7  27   6  23 213]]";0.7012987012987013;0.6416909260709993;"[[ 12  19   9  17  19   4]
 [ 14 103  29   9  17   5]
 [  1   8 155  20  12   5]
 [  5   4  12 168  13   9]
 [  7   6   3   5 156   2]
 [  1   8  18   2  16 108]]";378;[49 66 62 77 62 62]
987;CiteSeer;own;-1;0.2;64;0.5;1;0.005;127148386;0.953125;0.9510956224120558;"[[42  3  0  3  0  1]
 [ 1 63  2  0  0  1]
 [ 0  0 61  1  0  1]
 [ 1  0  2 75  1  0]
 [ 0  0  0  0 63  0]
 [ 0  0  1  0  0 62]]";0.7950566426364573;0.7403701739671616;"[[ 33  34  11  15  24   8]
 [  6 248  40  15  20   6]
 [  5  11 344  35   8  10]
 [  4  13  17 342  23  10]
 [  1  10   4   5 353  11]
 [  0   6  19   6  21 224]]";0.7052947052947053;0.6466427220768022;"[[ 12  20   9  15  19   5]
 [ 14 111  25   9  15   3]
 [  1   8 154  21  12   5]
 [  7   5  12 166  12   9]
 [  7   8   2   6 154   2]
 [  2   9  15   2  16 109]]";384;[49 67 63 79 63 63]
988;CiteSeer;own;-1;0.2;64;0.5;1;0.005;127148386;0.9487179487179487;0.9460118833741497;"[[43  3  1  2  0  1]
 [ 1 65  1  0  1  1]
 [ 0  0 61  1  0  1]
 [ 3  1  1 76  0  0]
 [ 0  0  0  0 63  0]
 [ 1  0  1  0  0 62]]";0.7964876033057852;0.7432151837432475;"[[ 34  32  11  13  25   8]
 [  5 251  41  12  19   5]
 [  3  11 349  31   8  10]
 [  6  16  21 333  23  10]
 [  2   9   4   4 357   8]
 [  0   6  21   6  24 218]]";0.6993006993006993;0.6390039783071682;"[[ 11  20  10  15  19   5]
 [ 13 107  27  10  17   3]
 [  1   9 154  18  13   6]
 [  7   4  13 165  14   8]
 [  7   7   3   5 155   2]
 [  2   9  16   2  16 108]]";390;[50 69 63 81 63 64]
989;CiteSeer;own;-1;0.2;64;0.5;1;0.005;127148386;0.9545454545454546;0.9528029747286899;"[[45  2  0  3  0  1]
 [ 0 67  0  0  1  1]
 [ 0  0 62  2  0  1]
 [ 3  0  1 78  0  0]
 [ 0  0  0  0 64  0]
 [ 1  1  1  0  0 62]]";0.7968911917098446;0.744494357351865;"[[ 36  32  10  12  25   7]
 [  8 246  44  11  19   4]
 [  8   8 343  33   7  11]
 [  5  16  17 344  16   9]
 [  2  10   4   6 353   9]
 [  0   7  23   7  22 216]]";0.6973026973026973;0.6410375884556522;"[[ 13  19  11  16  17   4]
 [ 13 103  30  11  18   2]
 [  5  11 146  21  12   6]
 [  4   4  12 173  10   8]
 [  7   8   2   7 153   2]
 [  2   8  15   2  16 110]]";396;[51 69 65 82 64 65]
990;CiteSeer;own;-1;0.2;64;0.5;1;0.005;127148386;0.9502487562189055;0.948545917885873;"[[45  2  0  2  0  2]
 [ 0 68  0  0  2  1]
 [ 1  0 62  2  0  1]
 [ 2  1  1 79  0  0]
 [ 0  0  0  0 64  0]
 [ 0  1  2  0  0 64]]";0.7889812889812889;0.7339150171888615;"[[ 33  34  13  11  24   6]
 [  8 248  44   7  21   4]
 [  7   9 344  28   7  21]
 [  5  15  22 339  17   9]
 [  2  12   4   6 346   8]
 [  0   8  24   7  23 208]]";0.6953046953046953;0.6421496728638668;"[[ 14  19  14  13  16   4]
 [ 12 105  31   8  18   3]
 [  5  16 142  17  13   8]
 [  7   4  13 168  11   8]
 [  7   8   3   5 154   2]
 [  0   6  16   2  16 113]]";402;[51 71 66 83 64 67]
991;CiteSeer;own;-1;0.2;64;0.5;1;0.005;127148386;0.9583333333333334;0.956723788991895;"[[46  2  0  3  1  1]
 [ 0 70  1  0  1  1]
 [ 0  0 65  0  0  1]
 [ 2  1  2 80  0  0]
 [ 0  0  0  0 64  0]
 [ 0  0  1  0  0 66]]";0.7904066736183525;0.7338140186769996;"[[ 31  34  10  15  24   7]
 [  9 253  40  14  14   3]
 [  6  13 337  32   7  18]
 [  4  16  20 347  17   5]
 [  2  15   4   7 338  10]
 [  0   4  20   9  23 210]]";0.6933066933066933;0.6380696880621611;"[[ 13  22   8  17  16   4]
 [ 14 107  28  12  14   2]
 [  5  15 143  20  13   5]
 [  5   4  13 171  12   6]
 [  7   9   1   6 154   2]
 [  2   7  15   7  16 106]]";408;[53 73 66 85 64 67]
992;CiteSeer;own;-1;0.2;64;0.5;1;0.005;127148386;0.9565217391304348;0.9541305461089505;"[[46  2  1  3  1  1]
 [ 0 71  1  0  0  1]
 [ 1  0 66  0  0  1]
 [ 2  0  2 81  0  1]
 [ 0  0  0  0 65  0]
 [ 0  0  1  0  0 67]]";0.7824267782426778;0.7254012053147084;"[[ 29  33  11  13  25   8]
 [  6 250  47  11  14   5]
 [  3  11 345  30   9  16]
 [  4  16  27 336  17   6]
 [  2  18   6   6 332  11]
 [  0   4  25  11  21 204]]";0.6963036963036963;0.6394369795701242;"[[ 12  21  12  14  16   5]
 [ 12 106  34   9  13   3]
 [  2  12 151  19  12   5]
 [  5   4  17 167  11   7]
 [  7  10   4   5 151   2]
 [  2   6  17   3  15 110]]";414;[54 73 68 86 65 68]
993;CiteSeer;own;-1;0.2;64;0.5;1;0.005;127148386;0.9523809523809523;0.9515151787695094;"[[49  1  2  2  0  1]
 [ 1 68  1  2  0  1]
 [ 0  0 67  0  0  1]
 [ 3  0  2 82  0  1]
 [ 0  0  0  0 66  0]
 [ 0  0  2  0  0 68]]";0.7906610703043022;0.7311882847027217;"[[ 29  30  14  13  23   9]
 [  9 248  45  10  17   4]
 [  3   8 350  34   7  12]
 [ 10  14  21 335  15   9]
 [  3  13   4   6 337  11]
 [  0   4  21  11  19 208]]";0.6883116883116883;0.6364782170379457;"[[ 14  20  11  15  15   5]
 [ 14 106  31  10  14   2]
 [  2  13 145  23  12   6]
 [  7   4  15 166  12   7]
 [  8   9   4   7 149   2]
 [  2   6  17   4  15 109]]";420;[55 73 68 88 66 70]
994;CiteSeer;own;-1;0.2;64;0.5;1;0.005;1232306213;0.0;0.0;[[]];0.18185726569217542;0.14132704438138444;"[[  2 102  16   9  37  18]
 [  8 214  45  44  61  41]
 [  2 158  62  50 141  54]
 [ 13 257  49  49  89  33]
 [  2 256  12  51  76  20]
 [  3 199  30  33  70  20]]";0.1878121878121878;0.14283005263845774;"[[  0  47  15   6   7   5]
 [  6  96  16  22  26  11]
 [  1  77  29  12  56  26]
 [  3 102  26  18  43  19]
 [  1 109   7  19  35   8]
 [  3  78  19  11  32  10]]";0;[]
995;CiteSeer;own;-1;0.2;64;0.5;1;0.005;1232306213;1.0;1.0;"[[1 0 0 0]
 [0 1 0 0]
 [0 0 2 0]
 [0 0 0 2]]";0.3521551724137931;0.23271796475599835;"[[  1   0 147  11  24   0]
 [  0   0 390   3  13   0]
 [  0   0 463  16   0   0]
 [  0   0 291 191   3   0]
 [  0   0 200  56 162   0]
 [  0   0 282  20  47   0]]";0.33966033966033965;0.22836426080188363;"[[  2   0  59   7  12   0]
 [  0   0 165   6   6   0]
 [  0   0 189  12   0   0]
 [  0   0 128  83   0   0]
 [  0   0  86  27  66   0]
 [  0   0 116   8  29   0]]";6;[1 0 1 2 2]
996;CiteSeer;own;-1;0.2;64;0.5;1;0.005;1232306213;0.6666666666666666;0.5380952380952381;"[[1 0 1 1 0]
 [0 0 0 1 0]
 [0 0 1 0 0]
 [0 0 0 3 0]
 [0 0 0 1 3]]";0.4096802074330164;0.2676374392400536;"[[  1   0 118  43  32   0]
 [  0   0 343  26  31   0]
 [  0   0 445  31   0   0]
 [  0   0 190 279  10   0]
 [  0   0 112  81 223   0]
 [  0   0 223  40  86   0]]";0.4015984015984016;0.2657827968602211;"[[  2   0  41  18  19   0]
 [  0   0 145  18  14   0]
 [  0   0 184  16   1   0]
 [  0   0  87 124   0   0]
 [  0   0  44  43  92   0]
 [  0   0  94  11  48   0]]";12;[3 1 1 3 4]
997;CiteSeer;own;-1;0.2;64;0.5;1;0.005;1232306213;0.8333333333333334;0.7166666666666667;"[[6 0 0 0 0 0]
 [2 1 0 0 0 0]
 [0 0 1 0 0 0]
 [0 0 0 3 0 0]
 [0 0 0 0 4 0]
 [1 0 0 0 0 0]]";0.36221837088388215;0.3214541579535151;"[[156   0   6   4  29   0]
 [343   0  31   1  21   0]
 [173   0 287  11   5   0]
 [280   0  33 149  15   0]
 [162   0   7   3 244   0]
 [242   0  20   3  83   0]]";0.3306693306693307;0.2966835361850508;"[[ 56   1   6   1  16   0]
 [154   0  12   2   9   0]
 [ 69   0 116   9   7   0]
 [130   0  15  62   4   0]
 [ 78   0   3   1  97   0]
 [ 94   0   8   0  51   0]]";18;[6 3 1 3 4 1]
998;CiteSeer;own;-1;0.2;64;0.5;1;0.005;1232306213;0.875;0.7388167388167388;"[[6 0 0 0 0 0]
 [0 3 1 0 0 0]
 [0 0 3 0 0 0]
 [0 0 1 5 0 0]
 [0 0 0 0 4 0]
 [0 0 1 0 0 0]]";0.28236316246741966;0.16881086787452518;"[[ 16   0 169   2   6   0]
 [  3   0 371   0   1   0]
 [  0   0 508   1   1   0]
 [  2   0 387  82   0   0]
 [  0   0 371   0  44   0]
 [  0   0 327   1  10   0]]";0.24775224775224775;0.1384951858777583;"[[  3   1  72   2   2   0]
 [  5   0 170   2   0   0]
 [  2   0 196   2   1   0]
 [  6   0 171  34   0   0]
 [  0   0 163   1  15   0]
 [  0   0 149   0   4   0]]";24;[6 4 3 6 4 1]
999;CiteSeer;own;-1;0.2;64;0.5;1;0.005;1232306213;0.9666666666666667;0.976068376068376;"[[6 0 0 1 0 0]
 [0 7 0 0 0 0]
 [0 0 3 0 0 0]
 [0 0 0 7 0 0]
 [0 0 0 0 5 0]
 [0 0 0 0 0 1]]";0.4372822299651568;0.31963408442888847;"[[ 11 122  29  18   3   0]
 [  2 244 152   4   0   0]
 [  0  56 426  27   0   0]
 [  1 100  84 290   1   0]
 [  0 305  15  60  33   0]
 [  0 255  41  12   5   0]]";0.4065934065934066;0.29263965173595397;"[[  3  50  15  12   0   0]
 [  3 104  64   6   0   0]
 [  0  24 160  16   1   0]
 [  5  50  25 131   0   0]
 [  0 125   6  40   8   0]
 [  0 124  20   4   4   1]]";30;[7 7 3 7 5 1]
1000;CiteSeer;own;-1;0.2;64;0.5;1;0.005;1232306213;1.0;1.0;"[[8 0 0 0 0 0]
 [0 7 0 0 0 0]
 [0 0 4 0 0 0]
 [0 0 0 8 0 0]
 [0 0 0 0 6 0]
 [0 0 0 0 0 3]]";0.4973799126637555;0.4274474459267905;"[[ 78  11  39  25   0  44]
 [ 86  77 171   7   0  58]
 [ 19   5 413  33   0  33]
 [ 21   3  64 324   1  67]
 [ 55   3   4   5  25 286]
 [ 23  45  32  11   0 222]]";0.44755244755244755;0.37260952026785965;"[[ 24  10  16  10   0  20]
 [ 49  22  78   4   0  24]
 [  4   4 161  14   1  17]
 [ 11   4  23 148   0  25]
 [ 37   4   2   5   5 126]
 [ 10  34  17   2   2  88]]";36;[8 7 4 8 6 3]
1001;CiteSeer;own;-1;0.2;64;0.5;1;0.005;1232306213;0.9761904761904762;0.9790849673202615;"[[8 0 0 0 0 0]
 [1 7 0 0 0 0]
 [0 0 5 0 0 0]
 [0 0 0 9 0 0]
 [0 0 0 0 7 0]
 [0 0 0 0 0 5]]";0.5774956217162872;0.5207869024944084;"[[ 47  25  34  33   4  39]
 [ 57  93 177  22  53  63]
 [  8  12 405  44   2  29]
 [  4   6  52 381   8  29]
 [ 33  11   6   9 143 120]
 [  8  28  24  18   7 250]]";0.5434565434565435;0.4838709722211579;"[[ 17  14  15  16   5  13]
 [ 25  29  79  10   1  33]
 [  2   9 149  17   7  17]
 [  3   7  20 170   2   9]
 [ 26   6   2   9  69  67]
 [  5  18  11   4   5 110]]";42;[8 8 5 9 7 5]
1002;CiteSeer;own;-1;0.2;64;0.5;1;0.005;1232306213;0.9583333333333334;0.9629056300882927;"[[ 8  0  0  0  0  0]
 [ 1  9  0  0  0  0]
 [ 0  0  5  0  0  0]
 [ 0  0  0 10  0  0]
 [ 1  0  0  0  8  0]
 [ 0  0  0  0  0  6]]";0.5790166812993854;0.5294817147744716;"[[ 57  55   9  33   1  27]
 [ 64 415  52  14   2  40]
 [  7 196  65  42   2  14]
 [  3  72  11 365  11   8]
 [ 40  77   1  19 164  82]
 [  8  45   2  15   7 253]]";0.4775224775224775;0.4471681827261227;"[[ 24  24   6  14   5   7]
 [ 39  98  15   9   0  16]
 [  3 145  24  17   5   7]
 [  3  41   1 162   2   2]
 [ 29  31   0  18  60  41]
 [  5  25   3   3   7 110]]";48;[ 8 10  5 10  9  6]
1003;CiteSeer;own;-1;0.2;64;0.5;1;0.005;1232306213;0.9814814814814815;0.9781818181818182;"[[ 9  0  0  0  0  0]
 [ 0 12  1  0  0  0]
 [ 0  0  5  0  0  0]
 [ 0  0  0 11  0  0]
 [ 0  0  0  0 10  0]
 [ 0  0  0  0  0  6]]";0.565580985915493;0.5083075082143805;"[[ 32 119   4  16   2   6]
 [ 22 535  22   6   3  15]
 [  4 225  52  27   2   1]
 [  1 143   6 312   2   2]
 [ 15 157   0   7 165  39]
 [  5 121   1   9   5 189]]";0.4675324675324675;0.43614394196707335;"[[ 12  48   2  10   6   2]
 [ 14 148   5   4   0   6]
 [  0 166  15  14   5   1]
 [  3  69   1 138   0   0]
 [ 13  80   0   9  66  11]
 [  2  48   3   4   7  89]]";54;[ 9 13  5 11 10  6]
1004;CiteSeer;own;-1;0.2;64;0.5;1;0.005;1232306213;0.95;0.9455011615499793;"[[ 9  0  0  0  0  0]
 [ 0 12  1  0  0  0]
 [ 0  0  6  0  0  0]
 [ 1  0  0 13  0  0]
 [ 0  0  0  0 11  1]
 [ 0  0  0  0  0  6]]";0.6390114739629302;0.5572921900176958;"[[ 30  86   3  30  16   9]
 [ 20 509  14  21   4  17]
 [  2 196  49  59   4   5]
 [  3  72   3 377  16   4]
 [ 14  46   0  18 258  50]
 [  5  64   2  21  14 225]]";0.5534465534465535;0.4998842640438284;"[[ 13  37   4  13  10   3]
 [ 13 144   3  11   0   6]
 [  0 149  16  28   7   1]
 [  3  36   0 168   3   1]
 [  9  29   1  11 110  19]
 [  2  32   3   4   9 103]]";60;[ 9 13  6 14 12  6]
1005;CiteSeer;own;-1;0.2;64;0.5;1;0.005;1232306213;0.9090909090909091;0.9066426405136084;"[[ 9  0  0  0  0  0]
 [ 0 12  1  0  0  0]
 [ 0  0  6  0  0  0]
 [ 1  1  0 14  1  0]
 [ 1  0  0  0 12  0]
 [ 0  0  1  0  0  7]]";0.5831858407079646;0.5121637076526196;"[[ 30  88   2  29   8  14]
 [ 18 443  11  19   3  20]
 [  3 259  44  47   2   7]
 [  4  89   4 372  27   7]
 [ 18  75   0  22 188  72]
 [  5  60   5  18   6 241]]";0.5214785214785215;0.46517693880465744;"[[ 13  38   3  14   8   4]
 [ 14 146   2   6   1   8]
 [  0 152  14  28   5   2]
 [  3  40   0 165   2   1]
 [ 13  37   1  16  77  35]
 [  2  31   3   5   5 107]]";66;[ 9 13  6 17 13  8]
1006;CiteSeer;own;-1;0.2;64;0.5;1;0.005;1232306213;0.9583333333333334;0.94938060731539;"[[11  0  0  0  0  0]
 [ 0 12  1  0  0  0]
 [ 0  0  7  0  0  0]
 [ 1  0  0 17  0  0]
 [ 0  0  0  0 15  0]
 [ 0  0  1  0  0  7]]";0.6100266193433895;0.5409352578250334;"[[ 39  77   3  25  14  12]
 [ 22 433  10  25   8  13]
 [  2 248  39  64   2   5]
 [  4  66   7 403  18   4]
 [ 19  43   0  52 236  32]
 [  6  50   4  27  17 225]]";0.5164835164835165;0.46326573305857277;"[[ 14  37   5  12   7   5]
 [ 12 138   2  15   6   4]
 [  0 142  11  38   8   2]
 [  3  36   0 164   7   1]
 [ 11  18   1  48  88  13]
 [  3  33   2  10   3 102]]";72;[11 13  7 18 15  8]
1007;CiteSeer;own;-1;0.2;64;0.5;1;0.005;1232306213;0.9487179487179487;0.9374352499352501;"[[11  0  0  0  0  0]
 [ 0 13  0  0  0  0]
 [ 0  0  7  0  0  0]
 [ 1  0  0 19  0  0]
 [ 1  0  0  0 16  0]
 [ 0  0  2  0  0  8]]";0.6161032028469751;0.5392332563245775;"[[ 34  58   5  32  21  17]
 [ 33 404  12  31  14  16]
 [  2 219  37  84   3   7]
 [  4  55   9 407  25   4]
 [ 14  23   0  44 268  34]
 [  5  35  11  23  23 235]]";0.5334665334665335;0.4806730708604959;"[[ 15  28   6  15  11   5]
 [ 19 120   4  15  11   8]
 [  0 127  14  46  11   3]
 [  3  28   1 167  10   2]
 [  9  14   1  30 113  12]
 [  3  24   5   9   7 105]]";78;[11 13  7 20 17 10]
1008;CiteSeer;own;-1;0.2;64;0.5;1;0.005;1232306213;0.9523809523809523;0.9363201576927068;"[[12  0  0  0  0  0]
 [ 0 13  0  0  0  0]
 [ 0  1  7  0  0  0]
 [ 0  0  0 22  0  0]
 [ 1  0  0  0 17  0]
 [ 0  0  2  0  0  9]]";0.6039250669045495;0.5330830785404621;"[[ 31  59   5  35  25  11]
 [ 26 364  14  36  15  15]
 [  0 247  42  93   4   6]
 [  3  48   5 415  24   4]
 [ 12  19   0  48 274  29]
 [  5  35  10  29  26 228]]";0.5464535464535465;0.49132100231511777;"[[ 14  26   6  16  13   5]
 [ 13 120   4  23  11   6]
 [  0 125  15  47  12   2]
 [  3  22   3 171  10   2]
 [  9  13   1  27 121   8]
 [  2  23   5  10   7 106]]";84;[12 13  8 22 18 11]
1009;CiteSeer;own;-1;0.2;64;0.5;1;0.005;1232306213;0.9222222222222223;0.9110331220567928;"[[12  0  0  0  0  0]
 [ 0 14  0  0  0  0]
 [ 0  0  8  1  0  0]
 [ 0  1  0 22  0  0]
 [ 1  0  0  1 18  0]
 [ 0  0  3  0  0  9]]";0.6140429338103757;0.5692212167626735;"[[ 29  57  25  27  17  11]
 [ 22 305  67  26   9  10]
 [  0 166 156  84   3   8]
 [  4  42  20 394  29   6]
 [ 17  25   6  52 260  25]
 [  5  22  32  24  22 229]]";0.5594405594405595;0.5214784206527859;"[[ 12  28  10  15  12   3]
 [ 11 107  40   9   6   4]
 [  0  94  52  40  12   3]
 [  3  19  11 166  10   2]
 [ 10  13   4  29 117   6]
 [  2  19  10   8   8 106]]";90;[12 14  9 23 20 12]
1010;CiteSeer;own;-1;0.2;64;0.5;1;0.005;1232306213;0.9479166666666666;0.9340150802868573;"[[12  0  0  0  0  0]
 [ 0 15  0  0  0  0]
 [ 0  0  8  1  0  1]
 [ 0  0  0 24  0  0]
 [ 1  0  0  0 20  0]
 [ 0  0  2  0  0 12]]";0.6304932735426009;0.5704831633401976;"[[ 20  39  18  37  26  19]
 [ 11 324  20  46  15  20]
 [  0 174 136 107   4   7]
 [  2  32  18 406  26   8]
 [  4  16   3  63 275  22]
 [  3  21  12  31  20 245]]";0.5584415584415584;0.5017429827956154;"[[  7  24   8  23  12   6]
 [  6 113  13  22  15   8]
 [  0  95  44  48  11   3]
 [  3  18   7 169  11   3]
 [  3  11   1  40 116   8]
 [  2  16   8   8   9 110]]";96;[12 15 10 24 21 14]
1011;CiteSeer;own;-1;0.2;64;0.5;1;0.005;1232306213;0.9509803921568627;0.9433728778249652;"[[14  0  0  0  0  0]
 [ 1 15  0  0  1  0]
 [ 0  0  8  1  0  1]
 [ 0  0  0 25  0  0]
 [ 1  0  0  0 20  0]
 [ 0  0  0  0  0 15]]";0.6389388489208633;0.6102523839508754;"[[ 57  28  17  29  24  12]
 [ 50 281  36  36  17  10]
 [  5 156 159  91   5  10]
 [  5  34  19 397  27   9]
 [ 12  15   3  49 282  19]
 [  4  20  17  22  22 245]]";0.5624375624375625;0.5285864768760384;"[[ 19  18   7  20  13   3]
 [ 30  97  14  20  11   5]
 [  4  83  49  51  11   3]
 [  4  18   7 167  12   3]
 [  9   8   1  32 122   7]
 [  2  16   8   8  10 109]]";102;[14 17 10 25 21 15]
1012;CiteSeer;own;-1;0.2;64;0.5;1;0.005;1232306213;0.9444444444444444;0.9386012773742057;"[[14  0  0  1  0  0]
 [ 1 16  0  0  1  0]
 [ 0  0  9  1  0  1]
 [ 0  0  0 26  0  0]
 [ 1  0  0  0 21  0]
 [ 0  0  0  0  0 16]]";0.633453561767358;0.6054696265977891;"[[ 56  39  15  26  21  11]
 [ 36 309  30  33   8   9]
 [  4 174 143  87   4  10]
 [  5  41  20 392  24   8]
 [  7  20   3  65 266  22]
 [  3  25  14  28  21 239]]";0.5524475524475524;0.5210407581298845;"[[ 18  19   8  19  12   4]
 [ 19 115  12  23   6   2]
 [  2  93  42  51  10   3]
 [  4  23  11 160  11   2]
 [  6  14   1  42 111   5]
 [  2  18   8   9   9 107]]";108;[15 18 11 26 22 16]
1013;CiteSeer;own;-1;0.2;64;0.5;1;0.005;1232306213;0.9473684210526315;0.9408167754887614;"[[15  0  0  0  0  0]
 [ 2 16  0  0  1  0]
 [ 0  0 11  2  0  1]
 [ 0  0  0 26  0  0]
 [ 0  0  0  0 23  0]
 [ 0  0  0  0  0 17]]";0.6487341772151899;0.6183961499843013;"[[ 52  29  24  17  29  16]
 [ 32 289  37  22  18  20]
 [  4 156 172  77   8  12]
 [  5  36  27 371  35   9]
 [  6  13   6  44 296  17]
 [  3  20  16  13  26 255]]";0.5664335664335665;0.5292210792735407;"[[ 16  15  10  16  18   5]
 [ 18 103  17  10  18  11]
 [  0  86  55  39  16   5]
 [  4  22   9 154  19   3]
 [  4   7   1  30 129   8]
 [  2  16   8   6  11 110]]";114;[15 19 14 26 23 17]
1014;CiteSeer;own;-1;0.2;64;0.5;1;0.005;1232306213;0.9333333333333333;0.9273507652687218;"[[15  0  0  0  0  0]
 [ 2 18  0  0  1  0]
 [ 0  0 11  2  0  1]
 [ 1  0  0 27  0  0]
 [ 1  0  0  0 23  0]
 [ 0  0  0  0  0 18]]";0.6613780598368088;0.6246438938130565;"[[ 46  38  16  24  25  16]
 [ 20 325  20  24  10  19]
 [  4 172 158  76   6  12]
 [  4  42  19 381  26   9]
 [  5  16   4  44 295  20]
 [  4  22  13  16  21 254]]";0.5704295704295704;0.5258247836095606;"[[ 13  20  10  17  13   7]
 [ 14 120  12  11  10  10]
 [  0  98  45  40  12   6]
 [  3  26   9 155  15   3]
 [  3  12   2  28 126   8]
 [  2  15   8   7   9 112]]";120;[15 21 14 28 24 18]
1015;CiteSeer;own;-1;0.2;64;0.5;1;0.005;1232306213;0.9444444444444444;0.9388636583845539;"[[15  0  0  0  0  0]
 [ 1 21  0  0  0  0]
 [ 0  0 11  2  0  1]
 [ 1  0  1 28  0  0]
 [ 0  0  0  1 25  0]
 [ 0  0  0  0  0 19]]";0.6745454545454546;0.6306098847023236;"[[ 35  54  17  35  17   7]
 [ 17 334  20  32   7  11]
 [  2 131 198  73  11   8]
 [  5  33  21 391  19   7]
 [  2  18   7  51 293  17]
 [  4  23  24  21  22 233]]";0.5954045954045954;0.5475026262874181;"[[ 11  22   7  22  13   5]
 [  9 130  13  12   9   4]
 [  1  84  59  40  15   2]
 [  3  17  15 163  10   3]
 [  2  15   3  28 124   7]
 [  2  13  11   6  12 109]]";126;[15 22 14 30 26 19]
1016;CiteSeer;own;-1;0.2;64;0.5;1;0.005;1232306213;0.946969696969697;0.9412459328355038;"[[16  0  0  0  0  0]
 [ 2 19  0  0  1  0]
 [ 0  0 13  2  0  1]
 [ 1  0  0 30  0  0]
 [ 0  0  0  0 27  0]
 [ 0  0  0  0  0 20]]";0.6818596171376481;0.6474187380692467;"[[ 48  28  20  28  34   8]
 [ 25 296  34  25  18  15]
 [  3 100 236  70  11  11]
 [  6  32  24 368  33   7]
 [  3   9   9  36 315  18]
 [  4  18  18  12  39 233]]";0.6013986013986014;0.5639717305492156;"[[ 17  15   8  18  16   6]
 [ 17 104  19  13  13  11]
 [  0  71  76  31  16   7]
 [  4  16  18 156  14   3]
 [  4   7   4  16 141   7]
 [  2  11  13   3  16 108]]";132;[16 22 16 31 27 20]
1017;CiteSeer;own;-1;0.2;64;0.5;1;0.005;1232306213;0.927536231884058;0.9183489772311408;"[[14  0  0  0  4  0]
 [ 1 22  1  0  0  0]
 [ 0  1 14  1  0  1]
 [ 1  0  0 31  0  0]
 [ 0  0  0  0 27  0]
 [ 0  0  0  0  0 20]]";0.6814442413162706;0.6463471658496498;"[[ 44  33  25  29  31   8]
 [ 15 294  36  30  16  12]
 [  3 106 243  63  10  11]
 [  3  34  28 367  33   7]
 [  3  10   8  38 310  19]
 [  1  20  16  13  36 233]]";0.6103896103896104;0.5575379733826838;"[[  9  17  10  20  18   6]
 [  9 119  17  12  14   6]
 [  0  70  76  32  16   7]
 [  2  17  20 157  12   3]
 [  2   9   4  16 142   6]
 [  2  12  13   4  14 108]]";138;[18 24 17 32 27 20]
1018;CiteSeer;own;-1;0.2;64;0.5;1;0.005;1232306213;0.9375;0.9309624324532285;"[[17  0  0  0  1  0]
 [ 1 22  2  0  0  0]
 [ 0  1 16  0  0  1]
 [ 1  0  0 31  0  0]
 [ 1  0  0  0 28  0]
 [ 0  1  0  0  0 21]]";0.6814848762603116;0.6506428587211945;"[[ 49  36  27  26  24   8]
 [ 21 283  54  27  12  13]
 [  6  91 264  50   9  12]
 [  5  36  37 352  28   7]
 [  4  16   7  38 305  18]
 [  2  17  18  11  35 234]]";0.6113886113886113;0.5716863550280947;"[[ 14  16  12  19  14   5]
 [ 12 117  23   9   8   8]
 [  0  71  81  26  15   8]
 [  2  18  24 153  11   3]
 [  3  13   4  16 138   5]
 [  2  12  13   4  13 109]]";144;[18 25 18 32 29 22]
1019;CiteSeer;own;-1;0.2;64;0.5;1;0.005;1232306213;0.96;0.956484491999657;"[[17  0  0  0  1  0]
 [ 1 25  1  0  0  0]
 [ 0  0 18  0  0  1]
 [ 1  0  0 32  0  0]
 [ 0  0  0  0 29  0]
 [ 0  0  0  1  0 23]]";0.6824448529411765;0.6450417310301891;"[[ 42  42  20  20  25  19]
 [ 17 282  42  21  17  26]
 [  5  87 250  58   8  24]
 [  3  30  43 343  33  12]
 [  1  13   7  32 310  22]
 [  1  17   8  11  27 258]]";0.6043956043956044;0.5535209807067166;"[[ 10  17  12  13  19   9]
 [  7 111  26   9  13  11]
 [  0  62  76  35  13  15]
 [  2  17  21 150  15   6]
 [  4  11   2  14 139   9]
 [  2  10   8   2  12 119]]";150;[18 27 19 33 29 24]
1020;CiteSeer;own;-1;0.2;64;0.5;1;0.005;1232306213;0.9615384615384616;0.9581444870918556;"[[18  1  0  0  0  0]
 [ 1 26  1  0  0  0]
 [ 0  0 18  1  0  1]
 [ 0  0  0 34  0  0]
 [ 0  0  0  0 29  0]
 [ 0  0  0  1  0 25]]";0.6847926267281106;0.6515386661671406;"[[ 44  42  23  25  23  10]
 [ 18 265  74  23  10   8]
 [  3  72 274  65   8  15]
 [  2  27  47 355  24   9]
 [  3  13   7  38 306  18]
 [  2  15  18  13  29 242]]";0.5994005994005994;0.5574830591031206;"[[ 12  17  15  14  17   5]
 [  9 102  39  10  10   7]
 [  1  58  84  37  14   7]
 [  1  10  26 158  12   4]
 [  4  10   4  21 134   6]
 [  2  11  13   4  13 110]]";156;[19 28 20 34 29 26]
1021;CiteSeer;own;-1;0.2;64;0.5;1;0.005;1232306213;0.9629629629629629;0.9589829229098634;"[[17  1  0  1  0  0]
 [ 1 28  1  0  0  0]
 [ 0  0 20  0  0  1]
 [ 0  0  0 36  0  0]
 [ 0  0  0  0 29  0]
 [ 0  1  0  0  0 26]]";0.6848428835489834;0.65024703773014;"[[ 42  37  26  31  18  10]
 [ 15 243  93  26   9   9]
 [  2  59 277  77   5  15]
 [  2  18  47 381  12   9]
 [  4  13   6  41 296  20]
 [  2  13  20  18  25 243]]";0.5974025974025974;0.5536169453305089;"[[ 11  15  14  20  14   6]
 [ 10  95  41  16   8   7]
 [  1  54  89  38  13   6]
 [  0   9  26 166   6   4]
 [  4  11   2  30 127   5]
 [  2  11  13   4  13 110]]";162;[19 30 21 36 29 27]
1022;CiteSeer;own;-1;0.2;64;0.5;1;0.005;1232306213;0.9642857142857143;0.962164029049275;"[[19  0  0  0  1  0]
 [ 1 29  1  0  0  0]
 [ 0  0 21  0  0  1]
 [ 0  0  0 37  1  0]
 [ 0  0  0  0 29  0]
 [ 0  1  0  0  0 27]]";0.7052826691380908;0.6650322461374572;"[[ 37  35  30  27  20  12]
 [ 10 258  86  18   9  12]
 [  2  61 307  55   7  11]
 [  1  20  50 369  15   7]
 [  2  17   7  35 300  20]
 [  2  13  20  10  22 251]]";0.6193806193806194;0.5713989607285209;"[[ 10  18  12  20  14   6]
 [  6 103  43  10   8   7]
 [  0  49 106  29  13   4]
 [  0   9  27 163   8   4]
 [  4   8   3  28 127   9]
 [  2  10  14   3  13 111]]";168;[20 31 22 38 29 28]
1023;CiteSeer;own;-1;0.2;64;0.5;1;0.005;1232306213;0.9655172413793104;0.9642282731537285;"[[21  1  0  0  0  0]
 [ 1 29  1  0  0  0]
 [ 0  0 22  0  0  1]
 [ 0  0  0 38  1  0]
 [ 0  0  0  0 30  0]
 [ 0  0  0  1  0 28]]";0.6937732342007435;0.6594936505871417;"[[ 44  27  27  34  18  10]
 [ 18 223 100  26  13  10]
 [  3  53 304  63   7  10]
 [  2  12  49 382  15   6]
 [  3   9   7  47 295  18]
 [  2  13  21  12  24 245]]";0.6073926073926074;0.5680578298071938;"[[ 14  12  12  24  12   6]
 [ 10  87  45  19  10   6]
 [  1  45 106  32  13   4]
 [  1   6  25 168   7   4]
 [  5   7   3  35 124   5]
 [  2  10  15   4  13 109]]";174;[22 31 23 39 30 29]
1024;CiteSeer;own;-1;0.2;64;0.5;1;0.005;1232306213;0.9777777777777777;0.9750452898550724;"[[22  0  0  0  0  0]
 [ 1 31  1  0  0  0]
 [ 0  0 23  0  0  1]
 [ 0  0  0 40  0  0]
 [ 0  0  0  0 31  0]
 [ 1  0  0  0  0 29]]";0.7068965517241379;0.6642410371323884;"[[ 38  35  24  28  18  12]
 [ 19 252  67  18  15  17]
 [  3  58 300  59   7  12]
 [  3  17  45 376  16   8]
 [  3  11   9  33 303  19]
 [  6  14  18  13  22 248]]";0.6213786213786214;0.5757348474425174;"[[ 12  14  11  20  17   6]
 [ 12 101  33  11  10  10]
 [  1  48 101  33  13   5]
 [  1   7  28 162   8   5]
 [  4   8   2  24 134   7]
 [  2   9  13   6  11 112]]";180;[22 33 24 40 31 30]
1025;CiteSeer;own;-1;0.2;64;0.5;1;0.005;1232306213;0.978494623655914;0.975925925925926;"[[23  0  0  0  0  0]
 [ 1 35  1  0  0  0]
 [ 0  0 23  0  0  1]
 [ 0  0  0 40  0  0]
 [ 0  0  0  0 32  0]
 [ 1  0  0  0  0 29]]";0.7275700934579439;0.6843885180507742;"[[ 37  47  15  28  17   9]
 [ 11 310  36  15   9   7]
 [  0  68 297  59   6   9]
 [  1  31  34 374  16   7]
 [  3  17   6  36 296  18]
 [  5  19  21  14  19 243]]";0.6373626373626373;0.5874314301454723;"[[ 10  19   9  21  16   5]
 [  9 126  20   9   8   5]
 [  0  52 100  33  12   4]
 [  0  17  24 160   6   4]
 [  3  13   3  22 132   6]
 [  2  11  14   5  11 110]]";186;[23 37 24 40 32 30]
1026;CiteSeer;own;-1;0.2;64;0.5;1;0.005;1232306213;0.9791666666666666;0.9764926582761251;"[[22  0  0  0  0  1]
 [ 1 37  1  0  0  0]
 [ 0  0 24  0  0  1]
 [ 0  0  0 41  0  0]
 [ 0  0  0  0 33  0]
 [ 0  0  0  0  0 31]]";0.732427366447985;0.6875589729307398;"[[ 36  51  11  24  20  11]
 [ 11 305  34  13   8   9]
 [  2  68 297  60   6  10]
 [  2  27  37 371  20   7]
 [  4  17   5  29 302  17]
 [  2  15  21  12  18 252]]";0.6463536463536463;0.5990539961256903;"[[ 12  20   9  18  15   6]
 [  8 129  18   6   9   7]
 [  2  47 101  34  12   5]
 [  1  19  24 157   6   4]
 [  4  12   3  18 136   6]
 [  1  10  14   5  11 112]]";192;[23 39 25 41 33 31]
1027;CiteSeer;own;-1;0.2;64;0.5;1;0.005;1232306213;0.9797979797979798;0.9783768115324619;"[[24  0  0  0  0  0]
 [ 1 38  1  0  0  0]
 [ 0  0 25  0  0  1]
 [ 0  0  0 42  0  0]
 [ 0  0  0  0 33  0]
 [ 0  0  0  0  1 32]]";0.7265037593984962;0.6823839326442203;"[[ 35  52  10  27  17  10]
 [ 10 305  33  14   8   9]
 [  0  68 296  65   5   9]
 [  2  28  34 373  16   8]
 [  2  16   4  44 288  18]
 [  2  14  21  16  20 249]]";0.6343656343656343;0.5891171476636144;"[[ 12  25   5  20  14   4]
 [  9 129  17   9   8   5]
 [  1  50  95  38  12   5]
 [  1  17  23 160   6   4]
 [  5  15   2  24 129   4]
 [  2  11  14   5  11 110]]";198;[24 40 26 42 33 33]
1028;CiteSeer;own;-1;0.2;64;0.5;1;0.005;1232306213;0.9656862745098039;0.9637744847214001;"[[25  0  0  0  0  0]
 [ 1 39  1  0  0  0]
 [ 0  1 26  0  0  1]
 [ 0  0  0 43  0  0]
 [ 1  0  0  0 33  0]
 [ 0  1  0  0  1 31]]";0.7271442035815269;0.6808295129112706;"[[ 34  51  14  20  24  10]
 [  8 314  29  12  10   9]
 [  1  75 304  48   7   6]
 [  2  30  44 347  20   8]
 [  3  16   5  30 306  17]
 [  3  18  22   9  28 238]]";0.6453546453546454;0.5996861997469614;"[[ 12  22   6  19  16   5]
 [ 10 132  17   5  10   3]
 [  0  51 107  28  11   4]
 [  1  23  24 151   8   4]
 [  5  14   3  16 137   4]
 [  2  13  15   5  11 107]]";204;[25 41 28 43 34 33]
1029;CiteSeer;own;-1;0.2;64;0.5;1;0.005;1232306213;0.9666666666666667;0.9654005342164917;"[[25  0  0  0  0  0]
 [ 1 39  1  0  1  0]
 [ 0  0 28  0  0  1]
 [ 0  0  0 44  0  0]
 [ 1  0  0  0 35  1]
 [ 0  1  0  0  0 32]]";0.7263705103969754;0.6775113327732183;"[[ 33  34  18  30  23  12]
 [ 13 284  38  14  23  10]
 [  0  63 307  56   6   5]
 [  1  22  42 361  18   8]
 [  4   7   3  28 321  21]
 [  3  15  21  12  29 231]]";0.6513486513486514;0.6004657582224141;"[[ 11  18   8  21  17   5]
 [ 11 120  19   9  14   4]
 [  0  47 104  31  14   5]
 [  0  15  22 161   9   4]
 [  4   8   3  14 146   4]
 [  2  11  14   3  13 110]]";210;[25 42 29 44 37 33]
1030;CiteSeer;own;-1;0.2;64;0.5;1;0.005;1232306213;0.9537037037037037;0.952488658439437;"[[25  0  0  1  0  0]
 [ 2 40  1  0  1  0]
 [ 0  0 29  0  0  1]
 [ 0  0  0 43  1  0]
 [ 1  0  0  0 36  1]
 [ 0  1  0  0  0 33]]";0.737914691943128;0.6896170633956474;"[[ 35  41  15  21  23  11]
 [ 11 308  29  11  15   9]
 [  3  68 310  38  10   7]
 [  2  30  43 348  22   6]
 [  3  12   4  14 331  19]
 [  3  17  22  10  34 225]]";0.6523476523476524;0.6015902928626421;"[[ 11  19   8  18  19   5]
 [ 11 127  18   5  10   6]
 [  0  47 109  25  15   5]
 [  1  21  22 150  13   4]
 [  3  10   3  10 148   5]
 [  2  11  14   3  15 108]]";216;[26 44 30 44 38 34]
1031;CiteSeer;own;-1;0.2;64;0.5;1;0.005;1232306213;0.9414414414414415;0.9396098320047187;"[[26  0  0  2  0  0]
 [ 2 40  1  0  1  0]
 [ 0  0 29  0  0  1]
 [ 0  0  1 43  1  0]
 [ 1  0  0  0 37  1]
 [ 0  1  1  0  0 34]]";0.7409695817490495;0.6951765844886144;"[[ 38  35  18  26  18  12]
 [ 15 303  34  11   9  10]
 [  3  56 311  49   6   9]
 [  6  26  40 353  16   7]
 [  5  13   4  21 318  22]
 [  3  13  23  12  23 236]]";0.6693306693306693;0.6225728978472004;"[[ 14  16  10  22  12   6]
 [ 14 125  21   5   6   6]
 [  1  41 114  27  12   6]
 [  1  16  20 161   9   4]
 [  4  11   3  12 144   5]
 [  2  10  15   2  12 112]]";222;[28 44 30 45 39 36]
1032;CiteSeer;own;-1;0.2;64;0.5;1;0.005;1232306213;0.9649122807017544;0.9640098998387958;"[[28  1  0  0  1  0]
 [ 1 42  1  0  0  1]
 [ 0  0 30  0  0  1]
 [ 0  0  0 44  1  0]
 [ 0  0  0  0 40  1]
 [ 0  0  0  0  0 36]]";0.7354623450905624;0.684255283405939;"[[ 33  36  15  22  27  17]
 [ 14 287  40  11  16  10]
 [  3  53 316  41  10  13]
 [  6  31  43 340  21   8]
 [  3  11   3  11 334  17]
 [  3   6  21  10  33 233]]";0.6603396603396603;0.611261089938563;"[[ 12  18   8  19  18   5]
 [ 10 123  24   4  13   3]
 [  1  37 112  26  16   9]
 [  2  21  21 151  12   4]
 [  4   9   3  11 150   2]
 [  2   8  14   2  14 113]]";228;[30 45 31 45 41 36]
1033;CiteSeer;own;-1;0.2;64;0.5;1;0.005;1232306213;0.9743589743589743;0.9732423043770327;"[[30  0  0  0  0  0]
 [ 1 43  1  0  0  1]
 [ 0  0 31  0  0  1]
 [ 0  0  0 46  0  0]
 [ 0  0  0  0 41  0]
 [ 1  0  0  0  1 37]]";0.7337476099426387;0.6881918368984016;"[[ 39  39  14  24  18  13]
 [ 23 277  42  13  12   8]
 [  8  44 316  51   8  11]
 [ 10  26  40 346  16  10]
 [  5  11   3  19 327  13]
 [  5   7  22  18  24 230]]";0.6593406593406593;0.612734820583667;"[[ 13  18   8  22  16   3]
 [ 14 117  25   6  12   3]
 [  3  31 117  29  13   8]
 [  4  19  20 158   6   4]
 [  7  10   3  13 145   1]
 [  3   9  15   5  11 110]]";234;[30 46 32 46 41 39]
1034;CiteSeer;own;-1;0.2;64;0.5;1;0.005;1232306213;0.9708333333333333;0.9695590032348423;"[[29  1  0  0  0  0]
 [ 1 44  1  0  0  0]
 [ 0  0 32  0  0  1]
 [ 0  0  0 47  0  0]
 [ 1  1  0  0 41  0]
 [ 0  0  0  0  1 40]]";0.7459252157238735;0.6973546262580838;"[[ 36  44  14  18  23  12]
 [ 11 294  40  10  12   8]
 [  6  44 321  44   8  14]
 [  5  30  42 339  16  11]
 [  3  10   3  14 338  11]
 [  3   8  25  13  28 228]]";0.6623376623376623;0.6173254374641896;"[[ 14  21   8  17  17   3]
 [  9 121  27   6  10   4]
 [  1  32 121  27  12   8]
 [  2  22  20 153  10   4]
 [  5  11   3  11 146   3]
 [  3  10  16   4  12 108]]";240;[30 46 33 47 43 41]
1035;CiteSeer;own;-1;0.2;64;0.5;1;0.005;1232306213;0.9715447154471545;0.9706605728695491;"[[30  1  0  0  0  0]
 [ 1 44  2  0  0  0]
 [ 0  0 33  0  0  1]
 [ 0  0  0 48  0  0]
 [ 0  1  0  0 43  0]
 [ 0  0  0  0  1 41]]";0.7389423076923077;0.6895848859946506;"[[ 35  44  12  20  23  12]
 [ 17 283  39  10  18   9]
 [  7  45 317  47   8  13]
 [  6  29  40 338  17  10]
 [  3   8   3  15 334  14]
 [  3   7  22  14  28 230]]";0.6613386613386614;0.6152412966363949;"[[ 14  21   6  19  17   3]
 [ 12 115  25   7  13   5]
 [  1  31 117  30  13   9]
 [  2  20  19 156  10   4]
 [  6   7   3  11 149   3]
 [  3   8  14   4  13 111]]";246;[31 47 34 48 44 42]
1036;CiteSeer;own;-1;0.2;64;0.5;1;0.005;1232306213;0.9761904761904762;0.9750676245504662;"[[32  0  0  0  0  0]
 [ 3 44  1  0  1  0]
 [ 0  0 34  0  0  1]
 [ 0  0  0 48  0  0]
 [ 0  0  0  0 45  0]
 [ 0  0  0  0  0 43]]";0.7377049180327869;0.6955609304057574;"[[ 44  37  16  13  23  13]
 [ 24 268  38  11  20  12]
 [  7  45 324  42   8  15]
 [ 11  27  41 327  17  14]
 [  4   4   4  15 331  16]
 [  3   5  22  11  26 236]]";0.6543456543456544;0.6085242230688699;"[[ 14  20   6  14  18   8]
 [ 19 110  26   4  12   6]
 [  4  30 119  26  13   9]
 [  7  17  24 149   9   5]
 [  5   7   3  11 150   3]
 [  3   8  14   3  12 113]]";252;[32 49 35 48 45 43]
1037;CiteSeer;own;-1;0.2;64;0.5;1;0.005;1232306213;0.9728682170542635;0.9723159394795197;"[[32  0  0  0  0  0]
 [ 3 46  1  0  1  0]
 [ 0  0 35  0  0  1]
 [ 0  1  0 49  0  0]
 [ 0  0  0  0 45  0]
 [ 0  0  0  0  0 44]]";0.7437137330754352;0.7028995870975426;"[[ 43  47  12  12  15  14]
 [ 13 302  35   8   9   7]
 [  6  61 324  36   6  13]
 [ 13  39  36 315  16  11]
 [  2  14   3  13 325  14]
 [  3  10  23  11  28 229]]";0.6673326673326674;0.6247571757500651;"[[ 15  24   7  11  17   6]
 [  9 129  25   4   4   6]
 [  1  42 119  21  13   5]
 [  4  25  21 150   6   5]
 [  3  15   3  11 146   1]
 [  3  10  15   4  12 109]]";258;[32 51 36 50 45 44]
1038;CiteSeer;own;-1;0.2;64;0.5;1;0.005;1232306213;0.9621212121212122;0.9612900926302603;"[[32  0  0  0  0  1]
 [ 2 49  1  0  1  0]
 [ 0  0 36  0  0  1]
 [ 1  1  1 49  0  0]
 [ 0  0  0  0 44  1]
 [ 0  0  0  0  0 44]]";0.7453928225024248;0.703448342423107;"[[ 44  44  15  12  15  14]
 [ 15 283  44   5   9  16]
 [  7  49 339  28   8  14]
 [ 14  27  45 313  13  16]
 [  4  11   3  11 327  17]
 [  3   5  27   7  27 231]]";0.6663336663336663;0.6222418864981923;"[[ 15  21   9  12  16   7]
 [  9 122  29   4   4   9]
 [  1  33 131  17  11   8]
 [  6  21  26 144   9   5]
 [  5  11   3  11 145   4]
 [  3   8  16   4  12 110]]";264;[33 53 37 52 45 44]
1039;CiteSeer;own;-1;0.2;64;0.5;1;0.005;1232306213;0.9703703703703703;0.968968273709061;"[[31  1  0  0  0  1]
 [ 1 51  1  0  1  0]
 [ 0  0 37  0  0  1]
 [ 0  1  0 52  0  0]
 [ 1  0  0  0 46  0]
 [ 0  0  0  0  0 45]]";0.7456225680933852;0.6986974678894757;"[[ 39  43  11  17  19  13]
 [ 13 283  37  11  17   9]
 [  7  51 331  35   8  12]
 [ 11  32  31 326  14  14]
 [  2   8   2  13 336  12]
 [  3   6  22  14  36 218]]";0.6763236763236763;0.6261684268633857;"[[ 13  18   8  17  18   6]
 [  7 126  26   4   7   7]
 [  1  33 128  20  12   7]
 [  5  21  20 153   7   5]
 [  5   8   3  11 150   2]
 [  3   9  15   5  14 107]]";270;[33 54 38 53 47 45]
1040;CiteSeer;own;-1;0.2;64;0.5;1;0.005;1232306213;0.9637681159420289;0.9627508573768121;"[[32  0  0  0  0  1]
 [ 1 52  1  0  1  0]
 [ 0  0 38  0  0  1]
 [ 0  1  0 52  1  0]
 [ 2  0  0  0 46  0]
 [ 0  0  0  0  1 46]]";0.7463414634146341;0.7017988016295488;"[[ 41  41  11  16  19  14]
 [ 15 291  37   5  15  10]
 [  7  53 330  27   9  13]
 [ 12  35  37 318  13  12]
 [  1  10   2  14 328  17]
 [  2  10  19  11  33 222]]";0.6753246753246753;0.625897566302844;"[[ 13  20   7  15  19   6]
 [  9 127  24   3   8   6]
 [  1  32 129  20  11   8]
 [  5  22  23 149   7   5]
 [  4  10   3  10 149   3]
 [  3  11  14   5  11 109]]";276;[33 55 39 54 48 47]
1041;CiteSeer;own;-1;0.2;64;0.5;1;0.005;1232306213;0.9609929078014184;0.9596226060261165;"[[32  1  0  0  0  0]
 [ 3 51  2  0  1  0]
 [ 0  0 38  0  0  1]
 [ 0  1  0 55  0  0]
 [ 1  0  0  0 48  0]
 [ 0  0  0  1  0 47]]";0.7504892367906066;0.705911375153475;"[[ 40  43  12  19  14  12]
 [ 17 292  39  10  10   6]
 [  8  45 339  33   6   7]
 [ 10  37  35 324  13   7]
 [  1  15   2  16 319  16]
 [  3  10  25  16  23 220]]";0.6853146853146853;0.6362472659329685;"[[ 13  22   7  16  18   4]
 [  9 127  25   3   8   5]
 [  1  30 135  20  11   4]
 [  4  23  19 155   6   4]
 [  5  14   3  11 145   1]
 [  3  10  14   5  10 111]]";282;[33 57 39 56 49 48]
1042;CiteSeer;own;-1;0.2;64;0.5;1;0.005;1232306213;0.9583333333333334;0.957193590431813;"[[32  1  0  1  0  1]
 [ 1 53  2  0  1  0]
 [ 0  0 39  0  0  1]
 [ 0  2  0 55  1  0]
 [ 1  0  0  0 48  0]
 [ 0  0  0  0  0 49]]";0.7482826300294406;0.7051315646124978;"[[ 44  40  12  18  14  14]
 [ 21 271  39   9  16  10]
 [  7  43 343  26   9  12]
 [ 15  31  36 318  16  12]
 [  4  11   2  12 323  15]
 [  3   5  23  13  25 226]]";0.6763236763236763;0.6305039032345586;"[[ 15  19   8  14  18   6]
 [ 14 120  25   2   9   7]
 [  1  30 133  16  13   8]
 [  8  18  22 150   7   6]
 [  6  12   3  11 146   1]
 [  3   7  16   3  11 113]]";288;[35 57 40 58 49 49]
1043;CiteSeer;own;-1;0.2;64;0.5;1;0.005;1232306213;0.95578231292517;0.9554833034291423;"[[34  2  0  1  1  0]
 [ 1 54  1  0  1  1]
 [ 0  0 39  1  0  1]
 [ 0  2  0 55  1  0]
 [ 0  0  0  0 50  0]
 [ 0  0  0  0  0 49]]";0.7524606299212598;0.7136114298783722;"[[ 48  44  12  14  14  11]
 [ 17 281  34   8  18   6]
 [  7  52 334  29  10   8]
 [ 15  34  29 326  15   7]
 [  2  12   2  15 324  12]
 [  3   9  27  11  26 216]]";0.6753246753246753;0.6377533319536387;"[[ 19  20   7  11  19   4]
 [ 12 125  25   2   8   5]
 [  1  34 129  19  13   5]
 [ 10  21  21 148   7   4]
 [  6  13   3  11 146   0]
 [  3  10  15   4  12 109]]";294;[38 58 41 58 50 49]
1044;CiteSeer;own;-1;0.2;64;0.5;1;0.005;1232306213;0.9633333333333334;0.9632117458981391;"[[38  0  0  0  1  0]
 [ 2 54  1  0  1  1]
 [ 0  0 40  1  0  1]
 [ 0  1  1 56  0  0]
 [ 0  0  0  0 50  0]
 [ 0  1  0  0  0 51]]";0.7581441263573544;0.7213633910541962;"[[ 52  42   9  10  14  13]
 [ 24 276  34  10  16   5]
 [  7  50 331  34   4  13]
 [ 16  27  32 331  13   7]
 [  7   9   2  16 319  13]
 [  4   8  19  15  17 227]]";0.6793206793206793;0.646646925997345;"[[ 24  18   6   9  19   4]
 [ 16 121  21   3  10   6]
 [  3  29 129  20  13   7]
 [ 10  17  20 153   7   4]
 [  5  10   3  15 143   3]
 [  3  10  15   5  10 110]]";300;[39 59 42 58 50 52]
1045;CiteSeer;own;-1;0.2;64;0.5;1;0.005;1232306213;0.9705882352941176;0.9710383028097143;"[[39  0  0  0  0  0]
 [ 2 54  1  0  1  1]
 [ 0  0 45  0  0  1]
 [ 0  1  1 56  0  0]
 [ 0  1  0  0 51  0]
 [ 0  0  0  0  0 52]]";0.7465346534653465;0.7123521246286485;"[[ 53  41  15   7  13  11]
 [ 23 275  39  10  10   6]
 [  4  48 346  27   3   9]
 [ 17  38  48 303  11   8]
 [  8  14   3  11 313  16]
 [  7   7  31  10  17 218]]";0.6763236763236763;0.6432677182001217;"[[ 22  18   9  11  17   3]
 [  9 126  25   3   9   5]
 [  1  29 138  18  10   5]
 [  9  22  27 143   6   4]
 [  9  11   3  14 138   4]
 [  5   9  15   4  10 110]]";306;[39 59 46 58 52 52]
1046;CiteSeer;own;-1;0.2;64;0.5;1;0.005;1232306213;0.967948717948718;0.9680415215694343;"[[39  0  0  0  0  0]
 [ 2 56  1  0  1  1]
 [ 0  0 45  0  0  1]
 [ 0  1  1 57  0  0]
 [ 0  1  0  0 52  0]
 [ 1  0  0  0  0 53]]";0.7601787487586892;0.724670809947401;"[[ 51  42  10  11  14  11]
 [ 22 280  35  12  10   7]
 [  2  45 331  38   4  11]
 [ 10  32  37 321  15   9]
 [  7  10   2  13 320  12]
 [  5   7  23  12  15 228]]";0.6743256743256744;0.6397291805102764;"[[ 21  18   5  11  19   6]
 [ 13 124  23   4   8   5]
 [  1  33 130  21  10   6]
 [  8  21  26 145   7   4]
 [  7  11   3  12 143   3]
 [  3   8  15   5  10 112]]";312;[39 61 46 59 53 54]
1047;CiteSeer;own;-1;0.2;64;0.5;1;0.005;1232306213;0.9716981132075472;0.9724164593428167;"[[40  0  0  0  0  0]
 [ 1 58  1  0  1  1]
 [ 0  0 46  0  0  2]
 [ 0  1  1 57  0  0]
 [ 0  1  0  0 53  0]
 [ 0  0  0  0  0 55]]";0.7564741035856574;0.7240562720296255;"[[ 52  44   9  10  12  11]
 [ 15 300  29   7   9   9]
 [  3  59 320  31   4  12]
 [ 14  37  35 311  13   9]
 [  3  18   2  16 310  14]
 [  3  11  22  10  18 226]]";0.6593406593406593;0.6298436927745904;"[[ 23  21   5   9  18   4]
 [ 14 126  23   4   6   4]
 [  1  43 122  19  10   6]
 [  9  22  26 139   7   8]
 [  6  13   3  13 141   3]
 [  4  10  14   4  12 109]]";318;[40 62 48 59 54 55]
1048;CiteSeer;own;-1;0.2;64;0.5;1;0.005;1232306213;0.9722222222222222;0.9721097434152949;"[[40  0  0  0  1  0]
 [ 2 59  1  0  1  0]
 [ 0  0 48  0  0  1]
 [ 0  1  1 58  0  0]
 [ 0  1  0  0 55  0]
 [ 0  0  0  0  0 55]]";0.7582417582417582;0.724934523669701;"[[ 53  42   9   8  15  11]
 [ 21 287  32   6  13   8]
 [  3  55 326  31   5   9]
 [ 14  34  37 309  14   9]
 [  7  11   2  13 316  12]
 [  2  13  21   8  19 227]]";0.6643356643356644;0.633748259939205;"[[ 23  19   5   9  20   4]
 [ 17 124  23   2   7   4]
 [  1  41 123  18  12   6]
 [ 10  20  27 139   7   8]
 [  6  11   3  13 143   3]
 [  4   7  15   3  11 113]]";324;[41 63 49 60 56 55]
1049;CiteSeer;own;-1;0.2;64;0.5;1;0.005;1232306213;0.9727272727272728;0.9731124839809354;"[[41  0  0  0  0  0]
 [ 1 61  2  0  1  0]
 [ 0  0 48  0  0  1]
 [ 1  1  0 60  0  0]
 [ 0  1  0  0 56  1]
 [ 0  0  0  0  0 55]]";0.7620240480961924;0.7265342230952636;"[[ 49  44   6  11  13  12]
 [ 15 300  25  10  10   9]
 [  4  59 315  34   5   8]
 [ 13  34  31 316  12  10]
 [  7  14   2  15 310  12]
 [  3  10  21  12  14 231]]";0.6663336663336663;0.6376197628033919;"[[ 24  20   2  13  17   4]
 [ 13 131  19   2   6   6]
 [  1  48 114  22  12   4]
 [  8  23  23 144   5   8]
 [  5  12   3  14 141   4]
 [  4   8  13   5  10 113]]";330;[41 65 49 62 58 55]
1050;CiteSeer;own;-1;0.2;64;0.5;1;0.005;1232306213;0.9672619047619048;0.9674146062594312;"[[42  0  0  0  0  0]
 [ 2 60  2  0  1  0]
 [ 0  1 49  0  0  1]
 [ 1  1  0 61  0  0]
 [ 0  1  0  0 57  1]
 [ 0  0  0  0  0 56]]";0.7552763819095477;0.7206624846293712;"[[ 48  44   7  11  14   9]
 [ 16 290  30  11  11   5]
 [  3  56 317  38   7   5]
 [ 12  37  36 310  15   8]
 [  6  12   2  14 318   7]
 [  3  13  23  13  19 220]]";0.6623376623376623;0.6292746469200855;"[[ 21  19   5  13  17   5]
 [ 13 130  21   2   7   4]
 [  1  46 117  22  12   3]
 [  7  24  22 144   6   8]
 [  5  11   3  13 144   3]
 [  4   9  16   4  13 107]]";336;[42 65 51 63 59 56]
1051;CiteSeer;own;-1;0.2;64;0.5;1;0.005;1232306213;0.9736842105263158;0.9740612481681624;"[[43  0  0  0  0  0]
 [ 1 63  1  0  1  0]
 [ 0  1 50  0  0  1]
 [ 1  1  0 62  0  0]
 [ 0  1  0  0 58  1]
 [ 0  0  0  0  0 57]]";0.7540322580645161;0.7176573106721228;"[[ 45  45   8   9  12  13]
 [ 15 292  30   9  10   6]
 [  6  63 313  31   5   7]
 [ 12  44  35 305  12   9]
 [  5  14   2  12 312  13]
 [  2  11  24  12  12 229]]";0.6603396603396603;0.6281972109244994;"[[ 21  18   6  11  18   6]
 [ 13 134  17   1   8   4]
 [  2  48 114  21  12   4]
 [  7  25  29 137   5   8]
 [  5  12   3  13 143   3]
 [  4   8  16   3  10 112]]";342;[43 66 52 64 60 57]
1052;CiteSeer;own;-1;0.2;64;0.5;1;0.005;1232306213;0.9655172413793104;0.9654864215470277;"[[42  1  0  0  0  0]
 [ 1 64  1  0  1  0]
 [ 0  1 51  0  0  1]
 [ 2  1  0 63  0  1]
 [ 0  1  0  0 59  1]
 [ 0  0  0  0  0 57]]";0.7492416582406471;0.7135562811574458;"[[ 45  45   8  12  11  11]
 [ 13 288  34   9  10   6]
 [  6  61 315  32   5   6]
 [ 12  43  35 305  11   7]
 [  5  15   2  16 309  10]
 [  3  14  26  13  15 220]]";0.6673326673326674;0.638524104600451;"[[ 23  18   7  12  16   4]
 [  9 135  19   4   7   3]
 [  2  45 119  20  12   3]
 [  7  25  28 138   6   7]
 [  5  12   3  13 143   3]
 [  4   9  16   3  11 110]]";348;[43 67 53 67 61 57]
1053;CiteSeer;own;-1;0.2;64;0.5;1;0.005;1232306213;0.96045197740113;0.9603864586548694;"[[42  1  0  0  0  0]
 [ 2 65  1  0  1  0]
 [ 0  1 52  0  0  1]
 [ 2  1  0 64  1  1]
 [ 0  1  0  0 60  1]
 [ 0  0  0  0  0 57]]";0.7591277890466531;0.7178087046138352;"[[ 40  44   6  15  14   9]
 [ 13 303  22   9  10   5]
 [  5  64 309  36   7   3]
 [ 12  41  24 312  14   6]
 [  3  14   2  16 312  10]
 [  3  15  21  12  20 221]]";0.6763236763236763;0.6410815173055796;"[[ 20  19   4  17  16   4]
 [  6 144  15   3   7   2]
 [  1  53 109  23  12   3]
 [  7  22  19 149   7   7]
 [  5  12   3  13 143   3]
 [  3   8  15   4  11 112]]";354;[43 69 54 69 62 57]
1054;CiteSeer;own;-1;0.2;64;0.5;1;0.005;1232306213;0.9555555555555556;0.9550354991737167;"[[42  0  1  0  1  0]
 [ 1 67  1  0  1  0]
 [ 0  1 52  0  0  1]
 [ 1  1  0 67  1  0]
 [ 1  1  0  0 61  1]
 [ 0  0  0  2  1 55]]";0.754323499491353;0.7099427776892192;"[[ 38  42   7  16  12  12]
 [ 15 285  33  10  11   6]
 [  4  54 317  36   5   7]
 [ 12  31  30 318  11   6]
 [  6  14   2  19 307  11]
 [  5  11  22  15  18 218]]";0.6683316683316683;0.6291460236350979;"[[ 17  18   4  19  17   5]
 [ 12 131  22   3   6   3]
 [  2  43 120  22  12   2]
 [  7  21  22 148   7   6]
 [  5  11   5  13 143   2]
 [  4   8  17   5   9 110]]";360;[44 70 54 70 64 58]
1055;CiteSeer;own;-1;0.2;64;0.5;1;0.005;1232306213;0.9590163934426229;0.9589375578298883;"[[43  0  1  0  0  0]
 [ 1 67  1  0  1  0]
 [ 0  0 52  2  0  1]
 [ 1  2  0 67  1  0]
 [ 0  1  0  0 63  1]
 [ 1  0  0  1  0 59]]";0.763265306122449;0.7147546393864888;"[[ 35  42   5  17  13  15]
 [ 16 291  23  11  11   7]
 [  6  53 308  36   5  14]
 [  6  31  22 322  13  13]
 [  2  15   2  13 313  13]
 [  3   9  18  13  17 227]]";0.6753246753246753;0.6323107083507512;"[[ 16  18   3  19  18   6]
 [ 11 133  18   4   6   5]
 [  2  44 115  21  13   6]
 [  4  20  23 149   7   8]
 [  3  11   2  13 146   4]
 [  3   6  13   5   9 117]]";366;[44 70 55 71 65 61]
1056;CiteSeer;own;-1;0.2;64;0.5;1;0.005;1232306213;0.967741935483871;0.9676545148314027;"[[44  0  1  0  0  0]
 [ 1 68  1  0  1  0]
 [ 0  0 54  1  0  1]
 [ 1  1  1 69  1  0]
 [ 0  1  0  0 64  1]
 [ 0  0  0  0  0 61]]";0.7569089048106449;0.708536080900231;"[[ 32  42   7  16  17  12]
 [ 15 290  28   8  11   5]
 [  3  61 315  31   7   6]
 [  8  39  34 305  13   6]
 [  0  19   2  12 316   8]
 [  2  12  20  13  18 221]]";0.6683316683316683;0.6279750124393619;"[[ 16  22   4  15  19   4]
 [  7 133  20   5   8   4]
 [  1  47 115  22  12   4]
 [  6  22  26 143   7   7]
 [  2  11   2  13 148   3]
 [  3   6  16   4  10 114]]";372;[45 71 56 73 66 61]
1057;CiteSeer;own;-1;0.2;64;0.5;1;0.005;1232306213;0.9682539682539683;0.9683582946307489;"[[45  0  0  0  0  0]
 [ 1 69  1  0  1  0]
 [ 1  1 53  1  0  1]
 [ 0  1  1 71  1  0]
 [ 0  1  0  0 65  1]
 [ 0  0  0  0  0 63]]";0.7566735112936345;0.7117634905091096;"[[ 37  39   7  12  15  15]
 [ 17 289  26  10  10   6]
 [  5  60 310  33   5   7]
 [ 10  38  24 310  12  11]
 [  3  15   2  16 308  12]
 [  2  11  18  11  22 220]]";0.6743256743256744;0.6377787861448717;"[[ 19  18   4  15  17   7]
 [  8 132  17   7   8   5]
 [  2  46 114  24  12   3]
 [  5  22  23 147   7   7]
 [  2  11   2  13 148   3]
 [  3   6  14   5  10 115]]";378;[45 72 57 74 67 63]
1058;CiteSeer;own;-1;0.2;64;0.5;1;0.005;1232306213;0.9661458333333334;0.9671132376212003;"[[46  0  0  0  0  0]
 [ 1 70  2  0  1  0]
 [ 0  0 55  1  0  1]
 [ 1  2  0 70  1  1]
 [ 0  1  0  0 67  0]
 [ 0  0  0  0  1 63]]";0.761071060762101;0.7140416575944725;"[[ 34  41   8   9  16  16]
 [ 14 300  21   7  10   6]
 [  4  63 306  29   9   6]
 [  8  40  30 303  11  13]
 [  1  20   2  12 315   5]
 [  1  12  14   9  27 220]]";0.6663336663336663;0.6283479543569941;"[[ 18  20   3  12  20   7]
 [ 10 132  20   1   9   5]
 [  2  47 114  22  13   3]
 [  6  24  25 142   6   8]
 [  2  11   1  13 148   4]
 [  3   7  15   4  11 113]]";384;[46 74 57 75 68 64]
1059;CiteSeer;own;-1;0.2;64;0.5;1;0.005;1232306213;0.9666666666666667;0.9671346197508855;"[[46  0  0  0  0  0]
 [ 1 71  1  0  1  0]
 [ 0  1 56  1  0  1]
 [ 2  1  0 72  2  0]
 [ 0  1  0  0 69  0]
 [ 0  0  0  0  1 63]]";0.7618801652892562;0.7096112190357543;"[[ 30  42   6  16  15  14]
 [ 17 294  18  11  10   6]
 [  3  58 307  33   9   6]
 [  8  36  27 316  11   8]
 [  1  19   2  15 312   6]
 [  2  10  14  13  25 216]]";0.6633366633366633;0.624369051358418;"[[ 17  18   3  18  19   5]
 [  7 130  21   7   7   5]
 [  2  49 110  25  12   3]
 [  4  21  22 150   7   7]
 [  2  11   2  14 145   5]
 [  3   7  13   6  12 112]]";390;[46 74 59 77 70 64]
1060;CiteSeer;own;-1;0.2;64;0.5;1;0.005;1232306213;0.9570707070707071;0.9561161837090628;"[[46  1  0  0  0  0]
 [ 3 70  1  0  1  0]
 [ 1  0 57  1  1  1]
 [ 2  1  0 73  1  0]
 [ 0  1  0  1 69  0]
 [ 0  0  0  0  1 64]]";0.7569948186528498;0.708836830353231;"[[ 32  42   5  13  14  16]
 [ 13 296  19   9  11   7]
 [  3  65 299  32   8   8]
 [  9  39  32 303  11  11]
 [  1  21   2  13 312   6]
 [  2  10  12  11  24 219]]";0.6683316683316683;0.6286277684371911;"[[ 17  18   3  17  20   5]
 [  4 137  18   5   7   6]
 [  2  48 111  24  12   4]
 [  6  23  24 144   7   7]
 [  2  11   1  13 147   5]
 [  3   7  13   5  12 113]]";396;[47 75 61 77 71 65]
1061;CiteSeer;own;-1;0.2;64;0.5;1;0.005;1232306213;0.9676616915422885;0.9678947964548229;"[[47  0  0  0  0  0]
 [ 2 72  1  0  1  0]
 [ 0  0 60  1  0  2]
 [ 1  1  0 75  1  0]
 [ 0  1  0  1 69  1]
 [ 0  0  0  0  0 66]]";0.7603950103950103;0.7080846070324555;"[[ 29  37   7  19  13  17]
 [ 11 287  29   9  11   6]
 [  3  56 313  31   4   8]
 [  7  35  32 308  10  11]
 [  1  19   2  15 307  10]
 [  2  10  15  10  21 219]]";0.6693306693306693;0.6317018496368431;"[[ 18  18   3  18  18   5]
 [  8 128  22   5  10   4]
 [  1  45 118  21  12   4]
 [  5  19  27 146   7   7]
 [  2  10   2  13 146   6]
 [  3   7  13   5  11 114]]";402;[47 76 63 78 72 66]
1062;CiteSeer;own;-1;0.2;64;0.5;1;0.005;1232306213;0.9632352941176471;0.9632533722008296;"[[46  0  0  1  0  0]
 [ 1 73  1  0  1  0]
 [ 1  1 60  1  0  2]
 [ 0  1  1 77  1  0]
 [ 0  1  0  0 71  1]
 [ 0  0  0  1  0 66]]";0.7653806047966631;0.7147180241109724;"[[ 30  37   6  19  16  12]
 [ 14 290  21  10  13   5]
 [  3  61 304  30   8   6]
 [  4  37  29 314  13   7]
 [  0  17   2  13 313   8]
 [  2  10  13  11  23 217]]";0.6773226773226774;0.6372743438243195;"[[ 17  18   3  18  19   5]
 [  6 132  20   7   9   3]
 [  2  46 117  20  12   4]
 [  3  20  25 149   8   6]
 [  2   9   2  13 150   3]
 [  3   7  12   6  12 113]]";408;[47 76 65 80 73 67]
1063;CiteSeer;own;-1;0.2;64;0.5;1;0.005;1232306213;0.9589371980676329;0.9578263382712561;"[[46  1  0  2  0  0]
 [ 2 73  1  0  1  0]
 [ 1  0 61  2  0  1]
 [ 0  1  1 79  1  0]
 [ 0  1  1  0 71  0]
 [ 0  0  1  0  0 67]]";0.7635983263598326;0.7127858522477538;"[[ 30  37   8  20  13  10]
 [ 18 284  23  11  10   5]
 [  3  54 305  35   7   6]
 [  4  34  30 318  11   7]
 [  0  18   5  13 309   9]
 [  3  11  17  10  20 214]]";0.6783216783216783;0.6397141857096115;"[[ 18  18   4  18  19   3]
 [ 10 129  19   8   8   3]
 [  3  45 118  21  10   4]
 [  3  19  24 152   7   6]
 [  2  10   2  13 149   3]
 [  3   7  13   5  12 113]]";414;[49 77 65 82 73 68]
1064;CiteSeer;own;-1;0.2;64;0.5;1;0.005;1232306213;0.9642857142857143;0.9626370017434965;"[[45  1  1  2  0  0]
 [ 2 75  1  0  2  0]
 [ 0  0 64  1  0  1]
 [ 0  0  0 82  1  0]
 [ 0  1  1  0 71  0]
 [ 0  0  1  0  0 68]]";0.7623294858342078;0.7086592117424003;"[[ 26  37  13  15  14  12]
 [  9 287  29   9  12   6]
 [  2  54 313  30   6   5]
 [  3  40  36 307   9   8]
 [  1  20   5  10 306   9]
 [  1  11  17  10  20 214]]";0.6813186813186813;0.6395414652860428;"[[ 16  19   5  16  20   4]
 [  3 136  20   5   8   5]
 [  1  44 122  21  11   2]
 [  3  20  27 145   9   7]
 [  2  10   2  11 149   5]
 [  3   7  13   5  11 114]]";420;[49 80 66 83 73 69]
1065;CiteSeer;own;-1;0.2;64;0.5;1;0.005;1751207849;0.0;0.0;[[]];0.1517626827171109;0.08105092213433374;"[[  1   0  18  21  11 133]
 [  1   6  33  23  12 338]
 [  2   9  26  21   8 401]
 [  0   7  17  23  21 422]
 [  1   7  14  17   9 369]
 [  7  12  15  14  19 288]]";0.15384615384615385;0.08277124084920202;"[[  0   1   8   5   4  62]
 [  2   1  14  17   6 137]
 [  1   3  18  13   2 164]
 [  0   5  10  11   5 180]
 [  1   3   4  10   2 159]
 [  3   5   7   9   7 122]]";0;[]
1066;CiteSeer;own;-1;0.2;64;0.5;1;0.005;1751207849;1.0;1.0;"[[2 0]
 [0 4]]";0.2185344827586207;0.06195719602977667;"[[  0   0   0 177   0   0]
 [  0   3   0 410   0   0]
 [  0   0   0 467   0   0]
 [  0   0   0 504   0   0]
 [  0   0   0 407   0   0]
 [  0   0   0 352   0   0]]";0.21078921078921078;0.05803080308030803;"[[  0   0   0  80   0   0]
 [  0   0   0 177   0   0]
 [  0   0   0 201   0   0]
 [  0   0   0 211   0   0]
 [  0   0   0 179   0   0]
 [  0   0   0 153   0   0]]";6;[0 2 0 4]
1067;CiteSeer;own;-1;0.2;64;0.5;1;0.005;1751207849;0.5833333333333334;0.30476190476190473;"[[0 1 2 0 0]
 [0 3 0 0 0]
 [0 0 4 0 0]
 [0 0 1 0 0]
 [0 0 1 0 0]]";0.21521175453759722;0.06250435872289418;"[[  0   1   0 186   0   0]
 [  0   5   0 425   0   0]
 [  0   0   0 466   0   0]
 [  0   0   0 493   0   0]
 [  0   0   0 406   0   0]
 [  0   1   0 331   0   0]]";0.2137862137862138;0.06374781993584819;"[[  0   0   0  80   0   0]
 [  0   3   0 174   0   0]
 [  0   0   0 201   0   0]
 [  0   0   0 211   0   0]
 [  0   0   0 179   0   0]
 [  0   1   0 152   0   0]]";12;[3 3 0 4 1 1]
1068;CiteSeer;own;-1;0.2;64;0.5;1;0.005;1751207849;0.4444444444444444;0.26;"[[0 2 2 0 0]
 [0 4 0 0 0]
 [0 0 4 0 0]
 [0 1 0 0 0]
 [0 5 0 0 0]]";0.2959272097053726;0.14093506829155306;"[[  0  83   0 108   0   0]
 [  0 226   0 194   0   0]
 [  0 117   0 346   0   0]
 [  0  36   0 457   0   0]
 [  0  24   0 380   0   0]
 [  0 173   0 164   0   0]]";0.2807192807192807;0.1324875366725587;"[[  0  26   0  54   0   0]
 [  0  90   0  87   0   0]
 [  0  62   0 139   0   0]
 [  0  20   0 191   0   0]
 [  0  12   0 167   0   0]
 [  0  94   0  59   0   0]]";18;[4 4 0 4 1 5]
1069;CiteSeer;own;-1;0.2;64;0.5;1;0.005;1751207849;0.4166666666666667;0.38333333333333336;"[[0 6 0 0 0]
 [0 5 0 0 0]
 [0 0 4 0 0]
 [0 2 0 1 0]
 [0 6 0 0 0]]";0.2675933970460469;0.13824204368697326;"[[  0 254   0  23   0   0]
 [  0 400   0  13   0   0]
 [  0 332   0  46   0   0]
 [  0 271   0 216   0   0]
 [  0 315   0  99   0   0]
 [  0 322   0  11   0   0]]";0.24875124875124874;0.12461076308751877;"[[  0  70   0  10   0   0]
 [  0 172   0   5   0   0]
 [  0 175   0  26   0   0]
 [  0 134   0  77   0   0]
 [  0 134   0  45   0   0]
 [  0 149   0   4   0   0]]";24;[6 5 0 4 3 6]
1070;CiteSeer;own;-1;0.2;64;0.5;1;0.005;1751207849;0.9333333333333333;0.9303030303030303;"[[5 1 0 1 0]
 [0 5 0 0 0]
 [0 0 6 0 0]
 [0 0 0 5 0]
 [0 0 0 0 7]]";0.4817073170731707;0.4385090564842941;"[[160   8   0  36  22  42]
 [243  80   0  22  25  43]
 [320  11   0  31  12   2]
 [117   4   0 330  31  13]
 [ 12   3   0  21 319  47]
 [ 54  21   0   5  45 217]]";0.4125874125874126;0.37844695376940035;"[[ 21   9   0  16  15  19]
 [ 97  28   0  10  12  30]
 [158  18   0  12  11   2]
 [ 50   4   0 135  19   3]
 [  7   3   0  18 130  21]
 [ 22  12   0   3  17  99]]";30;[7 5 0 6 5 7]
1071;CiteSeer;own;-1;0.2;64;0.5;1;0.005;1751207849;0.9166666666666666;0.7746031746031746;"[[6 1 0 0 1 0]
 [0 6 0 0 0 0]
 [0 1 0 0 0 0]
 [0 0 0 7 0 0]
 [0 0 0 0 7 0]
 [0 0 0 0 0 7]]";0.4799126637554585;0.42991807950290656;"[[139  14   0  42  31  30]
 [192  80   0  30  49  33]
 [327  15   0  42  20   9]
 [ 87   2   0 350  46   8]
 [  6   5   0  23 339  27]
 [ 50  12   0  13  78 191]]";0.43356643356643354;0.39348808587840883;"[[ 18   7   0  18  22  15]
 [ 83  38   0  11  29  16]
 [154  18   0  15  12   2]
 [ 43   2   0 141  23   2]
 [  1   2   0  19 144  13]
 [ 23   9   0   2  26  93]]";36;[8 6 1 7 7 7]
1072;CiteSeer;own;-1;0.2;64;0.5;1;0.005;1751207849;0.8333333333333334;0.7205065359477124;"[[6 1 0 0 2 0]
 [0 7 0 0 0 0]
 [1 2 0 0 0 0]
 [0 0 0 8 0 1]
 [0 0 0 0 7 0]
 [0 0 0 0 0 7]]";0.5074430823117339;0.45391494772526725;"[[108  27   0  52  26  32]
 [106 133   0  47  47  40]
 [310  28   0  73  18  12]
 [ 54   5   0 393  27   6]
 [  2   5   0  26 335  31]
 [ 33  11   0  30  77 190]]";0.4565434565434565;0.40399064732919926;"[[  8   9   0  28  18  17]
 [ 49  57   0  22  27  22]
 [144  20   0  21  13   3]
 [ 34   4   0 157  15   1]
 [  1   3   0  24 138  13]
 [ 15   8   0   7  26  97]]";42;[9 7 3 9 7 7]
1073;CiteSeer;own;-1;0.2;64;0.5;1;0.005;1751207849;0.8541666666666666;0.7450816583943518;"[[9 1 0 0 1 0]
 [0 8 0 0 0 0]
 [1 2 0 0 1 0]
 [0 0 0 8 0 1]
 [0 0 0 0 8 0]
 [0 0 0 0 0 8]]";0.47761194029850745;0.4300394855248199;"[[ 37  29   0  22  73  11]
 [ 36 182   0  18 103  16]
 [305  59   0  50 110  12]
 [ 38   9   0 308 113   1]
 [  1   2   0   4 395  13]
 [ 22  14   0   6 123 166]]";0.44455544455544455;0.387306682489885;"[[  4  13   0  14  38  11]
 [ 25  73   0   9  58  12]
 [111  28   0  20  39   3]
 [ 26   9   0 124  51   1]
 [  0   3   0  12 158   6]
 [ 13   7   0   1  46  86]]";48;[11  8  4  9  8  8]
1074;CiteSeer;own;-1;0.2;64;0.5;1;0.005;1751207849;0.8518518518518519;0.7456641604010025;"[[ 9  1  0  0  1  0]
 [ 0  9  0  0  0  0]
 [ 1  0  0  2  0  2]
 [ 0  0  0 11  0  1]
 [ 0  0  0  0  9  0]
 [ 0  0  0  0  0  8]]";0.5184859154929577;0.4426005135075717;"[[ 31  31   0  31  47  31]
 [ 16 185   0  42  54  58]
 [171  51   0 164  62  88]
 [ 12  11   0 362  59  19]
 [  0   5   0   8 379  26]
 [ 10  11   0  17  70 221]]";0.5024975024975025;0.408971965964602;"[[  3  12   0  19  29  17]
 [ 10  78   0  25  31  33]
 [ 59  20   0  57  28  37]
 [ 15   5   0 160  25   6]
 [  0   1   0  14 153  11]
 [  6   2   0   8  28 109]]";54;[11  9  5 12  9  8]
1075;CiteSeer;own;-1;0.2;64;0.5;1;0.005;1751207849;0.95;0.9468156924297276;"[[10  1  0  0  1  0]
 [ 0 10  0  0  0  0]
 [ 0  0  5  0  0  0]
 [ 0  0  1 13  0  0]
 [ 0  0  0  0  9  0]
 [ 0  0  0  0  0 10]]";0.5450132391879965;0.49049193801348406;"[[ 26   3 120   7   8   8]
 [  2  63 265   3  13   8]
 [  0   1 520   0   4   0]
 [  2   0 295 147  17   0]
 [  0   0  67   5 336   9]
 [  5   5 166   0  18 143]]";0.47652347652347654;0.41092876735123224;"[[  2   3  47   5  16   7]
 [  3  24 137   1   6   6]
 [  1   0 189   2   8   1]
 [  5   0 142  55   8   1]
 [  0   0  32   7 135   5]
 [  2   2  67   1   9  72]]";60;[12 10  5 14  9 10]
1076;CiteSeer;own;-1;0.2;64;0.5;1;0.005;1751207849;0.9545454545454546;0.9592287189738463;"[[11  1  0  0  1  0]
 [ 0 11  0  1  0  0]
 [ 0  0  5  0  0  0]
 [ 0  0  0 14  0  0]
 [ 0  0  0  0 11  0]
 [ 0  0  0  0  0 11]]";0.6756637168141593;0.6124342301804468;"[[ 42  11  32  16  45  27]
 [ 23 111 130  24  39  29]
 [  9   6 465  23  17   3]
 [  5   3  83 305  55   4]
 [  1   4   3   8 389  14]
 [  6   3  41  11  58 215]]";0.6163836163836164;0.55233576183472;"[[ 13   5  15  11  24  12]
 [ 20  44  64  11  24  14]
 [  4   0 172   9  15   1]
 [ 10   1  38 137  24   1]
 [  2   1   2  12 152  10]
 [  3   1  19   4  27  99]]";66;[13 12  5 14 11 11]
1077;CiteSeer;own;-1;0.2;64;0.5;1;0.005;1751207849;0.9583333333333334;0.962977843412626;"[[12  1  0  0  1  0]
 [ 0 13  0  1  0  0]
 [ 0  0  6  0  0  0]
 [ 0  0  0 16  0  0]
 [ 0  0  0  0 11  0]
 [ 0  0  0  0  0 11]]";0.6898846495119787;0.6278811327621945;"[[ 40  18  30  32  26  25]
 [ 18 127 125  26  31  28]
 [  4   5 466  30  11   3]
 [  3   4  75 344  40   2]
 [  2   5   7  14 367  16]
 [  6   4  52  11  46 211]]";0.6253746253746254;0.5615121969482577;"[[ 12   8  17  12  21  10]
 [ 12  50  66  20  15  14]
 [  3   1 172  12  12   1]
 [ 10   2  35 148  15   1]
 [  2   1   4  16 146  10]
 [  3   1  23   6  22  98]]";72;[14 14  6 16 11 11]
1078;CiteSeer;own;-1;0.2;64;0.5;1;0.005;1751207849;0.9743589743589743;0.9763780663780665;"[[13  1  0  0  1  0]
 [ 0 16  0  0  0  0]
 [ 0  0  8  0  0  0]
 [ 0  0  0 16  0  0]
 [ 0  0  0  0 12  0]
 [ 0  0  0  0  0 11]]";0.6832740213523132;0.6312970469561173;"[[ 43  27  37  19  34  10]
 [ 16 173 110   9  33  11]
 [  9   7 467  19  16   3]
 [ 15  10  89 302  50   0]
 [  1   7   9  12 372   9]
 [  5  12  65  14  54 179]]";0.6113886113886113;0.557374004561611;"[[ 12  13  15   7  24   9]
 [ 14  71  60   9  14   9]
 [  4   2 172   8  14   1]
 [ 13   3  42 122  30   1]
 [  2   5   3  14 149   6]
 [  3   3  29   8  24  86]]";78;[15 16  8 16 12 11]
1079;CiteSeer;own;-1;0.2;64;0.5;1;0.005;1751207849;0.9761904761904762;0.977665544332211;"[[14  1  0  0  1  0]
 [ 0 16  0  0  0  0]
 [ 0  0  9  0  0  0]
 [ 0  0  0 18  0  0]
 [ 0  0  0  0 13  0]
 [ 0  0  0  0  0 12]]";0.6940231935771632;0.6368779304106004;"[[ 39  19  30  31  26  22]
 [ 20 155 108  16  29  23]
 [  6   7 464  25  15   3]
 [  6   8  82 327  38   3]
 [  1   6   8  19 360  15]
 [  6   6  50  19  39 211]]";0.6313686313686314;0.5732353318273302;"[[ 12  11  14  10  22  11]
 [ 12  65  60  11  14  15]
 [  5   2 171   8  14   1]
 [ 11   2  36 140  20   2]
 [  2   2   2  18 144  11]
 [  2   1  23  10  17 100]]";84;[16 16  9 18 13 12]
1080;CiteSeer;own;-1;0.2;64;0.5;1;0.005;1751207849;0.9777777777777777;0.9794450844854071;"[[15  1  0  0  1  0]
 [ 0 17  0  0  0  0]
 [ 0  0 10  0  0  0]
 [ 0  0  0 18  0  0]
 [ 0  0  0  0 15  0]
 [ 0  0  0  0  0 13]]";0.6909660107334525;0.6298793375382954;"[[ 37  14  33  31  25  26]
 [ 23 138 114  18  28  29]
 [  7   5 466  24  15   3]
 [  6   6  87 323  37   3]
 [  1   6   6  19 359  18]
 [  5   5  42  17  38 222]]";0.6203796203796204;0.55961728071402;"[[ 12  10  14  10  22  12]
 [ 18  55  58  12  16  18]
 [  5   1 171   9  14   1]
 [  8   2  40 138  21   2]
 [  3   1   2  18 144  11]
 [  2   1  22   8  19 101]]";90;[17 17 10 18 15 13]
1081;CiteSeer;own;-1;0.2;64;0.5;1;0.005;1751207849;0.9791666666666666;0.9811857311857312;"[[17  1  0  0  1  0]
 [ 0 18  0  0  0  0]
 [ 0  0 11  0  0  0]
 [ 0  0  0 19  0  0]
 [ 0  0  0  0 16  0]
 [ 0  0  0  0  0 13]]";0.6816143497757847;0.6253698783943128;"[[ 47  17  27  22  33  18]
 [ 42 134 106  16  31  19]
 [ 10   5 467  20  16   3]
 [  8   7  88 313  44   1]
 [  2   5   6  16 365  14]
 [  6   6  53  21  48 194]]";0.6033966033966034;0.5481252238167348;"[[ 13   9  16   9  22  11]
 [ 28  55  59  10  15  10]
 [  7   1 171   7  14   1]
 [ 11   2  42 128  27   1]
 [  3   1   3  18 144  10]
 [  4   1  24   7  24  93]]";96;[19 18 11 19 16 13]
1082;CiteSeer;own;-1;0.2;64;0.5;1;0.005;1751207849;0.9607843137254902;0.9635790813040602;"[[17  1  0  0  1  0]
 [ 0 20  0  0  0  0]
 [ 0  0 11  0  0  0]
 [ 1  0  0 19  0  0]
 [ 0  0  0  0 17  0]
 [ 0  0  0  1  0 14]]";0.6996402877697842;0.6414806624406437;"[[ 34  37  25  17  23  21]
 [ 16 197  84  13  19  17]
 [  7   9 470  20  12   3]
 [ 11  18  89 303  37   1]
 [  0  11  13  14 352  14]
 [  5  13  55  21  43 200]]";0.6293706293706294;0.5777345315064051;"[[ 13  13  15   9  19  11]
 [ 17  81  46  10  14   9]
 [  3   2 175   7  13   1]
 [ 10   9  44 125  22   1]
 [  2   8   3  17 140   9]
 [  2   6  26   4  19  96]]";102;[19 20 11 20 17 15]
1083;CiteSeer;own;-1;0.2;64;0.5;1;0.005;1751207849;0.9629629629629629;0.9632838786023822;"[[17  1  0  0  1  0]
 [ 0 21  0  0  0  0]
 [ 0  0 11  0  0  0]
 [ 1  0  1 21  0  0]
 [ 0  0  0  0 18  0]
 [ 0  0  0  0  0 16]]";0.718214607754734;0.6536336012087356;"[[ 30  21  21  23  30  30]
 [ 15 174  83  21  26  30]
 [  2   7 450  35  13   7]
 [  5  14  64 340  34   5]
 [  0   9   5  11 355  23]
 [  5   4  36  10  36 244]]";0.6493506493506493;0.5848898436091742;"[[ 10  12  12  11  20  15]
 [ 12  71  44  15  19  16]
 [  2   1 169  12  15   2]
 [  6   4  28 151  20   2]
 [  0   4   2  15 142  16]
 [  2   2  21   4  17 107]]";108;[19 21 11 23 18 16]
1084;CiteSeer;own;-1;0.2;64;0.5;1;0.005;1751207849;0.956140350877193;0.9570232157875179;"[[17  1  0  0  1  0]
 [ 1 22  0  0  0  0]
 [ 0  0 12  0  0  0]
 [ 1  0  1 22  0  0]
 [ 0  0  0  0 19  0]
 [ 0  0  0  0  0 17]]";0.6998191681735986;0.6340904711393015;"[[ 28  20  25  20  32  26]
 [ 17 162 103  15  33  19]
 [  1   7 458  27  17   4]
 [  6   9  80 316  48   3]
 [  0   6   8   4 366  19]
 [  5   6  43   9  52 218]]";0.6283716283716284;0.5679427348264091;"[[ 10  10  18  10  22  10]
 [ 15  66  53  12  19  12]
 [  3   1 171   9  16   1]
 [  7   4  36 136  27   1]
 [  2   5   2  15 145  10]
 [  2   2  24   3  21 101]]";114;[19 23 12 24 19 17]
1085;CiteSeer;own;-1;0.2;64;0.5;1;0.005;1751207849;0.9583333333333334;0.9583748714701096;"[[17  1  0  0  1  0]
 [ 0 24  0  0  0  0]
 [ 0  0 13  0  0  0]
 [ 1  0  1 23  1  0]
 [ 0  0  0  0 19  0]
 [ 0  0  0  0  0 19]]";0.7293744333635539;0.6646992303839001;"[[ 26  26  25  23  15  28]
 [  7 194  84  21  15  27]
 [  1   8 455  30  11   7]
 [  6  14  72 341  30   8]
 [  0   8   9  11 344  25]
 [  1   4  38  10  33 249]]";0.6613386613386614;0.5961181543369404;"[[  9  15  13  12  17  14]
 [  7  81  46  15  13  15]
 [  3   2 172   9  13   2]
 [  5   6  29 154  15   2]
 [  0   7   4  18 136  14]
 [  1   2  21   4  15 110]]";120;[19 24 13 26 19 19]
1086;CiteSeer;own;-1;0.2;64;0.5;1;0.005;1751207849;0.9523809523809523;0.9506347383798364;"[[17  1  0  0  1  0]
 [ 0 25  0  0  0  0]
 [ 0  0 13  0  0  0]
 [ 1  0  2 25  1  0]
 [ 0  0  0  0 19  0]
 [ 0  0  0  0  0 21]]";0.7295454545454545;0.6616062786551712;"[[ 22  32  18  24  19  27]
 [  6 205  79  17  20  21]
 [  0  10 447  31  11   7]
 [  4  14  80 333  34   8]
 [  0   7   7   8 344  29]
 [  0   4  38   9  31 254]]";0.6613386613386614;0.5982353511458317;"[[  9  15  13  11  19  13]
 [  8  86  42  11  16  14]
 [  2   3 169  11  14   2]
 [  3   6  32 149  18   3]
 [  0   8   3  18 137  13]
 [  0   2  22   4  13 112]]";126;[19 25 13 29 19 21]
1087;CiteSeer;own;-1;0.2;64;0.5;1;0.005;1751207849;0.9621212121212122;0.9593373422814081;"[[17  1  0  0  1  0]
 [ 0 27  0  0  0  0]
 [ 0  0 15  0  0  0]
 [ 0  0  2 28  0  0]
 [ 0  0  0  0 19  1]
 [ 0  0  0  0  0 21]]";0.7178669097538742;0.6572996990525237;"[[ 25  27  31  21  16  22]
 [  4 200  91  12  20  16]
 [  0   9 463  28  14   3]
 [  1  16  96 316  25   6]
 [  0   8  15  13 341  26]
 [  0   6  49  13  31 230]]";0.6593406593406593;0.5968146630160261;"[[  8  13  18  11  18  12]
 [  4  91  48  11  11  12]
 [  2   3 175   8  12   1]
 [  1   7  47 141  13   2]
 [  0   7   5  18 137  12]
 [  1   2  25   2  15 108]]";132;[19 27 15 30 20 21]
1088;CiteSeer;own;-1;0.2;64;0.5;1;0.005;1751207849;0.9637681159420289;0.9598452710447813;"[[17  1  0  0  1  0]
 [ 0 28  0  0  0  0]
 [ 1  0 16  0  0  0]
 [ 0  0  2 29  0  0]
 [ 0  0  0  0 21  0]
 [ 0  0  0  0  0 22]]";0.7184643510054844;0.6440038983308486;"[[ 18  23  26  34  14  25]
 [  7 186  86  27  18  21]
 [  2   8 449  33  14   4]
 [  0  10  75 354  20   4]
 [  0   6   9  23 341  22]
 [  1   4  42  19  39 224]]";0.6583416583416584;0.5970157447393165;"[[  9  10  16  18  16  11]
 [  5  86  48  15  12  11]
 [  2   3 166  15  13   2]
 [  0   5  36 157  11   2]
 [  0   7   4  23 136   9]
 [  1   2  20   7  18 105]]";138;[19 28 17 31 21 22]
1089;CiteSeer;own;-1;0.2;64;0.5;1;0.005;1751207849;0.9513888888888888;0.9453659384690369;"[[17  1  0  0  1  0]
 [ 0 29  0  0  0  0]
 [ 2  0 16  0  0  0]
 [ 0  0  3 29  0  0]
 [ 0  0  0  0 23  0]
 [ 0  0  0  0  0 23]]";0.7236480293308891;0.6514450902860024;"[[ 18  25  31  22  13  29]
 [  1 199  80  20  16  28]
 [  2  10 448  23  14   8]
 [  1  16  87 331  23   6]
 [  0   7  13  16 343  17]
 [  1   5  39  14  36 240]]";0.6443556443556444;0.583082433604553;"[[  8  12  17  16  15  12]
 [  4  88  46  14  10  15]
 [  2   6 168  12  10   3]
 [  1   7  45 139  16   3]
 [  0   8   5  21 135  10]
 [  1   2  20   3  20 107]]";144;[19 29 18 32 23 23]
1090;CiteSeer;own;-1;0.2;64;0.5;1;0.005;1751207849;0.9466666666666667;0.940871722439519;"[[18  1  0  0  1  0]
 [ 0 29  0  0  0  0]
 [ 2  0 17  0  1  0]
 [ 0  0  3 31  0  0]
 [ 0  0  0  0 23  0]
 [ 0  0  0  0  0 24]]";0.7224264705882353;0.6442704919210044;"[[ 15  22  46  22   9  22]
 [  1 176 106  20  15  21]
 [  2  10 475  25   9   4]
 [  2  15  82 338  14   4]
 [  0   7  11  16 340  16]
 [  1   4  50  15  33 228]]";0.6453546453546454;0.5828307191808569;"[[  8  11  20  16  14  11]
 [  5  84  52  11   9  16]
 [  2   4 174   9  10   2]
 [  2   7  43 145  11   3]
 [  0   6   9  21 133  10]
 [  1   2  26   4  18 102]]";150;[20 29 20 34 23 24]
1091;CiteSeer;own;-1;0.2;64;0.5;1;0.005;1751207849;0.9487179487179487;0.9448747689962139;"[[17  1  1  0  1  0]
 [ 1 31  1  0  0  0]
 [ 0  0 21  0  0  0]
 [ 0  0  2 32  0  0]
 [ 0  0  0  0 23  1]
 [ 0  0  0  0  0 24]]";0.7248847926267281;0.642700501807254;"[[ 13  30  45  16  10  23]
 [  0 191  94  17  17  20]
 [  1  10 479  26   9   4]
 [  2  15  83 323  20   6]
 [  0   7  13   7 354  17]
 [  1   5  50  11  38 213]]";0.6503496503496503;0.5831676599535289;"[[  6  17  18  13  17   9]
 [  5  91  49   9  12  11]
 [  1   6 175   7  10   2]
 [  3   7  45 140  13   3]
 [  0   8   7  17 138   9]
 [  1   2  27   1  21 101]]";156;[20 33 21 34 24 24]
1092;CiteSeer;own;-1;0.2;64;0.5;1;0.005;1751207849;0.9506172839506173;0.9454677763981638;"[[17  2  1  1  1  0]
 [ 1 32  0  0  0  0]
 [ 0  0 22  0  0  1]
 [ 0  0  1 34  0  0]
 [ 0  0  0  0 25  0]
 [ 0  0  0  0  0 24]]";0.7255083179297597;0.6384368340405809;"[[ 12  25  46  16  13  23]
 [  1 170 104  19  20  22]
 [  1   9 484  24   8   5]
 [  2  15  78 334  15   4]
 [  0   6  11   7 355  18]
 [  1   3  44  14  40 215]]";0.6583416583416584;0.5906139976328075;"[[  6  16  21  12  16   9]
 [  4  88  48  11  15  11]
 [  1   4 172   8  13   3]
 [  2   7  45 146  10   1]
 [  0   5   7  16 142   9]
 [  1   2  27   1  17 105]]";162;[22 33 23 35 25 24]
1093;CiteSeer;own;-1;0.2;64;0.5;1;0.005;1751207849;0.9642857142857143;0.9616100062095364;"[[20  1  1  0  1  0]
 [ 0 33  0  0  0  0]
 [ 0  0 23  0  0  1]
 [ 0  0  1 35  0  0]
 [ 0  0  0  1 26  0]
 [ 0  0  0  0  0 25]]";0.7261353104726599;0.6396084070430654;"[[ 13  22  49  14  12  24]
 [  7 154 115  19  18  22]
 [  2   8 491  19   6   5]
 [  2  13  82 328  12   6]
 [  1   6  11  10 356  15]
 [  1   3  43  11  33 225]]";0.6493506493506493;0.5812878356083001;"[[  6  15  23  11  16   9]
 [  8  77  58   9  14  11]
 [  1   2 176   8  11   3]
 [  2   6  46 143  11   3]
 [  0   5   7  16 142   9]
 [  1   1  28   2  15 106]]";168;[23 33 24 36 27 25]
1094;CiteSeer;own;-1;0.2;64;0.5;1;0.005;1751207849;0.9712643678160919;0.9690830487342116;"[[20  1  1  0  1  0]
 [ 0 34  0  0  0  0]
 [ 0  1 25  0  0  0]
 [ 0  0  0 38  0  0]
 [ 0  0  0  1 27  0]
 [ 0  0  0  0  0 25]]";0.7523234200743495;0.6672427364079899;"[[ 13  38  34  14  13  22]
 [  2 224  65  14  16  18]
 [  0  14 471  28   7   4]
 [  2  19  62 345  12   4]
 [  1   8  11  11 354  13]
 [  1   5  45  17  33 212]]";0.6723276723276723;0.6065491679478553;"[[  7  18  19  10  17   9]
 [  4 106  33   9  15  10]
 [  1   3 167  17  12   1]
 [  4  10  35 149  10   3]
 [  0   8   8  15 143   5]
 [  1   6  26   2  17 101]]";174;[23 34 26 38 28 25]
1095;CiteSeer;own;-1;0.2;64;0.5;1;0.005;1751207849;0.9722222222222222;0.9693317211104203;"[[20  1  1  0  1  0]
 [ 1 35  0  0  0  0]
 [ 0  0 27  0  0  0]
 [ 0  0  0 39  0  0]
 [ 0  0  0  1 28  0]
 [ 0  0  0  0  0 26]]";0.7479030754892824;0.6570227253121294;"[[ 10  32  36  14  16  24]
 [  3 211  70  15  20  19]
 [  0  11 473  29   7   4]
 [  2  19  62 345  15   3]
 [  1   7   9  11 355  11]
 [  1   3  45  14  38 211]]";0.6653346653346653;0.5996628163672336;"[[  7  16  20  10  18   9]
 [  4  96  38   9  18  12]
 [  1   3 167  17  12   1]
 [  3   8  38 149  11   2]
 [  0   6   8  14 146   5]
 [  1   4  27   2  18 101]]";180;[23 36 27 39 29 26]
1096;CiteSeer;own;-1;0.2;64;0.5;1;0.005;1751207849;0.9731182795698925;0.9721210539277797;"[[22  0  1  0  1  0]
 [ 1 36  0  0  0  0]
 [ 0  0 28  0  0  0]
 [ 0  1  0 40  0  0]
 [ 0  0  0  1 28  0]
 [ 0  0  0  0  0 27]]";0.7490654205607477;0.6572580391355839;"[[  9  30  36  15  15  26]
 [  2 212  72  13  15  19]
 [  0  11 488  21   5   5]
 [  2  19  71 330  14   4]
 [  0   8  13  11 346  16]
 [  1   4  48  11  30 218]]";0.6733266733266733;0.607137834776448;"[[  7  14  21  12  17   9]
 [  4  99  40   7  15  12]
 [  1   3 177   9  10   1]
 [  2   9  43 144  11   2]
 [  0   7   7  16 144   5]
 [  1   4  29   2  14 103]]";186;[24 37 28 41 29 27]
1097;CiteSeer;own;-1;0.2;64;0.5;1;0.005;1751207849;0.9635416666666666;0.9634020300686967;"[[24  1  1  0  1  0]
 [ 1 37  0  0  0  0]
 [ 0  0 29  0  0  0]
 [ 0  1  1 39  0  0]
 [ 0  0  0  1 29  0]
 [ 0  0  0  0  0 27]]";0.753514526710403;0.674083313605922;"[[ 18  29  35  12  17  22]
 [  8 203  68  16  18  13]
 [  1  12 488  19   6   4]
 [  2  16  64 331  24   3]
 [  2   7   8   8 359   9]
 [  1   4  46  11  41 209]]";0.6673326673326674;0.6042216894812029;"[[  8  14  19  12  18   9]
 [ 10  95  41   6  17   8]
 [  1   4 172  11  12   1]
 [  3   8  38 145  16   1]
 [  2   6   6  13 147   5]
 [  1   4  26   3  18 101]]";192;[27 38 29 41 30 27]
1098;CiteSeer;own;-1;0.2;64;0.5;1;0.005;1751207849;0.9545454545454546;0.9537467013273465;"[[23  1  1  1  1  0]
 [ 2 38  0  0  0  0]
 [ 0  0 30  0  0  0]
 [ 0  1  1 40  0  0]
 [ 0  0  0  1 30  0]
 [ 0  0  0  0  0 28]]";0.7528195488721805;0.6656790214121296;"[[ 13  33  35  12  16  21]
 [ 11 203  71  12  15  15]
 [  0  12 491  17   5   4]
 [  2  18  62 331  23   3]
 [  2   9  11   7 354   9]
 [  1   4  50  10  36 210]]";0.6713286713286714;0.60825228466049;"[[  8  15  21  10  17   9]
 [  9  97  44   5  13   9]
 [  1   4 176   7  12   1]
 [  3   8  38 146  15   1]
 [  2   7   8  14 144   4]
 [  1   5  29   1  16 101]]";198;[27 40 30 42 31 28]
1099;CiteSeer;own;-1;0.2;64;0.5;1;0.005;1751207849;0.9656862745098039;0.9630967294940046;"[[23  1  1  1  1  0]
 [ 2 40  0  0  0  0]
 [ 0  0 31  0  0  0]
 [ 0  0  1 42  0  0]
 [ 0  0  0  0 32  0]
 [ 0  0  0  0  0 29]]";0.7554194156456173;0.6641957876195955;"[[ 11  34  35  12  13  25]
 [  8 203  68  14  15  17]
 [  0  12 487  20   5   4]
 [  2  15  58 339  21   3]
 [  2   8  11   8 351  11]
 [  1   5  44  14  34 212]]";0.6733266733266733;0.6070620244883386;"[[  7  16  21  10  16  10]
 [  7  99  41   6  13  11]
 [  1   4 174   9  11   2]
 [  3   7  34 148  18   1]
 [  2   8   8  14 143   4]
 [  1   5  27   1  16 103]]";204;[27 42 31 43 32 29]
1100;CiteSeer;own;-1;0.2;64;0.5;1;0.005;1751207849;0.9666666666666667;0.963272274827069;"[[23  1  1  2  1  0]
 [ 2 41  0  0  0  0]
 [ 0  0 31  0  0  0]
 [ 0  0  0 45  0  0]
 [ 0  0  0  0 32  0]
 [ 0  0  0  0  0 31]]";0.7613421550094518;0.6788305939894222;"[[ 16  35  26  14  13  25]
 [  7 205  72  14  15  15]
 [  1  12 487  19   4   4]
 [  1  17  61 334  12   5]
 [  2   7   9  12 349  10]
 [  1   8  43  14  27 220]]";0.6773226773226774;0.6203335868402294;"[[ 11  14  18  11  17   9]
 [  8 101  40   8  10  10]
 [  1   4 173  10  11   2]
 [  2   7  35 147  14   6]
 [  2   7   8  17 141   4]
 [  0   5  24   3  16 105]]";210;[28 43 31 45 32 31]
1101;CiteSeer;own;-1;0.2;64;0.5;1;0.005;1751207849;0.9537037037037037;0.9503090039226466;"[[23  1  1  2  1  0]
 [ 2 42  1  1  0  0]
 [ 0  0 31  0  0  0]
 [ 0  0  0 45  0  0]
 [ 0  0  0  0 33  0]
 [ 1  0  0  0  0 32]]";0.7625592417061612;0.6731757940796147;"[[ 12  33  24  15  15  25]
 [  8 206  74  15  17  15]
 [  1  12 479  21   4   3]
 [  2  17  57 333  13   8]
 [  2   7   5  10 355   8]
 [  0   6  41  12  31 224]]";0.6743256743256744;0.6139577101267392;"[[ 10  16  17  11  17   9]
 [  7  97  39   9  13  12]
 [  1   4 171  11  11   3]
 [  2   7  33 145  15   9]
 [  0   9   6  14 146   4]
 [  0   5  24   2  16 106]]";216;[28 46 31 45 33 33]
1102;CiteSeer;own;-1;0.2;64;0.5;1;0.005;1751207849;0.954954954954955;0.9503270874624151;"[[23  1  1  3  1  0]
 [ 2 44  0  0  0  0]
 [ 0  0 32  0  0  0]
 [ 0  0  0 45  0  1]
 [ 0  0  0  0 35  0]
 [ 1  0  0  0  0 33]]";0.7680608365019012;0.6755763258913094;"[[ 10  41  26  12  13  22]
 [  5 220  67   7  16  18]
 [  0  11 481  18   4   5]
 [  2  18  62 325  12  10]
 [  1   9   6   8 352   9]
 [  0   7  37  13  29 228]]";0.6833166833166833;0.6216777885241674;"[[  9  20  16  10  16   9]
 [  4 108  41   4   9  11]
 [  1   4 172   9  13   2]
 [  1   8  37 142  14   9]
 [  0   9   8  13 145   4]
 [  1   4  22   2  16 108]]";222;[29 46 32 46 35 34]
1103;CiteSeer;own;-1;0.2;64;0.5;1;0.005;1751207849;0.9605263157894737;0.956053392340171;"[[23  1  1  3  1  0]
 [ 1 46  0  0  0  0]
 [ 0  0 33  0  0  0]
 [ 1  0  0 46  0  1]
 [ 0  0  0  0 36  0]
 [ 0  0  0  0  0 35]]";0.76930409914204;0.6746942248703665;"[[  9  44  23  10  17  21]
 [  2 221  66   7  17  18]
 [  0  10 475  21   4   4]
 [  3  17  61 326  15   9]
 [  0   8   6   8 356   9]
 [  0   7  35  11  31 227]]";0.6883116883116883;0.6252300060874776;"[[  9  18  15  10  19   9]
 [  4 106  37   8  11  11]
 [  1   4 172   9  13   2]
 [  0   7  35 148  14   7]
 [  0   9   6  14 146   4]
 [  1   4  22   2  16 108]]";228;[29 47 33 48 36 35]
1104;CiteSeer;own;-1;0.2;64;0.5;1;0.005;1751207849;0.9529914529914529;0.9481437549216304;"[[22  2  1  3  1  0]
 [ 0 48  1  0  0  0]
 [ 0  0 32  1  0  0]
 [ 0  0  0 49  0  1]
 [ 0  0  0  0 37  0]
 [ 0  0  0  1  0 35]]";0.7767686424474187;0.6770426402941249;"[[  7  46  19  21  13  17]
 [  2 223  64  14  15  13]
 [  0  10 457  30   4   3]
 [  1  15  41 362  13   4]
 [  0   8   3  16 352  10]
 [  0   9  32  16  28 224]]";0.6953046953046953;0.6228298816026104;"[[  6  22  12  12  20   8]
 [  5 108  34  12   8  10]
 [  1   4 165  18  11   2]
 [  0   7  25 163  13   3]
 [  0   9   4  15 147   4]
 [  1   4  20   5  16 107]]";234;[29 49 33 50 37 36]
1105;CiteSeer;own;-1;0.2;64;0.5;1;0.005;1751207849;0.9583333333333334;0.954021641825769;"[[23  2  1  2  1  0]
 [ 0 49  1  0  0  0]
 [ 0  0 33  0  0  0]
 [ 0  0  1 50  0  1]
 [ 0  0  0  0 39  0]
 [ 0  0  0  1  0 36]]";0.7780441035474592;0.6769828384223343;"[[  6  47  20  15  23  10]
 [  2 230  63  10  11  13]
 [  0  11 455  27   5   3]
 [  1  16  47 349  17   4]
 [  0   8   7   9 364   8]
 [  0   7  34  12  33 219]]";0.6953046953046953;0.627142684311741;"[[  7  23  13   9  23   5]
 [  5 110  35   7  11   9]
 [  1   4 167  16  11   2]
 [  0   7  31 153  15   5]
 [  0   9   5  12 150   3]
 [  0   4  21   1  18 109]]";240;[29 50 33 52 39 37]
1106;CiteSeer;own;-1;0.2;64;0.5;1;0.005;1751207849;0.9552845528455285;0.9503788145055526;"[[24  2  1  2  1  1]
 [ 0 50  1  0  0  0]
 [ 0  0 34  0  0  0]
 [ 0  0  1 51  0  1]
 [ 0  0  0  0 40  0]
 [ 0  0  0  1  0 36]]";0.7764423076923077;0.6795033914606177;"[[  8  48  19  17  16  11]
 [  1 229  61   9  11  17]
 [  0  11 455  28   3   4]
 [  1  16  49 347  14   5]
 [  0   8   6  14 357  10]
 [  0   8  34  12  32 219]]";0.6983016983016983;0.6344724340774648;"[[  9  23  11   9  23   5]
 [  5 111  35   7   9  10]
 [  1   4 167  16  11   2]
 [  0   7  29 155  15   5]
 [  0  10   4  12 149   4]
 [  1   3  22   2  17 108]]";246;[31 51 34 53 40 37]
1107;CiteSeer;own;-1;0.2;64;0.5;1;0.005;1751207849;0.9523809523809523;0.9455570675815657;"[[23  3  1  2  1  1]
 [ 1 51  2  0  0  0]
 [ 0  0 34  0  0  0]
 [ 0  0  0 53  0  1]
 [ 0  0  0  0 41  0]
 [ 0  0  0  0  0 38]]";0.772420443587271;0.6742482554245139;"[[  7  47  18  17  18  11]
 [  1 225  65  12  11  13]
 [  0  11 454  29   3   3]
 [  1  16  51 345  14   4]
 [  0   6   8  14 357   9]
 [  0   3  39  13  35 214]]";0.7052947052947053;0.6407656274035407;"[[  9  20  12  10  23   6]
 [  2 115  35   7   9   9]
 [  1   4 169  14  11   2]
 [  0   7  28 156  15   5]
 [  0  10   4  12 150   3]
 [  1   3  22   2  18 107]]";252;[31 54 34 54 41 38]
1108;CiteSeer;own;-1;0.2;64;0.5;1;0.005;1751207849;0.9496124031007752;0.9432385083539215;"[[23  4  1  2  1  0]
 [ 1 52  2  0  0  0]
 [ 0  1 35  0  0  0]
 [ 0  0  0 54  0  1]
 [ 0  0  0  0 42  0]
 [ 0  0  0  0  0 39]]";0.7712765957446809;0.6707000163942758;"[[  6  46  16  16  22   8]
 [  1 228  62  13  13  10]
 [  0  11 445  30   6   3]
 [  0  16  46 348  16   4]
 [  0   8  12  11 360   8]
 [  0   7  37  14  37 208]]";0.7042957042957043;0.6342952662393136;"[[  7  21  12  10  23   7]
 [  2 115  35   7  11   7]
 [  1   4 168  15  11   2]
 [  0   7  27 158  15   4]
 [  0   9   4  12 151   3]
 [  0   4  21   3  19 106]]";258;[31 55 36 55 42 39]
1109;CiteSeer;own;-1;0.2;64;0.5;1;0.005;1751207849;0.9545454545454546;0.9491859178161861;"[[25  3  1  1  2  0]
 [ 1 53  2  0  0  0]
 [ 0  0 37  1  0  0]
 [ 0  0  0 54  0  1]
 [ 0  0  0  0 43  0]
 [ 0  0  0  0  0 40]]";0.7701260911736179;0.6694443679614528;"[[  6  43  17  16  20   9]
 [  2 221  66  12  14  11]
 [  0   9 444  30  13   3]
 [  0  16  44 346  16   4]
 [  0   7   9  13 362   7]
 [  0   6  33  16  38 209]]";0.6913086913086913;0.622291751566132;"[[  7  21  12  12  22   6]
 [  3 106  40   8  12   8]
 [  1   3 166  15  13   3]
 [  0   7  28 158  14   4]
 [  0   9   4  13 150   3]
 [  0   4  19   5  20 105]]";264;[32 56 38 55 43 40]
1110;CiteSeer;own;-1;0.2;64;0.5;1;0.005;1751207849;0.9407407407407408;0.9340626095805957;"[[24  3  1  2  2  0]
 [ 2 53  2  0  0  0]
 [ 0  1 37  1  0  0]
 [ 0  0  1 54  0  1]
 [ 0  0  0  0 45  0]
 [ 0  0  0  0  0 41]]";0.7665369649805448;0.6622940156149092;"[[  4  43  18  16  20  10]
 [  1 224  68  10  12  13]
 [  0   9 437  30  12   3]
 [  0  16  54 336  16   5]
 [  0   6   9  10 365   7]
 [  0   7  33  15  37 210]]";0.6923076923076923;0.6237140375772786;"[[  7  21  12  11  23   6]
 [  3 109  38   8  12   7]
 [  1   3 167  13  14   3]
 [  0   7  30 154  15   5]
 [  0  10   4  11 151   3]
 [  1   4  21   2  20 105]]";270;[32 57 39 56 45 41]
1111;CiteSeer;own;-1;0.2;64;0.5;1;0.005;1751207849;0.9565217391304348;0.952133715916403;"[[26  2  0  3  1  0]
 [ 2 55  1  0  0  0]
 [ 0  0 40  1  0  0]
 [ 0  0  1 55  0  1]
 [ 0  0  0  0 46  0]
 [ 0  0  0  0  0 42]]";0.7751219512195122;0.6675048917067029;"[[  3  45  21  18  15   8]
 [  1 222  68  14  11  11]
 [  0   7 440  31   9   4]
 [  0  17  49 344  12   6]
 [  0   8   6   8 364   7]
 [  0   5  35  15  30 216]]";0.7032967032967034;0.6241197304728486;"[[  4  20  13  13  23   7]
 [  2 111  39   7  11   7]
 [  0   3 167  16  13   2]
 [  0   7  24 164  13   3]
 [  0  10   4  10 152   3]
 [  1   4  23   2  17 106]]";276;[32 58 41 57 46 42]
1112;CiteSeer;own;-1;0.2;64;0.5;1;0.005;1751207849;0.9539007092198581;0.9494924573788602;"[[28  2  0  3  1  0]
 [ 2 55  1  0  0  0]
 [ 1  0 40  0  0  0]
 [ 0  0  2 55  0  1]
 [ 0  0  0  0 47  0]
 [ 0  0  0  0  0 44]]";0.7725048923679061;0.6652366003738917;"[[  3  44  19  14  18  10]
 [  1 228  65  10  10  15]
 [  0   7 433  31   9   4]
 [  0  16  51 337  17   7]
 [  0   9   6   8 363   7]
 [  0   3  38  16  30 215]]";0.7032967032967034;0.6273984803194034;"[[  5  22  11  14  22   6]
 [  2 111  37   7  12   8]
 [  1   3 167  14  13   3]
 [  0   8  26 160  13   4]
 [  0  10   4  10 153   2]
 [  1   5  21   2  16 108]]";282;[34 58 41 58 47 44]
1113;CiteSeer;own;-1;0.2;64;0.5;1;0.005;1751207849;0.9513888888888888;0.946998973894062;"[[28  2  1  3  1  0]
 [ 2 56  1  0  0  0]
 [ 0  0 42  0  0  0]
 [ 0  0  2 56  0  1]
 [ 0  0  0  0 48  0]
 [ 0  0  0  1  0 44]]";0.7698724239450442;0.6600564584753008;"[[  2  43  18  15  17  12]
 [  2 224  64  12  10  16]
 [  2   7 427  31   8   6]
 [  0  16  48 341  16   7]
 [  0   7   7   8 359  11]
 [  0   3  37  16  30 216]]";0.6983016983016983;0.6256272803735703;"[[  6  21  11  14  22   6]
 [  2 109  37   9  12   8]
 [  0   3 167  15  13   3]
 [  0   8  26 160  12   5]
 [  0  10   6  10 150   3]
 [  1   3  21   5  16 107]]";288;[35 59 42 59 48 45]
1114;CiteSeer;own;-1;0.2;64;0.5;1;0.005;1751207849;0.95578231292517;0.9500930573132315;"[[27  3  1  3  1  0]
 [ 1 58  1  0  0  0]
 [ 0  0 42  1  0  0]
 [ 0  0  1 58  0  1]
 [ 0  0  0  0 49  0]
 [ 0  0  0  0  0 47]]";0.7741141732283464;0.6640942393792346;"[[  2  42  20  15  18  10]
 [  1 227  63  10  10  16]
 [  0   8 424  33   9   6]
 [  0  16  47 343  14   7]
 [  0   9   6   8 360   8]
 [  0   2  35  14  32 217]]";0.6953046953046953;0.6209043752289225;"[[  5  22  13  13  22   5]
 [  3 113  37   5  12   7]
 [  0   3 163  19  13   3]
 [  0   8  26 159  12   6]
 [  0  11   5  10 150   3]
 [  1   3  19   7  17 106]]";294;[35 60 43 60 49 47]
1115;CiteSeer;own;-1;0.2;64;0.5;1;0.005;1751207849;0.9566666666666667;0.9497505115486486;"[[27  4  1  2  1  1]
 [ 1 60  1  0  0  0]
 [ 0  0 42  1  0  0]
 [ 0  0  1 61  0  0]
 [ 0  0  0  0 50  0]
 [ 0  0  0  0  0 47]]";0.7818361303060217;0.6680363368106116;"[[  1  46  16  17  18   8]
 [  0 238  50  14  10  14]
 [  0  10 423  33   9   5]
 [  0  19  43 345  11   7]
 [  0  12   4   8 358   8]
 [  0   4  33  16  27 219]]";0.6993006993006993;0.6303085588605558;"[[  7  24  11  11  22   5]
 [  3 117  34   6  10   7]
 [  0   3 160  22  13   3]
 [  0   9  25 160  13   4]
 [  0  11   4  10 151   3]
 [  1   4  18   8  17 105]]";300;[36 62 43 62 50 47]
1116;CiteSeer;own;-1;0.2;64;0.5;1;0.005;1751207849;0.9444444444444444;0.9376128781100653;"[[27  5  1  1  2  1]
 [ 1 61  1  1  0  0]
 [ 0  0 44  0  0  0]
 [ 0  0  2 61  0  0]
 [ 0  0  0  0 50  0]
 [ 0  0  0  1  1 46]]";0.7787128712871287;0.6652818521541208;"[[  1  43  15  16  22   9]
 [  0 237  52  12  12  12]
 [  0  10 429  29  14   5]
 [  0  17  40 343  17   6]
 [  0   9   6   8 346   7]
 [  0   4  33  16  33 217]]";0.7002997002997003;0.6245971637802852;"[[  5  24  10  13  22   6]
 [  2 117  34   5  13   6]
 [  0   3 164  19  13   2]
 [  0  11  22 159  14   5]
 [  0  10   4  10 152   3]
 [  1   4  19   7  18 104]]";306;[37 64 44 63 50 48]
1117;CiteSeer;own;-1;0.2;64;0.5;1;0.005;1751207849;0.9487179487179487;0.9419762237636183;"[[28  5  1  2  1  1]
 [ 1 63  2  0  0  0]
 [ 0  0 44  0  0  0]
 [ 0  0  1 62  0  1]
 [ 0  0  0  0 51  0]
 [ 0  0  0  0  1 48]]";0.7785501489572989;0.6648395511628814;"[[  1  44  14  17  19  10]
 [  0 242  47  13  11  12]
 [  0  11 428  29  12   5]
 [  0  21  42 340  12   7]
 [  0  11   5   9 343   7]
 [  0   4  33  18  33 214]]";0.6983016983016983;0.6230019135181203;"[[  5  23  11  13  22   6]
 [  2 117  35   5  11   7]
 [  0   4 163  20  12   2]
 [  0  10  24 159  12   6]
 [  0  10   4  11 151   3]
 [  1   4  20   8  16 104]]";312;[38 66 44 64 51 49]
1118;CiteSeer;own;-1;0.2;64;0.5;1;0.005;1751207849;0.9622641509433962;0.9562111066615723;"[[30  4  1  2  1  1]
 [ 1 65  1  0  0  0]
 [ 0  0 45  0  0  0]
 [ 0  0  0 65  0  0]
 [ 0  0  0  0 52  0]
 [ 0  0  0  0  1 49]]";0.7833665338645418;0.6852097246625141;"[[  7  41  12  13  21   9]
 [  0 243  46  14  10  11]
 [  0  10 429  26  13   6]
 [  0  18  47 337  13   7]
 [  0  12   4   7 345   6]
 [  0   4  33  19  33 212]]";0.6973026973026973;0.625433241783453;"[[  6  25  10  12  22   5]
 [  2 116  34   7  12   6]
 [  0   4 164  19  12   2]
 [  0  10  26 156  13   6]
 [  0  10   4  10 152   3]
 [  2   3  22   5  17 104]]";318;[39 67 45 65 52 50]
1119;CiteSeer;own;-1;0.2;64;0.5;1;0.005;1751207849;0.9567901234567902;0.951618703610417;"[[31  4  1  2  1  1]
 [ 1 65  1  0  0  1]
 [ 0  0 46  0  0  0]
 [ 0  0  0 66  0  0]
 [ 0  1  0  0 53  0]
 [ 0  0  0  0  1 49]]";0.7827172827172827;0.6843365562081902;"[[  7  36  16  15  19   9]
 [  0 240  45  15  10  11]
 [  0   8 434  28   6   6]
 [  0  17  46 340  11   7]
 [  0  14   5   9 336  12]
 [  0   5  36  23  26 210]]";0.7032967032967034;0.6279127983752858;"[[  5  25   9  13  22   6]
 [  1 120  33   7  10   6]
 [  0   4 166  17  12   2]
 [  0  10  27 157  11   6]
 [  0  11   4  11 150   3]
 [  1   3  23   7  13 106]]";324;[40 68 46 66 54 50]
1120;CiteSeer;own;-1;0.2;64;0.5;1;0.005;1751207849;0.9545454545454546;0.9503647240147153;"[[33  4  1  2  1  1]
 [ 1 65  1  0  0  1]
 [ 0  0 46  0  0  0]
 [ 0  0  0 66  0  1]
 [ 0  1  0  0 54  0]
 [ 0  0  0  0  1 51]]";0.7890781563126252;0.6896771019220553;"[[  7  32  16  14  24   8]
 [  1 236  48  12  10  12]
 [  0   7 436  27   6   6]
 [  0  15  46 340  13   6]
 [  0  10   4   8 346   7]
 [  0   3  31  21  34 210]]";0.6993006993006993;0.6241165246459985;"[[  5  24  10  14  22   5]
 [  2 115  36   6  12   6]
 [  0   4 166  17  12   2]
 [  0   9  26 158  12   6]
 [  0  10   4  11 151   3]
 [  1   3  22   6  16 105]]";330;[42 68 46 67 55 52]
1121;CiteSeer;own;-1;0.2;64;0.5;1;0.005;1751207849;0.9523809523809523;0.9493170031933245;"[[35  3  1  2  1  1]
 [ 2 64  1  2  0  1]
 [ 0  0 47  0  0  0]
 [ 0  0  0 67  0  0]
 [ 0  0  0  0 55  0]
 [ 0  0  0  0  2 52]]";0.7914572864321608;0.6887755336369606;"[[  6  34  13  13  24  10]
 [  1 236  45  13   9  11]
 [  0   9 435  26   6   6]
 [  0  15  41 341  13   7]
 [  0  10   3   8 341  10]
 [  0   3  30  20  35 216]]";0.7062937062937062;0.6360833227670318;"[[  7  24  10  12  22   5]
 [  2 117  34   6  12   6]
 [  0   4 164  18  12   3]
 [  0   9  24 160  12   6]
 [  0  10   3  11 152   3]
 [  1   3  19   8  15 107]]";336;[43 70 47 67 55 54]
1122;CiteSeer;own;-1;0.2;64;0.5;1;0.005;1751207849;0.9473684210526315;0.9436061096917441;"[[34  4  1  3  1  1]
 [ 1 66  2  2  0  1]
 [ 0  0 47  0  0  0]
 [ 0  0  0 67  0  0]
 [ 0  0  0  0 56  0]
 [ 0  0  0  0  2 54]]";0.7898185483870968;0.6825078076183794;"[[  4  31  12  11  22  16]
 [  0 232  50  11  10  13]
 [  0  10 430  22   7   6]
 [  0  17  48 329  12   8]
 [  0   8   4   5 344  12]
 [  0   5  34  16  27 228]]";0.7042957042957043;0.6337107993988506;"[[  7  19  12  11  23   8]
 [  1 114  35   2  14  11]
 [  0   4 166  16  12   3]
 [  0  10  27 155  13   6]
 [  0   9   4   7 153   6]
 [  1   3  20   5  14 110]]";342;[44 72 47 67 56 56]
1123;CiteSeer;own;-1;0.2;64;0.5;1;0.005;1751207849;0.9482758620689655;0.9457266388411122;"[[36  4  1  2  1  1]
 [ 1 68  2  1  1  1]
 [ 0  0 48  0  0  0]
 [ 0  0  0 67  0  1]
 [ 0  1  0  0 55  0]
 [ 0  0  0  0  1 56]]";0.7901921132457027;0.680414143062352;"[[  3  30  12  14  19  18]
 [  0 230  46  12  15  14]
 [  0  11 428  25   6   6]
 [  0  17  47 327  12   9]
 [  0   8   4   6 337  14]
 [  0   6  30  15  19 238]]";0.7002997002997003;0.6243408736789523;"[[  5  17  11  13  24  10]
 [  2 114  35   3  11  12]
 [  0   4 163  19  12   3]
 [  0  10  23 156  14   8]
 [  0   9   4   9 149   8]
 [  1   4  18   6  10 114]]";348;[45 74 48 68 56 57]
1124;CiteSeer;own;-1;0.2;64;0.5;1;0.005;1751207849;0.943502824858757;0.9393711281130197;"[[35  6  1  2  1  1]
 [ 1 69  2  0  2  1]
 [ 0  0 49  0  0  0]
 [ 0  0  0 68  0  1]
 [ 0  0  1  0 56  0]
 [ 0  0  0  0  1 57]]";0.7900608519269777;0.6838078951214959;"[[  4  31  11  13  19  19]
 [  0 233  44  10  14  15]
 [  0  11 423  26   7   7]
 [  0  16  49 325  12   9]
 [  0   7   4   5 334  17]
 [  0   5  29  16  18 239]]";0.6973026973026973;0.6245884505410263;"[[  6  19  12  12  23   8]
 [  2 115  35   2  10  13]
 [  0   5 165  17  11   3]
 [  0  10  25 153  14   9]
 [  0  11   4   7 145  12]
 [  1   4  19   4  11 114]]";354;[46 75 49 69 57 58]
1125;CiteSeer;own;-1;0.2;64;0.5;1;0.005;1751207849;0.9444444444444444;0.9393252085371722;"[[35  6  1  2  1  1]
 [ 2 71  2  0  1  1]
 [ 0  0 50  0  0  1]
 [ 0  0  0 70  0  0]
 [ 0  0  1  0 57  0]
 [ 0  0  0  0  1 57]]";0.788911495422177;0.6797494864806337;"[[  3  36  12  12  17  16]
 [  0 233  46   9  13  14]
 [  0  12 422  26   6   9]
 [  0  20  46 327   8   9]
 [  0  10   4   5 331  16]
 [  0   5  30  15  19 235]]";0.7022977022977023;0.6263231702203392;"[[  5  23  12  12  19   9]
 [  1 117  33   5   8  13]
 [  0   5 166  16  11   3]
 [  0  10  26 156  12   7]
 [  0  13   4  10 145   7]
 [  1   3  20   4  11 114]]";360;[46 77 51 70 58 58]
1126;CiteSeer;own;-1;0.2;64;0.5;1;0.005;1751207849;0.9371584699453552;0.9327790681633562;"[[37  6  1  1  3  2]
 [ 2 71  3  0  1  1]
 [ 0  0 50  0  0  1]
 [ 0  1  0 70  0  0]
 [ 0  0  0  0 58  0]
 [ 0  0  0  0  1 57]]";0.7846938775510204;0.6798086887791411;"[[  4  35  15   8  18  15]
 [  0 229  51  10  14  13]
 [  0  11 415  29   7  10]
 [  0  17  49 323  10   9]
 [  2  11   2   5 333  13]
 [  0   4  30  14  20 234]]";0.7012987012987013;0.6262155347618884;"[[  5  24  11  13  19   8]
 [  1 117  33   3  11  12]
 [  0   4 163  19  12   3]
 [  0   9  29 154  13   6]
 [  0  11   4  10 148   6]
 [  0   3  18   5  12 115]]";366;[50 78 51 71 58 58]
1127;CiteSeer;own;-1;0.2;64;0.5;1;0.005;1751207849;0.9381720430107527;0.9347573448152958;"[[39  5  1  2  2  1]
 [ 2 72  3  0  1  1]
 [ 0  0 51  0  0  1]
 [ 0  1  0 70  0  1]
 [ 1  0  0  0 59  0]
 [ 0  0  0  0  1 58]]";0.785568065506653;0.6828585669173003;"[[  5  35  16   9  16  14]
 [  1 229  47  12  14  13]
 [  0  11 414  29   7  10]
 [  0  20  41 325  10  11]
 [  1  11   2   5 329  16]
 [  0   5  30  14  19 233]]";0.6963036963036963;0.6277627673960471;"[[  7  23  11  13  19   7]
 [  3 117  31   3  11  12]
 [  0   4 161  21  12   3]
 [  0  10  28 152  12   9]
 [  0  12   4  10 146   7]
 [  0   3  19   6  11 114]]";372;[50 79 52 72 60 59]
1128;CiteSeer;own;-1;0.2;64;0.5;1;0.005;1751207849;0.9338624338624338;0.9307706625438756;"[[40  5  1  2  2  1]
 [ 1 73  3  0  1  1]
 [ 0  0 52  0  0  1]
 [ 1  2  0 70  0  1]
 [ 1  0  1  0 59  0]
 [ 0  0  0  0  1 59]]";0.7849075975359343;0.679625972661276;"[[  4  34  16   9  16  15]
 [  0 229  47  12  13  14]
 [  0  11 413  28   7  10]
 [  0  19  44 324  10  10]
 [  1  10   3   6 328  15]
 [  0   4  31  15  19 231]]";0.7032967032967034;0.6332613087589712;"[[  7  23  10  13  18   9]
 [  2 115  34   6   8  12]
 [  0   4 166  17  12   2]
 [  0  10  27 155  11   8]
 [  0  12   4  10 147   6]
 [  1   2  19   6  11 114]]";378;[51 79 53 74 61 60]
1129;CiteSeer;own;-1;0.2;64;0.5;1;0.005;1751207849;0.9375;0.9341798392143366;"[[40  6  1  2  2  1]
 [ 1 75  4  0  1  1]
 [ 0  0 53  0  0  1]
 [ 0  1  0 72  0  1]
 [ 1  0  0  0 61  0]
 [ 0  0  0  0  1 59]]";0.7873326467559217;0.6781032111260483;"[[  3  34  16  10  17  13]
 [  0 228  47  15  13  10]
 [  0  10 413  30   7   9]
 [  0  15  41 332   9   9]
 [  1   8   2   6 331  14]
 [  0   5  30  20  22 222]]";0.7052947052947053;0.6322099530462902;"[[  6  22   9  14  22   7]
 [  3 116  34   6   8  10]
 [  0   4 164  19  12   2]
 [  0   8  25 159  13   6]
 [  0  12   3   9 150   5]
 [  1   4  18   8  11 111]]";384;[52 82 54 74 62 60]
1130;CiteSeer;own;-1;0.2;64;0.5;1;0.005;1751207849;0.9333333333333333;0.9294049815733715;"[[40  7  1  3  2  1]
 [ 1 78  3  0  0  1]
 [ 0  0 52  0  1  2]
 [ 0  1  0 73  0  1]
 [ 0  1  0  0 62  0]
 [ 0  0  0  0  1 59]]";0.7877066115702479;0.6754258482335493;"[[  2  36  16  10  15  15]
 [  0 226  46  13  12  13]
 [  0  12 414  26   6   9]
 [  0  18  42 326   8  10]
 [  1  11   2   4 327  17]
 [  0   6  30  14  19 230]]";0.7032967032967034;0.630385739020272;"[[  6  23   9  14  21   7]
 [  1 118  34   6   8  10]
 [  0   5 165  17  11   3]
 [  0  10  26 155  11   9]
 [  0  13   4   9 146   7]
 [  1   6  15   6  11 114]]";390;[54 83 55 75 63 60]
1131;CiteSeer;own;-1;0.2;64;0.5;1;0.005;1751207849;0.946969696969697;0.9436807821851675;"[[43  5  1  3  2  1]
 [ 1 79  3  0  0  1]
 [ 0  0 56  0  0  1]
 [ 0  0  1 74  0  1]
 [ 0  0  0  0 64  0]
 [ 0  0  0  0  1 59]]";0.7844559585492228;0.6695482516400343;"[[  1  36  17   9  17  13]
 [  2 221  47  16  14   9]
 [  0  10 414  28   7   6]
 [  0  16  43 323  11  10]
 [  0  10   2   5 328  16]
 [  0   6  32  14  20 227]]";0.6953046953046953;0.6270894402260517;"[[  7  24   9  14  21   5]
 [  4 114  35   4  10  10]
 [  0   5 165  18  11   2]
 [  0   7  31 153  13   7]
 [  0  12   6   9 147   5]
 [  1   4  20   7  11 110]]";396;[55 84 57 76 64 60]
1132;CiteSeer;own;-1;0.2;64;0.5;1;0.005;1751207849;0.9427860696517413;0.9389790446019187;"[[44  5  1  3  3  1]
 [ 1 80  3  0  0  1]
 [ 0  0 57  0  0  1]
 [ 0  0  0 76  0  1]
 [ 0  0  1  0 63  0]
 [ 0  0  1  0  1 59]]";0.7801455301455301;0.6700895960217595;"[[  2  37  17  10  15  13]
 [  2 227  45  13  13   8]
 [  0  11 411  30   6   6]
 [  1  19  44 314  11  10]
 [  1  13   2   7 321  17]
 [  0   7  33  13  19 226]]";0.6993006993006993;0.6415397779793509;"[[ 11  27   9  10  19   4]
 [  3 118  33   3  10  10]
 [  0   5 162  21  11   2]
 [  0   8  30 152  12   9]
 [  0  14   4   9 145   7]
 [  1   4  20   5  11 112]]";402;[57 85 58 77 64 61]
1133;CiteSeer;own;-1;0.2;64;0.5;1;0.005;1751207849;0.9411764705882353;0.9378389988660772;"[[45  5  1  3  2  1]
 [ 2 81  3  0  0  1]
 [ 0  0 58  0  0  0]
 [ 0  0  1 77  0  1]
 [ 1  0  1  0 63  0]
 [ 0  0  1  0  1 60]]";0.7836287799791449;0.6696696625711107;"[[  1  34  18  11  15  14]
 [  3 218  50  14  12  10]
 [  0   9 415  28   6   4]
 [  0  13  47 319  11  10]
 [  1  11   2   7 324  15]
 [  0   5  33  13  19 226]]";0.6983016983016983;0.6296147828697819;"[[  7  22   9  14  20   8]
 [  2 113  37   4  11  10]
 [  0   5 164  19  11   2]
 [  0   6  29 156  13   7]
 [  0  13   6   9 146   5]
 [  1   3  20   5  11 113]]";408;[57 87 58 79 65 62]
1134;CiteSeer;own;-1;0.2;64;0.5;1;0.005;1751207849;0.9420289855072463;0.9393652211530351;"[[45  5  1  2  3  1]
 [ 3 82  3  0  0  1]
 [ 0  0 61  0  0  0]
 [ 0  1  1 76  0  1]
 [ 0  0  1  0 65  0]
 [ 0  0  0  0  1 61]]";0.7803347280334728;0.6671545792019242;"[[  1  36  17   9  17  13]
 [  2 228  43  11  12   9]
 [  0  12 417  28   6   3]
 [  1  17  51 305  12   8]
 [  1  12   2   6 320  18]
 [  0   8  34  13  19 221]]";0.6943056943056943;0.6262374634775124;"[[  7  26   9  12  21   5]
 [  3 117  34   3  11   9]
 [  0   5 166  17  11   2]
 [  0  10  30 149  14   8]
 [  2  14   4   8 143   8]
 [  1   7  17   5  10 113]]";414;[57 89 61 79 66 62]
1135;CiteSeer;own;-1;0.2;64;0.5;1;0.005;1751207849;0.9547619047619048;0.9518253708888688;"[[45  6  1  3  1  1]
 [ 0 87  3  0  0  0]
 [ 0  0 61  0  0  0]
 [ 0  0  0 79  0  1]
 [ 0  1  0  0 66  1]
 [ 0  0  1  0  0 63]]";0.7859391395592865;0.672750123872666;"[[  1  36  20   9  15  12]
 [  0 228  47  10  13   7]
 [  0  10 413  31   5   3]
 [  1  15  49 310  10   9]
 [  1  10   3   6 321  17]
 [  0   8  32  12  17 225]]";0.6933066933066933;0.6250367128670433;"[[  7  26   9  14  17   7]
 [  2 118  32   4  11  10]
 [  0   6 163  19  11   2]
 [  0   7  31 150  12  11]
 [  2  13   4   9 144   7]
 [  0   7  17   7  10 112]]";420;[57 90 61 80 68 64]
1136;CiteSeer;own;-1;0.2;64;0.5;1;0.005;1416030975;0.0;0.0;[[]];0.16165090283748926;0.15163533452685943;"[[ 24  35  10  35  41  39]
 [ 63  41  27 104 122  56]
 [ 98 129  36  54 105  45]
 [ 77 134  22 102  79  76]
 [ 35  96  23  81 125  57]
 [ 47  59  11  48 142  48]]";0.17082917082917082;0.16555184971931344;"[[12 21  4 13 14 16]
 [23 20 18 42 49 25]
 [44 60 21 20 37 19]
 [27 57 11 42 39 35]
 [10 49 12 28 49 31]
 [23 20 10 25 48 27]]";0;[]
1137;CiteSeer;own;-1;0.2;64;0.5;1;0.005;1416030975;0.8333333333333334;0.8666666666666666;"[[1 0 0 0 0]
 [0 1 0 0 0]
 [0 0 1 0 0]
 [0 0 0 1 0]
 [0 1 0 0 1]]";0.3732758620689655;0.19936094851885333;"[[  0   3  70   0 107   0]
 [  0  26 243   0 150   1]
 [  0   2 426   0  37   2]
 [  0   1 288   2 197   0]
 [  0   4  13   0 409   0]
 [  0  23 116   0 197   3]]";0.36163836163836166;0.18354720582382758;"[[  0   5  26   0  49   0]
 [  0   4  97   0  75   1]
 [  0   0 184   0  17   0]
 [  0   2 138   0  71   0]
 [  0   0   5   0 174   0]
 [  0  21  52   0  80   0]]";6;[0 1 1 1 1 2]
1138;CiteSeer;own;-1;0.2;64;0.5;1;0.005;1416030975;0.6666666666666666;0.6261904761904762;"[[0 0 1 1 0 0]
 [0 2 0 0 0 0]
 [0 0 1 0 0 0]
 [0 0 1 1 0 0]
 [0 0 0 0 1 0]
 [0 0 1 0 0 3]]";0.3777009507346586;0.2097918390427339;"[[  0  13  55   0 112   0]
 [  0  36 214   0 157   0]
 [  0   3 420   0  45   0]
 [  0   4 264   1 211   0]
 [  0   4  12   0 410   0]
 [  0  71  94   0 181   7]]";0.37362637362637363;0.2108672458686167;"[[  0   9  17   0  54   0]
 [  0  16  79   0  81   1]
 [  0   0 180   0  19   2]
 [  0   4 122   0  85   0]
 [  0   1   4   0 174   0]
 [  0  37  39   0  73   4]]";12;[2 2 1 2 1 4]
1139;CiteSeer;own;-1;0.2;64;0.5;1;0.005;1416030975;0.8888888888888888;0.9054834054834054;"[[2 0 0 1 0 1]
 [0 3 0 0 0 0]
 [0 0 2 0 0 0]
 [0 0 0 3 0 0]
 [0 0 0 0 1 0]
 [0 0 0 0 0 5]]";0.4306759098786828;0.3460902968517075;"[[  3  26  11  84  70   1]
 [  1 101  30 213  81   4]
 [  0   3 236 180  29   1]
 [  0   6  62 293 129   1]
 [  0  43   3  23 326   0]
 [  0 104  38  94  77  35]]";0.3966033966033966;0.3152731772868759;"[[  0  11   1  29  38   1]
 [  1  23   9  98  44   2]
 [  0   1  92  92  12   4]
 [  0   5  35 119  52   0]
 [  0  33   0   6 139   1]
 [  0  42  22  29  36  24]]";18;[4 3 2 3 1 5]
1140;CiteSeer;own;-1;0.2;64;0.5;1;0.005;1416030975;0.875;0.8826719576719576;"[[3 0 0 1 0 0]
 [0 4 1 0 0 0]
 [0 0 3 0 0 0]
 [1 0 0 4 0 0]
 [0 0 0 0 1 0]
 [0 0 0 0 0 6]]";0.3679409209383145;0.282141338487115;"[[ 16  35 122   0  13   0]
 [ 18 130 279   0   6   1]
 [  3   6 463   1   5   1]
 [  2   9 409  21  39   1]
 [  0 103  76   0 202   0]
 [  4 122 192   0   8  15]]";0.3306693306693307;0.24550688312307112;"[[  3  22  44   0  11   0]
 [ 10  33 130   0   3   1]
 [  8   1 187   0   5   0]
 [  2   2 190   5  12   0]
 [  0  62  26   0  90   1]
 [  2  48  85   0   5  13]]";24;[4 5 3 5 1 6]
1141;CiteSeer;own;-1;0.2;64;0.5;1;0.005;1416030975;0.9;0.9087606837606838;"[[3 0 0 1 0 0]
 [0 7 0 0 0 0]
 [0 0 4 0 0 0]
 [1 1 0 5 0 0]
 [0 0 0 0 1 0]
 [0 0 0 0 0 7]]";0.5087108013937283;0.42572890356824494;"[[ 22  90  39   6  27   0]
 [ 17 271 110   4  16   3]
 [ 13  29 433  17  13   1]
 [ 12  63 129 196  65   1]
 [  0 142  11   2 227   0]
 [  7 226  57   0  28  19]]";0.4435564435564436;0.36901131191634656;"[[  1  45  14   4  16   0]
 [  8  99  57   1   9   3]
 [ 15   9 157   9  11   0]
 [  6  34  65  80  26   0]
 [  0  81   4   1  92   1]
 [  3 101  20   0  14  15]]";30;[4 7 4 7 1 7]
1142;CiteSeer;own;-1;0.2;64;0.5;1;0.005;1416030975;0.8888888888888888;0.8952886710239651;"[[3 0 0 1 0 0]
 [0 8 0 0 0 1]
 [0 0 4 0 0 0]
 [1 0 0 7 0 0]
 [0 0 0 0 2 0]
 [1 0 0 0 0 8]]";0.5733624454148472;0.4681552077720082;"[[  7  86  23  29  30   0]
 [  8 278  90  23  23   2]
 [ 14  25 407  43  13   1]
 [  2  17  55 336  55   1]
 [  0 113  11   8 252   0]
 [  7 193  51  23  31  33]]";0.5154845154845155;0.4243908119615767;"[[  0  35  11  16  18   0]
 [  7 100  45  10  13   2]
 [ 13   6 144  25  13   0]
 [  1  11  33 147  19   0]
 [  0  66   3   3 106   1]
 [  2  90  22   2  18  19]]";36;[4 9 4 8 2 9]
1143;CiteSeer;own;-1;0.2;64;0.5;1;0.005;1416030975;0.8571428571428571;0.8383537758537759;"[[ 3  0  0  1  0  0]
 [ 0  8  1  0  0  1]
 [ 0  0  5  0  1  0]
 [ 1  0  0  7  0  0]
 [ 0  0  0  0  3  0]
 [ 1  0  0  0  0 10]]";0.6024518388791593;0.5221119001382514;"[[  7  67  35  16  49   1]
 [  9 238 111   9  47   8]
 [ 11  12 435  24  18   2]
 [  2   8 109 273  70   3]
 [  0  64  15   4 303   1]
 [  4  61  62   2  84 120]]";0.5394605394605395;0.4667183431996181;"[[  0  24  17  12  23   4]
 [  6  83  55   6  23   4]
 [ 11   2 161  14  13   0]
 [  1   5  59 116  29   1]
 [  0  50   4   1 123   1]
 [  2  27  27   0  40  57]]";42;[ 4 10  6  8  3 11]
1144;CiteSeer;own;-1;0.2;64;0.5;1;0.005;1416030975;0.875;0.8711642624686103;"[[ 3  1  0  1  0  0]
 [ 1 10  0  0  0  1]
 [ 0  0  6  0  0  0]
 [ 1  0  0  8  0  0]
 [ 0  0  0  0  3  0]
 [ 1  0  0  0  0 12]]";0.6316944688323091;0.5608521333282628;"[[  8  82  28  11  35  13]
 [ 13 279  83   6  17   9]
 [ 12  13 433  18  18   7]
 [  2  14 128 247  61  12]
 [  0  99  12   5 279   4]
 [  4  52  43   2  36 193]]";0.5754245754245755;0.5088245804612533;"[[  0  34  13  10  16   7]
 [  7 112  43   2   7   6]
 [ 10   3 158  13  12   5]
 [  2   4  71 102  25   7]
 [  0  63   2   1 112   1]
 [  4  21  17   0  19  92]]";48;[ 5 12  6  9  3 13]
1145;CiteSeer;own;-1;0.2;64;0.5;1;0.005;1416030975;0.9074074074074074;0.888846153846154;"[[ 3  0  0  2  0  0]
 [ 1 12  0  0  0  0]
 [ 0  0  7  0  0  0]
 [ 0  0  0 11  0  0]
 [ 0  0  0  0  4  0]
 [ 1  0  1  0  0 12]]";0.6390845070422535;0.5678368531092096;"[[ 13  65  30  18  48   2]
 [ 10 256 101  12  30   2]
 [  8  10 434  25  21   2]
 [  2  12  93 287  62   3]
 [  1  68  12   4 316   2]
 [ 17  34  58   3  65 146]]";0.5754245754245755;0.5096295854986075;"[[  2  30  15  11  17   5]
 [  8  95  51   4  18   1]
 [  7   4 159  16  15   0]
 [  3   6  51 123  28   0]
 [  0  48   1   0 128   2]
 [  8  15  24   0  37  69]]";54;[ 5 13  7 11  4 14]
1146;CiteSeer;own;-1;0.2;64;0.5;1;0.005;1416030975;0.9333333333333333;0.9196575573549257;"[[ 3  0  0  2  0  0]
 [ 0 12  0  0  0  1]
 [ 0  0  9  0  0  0]
 [ 0  0  0 12  0  0]
 [ 0  0  0  0  5  0]
 [ 0  0  1  0  0 15]]";0.6606354810238305;0.5946605976021774;"[[ 16  55  37  16  38  14]
 [ 21 241 106   4  20  14]
 [  4   8 453  19  17   9]
 [  1  12  93 274  60  11]
 [  5  44  16   4 303  21]
 [ 26  10  44   2  38 210]]";0.6063936063936064;0.5403976801712759;"[[  2  26  15   9  17  11]
 [ 12  91  54   2  10   8]
 [  5   4 163  11  13   5]
 [  3   6  56 119  23   4]
 [  1  31   3   0 133  11]
 [ 13   5  18   0  18  99]]";60;[ 5 13  9 12  5 16]
1147;CiteSeer;own;-1;0.2;64;0.5;1;0.005;1416030975;0.9393939393939394;0.913536626771921;"[[ 3  0  0  2  0  0]
 [ 0 15  0  0  0  0]
 [ 0  0 10  0  0  0]
 [ 0  0  0 13  0  0]
 [ 0  0  0  0  5  0]
 [ 0  0  1  0  1 16]]";0.6699115044247788;0.5966550214585999;"[[ 13  72  22  19  42   8]
 [ 10 295  72   4  20   4]
 [  4  13 444  24  20   4]
 [  1  20  79 282  59   7]
 [  3  59   9   4 300  17]
 [ 24  31  44   3  48 180]]";0.6213786213786214;0.5487322218489672;"[[  1  34  12  11  18   4]
 [  6 116  43   2   8   2]
 [  4   7 163  11  14   2]
 [  3  11  43 128  25   1]
 [  0  37   1   0 131  10]
 [ 12  16  18   0  24  83]]";66;[ 5 15 10 13  5 18]
1148;CiteSeer;own;-1;0.2;64;0.5;1;0.005;1416030975;0.9305555555555556;0.8919402356902357;"[[ 3  0  0  2  0  0]
 [ 0 16  0  0  1  0]
 [ 0  0 11  0  0  0]
 [ 0  0  0 15  0  0]
 [ 0  0  0  0  5  0]
 [ 1  0  0  0  1 17]]";0.6921029281277729;0.6015880906620263;"[[  3  70  25  29  33   8]
 [  5 305  65  18   8   3]
 [  4  11 432  35  16   6]
 [  1  20  46 346  39   3]
 [  3  56  14  10 292  16]
 [ 19  34  38  14  45 182]]";0.6313686313686314;0.5507126635989935;"[[  0  33  11  19  13   4]
 [  5 117  42   8   4   1]
 [  2   6 162  17  13   1]
 [  2   8  37 146  18   0]
 [  0  37   2   5 125  10]
 [  6  19  16   4  26  82]]";72;[ 5 17 11 15  5 19]
1149;CiteSeer;own;-1;0.2;64;0.5;1;0.005;1416030975;0.9487179487179487;0.9017112299465241;"[[ 3  0  0  2  1  0]
 [ 0 18  0  0  0  0]
 [ 1  0 12  0  0  0]
 [ 0  0  0 16  0  0]
 [ 0  0  0  0  5  0]
 [ 0  0  0  0  0 20]]";0.6926156583629893;0.6039996262207192;"[[  2  68  31  22  37  12]
 [  4 300  75  10  11   8]
 [  4  10 429  20  18  11]
 [  1  14  69 309  55   8]
 [  2  47  11   5 306  19]
 [ 12  22  36   5  44 211]]";0.6303696303696303;0.5533191094174198;"[[  0  30  12  13  18   7]
 [  6 114  45   3   5   4]
 [  3   6 160  13  13   6]
 [  2   9  45 130  23   2]
 [  0  34   3   1 130  11]
 [  5  11  18   0  22  97]]";78;[ 6 18 13 16  5 20]
1150;CiteSeer;own;-1;0.2;64;0.5;1;0.005;1416030975;0.9285714285714286;0.8614391781058449;"[[ 2  1  0  2  1  1]
 [ 0 19  0  0  0  0]
 [ 1  0 13  0  0  0]
 [ 0  0  0 17  0  0]
 [ 0  0  0  0  5  0]
 [ 0  0  0  0  0 22]]";0.6989295272078502;0.6091329903043933;"[[  2  46  36  29  37  28]
 [  3 252  96  16   7  25]
 [  2   8 431  26  11  18]
 [  0   9  70 341  25  15]
 [  0  52  13   7 280  27]
 [  2  13  27   7  20 261]]";0.6343656343656343;0.5536125249806453;"[[  0  25  14  18  14   9]
 [  3  98  54   4   4  14]
 [  2   5 160  14  13   7]
 [  1   5  46 139  12   8]
 [  0  34   2   5 119  19]
 [  2   6  16   1   9 119]]";84;[ 7 19 14 17  5 22]
1151;CiteSeer;own;-1;0.2;64;0.5;1;0.005;1416030975;0.9444444444444444;0.9145959280105623;"[[ 5  1  0  1  1  1]
 [ 0 20  0  0  0  0]
 [ 0  0 15  0  0  0]
 [ 1  0  0 17  0  0]
 [ 0  0  0  0  6  0]
 [ 0  0  0  0  0 22]]";0.7115384615384616;0.6310833039060842;"[[ 10  49  30  27  34  26]
 [  5 264  73  19  10  27]
 [  6  10 421  32  14  12]
 [  1  10  50 359  28  11]
 [  0  56   8   8 282  25]
 [  3  16  26   7  22 255]]";0.6553446553446554;0.5749370623961094;"[[  1  26  11  18  13  11]
 [  3 105  47   6   6  10]
 [  2   6 159  15  13   6]
 [  1   6  38 152  12   2]
 [  1  35   1   6 122  14]
 [  1   5  14   1  15 117]]";90;[ 9 20 15 18  6 22]
1152;CiteSeer;own;-1;0.2;64;0.5;1;0.005;1416030975;0.96875;0.9613661814109742;"[[ 8  0  0  1  0  0]
 [ 0 21  0  0  0  0]
 [ 0  0 16  0  0  0]
 [ 1  0  0 18  0  0]
 [ 0  0  0  0  7  0]
 [ 1  0  0  0  0 23]]";0.7076233183856502;0.6338099021245076;"[[ 14  42  30  22  29  27]
 [  8 253  89  10  10  27]
 [  4   9 432  29  13  10]
 [  0  12  69 330  34  11]
 [  4  50  10   6 289  25]
 [  5  11  30   4  22 260]]";0.6373626373626373;0.5659441683977379;"[[  3  23  11  15  16  12]
 [  4  98  52   3   7  13]
 [  1   6 161  14  13   6]
 [  1   6  46 136  19   3]
 [  3  33   2   3 123  15]
 [  2   3  16   0  15 117]]";96;[ 9 21 16 19  7 24]
1153;CiteSeer;own;-1;0.2;64;0.5;1;0.005;1416030975;0.9705882352941176;0.9641534391534391;"[[ 9  0  0  1  0  0]
 [ 1 22  0  0  0  0]
 [ 0  0 16  0  0  0]
 [ 1  0  0 19  0  0]
 [ 0  0  0  0  8  0]
 [ 0  0  0  0  0 25]]";0.7054856115107914;0.6482684733600319;"[[ 28  50  26  25  29  22]
 [ 18 270  64  15  10  24]
 [ 12  12 376  35  15  16]
 [  1  13  43 347  45  12]
 [  7  51   8   5 291  24]
 [  7  15  22   4  25 257]]";0.6513486513486514;0.5923322091442854;"[[  8  24   5  16  19   8]
 [  5 106  41   5   7  13]
 [ 10   5 147  18  14   7]
 [  1   7  32 147  21   3]
 [  3  34   1   3 124  14]
 [  1   3  12   0  17 120]]";102;[10 23 16 20  8 25]
1154;CiteSeer;own;-1;0.2;64;0.5;1;0.005;1416030975;0.9629629629629629;0.9548748353096178;"[[ 9  1  0  1  0  0]
 [ 1 22  0  0  0  0]
 [ 0  0 18  0  0  0]
 [ 1  0  0 21  0  0]
 [ 0  0  0  0  8  0]
 [ 0  0  0  0  0 26]]";0.7019837691614067;0.6533095306605078;"[[ 37  44  30  26  18  23]
 [ 23 250  79  16   7  26]
 [ 21  12 383  30   9   8]
 [  6  10  54 355  31   6]
 [  7  61  12   9 275  21]
 [  8  11  27   7  19 257]]";0.6353646353646354;0.5799864142645306;"[[  7  24   7  16  16  10]
 [  9 102  44   7   3  12]
 [ 27   5 135  17  12   5]
 [  2   6  38 151  12   2]
 [  3  39   1   5 117  14]
 [  0   3  14   2  10 124]]";108;[11 23 18 22  8 26]
1155;CiteSeer;own;-1;0.2;64;0.5;1;0.005;1416030975;0.9649122807017544;0.9550776604348034;"[[ 9  1  0  1  0  0]
 [ 0 24  0  0  0  0]
 [ 1  0 19  0  0  0]
 [ 1  0  0 23  0  0]
 [ 0  0  0  0  8  0]
 [ 0  0  0  0  0 27]]";0.7224231464737794;0.6627430771731555;"[[ 27  47  24  34   9  22]
 [  9 263  67  32   3  19]
 [ 21  16 389  41   7   9]
 [  3   7  44 404   7   6]
 [  3  58  12  21 256  25]
 [  1  14  26  13  14 259]]";0.6373626373626373;0.5721515515682398;"[[  4  23   8  28  10   7]
 [  7 101  42  14   2  11]
 [ 17   8 141  21  10   4]
 [  2   5  35 165   2   2]
 [  1  39   1  19 105  14]
 [  0   3  15   5   8 122]]";114;[11 24 20 24  8 27]
1156;CiteSeer;own;-1;0.2;64;0.5;1;0.005;1416030975;0.9416666666666667;0.9305611474613823;"[[ 8  2  0  1  0  0]
 [ 0 25  0  1  0  0]
 [ 0  0 20  0  0  0]
 [ 2  0  0 23  0  0]
 [ 0  0  0  0  9  0]
 [ 0  0  1  0  0 28]]";0.7293744333635539;0.6654828122261036;"[[ 25  50  21  27  14  22]
 [  8 265  70  17   9  22]
 [ 16  14 406  24  12   9]
 [  4  10  49 387  14   9]
 [  5  54  11  11 269  25]
 [  2  12  26   7  23 257]]";0.6543456543456544;0.5885740360932031;"[[  5  27   8  20  12   8]
 [  5 110  41   8   2  11]
 [ 13   6 150  17  10   5]
 [  2   5  40 158   4   2]
 [  1  37   1  14 111  15]
 [  0   3  16   2  11 121]]";120;[11 26 20 25  9 29]
1157;CiteSeer;own;-1;0.2;64;0.5;1;0.005;1416030975;0.9444444444444444;0.9265329427705508;"[[ 8  0  1  1  1  0]
 [ 0 25  0  1  0  0]
 [ 0  0 21  0  0  0]
 [ 1  0  0 25  0  0]
 [ 0  1  0  0 11  0]
 [ 0  0  1  0  0 29]]";0.7272727272727273;0.6632823565278888;"[[ 24  43  26  31  13  19]
 [  6 247  81  22   8  24]
 [  9  12 406  41   7   8]
 [  2   9  45 402   9   6]
 [  2  56  14  14 270  21]
 [  2  12  29  10  19 251]]";0.6503496503496503;0.5736423545832213;"[[  1  22  14  25  10   8]
 [  5  99  45  11   4  13]
 [ 10   5 152  21   9   4]
 [  2   5  35 162   5   2]
 [  0  34   2  15 116  12]
 [  0   3  17   3   9 121]]";126;[11 26 21 26 12 30]
1158;CiteSeer;own;-1;0.2;64;0.5;1;0.005;1416030975;0.946969696969697;0.9318590834295276;"[[ 9  1  1  1  0  0]
 [ 1 26  0  0  0  0]
 [ 0  0 22  0  0  0]
 [ 1  0  0 26  0  0]
 [ 0  1  0  0 12  0]
 [ 0  0  1  0  0 30]]";0.7388331814038286;0.6747793098162967;"[[ 25  50  20  27  12  19]
 [ 10 269  61  14   7  26]
 [ 11  14 397  37  11  11]
 [  3  12  43 399  10   6]
 [  3  59  10  10 273  23]
 [  1  16  21   9  17 258]]";0.6683316683316683;0.5969502996648087;"[[  4  25   8  20  13  10]
 [  5 112  36   6   4  14]
 [ 10   6 150  21   9   5]
 [  2   6  34 162   5   2]
 [  0  33   1  14 117  14]
 [  0   3  14   3   9 124]]";132;[12 27 22 27 13 31]
1159;CiteSeer;own;-1;0.2;64;0.5;1;0.005;1416030975;0.9637681159420289;0.9505479673583123;"[[10  0  1  1  0  0]
 [ 1 27  0  0  0  0]
 [ 0  0 23  0  0  0]
 [ 1  0  0 27  0  0]
 [ 0  0  1  0 14  0]
 [ 0  0  0  0  0 32]]";0.7367458866544789;0.6648236254079937;"[[ 19  42  26  29  16  18]
 [  7 253  74  16  12  23]
 [  4  11 412  35  12   9]
 [  0   8  50 397  12   6]
 [  4  44   9   9 286  24]
 [  0  14  27   9  26 245]]";0.6593406593406593;0.5871002541003326;"[[  4  20  12  19  15  10]
 [  5 101  45   7   7  12]
 [  2   4 160  21  12   2]
 [  1   6  37 156   9   2]
 [  1  28   1  14 122  13]
 [  0   3  16   3  14 117]]";138;[12 28 23 28 15 32]
1160;CiteSeer;own;-1;0.2;64;0.5;1;0.005;1416030975;0.9652777777777778;0.9522072931327926;"[[ 9  1  1  1  0  0]
 [ 0 28  0  0  0  0]
 [ 0  0 25  0  0  0]
 [ 1  1  0 28  0  0]
 [ 0  0  0  0 16  0]
 [ 0  0  0  0  0 33]]";0.7332722273143905;0.6653883439453936;"[[ 21  54  21  26  11  16]
 [  8 262  68  16   7  22]
 [  5  12 398  36  10  18]
 [  1  17  48 393   8   8]
 [  4  55   9   9 271  27]
 [  3  17  17   9  20 255]]";0.6663336663336663;0.5963429123541784;"[[  5  26   8  22  11   8]
 [  4 109  41   9   3  11]
 [  2   5 158  19  10   7]
 [  1   6  36 158   7   3]
 [  1  36   1  13 114  14]
 [  0   3  14   2  11 123]]";144;[12 28 25 30 16 33]
1161;CiteSeer;own;-1;0.2;64;0.5;1;0.005;1416030975;0.96;0.9503866365822273;"[[11  0  1  1  0  0]
 [ 0 28  0  0  0  0]
 [ 0  0 25  0  1  0]
 [ 1  1  0 29  0  0]
 [ 0  1  0  0 17  0]
 [ 0  0  0  0  0 34]]";0.7311580882352942;0.673031997707063;"[[ 31  44  24  32  11  15]
 [  9 228  76  22   9  22]
 [  7  12 398  39  11  14]
 [  1   7  43 407  10   6]
 [  4  48   8  13 277  26]
 [  2  11  30   9  20 250]]";0.6713286713286714;0.6033982389944036;"[[  6  20  11  25  10   8]
 [  3 100  46  12   4  12]
 [  2   4 159  20  11   5]
 [  0   5  32 163   9   2]
 [  3  26   2  16 122  10]
 [  0   3  15   2  11 122]]";150;[13 28 26 31 18 34]
1162;CiteSeer;own;-1;0.2;64;0.5;1;0.005;1416030975;0.9487179487179487;0.9322746165362169;"[[ 9  2  1  1  0  0]
 [ 0 29  0  0  0  0]
 [ 0  0 27  0  0  0]
 [ 1  1  0 30  0  0]
 [ 0  1  0  0 18  0]
 [ 0  0  1  0  0 35]]";0.7322580645161291;0.6710226540773739;"[[ 27  50  21  30  10  18]
 [  5 242  73  17   8  22]
 [  2  13 394  39   9  18]
 [  1  10  44 405   8   4]
 [  3  62   6  11 266  27]
 [  1  18  28   8  15 255]]";0.6683316683316683;0.5975915299116725;"[[  5  23  11  22  10   9]
 [  3 106  44   8   3  13]
 [  1   7 155  21  10   7]
 [  0   5  33 165   6   2]
 [  3  32   1  16 114  13]
 [  0   3  14   2  10 124]]";156;[13 29 27 32 19 36]
1163;CiteSeer;own;-1;0.2;64;0.5;1;0.005;1416030975;0.9320987654320988;0.9121792064895514;"[[ 9  1  1  1  0  1]
 [ 1 29  0  0  0  0]
 [ 0  0 28  0  0  0]
 [ 1  1  0 31  0  0]
 [ 0  2  0  0 18  0]
 [ 0  0  1  0  1 36]]";0.7255083179297597;0.6563264894651173;"[[ 21  49  21  33  11  16]
 [ 10 224  77  27  12  18]
 [  0  12 398  42  10  13]
 [  0   8  42 406  12   4]
 [  3  46   9  13 271  27]
 [  2  16  25  12  24 250]]";0.6743256743256744;0.6030467572228647;"[[  5  21  11  25  10   8]
 [  3 101  47  12   4  10]
 [  0   5 159  22  10   5]
 [  0   5  31 166   7   2]
 [  3  25   2  15 123  11]
 [  0   3  15   2  12 121]]";162;[13 30 28 33 20 38]
1164;CiteSeer;own;-1;0.2;64;0.5;1;0.005;1416030975;0.9523809523809523;0.9306132205765395;"[[ 9  1  1  1  1  0]
 [ 1 32  0  0  0  0]
 [ 0  0 29  0  0  0]
 [ 1  1  0 31  0  0]
 [ 0  0  0  0 21  0]
 [ 0  0  0  0  1 38]]";0.742354031510658;0.6716670621796107;"[[ 20  57  15  26  12  18]
 [  5 253  66  19   8  17]
 [  1  17 402  33   5  17]
 [  0  15  43 398   9   6]
 [  4  49   6   8 271  30]
 [  2  19  23   9  17 258]]";0.6763236763236763;0.6026173039224253;"[[  4  27   9  21   9  10]
 [  3 111  42   9   1  11]
 [  2   6 157  20  10   6]
 [  0   6  33 161   8   3]
 [  1  30   1  14 122  11]
 [  0   5  13   2  11 122]]";168;[13 33 29 33 21 39]
1165;CiteSeer;own;-1;0.2;64;0.5;1;0.005;1416030975;0.9597701149425287;0.9406428864842072;"[[10  1  1  1  1  1]
 [ 0 33  0  0  0  0]
 [ 0  0 31  0  0  0]
 [ 1  1  0 31  0  0]
 [ 0  0  0  0 23  0]
 [ 0  0  0  0  0 39]]";0.7434944237918215;0.6738231697421537;"[[ 21  43  17  35  14  16]
 [  3 230  71  27  12  25]
 [  2  12 390  38  11  20]
 [  0   9  39 404  13   6]
 [  2  32   6  11 290  25]
 [  2  12  21   9  19 265]]";0.6823176823176823;0.6055592858138135;"[[  4  22   9  23  10  12]
 [  3 103  44  11   5  11]
 [  3   2 159  21  11   5]
 [  0   4  27 168   9   3]
 [  1  22   1  14 125  16]
 [  0   3  13   2  11 124]]";174;[15 33 31 33 23 39]
1166;CiteSeer;own;-1;0.2;64;0.5;1;0.005;1416030975;0.9388888888888889;0.9197223487770753;"[[10  1  1  2  1  1]
 [ 1 31  0  0  0  2]
 [ 0  0 32  0  0  0]
 [ 0  1  0 32  0  0]
 [ 0  0  0  0 24  1]
 [ 0  0  0  0  0 40]]";0.7455731593662628;0.6751432678642093;"[[ 20  52  19  29  11  14]
 [  3 248  68  18   5  24]
 [  1  14 391  37  10  16]
 [  0  10  40 404  11   6]
 [  3  50   6  13 267  25]
 [  2  18  17   8  16 270]]";0.6783216783216783;0.6025194040289562;"[[  4  27   9  22   8  10]
 [  4 109  42  10   1  11]
 [  1   6 156  21  10   7]
 [  0   5  26 168   7   5]
 [  0  29   2  14 119  15]
 [  0   4  13   2  11 123]]";180;[16 34 32 33 25 40]
1167;CiteSeer;own;-1;0.2;64;0.5;1;0.005;1416030975;0.946236559139785;0.9260857295830931;"[[10  1  1  2  1  1]
 [ 1 33  0  0  0  1]
 [ 0  0 32  0  0  0]
 [ 0  2  0 34  0  0]
 [ 0  0  0  0 25  0]
 [ 0  0  0  0  0 42]]";0.7485981308411215;0.6755793409709345;"[[ 18  44  19  35  11  16]
 [  3 249  65  20   5  21]
 [  1  13 385  45   8  17]
 [  0  10  36 405  13   7]
 [  2  45   4  14 273  25]
 [  1  17  16   8  17 272]]";0.6743256743256744;0.5990735032627734;"[[  4  24   7  26   8  11]
 [  3 109  41  11   2  11]
 [  1   5 153  22  11   9]
 [  0   5  28 166   7   5]
 [  0  28   1  15 119  16]
 [  0   4  13   2  10 124]]";186;[16 35 32 36 25 42]
1168;CiteSeer;own;-1;0.2;64;0.5;1;0.005;1416030975;0.9583333333333334;0.944963866512374;"[[13  0  1  2  1  0]
 [ 2 34  0  0  0  0]
 [ 0  0 33  0  0  0]
 [ 0  2  0 35  0  0]
 [ 0  0  0  0 27  0]
 [ 0  0  0  0  0 42]]";0.7422680412371134;0.6722087130199825;"[[ 21  38  18  36  14  16]
 [  7 214  78  21  16  20]
 [  2  12 393  35  12  16]
 [  1   7  43 391  18   6]
 [  2  32   5  11 292  26]
 [  1  11  17   8  21 273]]";0.6703296703296703;0.6009067035793411;"[[  6  14   8  25  16  11]
 [  5  97  47  12   7   9]
 [  1   3 159  19  11   8]
 [  0   5  32 159  10   5]
 [  1  20   1  13 129  15]
 [  0   3  15   2  12 121]]";192;[17 36 33 37 27 42]
1169;CiteSeer;own;-1;0.2;64;0.5;1;0.005;1416030975;0.9646464646464646;0.9541943639884144;"[[14  0  1  2  1  0]
 [ 1 36  0  0  0  0]
 [ 0  0 34  0  0  0]
 [ 0  2  0 37  0  0]
 [ 0  0  0  0 28  0]
 [ 0  0  0  0  0 42]]";0.743890977443609;0.6708259188368181;"[[ 18  44  18  34  11  17]
 [  6 229  72  20   9  19]
 [  2  15 386  42   8  16]
 [  1   8  42 400   7   6]
 [  3  40   6  16 276  27]
 [  1  14  16  10  15 274]]";0.6783216783216783;0.6058060719081036;"[[  5  18   8  27  12  10]
 [  5 103  45  13   3   8]
 [  3   4 156  20   9   9]
 [  0   5  26 169   7   4]
 [  1  23   1  16 124  14]
 [  0   4  15   2  10 122]]";198;[18 37 34 39 28 42]
1170;CiteSeer;own;-1;0.2;64;0.5;1;0.005;1416030975;0.9509803921568627;0.9395309736576914;"[[14  1  1  1  1  0]
 [ 1 37  0  0  0  0]
 [ 0  0 35  0  0  0]
 [ 1  2  0 37  1  1]
 [ 0  0  0  0 28  0]
 [ 0  0  0  0  0 43]]";0.7511781338360037;0.6790979947453933;"[[ 20  40  19  33  13  17]
 [  6 214  79  19  16  19]
 [  1  12 398  34   8  14]
 [  1   7  46 391  15   5]
 [  4  24   5  10 297  26]
 [  0   9  18   8  20 274]]";0.6743256743256744;0.6018250441598764;"[[  5  16  10  22  17  10]
 [  5  98  47  12   6   9]
 [  3   3 158  18  10   9]
 [  0   5  30 162  10   4]
 [  1  17   1  13 132  15]
 [  0   2  16   2  13 120]]";204;[18 38 35 42 28 43]
1171;CiteSeer;own;-1;0.2;64;0.5;1;0.005;1416030975;0.9619047619047619;0.9518417828700119;"[[14  1  1  2  0  0]
 [ 1 39  0  0  0  0]
 [ 0  0 36  0  0  0]
 [ 0  2  0 41  0  0]
 [ 0  0  0  0 29  1]
 [ 0  0  0  0  0 43]]";0.747164461247637;0.6765874274470015;"[[ 20  38  16  41  13  14]
 [  4 230  69  26  10  15]
 [  2  12 389  39  10  14]
 [  1   7  42 402   9   3]
 [  5  37   5  17 273  26]
 [  0  14  18   9  19 267]]";0.6743256743256744;0.6032654662721543;"[[  5  19   7  27  14   8]
 [  6 100  45  16   3   7]
 [  3   4 158  22  10   4]
 [  0   5  31 166   7   2]
 [  2  20   1  14 127  15]
 [  0   4  14   4  12 119]]";210;[18 40 36 43 30 43]
1172;CiteSeer;own;-1;0.2;64;0.5;1;0.005;1416030975;0.9629629629629629;0.9525926573518103;"[[14  1  1  2  0  0]
 [ 1 41  0  0  0  0]
 [ 0  0 37  0  0  0]
 [ 0  2  0 42  0  0]
 [ 0  0  0  0 30  1]
 [ 0  0  0  0  0 44]]";0.7635071090047393;0.6904591503603924;"[[ 19  47  15  31  12  15]
 [  2 260  57  12   8  15]
 [  1  14 397  33   8  16]
 [  0  11  42 394  10   4]
 [  5  40   5  14 273  27]
 [  0  14  15   8  18 268]]";0.6793206793206793;0.6052330032650562;"[[  4  24   8  24  12   8]
 [  5 115  38   8   2   9]
 [  2   6 154  19  10  10]
 [  0   5  32 161  10   3]
 [  3  21   1  13 125  16]
 [  0   5  13   2  12 121]]";216;[18 42 37 44 31 44]
1173;CiteSeer;own;-1;0.2;64;0.5;1;0.005;1416030975;0.954954954954955;0.9438707959745828;"[[13  2  1  2  0  0]
 [ 0 43  1  0  0  0]
 [ 0  1 37  0  0  0]
 [ 0  2  0 43  0  0]
 [ 0  0  0  0 31  1]
 [ 0  0  0  0  0 45]]";0.7585551330798479;0.6834271383734581;"[[ 17  37  15  40  15  15]
 [  0 244  67  17  13  14]
 [  1  13 391  36  10  16]
 [  0  11  40 393  11   3]
 [  5  27   6  14 285  26]
 [  0  14  14   9  19 266]]";0.6803196803196803;0.6020589905212942;"[[  3  22   9  26  13   7]
 [  3 106  43  13   4   8]
 [  2   4 162  20  10   3]
 [  0   5  30 164  10   2]
 [  1  21   1  14 126  16]
 [  0   3  13   3  14 120]]";222;[18 44 38 45 32 45]
1174;CiteSeer;own;-1;0.2;64;0.5;1;0.005;1416030975;0.9517543859649122;0.9393378163625393;"[[14  1  1  2  0  0]
 [ 1 43  1  0  0  0]
 [ 1  0 39  0  0  0]
 [ 0  2  0 44  0  0]
 [ 0  0  0  0 32  2]
 [ 0  0  0  0  0 45]]";0.7616777883698761;0.6854316837202825;"[[ 17  38  14  39  15  15]
 [  3 242  62  14  11  17]
 [  2  12 395  35   9  16]
 [  0  12  37 393  11   4]
 [  4  38   5  12 279  25]
 [  0  13  13   8  16 272]]";0.6833166833166833;0.6103712752571534;"[[  5  22   9  24  12   8]
 [  3 107  41  12   5   9]
 [  3   4 155  20  10   9]
 [  0   5  28 166   8   4]
 [  1  18   1  14 129  16]
 [  0   3  13   3  12 122]]";228;[18 45 40 46 34 45]
1175;CiteSeer;own;-1;0.2;64;0.5;1;0.005;1416030975;0.9487179487179487;0.934526980659522;"[[14  3  1  2  0  0]
 [ 0 44  1  0  0  0]
 [ 1  0 40  0  0  0]
 [ 0  2  0 45  0  0]
 [ 0  0  0  0 34  2]
 [ 0  0  0  0  0 45]]";0.7595602294455067;0.6799678441762237;"[[ 15  38  15  38  17  14]
 [  0 238  64  13  19  16]
 [  0  11 401  33  12  13]
 [  0  13  37 391  11   3]
 [  3  35   3  12 283  25]
 [  0  14  16   9  19 261]]";0.6793206793206793;0.6008058761416769;"[[  3  26   6  25  13   7]
 [  3 104  45   8   8   9]
 [  1   5 161  19  10   5]
 [  0   7  30 161  10   3]
 [  1  18   1  14 131  14]
 [  0   4  14   3  12 120]]";234;[20 45 41 47 36 45]
1176;CiteSeer;own;-1;0.2;64;0.5;1;0.005;1416030975;0.95;0.9315840897357349;"[[13  3  2  2  0  0]
 [ 1 46  0  0  0  0]
 [ 0  0 42  0  0  0]
 [ 0  2  0 46  0  0]
 [ 0  0  0  0 35  2]
 [ 0  0  0  0  0 46]]";0.7612655800575263;0.6801520744937578;"[[ 14  38  13  41  14  15]
 [  0 242  60  12  19  16]
 [  1  11 395  35   9  18]
 [  0  14  36 391   8   4]
 [  4  33   3  13 282  25]
 [  0  15  14   9  18 264]]";0.6823176823176823;0.603915710023032;"[[  3  23   6  27  13   8]
 [  3 108  42   8   7   9]
 [  3   4 154  21  10   9]
 [  0   5  28 166   9   3]
 [  1  19   1  14 130  14]
 [  0   4  14   2  11 122]]";240;[20 47 42 48 37 46]
1177;CiteSeer;own;-1;0.2;64;0.5;1;0.005;1416030975;0.9512195121951219;0.9347275805166723;"[[14  3  1  2  0  0]
 [ 2 47  0  0  0  0]
 [ 0  0 43  0  0  0]
 [ 0  2  0 48  0  0]
 [ 0  0  0  0 35  2]
 [ 0  0  0  0  0 47]]";0.75625;0.6732831862248821;"[[ 12  37  16  40  14  14]
 [  0 234  73  14  14  14]
 [  0  10 389  37   7  20]
 [  0  14  37 391   9   7]
 [  3  32   6  14 278  25]
 [  0  12  14  10  14 269]]";0.6783216783216783;0.6016446636551327;"[[  3  23   7  30  10   7]
 [  3 107  45   8   7   7]
 [  1   5 156  22   8   9]
 [  0   5  34 160   8   4]
 [  1  18   1  15 130  14]
 [  0   5  14   2   9 123]]";246;[20 49 43 50 37 47]
1178;CiteSeer;own;-1;0.2;64;0.5;1;0.005;1416030975;0.9603174603174603;0.949279123702414;"[[16  2  1  2  0  0]
 [ 1 49  0  0  0  0]
 [ 0  0 44  0  0  0]
 [ 0  2  0 49  0  0]
 [ 0  0  0  0 36  2]
 [ 0  0  0  0  0 48]]";0.7608486017357763;0.6778440535393776;"[[ 13  33  16  40  17  13]
 [  1 223  73  14  22  14]
 [  1  10 389  31   8  22]
 [  0  14  34 395   9   7]
 [  3  21   4  15 288  25]
 [  0  10  15   8  16 270]]";0.6833166833166833;0.6077126228211008;"[[  4  22   7  29  11   7]
 [  2 103  45   9  11   7]
 [  1   3 156  21  10  10]
 [  0   5  31 163   9   3]
 [  1  15   1  14 134  14]
 [  0   2  13   2  12 124]]";252;[21 50 44 51 38 48]
1179;CiteSeer;own;-1;0.2;64;0.5;1;0.005;1416030975;0.9534883720930233;0.9429714368738759;"[[17  3  1  2  0  0]
 [ 1 49  0  0  0  0]
 [ 0  0 44  1  0  0]
 [ 0  2  1 49  0  0]
 [ 0  0  0  0 38  1]
 [ 0  0  0  0  0 49]]";0.754835589941973;0.6708534018349251;"[[ 12  32  15  41  18  12]
 [  1 222  75  15  24  14]
 [  1   9 377  40   8  19]
 [  0  14  28 402   9   4]
 [  3  29   5  15 282  24]
 [  0  10  13  13  16 266]]";0.6813186813186813;0.606085397190423;"[[  4  22   6  30  11   7]
 [  2 104  44  10  11   6]
 [  2   6 151  25   9   8]
 [  0   6  25 168   9   3]
 [  1  16   1  14 133  14]
 [  0   5  13   2  11 122]]";258;[23 50 45 52 39 49]
1180;CiteSeer;own;-1;0.2;64;0.5;1;0.005;1416030975;0.9507575757575758;0.9421308114621586;"[[17  3  1  2  0  0]
 [ 0 50  2  0  0  0]
 [ 0  0 45  1  0  0]
 [ 0  2  1 50  0  0]
 [ 0  0  0  0 39  1]
 [ 0  0  0  0  0 50]]";0.7560620756547042;0.6704035658240294;"[[ 11  32  15  38  19  12]
 [  1 222  73  11  27  14]
 [  1   9 380  35   8  21]
 [  0  17  34 387   9   8]
 [  3  24   4  13 294  24]
 [  0   9  16   8  18 265]]";0.6833166833166833;0.607948556917972;"[[  4  21   7  27  14   7]
 [  2 104  45   9  11   6]
 [  3   5 154  22   8   9]
 [  0   5  28 165   9   4]
 [  1  16   1  14 133  14]
 [  0   3  13   2  11 124]]";264;[23 52 46 53 40 50]
1181;CiteSeer;own;-1;0.2;64;0.5;1;0.005;1416030975;0.9518518518518518;0.9402190360063981;"[[17  3  1  2  0  0]
 [ 0 51  1  0  0  0]
 [ 0  0 46  1  0  0]
 [ 0  2  0 51  0  0]
 [ 1  0  0  0 42  2]
 [ 0  0  0  0  0 50]]";0.7699416342412452;0.6814940483969286;"[[ 10  35  11  39  19  12]
 [  1 245  51  16  21  14]
 [  0  12 374  39   7  21]
 [  0  17  26 396   9   7]
 [  3  22   4  13 293  24]
 [  0  12  15   9  14 265]]";0.6863136863136863;0.6101244655944557;"[[  4  21   5  31  12   7]
 [  2 105  38  12  14   6]
 [  2   6 148  27   8  10]
 [  0   5  24 171   6   5]
 [  1  14   1  14 135  14]
 [  0   4  13   2  10 124]]";270;[23 52 47 53 45 50]
1182;CiteSeer;own;-1;0.2;64;0.5;1;0.005;1416030975;0.9565217391304348;0.9436823727906054;"[[18  3  1  2  0  0]
 [ 0 52  0  0  0  0]
 [ 1  0 46  0  0  0]
 [ 0  2  0 53  0  0]
 [ 1  0  0  0 43  2]
 [ 0  0  0  0  0 52]]";0.7673170731707317;0.676746022541149;"[[  9  32  13  38  20  13]
 [  1 233  53  18  29  14]
 [  0  11 377  37   8  20]
 [  0  14  32 393   9   6]
 [  3  18   4  13 299  22]
 [  0   9  15   6  19 262]]";0.6743256743256744;0.5988843684487816;"[[  4  19   7  27  16   7]
 [  2  97  39  12  21   6]
 [  2   6 150  25   8  10]
 [  0   5  29 164   8   5]
 [  1  14   1  13 136  14]
 [  0   3  12   2  12 124]]";276;[24 52 47 55 46 52]
1183;CiteSeer;own;-1;0.2;64;0.5;1;0.005;1416030975;0.9574468085106383;0.9471387878283158;"[[19  3  1  2  0  0]
 [ 0 53  0  0  0  0]
 [ 0  0 47  0  0  0]
 [ 0  2  1 54  0  0]
 [ 1  0  0  0 44  2]
 [ 0  0  0  0  0 53]]";0.7725048923679061;0.6791814840941957;"[[  8  36   9  41  17  13]
 [  1 240  46  16  28  13]
 [  0  13 372  42   6  19]
 [  0  14  24 401   7   7]
 [  4  22   3  14 294  24]
 [  0  13  11   6  16 264]]";0.6873126873126874;0.6111757010269568;"[[  4  22   6  29  13   6]
 [  2 108  35  11  15   6]
 [  2   8 147  25   9  10]
 [  0   5  26 172   5   3]
 [  1  16   1  14 133  14]
 [  0   4  12   2  11 124]]";282;[25 53 47 57 47 53]
1184;CiteSeer;own;-1;0.2;64;0.5;1;0.005;1416030975;0.9479166666666666;0.9339185004351429;"[[18  3  2  2  0  0]
 [ 0 54  0  0  0  1]
 [ 0  0 48  0  0  0]
 [ 0  2  1 55  0  0]
 [ 2  0  0  0 45  2]
 [ 0  0  0  0  0 53]]";0.7698724239450442;0.6771232356873509;"[[  8  33  12  39  19  13]
 [  1 235  57  10  29  11]
 [  0  10 378  36   8  18]
 [  0  14  32 388  12   6]
 [  3  19   3  12 298  24]
 [  0  13  12   5  18 262]]";0.6763236763236763;0.5982284651377421;"[[  3  24  10  24  13   6]
 [  3 100  41   9  18   6]
 [  2   5 152  24   9   9]
 [  0   5  29 167   7   3]
 [  1  15   1  14 135  13]
 [  0   3  15   3  12 120]]";288;[25 55 48 58 49 53]
1185;CiteSeer;own;-1;0.2;64;0.5;1;0.005;1416030975;0.9489795918367347;0.9317406095592751;"[[17  3  2  2  1  0]
 [ 0 56  0  0  0  1]
 [ 0  0 49  0  0  0]
 [ 0  2  1 56  0  0]
 [ 2  0  0  0 47  1]
 [ 0  0  0  0  0 54]]";0.7785433070866141;0.6832078768929607;"[[  7  42   7  39  17  12]
 [  0 250  47  12  18  14]
 [  0  16 373  32   7  21]
 [  0  14  30 392   9   6]
 [  1  24   4  13 292  24]
 [  0  11  10   6  14 268]]";0.6923076923076923;0.6128258182902492;"[[  3  24   7  26  13   7]
 [  2 112  35  11  11   6]
 [  2   7 148  23   8  13]
 [  0   6  26 169   7   3]
 [  0  16   1  14 135  13]
 [  0   2  12   3  10 126]]";294;[25 57 49 59 50 54]
1186;CiteSeer;own;-1;0.2;64;0.5;1;0.005;1416030975;0.95;0.9336994576247076;"[[18  3  2  2  2  0]
 [ 0 58  0  0  0  0]
 [ 0  0 49  0  0  0]
 [ 0  2  1 57  0  0]
 [ 1  0  0  0 48  1]
 [ 0  0  1  0  0 55]]";0.7714708785784797;0.674662051710833;"[[  6  42   7  39  19  11]
 [  0 243  49  15  21  13]
 [  0  12 371  33   9  21]
 [  0  13  33 391   9   5]
 [  1  21   4  14 290  24]
 [  0  10  13   7  18 262]]";0.6903096903096904;0.611081821445356;"[[  3  23   6  28  14   6]
 [  2 107  38  12  13   5]
 [  2   6 152  23   9   9]
 [  0   6  27 168   7   3]
 [  0  15   1  13 138  12]
 [  0   2  13   3  12 123]]";300;[27 58 49 60 50 56]
1187;CiteSeer;own;-1;0.2;64;0.5;1;0.005;1416030975;0.9477124183006536;0.9299059398039681;"[[18  3  2  2  2  0]
 [ 0 59  0  0  0  0]
 [ 0  0 50  0  0  0]
 [ 0  2  1 58  0  0]
 [ 2  0  0  0 49  1]
 [ 0  0  1  0  0 56]]";0.7742574257425743;0.6767583045027425;"[[  6  42   9  38  17  13]
 [  0 238  47  16  22  15]
 [  0  11 373  33   8  21]
 [  0  13  31 388  10   6]
 [  0  21   3  11 295  24]
 [  0   7  14   6  18 264]]";0.6903096903096904;0.6109366805130153;"[[  3  21   6  27  16   7]
 [  2 107  39  11  13   5]
 [  1   7 151  23  10   9]
 [  0   6  25 165  12   3]
 [  0  15   1  11 140  12]
 [  0   2  12   3  11 125]]";306;[27 59 50 61 52 57]
1188;CiteSeer;own;-1;0.2;64;0.5;1;0.005;1416030975;0.9455128205128205;0.9306010501412714;"[[19  3  2  2  2  0]
 [ 0 59  0  0  0  0]
 [ 0  0 50  0  0  0]
 [ 0  2  1 60  0  0]
 [ 1  0  0  0 51  1]
 [ 0  1  1  0  1 56]]";0.7750744786494538;0.6780719215763439;"[[  6  42   9  41  13  12]
 [  0 244  45  21  18  12]
 [  0  10 363  39   7  19]
 [  0  11  27 400   8   6]
 [  0  22   4  14 290  23]
 [  0  10  13  10  17 258]]";0.6963036963036963;0.6153300722704874;"[[  3  23   5  30  13   6]
 [  2 108  35  13  14   5]
 [  2   7 147  26   9  10]
 [  0   6  18 177   6   4]
 [  0  16   1  13 136  13]
 [  0   2  11   3  11 126]]";312;[28 59 50 63 53 59]
1189;CiteSeer;own;-1;0.2;64;0.5;1;0.005;1416030975;0.949685534591195;0.9369259084788556;"[[20  3  2  2  2  0]
 [ 0 57  0  0  0  2]
 [ 0  0 51  0  0  0]
 [ 0  2  1 61  0  0]
 [ 0  0  0  0 54  1]
 [ 0  0  1  0  0 59]]";0.7729083665338645;0.6732431736733083;"[[  5  39  11  37  18  13]
 [  1 233  49  15  26  16]
 [  0   8 368  31   7  23]
 [  0  12  34 387  11   7]
 [  0  19   4   9 294  24]
 [  0   7  12   6  17 265]]";0.6773226773226774;0.5999090648412045;"[[  4  19   8  26  14   9]
 [  2  98  39  10  21   7]
 [  2   5 148  22   9  15]
 [  0   6  21 168  11   5]
 [  0  15   2  12 133  17]
 [  0   2  11   2  11 127]]";318;[29 59 51 64 55 60]
1190;CiteSeer;own;-1;0.2;64;0.5;1;0.005;1416030975;0.9537037037037037;0.9414011119270307;"[[21  3  2  2  2  0]
 [ 0 59  0  0  0  1]
 [ 0  0 52  0  0  0]
 [ 0  2  1 62  0  0]
 [ 0  0  0  0 55  1]
 [ 0  0  1  0  0 60]]";0.7707292707292708;0.6699607824462915;"[[  4  40  11  39  18  10]
 [  0 234  54  17  20  12]
 [  0  10 368  36   8  15]
 [  0  14  34 391   9   3]
 [  0  20   4  13 290  22]
 [  0  10  15   8  17 256]]";0.6853146853146853;0.6090318531260916;"[[  4  21   8  29  11   7]
 [  2 102  41  11  16   5]
 [  1   8 150  27   8   7]
 [  0   6  22 173   8   2]
 [  0  17   2  13 134  13]
 [  0   2  14   3  11 123]]";324;[30 60 52 65 56 61]
1191;CiteSeer;own;-1;0.2;64;0.5;1;0.005;1416030975;0.9424242424242424;0.9271001496183433;"[[21  4  2  1  3  0]
 [ 0 61  0  0  0  1]
 [ 1  0 51  0  0  0]
 [ 1  2  2 61  0  0]
 [ 0  0  0  0 56  1]
 [ 0  0  1  0  0 61]]";0.7715430861723447;0.6727588894452823;"[[  5  40   9  38  18  14]
 [  1 230  52  15  21  14]
 [  0  10 362  34   8  21]
 [  0  13  32 386  10   8]
 [  0  16   4  14 294  22]
 [  0   7  12   7  16 263]]";0.6763236763236763;0.5937721515320283;"[[  2  21   5  27  17   8]
 [  5  99  39  10  19   5]
 [  0   8 149  25   8  11]
 [  0   7  21 167  10   6]
 [  0  16   2  12 133  16]
 [  0   2  11   2  11 127]]";330;[31 62 52 66 57 62]
1192;CiteSeer;own;-1;0.2;64;0.5;1;0.005;1416030975;0.9523809523809523;0.9433758441025599;"[[25  2  1  1  2  1]
 [ 0 62  0  0  0  1]
 [ 1  0 52  0  0  0]
 [ 1  2  2 62  0  0]
 [ 0  0  0  0 56  1]
 [ 0  0  0  0  1 63]]";0.7683417085427136;0.6699542891540694;"[[  5  39   7  41  18  13]
 [  2 223  55  17  23  12]
 [  0   9 360  36   9  20]
 [  0  13  32 386  10   7]
 [  0  14   4  14 295  22]
 [  0   6  14   7  17 260]]";0.6843156843156843;0.60728713501539;"[[  4  20   6  28  14   8]
 [  5 103  38  10  15   6]
 [  0   6 151  25   9  10]
 [  0   6  21 170  10   4]
 [  0  16   2  13 133  15]
 [  0   2  11   3  13 124]]";336;[32 63 53 67 57 64]
1193;CiteSeer;own;-1;0.2;64;0.5;1;0.005;1416030975;0.9473684210526315;0.9348413664700206;"[[23  4  1  1  2  1]
 [ 0 63  0  0  0  1]
 [ 1  0 52  0  0  0]
 [ 1  2  2 64  0  0]
 [ 0  1  0  0 57  1]
 [ 0  0  0  0  0 65]]";0.7716733870967742;0.6704997498000793;"[[  4  45   9  38  16  11]
 [  0 223  49  17  22  11]
 [  0   9 361  38   6  20]
 [  0  12  30 386  11   7]
 [  0  22   4  14 295  20]
 [  0   6  14   7  15 262]]";0.6853146853146853;0.6053889643772449;"[[  3  20   6  27  15   9]
 [  4 104  38  10  15   6]
 [  1   7 151  26   8   8]
 [  0   6  21 169  10   5]
 [  0  15   1  13 133  17]
 [  0   2  12   4   9 126]]";342;[32 64 53 69 59 65]
1194;CiteSeer;own;-1;0.2;64;0.5;1;0.005;1416030975;0.9482758620689655;0.9379801890651441;"[[24  3  1  1  2  1]
 [ 1 64  0  0  0  0]
 [ 0  0 54  0  0  0]
 [ 1  3  2 65  0  0]
 [ 0  1  0  0 58  1]
 [ 0  1  0  0  0 65]]";0.7704752275025278;0.6689782542522585;"[[  4  45   9  37  15  11]
 [  0 216  54  20  21  13]
 [  0   9 353  42   7  18]
 [  0  12  27 393  12   6]
 [  0  18   3  12 298  19]
 [  0   5  14   8  17 260]]";0.6843156843156843;0.604362359911071;"[[  3  19   7  28  15   8]
 [  4 101  36  12  19   5]
 [  1   7 147  30   8   8]
 [  0   5  19 173  10   4]
 [  0  15   1  12 135  16]
 [  0   2  12   3  10 126]]";348;[32 65 54 71 60 66]
1195;CiteSeer;own;-1;0.2;64;0.5;1;0.005;1416030975;0.9463276836158192;0.9322202509965489;"[[24  3  1  2  3  1]
 [ 3 63  0  0  1  0]
 [ 0  0 55  0  0  0]
 [ 1  2  0 68  0  0]
 [ 0  0  0  0 59  1]
 [ 0  1  0  0  0 66]]";0.7626774847870182;0.6591507660587309;"[[  3  38   9  38  20  12]
 [  2 203  57  22  24  15]
 [  0   8 348  41   8  22]
 [  0  11  28 387  13   5]
 [  0   9   3  17 306  20]
 [  0   5  13  10  18 257]]";0.6803196803196803;0.6039462562070159;"[[  4  18   7  27  16   8]
 [  4  99  34  14  20   6]
 [  1   6 143  31   8  12]
 [  0   4  22 170  11   4]
 [  0  11   1  13 139  15]
 [  0   2  12   2  11 126]]";354;[34 67 55 71 60 67]
1196;CiteSeer;own;-1;0.2;64;0.5;1;0.005;1416030975;0.9527777777777777;0.9392055598698907;"[[24  4  1  2  3  1]
 [ 0 69  0  0  0  0]
 [ 0  0 56  0  0  0]
 [ 1  2  1 67  0  0]
 [ 0  0  0  0 60  1]
 [ 0  0  1  0  0 67]]";0.7731434384537131;0.6634416738392823;"[[  1  42   5  35  21  14]
 [  0 217  52  16  23  14]
 [  0  11 353  39   7  16]
 [  0  12  26 390  11   5]
 [  0   9   4  18 303  20]
 [  0   4  14  10  18 256]]";0.6873126873126874;0.6075914396370101;"[[  3  21   5  26  16   9]
 [  2 105  31  12  21   6]
 [  1   7 144  32   9   8]
 [  0   5  21 170  11   4]
 [  0  13   1  13 139  13]
 [  0   2  12   2  10 127]]";360;[35 69 56 71 61 68]
1197;CiteSeer;own;-1;0.2;64;0.5;1;0.005;1416030975;0.9480874316939891;0.9319091212848803;"[[23  5  1  3  3  1]
 [ 0 69  0  0  0  0]
 [ 0  0 58  0  0  0]
 [ 0  2  0 70  0  0]
 [ 1  0  0  0 60  1]
 [ 0  1  1  0  0 67]]";0.7729591836734694;0.6624261849382181;"[[  1  41   7  35  19  14]
 [  0 212  58  16  22  13]
 [  0  11 355  36   6  16]
 [  0  12  25 390  11   5]
 [  0  10   4  15 307  17]
 [  0   4  16   8  24 250]]";0.6883116883116883;0.6079153256968387;"[[  3  22   6  26  15   8]
 [  2 102  32  13  20   8]
 [  2   6 148  29   8   8]
 [  0   5  21 169  12   4]
 [  0  12   1  12 141  13]
 [  0   2  12   2  11 126]]";366;[36 69 58 72 62 69]
1198;CiteSeer;own;-1;0.2;64;0.5;1;0.005;1416030975;0.9489247311827957;0.9378943021617482;"[[27  4  2  3  2  0]
 [ 0 70  1  0  0  0]
 [ 1  0 57  0  0  0]
 [ 0  2  0 71  0  0]
 [ 0  0  0  0 61  1]
 [ 0  1  1  0  1 67]]";0.7666325486182191;0.6644222033577272;"[[  4  38   9  34  19  12]
 [  0 200  63  18  22  16]
 [  0  10 349  35   6  20]
 [  0  10  33 383  12   6]
 [  0   9   4  15 305  18]
 [  0   2  19   7  19 257]]";0.6853146853146853;0.6092947346432741;"[[  4  21   7  26  14   8]
 [  3 104  31  13  21   5]
 [  2   6 148  28   8   9]
 [  1   6  21 166  14   3]
 [  0  13   1  12 137  16]
 [  0   2  12   2  10 127]]";372;[38 71 58 73 62 70]
1199;CiteSeer;own;-1;0.2;64;0.5;1;0.005;1416030975;0.955026455026455;0.9472937536254151;"[[30  3  1  3  2  0]
 [ 0 71  1  0  0  0]
 [ 1  0 58  1  0  0]
 [ 0  2  0 71  0  0]
 [ 0  0  0  0 62  1]
 [ 0  1  0  0  1 69]]";0.7761806981519507;0.6773309164437354;"[[  6  35   5  33  18  17]
 [  2 213  45  19  27  15]
 [  0   9 344  38   5  23]
 [  0  10  23 385  12   8]
 [  0  11   4  12 305  20]
 [  0   4  13   8  20 259]]";0.6843156843156843;0.6064257481629051;"[[  4  23   5  25  14   9]
 [  2 102  30  13  23   7]
 [  1   7 145  29   8  11]
 [  0   6  19 170  12   4]
 [  0  11   1  11 137  19]
 [  0   2  11   2  11 127]]";378;[39 72 60 73 63 71]
1200;CiteSeer;own;-1;0.2;64;0.5;1;0.005;1416030975;0.9609375;0.9547693634924376;"[[32  2  1  3  2  0]
 [ 1 72  0  0  0  0]
 [ 0  0 60  1  0  0]
 [ 0  2  0 73  0  0]
 [ 0  0  0  0 62  2]
 [ 0  1  0  0  0 70]]";0.7739443872296602;0.6787802241595867;"[[  7  36   7  34  18  11]
 [  0 226  41  21  19  13]
 [  0   9 345  39   7  19]
 [  0  12  26 382  10   6]
 [  2  11   5  14 303  29]
 [  0   6  14  11  19 240]]";0.6973026973026973;0.628569557750278;"[[  7  23   6  25  11   8]
 [  2 114  27  13  17   4]
 [  0  10 148  28   8   7]
 [  0   9  17 171  11   3]
 [  0  14   1  13 134  17]
 [  0   2  14   2  11 124]]";384;[40 73 61 75 64 71]
1201;CiteSeer;own;-1;0.2;64;0.5;1;0.005;1416030975;0.9564102564102565;0.9493304951573308;"[[32  2  2  3  2  0]
 [ 1 72  0  0  0  1]
 [ 0  0 61  2  0  0]
 [ 0  2  0 73  0  0]
 [ 0  0  0  0 62  2]
 [ 0  0  0  0  0 73]]";0.7768595041322314;0.6771769477551186;"[[  5  35   6  36  16  15]
 [  0 229  35  20  19  15]
 [  0  10 342  41   7  21]
 [  0  15  21 379  10   7]
 [  2  11   5  14 301  31]
 [  0   1  13  11  15 248]]";0.6903096903096904;0.6219155003271762;"[[  7  23   4  27  11   8]
 [  2 110  28  13  18   6]
 [  0  13 142  28   8  10]
 [  0   9  17 171  10   4]
 [  0  13   1  13 134  18]
 [  0   2  12   2  10 127]]";390;[41 74 63 75 64 73]
1202;CiteSeer;own;-1;0.2;64;0.5;1;0.005;1416030975;0.9570707070707071;0.950117130692592;"[[33  3  2  3  2  0]
 [ 0 74  0  0  0  0]
 [ 0  0 62  2  0  0]
 [ 0  2  0 74  0  0]
 [ 0  0  0  0 62  2]
 [ 0  0  0  0  1 74]]";0.7808290155440415;0.6780686560550833;"[[  4  36   5  35  16  15]
 [  0 230  37  20  19  12]
 [  0  11 340  41   6  22]
 [  0  15  19 381   9   7]
 [  2  12   4  13 303  28]
 [  0   1  11  10  17 249]]";0.6943056943056943;0.6222999764249394;"[[  6  23   4  26  12   9]
 [  2 113  27  12  18   5]
 [  1  10 146  26   8  10]
 [  0   8  17 171  11   4]
 [  0  13   1  13 133  19]
 [  0   2  13   2  10 126]]";396;[43 74 64 76 64 75]
1203;CiteSeer;own;-1;0.2;64;0.5;1;0.005;1416030975;0.9552238805970149;0.9486223950747602;"[[33  4  2  3  1  0]
 [ 0 75  1  0  0  1]
 [ 0  0 64  0  0  0]
 [ 0  2  1 73  0  0]
 [ 0  0  0  0 64  2]
 [ 0  0  0  0  1 75]]";0.7817047817047817;0.6785734588606385;"[[  4  39   7  33  13  15]
 [  0 228  46  13  18  13]
 [  0  10 349  33   6  21]
 [  0  19  25 370   9   6]
 [  2  12   4   8 308  26]
 [  0   1  14  10  17 245]]";0.7062937062937062;0.6334548588786628;"[[  6  21   7  25  12   9]
 [  3 118  30   9  13   4]
 [  0   8 153  24   8   8]
 [  0   9  19 170   9   4]
 [  0  12   1  13 136  17]
 [  0   2  15   2  10 124]]";402;[43 77 64 76 66 76]
1204;CiteSeer;own;-1;0.2;64;0.5;1;0.005;1416030975;0.9558823529411765;0.9498162246245538;"[[34  4  1  3  1  1]
 [ 0 75  1  0  0  1]
 [ 0  0 65  0  0  0]
 [ 0  2  0 75  0  0]
 [ 0  1  0  0 65  2]
 [ 0  0  0  0  1 76]]";0.7815432742440042;0.6834525657951948;"[[  6  34   7  36  15  12]
 [  0 225  32  20  25  14]
 [  0  12 335  43   7  21]
 [  0  15  18 381   9   5]
 [  3   9   4  11 309  24]
 [  0   1  13  11  18 243]]";0.6913086913086913;0.6191480769949997;"[[  6  20   5  28  12   9]
 [  4 109  27  14  17   6]
 [  0  11 144  26   8  12]
 [  0   8  17 174   8   4]
 [  0  12   1  13 138  15]
 [  0   3  14   3  12 121]]";408;[44 77 65 77 68 77]
1205;CiteSeer;own;-1;0.2;64;0.5;1;0.005;1416030975;0.9492753623188406;0.9408069188981396;"[[33  4  2  3  1  1]
 [ 1 75  1  1  0  1]
 [ 0  0 66  0  0  0]
 [ 0  2  0 75  0  0]
 [ 1  0  0  0 67  2]
 [ 0  0  0  0  1 77]]";0.7782426778242678;0.6777011675738924;"[[  5  38   7  31  14  14]
 [  0 216  47  14  21  16]
 [  0  11 342  35   6  23]
 [  1  14  26 370  11   6]
 [  3   5   6  10 313  22]
 [  0   1  15  10  17 242]]";0.6973026973026973;0.6244007630407732;"[[  6  18   9  24  13  10]
 [  3 108  32  10  18   6]
 [  0   6 153  23   8  11]
 [  0   7  20 169  11   4]
 [  1   9   1  13 139  16]
 [  0   3  14   2  11 123]]";414;[44 79 66 77 70 78]
1206;CiteSeer;own;-1;0.2;64;0.5;1;0.005;1416030975;0.9523809523809523;0.9462282317081332;"[[34  4  1  3  2  0]
 [ 0 76  1  1  0  1]
 [ 0  0 68  0  0  0]
 [ 0  2  0 76  1  0]
 [ 0  0  0  0 68  2]
 [ 0  0  0  0  2 78]]";0.7759706190975866;0.6705374265736411;"[[  3  32   8  32  20  13]
 [  0 209  48  17  26  12]
 [  0   9 337  42   8  23]
 [  0  15  23 372   9   6]
 [  2   6   4  10 318  16]
 [  0   1  14  12  19 240]]";0.7012987012987013;0.6261091216078584;"[[  5  18  10  24  16   7]
 [  2 107  31  12  23   2]
 [  0   8 149  27   8   9]
 [  0   8  19 170  10   4]
 [  0   9   1  11 148  10]
 [  0   3  14   2  11 123]]";420;[44 79 68 79 70 80]
1207;CiteSeer;own;-1;0.2;64;0.5;1;0.005;1932968203;0.0;0.0;[[]];0.16165090283748926;0.1448739708424951;"[[ 32  10  18  14  44  66]
 [ 71  24  71  33  81 133]
 [138  30  43  18  69 169]
 [ 83  36  99  19  56 197]
 [ 59  11  43  13 130 161]
 [ 68  29  30  17  83 128]]";0.17082917082917082;0.14886917068200664;"[[12  3 10  6 14 35]
 [23 10 29 14 30 71]
 [68 14 14 17 31 57]
 [32 12 38  9 26 94]
 [19  3 15  8 64 70]
 [20 10 10  4 47 62]]";0;[]
1208;CiteSeer;own;-1;0.2;64;0.5;1;0.005;1932968203;0.3333333333333333;0.125;"[[0 1 0 0]
 [0 2 0 0]
 [0 2 0 0]
 [0 1 0 0]]";0.22370689655172413;0.0632319167494294;"[[  0   0 177   0   0   0]
 [  0   3 391   0   0   0]
 [  0   0 516   0   0   0]
 [  0   0 470   0   0   0]
 [  0   0 410   0   0   0]
 [  0   0 353   0   0   0]]";0.2017982017982018;0.057659503472449615;"[[  0   0  80   0   0   0]
 [  0   1 176   0   0   0]
 [  0   0 201   0   0   0]
 [  0   0 211   0   0   0]
 [  0   0 179   0   0   0]
 [  0   0 153   0   0   0]]";6;[0 1 2 2 1]
1209;CiteSeer;own;-1;0.2;64;0.5;1;0.005;1932968203;0.5833333333333334;0.5933333333333334;"[[0 2 1 0 0]
 [0 2 0 0 0]
 [0 0 2 0 0]
 [0 2 0 2 0]
 [0 0 0 0 1]]";0.3180639585133967;0.16330701685448007;"[[  0  79 100   0   0   0]
 [  0 278 121   0   0   0]
 [  0  52 457   0   0   0]
 [  0  71 407   0   0   0]
 [  0  67 328   0   1   0]
 [  0  35 318   0   0   0]]";0.3046953046953047;0.16169054193265106;"[[  0  23  57   0   0   0]
 [  0 118  59   0   0   0]
 [  0  16 185   0   0   0]
 [  0  43 166   2   0   0]
 [  0  31 148   0   0   0]
 [  0   9 144   0   0   0]]";12;[3 2 2 4 1]
1210;CiteSeer;own;-1;0.2;64;0.5;1;0.005;1932968203;0.8888888888888888;0.858095238095238;"[[3 0 0 0 1]
 [0 3 0 0 0]
 [0 0 2 0 0]
 [0 0 0 7 0]
 [0 0 0 1 1]]";0.40294627383015597;0.2718993021246329;"[[  4  25  59  87   0   0]
 [  0 192  75 132   0   0]
 [  0  21 428  59   0   0]
 [  1   7 163 299   0   0]
 [  0   9  93 295   7   0]
 [  0   1 163 188   0   0]]";0.3986013986013986;0.2652252059112577;"[[  2   9  32  37   0   0]
 [  0  80  44  53   0   0]
 [  1   7 173  20   0   0]
 [  1   3  63 144   0   0]
 [  0   8  44 127   0   0]
 [  0   0  63  90   0   0]]";18;[4 3 2 7 2]
1211;CiteSeer;own;-1;0.2;64;0.5;1;0.005;1932968203;0.875;0.8428571428571429;"[[3 0 0 0 1]
 [0 3 0 0 0]
 [1 1 3 0 0]
 [0 0 0 9 0]
 [0 0 0 0 3]]";0.45482189400521283;0.358177413861864;"[[  4  38  88  24  19   0]
 [  0 231 132  22  14   0]
 [  0  21 462  19   5   0]
 [  1  16 258 187   6   0]
 [  0  15 207  18 163   0]
 [  0   4 271  48  29   0]]";0.4305694305694306;0.3430026048668509;"[[  2  11  49  10   8   0]
 [  0  89  70  12   6   0]
 [  1   9 180   8   3   0]
 [  2   8 107  91   3   0]
 [  0  11  81  18  69   0]
 [  0   0 119  20  14   0]]";24;[4 3 5 9 3]
1212;CiteSeer;own;-1;0.2;64;0.5;1;0.005;1932968203;0.8666666666666667;0.7222222222222222;"[[5 0 0 0 1 0]
 [0 4 0 0 0 0]
 [1 0 3 0 1 0]
 [0 0 0 9 0 0]
 [0 0 0 0 5 0]
 [0 0 1 0 0 0]]";0.4690766550522648;0.3521704211542172;"[[  5  76  72   9  11   0]
 [  1 284 110   6  10   0]
 [  0  30 452  10  15   0]
 [  1  39 269 122  34   0]
 [  0 124  55   1 214   0]
 [  0  67 198   9  72   0]]";0.4565434565434565;0.34760948231253647;"[[  2  28  39   3   8   0]
 [  1 113  53   4   6   0]
 [  1   9 177   3  11   0]
 [  2  12 120  60  17   0]
 [  0  52  22   0 105   0]
 [  0  36  71   1  45   0]]";30;[6 4 5 9 5 1]
1213;CiteSeer;own;-1;0.2;64;0.5;1;0.005;1932968203;0.8611111111111112;0.7317899964958788;"[[ 5  0  0  0  1  0]
 [ 1  4  0  0  0  0]
 [ 1  0  5  0  0  0]
 [ 0  0  0 10  0  0]
 [ 0  0  0  0  7  0]
 [ 0  0  0  0  2  0]]";0.505240174672489;0.37126249088682234;"[[  3  25  65  10  65   0]
 [  2 206 136   8  57   0]
 [  0  14 471   8  24   0]
 [  1  15 243 128  72   0]
 [  0  25  16   4 349   0]
 [  0   6 100   9 228   0]]";0.4695304695304695;0.35314684529631873;"[[  2   9  41   3  25   0]
 [  1  73  74   4  25   0]
 [  1   8 171   3  18   0]
 [  2   6 112  64  27   0]
 [  0  12   6   1 160   0]
 [  0   4  42   1 106   0]]";36;[ 6  5  6 10  7  2]
1214;CiteSeer;own;-1;0.2;64;0.5;1;0.005;1932968203;0.8095238095238095;0.6973494341915395;"[[ 5  1  0  0  1  0]
 [ 1  6  0  0  0  0]
 [ 1  0  5  0  0  0]
 [ 1  0  0 10  0  0]
 [ 0  0  0  0  8  0]
 [ 0  0  0  1  2  0]]";0.5175131348511384;0.3822152889343066;"[[  2  28  48  10  78   0]
 [  2 226 100  10  69   0]
 [  0  21 451  13  31   0]
 [  1  22 216 144  76   0]
 [  0  18  11   5 359   0]
 [  0   8  57  10 268   0]]";0.4865134865134865;0.36943391449205404;"[[  2  11  34   3  30   0]
 [  1  82  54   4  36   0]
 [  1  11 165   3  21   0]
 [  2   8 102  74  25   0]
 [  0  10   2   3 164   0]
 [  0   2  27   3 121   0]]";42;[ 7  7  6 11  8  3]
1215;CiteSeer;own;-1;0.2;64;0.5;1;0.005;1932968203;0.8125;0.6963134331555385;"[[ 5  0  1  0  1  0]
 [ 2  8  0  0  0  0]
 [ 0  0  6  0  0  0]
 [ 1  0  0 12  0  0]
 [ 0  0  0  0  8  0]
 [ 0  1  1  1  1  0]]";0.5364354697102721;0.39680744008073526;"[[  2  70  44   9  41   0]
 [  1 280  92   7  24   0]
 [  0  33 449  16  18   0]
 [  1  41 216 158  41   0]
 [  0  37  14   7 333   0]
 [  0  30  78  25 211   0]]";0.5024975024975025;0.3839740677269221;"[[  2  26  29   4  19   0]
 [  1 117  46   2  11   0]
 [  0  19 164   2  16   0]
 [  2  15 104  77  13   0]
 [  0  23   7   6 143   0]
 [  0  10  36   6 101   0]]";48;[ 7 10  6 13  8  4]
1216;CiteSeer;own;-1;0.2;64;0.5;1;0.005;1932968203;0.7777777777777778;0.6658827019238919;"[[ 4  1  1  0  1  0]
 [ 1 10  0  0  0  0]
 [ 0  0  7  0  0  0]
 [ 2  0  0 13  0  0]
 [ 0  0  0  0  8  0]
 [ 0  1  4  0  1  0]]";0.5154049295774648;0.38529655277057057;"[[  2  67  75   6  14   0]
 [  1 254 128   4  10   0]
 [  0  20 490  12   8   0]
 [  0  30 260 140  20   0]
 [  0  50  44  11 285   0]
 [  0  43 174  22 102   0]]";0.48151848151848153;0.3726011734176937;"[[  2  20  42   4  12   0]
 [  1 103  67   2   4   0]
 [  0   9 184   2   6   0]
 [  2  11 120  73   5   0]
 [  0  30  22   7 120   0]
 [  0  23  75   6  49   0]]";54;[ 7 11  7 15  8  6]
1217;CiteSeer;own;-1;0.2;64;0.5;1;0.005;1932968203;0.9;0.8694095151672285;"[[ 3  1  2  0  1  0]
 [ 0 14  0  0  0  0]
 [ 0  0  7  0  0  0]
 [ 2  0  0 13  0  0]
 [ 0  0  0  0  9  0]
 [ 0  0  0  0  0  8]]";0.6063548102383054;0.517141303212093;"[[  1  84  50   3  18   8]
 [  0 292  88   3   8   3]
 [  0  17 487  16   9   1]
 [  0  35 235 151  21   8]
 [  0  57  31  10 285   6]
 [  0  40  86   8  47 158]]";0.5884115884115884;0.5167780685808115;"[[  1  26  34   4  13   2]
 [  0 125  44   1   6   1]
 [  0   8 181   1  10   1]
 [  0  19 102  81   6   3]
 [  0  33  16   5 123   2]
 [  0  19  34   2  20  78]]";60;[ 7 14  7 15  9  8]
1218;CiteSeer;own;-1;0.2;64;0.5;1;0.005;1932968203;0.9090909090909091;0.8557629870129869;"[[ 2  1  2  2  1  0]
 [ 0 16  0  0  0  0]
 [ 0  0  7  0  0  0]
 [ 0  0  0 15  0  0]
 [ 0  0  0  0 10  0]
 [ 0  0  0  0  0 10]]";0.6199115044247787;0.5273973494793242;"[[  2  39  26   5  45  49]
 [  0 233  62   3  32  64]
 [  0  13 423   8  23  15]
 [  0  13 193 144  44  55]
 [  0  17  12   3 350  11]
 [  0   3  55   5  64 249]]";0.6023976023976024;0.5226517458422334;"[[  2   9  22   3  21  23]
 [  0  94  30   2  14  37]
 [  0   5 165   3  18  10]
 [  0  10  81  78  16  26]
 [  0  13   2   1 153  10]
 [  0   1  13   1  27 111]]";66;[ 8 16  7 15 10 10]
1219;CiteSeer;own;-1;0.2;64;0.5;1;0.005;1932968203;0.9305555555555556;0.9045387114440823;"[[ 4  1  1  2  1  0]
 [ 0 18  0  0  0  0]
 [ 0  0  8  0  0  0]
 [ 0  0  0 16  0  0]
 [ 0  0  0  0 11  0]
 [ 0  0  0  0  0 10]]";0.6202307009760426;0.5288201680715264;"[[  2  34  35   1  45  46]
 [  0 227  71   5  26  62]
 [  0  10 412   8  21  31]
 [  0  17 213 140  37  39]
 [  0  12  16   4 355  11]
 [  0   3  39   5  65 262]]";0.5904095904095904;0.5152235186482974;"[[  2  11  26   1  24  16]
 [  0  92  36   2  14  33]
 [  0   4 156   2  17  22]
 [  0  11  97  77  12  14]
 [  0  12   3   2 153   9]
 [  0   1  13   1  27 111]]";72;[ 9 18  8 16 11 10]
1220;CiteSeer;own;-1;0.2;64;0.5;1;0.005;1932968203;0.9102564102564102;0.8731020613373555;"[[ 3  1  1  3  1  0]
 [ 0 19  0  0  0  0]
 [ 0  0  8  0  0  0]
 [ 0  0  0 18  0  0]
 [ 0  0  0  1 12  0]
 [ 0  0  0  0  0 11]]";0.6654804270462633;0.5781609153982314;"[[  1  38  24   9  36  49]
 [  0 240  35  11  15  86]
 [  0  10 330  29  11  98]
 [  0  16  77 286  22  47]
 [  0  22   8  10 336  22]
 [  0   4  19  10  44 303]]";0.6233766233766234;0.5484635266335703;"[[  2  13  20   4  16  25]
 [  0  93  22   6  10  46]
 [  0   5 123   8  12  53]
 [  0  11  38 142   8  12]
 [  0  18   2   3 142  14]
 [  0   2   7   2  20 122]]";78;[ 9 19  8 18 13 11]
1221;CiteSeer;own;-1;0.2;64;0.5;1;0.005;1932968203;0.9404761904761905;0.9201413085559428;"[[ 5  1  1  1  1  0]
 [ 0 20  0  0  0  0]
 [ 0  0 10  0  0  0]
 [ 0  0  0 19  0  0]
 [ 0  0  0  1 13  0]
 [ 0  0  0  0  0 12]]";0.64049955396967;0.5520596378006476;"[[  1  30  54   7  39  26]
 [  0 193 130   5  26  30]
 [  0   5 447  13  14   6]
 [  0  14 184 209  29   9]
 [  0  10  26   1 354   7]
 [  0   1  66   8  66 232]]";0.5984015984015985;0.526360680243195;"[[  2   8  35   2  22  11]
 [  0  75  64   4  15  19]
 [  0   2 178   5   9   7]
 [  0   5  90 105   8   3]
 [  0  11  14   1 145   8]
 [  0   2  28   0  29  94]]";84;[ 9 20 10 19 14 12]
1222;CiteSeer;own;-1;0.2;64;0.5;1;0.005;1932968203;0.9222222222222223;0.9069861919126625;"[[ 6  1  1  1  1  0]
 [ 0 20  0  0  0  0]
 [ 0  1 12  0  0  0]
 [ 1  0  0 18  1  0]
 [ 0  0  0  0 15  0]
 [ 0  0  0  0  0 12]]";0.6426654740608229;0.5530846516898105;"[[  2  35  49   4  39  27]
 [  0 197 122   5  22  28]
 [  0   5 472   9  17   9]
 [  0  16 191 197  32   9]
 [  0  14  25   0 351   6]
 [  0  12  59   4  60 218]]";0.5954045954045954;0.5278390046187721;"[[  3   9  33   2  22  11]
 [  0  84  57   3  14  19]
 [  0   3 177   4  10   7]
 [  2   5  92  98  11   3]
 [  0  12  15   1 143   8]
 [  0   3  29   0  30  91]]";90;[10 20 13 20 15 12]
1223;CiteSeer;own;-1;0.2;64;0.5;1;0.005;1932968203;0.9375;0.9245182119283163;"[[ 7  1  1  1  1  0]
 [ 0 21  0  0  0  0]
 [ 0  0 14  0  0  0]
 [ 1  0  0 19  1  0]
 [ 0  0  0  0 16  0]
 [ 0  0  0  0  0 13]]";0.6704035874439462;0.5764769321103727;"[[  1  49  53   2  36  15]
 [  0 229 105   5  18  16]
 [  0   4 500  14  15   7]
 [  0  18 152 231  28   6]
 [  0  19  24   2 341   6]
 [  0  15  62   4  60 193]]";0.6323676323676324;0.5653707823297422;"[[  4  15  32   2  20   7]
 [  0 103  54   3   9   8]
 [  0   5 179   4  10   3]
 [  1   6  72 120   9   3]
 [  0  17  13   1 143   5]
 [  0   3  35   2  29  84]]";96;[11 21 14 21 16 13]
1224;CiteSeer;own;-1;0.2;64;0.5;1;0.005;1932968203;0.9411764705882353;0.926086569362186;"[[ 7  1  1  1  1  0]
 [ 0 22  0  0  0  0]
 [ 0  0 15  0  0  0]
 [ 0  0  0 21  1  0]
 [ 0  0  0  0 16  0]
 [ 0  0  1  0  0 15]]";0.6951438848920863;0.5982871528018378;"[[  1  42  46   6  37  24]
 [  0 245  84   5  18  23]
 [  0   6 491  15  15   5]
 [  0  22 122 250  31   9]
 [  0  17  22   1 343   8]
 [  0  10  50   7  53 216]]";0.6543456543456544;0.5845407657207454;"[[  4  13  30   2  21  10]
 [  0 102  50   3  10  12]
 [  0   8 175   4  12   2]
 [  0   9  61 127  11   3]
 [  0  14   9   1 148   7]
 [  0   1  27   0  26  99]]";102;[11 22 15 22 16 16]
1225;CiteSeer;own;-1;0.2;64;0.5;1;0.005;1932968203;0.9537037037037037;0.9383241453171555;"[[ 7  1  1  1  1  0]
 [ 0 23  0  0  0  0]
 [ 0  0 15  0  0  0]
 [ 0  0  0 23  1  0]
 [ 0  0  0  0 18  0]
 [ 0  0  0  0  0 17]]";0.7042380522993688;0.6066556438214794;"[[  1  46  46   3  39  20]
 [  0 247  73   5  26  20]
 [  0  14 484  10  14   9]
 [  0  21 118 247  34  12]
 [  0  17  17   1 350   9]
 [  0  16  40   4  42 233]]";0.6713286713286714;0.5998755997287009;"[[  4  16  29   2  21   8]
 [  0 105  50   0  11  11]
 [  0   8 177   3  11   2]
 [  0  10  59 127  12   3]
 [  0  11   6   1 152   9]
 [  0   4  24   0  18 107]]";108;[11 23 15 24 18 17]
1226;CiteSeer;own;-1;0.2;64;0.5;1;0.005;1932968203;0.9649122807017544;0.9536310377420506;"[[ 8  1  1  0  1  0]
 [ 0 25  0  0  0  0]
 [ 0  0 16  0  0  0]
 [ 0  0  0 24  1  0]
 [ 0  0  0  0 19  0]
 [ 0  0  0  0  0 18]]";0.7047920433996383;0.6048023494884133;"[[  1  39  40   3  47  19]
 [  0 224  79   6  35  24]
 [  0  10 480  14  17   9]
 [  0  20 113 247  40  11]
 [  0  13  11   0 370   7]
 [  0   5  34   4  53 237]]";0.6613386613386614;0.5890969096924388;"[[  4  13  28   2  25   8]
 [  0  95  47   1  20  14]
 [  0   8 169   6  14   4]
 [  0   9  54 131  13   4]
 [  0  11   4   1 156   7]
 [  0   1  22   0  23 107]]";114;[11 25 16 25 19 18]
1227;CiteSeer;own;-1;0.2;64;0.5;1;0.005;1932968203;0.95;0.9292798656833745;"[[ 7  1  1  1  1  1]
 [ 0 27  0  0  0  0]
 [ 0  0 16  0  0  0]
 [ 0  0  0 26  1  0]
 [ 0  0  0  0 19  0]
 [ 0  0  0  0  0 19]]";0.7271078875793291;0.6260351706948374;"[[  1  33  36  17  33  25]
 [  0 237  67  10  22  31]
 [  0  10 462  26   7  14]
 [  0  22  93 306  12  10]
 [  0  18  15   4 346  13]
 [  0   8  36  10  30 252]]";0.6743256743256744;0.6003866912025262;"[[  4  15  27   4  22   8]
 [  0 102  42   8  10  15]
 [  0   8 170  10   9   4]
 [  0  10  50 140   8   3]
 [  0  11   6   6 147   9]
 [  0   4  18   2  17 112]]";120;[12 27 16 27 19 19]
1228;CiteSeer;own;-1;0.2;64;0.5;1;0.005;1932968203;0.9523809523809523;0.9411379567542525;"[[10  1  2  0  1  0]
 [ 0 28  0  0  0  0]
 [ 0  0 18  0  1  0]
 [ 0  0  0 26  1  0]
 [ 0  0  0  0 19  0]
 [ 0  0  0  0  0 19]]";0.7136363636363636;0.6111344646371534;"[[  0  35  43   9  38  17]
 [  0 223  83   5  28  27]
 [  0  11 469  13  10  15]
 [  0  21 110 274  28   9]
 [  0  12  12   3 359   9]
 [  0   8  32   4  48 245]]";0.6693306693306693;0.5959438849889868;"[[  4  12  29   3  23   9]
 [  0  97  45   6  14  15]
 [  0   7 171   7  10   6]
 [  0  12  52 132  11   4]
 [  0   9   6   5 152   7]
 [  0   1  19   0  19 114]]";126;[14 28 19 27 19 19]
1229;CiteSeer;own;-1;0.2;64;0.5;1;0.005;1932968203;0.946969696969697;0.9362874779541447;"[[10  2  1  1  1  0]
 [ 0 30  1  0  0  0]
 [ 0  0 19  0  0  0]
 [ 0  0  0 26  1  0]
 [ 0  0  0  0 20  0]
 [ 0  0  0  0  0 20]]";0.703281677301732;0.6032373161873604;"[[  0  45  42   8  32  14]
 [  0 235  82   5  23  27]
 [  0  15 461  11  11  11]
 [  0  29 121 258  25  10]
 [  0  17  17   3 350   9]
 [  0  13  34   4  43 239]]";0.6763236763236763;0.6036506124729965;"[[  4  18  25   4  21   8]
 [  0 107  40   6  11  13]
 [  0   6 174   7  10   4]
 [  0  13  56 130   8   4]
 [  0  10  10   3 149   7]
 [  0   1  22   0  17 113]]";132;[15 31 19 27 20 20]
1230;CiteSeer;own;-1;0.2;64;0.5;1;0.005;1932968203;0.9565217391304348;0.9428386704473702;"[[10  1  1  1  1  1]
 [ 0 32  0  0  0  0]
 [ 0  0 20  0  0  0]
 [ 0  0  0 28  1  0]
 [ 0  0  0  0 21  0]
 [ 0  0  0  0  0 21]]";0.729890310786106;0.6260720442746652;"[[  0  46  38   9  33  14]
 [  0 245  71   7  23  25]
 [  0  13 456  16   9  14]
 [  0  30  87 295  23   8]
 [  0  12  13   5 357   8]
 [  0  11  32   4  40 244]]";0.6853146853146853;0.610985320270767;"[[  4  17  24   4  23   8]
 [  0 109  37   6  12  13]
 [  0   8 171   7  10   5]
 [  0  10  50 138   9   4]
 [  0   9   8   5 151   6]
 [  0   1  22   0  17 113]]";138;[15 32 20 29 21 21]
1231;CiteSeer;own;-1;0.2;64;0.5;1;0.005;1932968203;0.9444444444444444;0.9336100665946033;"[[11  1  1  1  1  1]
 [ 0 32  0  0  0  0]
 [ 0  0 20  0  0  0]
 [ 0  0  1 29  1  0]
 [ 0  1  0  0 22  0]
 [ 0  0  0  0  0 22]]";0.7323556370302475;0.6256689571438495;"[[  0  36  28  11  39  24]
 [  0 232  61   7  27  29]
 [  0  12 452  19  10  14]
 [  0  24  81 296  26  14]
 [  0  19  10   5 364   8]
 [  0   7  24   4  45 254]]";0.6833166833166833;0.6074287956774942;"[[  4  17  21   5  24   9]
 [  0 105  36   6  14  16]
 [  0   9 168   7  10   7]
 [  1  11  48 137  10   4]
 [  0   8   3   5 156   7]
 [  0   1  22   0  16 114]]";144;[16 32 20 31 23 22]
1232;CiteSeer;own;-1;0.2;64;0.5;1;0.005;1932968203;0.9666666666666667;0.9571308640642745;"[[12  1  1  0  2  0]
 [ 0 34  0  0  0  0]
 [ 0  0 21  0  0  0]
 [ 0  0  0 32  1  0]
 [ 0  0  0  0 23  0]
 [ 0  0  0  0  0 23]]";0.7509191176470589;0.6431560303059699;"[[  1  28  31  29  30  13]
 [  0 217  76  16  22  23]
 [  0  10 448  26  10  12]
 [  0  10  59 363  11   7]
 [  0   7  13   8 364   9]
 [  0   0  36  15  41 241]]";0.6963036963036963;0.6165933648201317;"[[  4  14  20  14  20   8]
 [  0 100  39  14  11  13]
 [  0   7 172   7  10   5]
 [  0   8  34 161   5   3]
 [  0   7   5  12 149   6]
 [  0   1  22   3  16 111]]";150;[16 34 21 33 23 23]
1233;CiteSeer;own;-1;0.2;64;0.5;1;0.005;1932968203;0.9615384615384616;0.9536102875788718;"[[13  1  2  0  1  0]
 [ 0 35  0  0  1  0]
 [ 0  0 22  0  0  0]
 [ 0  0  0 33  1  0]
 [ 0  0  0  0 24  0]
 [ 0  0  0  0  0 23]]";0.7511520737327189;0.6435112238442973;"[[  2  46  18  16  27  21]
 [  0 227  57  13  26  29]
 [  0  10 453  22  11  16]
 [  0  12  69 340  19   9]
 [  0   8   7   7 375   7]
 [  0   1  34   6  49 233]]";0.6933066933066933;0.6146346121505054;"[[  4  17  17  12  20  10]
 [  2 104  34  10  11  16]
 [  0   8 171   8  11   3]
 [  0   9  41 153   5   3]
 [  0   5   5  11 152   6]
 [  0   1  22   0  20 110]]";156;[17 36 22 34 24 23]
1234;CiteSeer;own;-1;0.2;64;0.5;1;0.005;1932968203;0.9567901234567902;0.9475283660066268;"[[14  1  2  0  1  1]
 [ 0 36  0  0  0  0]
 [ 0  0 23  0  0  0]
 [ 0  0  0 34  1  0]
 [ 0  0  0  0 25  0]
 [ 0  1  0  0  0 23]]";0.7587800369685767;0.6468198376402974;"[[  1  42  18  25  26  16]
 [  0 225  54  18  24  26]
 [  0  11 447  33  11  11]
 [  0  13  50 366  15   6]
 [  0  11   4   7 372   8]
 [  0   5  28  13  47 231]]";0.6983016983016983;0.619389628603209;"[[  4  19  17  14  18   8]
 [  2 107  32  14  11  11]
 [  0   7 170  11  11   2]
 [  0   7  36 159   6   3]
 [  0   7   5  11 151   5]
 [  0   2  22   2  19 108]]";162;[19 36 23 35 25 24]
1235;CiteSeer;own;-1;0.2;64;0.5;1;0.005;1932968203;0.9523809523809523;0.9421906030368362;"[[14  1  2  0  1  1]
 [ 0 37  0  0  0  0]
 [ 0  0 24  0  0  0]
 [ 1  0  0 34  1  0]
 [ 0  0  0  0 26  0]
 [ 0  1  0  0  0 25]]";0.7502316960148285;0.6397622262820396;"[[  1  42  21  19  27  17]
 [  0 215  65  13  25  25]
 [  0  10 471  24   9  12]
 [  0  15  64 335  19   9]
 [  0  11  12   6 364   7]
 [  0   1  32  10  44 233]]";0.6883116883116883;0.6109256526332006;"[[  4  16  20  13  18   9]
 [  2 104  35   9  11  16]
 [  0   5 175   8  11   2]
 [  1   8  46 149   4   3]
 [  0   7   6  10 151   5]
 [  0   2  25   0  20 106]]";168;[19 37 24 36 26 26]
1236;CiteSeer;own;-1;0.2;64;0.5;1;0.005;1932968203;0.9482758620689655;0.9391274810006821;"[[14  1  1  0  2  1]
 [ 0 37  0  0  0  1]
 [ 0  0 23  1  0  0]
 [ 0  0  0 38  1  0]
 [ 0  0  0  0 28  0]
 [ 0  1  0  0  0 25]]";0.766728624535316;0.6519721968581726;"[[  1  32  19  26  31  15]
 [  0 218  52  21  26  28]
 [  0  10 458  33  13  10]
 [  0  12  35 370  19   5]
 [  0   7   4   8 376   7]
 [  0   1  25  13  50 227]]";0.7002997002997003;0.6178845039314312;"[[  4  12  17  15  23   9]
 [  2  99  30  15  18  13]
 [  0   5 168  12  14   2]
 [  0   7  25 169   7   3]
 [  0   6   4   9 156   4]
 [  0   1  21   3  23 105]]";174;[19 38 24 39 28 26]
1237;CiteSeer;own;-1;0.2;64;0.5;1;0.005;1932968203;0.9555555555555556;0.9434146098991915;"[[14  2  2  0  1  1]
 [ 0 38  0  0  0  0]
 [ 0  0 26  0  0  0]
 [ 0  0  0 39  1  0]
 [ 0  0  0  0 28  0]
 [ 0  0  1  0  0 27]]";0.7651444547996272;0.652067045590048;"[[  1  33  28  18  26  19]
 [  0 209  63  18  24  27]
 [  0   9 468  22   9  13]
 [  0  15  51 348  17   8]
 [  0   9   9   4 372   6]
 [  0   0  30   9  37 244]]";0.7062937062937062;0.6255061279739528;"[[  4  14  21   9  22  10]
 [  0 103  37  11  13  13]
 [  0   4 175   9  10   3]
 [  0   7  36 160   5   3]
 [  0   7   5   7 153   7]
 [  0   1  22   2  16 112]]";180;[20 38 26 40 28 28]
1238;CiteSeer;own;-1;0.2;64;0.5;1;0.005;1932968203;0.9516129032258065;0.9425723862501784;"[[15  2  2  0  1  0]
 [ 0 40  0  0  0  0]
 [ 0  0 27  0  0  0]
 [ 1  0  1 38  1  0]
 [ 0  0  0  0 29  0]
 [ 0  0  0  1  0 28]]";0.7598130841121495;0.6483663475069071;"[[  1  38  19  19  27  22]
 [  0 217  57  17  23  30]
 [  0  11 440  27  10  10]
 [  0  15  54 357  18   6]
 [  0  10  10   5 371   5]
 [  0   1  31  11  38 240]]";0.7072927072927073;0.6250804518655058;"[[  4  15  19  11  21  10]
 [  2 104  32  10  12  17]
 [  0   6 170  11  10   4]
 [  1   7  28 167   5   3]
 [  0   7   5   8 153   6]
 [  0   2  21   2  18 110]]";186;[20 40 27 41 29 29]
1239;CiteSeer;own;-1;0.2;64;0.5;1;0.005;1932968203;0.953125;0.9459116810873818;"[[16  2  2  0  1  0]
 [ 0 42  1  0  0  0]
 [ 0  0 27  0  0  0]
 [ 0  0  1 40  1  0]
 [ 0  0  0  0 30  0]
 [ 0  0  0  1  0 28]]";0.7638238050609185;0.659994966510446;"[[  4  47  13  23  27   9]
 [  0 227  59  20  21  25]
 [  0  13 416  35   8  12]
 [  0  18  43 370  17   6]
 [  0   9  10   5 374   4]
 [  0   1  29  11  39 239]]";0.7132867132867133;0.6339760868739704;"[[  5  18  14  16  20   7]
 [  2 111  30  11  11  12]
 [  0   7 166  12  11   5]
 [  1   7  20 175   5   3]
 [  4   7   5   9 149   5]
 [  0   2  19   4  20 108]]";192;[21 43 27 42 30 29]
1240;CiteSeer;own;-1;0.2;64;0.5;1;0.005;1932968203;0.9595959595959596;0.9520199940571964;"[[17  1  3  0  1  0]
 [ 0 43  1  0  0  0]
 [ 0  0 28  0  0  0]
 [ 0  0  0 41  1  0]
 [ 0  0  0  0 32  0]
 [ 0  1  0  0  0 29]]";0.7655075187969925;0.6585627918894722;"[[  3  50  15  19  26   8]
 [  0 234  53  15  24  24]
 [  0  13 424  25  10  12]
 [  0  19  47 361  20   6]
 [  0   9  10   5 376   4]
 [  0   3  27   8  47 231]]";0.7112887112887113;0.6319193116517441;"[[  5  20  13  14  21   7]
 [  3 108  32   9  13  12]
 [  0   6 168  10  10   7]
 [  0   8  23 165  12   3]
 [  2   7   2   6 157   5]
 [  0   3  20   2  19 109]]";198;[22 44 28 42 32 30]
1241;CiteSeer;own;-1;0.2;64;0.5;1;0.005;1932968203;0.9509803921568627;0.942254795632229;"[[17  1  1  1  3  0]
 [ 0 44  1  0  0  1]
 [ 0  0 28  0  0  0]
 [ 0  0  0 42  1  0]
 [ 0  0  0  0 33  0]
 [ 0  0  1  0  0 30]]";0.7704995287464655;0.6618080612992691;"[[  2  48  13  22  24  11]
 [  0 244  43  16  23  23]
 [  0  18 398  37  10  17]
 [  0  17  39 372  19   6]
 [  0   9   6   7 375   6]
 [  0   3  17  11  42 244]]";0.7082917082917083;0.6276287490186285;"[[  5  18  14  15  21   7]
 [  3 108  26  10  14  16]
 [  0  11 156  15  10   9]
 [  1   8  16 175   8   3]
 [  0   7   2   6 159   5]
 [  0   2  20   3  22 106]]";204;[23 46 28 43 33 31]
1242;CiteSeer;own;-1;0.2;64;0.5;1;0.005;1932968203;0.9523809523809523;0.944860275559649;"[[19  1  2  0  2  0]
 [ 0 45  1  0  0  0]
 [ 0  0 29  0  0  0]
 [ 1  0  0 43  1  0]
 [ 0  0  0  0 34  0]
 [ 0  0  1  1  0 30]]";0.7651228733459358;0.6653246083909655;"[[  6  41  17  24  24   9]
 [  0 226  56  16  23  24]
 [  0  13 414  29  11  12]
 [  0  17  45 366  19   6]
 [  0   7   8   6 376   6]
 [  0   1  32  10  41 231]]";0.7052947052947053;0.6254212995748932;"[[  5  20  14  14  21   6]
 [  3 103  32  11  16  12]
 [  0   7 166  12  10   6]
 [  1   8  22 170   7   3]
 [  0   7   3   8 157   4]
 [  0   2  20   3  23 105]]";210;[24 46 29 45 34 32]
1243;CiteSeer;own;-1;0.2;64;0.5;1;0.005;1932968203;0.9537037037037037;0.945431967272557;"[[20  1  1  0  3  0]
 [ 0 46  1  0  0  0]
 [ 1  0 29  0  0  0]
 [ 1  0  0 45  1  0]
 [ 0  0  0  0 34  0]
 [ 0  0  1  0  0 32]]";0.7630331753554502;0.6612532712195941;"[[  4  44  13  21  41  15]
 [  0 239  41  16  18  29]
 [  1  18 399  31  10  19]
 [  0  17  36 372  16  13]
 [  0  11   7   4 349  12]
 [  0   2  18  11  36 247]]";0.6973026973026973;0.6181957586964217;"[[  5  22  13  13  16  11]
 [  3 107  24  11  10  22]
 [  0  12 154  16  10   9]
 [  2   9  19 173   4   4]
 [  0   7   3   9 151   9]
 [  0   2  20   3  20 108]]";216;[25 47 30 47 34 33]
1244;CiteSeer;own;-1;0.2;64;0.5;1;0.005;1932968203;0.9594594594594594;0.9521276415462824;"[[21  1  2  0  2  0]
 [ 0 47  1  0  0  0]
 [ 1  0 31  0  0  0]
 [ 0  0  0 46  1  0]
 [ 0  0  0  0 35  0]
 [ 0  0  1  0  0 33]]";0.7571292775665399;0.6924581048512685;"[[ 25  39  14  30  21   8]
 [  9 227  57  14  12  23]
 [  1  16 417  24   9  16]
 [  0  17  55 347  16  13]
 [  4  11  13   6 338   9]
 [  0   1  35   9  29 239]]";0.6953046953046953;0.6335951539490273;"[[ 11  20  17  11  12   9]
 [  9 103  31  12   6  16]
 [  0   7 164  12  10   8]
 [  0   9  28 165   5   4]
 [  3   8   5   9 146   8]
 [  1   2  20   3  20 107]]";222;[26 48 32 47 35 34]
1245;CiteSeer;own;-1;0.2;64;0.5;1;0.005;1932968203;0.9473684210526315;0.9392602639885248;"[[22  1  1  1  2  0]
 [ 1 48  1  0  0  0]
 [ 2  0 30  0  1  0]
 [ 0  0  0 47  1  0]
 [ 0  0  0  0 35  0]
 [ 0  0  1  0  0 34]]";0.7573879885605338;0.6938925174912739;"[[ 28  38  12  30  18   7]
 [ 15 238  40  17  21  24]
 [  0  19 410  29   8  14]
 [  1  21  47 360  14   4]
 [ 18  11   6   6 321   8]
 [  4   3  22  14  38 232]]";0.6913086913086913;0.636519406799122;"[[ 14  21  16  12  11   6]
 [ 12 109  26  12   3  15]
 [  0  13 153  15  10  10]
 [  0   9  21 172   6   3]
 [ 13   9   3  11 139   4]
 [  3   2  18   3  22 105]]";228;[27 50 33 48 35 35]
1246;CiteSeer;own;-1;0.2;64;0.5;1;0.005;1932968203;0.9444444444444444;0.9360869839350906;"[[22  1  1  1  2  0]
 [ 2 48  1  0  0  0]
 [ 2  0 32  0  0  0]
 [ 0  0  0 49  1  0]
 [ 0  0  0  0 36  1]
 [ 0  0  1  0  0 34]]";0.75;0.6818672283445313;"[[ 23  42  17  22  16  12]
 [ 13 226  52  15  15  28]
 [  0  18 421  24   7  14]
 [  1  17  55 346  16  10]
 [ 16  11  13   4 315  10]
 [  2   2  30  11  30 238]]";0.6823176823176823;0.6293012542008648;"[[ 14  20  17  10  11   8]
 [  9 101  33  11   4  19]
 [  1   8 158  13  10  11]
 [  1   9  27 166   4   4]
 [ 13  10   7  12 134   3]
 [  2   2  20   3  16 110]]";234;[27 51 34 50 37 35]
1247;CiteSeer;own;-1;0.2;64;0.5;1;0.005;1932968203;0.9416666666666667;0.933673727792346;"[[22  2  1  1  2  0]
 [ 3 48  1  0  0  0]
 [ 2  0 35  0  0  0]
 [ 0  0  0 49  1  0]
 [ 0  0  0  0 38  0]
 [ 0  0  1  0  0 34]]";0.7545541706615532;0.6869120943186783;"[[ 23  42  16  20  22   7]
 [ 13 236  45  13  18  24]
 [  0  18 423  23   7  14]
 [  0  23  55 336  17   6]
 [ 11  17  12   7 320   6]
 [  2   3  24   7  40 236]]";0.6843156843156843;0.6292108251462447;"[[ 13  22  17   9  13   6]
 [  8 107  30  11   4  17]
 [  1   9 158  13  10  10]
 [  0   9  28 165   5   4]
 [ 11  14   5   9 137   3]
 [  1   5  20   1  21 105]]";240;[28 52 37 50 38 35]
1248;CiteSeer;own;-1;0.2;64;0.5;1;0.005;1932968203;0.9552845528455285;0.9490842627475847;"[[24  1  1  1  1  0]
 [ 2 49  1  0  0  0]
 [ 2  0 36  0  0  0]
 [ 0  0  0 50  1  0]
 [ 1  0  0  0 40  0]
 [ 0  0  0  0  0 36]]";0.7490384615384615;0.6763367764798459;"[[ 19  37  14  23  23   9]
 [ 13 228  48  15  20  24]
 [  0  17 417  24   8  18]
 [  0  16  61 333  17   9]
 [ 16  13  10   5 323   9]
 [  2   1  23  10  37 238]]";0.6803196803196803;0.6261033858048688;"[[ 13  20  18  11  13   5]
 [ 11 105  30  11   5  15]
 [  1  10 158  12  10  10]
 [  1   8  29 162   8   3]
 [ 11  13   4  10 137   4]
 [  1   3  21   0  22 106]]";246;[28 52 38 51 41 36]
1249;CiteSeer;own;-1;0.2;64;0.5;1;0.005;1932968203;0.9603174603174603;0.9551545876286419;"[[25  1  0  1  2  0]
 [ 1 51  1  0  0  0]
 [ 2  0 37  0  0  0]
 [ 1  0  0 50  1  0]
 [ 0  0  0  0 42  0]
 [ 0  0  0  0  0 37]]";0.7497589199614272;0.6819172779561106;"[[ 22  40  14  23  20   5]
 [ 13 229  49  15  18  23]
 [  0  15 416  26   8  18]
 [  1  18  64 330  16   6]
 [ 15  19   8   5 323   5]
 [  1   2  21  11  40 235]]";0.6743256743256744;0.6190963542180197;"[[ 12  20  18  11  14   5]
 [ 12 103  32  11   7  12]
 [  1  11 156  14   9  10]
 [  1  11  30 160   5   4]
 [  8  15   4   8 139   5]
 [  1   4  20   2  21 105]]";252;[29 53 39 52 42 37]
1250;CiteSeer;own;-1;0.2;64;0.5;1;0.005;1932968203;0.9457364341085271;0.9382449168695466;"[[22  3  1  2  1  0]
 [ 1 53  1  0  0  1]
 [ 1  1 38  0  0  0]
 [ 0  0  0 52  1  0]
 [ 0  0  0  0 43  0]
 [ 0  0  0  0  1 36]]";0.7504835589941973;0.6768482687357178;"[[ 18  42  15  22  19   8]
 [ 12 231  49  14  16  19]
 [  0  15 418  25   9  18]
 [  1  18  59 331  18   7]
 [ 12  23   8   7 321   4]
 [  2   3  22   8  41 233]]";0.6823176823176823;0.6257231888112754;"[[ 12  28  16   8  12   4]
 [  9 106  31  11   9  11]
 [  1   9 160  13   9   9]
 [  0   9  27 164   7   4]
 [  8  20   4   6 136   5]
 [  1   2  19   3  23 105]]";258;[29 56 40 53 43 37]
1251;CiteSeer;own;-1;0.2;64;0.5;1;0.005;1932968203;0.9507575757575758;0.9456025824707349;"[[26  1  0  2  1  0]
 [ 3 54  1  0  0  0]
 [ 2  0 38  0  0  0]
 [ 0  0  1 53  1  0]
 [ 1  0  0  0 42  0]
 [ 0  0  0  0  0 38]]";0.7502424830261881;0.6920249030294711;"[[ 30  41  15  18  15   8]
 [ 18 228  44  13  16  21]
 [  0  15 416  25  10  15]
 [  1  23  61 323  20   5]
 [ 14  31   5   6 314   4]
 [  3   5  21   6  36 236]]";0.6863136863136863;0.6366094303464128;"[[ 16  25  16   8  10   5]
 [ 13 108  29   9   6  12]
 [  1   8 160  13  10   9]
 [  0   9  26 166   7   3]
 [  9  23   4   5 133   5]
 [  2   5  19   1  22 104]]";264;[30 58 40 55 43 38]
1252;CiteSeer;own;-1;0.2;64;0.5;1;0.005;1932968203;0.9518518518518518;0.9460483419156963;"[[26  1  0  2  1  0]
 [ 1 57  1  0  0  0]
 [ 2  1 38  0  0  0]
 [ 0  0  1 55  1  0]
 [ 2  0  0  0 42  0]
 [ 0  0  0  0  0 39]]";0.7568093385214008;0.6889639160568857;"[[ 22  43  14  21  19   8]
 [ 13 230  42  15  11  23]
 [  0  18 411  29  10  14]
 [  1  19  56 340  13   4]
 [  5  36   6   6 317   3]
 [  0   8  18  10  35 236]]";0.6903096903096904;0.6311120823265147;"[[ 11  27  16   9  13   4]
 [  9 110  29   9   9  11]
 [  1   8 160  14  10   8]
 [  0   9  25 169   5   3]
 [  2  30   3   5 134   5]
 [  2   4  18   3  19 107]]";270;[30 59 41 57 44 39]
1253;CiteSeer;own;-1;0.2;64;0.5;1;0.005;1932968203;0.967391304347826;0.9636682405723574;"[[29  0  1  0  0  0]
 [ 1 59  1  0  0  0]
 [ 2  1 39  0  1  0]
 [ 0  0  0 57  1  0]
 [ 1  0  0  0 43  0]
 [ 0  0  0  0  0 40]]";0.7590243902439024;0.6898153750449807;"[[ 21  49  13  20  18   5]
 [ 10 236  44  14  10  21]
 [  0  17 410  28   9  17]
 [  1  18  51 346   9   6]
 [  5  37   5   8 305  10]
 [  0   7  18  11  33 238]]";0.6883116883116883;0.6295611234414036;"[[ 11  26  15  11  13   4]
 [  8 111  29   8   7  14]
 [  1   8 157  14  10  11]
 [  0  10  26 167   4   4]
 [  4  28   3   6 133   5]
 [  2   3  18   3  17 110]]";276;[30 61 43 58 44 40]
1254;CiteSeer;own;-1;0.2;64;0.5;1;0.005;1932968203;0.9716312056737588;0.9679772082074075;"[[29  1  1  0  0  0]
 [ 0 61  1  0  0  0]
 [ 2  0 41  1  0  0]
 [ 0  0  0 58  1  0]
 [ 1  0  0  0 44  0]
 [ 0  0  0  0  0 41]]";0.762720156555773;0.6922415028475841;"[[ 20  48  15  19  18   4]
 [ 10 234  49  14  13  12]
 [  0  14 418  27   7  16]
 [  1  15  58 343  10   3]
 [  6  29   8   7 311   8]
 [  2   5  24   9  34 233]]";0.6953046953046953;0.6358187857773118;"[[ 11  27  15  10  13   4]
 [ 10 109  30   8  10  10]
 [  1   5 164  15   9   7]
 [  0   7  29 168   4   3]
 [  4  18   8   9 135   5]
 [  2   3  19   3  17 109]]";282;[31 62 44 59 45 41]
1255;CiteSeer;own;-1;0.2;64;0.5;1;0.005;1932968203;0.9583333333333334;0.9516298752226366;"[[25  3  1  2  0  0]
 [ 1 62  1  0  0  0]
 [ 1  1 42  0  0  0]
 [ 0  0  0 59  1  0]
 [ 1  0  0  0 46  0]
 [ 0  0  0  0  0 42]]";0.7674190382728164;0.6927924608429841;"[[ 17  50  13  16  18   7]
 [  6 249  38  13  11  13]
 [  0  13 415  29  10  15]
 [  1  23  52 336  13   3]
 [  9  31  12   6 309   4]
 [  1   5  19   9  34 238]]";0.6893106893106893;0.631321679799473;"[[ 11  29  14   8  12   6]
 [  6 116  30   7   9   9]
 [  1   9 155  17  10   9]
 [  0  11  24 169   4   3]
 [  4  22  10   7 131   5]
 [  2   3  19   3  18 108]]";288;[31 64 44 60 47 42]
1256;CiteSeer;own;-1;0.2;64;0.5;1;0.005;1932968203;0.9591836734693877;0.9549067784975066;"[[28  2  0  0  1  0]
 [ 1 61  1  0  1  0]
 [ 2  1 42  0  0  0]
 [ 0  0  1 60  1  0]
 [ 1  0  0  0 48  0]
 [ 0  0  0  0  0 43]]";0.7603346456692913;0.6884844089029073;"[[ 19  41  15  17  19   9]
 [  5 221  53  15  14  19]
 [  0  10 421  25  10  14]
 [  1  17  60 328  16   6]
 [  7  26  10   6 324   5]
 [  1   1  21   8  36 232]]";0.6873126873126874;0.6282698499943896;"[[ 11  28  14   8  13   6]
 [  7 103  35   8  12  12]
 [  1   4 161  16  10   9]
 [  0   7  29 163   8   4]
 [  1  17   9   5 142   5]
 [  1   2  19   3  20 108]]";294;[31 64 45 62 49 43]
1257;CiteSeer;own;-1;0.2;64;0.5;1;0.005;1932968203;0.9566666666666667;0.9511382680595336;"[[27  1  0  1  2  0]
 [ 1 64  1  0  0  0]
 [ 2  0 43  0  0  0]
 [ 0  0  1 59  2  0]
 [ 1  1  0  0 50  0]
 [ 0  0  0  0  0 44]]";0.7754195459032577;0.6973179775319344;"[[ 16  49  11  18  18   6]
 [  4 235  43  14  12  17]
 [  0   8 416  30   7  18]
 [  1  19  46 340  15   6]
 [  4  31   7   6 327   5]
 [  1   2  18   9  30 237]]";0.6953046953046953;0.6321115459032053;"[[ 10  30  13   8  13   6]
 [  6 109  30   9   9  14]
 [  2   7 156  15   9  12]
 [  0   9  20 173   5   4]
 [  1  22   7   5 139   5]
 [  1   3  18   4  18 109]]";300;[31 66 45 62 52 44]
1258;CiteSeer;own;-1;0.2;64;0.5;1;0.005;1932968203;0.9673202614379085;0.9617826617826618;"[[29  1  1  0  0  0]
 [ 1 66  1  0  0  0]
 [ 2  0 43  0  0  0]
 [ 0  0  1 62  1  0]
 [ 2  0  0  0 51  0]
 [ 0  0  0  0  0 45]]";0.7707920792079208;0.6866505442342103;"[[ 12  48  13  19  17   6]
 [  5 238  43  14  11  15]
 [  0  15 413  26   8  14]
 [  1  21  47 337  14   5]
 [  5  34   8   6 324   4]
 [  1   2  20  10  31 233]]";0.6993006993006993;0.6393585052474297;"[[ 11  29  13  10  13   4]
 [  6 116  29   9   6  11]
 [  2  10 159  14   9   7]
 [  1   9  24 169   4   4]
 [  1  21   8   5 139   5]
 [  1   3  18   4  21 106]]";306;[31 68 45 64 53 45]
1259;CiteSeer;own;-1;0.2;64;0.5;1;0.005;1932968203;0.9775641025641025;0.9734973047517926;"[[27  1  2  0  1  0]
 [ 0 69  1  0  0  0]
 [ 0  1 44  0  0  0]
 [ 0  0  0 64  1  0]
 [ 0  0  0  0 56  0]
 [ 0  0  0  0  0 45]]";0.7720953326713009;0.683011787040035;"[[ 10  49  12  17  21   6]
 [  5 237  42  14  12  14]
 [  0  14 414  24  10  12]
 [  1  20  48 333  16   5]
 [  3  23   8   7 337   3]
 [  0   1  20  10  42 224]]";0.6943056943056943;0.6288980694648757;"[[  9  29  13   8  16   5]
 [  5 116  27   9   7  13]
 [  1   7 160  14  11   8]
 [  1   8  24 167   7   4]
 [  2  19   8   5 140   5]
 [  1   3  17   4  25 103]]";312;[31 70 45 65 56 45]
1260;CiteSeer;own;-1;0.2;64;0.5;1;0.005;1932968203;0.9685534591194969;0.9619711206667728;"[[28  0  2  0  1  0]
 [ 1 69  1  0  0  0]
 [ 1  0 44  0  0  0]
 [ 1  0  0 66  1  1]
 [ 1  0  0  0 56  0]
 [ 0  0  0  0  0 45]]";0.7788844621513944;0.6830079761397087;"[[  8  52  12  17  18   7]
 [  4 230  38  13  14  20]
 [  0  13 408  24   9  15]
 [  0  16  34 347  17  11]
 [  3  27   6   6 342   4]
 [  1   2  19   9  33 229]]";0.6963036963036963;0.6280711715493781;"[[  8  31  12   8  16   5]
 [  5 115  28   9   6  14]
 [  0   7 159  14  11  10]
 [  1   7  22 168   9   4]
 [  4  20   4   5 141   5]
 [  1   3  17   4  22 106]]";318;[31 71 45 69 57 45]
1261;CiteSeer;own;-1;0.2;64;0.5;1;0.005;1932968203;0.9660493827160493;0.9588857654989141;"[[26  2  1  0  2  0]
 [ 1 69  1  0  0  0]
 [ 1  0 45  0  0  0]
 [ 0  0  1 68  1  1]
 [ 0  0  0  0 58  0]
 [ 0  0  0  0  0 47]]";0.7792207792207793;0.678911664006534;"[[  6  48  15  18  21   5]
 [  2 223  45  19  16  14]
 [  0  12 413  24   9  10]
 [  0  10  39 349  16   9]
 [  0  23   7   7 346   4]
 [  0   1  21   9  38 223]]";0.7082917082917083;0.6351686622413991;"[[  7  28  12  12  17   4]
 [  5 112  29  11   6  14]
 [  0   8 163  15  10   5]
 [  0   3  23 173   9   3]
 [  1  15   4   6 148   5]
 [  0   2  17   4  24 106]]";324;[31 71 46 71 58 47]
1262;CiteSeer;own;-1;0.2;64;0.5;1;0.005;1932968203;0.9666666666666667;0.9620097019934648;"[[27  2  2  0  1  0]
 [ 0 70  1  0  1  0]
 [ 0  1 45  0  0  0]
 [ 0  0  1 70  1  1]
 [ 0  0  0  0 59  0]
 [ 0  0  0  0  0 48]]";0.7860721442885772;0.6868066612229842;"[[  7  43  12  20  20  10]
 [  2 224  38  19  15  20]
 [  0  13 408  24   6  14]
 [  0  12  36 354  15   8]
 [  0  20   8   7 345   4]
 [  0   2  19   9  31 231]]";0.7082917082917083;0.6355782044267974;"[[  7  27  11  13  16   6]
 [  5 114  27  11   7  13]
 [  0   9 156  16  10  10]
 [  0   6  19 176   6   4]
 [  1  15   4   9 145   5]
 [  0   2  17   4  19 111]]";330;[32 72 46 73 59 48]
1263;CiteSeer;own;-1;0.2;64;0.5;1;0.005;1932968203;0.9732142857142857;0.9702531665887874;"[[29  1  1  1  1  0]
 [ 0 73  1  0  0  0]
 [ 0  1 46  0  0  0]
 [ 0  0  0 72  1  1]
 [ 0  1  0  0 58  0]
 [ 0  0  0  0  0 49]]";0.7889447236180904;0.6904075391836785;"[[  7  44  14  18  21   7]
 [  4 233  40  14  14  13]
 [  0  15 408  26   7  11]
 [  0  14  30 357  16   5]
 [  1  20   9   7 341   3]
 [  0   2  19  10  36 224]]";0.7072927072927073;0.6385779125585028;"[[  8  29  11  13  15   4]
 [  5 117  29  11   7   8]
 [  1  11 156  16  10   7]
 [  1   7  21 173   6   3]
 [  0  15   4   8 148   4]
 [  0   2  18   4  23 106]]";336;[33 74 47 74 59 49]
1264;CiteSeer;own;-1;0.2;64;0.5;1;0.005;1932968203;0.9649122807017544;0.960465534729563;"[[29  2  1  1  1  0]
 [ 0 72  1  0  0  1]
 [ 1  0 47  0  0  0]
 [ 0  0  0 73  1  1]
 [ 0  2  0  0 59  0]
 [ 0  0  0  0  0 50]]";0.7792338709677419;0.6781191091578282;"[[  6  38  17  19  20  10]
 [  3 204  55  17  16  17]
 [  0  10 417  26   5  14]
 [  0  10  39 349  14   9]
 [  1  16  10   7 341   4]
 [  0   1  20  10  30 229]]";0.7042957042957043;0.6338209767465965;"[[  8  23  11  16  16   6]
 [  5 104  37  12   7  12]
 [  0   5 162  16  10   8]
 [  0   3  23 176   6   3]
 [  0  14   4   8 148   5]
 [  0   2  20   4  20 107]]";342;[34 74 48 75 61 50]
1265;CiteSeer;own;-1;0.2;64;0.5;1;0.005;1932968203;0.9655172413793104;0.9614330906617249;"[[31  2  2  0  1  0]
 [ 0 73  1  0  0  0]
 [ 1  0 48  0  0  0]
 [ 0  0  0 74  1  1]
 [ 0  3  0  0 59  0]
 [ 0  0  0  0  0 51]]";0.782103134479272;0.6788957525254213;"[[  5  48  15  16  17   8]
 [  4 217  46  11  12  19]
 [  0  11 420  25   5  15]
 [  0  13  37 345  14   9]
 [  3  22   9   7 332   5]
 [  0   2  22  10  26 228]]";0.7122877122877123;0.642530619247201;"[[  8  32  11  10  14   5]
 [  5 113  33   9   6  11]
 [  1   7 164  12  10   7]
 [  1   8  19 174   6   3]
 [  2  17   4   8 143   5]
 [  0   3  18   4  17 111]]";348;[36 74 49 76 62 51]
1266;CiteSeer;own;-1;0.2;64;0.5;1;0.005;1932968203;0.9689265536723164;0.9648837720085842;"[[32  2  2  0  1  0]
 [ 1 72  1  0  1  0]
 [ 0  1 49  0  0  0]
 [ 0  0  0 75  1  1]
 [ 0  0  0  0 64  0]
 [ 0  0  0  0  0 51]]";0.7844827586206896;0.6950802701227402;"[[ 12  32  15  19  22   8]
 [  6 203  48  18  18  15]
 [  0   9 425  24   7  10]
 [  0  11  39 348  14   5]
 [  0  13   8   7 345   3]
 [  0   2  25  10  37 214]]";0.7022977022977023;0.6322486275901673;"[[  8  22  13  14  19   4]
 [  6 108  33  11  10   9]
 [  1   6 162  14  11   7]
 [  0   5  22 175   6   3]
 [  0  14   4   9 147   5]
 [  0   2  18   4  26 103]]";354;[37 75 50 77 64 51]
1267;CiteSeer;own;-1;0.2;64;0.5;1;0.005;1932968203;0.9527777777777777;0.9467955664859894;"[[29  4  1  3  1  0]
 [ 1 75  1  0  1  0]
 [ 0  1 50  0  0  0]
 [ 0  0  0 75  1  1]
 [ 0  2  0  0 62  0]
 [ 0  0  0  0  0 52]]";0.7934893184130214;0.7014419661364403;"[[ 11  38  11  18  20   9]
 [  4 220  40  14  10  18]
 [  0  12 419  23   5  13]
 [  0  14  29 348  12  13]
 [  0  19   8   6 337   6]
 [  0   2  18   9  35 225]]";0.7182817182817183;0.6469248121173296;"[[  8  25  12  13  16   6]
 [  5 118  27  10   6  11]
 [  1   6 160  14  10  10]
 [  0   9  16 175   6   5]
 [  0  15   4   7 148   5]
 [  0   2  17   4  20 110]]";360;[38 78 51 77 64 52]
1268;CiteSeer;own;-1;0.2;64;0.5;1;0.005;1932968203;0.9590163934426229;0.9554640250251206;"[[33  2  2  1  1  0]
 [ 0 78  1  0  0  0]
 [ 1  0 51  1  0  0]
 [ 0  0  0 75  1  1]
 [ 0  4  0  0 62  0]
 [ 0  0  0  0  0 52]]";0.7918367346938775;0.702986888797366;"[[ 12  37  14  18  18   7]
 [  4 211  44  16  12  14]
 [  0   9 423  24   5  11]
 [  0  11  37 340  14  12]
 [  0  16  10   6 342   4]
 [  0   2  21   9  33 224]]";0.7062937062937062;0.639238250649203;"[[  9  24  13  14  14   6]
 [  6 109  35  11   7   9]
 [  1   7 163  13  10   7]
 [  1   7  22 169   7   5]
 [  0  15   4   5 150   5]
 [  0   2  18   4  22 107]]";366;[39 79 53 77 66 52]
1269;CiteSeer;own;-1;0.2;64;0.5;1;0.005;1932968203;0.9596774193548387;0.954799372350002;"[[33  3  1  2  1  0]
 [ 1 79  1  0  0  0]
 [ 1  0 51  1  0  0]
 [ 0  0  0 76  1  1]
 [ 0  2  0  0 65  0]
 [ 0  0  0  0  0 53]]";0.797338792221085;0.7031595912606504;"[[ 10  42  10  18  19   6]
 [  4 222  33  17  14  13]
 [  0  12 409  28   6  10]
 [  0  13  25 358  13   7]
 [  0  16   8   7 341   5]
 [  0   3  21  12  34 218]]";0.7112887112887113;0.6443398438801333;"[[  9  27  11  15  14   4]
 [  5 117  27  11   9   8]
 [  1  10 155  18  10   7]
 [  1   8  16 175   7   4]
 [  0  15   4   7 148   5]
 [  0   3  16   5  21 108]]";372;[40 81 53 78 67 53]
1270;CiteSeer;own;-1;0.2;64;0.5;1;0.005;1932968203;0.9629629629629629;0.959237521778582;"[[36  2  2  1  0  0]
 [ 0 81  1  0  0  0]
 [ 1  0 51  1  0  0]
 [ 0  0  1 77  1  1]
 [ 1  2  0  0 65  0]
 [ 0  0  0  0  0 54]]";0.7874743326488707;0.6933293986610657;"[[  9  42  13  17  15   7]
 [  3 213  42  15  13  16]
 [  0  12 411  23   5  12]
 [  0   9  47 340  10   9]
 [  0  16   8   9 339   6]
 [  0   2  22   9  32 222]]";0.7062937062937062;0.6395544469634545;"[[  9  31  12  10  13   5]
 [  5 113  30  10   9  10]
 [  0  10 160  14  11   6]
 [  1   6  21 172   5   6]
 [  1  16   4   8 145   5]
 [  0   3  16   4  22 108]]";378;[41 82 53 80 68 54]
1271;CiteSeer;own;-1;0.2;64;0.5;1;0.005;1932968203;0.9635416666666666;0.9597017891374607;"[[36  2  2  1  1  0]
 [ 0 82  1  0  0  0]
 [ 0  1 52  1  0  0]
 [ 0  0  1 78  1  1]
 [ 1  1  0  0 67  0]
 [ 0  0  0  0  0 55]]";0.7888774459320288;0.6885493109514242;"[[  7  38  13  18  19   7]
 [  2 210  39  15  17  18]
 [  0  12 410  22   6  12]
 [  0   9  40 346  12   7]
 [  0  14   8   8 343   4]
 [  0   1  23  10  36 216]]";0.7032967032967034;0.6341122968062348;"[[  8  27  12  12  17   4]
 [  5 112  29  10  11  10]
 [  0  12 155  17  12   5]
 [  0   6  20 176   5   4]
 [  1  14   4   8 147   5]
 [  0   3  17   4  23 106]]";384;[42 83 54 81 69 55]
1272;CiteSeer;own;-1;0.2;64;0.5;1;0.005;1932968203;0.9641025641025641;0.9603969221439068;"[[39  1  2  1  1  0]
 [ 0 83  1  0  0  0]
 [ 1  0 53  1  0  0]
 [ 1  0  0 79  1  1]
 [ 1  2  0  0 66  0]
 [ 0  0  0  0  0 56]]";0.7877066115702479;0.688169432524283;"[[  7  42  13  16  16   6]
 [  4 212  41  13  16  16]
 [  0  12 406  24   5  12]
 [  0  12  42 339   9  11]
 [  0  15   8   7 343   4]
 [  0   1  22   9  35 218]]";0.7042957042957043;0.6377652500321137;"[[  9  30  12   9  16   4]
 [  5 113  28  10  11  10]
 [  1  13 157  14  10   6]
 [  1   7  21 169   7   6]
 [  0  14   4   5 151   5]
 [  0   3  16   4  24 106]]";390;[44 84 55 82 69 56]
1273;CiteSeer;own;-1;0.2;64;0.5;1;0.005;1932968203;0.9595959595959596;0.9539989536656971;"[[36  3  2  1  2  0]
 [ 1 83  1  0  0  0]
 [ 1  1 54  1  0  0]
 [ 0  0  0 81  1  1]
 [ 0  1  0  0 69  0]
 [ 0  0  0  0  0 57]]";0.7896373056994819;0.6901009823312997;"[[  7  40  12  18  16   6]
 [  2 208  45  16  14  15]
 [  0  13 406  25   3  12]
 [  0  10  40 343  11   8]
 [  0  13   9   8 342   4]
 [  0   1  23   9  33 218]]";0.7022977022977023;0.6353650498720493;"[[  9  26  13  12  15   5]
 [  4 110  29  11  11  12]
 [  0  12 156  17  10   6]
 [  0   5  21 174   5   6]
 [  0  14   4   8 148   5]
 [  0   2  18   4  23 106]]";396;[44 85 57 83 70 57]
1274;CiteSeer;own;-1;0.2;64;0.5;1;0.005;1932968203;0.9502487562189055;0.9441239418352328;"[[35  2  2  3  2  0]
 [ 1 84  1  0  0  0]
 [ 1  1 55  1  0  0]
 [ 1  0  0 82  1  1]
 [ 0  3  0  0 68  0]
 [ 0  0  0  0  0 58]]";0.7853430353430353;0.6836297983194656;"[[  6  41  11  18  15   7]
 [  2 209  43  16  14  15]
 [  0  15 403  25   3  12]
 [  0  10  41 341  12   8]
 [  0  15  10   7 338   4]
 [  0   2  22  10  35 214]]";0.7052947052947053;0.6382247778032907;"[[  9  27  13  12  14   5]
 [  5 112  28  11   9  12]
 [  0  13 157  15  10   6]
 [  0   6  22 174   5   4]
 [  1  14   4   7 148   5]
 [  0   2  17   4  24 106]]";402;[44 86 58 85 71 58]
1275;CiteSeer;own;-1;0.2;64;0.5;1;0.005;1932968203;0.9558823529411765;0.9517288341482989;"[[38  2  2  2  2  0]
 [ 0 85  2  0  0  0]
 [ 1  1 55  1  0  0]
 [ 0  0  0 84  1  1]
 [ 0  3  0  0 69  0]
 [ 0  0  0  0  0 59]]";0.7846715328467153;0.6829425003868804;"[[  6  37  12  19  14   8]
 [  2 209  42  17  11  18]
 [  0  12 402  25   4  13]
 [  0   9  43 339  14   7]
 [  0  16   8   8 337   4]
 [  0   2  21  10  37 212]]";0.7042957042957043;0.6348934421013486;"[[  8  26  13  12  15   6]
 [  7 108  30  14   8  10]
 [  0  11 158  15  10   7]
 [  0   6  22 174   5   4]
 [  1  14   4   7 148   5]
 [  0   2  17   4  21 109]]";408;[46 87 58 86 72 59]
1276;CiteSeer;own;-1;0.2;64;0.5;1;0.005;1932968203;0.9541062801932367;0.9500389321474497;"[[38  4  2  2  2  0]
 [ 0 85  2  0  0  0]
 [ 0  1 57  1  0  0]
 [ 0  0  0 85  1  1]
 [ 0  3  0  0 70  0]
 [ 0  0  0  0  0 60]]";0.7860878661087866;0.6849658313252024;"[[  6  35  12  19  15   7]
 [  2 209  43  20   9  16]
 [  0  11 402  26   5  12]
 [  0   8  43 341  11   8]
 [  0  17   9   8 330   4]
 [  0   2  21  12  34 215]]";0.7042957042957043;0.6405888319770321;"[[ 10  28  13  10  15   4]
 [  7 110  30  13   8   9]
 [  0  10 157  16  10   8]
 [  1   6  22 174   4   4]
 [  0  16   4   9 145   5]
 [  0   3  16   4  21 109]]";414;[48 87 59 87 73 60]
1277;CiteSeer;own;-1;0.2;64;0.5;1;0.005;1932968203;0.9547619047619048;0.948943562896759;"[[39  1  2  3  3  0]
 [ 0 86  2  0  0  0]
 [ 1  0 58  1  0  0]
 [ 0  0  0 87  1  0]
 [ 1  3  0  0 70  0]
 [ 1  0  0  0  0 61]]";0.7880377754459601;0.6831389397447373;"[[  5  34  12  18  16   7]
 [  2 209  41  19  11  15]
 [  0  11 399  27   5  13]
 [  0   8  40 344  11   8]
 [  0  16   5   8 334   4]
 [  0   1  21  14  37 211]]";0.7082917082917083;0.6435872774269756;"[[ 10  26  12  13  14   5]
 [  7 112  26  13   8  11]
 [  1  10 154  16  10  10]
 [  0   7  20 175   4   5]
 [  0  14   4   8 148   5]
 [  0   2  17   4  20 110]]";420;[48 88 60 88 74 62]
1278;CiteSeer;own;-1;0.2;64;0.5;1;0.005;1765720390;0.0;0.0;[[]];0.15950128976784178;0.1329279885381585;"[[  0  37   8  20  21  98]
 [ 11  83  53  35  31 200]
 [ 35  59  14  33  54 272]
 [ 22  86  24  23  48 287]
 [ 18  48  17  41 100 193]
 [ 30  97  22  29  26 151]]";0.17582417582417584;0.15023967430538168;"[[  2  22   5  12   2  37]
 [  5  31  20  15  19  87]
 [ 16  25  12  15  25 108]
 [  9  29   6  17  19 131]
 [  7  17  15  16  37  87]
 [ 10  36  12  11   7  77]]";0;[]
1279;CiteSeer;own;-1;0.2;64;0.5;1;0.005;1765720390;1.0;1.0;"[[1 0 0 0]
 [0 2 0 0]
 [0 0 1 0]
 [0 0 0 2]]";0.21336206896551724;0.11162516508587166;"[[  1   0   0   0 183   0]
 [  0  23   0   0 386   3]
 [  0   1   0   0 462   3]
 [  0   2   0   0 480   2]
 [  0   0   0   0 423   0]
 [  0   0   0   0 303  48]]";0.2057942057942058;0.10618370404539597;"[[  1   1   0   0  78   0]
 [  0  10   0   0 165   2]
 [  0   0   0   0 201   0]
 [  1   1   0   0 208   1]
 [  0   1   0   0 178   0]
 [  0   0   0   0 136  17]]";6;[1 2 0 0 1 2]
1280;CiteSeer;own;-1;0.2;64;0.5;1;0.005;1765720390;1.0;1.0;"[[2 0 0 0 0 0]
 [0 3 0 0 0 0]
 [0 0 1 0 0 0]
 [0 0 0 2 0 0]
 [0 0 0 0 1 0]
 [0 0 0 0 0 3]]";0.4939498703543647;0.3511035911813311;"[[  2   0  41 105  35   0]
 [  1  15  83 285  18   1]
 [  0   0 350 106   8   0]
 [  0   2  51 413  26   0]
 [  0   1  13  68 339   0]
 [  0   0 156 133  38  24]]";0.4785214785214785;0.33745673675091714;"[[  0   1  17  41  21   0]
 [  1   8  34 129   5   0]
 [  0   0 146  45  10   0]
 [  0   1  26 174  10   0]
 [  0   1   8  28 142   0]
 [  0   0  78  51  15   9]]";12;[2 3 1 2 1 3]
1281;CiteSeer;own;-1;0.2;64;0.5;1;0.005;1765720390;0.9444444444444444;0.9481481481481482;"[[2 0 0 0 0 0]
 [1 4 0 0 0 0]
 [0 0 3 0 0 0]
 [0 0 0 2 0 0]
 [0 0 0 0 2 0]
 [0 0 0 0 0 4]]";0.47660311958405543;0.34438700887767165;"[[  4   2  86  23  67   0]
 [  2  34 233  81  52   1]
 [  0   2 417  21  26   0]
 [  0   2 150 223 111   1]
 [  0   2  21   1 396   0]
 [  1   0 231   5  87  26]]";0.46553446553446554;0.3378584521286038;"[[  1   1  34   7  37   0]
 [  1  15 102  37  22   0]
 [  0   1 178   8  14   0]
 [  1   2  73  97  38   0]
 [  0   1  14   1 163   0]
 [  0   0 102   3  36  12]]";18;[2 5 3 2 2 4]
1282;CiteSeer;own;-1;0.2;64;0.5;1;0.005;1765720390;0.9166666666666666;0.9220779220779222;"[[3 0 0 0 0 0]
 [1 5 0 0 0 0]
 [0 0 4 0 0 0]
 [0 0 0 3 0 0]
 [0 0 0 0 2 0]
 [0 0 0 1 0 5]]";0.5091225021720244;0.38756119591911076;"[[  4   3  93  26  54   0]
 [  8  33 243  76  35   1]
 [  1   3 437  18  15   0]
 [  0   2 149 258  75   2]
 [  1   3  28   2 384   0]
 [  1   0 224   7  60  56]]";0.47952047952047955;0.36035012680464656;"[[  1   2  39   3  35   0]
 [  3  15 113  29  17   0]
 [  0   1 182   6  12   0]
 [  1   2  75 104  29   0]
 [  0   1  16   2 160   0]
 [  1   0 104   3  27  18]]";24;[3 6 4 3 2 6]
1283;CiteSeer;own;-1;0.2;64;0.5;1;0.005;1765720390;0.9333333333333333;0.9482905982905984;"[[5 0 0 0 0 0]
 [1 7 0 0 0 0]
 [0 0 4 0 0 0]
 [0 0 0 3 0 0]
 [0 0 0 0 3 0]
 [1 0 0 0 0 6]]";0.5962543554006968;0.49174119244880893;"[[  3  50  57  20  48   0]
 [  9 203 102  49  30   1]
 [  1  14 422  24  13   0]
 [  2  30 105 301  46   2]
 [  1  11  21   8 376   0]
 [  2  10 200  13  58  64]]";0.5874125874125874;0.4860880287368872;"[[  2  23  19   4  32   0]
 [  2 104  46  13  12   0]
 [  0   8 173   9  11   0]
 [  1  10  51 131  18   0]
 [  1   7  10   5 156   0]
 [  1   2  96   6  26  22]]";30;[5 8 4 3 3 7]
1284;CiteSeer;own;-1;0.2;64;0.5;1;0.005;1765720390;0.9444444444444444;0.9472667855020797;"[[5 0 0 0 0 0]
 [1 8 0 0 0 0]
 [0 0 4 0 0 0]
 [1 0 0 5 0 0]
 [0 0 0 0 4 0]
 [0 0 0 0 0 8]]";0.6187772925764192;0.510681823878842;"[[  2  68  40  21  45   1]
 [  3 244  72  45  29   1]
 [  0  21 414  26  13   0]
 [  0  48  85 301  46   2]
 [  0  16  14   7 380   0]
 [  1  30 150  15  74  76]]";0.6043956043956044;0.49988692226539366;"[[  1  35  11   4  28   1]
 [  1 121  31  12  12   0]
 [  0  19 161   8  13   0]
 [  1  16  42 135  17   0]
 [  0   7   8   4 159   1]
 [  0   9  78   4  34  28]]";36;[5 9 4 6 4 8]
1285;CiteSeer;own;-1;0.2;64;0.5;1;0.005;1765720390;0.9523809523809523;0.9559969442322384;"[[ 5  0  0  0  0  0]
 [ 1 10  0  0  0  0]
 [ 0  0  5  0  0  0]
 [ 0  0  0  7  0  1]
 [ 0  0  0  0  5  0]
 [ 0  0  0  0  0  8]]";0.6212784588441331;0.5116160111884065;"[[  2  53  46  27  48   1]
 [  1 196  95  58  35   1]
 [  0  12 435  27  13   0]
 [  0  20  88 326  44   4]
 [  0  13  12   8 380   2]
 [  0  15 158  15  69  80]]";0.5954045954045954;0.4913787839041574;"[[  0  28  11  14  26   1]
 [  1 102  42  18  14   0]
 [  0   6 174   9  12   0]
 [  0   7  51 130  23   0]
 [  0   7   9   4 158   1]
 [  0   6  81   2  32  32]]";42;[ 5 11  5  8  5  8]
1286;CiteSeer;own;-1;0.2;64;0.5;1;0.005;1765720390;0.9375;0.940592903828198;"[[ 5  0  0  0  0  0]
 [ 2 11  0  0  0  0]
 [ 0  0  6  0  0  0]
 [ 0  0  0  8  0  1]
 [ 0  0  0  0  5  0]
 [ 0  0  0  0  0 10]]";0.630377524143986;0.5324180579876258;"[[  1  41  54  28  47   4]
 [  1 171 117  58  30   8]
 [  0   9 439  26  10   1]
 [  0  13 108 321  32   7]
 [  0   9  19   9 374   2]
 [  0  10 143  16  40 130]]";0.6243756243756243;0.533719073959165;"[[  0  21  16  15  24   4]
 [  1  94  51  18  12   1]
 [  0   2 177   9  12   1]
 [  0   6  49 138  15   3]
 [  0   7  10   5 156   1]
 [  0   5  67   2  19  60]]";48;[ 5 13  6  9  5 10]
1287;CiteSeer;own;-1;0.2;64;0.5;1;0.005;1765720390;0.9074074074074074;0.9052515346336857;"[[ 5  0  1  0  0  0]
 [ 3 11  0  0  0  0]
 [ 0  0  7  0  0  0]
 [ 0  0  0  9  0  1]
 [ 0  0  0  0  6  0]
 [ 0  0  0  0  0 11]]";0.6452464788732394;0.5514367486364469;"[[  1  27  64  21  49  10]
 [  0 157 142  27  30  16]
 [  0   8 477  12  11   5]
 [  0   7 136 262  41  21]
 [  0   6  23   4 375   8]
 [  0   4  82   6  46 194]]";0.6183816183816184;0.5347992757168943;"[[  0  19  17   9  29   6]
 [  1  79  69  11   9   8]
 [  0   2 182   4  11   2]
 [  0   4  69 108  22   8]
 [  0   6  11   3 157   2]
 [  0   3  36   0  21  93]]";54;[ 6 14  7 10  6 11]
1288;CiteSeer;own;-1;0.2;64;0.5;1;0.005;1765720390;0.95;0.9487175324675325;"[[ 5  1  0  0  0  0]
 [ 0 15  0  0  1  0]
 [ 0  0  8  0  0  0]
 [ 0  0  0 10  0  1]
 [ 0  0  0  0  7  0]
 [ 0  0  0  0  0 12]]";0.6372462488967343;0.529593529410968;"[[  3  12  59   6  77   6]
 [  0 110 148  22  54  11]
 [  0   4 503  11  17   3]
 [  0   4 111 258  83  10]
 [  0   5   5   2 416   5]
 [  0   1  61   9  96 154]]";0.5884115884115884;0.4963984138705079;"[[  0   7  18   6  44   5]
 [  0  50  83   9  30   5]
 [  0   1 179   5  15   1]
 [  0   3  53 116  36   3]
 [  0   5   4   1 167   2]
 [  0   2  30   2  42  77]]";60;[ 6 16  8 11  7 12]
1289;CiteSeer;own;-1;0.2;64;0.5;1;0.005;1765720390;0.9696969696969697;0.9610510510510512;"[[ 5  1  0  1  0  0]
 [ 0 18  0  0  0  0]
 [ 0  0  8  0  0  0]
 [ 0  0  0 12  0  0]
 [ 0  0  0  0  7  0]
 [ 0  0  0  0  0 14]]";0.6982300884955752;0.5905636687453905;"[[  2  34  44  29  49   4]
 [  0 179 104  28  29   3]
 [  0   8 486  30  10   2]
 [  0  22  52 354  32   7]
 [  0   7  11  12 401   2]
 [  0   2  83  14  64 156]]";0.6533466533466533;0.5591729585451055;"[[  0  18  17  11  30   4]
 [  0  89  62  10  14   2]
 [  0   2 176  10  12   1]
 [  0   7  31 155  16   2]
 [  0   7   6   3 161   2]
 [  0   2  38   2  38  73]]";66;[ 7 18  8 12  7 14]
1290;CiteSeer;own;-1;0.2;64;0.5;1;0.005;1765720390;0.9444444444444444;0.9301892551892553;"[[ 5  1  0  1  1  0]
 [ 0 19  0  1  0  0]
 [ 0  0  9  0  0  0]
 [ 0  0  0 13  0  0]
 [ 0  0  0  0  7  0]
 [ 0  0  0  0  0 15]]";0.6619343389529725;0.567187842642178;"[[  2  27  50  30 107   4]
 [  0 160 120  29  28   4]
 [  0   6 489  31   9   1]
 [  0  13  66 349  27   9]
 [  0   7  16  14 338   4]
 [  0   1  82  19  58 154]]";0.6423576423576424;0.5487279932023521;"[[  0  17  18  11  30   4]
 [  0  78  70  14  13   2]
 [  0   2 176  10  11   2]
 [  0   6  30 156  16   3]
 [  0   7   9   3 158   2]
 [  0   2  41   4  31  75]]";72;[ 8 20  9 13  7 15]
1291;CiteSeer;own;-1;0.2;64;0.5;1;0.005;1765720390;0.9615384615384616;0.9556791107247498;"[[ 7  1  0  0  1  0]
 [ 0 20  0  1  0  0]
 [ 0  0 10  0  0  0]
 [ 0  0  0 14  0  0]
 [ 0  0  0  0  8  0]
 [ 0  0  0  0  0 16]]";0.6788256227758007;0.5756248090167361;"[[  1  28  51  31  76   4]
 [  0 152 119  32  29   6]
 [  0   6 489  31  10   1]
 [  0  11  63 352  29   8]
 [  0   6  11  13 369   7]
 [  0   1  75  16  58 163]]";0.6443556443556444;0.5507907624029462;"[[  0  17  20  10  29   4]
 [  0  78  69  16  12   2]
 [  0   2 175  10  12   2]
 [  0   6  30 157  14   4]
 [  0   7   8   3 158   3]
 [  0   2  39   3  32  77]]";78;[ 9 21 10 14  8 16]
1292;CiteSeer;own;-1;0.2;64;0.5;1;0.005;1765720390;0.9880952380952381;0.9864923747276689;"[[ 8  1  0  0  0  0]
 [ 0 22  0  0  0  0]
 [ 0  0 11  0  0  0]
 [ 0  0  0 15  0  0]
 [ 0  0  0  0 10  0]
 [ 0  0  0  0  0 17]]";0.6828724353256022;0.6236737023990677;"[[ 49  27  51  27  30   3]
 [ 28 134 134  30   9   3]
 [  0   7 484  30  10   1]
 [  0  11  62 380  13   5]
 [ 26   6  22  11 339   1]
 [  8   1  79  22  54 145]]";0.6293706293706294;0.576656037253324;"[[ 15  13  19  19  10   4]
 [ 19  70  73  10   3   2]
 [  0   1 175  11  13   1]
 [  0   5  31 163   9   3]
 [ 24   5  11   4 133   2]
 [  3   2  41   2  31  74]]";84;[ 9 22 11 15 10 17]
1293;CiteSeer;own;-1;0.2;64;0.5;1;0.005;1765720390;0.9777777777777777;0.9705700623253816;"[[ 7  1  0  1  0  0]
 [ 0 23  0  0  0  0]
 [ 0  0 12  0  0  0]
 [ 0  0  0 16  0  0]
 [ 0  0  0  0 11  0]
 [ 0  0  0  0  0 19]]";0.6932021466905188;0.633923410588585;"[[ 45  29  48  22  37   5]
 [ 19 141 121  30  15   9]
 [  0   7 484  25  13   2]
 [  0  15  60 359  28   8]
 [ 22   6  10   8 351   7]
 [  4   0  64  15  57 170]]";0.6473526473526473;0.5878706887413354;"[[ 11  14  19  13  17   6]
 [ 10  74  72  10   7   4]
 [  0   1 176  10  13   1]
 [  0   7  30 156  14   4]
 [ 17   6   5   3 144   4]
 [  2   1  33   2  28  87]]";90;[ 9 23 12 16 11 19]
1294;CiteSeer;own;-1;0.2;64;0.5;1;0.005;1765720390;0.9479166666666666;0.9381590413943356;"[[ 7  1  0  2  0  0]
 [ 0 24  0  0  0  1]
 [ 0  0 13  0  0  0]
 [ 0  0  0 16  0  0]
 [ 0  0  0  0 12  0]
 [ 1  0  0  0  0 19]]";0.6775784753363229;0.5981136818133882;"[[ 21  30  47  23  38  12]
 [ 11 138 129  26  17  16]
 [  0   7 482  25  15   2]
 [  0  16  69 336  33   8]
 [ 19   6  10   9 368   7]
 [  2   0  68  16  58 166]]";0.6463536463536463;0.5848175293576777;"[[ 10  13  22  11  18   6]
 [  7  78  71   9   8   4]
 [  0   1 177   8  14   1]
 [  0   8  30 151  19   3]
 [ 12   6   5   2 149   5]
 [  2   1  35   2  31  82]]";96;[10 25 13 16 12 20]
1295;CiteSeer;own;-1;0.2;64;0.5;1;0.005;1765720390;0.9509803921568627;0.9411701225426716;"[[ 7  1  0  2  0  0]
 [ 0 25  0  0  0  1]
 [ 0  0 14  0  0  0]
 [ 0  0  0 17  0  0]
 [ 0  0  0  0 13  0]
 [ 0  0  0  0  1 21]]";0.689748201438849;0.5946400611518482;"[[ 11  31  36  37  37  12]
 [  7 147 106  46  23  13]
 [  0   7 459  42  10   1]
 [  0   9  50 382  21   6]
 [ 13   5   7  12 376   8]
 [  0   0  64  31  56 159]]";0.6463536463536463;0.5692019137345458;"[[  5  13  15  20  17  10]
 [  4  81  61  18   9   4]
 [  0   1 168  19  11   2]
 [  0   6  26 162  14   3]
 [  5   5   5   5 153   6]
 [  2   1  35   5  32  78]]";102;[10 26 14 17 13 22]
1296;CiteSeer;own;-1;0.2;64;0.5;1;0.005;1765720390;0.9537037037037037;0.9509168588878735;"[[10  1  0  1  0  0]
 [ 1 26  0  0  0  1]
 [ 0  0 15  0  0  0]
 [ 0  0  0 18  0  0]
 [ 0  0  0  0 13  0]
 [ 0  0  0  0  1 21]]";0.7028854824165915;0.648388084215001;"[[ 48  26  35  18  39   8]
 [ 14 149 116  18  21  13]
 [  0   9 474  27  14   1]
 [  2  17  68 340  29   6]
 [ 19   5   6   6 375   5]
 [  1   0  66  13  57 173]]";0.6483516483516484;0.5910763629602901;"[[ 11  15  13  13  23   5]
 [ 14  78  73   4   6   2]
 [  0   2 171  13  14   1]
 [  0   8  33 149  18   3]
 [  9   6   6   2 154   2]
 [  1   1  35   2  28  86]]";108;[12 28 15 18 13 22]
1297;CiteSeer;own;-1;0.2;64;0.5;1;0.005;1765720390;0.9473684210526315;0.9452051569184828;"[[11  1  0  1  0  0]
 [ 1 27  0  0  0  1]
 [ 0  0 15  0  0  0]
 [ 0  0  0 19  0  0]
 [ 0  0  0  0 14  0]
 [ 0  0  0  0  2 22]]";0.7151898734177216;0.6678364184930804;"[[ 66  22  22  17  39   8]
 [ 36 147  93  22  21  10]
 [  4   8 466  30  14   3]
 [  6  16  54 350  28   7]
 [ 27   5   1   7 366   4]
 [  2   1  52  14  57 187]]";0.6623376623376623;0.6173317764900116;"[[ 21  12   9  14  20   4]
 [ 33  72  59   4   7   2]
 [  1   2 170  13  14   1]
 [  1   8  29 153  17   3]
 [ 13   4   3   3 154   2]
 [  1   2  28   2  27  93]]";114;[13 29 15 19 14 24]
1298;CiteSeer;own;-1;0.2;64;0.5;1;0.005;1765720390;0.9583333333333334;0.9534528944548618;"[[11  1  0  1  0  0]
 [ 1 29  0  0  0  1]
 [ 0  0 15  0  0  0]
 [ 0  0  0 20  0  0]
 [ 1  0  0  0 15  0]
 [ 0  0  0  0  0 25]]";0.7343608340888486;0.6789674028385918;"[[ 43  49  20  13  33   7]
 [ 13 211  73  15  22   8]
 [  1  19 463  23  14   2]
 [  4  31  54 339  27   5]
 [ 15   5   1   6 381   9]
 [  2  14  41   9  51 183]]";0.6933066933066933;0.6403212081922697;"[[ 15  22   8   9  21   5]
 [ 12 105  45   4   7   4]
 [  0   4 168  14  14   1]
 [  1   9  26 154  17   4]
 [  8   6   1   3 156   5]
 [  1  11  19   1  25  96]]";120;[13 31 15 20 16 25]
1299;CiteSeer;own;-1;0.2;64;0.5;1;0.005;1765720390;0.9603174603174603;0.9582267742136351;"[[14  1  0  0  0  0]
 [ 1 29  0  0  0  1]
 [ 0  0 15  0  0  0]
 [ 0  0  1 21  0  0]
 [ 1  0  0  0 16  0]
 [ 0  0  0  0  0 26]]";0.7209090909090909;0.6669240592233653;"[[ 44  38  24  16  34   9]
 [ 12 175  99  21  24  13]
 [  1  11 448  29  12   5]
 [  4  16  60 348  30   6]
 [ 10   5   7   6 380  13]
 [  2  13  38  13  43 191]]";0.6783216783216783;0.6247704890882677;"[[ 15  19  10  10  20   6]
 [ 12  86  58   7   9   5]
 [  0   2 167  16  12   4]
 [  1   8  27 156  15   4]
 [  3   6   2   4 157   7]
 [  1  11  18   3  22  98]]";126;[15 31 15 22 17 26]
1300;CiteSeer;own;-1;0.2;64;0.5;1;0.005;1765720390;0.9621212121212122;0.9603939472791931;"[[15  1  0  0  0  0]
 [ 1 29  0  0  0  1]
 [ 0  0 17  0  0  0]
 [ 0  0  1 22  0  0]
 [ 1  0  0  0 17  0]
 [ 0  0  0  0  0 27]]";0.6959890610756609;0.644075601477236;"[[ 50  18  41  20  31   6]
 [ 15 132 136  16  25   9]
 [  0   8 460  29  12   4]
 [  4  13  72 339  30   5]
 [ 14   5  11   6 374   9]
 [  2  12  56  11  47 172]]";0.6533466533466533;0.5999549427771155;"[[ 15  14  14  11  21   5]
 [ 15  67  75   5  11   4]
 [  0   2 169  16  13   1]
 [  1   7  32 153  15   3]
 [  5   3   4   3 159   5]
 [  1   2  32   4  23  91]]";132;[16 31 17 23 18 27]
1301;CiteSeer;own;-1;0.2;64;0.5;1;0.005;1765720390;0.9637681159420289;0.9630534670008354;"[[16  1  0  0  0  0]
 [ 1 30  0  0  0  1]
 [ 0  0 18  0  0  0]
 [ 0  0  0 24  0  0]
 [ 1  0  0  0 18  0]
 [ 0  0  0  0  1 27]]";0.7248628884826326;0.6633780716011105;"[[ 37  40  30  19  33   6]
 [  8 189  73  26  25  10]
 [  0  16 445  31  15   4]
 [  4  21  46 354  29   4]
 [  9   5   5   6 386   7]
 [  2  15  41  14  58 175]]";0.6873126873126874;0.6338156625915831;"[[ 15  18   9  12  20   6]
 [ 12  97  47   6  10   5]
 [  0   4 165  16  15   1]
 [  1   8  27 157  15   3]
 [  4   5   1   2 161   6]
 [  1   4  27   3  25  93]]";138;[17 32 18 24 19 28]
1302;CiteSeer;own;-1;0.2;64;0.5;1;0.005;1765720390;0.9861111111111112;0.985831629949277;"[[17  1  0  0  0  0]
 [ 0 33  1  0  0  0]
 [ 0  0 18  0  0  0]
 [ 0  0  0 25  0  0]
 [ 0  0  0  0 20  0]
 [ 0  0  0  0  0 29]]";0.7461044912923923;0.6882379629300853;"[[ 38  62  18  15  23   6]
 [  8 263  45  19  14   8]
 [  1  19 424  30  12   2]
 [  4  32  42 351  21   4]
 [ 11  10   5   9 375   6]
 [  2  24  39  17  46 177]]";0.7052947052947053;0.6540232002612529;"[[ 16  29   5   9  16   5]
 [ 12 118  31   4   7   5]
 [  0   8 160  19  13   1]
 [  1  12  22 159  12   5]
 [  5   8   2   4 155   5]
 [  1   5  25   3  21  98]]";144;[18 34 18 25 20 29]
1303;CiteSeer;own;-1;0.2;64;0.5;1;0.005;1765720390;0.9933333333333333;0.9931480776551199;"[[18  1  0  0  0  0]
 [ 0 35  0  0  0  0]
 [ 0  0 18  0  0  0]
 [ 0  0  0 26  0  0]
 [ 0  0  0  0 21  0]
 [ 0  0  0  0  0 31]]";0.7458639705882353;0.7071416258779434;"[[ 61  31  22  19  23   6]
 [ 20 237  59  18  15   7]
 [  1  18 427  31   8   3]
 [  4  16  56 344  22  13]
 [ 19   7   8   6 366   5]
 [  4   5  54  15  38 188]]";0.6873126873126874;0.6482109984787804;"[[ 22  17  10  12  15   4]
 [ 19 101  42   4   7   4]
 [  0  13 157  17  11   3]
 [  1  11  27 152  13   7]
 [ 10   5   2   2 156   4]
 [  1   3  30   2  17 100]]";150;[19 35 18 26 21 31]
1304;CiteSeer;own;-1;0.2;64;0.5;1;0.005;1765720390;0.9871794871794872;0.9854882154882155;"[[17  1  0  1  0  0]
 [ 0 37  0  0  0  0]
 [ 0  0 19  0  0  0]
 [ 0  0  0 27  0  0]
 [ 0  0  0  0 22  0]
 [ 0  0  0  0  0 32]]";0.7497695852534563;0.6989504681411254;"[[ 44  42  16  25  28   7]
 [  9 255  43  23  19   8]
 [  0  27 410  37   9   3]
 [  4  18  39 358  23  12]
 [ 13   7   6   7 373   5]
 [  3   6  44  20  40 187]]";0.6853146853146853;0.640867348639695;"[[ 18  22   7  13  15   5]
 [ 13 111  35   6   8   4]
 [  0  20 147  18  13   3]
 [  1  11  23 155  13   8]
 [  7   8   1   3 157   3]
 [  1   3  30   2  19  98]]";156;[19 37 19 27 22 32]
1305;CiteSeer;own;-1;0.2;64;0.5;1;0.005;1765720390;0.9876543209876543;0.987387950802585;"[[20  1  0  0  0  0]
 [ 0 38  1  0  0  0]
 [ 0  0 19  0  0  0]
 [ 0  0  0 28  0  0]
 [ 0  0  0  0 22  0]
 [ 0  0  0  0  0 33]]";0.7458410351201479;0.7057841257545278;"[[ 57  33  22  17  23   7]
 [ 16 241  65  16  14   6]
 [  2  18 417  35   5   4]
 [  4  19  49 350  21  11]
 [ 17   7   9   8 365   5]
 [  3   9  61  17  27 184]]";0.6803196803196803;0.6372390586259887;"[[ 19  21   9  13  15   3]
 [ 18 102  43   4   6   4]
 [  0  14 156  16  11   4]
 [  1  11  24 155  12   8]
 [  6   7   3   4 153   6]
 [  1   4  37   1  14  96]]";162;[21 39 19 28 22 33]
1306;CiteSeer;own;-1;0.2;64;0.5;1;0.005;1765720390;0.9880952380952381;0.9880645889792231;"[[22  0  0  0  0  0]
 [ 0 39  1  0  1  0]
 [ 0  0 20  0  0  0]
 [ 0  0  0 29  0  0]
 [ 0  0  0  0 22  0]
 [ 0  0  0  0  0 34]]";0.7530120481927711;0.709735196057988;"[[ 54  38  16  18  25   6]
 [ 14 251  49  17  17   7]
 [  4  18 416  33   9   3]
 [  4  20  40 355  23  11]
 [ 14   7   6   7 358   7]
 [  3   8  47  19  43 191]]";0.6863136863136863;0.6393265528912028;"[[ 17  22   8  13  16   4]
 [ 18 103  40   5   7   4]
 [  0  13 154  17  13   4]
 [  1  11  23 156  13   7]
 [  7   7   1   4 155   5]
 [  1   3  30   1  16 102]]";168;[22 41 20 29 22 34]
1307;CiteSeer;own;-1;0.2;64;0.5;1;0.005;1765720390;0.9770114942528736;0.975871355883266;"[[21  0  0  0  1  0]
 [ 0 41  0  0  1  0]
 [ 0  0 20  0  0  1]
 [ 0  0  0 30  0  0]
 [ 0  1  0  0 24  0]
 [ 0  0  0  0  0 34]]";0.7518587360594795;0.7079371043523796;"[[ 52  34  17  21  25   8]
 [ 14 247  49  18  19   8]
 [  2  17 417  36   7   8]
 [  3  16  40 354  22  14]
 [ 13   6   7   8 352  10]
 [  3   8  45  17  39 196]]";0.6883116883116883;0.6424289787485783;"[[ 18  20   8  13  15   6]
 [ 17 104  38   5   8   5]
 [  0  14 154  17  11   5]
 [  1  11  22 158  10   9]
 [  6   7   2   4 150  10]
 [  1   3  29   0  15 105]]";174;[22 42 21 30 25 34]
1308;CiteSeer;own;-1;0.2;64;0.5;1;0.005;1765720390;0.9888888888888889;0.9875699405199362;"[[22  1  0  0  0  0]
 [ 0 43  0  0  0  0]
 [ 0  0 22  0  0  0]
 [ 0  0  0 31  0  0]
 [ 1  0  0  0 25  0]
 [ 0  0  0  0  0 35]]";0.7469711090400746;0.7071546146758813;"[[ 55  40  21  19  14   7]
 [ 14 247  53  15  15   9]
 [  0  18 426  31   6   6]
 [  2  22  52 339  16  16]
 [ 19   5   9   7 337  18]
 [  3   8  60  12  26 199]]";0.6843156843156843;0.6431804473248103;"[[ 20  23   9  12  11   5]
 [ 16 105  39   4   8   5]
 [  0  14 159  14  11   3]
 [  1  11  28 154   8   9]
 [  6   8   2   4 145  14]
 [  1   3  35   0  12 102]]";180;[23 43 22 31 26 35]
1309;CiteSeer;own;-1;0.2;64;0.5;1;0.005;1765720390;0.9838709677419355;0.9817400435626048;"[[22  1  0  1  0  0]
 [ 0 45  0  0  0  0]
 [ 0  0 23  0  0  0]
 [ 0  0  0 31  0  0]
 [ 1  0  0  0 26  0]
 [ 0  0  0  0  0 36]]";0.7551401869158878;0.715041573544888;"[[ 54  44  20  19  10   7]
 [ 11 260  48  17  17   5]
 [  0  22 420  31   6   7]
 [  3  25  44 350  17   7]
 [ 18   6   8   8 334  18]
 [  3  12  54  17  20 198]]";0.6843156843156843;0.643405110963157;"[[ 20  22  10  12  11   5]
 [ 13 111  35   8   6   4]
 [  0  14 155  18  10   4]
 [  1  13  23 158   9   7]
 [  7  12   2   4 140  14]
 [  1   4  31   2  14 101]]";186;[24 45 23 31 27 36]
1310;CiteSeer;own;-1;0.2;64;0.5;1;0.005;1765720390;0.9791666666666666;0.9759117693900302;"[[22  1  0  1  0  0]
 [ 0 45  0  0  0  0]
 [ 0  0 23  0  0  0]
 [ 0  0  0 34  0  0]
 [ 2  0  0  0 27  0]
 [ 0  0  0  0  0 37]]";0.761012183692596;0.7176361804509886;"[[ 51  34  18  18  24   8]
 [ 11 248  53  18  22   5]
 [  0  20 420  27   6  10]
 [  3  14  40 353  23  13]
 [ 14   4   6   5 343  21]
 [  3   9  42  13  26 209]]";0.6833166833166833;0.6402748538998164;"[[ 19  21   9  10  14   7]
 [ 12 104  41   7   9   4]
 [  0  14 157  14  10   6]
 [  1  10  24 157  11   8]
 [  6  11   3   2 142  15]
 [  1   4  26   2  15 105]]";192;[24 45 23 34 29 37]
1311;CiteSeer;own;-1;0.2;64;0.5;1;0.005;1765720390;0.9747474747474747;0.9710839175218992;"[[24  0  0  1  0  0]
 [ 0 46  0  0  0  0]
 [ 0  0 23  0  0  0]
 [ 0  0  1 35  0  0]
 [ 2  0  0  0 27  0]
 [ 0  0  0  0  1 38]]";0.756578947368421;0.7116434171641762;"[[ 47  49  20  16  15   5]
 [ 10 267  41  15  16   7]
 [  0  27 417  26   5   7]
 [  3  23  43 346  18  12]
 [ 15   6  13   5 323  26]
 [  3  19  40  15  18 210]]";0.6853146853146853;0.6431593681416415;"[[ 19  24   9  10  12   6]
 [ 12 112  36   7   7   3]
 [  0  15 157  16  10   3]
 [  1  12  25 156   9   8]
 [  6  11   4   3 136  19]
 [  1   6  25   3  12 106]]";198;[25 46 23 36 29 39]
1312;CiteSeer;own;-1;0.2;64;0.5;1;0.005;1765720390;0.9607843137254902;0.9548219232394836;"[[23  1  1  2  0  0]
 [ 0 46  0  0  0  0]
 [ 0  0 23  0  0  0]
 [ 0  0  1 38  0  0]
 [ 2  0  0  0 27  0]
 [ 0  0  0  0  1 39]]";0.7544769085768144;0.7086197517642717;"[[ 47  45  19  29  10   6]
 [ 13 256  48  24  14   2]
 [  0  25 409  29   4   6]
 [  2  19  38 371   7   7]
 [ 18   8  13  12 316  19]
 [  3  23  41  20  17 202]]";0.6823176823176823;0.6363842585623317;"[[ 17  23  11  15  10   4]
 [ 14 109  37  10   4   3]
 [  0  13 159  17  10   2]
 [  1   8  27 164   5   6]
 [  7  11   6   7 130  18]
 [  1   7  25   3  13 104]]";204;[27 46 23 39 29 40]
1313;CiteSeer;own;-1;0.2;64;0.5;1;0.005;1765720390;0.9571428571428572;0.9517348293084794;"[[22  2  1  2  0  0]
 [ 1 47  0  0  0  0]
 [ 0  0 24  0  0  0]
 [ 0  0  1 39  0  0]
 [ 1  1  0  0 28  0]
 [ 0  0  0  0  0 41]]";0.7594517958412098;0.7091004687401737;"[[ 41  52  16  17  19   9]
 [ 10 259  45  20  19   7]
 [  0  25 405  25   7  12]
 [  2  19  40 362  11   8]
 [ 12   8   6  10 321  26]
 [  1  21  31  10  21 219]]";0.6943056943056943;0.6457202781289944;"[[ 16  27   7  12  11   7]
 [ 11 117  34   6   5   4]
 [  0  14 157  16  10   4]
 [  1   9  26 162   5   8]
 [  5  11   4   7 135  17]
 [  1   7  23   1  13 108]]";210;[27 48 24 40 30 41]
1314;CiteSeer;own;-1;0.2;64;0.5;1;0.005;1765720390;0.9675925925925926;0.9624274687573512;"[[25  1  1  1  0  0]
 [ 1 48  0  0  0  0]
 [ 0  0 25  0  0  0]
 [ 0  0  0 42  0  0]
 [ 3  0  0  0 28  0]
 [ 0  0  0  0  0 41]]";0.762085308056872;0.7173477695950665;"[[ 49  40  19  22  13   7]
 [ 13 257  48  21  14   7]
 [  2  23 403  29   7   9]
 [  2  17  36 372   9   6]
 [ 24   6   7  10 314  22]
 [  2  19  33  18  17 213]]";0.6833166833166833;0.639662579470312;"[[ 19  21   8  14  11   7]
 [ 18 105  38   8   4   4]
 [  0  17 154  17  11   2]
 [  1  10  22 168   3   7]
 [  8  13   3   7 131  17]
 [  0   6  25   2  13 107]]";216;[28 49 25 42 31 41]
1315;CiteSeer;own;-1;0.2;64;0.5;1;0.005;1765720390;0.9684684684684685;0.966071870429514;"[[26  1  0  1  0  0]
 [ 2 49  0  0  0  0]
 [ 0  0 26  1  0  0]
 [ 0  0  0 42  0  0]
 [ 1  0  0  0 30  1]
 [ 0  0  0  0  0 42]]";0.7576045627376425;0.7097740324792455;"[[ 43  41  23  22  12   4]
 [ 19 253  52  18  14   6]
 [  2  21 410  27   7   7]
 [  3  18  40 360   8  10]
 [ 13  12  11  10 316  20]
 [  2  19  38  12  19 212]]";0.6933066933066933;0.6470010315638794;"[[ 18  22  11  13  11   5]
 [ 13 108  38   5   7   6]
 [  2  13 160  13  10   3]
 [  1  11  22 167   3   7]
 [  4  14   4   5 136  16]
 [  3   6  26   1  12 105]]";222;[28 51 27 42 32 42]
1316;CiteSeer;own;-1;0.2;64;0.5;1;0.005;1765720390;0.9649122807017544;0.961337140934842;"[[26  1  0  1  1  0]
 [ 2 50  1  0  0  0]
 [ 0  0 26  1  0  0]
 [ 0  0  0 43  0  0]
 [ 1  0  0  0 32  0]
 [ 0  0  0  0  0 43]]";0.7621544327931363;0.716717429197741;"[[ 46  36  17  24  15   6]
 [ 19 255  54  18  19   5]
 [  5  23 388  31   4   5]
 [  4  17  42 365   9   7]
 [ 16   4   9  11 340   8]
 [  2  13  39  16  21 205]]";0.6873126873126874;0.64395370124877;"[[ 19  22   7  13  13   6]
 [ 15 108  36   5   7   6]
 [  2  16 153  17  11   2]
 [  2  12  23 164   4   6]
 [  4  13   4   7 139  12]
 [  3   6  24   2  13 105]]";228;[29 53 27 43 33 43]
1317;CiteSeer;own;-1;0.2;64;0.5;1;0.005;1765720390;0.9615384615384616;0.9584356445012183;"[[27  1  0  1  0  0]
 [ 3 50  1  0  0  0]
 [ 0  0 27  1  0  0]
 [ 0  0  0 43  0  0]
 [ 2  0  0  0 34  0]
 [ 0  0  0  0  0 44]]";0.7605162523900574;0.7150551782814464;"[[ 44  40  18  21  13   7]
 [ 17 262  58  15  11   4]
 [  5  28 385  29   4   6]
 [  4  20  43 364   6   6]
 [ 19   8  12  11 327  11]
 [  3  17  38  13  14 209]]";0.6963036963036963;0.6578160773246268;"[[ 22  25   7  11   9   6]
 [ 14 112  37   4   5   5]
 [  2  17 154  15  10   3]
 [  3  11  23 166   2   6]
 [  5  14   4   7 134  15]
 [  2   5  25   1  11 109]]";234;[29 54 28 43 36 44]
1318;CiteSeer;own;-1;0.2;64;0.5;1;0.005;1765720390;0.9625;0.9598018063714856;"[[29  1  0  1  0  0]
 [ 2 51  1  0  0  0]
 [ 0  0 28  1  0  0]
 [ 0  0  0 44  1  0]
 [ 2  0  0  0 34  0]
 [ 0  0  0  0  0 45]]";0.763183125599233;0.7179113160634665;"[[ 45  36  16  22  17   6]
 [ 14 248  57  19  21   7]
 [  5  27 383  28  13   3]
 [  4  15  42 367  12   5]
 [ 16   4   5   8 343   8]
 [  2  14  37  12  19 206]]";0.6863136863136863;0.6433889230074888;"[[ 19  22   7  14  12   6]
 [ 13 107  37   7   7   6]
 [  2  14 152  19  11   3]
 [  2  11  21 165   7   5]
 [  4  13   4   7 139  12]
 [  1   5  27   2  13 105]]";240;[31 54 29 45 36 45]
1319;CiteSeer;own;-1;0.2;64;0.5;1;0.005;1765720390;0.959349593495935;0.9570424286192248;"[[30  2  0  1  0  0]
 [ 2 52  1  0  0  0]
 [ 0  0 29  1  0  0]
 [ 0  0  0 44  1  0]
 [ 2  0  0  0 35  0]
 [ 0  0  0  0  0 46]]";0.7581730769230769;0.7109008778474769;"[[ 43  39  14  27  14   8]
 [ 19 251  52  19  16   8]
 [  5  30 376  35   9   4]
 [  3  16  36 365   9  10]
 [ 20   6   6   8 332  11]
 [  0  13  33  14  19 210]]";0.6933066933066933;0.6514370844538101;"[[ 20  23   6  14  10   7]
 [ 16 113  31   6   5   6]
 [  2  15 151  19  10   4]
 [  2  11  19 163   9   7]
 [  5  13   4   7 136  14]
 [  0   5  24   1  12 111]]";246;[33 55 30 45 37 46]
1320;CiteSeer;own;-1;0.2;64;0.5;1;0.005;1765720390;0.9603174603174603;0.958399817396562;"[[32  2  0  0  0  0]
 [ 2 52  1  0  0  0]
 [ 0  0 29  1  0  0]
 [ 2  0  0 45  0  0]
 [ 2  0  0  0 36  0]
 [ 0  0  0  0  0 48]]";0.7613307618129219;0.7237117810260951;"[[ 57  35  17  16  13   5]
 [ 19 251  56  15  16   7]
 [  6  25 389  27   8   4]
 [  9  15  46 348  13   6]
 [ 22   5  10   5 332   9]
 [  9  12  37  11  17 202]]";0.6743256743256744;0.6406382028522941;"[[ 25  22   8   7  12   6]
 [ 20 104  39   4   6   4]
 [  3  13 154  18  10   3]
 [  7   9  25 153   8   9]
 [ 11  13   5   5 133  12]
 [  3   5  26   1  12 106]]";252;[34 55 30 47 38 48]
1321;CiteSeer;own;-1;0.2;64;0.5;1;0.005;1765720390;0.9534883720930233;0.9498198163684889;"[[29  3  0  1  1  0]
 [ 1 53  1  1  0  0]
 [ 0  1 30  1  0  0]
 [ 0  0  0 48  0  0]
 [ 2  0  0  0 36  0]
 [ 0  0  0  0  0 50]]";0.7659574468085106;0.7190379299017927;"[[ 43  36  11  28  11   8]
 [ 16 245  46  30  17  10]
 [  4  24 383  35   6   7]
 [  4   9  36 377   8   7]
 [ 15   7   9  16 322  12]
 [  3   9  31  13  16 214]]";0.6823176823176823;0.6369754279276502;"[[ 18  23   6  17   8   8]
 [ 13 108  33  11   6   6]
 [  2  13 152  21  10   3]
 [  2   8  20 169   5   7]
 [  8  13   3  13 128  14]
 [  3   5  22   4  11 108]]";258;[34 56 32 48 38 50]
1322;CiteSeer;own;-1;0.2;64;0.5;1;0.005;1765720390;0.9734848484848485;0.9729919606907124;"[[33  2  0  0  0  0]
 [ 2 55  1  0  0  0]
 [ 0  0 33  0  0  0]
 [ 0  0  0 47  0  1]
 [ 1  0  0  0 38  0]
 [ 0  0  0  0  0 51]]";0.7822502424830262;0.7380625613490636;"[[ 48  38  14  18  12   5]
 [ 18 268  47  11  14   6]
 [  5  22 393  27  10   3]
 [  4  13  44 359  13   5]
 [ 13   6   5   9 342   5]
 [  9  10  36  10  17 203]]";0.6863136863136863;0.6463624805172034;"[[ 21  19   9  12  15   4]
 [ 16 110  35   6   5   5]
 [  2  14 156  15  12   2]
 [  2  11  21 161   9   7]
 [  9  13   5  10 132  10]
 [  3   4  24   1  14 107]]";264;[35 58 33 48 39 51]
1323;CiteSeer;own;-1;0.2;64;0.5;1;0.005;1765720390;0.9629629629629629;0.9622555223304669;"[[32  3  0  1  0  0]
 [ 3 55  1  1  0  0]
 [ 0  0 34  0  0  0]
 [ 0  0  0 48  0  0]
 [ 1  0  0  0 39  0]
 [ 0  0  0  0  0 52]]";0.7786964980544747;0.7304162332076306;"[[ 43  38  12  22  16   6]
 [ 17 261  47  14  16   9]
 [  5  21 382  34  10   4]
 [  3  12  34 367  13   5]
 [ 10   6   5  12 341   6]
 [  8   7  33  12  18 207]]";0.6873126873126874;0.6440987948811246;"[[ 19  18   8  14  14   7]
 [ 16 109  35   7   5   5]
 [  3  12 152  19  13   2]
 [  2  10  18 162  10   9]
 [  8  13   3  10 134  11]
 [  1   4  22   3  11 112]]";270;[36 60 34 48 40 52]
1324;CiteSeer;own;-1;0.2;64;0.5;1;0.005;1765720390;0.9637681159420289;0.9615647158500286;"[[31  3  0  1  1  0]
 [ 2 57  1  1  0  0]
 [ 0  0 35  0  0  0]
 [ 0  0  0 49  0  0]
 [ 1  0  0  0 40  0]
 [ 0  0  0  0  0 54]]";0.7804878048780488;0.7373065527379304;"[[ 48  35  13  19  15   7]
 [ 19 269  44  11  12  10]
 [  3  19 391  25   9   9]
 [  3  14  45 345  13  11]
 [ 13   9   7   8 334   7]
 [  4   8  31  11  16 213]]";0.6923076923076923;0.6513519189071096;"[[ 21  18   7  11  13  10]
 [ 15 112  33   5   6   6]
 [  3  12 155  16  11   4]
 [  3  10  20 158  10  10]
 [  8  13   4   8 134  12]
 [  1   4  22   1  12 113]]";276;[36 61 35 49 41 54]
1325;CiteSeer;own;-1;0.2;64;0.5;1;0.005;1765720390;0.9645390070921985;0.9627931477004804;"[[31  5  0  0  1  0]
 [ 1 59  1  1  0  0]
 [ 0  0 36  0  0  0]
 [ 1  0  0 49  0  0]
 [ 0  0  0  0 42  0]
 [ 0  0  0  0  0 55]]";0.7871819960861057;0.7453740360739719;"[[ 49  32  13  19  13   8]
 [ 12 262  47  15  19   8]
 [  3  19 390  28  10   5]
 [  3  13  40 356  12   6]
 [ 12   4   5   9 346   8]
 [  4   6  35  11  16 206]]";0.6903096903096904;0.6472199640270017;"[[ 19  20   5  14  13   9]
 [ 13 112  32   8   7   5]
 [  2  13 155  17  12   2]
 [  3  10  20 156  13   9]
 [  7  13   4   9 137   9]
 [  2   4  22   1  12 112]]";282;[37 62 36 50 42 55]
1326;CiteSeer;own;-1;0.2;64;0.5;1;0.005;1765720390;0.9756944444444444;0.9753786379499747;"[[33  4  0  0  0  0]
 [ 1 61  1  1  0  0]
 [ 0  0 37  0  0  0]
 [ 0  0  0 51  0  0]
 [ 0  0  0  0 43  0]
 [ 0  0  0  0  0 56]]";0.7909715407262021;0.7502726085838768;"[[ 49  33  14  18  12   8]
 [  9 268  48  13  14   9]
 [  3  19 387  29   8   8]
 [  3  14  39 357   9   7]
 [  7   7   6  10 341  12]
 [  5   7  30  10  15 210]]";0.6913086913086913;0.6464084224756185;"[[ 18  22   4  15  12   9]
 [ 12 115  32   7   6   5]
 [  2  15 152  17  11   4]
 [  3  10  18 160  11   9]
 [  7  13   4  10 134  11]
 [  2   3  23   1  11 113]]";288;[37 64 37 51 43 56]
1327;CiteSeer;own;-1;0.2;64;0.5;1;0.005;1765720390;0.9693877551020408;0.967495591970219;"[[32  4  0  1  1  0]
 [ 1 62  1  1  0  0]
 [ 0  0 38  0  0  0]
 [ 0  0  0 53  0  0]
 [ 0  0  0  0 43  0]
 [ 0  0  0  0  0 57]]";0.7844488188976378;0.7450225972809624;"[[ 54  33  13  19  11   6]
 [ 17 257  48  13  14   8]
 [  5  16 383  31  11   5]
 [  6  14  39 358   8   5]
 [ 13   7   5   9 340   8]
 [  6   7  32  12  17 202]]";0.6913086913086913;0.6463118420401163;"[[ 18  21   5  15  12   9]
 [ 14 110  38   4   6   5]
 [  3  12 152  19  12   3]
 [  6  10  19 162   7   7]
 [ 10  13   3   8 138   7]
 [  1   4  22   1  13 112]]";294;[38 65 38 53 43 57]
1328;CiteSeer;own;-1;0.2;64;0.5;1;0.005;1765720390;0.9566666666666667;0.9538655085183191;"[[32  5  0  1  1  0]
 [ 2 63  1  1  0  0]
 [ 0  0 38  0  1  0]
 [ 0  0  0 54  0  0]
 [ 0  0  0  0 42  1]
 [ 0  0  0  0  0 58]]";0.7813425468904245;0.743228158567951;"[[ 52  33  12  21   9   6]
 [ 12 261  49  15  10  10]
 [  3  19 376  39   7   6]
 [  9  14  39 352   7   8]
 [ 16   6   5  10 333  12]
 [  2   8  31  12  13 209]]";0.6873126873126874;0.6411396588982433;"[[ 17  22   5  15  12   9]
 [ 13 111  38   5   5   5]
 [  2  15 150  20  10   4]
 [  5   7  21 162   6  10]
 [  9  12   3   9 134  12]
 [  0   5  21   2  11 114]]";300;[39 67 39 54 43 58]
1329;CiteSeer;own;-1;0.2;64;0.5;1;0.005;1765720390;0.9640522875816994;0.9633050523834034;"[[35  4  0  1  0  0]
 [ 3 63  1  1  0  0]
 [ 0  0 40  1  0  0]
 [ 0  0  0 55  0  0]
 [ 0  0  0  0 43  0]
 [ 0  0  0  0  0 59]]";0.7816831683168317;0.7446099588304094;"[[ 56  27  13  18  11   6]
 [ 19 257  46  14  14   8]
 [  5  17 387  29   6   4]
 [ 10  14  42 342  12   7]
 [ 17   5   9   7 334  10]
 [  3   6  35  12  15 203]]";0.6863136863136863;0.6419802390000838;"[[ 18  21   6  14  12   9]
 [ 14 109  39   6   4   5]
 [  3  14 153  17  10   4]
 [  5   9  20 159  10   8]
 [  9  12   6   7 137   8]
 [  2   4  23   1  12 111]]";306;[40 68 41 55 43 59]
1330;CiteSeer;own;-1;0.2;64;0.5;1;0.005;1765720390;0.9615384615384616;0.9601816311391298;"[[36  3  0  1  0  0]
 [ 4 63  1  1  0  0]
 [ 0  0 41  1  0  0]
 [ 0  0  0 56  0  0]
 [ 1  0  0  0 44  0]
 [ 0  0  0  0  0 60]]";0.7830188679245284;0.7495076757440743;"[[ 57  23  15  17  12   7]
 [ 17 255  47  16  12   9]
 [  7  12 385  31   4   7]
 [  4  12  46 344  11  10]
 [  9   6  14   9 330  13]
 [  2   7  34  12  12 206]]";0.6833166833166833;0.6366683680354943;"[[ 17  21   6  14  13   9]
 [ 14 106  37   7   6   7]
 [  3  13 155  17  10   3]
 [  4  10  20 160   8   9]
 [  6  13   6   6 133  15]
 [  1   3  24   1  11 113]]";312;[40 69 42 56 45 60]
1331;CiteSeer;own;-1;0.2;64;0.5;1;0.005;1765720390;0.9528301886792453;0.9500388251552373;"[[35  4  0  1  1  0]
 [ 3 65  1  0  0  0]
 [ 0  1 41  1  0  0]
 [ 0  1  1 55  0  0]
 [ 1  0  0  0 45  0]
 [ 0  0  0  0  0 62]]";0.7893426294820717;0.751813743881559;"[[ 50  30  11  19  11   7]
 [ 11 267  42  15  13  10]
 [  3  25 370  35   3   8]
 [  4  16  32 354  10  10]
 [  8  10   7   9 329  12]
 [  2  13  27  10  10 215]]";0.6973026973026973;0.6470057805188535;"[[ 15  23   6  14  14   8]
 [  9 119  33   6   6   4]
 [  3  15 150  18  10   5]
 [  4  11  18 163   7   8]
 [  6  13   4   8 138  10]
 [  1   6  20   2  11 113]]";318;[41 69 43 57 46 62]
1332;CiteSeer;own;-1;0.2;64;0.5;1;0.005;1765720390;0.9567901234567902;0.953999465289788;"[[36  3  0  2  1  0]
 [ 1 68  1  0  1  0]
 [ 0  1 42  1  0  0]
 [ 0  1  1 56  0  0]
 [ 1  0  0  0 45  0]
 [ 0  0  0  0  0 63]]";0.7902097902097902;0.7514035916263525;"[[ 50  29  16  14  10   6]
 [ 15 255  44  20  14   9]
 [  6  18 391  23   2   9]
 [  5  13  42 343  12   7]
 [  8   9   8   7 327  14]
 [  2   7  31   8  12 216]]";0.6873126873126874;0.6384017381650056;"[[ 15  25  10  11  13   6]
 [ 12 110  39   6   6   4]
 [  3  12 156  14  10   6]
 [  4  10  23 159   8   7]
 [  7  14   5   7 136  10]
 [  2   5  23   1  10 112]]";324;[42 71 44 58 46 63]
1333;CiteSeer;own;-1;0.2;64;0.5;1;0.005;1765720390;0.9515151515151515;0.9473213464033651;"[[36  3  0  2  2  0]
 [ 2 69  1  0  0  0]
 [ 0  0 44  1  0  0]
 [ 0  1  1 57  0  0]
 [ 2  1  0  0 44  0]
 [ 0  0  0  0  0 64]]";0.7945891783567134;0.7544688510750602;"[[ 47  29  15  14  12   6]
 [ 13 266  46  14  11   7]
 [  2  20 392  22   2   7]
 [  4  11  44 340  15   7]
 [ 10   6  10   7 329  12]
 [  1   6  35   8  14 212]]";0.6953046953046953;0.6460093857907233;"[[ 15  23  13   8  14   7]
 [ 13 112  38   4   6   4]
 [  3  12 157  14  10   5]
 [  4  11  23 159   8   6]
 [  7  14   4   7 141   6]
 [  1   5  22   1  12 112]]";330;[43 72 45 59 47 64]
1334;CiteSeer;own;-1;0.2;64;0.5;1;0.005;1765720390;0.9613095238095238;0.959831381292337;"[[41  3  0  0  0  0]
 [ 2 70  1  0  0  0]
 [ 0  0 44  1  0  0]
 [ 1  1  0 58  0  0]
 [ 2  1  0  0 45  0]
 [ 0  0  1  0  0 65]]";0.7974874371859296;0.7590595462922538;"[[ 55  26  11  14   9   7]
 [ 20 265  37  16   9   8]
 [  8  19 380  25   2  10]
 [ 10  16  32 345  10   7]
 [ 12   6   6   8 330  14]
 [  4   8  29   8  12 212]]";0.6923076923076923;0.6486841750662018;"[[ 19  25   9   8  11   8]
 [ 16 115  31   4   6   5]
 [  3  14 150  17   9   8]
 [  6  11  17 159   9   9]
 [  9  13   4   6 137  10]
 [  1   7  20   1  11 113]]";336;[44 73 45 60 48 66]
1335;CiteSeer;own;-1;0.2;64;0.5;1;0.005;1765720390;0.956140350877193;0.9536694666753314;"[[39  4  0  1  0  0]
 [ 0 72  1  0  1  0]
 [ 0  0 44  1  0  0]
 [ 1  1  0 60  0  0]
 [ 2  1  0  0 46  0]
 [ 0  0  2  0  0 66]]";0.8059475806451613;0.7659798466675225;"[[ 45  29  15  14  12   6]
 [  7 272  40  15  14   6]
 [  2  19 388  27   3   4]
 [  4  11  36 347  15   6]
 [  1   9   6   9 341   9]
 [  1   8  35   9  13 206]]";0.6983016983016983;0.641640321658364;"[[ 11  24  11  10  16   8]
 [ 11 118  34   5   6   3]
 [  3  15 153  16  11   3]
 [  4  11  23 159   9   5]
 [  6  12   4   7 146   4]
 [  0   6  21   2  12 112]]";342;[44 74 45 62 49 68]
1336;CiteSeer;own;-1;0.2;64;0.5;1;0.005;1765720390;0.9597701149425287;0.9573142894610086;"[[39  5  0  1  0  0]
 [ 0 74  1  0  0  0]
 [ 0  0 45  1  0  0]
 [ 0  1  0 62  0  0]
 [ 2  1  0  0 47  0]
 [ 0  0  2  0  0 67]]";0.8008088978766431;0.7588402240049614;"[[ 47  28  15  14  10   6]
 [ 15 269  38  12  13   6]
 [  7  17 383  24   4   7]
 [  5  10  41 340  15   6]
 [  6   8   6   8 339   9]
 [  4  10  31   8  11 206]]";0.6963036963036963;0.6417006294883124;"[[ 12  24  11  10  15   8]
 [ 15 118  30   4   6   4]
 [  3  14 154  16  11   3]
 [  4  11  23 157   8   8]
 [  7  14   4   6 143   5]
 [  1   6  22   2   9 113]]";348;[45 75 46 63 50 69]
1337;CiteSeer;own;-1;0.2;64;0.5;1;0.005;1765720390;0.9548022598870056;0.951614912837333;"[[39  5  0  1  0  0]
 [ 0 76  1  0  1  0]
 [ 0  0 46  1  0  0]
 [ 0  1  0 63  0  0]
 [ 3  1  0  0 46  0]
 [ 0  0  2  0  0 68]]";0.7946247464503042;0.7528940689031134;"[[ 46  29  15  14  11   5]
 [ 14 260  43  11  12  10]
 [  6  15 385  27   3   5]
 [  5  10  42 337  17   5]
 [  6   9   7   8 336   9]
 [  3   7  36   9  12 203]]";0.6913086913086913;0.6407868883088544;"[[ 14  21  12  12  14   7]
 [ 15 112  35   5   6   4]
 [  3  12 155  17  10   4]
 [  5  11  22 158   9   6]
 [  6  14   4   8 142   5]
 [  2   4  24   2  10 111]]";354;[45 78 47 64 50 70]
1338;CiteSeer;own;-1;0.2;64;0.5;1;0.005;1765720390;0.9583333333333334;0.9551503955814301;"[[39  5  0  0  2  0]
 [ 1 78  1  0  0  0]
 [ 0  0 46  1  0  0]
 [ 0  1  0 65  0  0]
 [ 1  1  0  0 48  0]
 [ 0  0  2  0  0 69]]";0.8001017293997965;0.7564780340116776;"[[ 43  30  14  16  11   6]
 [  9 265  38  15  10  12]
 [  4  18 383  28   3   5]
 [  6  10  37 337  14   9]
 [  4   9   8   8 335   9]
 [  2   9  30   6  13 210]]";0.6993006993006993;0.6460984350103404;"[[ 13  26  10  11  12   8]
 [ 11 116  33   5   6   6]
 [  3  13 155  15  11   4]
 [  5  11  22 158   8   7]
 [  5  15   4   8 141   6]
 [  0   4  21   1  10 117]]";360;[46 80 47 66 50 71]
1339;CiteSeer;own;-1;0.2;64;0.5;1;0.005;1765720390;0.9590163934426229;0.9567801253029181;"[[42  4  0  0  1  1]
 [ 1 79  1  0  0  0]
 [ 0  0 47  1  0  0]
 [ 1  1  0 65  0  0]
 [ 1  1  0  0 49  0]
 [ 0  0  2  0  0 69]]";0.7974489795918367;0.7572736552931287;"[[ 48  27  13  15  12   3]
 [ 17 250  40  15  11   8]
 [  4  17 394  28   3   2]
 [  8   8  40 341  12   3]
 [  7   9  10   9 328   8]
 [  2   8  38   7  13 202]]";0.7012987012987013;0.6600268544894657;"[[ 20  22  10  11  11   6]
 [ 17 109  36   5   6   4]
 [  3  11 161  15   9   2]
 [  6  10  24 158   8   5]
 [  6  15   5   9 139   5]
 [  1   4  21   2  10 115]]";366;[48 81 48 67 51 71]
1340;CiteSeer;own;-1;0.2;64;0.5;1;0.005;1765720390;0.9516129032258065;0.9488885351484289;"[[41  6  0  0  2  0]
 [ 1 80  2  0  0  0]
 [ 0  1 47  2  0  0]
 [ 0  1  0 67  0  0]
 [ 1  1  0  0 49  0]
 [ 0  0  1  0  0 70]]";0.7998976458546572;0.7579517260280367;"[[ 44  31  14  14   9   6]
 [  9 264  40  10  12   6]
 [  2  20 392  27   3   3]
 [  8  14  38 336  11   4]
 [  5  10  10   8 326  10]
 [  2  10  34   8  13 201]]";0.6993006993006993;0.6511005731071936;"[[ 16  27   8   9  12   8]
 [ 12 115  35   5   5   5]
 [  3  14 158  14   9   3]
 [  5  13  21 158   7   7]
 [  6  15   4   7 140   7]
 [  2   5  20   2  11 113]]";372;[49 83 50 68 51 71]
1341;CiteSeer;own;-1;0.2;64;0.5;1;0.005;1765720390;0.9470899470899471;0.9435705326019618;"[[42  3  0  2  2  0]
 [ 4 78  1  0  1  0]
 [ 0  1 48  2  0  0]
 [ 0  1  0 68  0  0]
 [ 2  0  0  0 51  0]
 [ 0  0  1  0  0 71]]";0.7895277207392197;0.7423383745560476;"[[ 40  30  13  15  10   6]
 [ 12 247  46  13  14   8]
 [  4  17 388  31   3   3]
 [  7   9  37 342  15   2]
 [ 13   5  10   9 322   9]
 [  3   7  35  10  14 199]]";0.6983016983016983;0.6528771087765675;"[[ 18  22   8  10  13   9]
 [ 15 109  37   6   6   4]
 [  3  10 158  18   9   3]
 [  4  12  21 162   7   5]
 [  8  13   4   9 140   5]
 [  2   4  20   4  11 112]]";378;[49 84 51 69 53 72]
1342;CiteSeer;own;-1;0.2;64;0.5;1;0.005;1765720390;0.9479166666666666;0.9439909217535106;"[[42  4  0  1  3  0]
 [ 2 80  1  0  1  0]
 [ 0  1 48  2  0  0]
 [ 1  1  0 68  0  0]
 [ 1  0  0  0 54  0]
 [ 0  0  2  0  0 72]]";0.7976313079299691;0.7515019327479701;"[[ 39  36  14  12   8   5]
 [  9 262  43   8  12   6]
 [  2  20 389  28   2   3]
 [  7  15  40 335  11   3]
 [  7   8   9   9 325   9]
 [  2   9  35   8  13 199]]";0.6953046953046953;0.6463722020718928;"[[ 15  24  11  10  11   9]
 [ 13 115  36   3   6   4]
 [  3  12 160  14   9   3]
 [  4  13  25 156   7   6]
 [  7  15   5   8 137   7]
 [  2   5  22   1  10 113]]";384;[50 84 51 70 55 74]
1343;CiteSeer;own;-1;0.2;64;0.5;1;0.005;1765720390;0.9512820512820512;0.9481738184315506;"[[43  5  0  1  2  0]
 [ 2 82  1  0  0  0]
 [ 0  1 49  2  0  0]
 [ 0  1  0 70  0  0]
 [ 1  1  0  0 54  0]
 [ 0  0  2  0  0 73]]";0.7923553719008265;0.7459510338862633;"[[ 39  30  15  14   9   5]
 [ 10 251  48   8  14   8]
 [  2  16 394  27   3   3]
 [  7  12  42 328  15   4]
 [  9   8   9   8 324   9]
 [  3   9  35   7  13 198]]";0.6923076923076923;0.6455006386736851;"[[ 16  23  11  10  12   8]
 [ 14 108  39   5   7   4]
 [  3  13 162  12   9   2]
 [  4  11  29 153   7   7]
 [  7  14   4   7 140   7]
 [  1   4  23   1  10 114]]";390;[51 85 52 71 56 75]
1344;CiteSeer;own;-1;0.2;64;0.5;1;0.005;1765720390;0.9595959595959596;0.9581038500723437;"[[47  4  0  0  1  0]
 [ 2 83  1  0  0  0]
 [ 0  1 51  1  0  0]
 [ 0  1  0 71  0  0]
 [ 1  1  0  0 55  0]
 [ 0  0  3  0  0 73]]";0.7953367875647669;0.7498247305176018;"[[ 40  27  15  14  10   5]
 [ 10 248  47  13  14   6]
 [  2  16 394  25   3   4]
 [  8  12  36 330  15   6]
 [  7   6  10   8 326   9]
 [  2   9  35   8  13 197]]";0.6963036963036963;0.6516910245402957;"[[ 18  23   9   8  15   7]
 [ 13 108  39   5   8   4]
 [  3  12 163  12   9   2]
 [  5   8  28 157   6   7]
 [  9  13   4   9 139   5]
 [  2   4  23   1  11 112]]";396;[52 86 53 72 57 76]
1345;CiteSeer;own;-1;0.2;64;0.5;1;0.005;1765720390;0.9577114427860697;0.9557552650328036;"[[47  4  0  1  1  0]
 [ 2 84  1  0  1  0]
 [ 0  1 51  1  0  0]
 [ 1  1  0 70  0  0]
 [ 1  0  0  0 57  0]
 [ 0  0  2  0  0 76]]";0.7978170478170478;0.7497916016441515;"[[ 39  28  14  16  10   5]
 [  9 254  37  16  12   8]
 [  4  20 385  27   3   5]
 [  8  11  31 331  16   8]
 [  9   5   7   8 326  10]
 [  2  11  28   8  13 200]]";0.6983016983016983;0.6492984878776984;"[[ 16  25   9   8  13   9]
 [ 15 111  31   7   8   5]
 [  2  14 159  13  10   3]
 [  6   9  22 159   7   8]
 [ 10  13   4   7 138   7]
 [  3   4  18   2  10 116]]";402;[53 88 53 72 58 78]
1346;CiteSeer;own;-1;0.2;64;0.5;1;0.005;1765720390;0.9583333333333334;0.9562094924640164;"[[46  4  0  1  1  1]
 [ 1 87  1  0  0  0]
 [ 0  1 52  1  0  0]
 [ 0  1  0 72  0  0]
 [ 1  2  0  0 57  0]
 [ 0  0  2  0  0 77]]";0.7956204379562044;0.7490421653729036;"[[ 40  29  15  14   8   6]
 [  9 251  43  12  11   7]
 [  4  19 389  22   3   6]
 [  9  11  39 324  12   9]
 [ 11   6  10   8 321   9]
 [  3   9  30   6  12 201]]";0.6973026973026973;0.651380000257318;"[[ 17  25  10   9  12   7]
 [ 13 110  39   4   7   4]
 [  3  12 163  11   9   3]
 [  6   8  29 154   7   7]
 [ 11  12   4   7 138   7]
 [  2   4  19   2  10 116]]";408;[53 89 54 73 60 79]
1347;CiteSeer;own;-1;0.2;64;0.5;1;0.005;1765720390;0.9589371980676329;0.9574114443504628;"[[49  3  0  1  1  0]
 [ 1 87  1  1  1  0]
 [ 0  1 52  1  0  0]
 [ 1  0  0 73  0  0]
 [ 1  1  0  0 59  0]
 [ 0  0  2  1  0 77]]";0.7965481171548117;0.7516116728979153;"[[ 41  29  14  14   8   5]
 [ 11 249  44  12  11   4]
 [  4  18 384  26   3   6]
 [  9  12  36 327  12   7]
 [  9   8  10   8 321   9]
 [  3   9  28   7  13 201]]";0.6973026973026973;0.6499343096628366;"[[ 16  26   9  12  11   6]
 [ 13 111  38   5   7   3]
 [  3  10 163  13   9   3]
 [  8   7  28 156   7   5]
 [ 10  13   4   8 137   7]
 [  2   4  20   1  11 115]]";414;[54 91 54 74 61 80]
1348;CiteSeer;own;-1;0.2;64;0.5;1;0.005;1765720390;0.9523809523809523;0.9506460351930213;"[[51  4  0  0  1  0]
 [ 1 87  1  1  1  0]
 [ 0  1 52  1  0  0]
 [ 1  0  0 74  0  0]
 [ 2  1  0  0 59  0]
 [ 0  0  3  1  1 77]]";0.7922350472193075;0.7472249197819864;"[[ 42  30  16  13   9   5]
 [ 14 239  44  10  12   6]
 [  4  19 384  23   2   8]
 [  9  10  39 320  15   9]
 [  8   7   9   8 323  10]
 [  3   7  28   6  13 202]]";0.6943056943056943;0.65023366328664;"[[ 18  25   9   9  12   7]
 [ 16 112  35   4   7   3]
 [  4  11 162  11   9   4]
 [  8   8  30 150   7   8]
 [ 10  13   4   7 137   8]
 [  2   4  19   1  11 116]]";420;[56 91 54 75 62 82]
1349;CiteSeer;own;-1;0.2;64;0.5;1;0.005;167894674;0.0;0.0;[[]];0.20765262252794497;0.198450255967314;"[[ 58  14  28  19  32  33]
 [ 91  39  79  29  46 129]
 [118  38 176  29  32  74]
 [134  48 138  78  35  57]
 [110  67  69  37  66  68]
 [107  35  56  37  54  66]]";0.2007992007992008;0.19254686217486552;"[[23 13 12 11 10 11]
 [42 25 35 21 15 39]
 [42 17 75 12 16 39]
 [70 27 57 24 15 18]
 [56 17 30 20 26 30]
 [42 11 26 18 28 28]]";0;[]
1350;CiteSeer;own;-1;0.2;64;0.5;1;0.005;167894674;0.8333333333333334;0.76;"[[1 0 0 0 0]
 [0 2 0 0 0]
 [0 0 1 0 0]
 [0 0 0 1 0]
 [0 1 0 0 0]]";0.23663793103448275;0.09141546454080461;"[[  0   0 170   8   0   0]
 [  0   0 401   1   0   0]
 [  0   0 500   1   0   0]
 [  0   0 435  45   0   0]
 [  0   0 396   7   4   0]
 [  0   0 352   0   0   0]]";0.21678321678321677;0.08048493435850765;"[[  0   0  72   8   0   0]
 [  0   1 175   1   0   0]
 [  0   0 201   0   0   0]
 [  0   0 197  14   0   0]
 [  0   0 175   3   1   0]
 [  0   0 153   0   0   0]]";6;[0 1 2 1 1 1]
1351;CiteSeer;own;-1;0.2;64;0.5;1;0.005;167894674;0.6666666666666666;0.5555555555555555;"[[0 0 0 2 0 0]
 [0 2 0 0 0 0]
 [0 0 2 0 0 0]
 [0 0 0 2 0 0]
 [0 0 0 0 2 0]
 [0 0 2 0 0 0]]";0.2748487467588591;0.13202983299833249;"[[  0   0 151  32   0   0]
 [  0   2 385  16   0   0]
 [  0   0 494   7   0   0]
 [  0   0 330 137   0   0]
 [  0   0 350  55   3   0]
 [  0   0 348   4   0   0]]";0.2627372627372627;0.12832590592084067;"[[  0   1  63  16   0   0]
 [  0   1 167   9   0   0]
 [  0   0 198   3   0   0]
 [  0   0 148  63   0   0]
 [  0   0 149  29   1   0]
 [  0   0 153   0   0   0]]";12;[2 2 2 2 2 2]
1352;CiteSeer;own;-1;0.2;64;0.5;1;0.005;167894674;0.7222222222222222;0.6749999999999999;"[[0 1 0 2 1 0]
 [0 2 0 0 0 0]
 [0 0 2 0 0 0]
 [0 0 0 3 0 0]
 [0 0 0 0 5 0]
 [0 0 0 0 1 1]]";0.4285095320623917;0.2633390269876181;"[[  0   1  52  11 118   0]
 [  0   2 189   0 209   0]
 [  0   0 441   9  51   0]
 [  0   0 162 138 164   0]
 [  0   0   9   2 405   0]
 [  0   0  92   4 246   3]]";0.41058941058941056;0.24938972889909325;"[[  0   1  15   7  57   0]
 [  0   1  77   2  97   0]
 [  0   0 183   2  16   0]
 [  0   0  78  54  79   0]
 [  0   0   6   0 173   0]
 [  0   0  40   1 112   0]]";18;[4 2 2 3 5 2]
1353;CiteSeer;own;-1;0.2;64;0.5;1;0.005;167894674;0.7916666666666666;0.7134199134199134;"[[0 1 0 2 1 0]
 [0 3 0 0 0 0]
 [0 0 3 0 0 0]
 [0 0 0 6 0 0]
 [0 0 0 0 5 0]
 [0 0 1 0 0 2]]";0.48218940052128584;0.31340576730281877;"[[  0   0  99  42  35   0]
 [  0   2 310  27  44   0]
 [  0   0 516  15   5   0]
 [  0   0 185 250  19   0]
 [  0   0  66   8 340   1]
 [  0   0 217  18 101   2]]";0.4385614385614386;0.28658894588696154;"[[  0   1  33  21  25   0]
 [  0   1 144  12  20   0]
 [  0   0 189   3   9   0]
 [  0   0  99 103   9   0]
 [  0   0  29   4 146   0]
 [  0   0  88   5  60   0]]";24;[4 3 3 6 5 3]
1354;CiteSeer;own;-1;0.2;64;0.5;1;0.005;167894674;0.8;0.7308987308987308;"[[0 1 0 2 1 0]
 [0 4 0 0 2 0]
 [0 0 3 0 0 0]
 [0 0 0 8 0 0]
 [0 0 0 0 5 0]
 [0 0 0 0 0 4]]";0.4921602787456446;0.31768774823417595;"[[  0   0  90  47  38   0]
 [  0   1 281  49  53   0]
 [  0   0 507  23   6   0]
 [  0   0 160 275  18   0]
 [  0   0  57  11 342   0]
 [  0   0 184  32 117   5]]";0.46253746253746253;0.30131015487947294;"[[  0   1  33  22  24   0]
 [  0   1 131  23  22   0]
 [  0   0 188   4   9   0]
 [  0   0  75 128   8   0]
 [  0   0  24  10 145   0]
 [  0   0  75   8  69   1]]";30;[4 6 3 8 5 4]
1355;CiteSeer;own;-1;0.2;64;0.5;1;0.005;167894674;0.9166666666666666;0.9023088023088023;"[[ 2  1  0  2  0  0]
 [ 0  7  0  0  0  0]
 [ 0  0  3  0  0  0]
 [ 0  0  0 10  0  0]
 [ 0  0  0  0  5  0]
 [ 0  0  0  0  0  6]]";0.5995633187772926;0.4929335798454227;"[[  8  27  72  39  36   0]
 [  2 140 128  60  39   2]
 [  0   5 491  23   8   0]
 [  0   9 119 317  20   1]
 [  0  13  34   8 351   2]
 [  7   5 143  19  96  66]]";0.5694305694305695;0.46970556677412206;"[[  1  13  23  22  21   0]
 [  4  60  67  29  17   0]
 [  0   1 184   6  10   0]
 [  0   1  61 139  10   0]
 [  0   8  13   8 150   0]
 [  2   3  61   2  49  36]]";36;[ 5  7  3 10  5  6]
1356;CiteSeer;own;-1;0.2;64;0.5;1;0.005;167894674;0.9047619047619048;0.8633281922755608;"[[ 2  1  1  1  1  0]
 [ 0  9  0  0  0  0]
 [ 0  0  3  0  0  0]
 [ 0  0  0 10  0  0]
 [ 0  0  0  0  6  0]
 [ 0  0  0  0  0  8]]";0.6256567425569177;0.514888587492703;"[[  6   6  31  26  72  47]
 [  7  60  69  37 113  88]
 [  0   2 419  20  30  20]
 [  0   1  82 291  79  15]
 [  0   3   0   2 411  13]
 [  1   0  27   6  58 242]]";0.5904095904095904;0.4727404037719786;"[[  0   5   9  11  40  15]
 [  5  15  28  22  61  46]
 [  2   2 166   6  16   9]
 [  0   0  40 131  30  10]
 [  0   2   2   1 167   7]
 [  1   0  15   0  25 112]]";42;[ 6  9  3 10  6  8]
1357;CiteSeer;own;-1;0.2;64;0.5;1;0.005;167894674;0.9375;0.9334101888449715;"[[ 4  2  0  1  0  0]
 [ 0 11  0  0  0  0]
 [ 0  0  4  0  0  0]
 [ 0  0  0 11  0  0]
 [ 0  0  0  0  6  0]
 [ 0  0  0  0  0  9]]";0.6984196663740123;0.6098189687210613;"[[  5  68  16  21  41  14]
 [  4 256  39  23  29  36]
 [  0  58 392  30   8   6]
 [  0  39  73 314  38   4]
 [  0  17   3   3 398   9]
 [  6   9  40  13  40 226]]";0.6633366633366633;0.5832684841081416;"[[  2  28   7   9  28   6]
 [  3 112  21  10  16  15]
 [  0  32 145  10  10   4]
 [  0   7  34 144  21   5]
 [  0  10   3   3 160   3]
 [  2   3  21   0  26 101]]";48;[ 7 11  4 11  6  9]
1358;CiteSeer;own;-1;0.2;64;0.5;1;0.005;167894674;0.9444444444444444;0.9297720797720798;"[[ 5  2  0  0  0  0]
 [ 0 12  0  0  0  0]
 [ 0  0  4  0  0  0]
 [ 0  0  0 12  0  0]
 [ 0  0  1  0  7  0]
 [ 0  0  0  0  0 11]]";0.6892605633802817;0.5981401960714345;"[[  4  39  13  22  63  23]
 [  2 227  34  25  44  51]
 [  0  53 368  26  20  15]
 [  1  24  54 319  57   9]
 [  0   8  11   4 409   8]
 [  3   2  24  12  59 239]]";0.6453546453546454;0.5638980016711651;"[[  2  13   7  10  39   9]
 [  2  94  19  13  25  24]
 [  0  30 134  11  14  12]
 [  0   4  28 152  21   6]
 [  0   8   2   3 163   3]
 [  2   0  16   1  33 101]]";54;[ 7 12  4 12  8 11]
1359;CiteSeer;own;-1;0.2;64;0.5;1;0.005;167894674;0.9166666666666666;0.878373015873016;"[[ 4  2  0  0  1  0]
 [ 0 13  0  0  0  0]
 [ 1  0  4  0  0  0]
 [ 0  0  0 14  0  0]
 [ 0  0  1  0  7  0]
 [ 0  0  0  0  0 13]]";0.7016769638128861;0.6077942382869315;"[[  3  49  12  15  55  28]
 [  0 257  31   8  35  58]
 [  0  42 367  26  13  30]
 [  1  35  53 300  46  25]
 [  0  11   9   4 404  11]
 [  1   2  24   7  45 259]]";0.6553446553446554;0.5733201376472734;"[[  2  18   7   6  34  13]
 [  1 101  18   7  18  32]
 [  0  27 133   9  15  17]
 [  0   9  29 144  19  10]
 [  0   7   2   3 162   5]
 [  0   0  16   0  23 114]]";60;[ 7 13  5 14  8 13]
1360;CiteSeer;own;-1;0.2;64;0.5;1;0.005;167894674;0.9393939393939394;0.9222098628105303;"[[ 4  2  0  1  0  1]
 [ 0 14  0  0  0  0]
 [ 0  0  6  0  0  0]
 [ 0  0  0 15  0  0]
 [ 0  0  0  0  9  0]
 [ 0  0  0  0  0 14]]";0.7013274336283186;0.6051412297296394;"[[  2  36  11  19  65  27]
 [  0 233  41  12  50  52]
 [  0  30 373  34  21  18]
 [  1  16  53 307  65  18]
 [  0   8   6   2 416   9]
 [  0   1  23  10  47 254]]";0.6523476523476524;0.5692513361386098;"[[  2  16   6   4  40  12]
 [  1  88  22   5  32  29]
 [  0  22 138  13  14  14]
 [  0   5  30 146  22   8]
 [  0   6   2   2 166   3]
 [  0   2  14   2  22 113]]";66;[ 8 14  6 15  9 14]
1361;CiteSeer;own;-1;0.2;64;0.5;1;0.005;167894674;0.9166666666666666;0.9051169590643275;"[[ 6  2  0  1  0  0]
 [ 0 15  0  0  0  0]
 [ 0  0  7  1  0  1]
 [ 0  0  0 15  0  0]
 [ 0  0  0  0  9  0]
 [ 0  0  0  0  1 14]]";0.6960958296362023;0.6011364270057079;"[[  2  44  17  15  58  20]
 [  0 262  43   7  33  39]
 [  0  41 383  21  17  27]
 [  1  23  72 286  63  13]
 [  0  10   8   1 401  12]
 [  0   1  39  10  50 235]]";0.6553446553446554;0.5758001687858725;"[[  2  17   8   4  37  12]
 [  3 100  27   1  24  22]
 [  0  25 148   9  14   5]
 [  0   6  40 131  26   8]
 [  0   9   3   1 162   4]
 [  0   1  18   2  19 113]]";72;[ 9 15  9 15  9 15]
1362;CiteSeer;own;-1;0.2;64;0.5;1;0.005;167894674;0.9615384615384616;0.956594555384878;"[[ 7  2  0  0  0  0]
 [ 0 17  0  0  0  0]
 [ 0  0 10  0  0  1]
 [ 0  0  0 16  0  0]
 [ 0  0  0  0 10  0]
 [ 0  0  0  0  0 15]]";0.6983985765124555;0.6036654525876246;"[[  2  48  14  15  53  24]
 [  0 262  53   9  36  24]
 [  0  38 382  22  21  25]
 [  1  21  70 287  66  12]
 [  0  12   5   1 403  10]
 [  0   2  41  13  42 234]]";0.6373626373626373;0.5619875210764628;"[[  2  18   7   6  35  12]
 [  1 103  32   1  26  14]
 [  0  32 135  10  19   5]
 [  0   6  46 127  27   5]
 [  0   9   2   0 165   3]
 [  1   0  21   2  23 106]]";78;[ 9 17 11 16 10 15]
1363;CiteSeer;own;-1;0.2;64;0.5;1;0.005;167894674;0.9761904761904762;0.9731481481481481;"[[ 8  2  0  0  0  0]
 [ 0 19  0  0  0  0]
 [ 0  0 11  0  0  0]
 [ 0  0  0 17  0  0]
 [ 0  0  0  0 10  0]
 [ 0  0  0  0  0 17]]";0.7123104371097234;0.6171540713990151;"[[  2  61  25  13  34  19]
 [  0 280  58   8  21  15]
 [  0  41 393  28  11  15]
 [  3  34  67 298  44  11]
 [  0  13  12   3 396   7]
 [  0   3  52  15  32 228]]";0.6413586413586414;0.5672079296407043;"[[  2  25  15   6  28   4]
 [  1 115  33   2  14  12]
 [  0  32 135  11  14   9]
 [  2   9  45 133  19   3]
 [  0  15   2   1 159   2]
 [  1   2  29   4  19  98]]";84;[10 19 11 17 10 17]
1364;CiteSeer;own;-1;0.2;64;0.5;1;0.005;167894674;0.9555555555555556;0.9517265385686439;"[[ 8  2  0  0  0  0]
 [ 0 20  0  0  0  0]
 [ 0  0 13  0  0  0]
 [ 0  0  0 17  0  0]
 [ 0  0  0  0 11  0]
 [ 1  0  0  1  0 17]]";0.7119856887298748;0.6132430476723609;"[[  1  57  11  12  45  27]
 [  0 270  48  12  24  25]
 [  0  41 389  25  17  20]
 [  3  30  61 298  53   9]
 [  0  13   6   2 400   9]
 [  0   3  42  14  35 234]]";0.6423576423576424;0.5661366074520542;"[[  2  25   7   4  32  10]
 [  0 110  29   4  19  15]
 [  0  30 132  10  15  14]
 [  2   9  45 132  20   3]
 [  0  12   2   1 162   2]
 [  1   2  25   3  17 105]]";90;[10 20 13 17 11 19]
1365;CiteSeer;own;-1;0.2;64;0.5;1;0.005;167894674;0.9375;0.9224375828053243;"[[ 6  2  0  2  0  0]
 [ 0 21  0  0  0  0]
 [ 0  0 14  0  0  0]
 [ 0  0  0 19  0  0]
 [ 0  0  0  0 12  0]
 [ 1  0  0  1  0 18]]";0.7085201793721974;0.6086015684319687;"[[  0  50  15  17  50  17]
 [  0 264  51  12  31  17]
 [  0  37 391  25  22  17]
 [  2  23  69 290  60   8]
 [  0  11   7   2 407   4]
 [  0   2  47  15  39 228]]";0.6243756243756243;0.5489780456486203;"[[  2  24   8   5  32   9]
 [  0 105  29   4  27  12]
 [  0  30 137  10  14  10]
 [  0   8  53 126  21   3]
 [  0   9   2   1 164   3]
 [  1   1  38   3  19  91]]";96;[10 21 14 19 12 20]
1366;CiteSeer;own;-1;0.2;64;0.5;1;0.005;167894674;0.9705882352941176;0.9687464071610413;"[[10  1  0  0  0  0]
 [ 0 22  0  0  0  0]
 [ 0  0 14  0  0  0]
 [ 1  0  0 19  0  0]
 [ 0  0  0  0 14  0]
 [ 0  0  0  1  0 20]]";0.7045863309352518;0.6059537971356844;"[[  1  41  13   8  59  24]
 [  0 249  48   6  32  38]
 [  0  36 379  25  24  17]
 [  1  20  75 278  67  10]
 [  0   8   4   1 413   6]
 [  1   2  33  10  48 247]]";0.6223776223776224;0.5474170271801483;"[[  2  20   6   2  36  14]
 [  2  97  28   1  29  20]
 [  0  28 134  10  16  13]
 [  2   5  51 116  32   5]
 [  0   7   2   1 165   4]
 [  1   1  18   3  21 109]]";102;[11 22 14 20 14 21]
1367;CiteSeer;own;-1;0.2;64;0.5;1;0.005;167894674;0.9629629629629629;0.95751591726965;"[[10  1  1  0  0  0]
 [ 0 23  0  0  0  0]
 [ 0  0 14  0  0  0]
 [ 1  0  0 21  0  0]
 [ 0  0  0  0 15  0]
 [ 0  0  0  1  0 21]]";0.7132551848512173;0.6138549140123223;"[[  1  49  14  17  40  25]
 [  0 253  44  10  22  41]
 [  2  39 374  29  13  21]
 [  0  26  73 291  50  11]
 [  0  12   6   1 399  12]
 [  1   2  34  15  27 264]]";0.6393606393606394;0.5614300437729164;"[[  2  22   6   5  27  18]
 [  0 105  25   4  19  24]
 [  0  29 132  13  13  14]
 [  1   9  49 128  19   5]
 [  0   7   2   2 160   8]
 [  1   4  18   4  13 113]]";108;[12 23 14 22 15 22]
1368;CiteSeer;own;-1;0.2;64;0.5;1;0.005;167894674;0.9298245614035088;0.9215438322891739;"[[ 9  1  1  2  0  0]
 [ 1 23  0  0  0  0]
 [ 0  0 14  0  0  1]
 [ 0  1  0 23  0  0]
 [ 0  0  0  0 16  0]
 [ 0  0  0  1  0 21]]";0.6980108499095841;0.6106752298506727;"[[  6  30  12  24  49  21]
 [  0 229  41  31  32  35]
 [  2  35 343  42  15  18]
 [  1  19  82 309  61   8]
 [  0   8   6   3 402   8]
 [  1   2  34  19  29 255]]";0.6253746253746254;0.5514366609449056;"[[  3  16   5  13  33  10]
 [  0  92  24  16  27  18]
 [  0  27 124  23  14  13]
 [  0   6  45 133  22   5]
 [  0   7   2   2 163   5]
 [  1   2  17   7  15 111]]";114;[13 24 15 24 16 22]
1369;CiteSeer;own;-1;0.2;64;0.5;1;0.005;167894674;0.95;0.9452571584189231;"[[12  1  1  0  0  0]
 [ 1 24  0  0  0  0]
 [ 0  0 15  0  0  0]
 [ 0  0  0 25  0  0]
 [ 0  0  0  0 17  1]
 [ 0  0  1  1  0 21]]";0.7003626473254759;0.6143035256439279;"[[  6  34  11  38  37  15]
 [  1 221  29  65  24  28]
 [  2  24 328  76   8  17]
 [  1  10  65 346  49   8]
 [  1   9   6   7 395   9]
 [  1   1  34  24  27 249]]";0.6073926073926074;0.5383173650849488;"[[  3  14   4  20  28  11]
 [  2  87  18  31  25  14]
 [  0   9 112  58  12  10]
 [  1   6  41 142  18   3]
 [  0   8   2   6 158   5]
 [  1   3  21   9  13 106]]";120;[14 25 15 25 18 23]
1370;CiteSeer;own;-1;0.2;64;0.5;1;0.005;167894674;0.9523809523809523;0.9463860183713125;"[[13  1  1  0  0  1]
 [ 1 24  0  0  0  0]
 [ 0  0 15  0  0  0]
 [ 0  0  0 26  0  0]
 [ 0  0  0  0 18  1]
 [ 0  0  1  0  0 24]]";0.7045454545454546;0.6130092385576908;"[[  4  39  12  21  44  19]
 [  0 240  37  33  26  32]
 [  2  29 344  51  14  15]
 [  0  16  78 316  57  11]
 [  0  10   6   2 396  12]
 [  1   1  36  16  30 250]]";0.6203796203796204;0.5468593818715063;"[[  2  16   5  12  31  14]
 [  1 101  23  10  26  16]
 [  0  12 125  43  11  10]
 [  0   7  54 122  25   3]
 [  0   8   2   2 161   6]
 [  1   2  22   4  14 110]]";126;[16 25 15 26 19 25]
1371;CiteSeer;own;-1;0.2;64;0.5;1;0.005;167894674;0.9545454545454546;0.9487637362637362;"[[14  1  1  0  1  0]
 [ 1 25  0  0  0  0]
 [ 0  0 17  0  0  0]
 [ 0  0  0 27  0  0]
 [ 0  0  0  0 18  1]
 [ 0  0  0  0  1 25]]";0.7114858705560619;0.6207190608805265;"[[  5  42   8  22  41  20]
 [  0 247  29  32  28  32]
 [  0  29 336  56  16  16]
 [  0  17  67 325  57  11]
 [  0   9   5   2 398  12]
 [  1   1  28  17  35 250]]";0.6313686313686314;0.5620078803054761;"[[  4  18   4  14  28  12]
 [  1 103  21  12  26  14]
 [  0  12 120  46  11  12]
 [  0   8  43 134  23   3]
 [  0   7   2   2 163   5]
 [  1   2  20   6  16 108]]";132;[17 26 17 27 19 26]
1372;CiteSeer;own;-1;0.2;64;0.5;1;0.005;167894674;0.9637681159420289;0.9591583384686833;"[[15  2  1  0  0  0]
 [ 0 28  0  0  0  0]
 [ 0  0 17  0  0  0]
 [ 0  0  0 29  0  0]
 [ 0  0  0  0 19  1]
 [ 0  0  1  0  0 25]]";0.7152650822669104;0.6265022544807178;"[[  6  43   8  21  41  17]
 [  1 251  33  30  29  22]
 [  0  29 342  55  14  12]
 [  1  17  70 328  53   8]
 [  0  10   5   2 397  11]
 [  1   1  36  19  34 241]]";0.6373626373626373;0.571836202476914;"[[  5  19   4  14  29   9]
 [  2 105  21  13  25  11]
 [  0  11 123  48  11   8]
 [  1   9  42 136  21   2]
 [  0   9   2   2 162   4]
 [  1   1  21   5  18 107]]";138;[18 28 17 29 20 26]
1373;CiteSeer;own;-1;0.2;64;0.5;1;0.005;167894674;0.9722222222222222;0.9698850115918582;"[[16  2  0  1  0  0]
 [ 0 29  0  0  0  0]
 [ 0  0 19  0  0  0]
 [ 0  0  0 30  0  0]
 [ 0  0  0  0 21  0]
 [ 0  0  1  0  0 25]]";0.7053162236480294;0.6152412443475235;"[[  5  34   8  26  42  18]
 [  3 233  37  33  37  22]
 [  0  28 343  59  14  14]
 [  1  12  71 325  55   8]
 [  0  10   4   3 398  12]
 [  1   1  38  18  34 235]]";0.6263736263736264;0.5583965495178538;"[[  4  17   6  14  29  10]
 [  2  96  24  15  28  12]
 [  0  11 127  45  12   6]
 [  0   5  47 131  26   2]
 [  0   5   3   2 165   4]
 [  1   3  22   5  18 104]]";144;[19 29 19 30 21 26]
1374;CiteSeer;own;-1;0.2;64;0.5;1;0.005;167894674;0.98;0.9789991137618069;"[[18  2  0  0  0  0]
 [ 0 31  0  0  0  0]
 [ 0  0 20  0  0  0]
 [ 0  0  0 31  0  0]
 [ 0  0  0  0 21  0]
 [ 0  0  0  0  1 26]]";0.7169117647058824;0.6238212827004238;"[[  4  41  11  23  36  16]
 [  1 253  33  28  25  23]
 [  0  35 355  49  10   8]
 [  1  16  81 311  54   9]
 [  0  10   5   3 398  11]
 [  1   3  35  15  33 239]]";0.6313686313686314;0.5617841716431534;"[[  3  22   5  13  25  12]
 [  2 107  25  11  20  12]
 [  0  13 128  44  12   4]
 [  0   6  52 127  24   2]
 [  0   9   4   3 159   4]
 [  1   4  23   4  13 108]]";150;[20 31 20 31 21 27]
1375;CiteSeer;own;-1;0.2;64;0.5;1;0.005;167894674;0.9807692307692307;0.9797098895936105;"[[19  2  0  0  0  0]
 [ 0 32  0  0  0  0]
 [ 0  0 21  0  0  0]
 [ 0  0  0 32  0  0]
 [ 0  0  0  0 22  0]
 [ 0  0  1  0  0 27]]";0.719815668202765;0.630953333239526;"[[  6  39   7  24  41  13]
 [  1 249  29  32  31  19]
 [  0  32 358  57  12   8]
 [  0  16  73 307  56  10]
 [  0   9   5   3 401   9]
 [  1   2  34  15  30 241]]";0.6343656343656343;0.5633621713018672;"[[  3  21   4  14  29   9]
 [  3 100  23  13  25  13]
 [  0  13 129  43  12   4]
 [  1   6  45 133  24   2]
 [  0   8   3   3 162   3]
 [  1   4  23   4  13 108]]";156;[21 32 21 32 22 28]
1376;CiteSeer;own;-1;0.2;64;0.5;1;0.005;167894674;0.9753086419753086;0.9742694376371097;"[[20  2  0  0  0  0]
 [ 0 33  0  0  0  0]
 [ 0  0 21  0  0  0]
 [ 0  0  0 33  1  0]
 [ 0  0  0  0 22  0]
 [ 0  0  1  0  0 29]]";0.7148798521256932;0.6159849540976591;"[[  1  37   8  27  35  18]
 [  2 238  32  38  28  23]
 [  0  29 353  66   8   6]
 [  1  16  68 321  56   9]
 [  0   9   4   7 389  11]
 [  1   1  31  19  27 245]]";0.6413586413586414;0.5730656932556317;"[[  4  19   2  18  27  10]
 [  3 100  23  16  23  12]
 [  0  12 128  45  11   5]
 [  0   6  46 136  21   2]
 [  0   8   2   4 161   4]
 [  1   1  22   4  12 113]]";162;[22 33 21 34 22 30]
1377;CiteSeer;own;-1;0.2;64;0.5;1;0.005;167894674;0.9821428571428571;0.9809979182930002;"[[20  2  0  0  0  0]
 [ 0 35  0  0  0  0]
 [ 0  0 22  0  0  0]
 [ 0  0  0 35  0  0]
 [ 0  0  0  0 23  0]
 [ 0  0  1  0  0 30]]";0.7395736793327155;0.6351286552289088;"[[  1  39   9  31  28  16]
 [  1 256  32  34  12  26]
 [  0  28 345  55  11  16]
 [  1  15  60 370  20   9]
 [  0   9   1  13 392  11]
 [  2   2  28  22  31 232]]";0.6443556443556444;0.5755234302203848;"[[  4  24   2  19  20  11]
 [  2 102  25  19  16  13]
 [  0  11 127  45  11   7]
 [  1   7  45 149   5   4]
 [  0  10   2  12 150   5]
 [  1   1  17   4  17 113]]";168;[22 35 22 35 23 31]
1378;CiteSeer;own;-1;0.2;64;0.5;1;0.005;167894674;0.9885057471264368;0.9876775271512113;"[[20  2  0  0  0  0]
 [ 0 37  0  0  0  0]
 [ 0  0 24  0  0  0]
 [ 0  0  0 36  0  0]
 [ 0  0  0  0 23  0]
 [ 0  0  0  0  0 32]]";0.7434944237918215;0.6465068066432874;"[[  4  53   7  30  21  10]
 [  1 267  31  36  10  19]
 [  0  30 342  58   7  20]
 [  0  18  58 373  16   7]
 [  0  12   1  14 385   8]
 [  2   2  26  25  30 229]]";0.6453546453546454;0.5750927492009635;"[[  3  29   3  21  17   7]
 [  2 114  23  17  13   8]
 [  0  14 120  45  12  10]
 [  0   8  44 149   8   2]
 [  0  13   2  11 150   3]
 [  1   2  17   7  16 110]]";174;[22 37 24 36 23 32]
1379;CiteSeer;own;-1;0.2;64;0.5;1;0.005;167894674;0.9833333333333333;0.9825490292094116;"[[21  2  0  0  0  0]
 [ 0 38  0  0  1  0]
 [ 0  0 25  0  0  0]
 [ 0  0  0 37  0  0]
 [ 0  0  0  0 23  0]
 [ 0  0  0  0  0 33]]";0.7413793103448276;0.642038562781747;"[[  3  50   9  29  26   7]
 [  1 263  35  32  13  22]
 [  0  25 350  49  12  20]
 [  0  14  59 364  29   7]
 [  0  13   1   9 382  10]
 [  2   2  27  23  29 229]]";0.6393606393606394;0.5692917540658459;"[[  3  30   3  18  18   8]
 [  2 106  29  16  16   8]
 [  0  14 126  40  12   9]
 [  1   5  41 143  18   3]
 [  0  13   3  10 151   2]
 [  1   1  18   5  17 111]]";180;[23 39 25 37 23 33]
1380;CiteSeer;own;-1;0.2;64;0.5;1;0.005;167894674;0.9838709677419355;0.9831834275120835;"[[22  2  0  0  0  0]
 [ 0 40  0  0  1  0]
 [ 0  0 26  0  0  0]
 [ 0  0  0 39  0  0]
 [ 0  0  0  0 23  0]
 [ 0  0  0  0  0 33]]";0.7532710280373832;0.6505328609283684;"[[  2  53   6  30  22   9]
 [  1 262  25  42  10  23]
 [  0  29 340  66   6  14]
 [  0  14  41 386  22  10]
 [  0  13   1  10 382   9]
 [  2   3  18  25  24 240]]";0.6643356643356644;0.589193420500673;"[[  3  30   4  19  16   8]
 [  1 114  18  21  14   9]
 [  0  14 121  45  10  11]
 [  0   8  26 162  11   4]
 [  0  13   3  10 151   2]
 [  1   3  17   5  13 114]]";186;[24 41 26 39 23 33]
1381;CiteSeer;own;-1;0.2;64;0.5;1;0.005;167894674;0.96875;0.9662631423023612;"[[20  3  0  2  0  0]
 [ 0 41  0  0  1  0]
 [ 0  0 27  0  0  0]
 [ 0  0  0 40  0  0]
 [ 0  0  0  0 24  0]
 [ 0  0  0  0  0 34]]";0.7586691658856607;0.6554060699748658;"[[  2  54   7  25  25   8]
 [  0 270  27  36  10  19]
 [  0  30 354  52   5  15]
 [  0  19  56 364  26   6]
 [  0  12   2   5 387   8]
 [  1   3  21  16  27 242]]";0.6613386613386614;0.5877855514823727;"[[  3  31   4  18  17   7]
 [  1 117  19  16  16   8]
 [  0  15 129  39  10   8]
 [  0   9  32 150  18   2]
 [  0  12   3  10 152   2]
 [  1   3  21   2  15 111]]";192;[25 42 27 40 24 34]
1382;CiteSeer;own;-1;0.2;64;0.5;1;0.005;167894674;0.9747474747474747;0.9738201487491548;"[[23  4  0  0  0  0]
 [ 0 41  0  0  1  0]
 [ 0  0 28  0  0  0]
 [ 0  0  0 41  0  0]
 [ 0  0  0  0 25  0]
 [ 0  0  0  0  0 35]]";0.7575187969924813;0.6506795268312325;"[[  1  46   8  28  23  13]
 [  0 265  28  34  15  20]
 [  0  27 357  52   7  16]
 [  0  16  51 363  25   8]
 [  0  10   1   9 388   9]
 [  1   3  19  18  29 238]]";0.6603396603396603;0.5891233037228433;"[[  4  30   4  20  16   6]
 [  2 112  18  16  20   9]
 [  0  13 130  36  13   9]
 [  0   9  33 151  15   3]
 [  0  10   3  10 154   2]
 [  1   5  19   2  16 110]]";198;[27 42 28 41 25 35]
1383;CiteSeer;own;-1;0.2;64;0.5;1;0.005;167894674;0.9705882352941176;0.9697284707530379;"[[23  4  0  0  0  0]
 [ 0 43  1  0  1  0]
 [ 0  0 28  0  0  0]
 [ 0  0  0 42  0  0]
 [ 0  0  0  0 26  0]
 [ 0  0  0  0  0 36]]";0.7615457115928369;0.6554696617178716;"[[  1  52   5  31  21   7]
 [  0 270  25  42   9  17]
 [  0  34 346  59   7  10]
 [  0  21  41 377  19   7]
 [  0  11   1  10 384   8]
 [  1   5  17  20  26 238]]";0.6713286713286714;0.595596666315419;"[[  3  32   4  20  16   5]
 [  1 115  19  19  15   8]
 [  0  14 129  38  13   7]
 [  0   8  29 163   8   3]
 [  0  13   3  10 151   2]
 [  1   6  17   2  16 111]]";204;[27 45 28 42 26 36]
1384;CiteSeer;own;-1;0.2;64;0.5;1;0.005;167894674;0.9666666666666667;0.9644922748085665;"[[24  4  0  0  1  0]
 [ 0 45  0  0  1  0]
 [ 0  0 28  0  0  0]
 [ 0  0  1 43  0  0]
 [ 0  0  0  0 26  0]
 [ 0  0  0  0  0 37]]";0.7448015122873346;0.6406933338788067;"[[  0  57   5  18  47   9]
 [  0 264  24  33  13  25]
 [  0  36 348  43  10  16]
 [  0  18  48 359  32  10]
 [  0  14   2   8 363   7]
 [  1   2  19  18  25 242]]";0.6693306693306693;0.5937710646848833;"[[  3  31   4  16  17   9]
 [  1 115  19  16  16  10]
 [  0  16 129  34  13   9]
 [  1   9  32 153  13   3]
 [  0  12   3   8 153   3]
 [  1   2  16   2  15 117]]";210;[29 46 28 44 26 37]
1385;CiteSeer;own;-1;0.2;64;0.5;1;0.005;167894674;0.9629629629629629;0.9632152954518688;"[[27  2  0  0  0  0]
 [ 0 46  0  0  1  0]
 [ 0  0 31  0  0  0]
 [ 3  1  1 39  0  0]
 [ 0  0  0  0 27  0]
 [ 0  0  0  0  0 38]]";0.7554502369668247;0.6957543329989165;"[[ 28  53   8  17  22   7]
 [ 12 267  26  29   6  18]
 [  2  27 363  44   6  15]
 [  3  24  51 350  25   8]
 [ 10  10   3   7 356   9]
 [  4   4  25  18  23 230]]";0.6733266733266733;0.6264286980050927;"[[ 14  27   5  15  11   8]
 [ 10 117  20  10  11   9]
 [  0  13 138  34  11   5]
 [  5  14  33 150   7   2]
 [  7  13   4   8 144   3]
 [  4   4  20   2  12 111]]";216;[29 47 31 44 27 38]
1386;CiteSeer;own;-1;0.2;64;0.5;1;0.005;167894674;0.963963963963964;0.9640038246413151;"[[27  3  0  0  0  0]
 [ 0 47  0  0  1  0]
 [ 0  0 33  0  0  0]
 [ 2  1  1 40  0  0]
 [ 0  0  0  0 27  0]
 [ 0  0  0  0  0 40]]";0.7580798479087453;0.699589546184928;"[[ 28  45   7  19  22  12]
 [  8 252  33  36  12  18]
 [  0  17 383  45   5   9]
 [  1  21  58 345  25   8]
 [  9  10   4   8 353   8]
 [  1   3  27  17  21 234]]";0.6683316683316683;0.6143351305338337;"[[ 10  26   7  17  12   8]
 [ 12 109  22  14  10  10]
 [  0   8 144  35  10   4]
 [  3  10  41 144  10   3]
 [  6  11   3   8 149   2]
 [  3   4  19   2  12 113]]";222;[30 48 33 44 27 40]
1387;CiteSeer;own;-1;0.2;64;0.5;1;0.005;167894674;0.9649122807017544;0.9650032908454599;"[[27  3  0  0  0  0]
 [ 1 49  0  0  0  1]
 [ 0  0 33  0  0  0]
 [ 1  1  0 43  0  0]
 [ 0  0  1  0 28  0]
 [ 0  0  0  0  0 40]]";0.7492850333651097;0.6743593295064865;"[[ 15  53   5  18  19   8]
 [  7 265  30  36   9  16]
 [  0  28 365  48   5   8]
 [  2  25  58 347  21   6]
 [ 20  11   3   6 352   8]
 [  3   4  26  19  24 228]]";0.6703296703296703;0.6158934292063376;"[[ 10  30   4  16  13   7]
 [  9 118  19  13  10   8]
 [  0  12 139  36  10   4]
 [  2  11  37 147  11   3]
 [  7  12   3   7 148   2]
 [  3   4  19   3  15 109]]";228;[30 51 33 45 29 40]
1388;CiteSeer;own;-1;0.2;64;0.5;1;0.005;167894674;0.9700854700854701;0.9697874876697506;"[[29  3  0  0  0  0]
 [ 1 50  0  0  0  0]
 [ 0  0 33  0  0  1]
 [ 0  1  0 45  0  0]
 [ 0  0  1  0 30  0]
 [ 0  0  0  0  0 40]]";0.7552581261950286;0.6808764974726594;"[[ 16  46   5  23  19   8]
 [  3 252  35  41  12  19]
 [  0  17 370  51   5  12]
 [  0  15  52 352  26  10]
 [ 14  10   3   7 356   9]
 [  3   2  23  19  23 234]]";0.6733266733266733;0.6180259295225409;"[[ 10  24   5  17  14  10]
 [  6 114  20  17  12   8]
 [  0   7 137  37  10  10]
 [  0   9  40 148  11   3]
 [  3  11   3   8 152   2]
 [  2   3  20   2  13 113]]";234;[32 51 34 46 31 40]
1389;CiteSeer;own;-1;0.2;64;0.5;1;0.005;167894674;0.9791666666666666;0.9788439676063291;"[[30  1  0  1  0  0]
 [ 1 51  0  0  0  0]
 [ 0  0 35  0  0  0]
 [ 0  1  0 46  0  0]
 [ 0  0  1  0 32  0]
 [ 0  0  0  0  0 41]]";0.763183125599233;0.6841430013052192;"[[ 14  49   6  22  19   6]
 [  2 248  39  43  15  12]
 [  0  13 388  42   5   9]
 [  0  15  53 354  23   6]
 [  7  12   4   9 364   5]
 [  2   3  27  19  27 224]]";0.6903096903096904;0.6290274495734786;"[[  9  25   6  17  14   9]
 [  4 114  25  14  13   7]
 [  0   6 154  30   9   2]
 [  0   7  37 154  10   3]
 [  1  10   4   8 154   2]
 [  2   4  22   2  17 106]]";240;[32 52 35 47 33 41]
1390;CiteSeer;own;-1;0.2;64;0.5;1;0.005;167894674;0.9796747967479674;0.9795476497339082;"[[32  2  0  0  0  0]
 [ 0 52  0  0  0  0]
 [ 0  0 36  0  0  0]
 [ 1  1  0 46  0  0]
 [ 0  0  1  0 33  0]
 [ 0  0  0  0  0 42]]";0.7725961538461539;0.6951864670265656;"[[ 15  53   7  12  17   9]
 [  2 274  33  21  10  15]
 [  2  17 386  35   6  15]
 [  1  24  60 330  27   8]
 [  8  12   5   6 363   7]
 [  3   5  21  15  17 239]]";0.6983016983016983;0.6415111925915796;"[[ 11  31   6  12  12   8]
 [  4 124  22   7  13   7]
 [  0  10 144  27   9  11]
 [  1  10  36 151  10   3]
 [  1  10   3   6 155   4]
 [  2   4  20   1  12 114]]";246;[34 52 36 48 34 42]
1391;CiteSeer;own;-1;0.2;64;0.5;1;0.005;167894674;0.9761904761904762;0.9762185552100554;"[[33  2  0  0  0  0]
 [ 0 53  0  0  0  0]
 [ 0  0 37  0  0  0]
 [ 0  1  0 47  0  0]
 [ 0  0  1  0 35  1]
 [ 0  0  0  1  0 41]]";0.7632594021215043;0.6861224882928316;"[[ 15  44  11  15  21   7]
 [  3 246  49  26  12  19]
 [  2  11 394  36   5  12]
 [  1  15  65 332  30   6]
 [ 11   7   5   6 365   6]
 [  2   4  22  18  20 231]]";0.6823176823176823;0.625050682532293;"[[ 10  27   7  16  12   8]
 [  5 108  28  15  15   6]
 [  0   5 151  30  10   5]
 [  0   9  37 150  12   3]
 [  2  10   4   7 154   2]
 [  2   4  21   2  14 110]]";252;[35 53 37 48 37 42]
1392;CiteSeer;own;-1;0.2;64;0.5;1;0.005;167894674;0.9689922480620154;0.9691376173132636;"[[33  2  0  0  0  0]
 [ 1 53  0  0  0  0]
 [ 0  0 38  0  0  0]
 [ 0  1  0 48  0  0]
 [ 0  1  1  0 36  1]
 [ 0  0  0  1  0 42]]";0.7683752417794971;0.6881364334462573;"[[ 13  52  10  12  16   8]
 [  3 262  42  24   9  16]
 [  2  16 390  33   6  13]
 [  0  18  62 333  28   7]
 [  8  11   6   8 356   8]
 [  2   5  19  18  17 235]]";0.6863136863136863;0.632222836632727;"[[ 11  28   6  15  12   8]
 [  4 117  26  11  13   6]
 [  0   9 146  30   9   7]
 [  1  10  38 148  11   3]
 [  2  11   5   7 152   2]
 [  2   5  20   1  12 113]]";258;[35 54 38 49 39 43]
1393;CiteSeer;own;-1;0.2;64;0.5;1;0.005;167894674;0.9621212121212122;0.9616886115818036;"[[32  3  0  0  0  0]
 [ 0 54  0  0  0  0]
 [ 0  0 39  1  0  0]
 [ 0  1  0 48  0  0]
 [ 0  1  1  0 38  2]
 [ 0  0  0  0  1 43]]";0.7628516003879728;0.6817342903934409;"[[ 13  46  10  11  22   9]
 [  3 244  45  24  14  25]
 [  0  14 402  25  10  12]
 [  0  13  72 321  30   7]
 [  9  10   6   6 360   4]
 [  3   3  17  19  20 233]]";0.6873126873126874;0.6336222695591821;"[[ 12  26   6  13  15   8]
 [  4 109  31  10  15   8]
 [  0   5 156  25   9   6]
 [  0   8  40 147  13   3]
 [  2  11   4   6 155   1]
 [  2   3  23   1  15 109]]";264;[35 54 40 49 42 44]
1394;CiteSeer;own;-1;0.2;64;0.5;1;0.005;167894674;0.9592592592592593;0.9590152338851627;"[[34  2  0  0  0  0]
 [ 1 54  1  0  0  0]
 [ 0  0 39  1  0  0]
 [ 0  1  0 49  0  0]
 [ 0  1  1  0 38  3]
 [ 0  0  0  0  0 45]]";0.7728599221789884;0.6924716359803509;"[[ 13  50  10  13  14   9]
 [  2 257  41  24   9  18]
 [  0  15 394  34   6  14]
 [  0  17  68 330  25   6]
 [  9  10   7   5 357   6]
 [  3   4  16  14  18 238]]";0.6933066933066933;0.6401045126407472;"[[ 12  26   7  14  13   8]
 [  4 114  28  13  11   7]
 [  0   6 152  28   9   6]
 [  0  11  36 153   8   3]
 [  2  11   5   8 151   2]
 [  2   3  21   3  12 112]]";270;[36 56 40 50 43 45]
1395;CiteSeer;own;-1;0.2;64;0.5;1;0.005;167894674;0.9565217391304348;0.9554231053805232;"[[34  2  0  0  0  0]
 [ 1 56  0  0  0  0]
 [ 0  0 39  1  0  0]
 [ 0  1  1 50  0  0]
 [ 1  1  1  0 39  3]
 [ 0  0  0  0  0 46]]";0.7673170731707317;0.6864110886743191;"[[ 12  44  10  18  16   7]
 [  3 256  41  27  12  14]
 [  0  14 387  42   6  12]
 [  0  14  65 328  33   4]
 [  6  10   6   6 360   4]
 [  5   4  16  16  22 230]]";0.6873126873126874;0.6342825274824045;"[[ 12  24   6  17  13   8]
 [  5 113  27  12  13   7]
 [  0   6 147  32  10   6]
 [  0   9  35 153  12   2]
 [  2  10   4   7 155   1]
 [  2   3  21   4  15 108]]";276;[36 57 40 52 45 46]
1396;CiteSeer;own;-1;0.2;64;0.5;1;0.005;167894674;0.9574468085106383;0.9573558178261381;"[[34  2  0  0  0  0]
 [ 1 56  0  0  0  0]
 [ 0  0 40  1  0  0]
 [ 0  2  1 51  0  0]
 [ 0  0  1  0 42  3]
 [ 0  0  0  0  1 47]]";0.7685909980430529;0.6820259271099524;"[[ 10  50  10  12  19   7]
 [  2 256  39  19  14  22]
 [  0  15 395  30   8  13]
 [  0  12  70 318  34   7]
 [  3  10   5   5 358   6]
 [  4   3  18  12  24 234]]";0.6983016983016983;0.6387064990074665;"[[ 10  25   6  13  16  10]
 [  4 120  25   7  13   8]
 [  0   7 153  25  10   6]
 [  0   9  37 150  12   3]
 [  1  10   4   7 155   2]
 [  2   2  21   3  14 111]]";282;[36 57 41 54 46 48]
1397;CiteSeer;own;-1;0.2;64;0.5;1;0.005;167894674;0.9513888888888888;0.9514771283362755;"[[36  2  0  0  0  0]
 [ 1 56  0  0  0  1]
 [ 0  0 40  1  0  1]
 [ 0  1  1 53  0  0]
 [ 0  2  1  0 42  2]
 [ 0  0  0  0  1 47]]";0.767909715407262;0.6939875279514197;"[[ 16  44  10  16  16   6]
 [  3 250  36  31  12  20]
 [  0  14 384  44   6  13]
 [  1  16  59 334  24   5]
 [  4  11   6   7 354   4]
 [  4   2  17  19  23 227]]";0.7052947052947053;0.651637878824224;"[[ 13  24   7  15  13   8]
 [  5 119  24  10  11   8]
 [  0   6 148  30  10   7]
 [  0   9  30 162   7   3]
 [  1  12   4   7 154   1]
 [  2   3  19   5  14 110]]";288;[38 58 42 55 47 48]
1398;CiteSeer;own;-1;0.2;64;0.5;1;0.005;167894674;0.9455782312925171;0.9455288896984841;"[[36  2  0  0  0  0]
 [ 1 56  0  0  0  1]
 [ 0  0 41  1  0  1]
 [ 1  1  1 53  0  1]
 [ 0  1  1  0 44  4]
 [ 0  0  0  0  0 48]]";0.7706692913385826;0.6957031271007562;"[[ 16  44  11  14  15   8]
 [  3 248  38  23  14  24]
 [  0  14 393  34   8  12]
 [  1  17  60 325  28   7]
 [  3  11   5   5 356   6]
 [  1   2  18  17  23 228]]";0.7022977022977023;0.651387346267589;"[[ 14  25   7  13  14   7]
 [  6 115  27   8  13   8]
 [  0   6 151  27  10   7]
 [  0  10  30 157  11   3]
 [  1  12   4   7 154   1]
 [  1   2  20   3  15 112]]";294;[38 58 43 57 50 48]
1399;CiteSeer;own;-1;0.2;64;0.5;1;0.005;167894674;0.9633333333333334;0.9634345931227002;"[[37  2  0  0  0  0]
 [ 1 59  0  0  0  0]
 [ 0  0 43  1  0  0]
 [ 0  1  0 55  0  1]
 [ 0  1  1  0 47  2]
 [ 0  0  0  0  1 48]]";0.7704837117472852;0.6948807079984322;"[[ 15  40  10  18  15   9]
 [  2 242  39  27  20  15]
 [  0  14 385  41   9  11]
 [  1  17  58 334  22   6]
 [  3   9   6   6 355   6]
 [  1   3  18  16  23 230]]";0.6843156843156843;0.630625118466469;"[[ 12  22   8  16  15   7]
 [  5 107  25  12  19   9]
 [  0   7 146  31  10   7]
 [  0  10  31 157  10   3]
 [  1  11   5   7 152   3]
 [  1   3  21   3  14 111]]";300;[39 60 44 57 51 49]
1400;CiteSeer;own;-1;0.2;64;0.5;1;0.005;167894674;0.9607843137254902;0.9617966325681727;"[[39  2  0  0  0  0]
 [ 1 59  0  0  1  0]
 [ 0  0 44  1  0  0]
 [ 0  3  0 54  0  0]
 [ 0  0  1  0 49  2]
 [ 0  0  0  0  1 49]]";0.7643564356435644;0.6925812664521799;"[[ 16  41  10   9  21   9]
 [  3 267  36  21  18  11]
 [  0  32 358  38   9  14]
 [  0  29  52 320  22   7]
 [  3   7   5   6 355   8]
 [  1   7  18  13  26 228]]";0.6863136863136863;0.6327512961228113;"[[ 12  26   6  12  16   8]
 [  4 118  21   8  19   7]
 [  0  19 137  26  10   9]
 [  1  16  27 155   9   3]
 [  2  11   3   6 153   4]
 [  1   3  21   3  13 112]]";306;[41 61 45 57 52 50]
1401;CiteSeer;own;-1;0.2;64;0.5;1;0.005;167894674;0.9647435897435898;0.9650058138877906;"[[39  2  0  0  0  0]
 [ 1 60  0  0  1  0]
 [ 0  0 45  1  0  0]
 [ 1  2  0 56  0  0]
 [ 0  0  1  0 51  1]
 [ 0  0  0  0  1 50]]";0.7611717974180735;0.6872446088470111;"[[ 15  33  12  16  21   8]
 [  5 250  38  28  23  10]
 [  0  23 370  38   8  11]
 [  0  21  59 320  23   6]
 [  4   5   6   7 356   6]
 [  1   3  20  17  29 222]]";0.6843156843156843;0.6298485015569167;"[[ 12  20   8  15  17   8]
 [  5 111  23   8  23   7]
 [  0  13 144  28  10   6]
 [  0   9  32 159   8   3]
 [  1  10   4   7 154   3]
 [  1   3  21   5  18 105]]";312;[41 62 46 59 53 51]
1402;CiteSeer;own;-1;0.2;64;0.5;1;0.005;167894674;0.9622641509433962;0.9622556155654501;"[[39  2  0  0  0  0]
 [ 1 61  0  0  1  0]
 [ 0  0 45  1  0  0]
 [ 2  2  0 57  0  0]
 [ 0  0  1  0 53  1]
 [ 0  0  0  0  1 51]]";0.7768924302788844;0.6995905419155767;"[[ 14  34  11  16  19  10]
 [  4 268  37  16  15  13]
 [  0  26 371  34   7  11]
 [  0  29  50 322  20   7]
 [  3   9   7   4 351   9]
 [  1   6  19   9  22 234]]";0.6873126873126874;0.6376980115464072;"[[ 14  21   8  13  16   8]
 [  6 112  27   6  18   8]
 [  0  15 144  24  10   8]
 [  1  13  31 155   8   3]
 [  1  11   4   7 152   4]
 [  2   4  21   2  13 111]]";318;[41 63 46 61 55 52]
1403;CiteSeer;own;-1;0.2;64;0.5;1;0.005;167894674;0.9629629629629629;0.963180199502318;"[[40  2  0  0  0  0]
 [ 1 62  0  0  1  0]
 [ 0  0 46  1  0  0]
 [ 1  2  0 59  0  0]
 [ 0  0  1  0 53  1]
 [ 0  0  0  0  2 52]]";0.7707292707292708;0.6922272386082297;"[[ 13  33   9  17  22   8]
 [  2 262  33  24  17  14]
 [  0  28 358  42   8  11]
 [  0  22  42 331  26   6]
 [  3  10   6   3 349  10]
 [  1  10  19   9  24 230]]";0.6883116883116883;0.6310520637679655;"[[ 11  22   8  14  17   8]
 [  5 115  21  10  18   8]
 [  0  17 133  31  10  10]
 [  0  14  20 165   9   3]
 [  1  11   2   9 152   4]
 [  1   3  20   2  14 113]]";324;[42 64 47 62 55 54]
1404;CiteSeer;own;-1;0.2;64;0.5;1;0.005;167894674;0.9636363636363636;0.9635037040660056;"[[40  2  0  0  0  0]
 [ 1 63  0  1  0  0]
 [ 0  0 47  1  0  0]
 [ 1  1  0 61  0  0]
 [ 0  0  1  0 54  2]
 [ 0  0  0  0  2 53]]";0.7750501002004008;0.696056808295665;"[[ 13  33  13  16  19   7]
 [  2 262  35  20  17  14]
 [  0  29 367  35   7   9]
 [  0  19  51 330  20   6]
 [  1  10   7   4 351   7]
 [  3   8  21  13  23 224]]";0.6903096903096904;0.6362014855788073;"[[ 12  23   8  13  16   8]
 [  5 117  24   8  16   7]
 [  0  19 141  24  10   7]
 [  0  11  26 161  10   3]
 [  0  11   5   9 151   3]
 [  1   5  23   3  12 109]]";330;[42 65 48 63 57 55]
1405;CiteSeer;own;-1;0.2;64;0.5;1;0.005;167894674;0.9672619047619048;0.9665827587336607;"[[40  2  0  0  0  0]
 [ 1 64  0  0  0  0]
 [ 0  0 49  1  0  0]
 [ 1  2  0 61  0  0]
 [ 1  0  1  0 56  1]
 [ 0  0  0  0  1 55]]";0.7713567839195979;0.6914061143164109;"[[ 13  30  12  13  22  11]
 [  4 249  34  23  19  16]
 [  0  28 366  36   6  13]
 [  0  20  44 329  24   8]
 [  0   9   6   4 352   8]
 [  3   6  19  12  25 226]]";0.6863136863136863;0.6333515264623356;"[[ 13  21   7  14  16   9]
 [  5 110  26   8  21   7]
 [  0  18 140  24  10   9]
 [  1   7  28 162  10   3]
 [  0  10   3   8 154   4]
 [  2   4  22   2  15 108]]";336;[42 65 50 64 59 56]
1406;CiteSeer;own;-1;0.2;64;0.5;1;0.005;167894674;0.9649122807017544;0.9644104351511587;"[[40  2  0  1  0  0]
 [ 1 64  0  0  1  0]
 [ 0  0 50  1  0  0]
 [ 0  2  0 63  0  0]
 [ 1  0  1  0 57  1]
 [ 0  0  0  0  1 56]]";0.7671370967741935;0.6858576437202385;"[[ 12  33  11  15  20   9]
 [  3 248  33  27  20  13]
 [  0  27 363  41   7  10]
 [  0  20  42 333  22   7]
 [  0  10   6   5 348   9]
 [  3   7  20  15  27 218]]";0.6883116883116883;0.6287324280262682;"[[ 10  22   8  15  17   8]
 [  5 115  24   9  18   6]
 [  0  16 139  28  10   8]
 [  0  10  23 165  10   3]
 [  0  11   4   9 152   3]
 [  1   3  22   5  14 108]]";342;[43 66 51 65 60 57]
1407;CiteSeer;own;-1;0.2;64;0.5;1;0.005;167894674;0.9626436781609196;0.9615368236411977;"[[41  2  0  1  0  1]
 [ 1 66  0  0  0  0]
 [ 0  0 50  2  0  0]
 [ 0  2  0 63  0  0]
 [ 1  0  1  0 60  0]
 [ 0  0  0  0  2 55]]";0.7795753286147624;0.6952113252966695;"[[ 11  31   9  19  18  11]
 [  2 254  30  27  16  14]
 [  0  31 362  35   6  15]
 [  0  17  42 337  19   7]
 [  0  10   5   5 350   7]
 [  3   8  18  16  15 228]]";0.6903096903096904;0.6323192473769191;"[[ 11  22   8  16  15   8]
 [  5 117  21  10  16   8]
 [  0  19 133  29  10  10]
 [  0  11  20 168   9   3]
 [  0  11   3   9 152   4]
 [  2   5  19   3  14 110]]";348;[45 67 52 65 62 57]
1408;CiteSeer;own;-1;0.2;64;0.5;1;0.005;167894674;0.963276836158192;0.9624474670631765;"[[41  4  0  2  0  0]
 [ 0 67  0  0  0  0]
 [ 0  0 52  1  0  0]
 [ 0  3  0 63  0  0]
 [ 1  0  1  0 61  0]
 [ 0  0  0  0  1 57]]";0.7712981744421906;0.6900691823608862;"[[ 12  33   8  11  23  11]
 [  2 255  33  20  16  17]
 [  0  29 363  32   6  16]
 [  0  22  48 320  25   8]
 [  0  10   7   3 350   5]
 [  3   6  23  13  21 221]]";0.6843156843156843;0.6281240778349488;"[[ 11  24   8  13  16   8]
 [  5 115  26   6  17   8]
 [  0  18 139  25  10   9]
 [  0  12  27 159  10   3]
 [  0  11   4   9 152   3]
 [  2   4  22   2  14 109]]";354;[47 67 53 66 63 58]
1409;CiteSeer;own;-1;0.2;64;0.5;1;0.005;167894674;0.9638888888888889;0.9631503489255154;"[[44  4  0  2  0  0]
 [ 0 67  0  0  0  0]
 [ 0  0 52  1  0  1]
 [ 0  3  0 63  0  0]
 [ 1  0  1  0 62  0]
 [ 0  0  0  0  0 59]]";0.7726347914547305;0.6996792657257632;"[[ 16  28   6  17  19  13]
 [  7 246  28  25  16  17]
 [  1  30 357  38   6  14]
 [  0  21  45 323  22   9]
 [  0   9   7   6 344   8]
 [  3   4  16  16  16 233]]";0.6773226773226774;0.6177748268069552;"[[ 10  21   8  16  15  10]
 [  7 109  23   7  16  15]
 [  1  17 135  28  10  10]
 [  0  12  24 162  10   3]
 [  0  11   3  10 150   5]
 [  2   4  19   2  14 112]]";360;[50 67 54 66 64 59]
1410;CiteSeer;own;-1;0.2;64;0.5;1;0.005;167894674;0.9590163934426229;0.9589860350048268;"[[44  4  0  2  0  0]
 [ 0 67  0  1  1  0]
 [ 0  0 54  1  0  0]
 [ 0  2  0 65  0  0]
 [ 1  1  1  0 62  0]
 [ 0  0  0  0  1 59]]";0.7673469387755102;0.6892807434573003;"[[ 13  32   9  16  20   8]
 [  3 253  32  19  15  14]
 [  2  31 360  39   6   7]
 [  0  24  47 320  20   8]
 [  0  10   8   7 344   6]
 [  3   7  22  16  25 214]]";0.6793206793206793;0.6203649005819752;"[[ 10  24   8  16  16   6]
 [  7 111  25   7  17  10]
 [  1  19 138  25  10   8]
 [  0  12  25 163   8   3]
 [  0  11   3  11 152   2]
 [  2   6  22   3  14 106]]";366;[50 69 55 67 65 60]
1411;CiteSeer;own;-1;0.2;64;0.5;1;0.005;167894674;0.9543010752688172;0.9531592265066289;"[[44  3  0  3  0  1]
 [ 1 69  0  0  1  0]
 [ 0  0 54  1  0  0]
 [ 0  2  0 66  0  0]
 [ 1  1  1  0 63  0]
 [ 0  0  1  0  1 59]]";0.7681678607983623;0.6887542133210168;"[[ 13  30   8  16  22  12]
 [  2 244  33  19  15  17]
 [  1  28 359  34   6  14]
 [  0  24  46 317  20  11]
 [  0  10   6   6 346   6]
 [  3   7  20  11  26 222]]";0.6793206793206793;0.6165731212756868;"[[  9  24   8  15  16   8]
 [  7 107  24   8  16  15]
 [  1  15 138  28  10   9]
 [  0   9  26 165   8   3]
 [  1  10   2  10 152   4]
 [  2   5  21   2  14 109]]";372;[51 71 55 68 66 61]
1412;CiteSeer;own;-1;0.2;64;0.5;1;0.005;167894674;0.9576719576719577;0.9573406823213046;"[[47  3  0  2  0  0]
 [ 1 69  0  1  1  0]
 [ 0  0 55  1  0  0]
 [ 0  1  0 68  0  0]
 [ 1  1  1  0 63  1]
 [ 0  0  1  0  1 60]]";0.771047227926078;0.6955319851899339;"[[ 15  32   9  12  22  10]
 [  2 246  34  19  15  13]
 [  2  29 356  31   7  16]
 [  0  20  46 325  16  10]
 [  0  10   6   7 343   7]
 [  4   7  22  16  22 217]]";0.6843156843156843;0.6241626291327375;"[[ 10  25   7  13  18   7]
 [  7 112  23   8  16  11]
 [  1  17 136  27  10  10]
 [  1  10  24 165   8   3]
 [  0  10   2  11 152   4]
 [  2   5  20   2  14 110]]";378;[52 72 56 69 67 62]
1413;CiteSeer;own;-1;0.2;64;0.5;1;0.005;167894674;0.9583333333333334;0.957054106676201;"[[48  3  1  1  0  0]
 [ 1 71  0  1  0  0]
 [ 1  0 55  2  0  0]
 [ 1  0  0 68  0  0]
 [ 1  2  1  0 63  0]
 [ 0  0  0  0  1 63]]";0.7744593202883625;0.7077147170291003;"[[ 20  29   9  13  20   8]
 [  6 241  34  20  13  14]
 [  2  28 360  31   5  15]
 [  3  17  46 321  17  10]
 [  2  10   5   9 334   7]
 [  4   7  21  13  20 228]]";0.6803196803196803;0.6312748901804875;"[[ 15  24   7  14  14   6]
 [ 12 107  24   7  15  12]
 [  1  16 137  26  10  11]
 [  3  10  25 162   8   3]
 [  1  10   2  12 148   6]
 [  2   5  20   2  12 112]]";384;[53 73 58 69 67 64]
1414;CiteSeer;own;-1;0.2;64;0.5;1;0.005;167894674;0.958974358974359;0.9580705089406902;"[[49  3  1  1  0  0]
 [ 1 72  0  1  0  0]
 [ 1  0 56  2  0  0]
 [ 1  0  0 69  1  0]
 [ 0  2  1  0 64  0]
 [ 0  0  0  0  1 64]]";0.7722107438016529;0.7035305960900965;"[[ 18  35   8  12  17   8]
 [  6 246  31  18  12  14]
 [  1  31 353  36   6  13]
 [  2  23  47 311  19  11]
 [  2  10   6   6 336   6]
 [  4   7  20  13  17 231]]";0.6803196803196803;0.6292213914252918;"[[ 14  24   7  13  16   6]
 [ 10 110  24   6  16  11]
 [  1  16 136  26  10  12]
 [  3  13  21 163   8   3]
 [  1  10   2  12 147   7]
 [  2   5  20   3  12 111]]";390;[54 74 59 71 67 65]
1415;CiteSeer;own;-1;0.2;64;0.5;1;0.005;167894674;0.9494949494949495;0.9472237203052792;"[[48  3  2  1  1  1]
 [ 1 73  0  0  0  0]
 [ 0  0 57  2  0  0]
 [ 1  0  1 71  0  1]
 [ 2  2  1  0 63  0]
 [ 0  0  0  0  1 64]]";0.7751295336787565;0.7079863017274701;"[[ 18  28   9  15  14  14]
 [  5 242  36  20   9  16]
 [  0  27 349  42   6  12]
 [  1  23  45 319  15  10]
 [  2  10   7   8 329   7]
 [  2   7  21  15   8 239]]";0.6703296703296703;0.61704294129994;"[[ 13  22   8  13  15   9]
 [ 11 101  25   9  16  15]
 [  0  15 136  29   9  12]
 [  1  12  21 166   7   4]
 [  1  11   3  12 142  10]
 [  2   4  19   4  11 113]]";396;[56 74 59 74 68 65]
1416;CiteSeer;own;-1;0.2;64;0.5;1;0.005;167894674;0.9577114427860697;0.9551120541868497;"[[49  3  2  1  1  1]
 [ 1 74  0  0  0  0]
 [ 0  0 57  2  0  0]
 [ 1  0  1 73  0  0]
 [ 2  1  1  0 65  0]
 [ 0  0  0  0  0 67]]";0.7681912681912682;0.6966018806262584;"[[ 16  29   8  15  16  13]
 [  6 241  33  15  14  18]
 [  0  30 347  36   6  17]
 [  0  26  45 311  20  10]
 [  2  10   5   7 333   7]
 [  2   7  20  12  17 230]]";0.6713286713286714;0.6165163995552699;"[[ 12  24   8  11  17   8]
 [ 11 103  26   6  16  15]
 [  0  16 136  28  10  11]
 [  1  13  24 161   8   4]
 [  0  10   3  11 148   7]
 [  2   5  19   2  13 112]]";402;[57 75 59 75 69 67]
1417;CiteSeer;own;-1;0.2;64;0.5;1;0.005;167894674;0.9485294117647058;0.9468941645634775;"[[50  3  2  2  1  0]
 [ 1 74  0  0  1  1]
 [ 0  1 57  2  0  0]
 [ 1  0  2 73  0  0]
 [ 1  2  1  0 66  0]
 [ 0  0  0  0  0 67]]";0.7799791449426486;0.7105910334546933;"[[ 17  26  11  13  15  12]
 [  4 246  40  15   8  13]
 [  0  24 358  31   5  17]
 [  1  25  42 320  16   9]
 [  1  10   6   9 324  12]
 [  2   5  23  18   9 231]]";0.6773226773226774;0.6212189355333243;"[[ 12  24   8  12  15   9]
 [ 12 107  26   6  14  12]
 [  0  15 143  23  10  10]
 [  1  12  22 167   5   4]
 [  1  12   3  12 138  13]
 [  2   3  20   5  12 111]]";408;[58 77 60 76 70 67]
1418;CiteSeer;own;-1;0.2;64;0.5;1;0.005;167894674;0.9516908212560387;0.9506154309953425;"[[50  3  1  3  1  0]
 [ 2 75  0  0  1  1]
 [ 0  0 60  1  0  0]
 [ 1  1  2 73  0  0]
 [ 0  2  1  0 68  0]
 [ 0  0  0  0  0 68]]";0.7819037656903766;0.7151757020363076;"[[ 19  24   8  10  20  11]
 [  7 241  35  17  14  12]
 [  1  23 356  26   6  18]
 [  1  28  45 313  21   8]
 [  1   7   2   9 332  10]
 [  2   5  14  17  15 234]]";0.6883116883116883;0.6342073373988212;"[[ 14  24   7  10  17   8]
 [ 13 104  25   6  18  11]
 [  2  14 145  18  10  12]
 [  1  13  20 166   7   4]
 [  1   9   1  11 148   9]
 [  2   4  17   4  14 112]]";414;[58 79 61 77 71 68]
1419;CiteSeer;own;-1;0.2;64;0.5;1;0.005;167894674;0.9571428571428572;0.9564582098127973;"[[54  3  0  1  1  0]
 [ 2 77  0  0  1  0]
 [ 1  0 59  1  0  0]
 [ 1  1  2 75  0  0]
 [ 0  2  1  0 69  0]
 [ 0  0  1  0  0 68]]";0.7838405036726128;0.7200617502033895;"[[ 20  30   8   9  15   9]
 [  5 244  39  14  13  11]
 [  1  24 361  25   5  13]
 [  1  30  44 319  15   6]
 [  1   9   6   9 326   8]
 [  2   6  21  21  12 224]]";0.6803196803196803;0.6306897480648687;"[[ 15  26   8  10  14   7]
 [ 12 108  28   5  14  10]
 [  3  16 145  17  10  10]
 [  1  15  23 162   7   3]
 [  1  10   3  13 144   8]
 [  2   5  20   7  12 107]]";420;[59 80 61 79 72 69]
