;dataset_name;sampler_name;entropy_pagerank_weighting;label_propagation_uncertainty_treshold;hidden_dim_size;dropout;distance_loss_weight;learning_rate;seed;labeled accuracy;labeled macro-f1;labeled confusion;unlabeled accuracy;unlabeled macro-f1;unlabeled confusion;test accuracy;test macro-f1;test confusion;budget used;class distrubution
0;CiteSeer;own;1;0.2;64;0.5;1;0.005;20795212;0.0;0.0;[[]];0.1831470335339639;0.067941756668492;"[[  0   0   2  10 172   0]
 [  0   0   0  31 382   0]
 [  0   0   0  44 423   0]
 [  0   0   2  33 455   0]
 [  0   0   4  20 393   0]
 [  0   0   7  21 327   0]]";0.1848151848151848;0.0693712189647149;"[[  0   0   2   4  74   0]
 [  0   0   1  14 162   0]
 [  0   0   0  16 185   0]
 [  0   0   1  15 195   0]
 [  0   0   2   7 170   0]
 [  0   0   3   8 142   0]]";0;[]
1;CiteSeer;own;1;0.2;64;0.5;1;0.005;20795212;1.0;1.0;"[[1 0 0]
 [0 2 0]
 [0 0 3]]";0.1857758620689655;0.10500508969777676;"[[ 65   3   0   1   0 114]
 [ 99   7   0   0   0 301]
 [ 62   0   0   2   0 339]
 [271   1   0  31   0 182]
 [202   1   0   0   0 211]
 [ 99   1   0   0   0 328]]";0.16483516483516483;0.10098248600935822;"[[ 37   4   0   1   0  38]
 [ 37   2   0   0   0 138]
 [ 26   0   0   2   0 173]
 [ 98   0   0  14   0  99]
 [ 81   1   0   1   0  96]
 [ 41   0   0   0   0 112]]";6;[0 1 0 2 0 3]
2;CiteSeer;own;1;0.2;64;0.5;1;0.005;20795212;0.8333333333333334;0.7532467532467533;"[[1 0 0 0 0]
 [0 1 0 0 0]
 [0 0 0 0 0]
 [0 0 1 3 0]
 [0 0 1 0 5]]";0.21910112359550563;0.12958684207916407;"[[  6   0  62   2   0 116]
 [  3   1 113   0   0 286]
 [  0   0  82   2   0 318]
 [  1   0 223  51   0 209]
 [  0   0 189   1   0 224]
 [  1   0  57   0   0 367]]";0.18181818181818182;0.11395997684868113;"[[  3   0  39   2   0  36]
 [  2   0  46   0   0 129]
 [  0   0  36   2   0 163]
 [  0   0  85  20   0 106]
 [  0   1  76   1   0 101]
 [  0   0  30   0   0 123]]";12;[1 1 0 4 0 6]
3;CiteSeer;own;1;0.2;64;0.5;1;0.005;20795212;0.8888888888888888;0.753968253968254;"[[1 0 0 0 0 0]
 [0 1 0 0 0 0]
 [0 0 0 0 0 0]
 [0 0 1 6 1 0]
 [0 0 0 0 1 0]
 [0 0 0 0 0 7]]";0.3986135181975737;0.3168893867223556;"[[  6   0  69  27  10  72]
 [  2   1 135  17  16 232]
 [  0   0 116  34   2 242]
 [  0   0 100 306  14  72]
 [  1   0 110  24 146 131]
 [  0   0  42  19  17 345]]";0.36163836163836166;0.2979459914903873;"[[  3   0  33  18   6  20]
 [  2   0  54   9   9 103]
 [  0   0  49  17   2 133]
 [  0   0  43 125   3  40]
 [  0   1  53  19  66  40]
 [  0   0  27   3   4 119]]";18;[1 1 0 8 1 7]
4;CiteSeer;own;1;0.2;64;0.5;1;0.005;20795212;0.9583333333333334;0.9206349206349206;"[[1 0 0 0 0 0]
 [1 3 0 0 0 0]
 [0 0 1 0 0 0]
 [0 0 0 9 0 0]
 [0 0 0 0 2 0]
 [0 0 0 0 0 7]]";0.3509991311902693;0.3271000286404357;"[[  4  15 135  15   6   6]
 [  4  42 294   3   3  65]
 [  0   2 213  16   3 160]
 [  0   1 232 230   6  21]
 [  0   6 244   7 146   7]
 [  0  27 196   3  17 173]]";0.3076923076923077;0.2860345911414396;"[[  3  10  47  10   5   5]
 [  0  14 138   4   5  16]
 [  0   0 102   9   2  88]
 [  0   1 109  87   0  14]
 [  0   4 101   7  64   3]
 [  0  27  83   0   5  38]]";24;[1 4 1 9 2 7]
5;CiteSeer;own;1;0.2;64;0.5;1;0.005;20795212;0.9333333333333333;0.8873015873015873;"[[ 2  0  0  0  0  0]
 [ 1  3  0  0  0  0]
 [ 0  0  2  0  0  0]
 [ 0  0  0 11  0  0]
 [ 1  0  0  0  2  0]
 [ 0  0  0  0  0  8]]";0.4564459930313589;0.3784718402861383;"[[ 38   3 102  39   0   8]
 [ 31  17 297  40   0   7]
 [  1   0 482  22   1   0]
 [  3   0 178 294   0   4]
 [ 46   1  96  95  82  44]
 [ 33  27 147  18   5 135]]";0.3916083916083916;0.3261256504920817;"[[ 15   1  38  21   2   3]
 [ 13   9 130  21   0   4]
 [  0   0 179  17   2   3]
 [  1   0  97 112   0   1]
 [ 21   2  40  56  33  27]
 [  8  25  66   4   6  44]]";30;[ 2  4  2 11  3  8]
6;CiteSeer;own;1;0.2;64;0.5;1;0.005;20795212;0.9722222222222222;0.9748148148148149;"[[ 2  0  0  0  0  0]
 [ 0  6  0  0  0  0]
 [ 0  0  2  0  0  0]
 [ 0  0  0 12  0  0]
 [ 0  0  0  1  4  0]
 [ 0  0  0  0  0  9]]";0.5541484716157206;0.46103850674810826;"[[ 20   4  87  43   4  26]
 [ 11  11 303  33   5  23]
 [  0   0 459  31   7   1]
 [  0   0  96 374   9   7]
 [ 17   2  54  41 181  70]
 [  2  21  91  12  21 224]]";0.48451548451548454;0.4149242987153028;"[[  9   2  34  22   7   6]
 [  4  10 134  19   1   9]
 [  0   0 170  20   7   4]
 [  0   0  65 140   4   2]
 [  6   1  31  30  73  38]
 [  1  18  36   0  15  83]]";36;[ 2  6  2 12  5  9]
7;CiteSeer;own;1;0.2;64;0.5;1;0.005;20795212;0.9761904761904762;0.9555555555555556;"[[ 2  0  0  0  0  0]
 [ 0  8  0  0  0  0]
 [ 0  0  2  0  0  0]
 [ 0  0  0 13  0  0]
 [ 1  0  0  0  7  0]
 [ 0  0  0  0  0  9]]";0.589754816112084;0.5130394129564756;"[[ 23  11  71  43  15  15]
 [  6  51 270  35  11  11]
 [  0   0 445  42   9   1]
 [  0   4  79 383  18   5]
 [ 17   4  34  38 248  31]
 [  3  32  80  14  38 197]]";0.5254745254745254;0.4539511485418319;"[[  8   6  22  28  12   4]
 [  4  22 119  20   5   7]
 [  0   0 170  21   8   2]
 [  0   0  51 151   7   2]
 [  4   7  14  28 100  26]
 [  1  20  32   0  25  75]]";42;[ 2  8  2 13  8  9]
8;CiteSeer;own;1;0.2;64;0.5;1;0.005;20795212;0.9583333333333334;0.9383442265795208;"[[ 4  0  0  0  0  0]
 [ 0  8  1  0  0  0]
 [ 0  0  2  0  0  0]
 [ 0  0  0 13  0  0]
 [ 0  1  0  0  8  0]
 [ 0  0  0  0  0 11]]";0.5987708516242318;0.5250512856072652;"[[ 33   8  67  35  18  16]
 [ 22  44 258  24  21  14]
 [  1   0 445  36  12   3]
 [  3   0  83 368  27   5]
 [ 25   2  23  25 267  32]
 [ 10  23  69   8  44 207]]";0.5414585414585414;0.47127701517759685;"[[ 12   4  22  23  15   4]
 [ 14  17 111  16   9  10]
 [  0   0 170  20   8   3]
 [  0   0  51 148   9   3]
 [  9   6   6  21 111  26]
 [  5  11  29   0  24  84]]";48;[ 4  9  2 13  9 11]
9;CiteSeer;own;1;0.2;64;0.5;1;0.005;20795212;0.9629629629629629;0.9683778966131907;"[[ 5  0  0  0  0  0]
 [ 0 10  0  0  0  1]
 [ 0  0  3  0  0  0]
 [ 0  0  0 14  0  0]
 [ 0  1  0  0  8  0]
 [ 0  0  0  0  0 12]]";0.613556338028169;0.544450569976992;"[[ 30  21  58  30  20  17]
 [ 14  69 233  20  28  14]
 [  1   0 442  38  13   2]
 [  1   7  78 370  26   5]
 [ 20   9  18  24 271  32]
 [  3  30  67  10  39 212]]";0.5634365634365635;0.5001392686171163;"[[ 11   9  18  22  16   4]
 [  9  34  96  14  17   7]
 [  0   0 171  19   8   3]
 [  1   0  46 147  14   3]
 [  8   7   7  20 112  25]
 [  1  15  26   1  21  89]]";54;[ 5 11  3 14  9 12]
10;CiteSeer;own;1;0.2;64;0.5;1;0.005;20795212;1.0;1.0;"[[ 5  0  0  0  0  0]
 [ 0 14  0  0  0  0]
 [ 0  0  3  0  0  0]
 [ 0  0  0 15  0  0]
 [ 0  0  0  0 10  0]
 [ 0  0  0  0  0 13]]";0.6571050308914387;0.5939025480351071;"[[ 30  46  33  26  22  16]
 [  9 121 174  16  33  19]
 [  2   6 437  37  12   2]
 [  3  11  70 373  24   5]
 [ 19  10  14  25 275  28]
 [  4  11  52  13  35 253]]";0.5984015984015985;0.5448205098830132;"[[ 12  11  16  20  15   6]
 [  5  60  71  12  18  11]
 [  0   4 166  20   9   2]
 [  2   4  41 149  14   1]
 [  9  13   5  20 111  21]
 [  1   6  22   3  20 101]]";60;[ 5 14  3 15 10 13]
11;CiteSeer;own;1;0.2;64;0.5;1;0.005;20795212;0.9696969696969697;0.9664029457132907;"[[ 5  0  0  0  0  0]
 [ 0 14  0  1  0  0]
 [ 0  0  4  0  0  0]
 [ 0  0  0 17  0  0]
 [ 1  0  0  0 10  0]
 [ 0  0  0  0  0 14]]";0.6517699115044248;0.5717294234952363;"[[ 28  11  49  34  16  34]
 [  8  65 206  32  25  29]
 [  2   2 443  36   7   8]
 [  4   1  67 389  15   9]
 [ 14   6  15  27 272  34]
 [  4   1  48  14  29 276]]";0.5844155844155844;0.5144388241651402;"[[ 12   6  14  23  14  11]
 [  6  28  88  21  14  20]
 [  0   0 167  20   8   6]
 [  2   2  40 155   8   4]
 [  8   6   5  23 108  29]
 [  1   2  17   5  13 115]]";66;[ 5 15  4 17 11 14]
12;CiteSeer;own;1;0.2;64;0.5;1;0.005;20795212;0.9861111111111112;0.9882828282828283;"[[ 6  0  0  0  0  0]
 [ 0 16  0  0  1  0]
 [ 0  0  5  0  0  0]
 [ 0  0  0 17  0  0]
 [ 0  0  0  0 12  0]
 [ 0  0  0  0  0 15]]";0.6858917480035492;0.6226908901580015;"[[ 25  47  27  28  17  26]
 [  5 172 136  18  18  28]
 [  2  10 419  36   9  13]
 [  3  18  62 370  22   7]
 [ 12  16  11  18 279  31]
 [  2   8  42  13  23 281]]";0.6243756243756243;0.5688884966711131;"[[ 11  16   9  20  15   9]
 [  5  78  48  17   9  20]
 [  0   6 159  19   8   9]
 [  2   9  37 149  10   4]
 [  5  16   4  17 111  26]
 [  1   3  17   2  13 117]]";72;[ 6 17  5 17 12 15]
13;CiteSeer;own;1;0.2;64;0.5;1;0.005;20795212;1.0;1.0;"[[ 6  0  0  0  0  0]
 [ 0 19  0  0  0  0]
 [ 0  0  5  0  0  0]
 [ 0  0  0 19  0  0]
 [ 0  0  0  0 13  0]
 [ 0  0  0  0  0 16]]";0.7224199288256228;0.6610160812092011;"[[ 25  57  21  30  12  25]
 [  5 264  71  20   3  17]
 [  1  29 387  42   9   9]
 [  1  28  42 398  17   4]
 [ 10  18  12  23 274  28]
 [  2  17  32  21  18 276]]";0.6423576423576424;0.5874481197605026;"[[ 10  22   4  23  11  10]
 [  5 115  31   8   5  13]
 [  0  18 135  32   8   8]
 [  2  16  24 160   6   3]
 [  6  17   2  21 107  26]
 [  1   9  12   5  10 116]]";78;[ 6 19  5 19 13 16]
14;CiteSeer;own;1;0.2;64;0.5;1;0.005;20795212;1.0;1.0;"[[ 7  0  0  0  0  0]
 [ 0 21  0  0  0  0]
 [ 0  0  5  0  0  0]
 [ 0  0  0 20  0  0]
 [ 0  0  0  0 14  0]
 [ 0  0  0  0  0 17]]";0.724799286351472;0.6868610145021359;"[[ 56  50  19  22   9  27]
 [ 14 271  59  11   5  20]
 [  4  33 383  35  10   8]
 [ 22  31  44 361  18   4]
 [ 20  14   9  12 278  28]
 [ 11  12  28  17  21 276]]";0.6363636363636364;0.6069021255842209;"[[ 24  23   4  10  10   9]
 [ 11 117  26   6   3  14]
 [  0  26 132  27   8   8]
 [ 11  23  25 141   9   2]
 [ 13  15   2  15 109  25]
 [  2  11  12   4  10 114]]";84;[ 7 21  5 20 14 17]
15;CiteSeer;own;1;0.2;64;0.5;1;0.005;20795212;1.0;1.0;"[[ 8  0  0  0  0  0]
 [ 0 22  0  0  0  0]
 [ 0  0  5  0  0  0]
 [ 0  0  0 20  0  0]
 [ 0  0  0  0 15  0]
 [ 0  0  0  0  0 20]]";0.7316636851520573;0.6987565235796902;"[[ 67  45  16  19   7  26]
 [ 14 281  51  10   4  21]
 [ 12  33 379  29  11   8]
 [ 25  31  44 356  18   5]
 [ 26  15   5  14 273  28]
 [ 12  13  22  15  21 280]]";0.6373626373626373;0.60643633229587;"[[ 24  23   2  10  12   9]
 [ 11 119  24   7   3  13]
 [  4  26 131  24   9   7]
 [ 15  20  23 142   8   3]
 [ 15  15   2  18 104  25]
 [  1   8  11   4  11 118]]";90;[ 8 22  5 20 15 20]
16;CiteSeer;own;1;0.2;64;0.5;1;0.005;20795212;0.9895833333333334;0.9850129198966409;"[[ 8  0  0  0  0  0]
 [ 0 24  0  0  0  0]
 [ 0  0  7  0  0  0]
 [ 0  0  1 21  0  0]
 [ 0  0  0  0 15  0]
 [ 0  0  0  0  0 20]]";0.7300448430493274;0.6940744819370265;"[[ 59  41  24  18   9  25]
 [ 13 268  65  10   6  15]
 [ 11  27 394  27  10   7]
 [ 24  25  57 351  16   5]
 [ 20  14   9  11 281  26]
 [ 11  11  28  15  22 275]]";0.6353646353646354;0.6057524057141029;"[[ 24  19   7  10  12   8]
 [ 11 113  33   8   3   9]
 [  4  21 140  23   8   5]
 [ 10  14  36 138  10   3]
 [ 15  15   3  16 106  24]
 [  2   7  14   4  11 115]]";96;[ 8 24  7 22 15 20]
17;CiteSeer;own;1;0.2;64;0.5;1;0.005;20795212;1.0;1.0;"[[10  0  0  0  0  0]
 [ 0 24  0  0  0  0]
 [ 0  0  7  0  0  0]
 [ 0  0  0 24  0  0]
 [ 0  0  0  0 16  0]
 [ 0  0  0  0  0 21]]";0.7369604316546763;0.7086254971418496;"[[ 81  35  12  26  15  22]
 [ 29 249  53  14   8  19]
 [  8  22 392  34  10   7]
 [ 22  16  43 367  22   5]
 [ 20  11   7  20 273  30]
 [  4   3  25  17  26 277]]";0.6403596403596403;0.6064097291524267;"[[ 23  15   5  15  13   9]
 [ 17 108  29   9   3  11]
 [  3  16 137  28  10   7]
 [ 13   6  25 151  11   5]
 [ 15  13   2  19 106  24]
 [  3   4  11   5  14 116]]";102;[10 24  7 24 16 21]
18;CiteSeer;own;1;0.2;64;0.5;1;0.005;20795212;0.9907407407407407;0.9915481344052773;"[[10  0  0  0  0  0]
 [ 0 27  0  0  0  0]
 [ 0  0  9  0  0  0]
 [ 0  0  0 24  1  0]
 [ 0  0  0  0 16  0]
 [ 0  0  0  0  0 21]]";0.7380522993688007;0.7077044325608189;"[[ 77  39  14  27   9  24]
 [ 29 250  48  14   5  23]
 [  4  22 396  35   9   7]
 [ 18  18  41 371  19   6]
 [ 18  12   7  23 265  36]
 [  4   5  24  16  25 278]]";0.6403596403596403;0.6026367917998722;"[[ 21  19   4  14  13   9]
 [ 19 105  29   9   3  12]
 [  2  15 139  28   9   8]
 [ 10   7  23 155  10   6]
 [ 14  15   2  20 103  25]
 [  2   4  11   4  14 118]]";108;[10 27  9 25 16 21]
19;CiteSeer;own;1;0.2;64;0.5;1;0.005;20795212;1.0;1.0;"[[10  0  0  0  0  0]
 [ 0 28  0  0  0  0]
 [ 0  0 11  0  0  0]
 [ 0  0  0 27  0  0]
 [ 0  0  0  0 16  0]
 [ 0  0  0  0  0 22]]";0.7468354430379747;0.7141584747772508;"[[ 74  43  17  24   5  24]
 [ 29 252  47  14   7  18]
 [  5  25 407  28   8   6]
 [ 19  15  44 377  10   6]
 [ 18  11   8  15 272  37]
 [  5   5  31  12  24 270]]";0.6463536463536463;0.6070460601888846;"[[ 20  19   9  13  12   7]
 [ 18 110  25   9   3  12]
 [  2  22 142  25   8   2]
 [ 11   6  25 159   5   5]
 [ 19  14   2  17 103  24]
 [  3   5  18   3  11 113]]";114;[10 28 11 27 16 22]
20;CiteSeer;own;1;0.2;64;0.5;1;0.005;20795212;1.0;1.0;"[[10  0  0  0  0  0]
 [ 0 30  0  0  0  0]
 [ 0  0 12  0  0  0]
 [ 0  0  0 29  0  0]
 [ 0  0  0  0 16  0]
 [ 0  0  0  0  0 23]]";0.7497733454215775;0.7108071827186695;"[[ 59  48  18  33   4  18]
 [ 18 256  48  24   5  13]
 [  3  26 404  33   7   5]
 [  2  14  41 408   6   4]
 [ 16  16   8  22 270  31]
 [  4   7  36  19  23 257]]";0.6513486513486514;0.6037556644013086;"[[ 15  18   8  21  11   7]
 [ 10 114  26  15   3   9]
 [  1  22 142  26   8   2]
 [  3   6  24 170   4   4]
 [ 14  14   3  23 102  23]
 [  2   3  17  10  12 109]]";120;[10 30 12 29 16 23]
21;CiteSeer;own;1;0.2;64;0.5;1;0.005;20795212;0.9920634920634921;0.9886621315192744;"[[10  0  0  0  0  0]
 [ 0 32  0  0  0  0]
 [ 0  0 13  0  0  0]
 [ 0  0  0 29  0  0]
 [ 0  0  0  0 17  0]
 [ 1  0  0  0  0 24]]";0.7486363636363637;0.7083727545282992;"[[ 55  54  21  24   3  17]
 [ 20 285  39  16   6   8]
 [  3  30 390  29   6   6]
 [  3  26  50 388   5   4]
 [ 23  19   8  15 266  35]
 [  5   9  32  14  23 263]]";0.6483516483516484;0.6055998228461398;"[[ 17  26   5  15  10   7]
 [ 10 123  21  11   3   9]
 [  1  31 135  24   8   2]
 [  3  14  24 162   4   4]
 [ 15  16   2  21 101  24]
 [  2   7  18   4  11 111]]";126;[10 32 13 29 17 25]
22;CiteSeer;own;1;0.2;64;0.5;1;0.005;20795212;0.9924242424242424;0.9930079333064407;"[[11  0  0  0  0  0]
 [ 0 33  0  0  1  0]
 [ 0  0 14  0  0  0]
 [ 0  0  0 29  0  0]
 [ 0  0  0  0 18  0]
 [ 0  0  0  0  0 26]]";0.7629899726526892;0.7320913470092396;"[[ 75  49  14  17   5  18]
 [ 23 278  41  13   7   7]
 [  4  26 401  24   9   6]
 [  6  23  49 378   9   3]
 [ 26  13   4  14 277  30]
 [  6   8  30  13  23 265]]";0.6403596403596403;0.6015828393618697;"[[ 18  19   6  14  15   8]
 [ 19 117  23   7   5   6]
 [  3  31 131  25   8   3]
 [  6  14  29 154   5   3]
 [ 17  12   2  20 107  21]
 [  6   4  16   2  11 114]]";132;[11 34 14 29 18 26]
23;CiteSeer;own;1;0.2;64;0.5;1;0.005;20795212;1.0;1.0;"[[11  0  0  0  0  0]
 [ 0 35  0  0  0  0]
 [ 0  0 15  0  0  0]
 [ 0  0  0 31  0  0]
 [ 0  0  0  0 19  0]
 [ 0  0  0  0  0 27]]";0.7600548446069469;0.7269714824788194;"[[ 70  56  14  16   6  16]
 [ 24 284  35  12   5   6]
 [  6  27 394  28   7   8]
 [  7  26  45 377   9   3]
 [ 21  17   5  18 267  35]
 [  6   8  25  13  21 271]]";0.6423576423576424;0.5995648750059156;"[[ 16  23   4  14  15   8]
 [ 16 121  23   6   4   7]
 [  2  31 131  25   8   4]
 [  6  13  27 155   6   4]
 [ 15  13   2  21 104  24]
 [  3   8  14   3   9 116]]";138;[11 35 15 31 19 27]
24;CiteSeer;own;1;0.2;64;0.5;1;0.005;20795212;0.9930555555555556;0.9932894567040909;"[[12  0  0  0  0  0]
 [ 0 37  0  0  0  0]
 [ 0  0 15  0  0  0]
 [ 0  0  0 31  1  0]
 [ 0  0  0  0 20  0]
 [ 0  0  0  0  0 28]]";0.7488542621448213;0.7152663949217981;"[[ 67  58  13  15   7  17]
 [ 19 281  42   8   6   9]
 [  6  29 389  26   8  10]
 [  5  27  46 364  20   5]
 [ 19  16   5  10 259  50]
 [  6   9  25   9  23 274]]";0.6363636363636364;0.597736772162872;"[[ 18  24   4  12  16   6]
 [ 16 120  23   5   5   8]
 [  1  35 129  22   8   6]
 [  5  15  27 147  11   6]
 [ 14  14   2  17 105  27]
 [  2   9  13   3   8 118]]";144;[12 37 15 32 20 28]
25;CiteSeer;own;1;0.2;64;0.5;1;0.005;20795212;0.9866666666666667;0.9859153164864253;"[[12  0  0  0  0  0]
 [ 0 37  0  0  0  0]
 [ 0  0 16  0  0  0]
 [ 0  0  1 32  0  0]
 [ 0  0  0  0 23  1]
 [ 0  0  0  0  0 28]]";0.7568933823529411;0.7237261509312244;"[[ 68  53  12  19   8  17]
 [ 18 289  30  14   6   8]
 [  5  35 383  26   9  10]
 [  4  22  46 372  15   6]
 [ 15  16   5  13 255  53]
 [  5   7  21   5  26 280]]";0.6373626373626373;0.5981051609849709;"[[ 18  20   5  15  15   7]
 [ 15 122  20   8   4   8]
 [  1  37 124  24   8   7]
 [  5  13  26 149  10   8]
 [ 13  14   2  18 104  28]
 [  2   5  11   3  11 121]]";150;[12 37 16 33 24 28]
26;CiteSeer;own;1;0.2;64;0.5;1;0.005;20795212;0.9807692307692307;0.9751100354085428;"[[12  0  0  0  0  0]
 [ 0 37  1  0  0  0]
 [ 1  0 17  0  0  0]
 [ 0  0  1 33  0  0]
 [ 0  0  0  0 25  0]
 [ 0  0  0  0  0 29]]";0.7543778801843318;0.7214447213305659;"[[ 65  54  12  19   9  15]
 [ 16 295  30  15   6   7]
 [  6  46 366  26  11  10]
 [  3  21  40 370  24   3]
 [ 14  16   5  11 274  45]
 [  5   9  22   6  27 267]]";0.6293706293706294;0.5888414631308747;"[[ 16  22   5  14  16   7]
 [ 13 123  20   9   4   8]
 [  1  39 118  24  13   6]
 [  5  17  26 147  12   4]
 [ 12  13   2  15 111  26]
 [  1   7  13   2  15 115]]";156;[12 38 18 34 25 29]
27;CiteSeer;own;1;0.2;64;0.5;1;0.005;20795212;0.9938271604938271;0.9933857908541452;"[[13  0  0  0  0  0]
 [ 0 39  1  0  0  0]
 [ 0  0 18  0  0  0]
 [ 0  0  0 35  0  0]
 [ 0  0  0  0 26  0]
 [ 0  0  0  0  0 30]]";0.7564695009242144;0.7275705739055658;"[[ 70  43  16  23   9  12]
 [ 15 287  35  14   8   7]
 [  3  40 370  29  14   9]
 [  3  24  47 370  16   2]
 [ 15  13   4  10 277  43]
 [  4   9  26   6  28 263]]";0.6383616383616384;0.5996258720910869;"[[ 18  19   7  14  16   6]
 [ 15 117  26   7   5   7]
 [  1  33 123  25  14   5]
 [  4  13  28 156   7   3]
 [ 12  13   2  16 110  26]
 [  1   7  15   2  13 115]]";162;[13 40 18 35 26 30]
28;CiteSeer;own;1;0.2;64;0.5;1;0.005;20795212;0.9940476190476191;0.9928499928499929;"[[14  0  0  0  0  0]
 [ 0 41  0  0  0  0]
 [ 0  0 18  0  0  0]
 [ 0  0  0 36  0  0]
 [ 0  0  0  0 27  0]
 [ 0  0  1  0  0 31]]";0.7585727525486562;0.729705476074804;"[[ 69  44  15  23   8  13]
 [ 10 294  37  13   7   8]
 [  4  41 374  23  14   9]
 [  3  24  51 365  14   4]
 [ 14  14   5   9 268  47]
 [  4   8  24   5  26 267]]";0.6363636363636364;0.5984860516486041;"[[ 18  23   6  13  14   6]
 [ 11 123  26   7   3   7]
 [  2  34 122  22  15   6]
 [  4  16  29 151   7   4]
 [ 12  15   3  16 107  26]
 [  1   6  15   2  13 116]]";168;[14 41 18 36 27 32]
29;CiteSeer;own;1;0.2;64;0.5;1;0.005;20795212;0.9942528735632183;0.993370856785491;"[[14  0  0  0  0  0]
 [ 0 41  0  0  0  0]
 [ 0  0 20  0  0  0]
 [ 0  0  0 37  0  0]
 [ 0  0  0  0 29  0]
 [ 0  0  1  0  0 32]]";0.7760223048327137;0.7472944121869851;"[[ 70  44  12  23   8  13]
 [  9 295  37  14   6   7]
 [  4  31 387  25  14   7]
 [  3  22  48 369  14   3]
 [ 13  11   5   9 291  26]
 [  3   8  25  10  28 258]]";0.6483516483516484;0.6113406737475431;"[[ 19  22   5  15  13   6]
 [ 12 119  27   9   3   7]
 [  2  28 130  22  14   5]
 [  3  14  28 154   8   4]
 [ 13  16   3  16 114  17]
 [  1   7  17   2  13 113]]";174;[14 41 20 37 29 33]
30;CiteSeer;own;1;0.2;64;0.5;1;0.005;20795212;0.9944444444444445;0.9952594324306773;"[[15  0  0  0  0  0]
 [ 0 43  0  0  1  0]
 [ 0  0 20  0  0  0]
 [ 0  0  0 37  0  0]
 [ 0  0  0  0 29  0]
 [ 0  0  0  0  0 35]]";0.755358807082945;0.7241581378503034;"[[ 62  51  15  21   5  11]
 [ 11 311  33  10   7   7]
 [  2  41 386  20  12   6]
 [  3  34  48 358  11   4]
 [ 13  40   5  12 251  27]
 [  3  22  20   6  25 253]]";0.6373626373626373;0.6004568492102598;"[[ 17  27   7  13  11   5]
 [ 10 127  24   7   3   6]
 [  1  38 129  19   9   5]
 [  3  17  32 148   8   3]
 [ 11  29   2  17 103  17]
 [  1  12  14   4   8 114]]";180;[15 44 20 37 29 35]
31;CiteSeer;own;1;0.2;64;0.5;1;0.005;20795212;0.9946236559139785;0.9941064828688443;"[[15  0  0  0  0  0]
 [ 0 44  0  0  0  0]
 [ 0  0 23  0  0  0]
 [ 0  0  0 38  0  0]
 [ 0  0  0  0 30  0]
 [ 0  0  1  0  0 35]]";0.7523364485981309;0.7216726512166901;"[[ 63  38  26  21   4   9]
 [ 17 272  57  11   4   6]
 [  2  29 419  22   9   9]
 [  4  25  54 361   9   4]
 [ 15  31   7  13 252  32]
 [  2   6  41   7  16 243]]";0.6243756243756243;0.5871033562893168;"[[ 17  21  11  13  12   6]
 [ 12 113  39   6   2   5]
 [  1  24 138  23   8   7]
 [  3  14  36 153   3   2]
 [ 12  26   5  20  97  19]
 [  1   7  27   4   7 107]]";186;[15 44 23 38 30 36]
32;CiteSeer;own;1;0.2;64;0.5;1;0.005;20795212;0.9947916666666666;0.9912222953697608;"[[15  0  1  0  0  0]
 [ 0 44  0  0  0  0]
 [ 0  0 24  0  0  0]
 [ 0  0  0 39  0  0]
 [ 0  0  0  0 33  0]
 [ 0  0  0  0  0 36]]";0.7614807872539832;0.7320408670282804;"[[ 67  38  22  18  11   7]
 [ 17 273  50  11   7   6]
 [  6  30 413  20  11   6]
 [  4  25  55 358  13   4]
 [ 15  21   6  11 271  24]
 [  2   7  31   7  24 243]]";0.6423576423576424;0.6089535279129135;"[[ 20  20   9  13  13   5]
 [ 13 114  36   5   4   5]
 [  2  25 135  21  12   6]
 [  3  11  35 150   9   3]
 [ 14  20   4  14 114  13]
 [  1   7  20   2  13 110]]";192;[16 44 24 39 33 36]
33;CiteSeer;own;1;0.2;64;0.5;1;0.005;20795212;0.9797979797979798;0.9746953859261017;"[[17  0  0  0  1  0]
 [ 1 43  0  1  0  0]
 [ 1  0 23  0  0  0]
 [ 0  0  0 39  0  0]
 [ 0  0  0  0 35  0]
 [ 0  0  0  0  0 37]]";0.7669172932330827;0.7373232581225246;"[[ 65  37  21  19  10   9]
 [ 10 270  49  13   5   6]
 [  6  28 415  20  13   5]
 [  4  26  58 356  11   4]
 [ 15  23   6   9 277  25]
 [  1   7  26  10  20 249]]";0.6473526473526473;0.6127617116101871;"[[ 19  19   8  14  14   6]
 [ 11 113  37   2   8   6]
 [  1  25 137  21  12   5]
 [  3   8  42 148   7   3]
 [ 11  18   4  14 119  13]
 [  1   6  18   3  13 112]]";198;[18 45 24 39 35 37]
34;CiteSeer;own;1;0.2;64;0.5;1;0.005;20795212;0.9950980392156863;0.9939343810311553;"[[19  1  0  0  0  0]
 [ 0 46  0  0  0  0]
 [ 0  0 24  0  0  0]
 [ 0  0  0 40  0  0]
 [ 0  0  0  0 36  0]
 [ 0  0  0  0  0 38]]";0.7803958529688972;0.7501062037891405;"[[ 66  33  16  23  13   8]
 [  7 279  43  11   9   6]
 [  4  26 415  21  13   6]
 [  5  25  51 359  13   3]
 [ 15  21   4   6 288  20]
 [  2   7  20   6  29 249]]";0.6503496503496503;0.6185679349289818;"[[ 21  20   7  12  15   5]
 [ 10 115  34   3   9   6]
 [  1  26 131  24  14   5]
 [  2  11  36 147  11   4]
 [ 10  16   3  11 126  13]
 [  2   5  17   3  15 111]]";204;[20 46 24 40 36 38]
35;CiteSeer;own;1;0.2;64;0.5;1;0.005;20795212;0.9952380952380953;0.9939721097615836;"[[19  1  0  0  0  0]
 [ 0 47  0  0  0  0]
 [ 0  0 25  0  0  0]
 [ 0  0  0 41  0  0]
 [ 0  0  0  0 37  0]
 [ 0  0  0  0  0 40]]";0.775992438563327;0.7426887833088253;"[[ 58  37  14  26  11  10]
 [  6 281  45  12   7   6]
 [  5  27 397  25  15   5]
 [  3  25  45 366  11   4]
 [  9  24   6  10 294  21]
 [  0   7  22   7  29 246]]";0.6583416583416584;0.6223489913640393;"[[ 19  21   6  13  15   6]
 [  7 118  34   6   5   7]
 [  1  26 131  22  17   4]
 [  2  12  28 152  13   4]
 [  7  15   3  12 127  15]
 [  1   5  17   4  14 112]]";210;[20 47 25 41 37 40]
36;CiteSeer;own;1;0.2;64;0.5;1;0.005;20795212;1.0;1.0;"[[21  0  0  0  0  0]
 [ 0 49  0  0  0  0]
 [ 0  0 25  0  0  0]
 [ 0  0  0 42  0  0]
 [ 0  0  0  0 38  0]
 [ 0  0  0  0  0 41]]";0.7834123222748816;0.7483400978240894;"[[ 56  42  18  20   8   7]
 [  8 289  44  11   5   5]
 [  6  29 398  21  17   3]
 [  4  22  44 371   9   3]
 [ 11  20   5  10 290  24]
 [  0   6  24  13  18 249]]";0.6563436563436563;0.6184974461934399;"[[ 18  23   8  15  11   5]
 [  7 122  33   4   4   7]
 [  1  28 128  22  18   4]
 [  2  14  25 156  10   4]
 [  9  18   3  13 120  16]
 [  2   4  20   2  12 113]]";216;[21 49 25 42 38 41]
37;CiteSeer;own;1;0.2;64;0.5;1;0.005;20795212;1.0;1.0;"[[22  0  0  0  0  0]
 [ 0 50  0  0  0  0]
 [ 0  0 25  0  0  0]
 [ 0  0  0 43  0  0]
 [ 0  0  0  0 39  0]
 [ 0  0  0  0  0 43]]";0.7728136882129277;0.7399806296093846;"[[ 56  44  15  18   8   9]
 [ 10 292  49  12   6   6]
 [  4  33 376  18  18   9]
 [  4  24  46 365   9   3]
 [  8  20   5  13 287  27]
 [  0   6  24  13  17 250]]";0.6533466533466533;0.6120369677674874;"[[ 16  21   8  17  12   6]
 [  7 122  33   4   3   8]
 [  1  32 126  19  16   7]
 [  2  14  25 155  11   4]
 [  7  18   2  14 120  18]
 [  1   6  17   3  11 115]]";222;[22 50 25 43 39 43]
38;CiteSeer;own;1;0.2;64;0.5;1;0.005;20795212;0.9912280701754386;0.9896288180157143;"[[22  0  0  0  0  0]
 [ 0 50  0  0  0  1]
 [ 1  0 26  0  0  0]
 [ 0  0  0 44  0  0]
 [ 0  0  0  0 40  0]
 [ 0  0  0  0  0 44]]";0.7702573879885606;0.7355025869196984;"[[ 52  50  11  17   9   8]
 [ 10 308  40   7   5   6]
 [  2  52 363  15  17   7]
 [  8  31  45 355   9   3]
 [ 10  24   2  11 291  22]
 [  1  10  24  12  14 247]]";0.6423576423576424;0.6044661486529356;"[[ 16  26   5  15  12   6]
 [  7 127  30   4   4   5]
 [  0  49 114  19  13   6]
 [  4  18  26 150   9   4]
 [  8  21   1  13 121  15]
 [  1   7  16   4  10 115]]";228;[22 51 27 44 40 44]
39;CiteSeer;own;1;0.2;64;0.5;1;0.005;20795212;1.0;1.0;"[[23  0  0  0  0  0]
 [ 0 53  0  0  0  0]
 [ 0  0 27  0  0  0]
 [ 0  0  0 47  0  0]
 [ 0  0  0  0 40  0]
 [ 0  0  0  0  0 44]]";0.7767686424474187;0.7434698512347043;"[[ 55  42  15  17   9   7]
 [ 12 305  43   8   3   4]
 [  2  37 378  19  16   3]
 [  7  21  53 359  10   4]
 [ 13  22   5  10 291  18]
 [  0   7  34  13  13 237]]";0.6533466533466533;0.6152291071834637;"[[ 17  26   6  15  12   4]
 [  7 123  33   5   4   5]
 [  0  35 128  20  13   5]
 [  4  12  28 154   9   4]
 [  9  20   3  13 123  11]
 [  3   5  21   6   9 109]]";234;[23 53 27 47 40 44]
40;CiteSeer;own;1;0.2;64;0.5;1;0.005;20795212;0.9958333333333333;0.9949248487214523;"[[23  0  0  0  0  0]
 [ 1 54  0  0  0  0]
 [ 0  0 28  0  0  0]
 [ 0  0  0 48  0  0]
 [ 0  0  0  0 42  0]
 [ 0  0  0  0  0 44]]";0.7766059443911792;0.7405726747723941;"[[ 53  46  11  18   9   5]
 [ 15 305  39   9   2   4]
 [  3  38 370  24  16   3]
 [  6  18  48 365  10   5]
 [ 14  21   5   9 297  17]
 [  1   8  31  12  19 230]]";0.6513486513486514;0.6149282927289329;"[[ 19  24   5  16  12   4]
 [  8 124  29   7   4   5]
 [  1  37 123  22  13   5]
 [  4  11  22 161   9   4]
 [ 10  20   3  15 121  10]
 [  1   5  21   6  16 104]]";240;[23 55 28 48 42 44]
41;CiteSeer;own;1;0.2;64;0.5;1;0.005;20795212;0.9959349593495935;0.9955745218903114;"[[24  0  0  0  0  0]
 [ 0 55  0  0  0  0]
 [ 0  1 28  0  0  0]
 [ 0  0  0 50  0  0]
 [ 0  0  0  0 42  0]
 [ 0  0  0  0  0 46]]";0.7836538461538461;0.7476780211210848;"[[ 54  43   7  21   9   7]
 [ 13 307  36  10   2   4]
 [  2  36 366  29  17   5]
 [  6  16  40 376  10   4]
 [ 15  20   6   9 293  18]
 [  1   8  28  12  16 234]]";0.6603396603396603;0.6258102566667105;"[[ 20  24   5  16  11   4]
 [  5 126  29   9   3   5]
 [  1  37 119  27  11   6]
 [  4  11  22 164   6   4]
 [  8  20   3  14 123  11]
 [  1   4  18   7  14 109]]";246;[24 55 29 50 42 46]
42;CiteSeer;own;1;0.2;64;0.5;1;0.005;20795212;0.996031746031746;0.9953520507505811;"[[25  0  0  0  0  0]
 [ 0 56  0  0  0  0]
 [ 0  0 30  0  0  0]
 [ 0  0  0 50  0  0]
 [ 0  0  1  0 43  0]
 [ 0  0  0  0  0 47]]";0.7671166827386693;0.7348331852707485;"[[ 55  36  15  20  10   6]
 [ 11 269  47  17   3   5]
 [  2  36 359  27  17   6]
 [  6  15  50 373  10   4]
 [ 13  21  14   8 302  18]
 [  1   7  28  11  19 233]]";0.6643356643356644;0.6247401599154113;"[[ 18  23   5  17  13   4]
 [  8 115  33  10   5   6]
 [  1  22 133  25  15   5]
 [  2   9  24 164   8   4]
 [  9  20   3  12 125  10]
 [  1   3  16   8  15 110]]";252;[25 56 30 50 44 47]
43;CiteSeer;own;1;0.2;64;0.5;1;0.005;20795212;0.9922480620155039;0.9920306054126439;"[[27  0  0  0  0  0]
 [ 0 57  0  0  0  0]
 [ 0  0 30  0  1  0]
 [ 0  0  0 50  0  0]
 [ 0  1  0  0 43  0]
 [ 0  0  0  0  0 49]]";0.7751450676982592;0.7403186743412711;"[[ 54  39  13  17  11   6]
 [ 10 276  47  10   4   5]
 [  4  33 359  24  25   3]
 [  6  16  48 371  11   4]
 [ 16  16   6   9 309  18]
 [  2   7  25   8  22 234]]";0.6543456543456544;0.6135243484025451;"[[ 17  20   5  16  17   5]
 [ 12 112  35   4  10   4]
 [  2  20 128  21  26   4]
 [  4  10  23 163   7   4]
 [  9  19   2  14 124  11]
 [  1   2  17   6  16 111]]";258;[27 57 31 50 44 49]
44;CiteSeer;own;1;0.2;64;0.5;1;0.005;20795212;0.9962121212121212;0.9944055944055945;"[[27  0  1  0  0  0]
 [ 0 58  0  0  0  0]
 [ 0  0 32  0  0  0]
 [ 0  0  0 50  0  0]
 [ 0  0  0  0 45  0]
 [ 0  0  0  0  0 51]]";0.7754607177497576;0.7378150258902806;"[[ 49  38  14  17  12  11]
 [  7 275  47  10   5   7]
 [  1  29 356  26  27   8]
 [  5  13  50 369  12   5]
 [ 11  14   7   9 312  20]
 [  2   3  23  10  20 238]]";0.6543456543456544;0.6114153271181221;"[[ 16  21   3  17  17   6]
 [  8 113  36   6   8   6]
 [  0  18 127  22  26   8]
 [  2  10  24 162   9   4]
 [  7  17   2  12 126  15]
 [  1   2  16   6  17 111]]";264;[28 58 32 50 45 51]
45;CiteSeer;own;1;0.2;64;0.5;1;0.005;20795212;1.0;1.0;"[[29  0  0  0  0  0]
 [ 0 60  0  0  0  0]
 [ 0  0 33  0  0  0]
 [ 0  0  0 51  0  0]
 [ 0  0  0  0 46  0]
 [ 0  0  0  0  0 51]]";0.7762645914396887;0.7410919160883352;"[[ 53  37  19  12  12   8]
 [  8 276  53   7   3   4]
 [  4  28 374  19  31   3]
 [  9  13  54 361  16   2]
 [ 19  12   3   9 296  15]
 [  2   4  26   9  19 236]]";0.6553446553446554;0.6183374413259375;"[[ 19  22   8  12  15   4]
 [  9 113  39   5   6   5]
 [  2  21 132  20  21   5]
 [  8   9  25 157   9   3]
 [  8  18   2  14 124  13]
 [  1   2  16   6  17 111]]";270;[29 60 33 51 46 51]
46;CiteSeer;own;1;0.2;64;0.5;1;0.005;20795212;0.9963768115942029;0.9959343691012051;"[[29  0  0  0  0  0]
 [ 0 61  0  0  0  0]
 [ 0  0 35  0  0  0]
 [ 0  0  0 51  0  0]
 [ 0  0  1  0 48  0]
 [ 0  0  0  0  0 51]]";0.78;0.7440876311807068;"[[ 50  40  15  12  12   8]
 [  7 269  41   8   6   4]
 [  1  34 382  25  32   3]
 [  7  16  49 357  16   2]
 [ 12  15   3   9 304  16]
 [  1   4  23   9  21 237]]";0.6643356643356644;0.6231359862835771;"[[ 17  24   7  12  16   4]
 [  7 116  37   4   8   5]
 [  0  20 137  19  20   5]
 [  5  10  23 159  11   3]
 [  6  18   2  14 126  13]
 [  1   3  16   6  17 110]]";276;[29 61 35 51 49 51]
47;CiteSeer;own;1;0.2;64;0.5;1;0.005;20795212;0.9893617021276596;0.9890755735492577;"[[29  0  0  0  0  0]
 [ 0 62  0  0  0  0]
 [ 0  0 37  0  0  1]
 [ 0  0  0 51  0  0]
 [ 0  0  1  0 49  0]
 [ 0  0  0  0  1 51]]";0.7832681017612525;0.7461984731890988;"[[ 49  38  16  15  10   9]
 [  7 264  46   7   4   6]
 [  1  32 388  20  28   4]
 [  6  15  52 358  13   3]
 [ 11  11   4  11 304  16]
 [  1   4  25  11  17 238]]";0.6803196803196803;0.6378199174019387;"[[ 18  24   6  14  14   4]
 [  7 114  39   4   6   7]
 [  0  16 146  17  17   5]
 [  3  10  21 165   7   5]
 [  6  16   2  15 127  13]
 [  1   3  17   5  16 111]]";282;[29 62 38 51 50 52]
48;CiteSeer;own;1;0.2;64;0.5;1;0.005;20795212;0.9965277777777778;0.9961519961519961;"[[31  0  0  0  0  0]
 [ 0 63  0  0  0  0]
 [ 0  0 38  0  0  0]
 [ 0  0  0 51  0  0]
 [ 0  0  1  0 49  0]
 [ 0  0  0  0  0 55]]";0.7860647693817469;0.748513499682285;"[[ 49  36  15  14  11  10]
 [  7 261  48   8   2   7]
 [  2  29 388  19  26   7]
 [  6  15  51 359  13   3]
 [ 12  10   4  11 304  16]
 [  1   5  24  10  14 241]]";0.6843156843156843;0.6429249380750147;"[[ 19  23   6  13  14   5]
 [  8 113  39   4   5   8]
 [  0  15 149  15  14   8]
 [  3  10  22 164   7   5]
 [  6  17   2  15 126  13]
 [  1   3  19   5  11 114]]";288;[31 63 38 51 50 55]
49;CiteSeer;own;1;0.2;64;0.5;1;0.005;20795212;0.9897959183673469;0.9884276303421481;"[[31  1  0  0  0  0]
 [ 0 63  1  0  0  0]
 [ 0  0 39  0  0  0]
 [ 0  0  0 52  0  0]
 [ 1  0  0  0 50  0]
 [ 0  0  0  0  0 56]]";0.7937992125984252;0.7557586143077853;"[[ 49  40  14  12  10   9]
 [  7 264  44   8   2   7]
 [  1  29 393  22  20   5]
 [  7  15  46 362  13   3]
 [  9  12   4  10 307  14]
 [  1   4  24  13  14 238]]";0.6913086913086913;0.6475890022514059;"[[ 18  24   6  13  14   5]
 [  7 118  37   4   5   6]
 [  0  16 147  18  13   7]
 [  4  10  20 166   7   4]
 [  6  16   2  14 130  11]
 [  3   3  17   5  12 113]]";294;[32 64 39 52 51 56]
50;CiteSeer;own;1;0.2;64;0.5;1;0.005;20795212;0.9966666666666667;0.9963738448941396;"[[32  0  0  0  0  0]
 [ 0 65  0  0  0  0]
 [ 0  0 41  0  0  0]
 [ 0  0  0 54  0  0]
 [ 0  0  1  0 51  0]
 [ 0  0  0  0  0 56]]";0.799111549851925;0.7626009658311554;"[[ 51  35  17  12   9   7]
 [  7 264  40   5   3   8]
 [  3  29 402  18  19   4]
 [  7  15  48 360  10   5]
 [ 10  12   5  11 301  16]
 [  1   4  25  13   9 241]]";0.6853146853146853;0.6416513878278585;"[[ 18  23   6  13  15   5]
 [  6 117  37   4   5   8]
 [  2  14 152  14  11   8]
 [  4  10  24 161   6   6]
 [  6  16   3  16 124  14]
 [  3   3  17   6  10 114]]";300;[32 65 41 54 52 56]
51;CiteSeer;own;1;0.2;64;0.5;1;0.005;20795212;0.9967320261437909;0.9962778699097107;"[[33  1  0  0  0  0]
 [ 0 67  0  0  0  0]
 [ 0  0 42  0  0  0]
 [ 0  0  0 54  0  0]
 [ 0  0  0  0 52  0]
 [ 0  0  0  0  0 57]]";0.8044554455445545;0.7674788427165381;"[[ 49  34  19  11   9   7]
 [  5 263  42   5   3   8]
 [  3  23 404  20  22   3]
 [  6  13  47 361  12   5]
 [  6  14   5   9 310  11]
 [  1   4  24  10  14 238]]";0.6903096903096904;0.6432902327365038;"[[ 16  24   5  14  16   5]
 [  6 117  38   4   5   7]
 [  2  14 154  14  11   6]
 [  5   9  23 161   7   6]
 [  4  20   3  12 131   9]
 [  1   3  20   6  11 112]]";306;[34 67 42 54 52 57]
52;CiteSeer;own;1;0.2;64;0.5;1;0.005;20795212;0.9967948717948718;0.9969133156134785;"[[36  0  0  0  0  0]
 [ 0 68  0  0  0  0]
 [ 0  0 43  0  0  0]
 [ 0  0  0 54  1  0]
 [ 0  0  0  0 53  0]
 [ 0  0  0  0  0 57]]";0.7954319761668321;0.757352545078818;"[[ 48  35  19  11   9   6]
 [  9 259  43   5   3   7]
 [  3  26 401  18  22   3]
 [  9  12  54 351  11   4]
 [  7  14   7   7 308  13]
 [  2   5  25  10  13 235]]";0.6853146853146853;0.6426089132752766;"[[ 18  24   5  13  15   5]
 [  8 115  39   4   5   6]
 [  4  15 154  12  11   5]
 [  5   8  27 156   9   6]
 [  4  20   3  12 131   9]
 [  4   3  20   3  11 112]]";312;[36 68 43 55 53 57]
53;CiteSeer;own;1;0.2;64;0.5;1;0.005;20795212;1.0;1.0;"[[37  0  0  0  0  0]
 [ 0 69  0  0  0  0]
 [ 0  0 43  0  0  0]
 [ 0  0  0 56  0  0]
 [ 0  0  0  0 55  0]
 [ 0  0  0  0  0 58]]";0.7928286852589641;0.7615804163039828;"[[ 55  34  13  11  10   9]
 [  7 258  42   5   3   8]
 [  4  29 384  18  21   2]
 [  7  14  56 348   9   6]
 [  7  14   7   7 310  12]
 [  1   6  35   8  11 237]]";0.6763236763236763;0.6360101018273144;"[[ 19  23   5  14  15   4]
 [ 11 113  38   4   5   6]
 [  4  16 152  12  11   6]
 [  8   9  31 153   4   6]
 [  5  20   3  12 129  10]
 [  4   3  19   3  13 111]]";318;[37 69 43 56 55 58]
54;CiteSeer;own;1;0.2;64;0.5;1;0.005;20795212;1.0;1.0;"[[38  0  0  0  0  0]
 [ 0 69  0  0  0  0]
 [ 0  0 47  0  0  0]
 [ 0  0  0 56  0  0]
 [ 0  0  0  0 56  0]
 [ 0  0  0  0  0 58]]";0.7982017982017982;0.7670125290956015;"[[ 57  32  12  12  11   5]
 [ 10 252  42   5   2   7]
 [  7  25 392  18  17   2]
 [  6  17  55 351   7   4]
 [ 10  13   6   9 307  11]
 [  2   5  36   6  10 239]]";0.6853146853146853;0.6455412558555659;"[[ 20  23   6  14  13   4]
 [ 12 115  37   2   5   6]
 [  2  14 157  13  10   5]
 [  7  10  31 156   3   4]
 [  6  19   4  13 127  10]
 [  4   3  19   3  13 111]]";324;[38 69 47 56 56 58]
55;CiteSeer;own;1;0.2;64;0.5;1;0.005;20795212;0.9939393939393939;0.9935533160727212;"[[39  1  0  0  0  0]
 [ 0 70  0  0  0  0]
 [ 0  0 47  0  0  0]
 [ 0  0  0 57  0  0]
 [ 0  0  0  0 56  0]
 [ 0  0  1  0  0 59]]";0.8006012024048096;0.7704305349547872;"[[ 56  30  16  12  10   4]
 [  9 246  46   5   4   8]
 [  4  18 394  18  20   3]
 [  5  13  57 351   8   5]
 [  7  12   6   8 312  11]
 [  0   4  34   6  15 239]]";0.6893106893106893;0.6455220044299418;"[[ 18  22   6  14  15   5]
 [ 12 110  39   4   6   6]
 [  1  10 160  14  12   4]
 [  7  10  30 157   3   4]
 [  5  16   4  10 136   8]
 [  1   3  22   4  14 109]]";330;[40 70 47 57 56 60]
56;CiteSeer;own;1;0.2;64;0.5;1;0.005;20795212;0.9970238095238095;0.9965674664469845;"[[41  0  0  1  0  0]
 [ 0 70  0  0  0  0]
 [ 0  0 48  0  0  0]
 [ 0  0  0 58  0  0]
 [ 0  0  0  0 57  0]
 [ 0  0  0  0  0 61]]";0.8095477386934673;0.7814984617055821;"[[ 61  31  13  12  10   6]
 [  8 248  40   6   5   9]
 [  4  16 394  18  18   3]
 [  7  14  51 351   7   5]
 [  3  14   6   9 312  11]
 [  0   5  29   7  12 245]]";0.6923076923076923;0.6410429478547011;"[[ 14  26   7  14  15   4]
 [ 11 115  35   4   6   6]
 [  1   9 161  14  12   4]
 [  5  10  28 159   5   4]
 [  3  18   4  12 131  11]
 [  1   3  19   4  13 113]]";336;[42 70 48 58 57 61]
57;CiteSeer;own;1;0.2;64;0.5;1;0.005;20795212;0.9912280701754386;0.9904345880389288;"[[42  0  0  1  0  0]
 [ 1 71  0  0  0  0]
 [ 0  0 50  0  0  0]
 [ 0  0  0 58  0  0]
 [ 0  0  1  0 57  0]
 [ 0  0  0  0  0 61]]";0.8089717741935484;0.7819054181519407;"[[ 61  32  13  11   9   4]
 [  9 245  44   5   5   9]
 [  4  16 397  18  14   4]
 [  8  13  55 346   8   4]
 [  3  12   6  10 310  11]
 [  0   4  31   6  11 246]]";0.6923076923076923;0.6447160261712718;"[[ 16  25   7  14  14   4]
 [ 12 113  36   4   6   6]
 [  1   8 164  13  11   4]
 [  7  10  28 157   5   4]
 [  8  17   4  13 129   8]
 [  1   3  19   3  13 114]]";342;[43 72 50 58 58 61]
58;CiteSeer;own;1;0.2;64;0.5;1;0.005;20795212;0.9942528735632183;0.9939749857994932;"[[46  0  0  0  0  0]
 [ 1 71  0  0  0  0]
 [ 0  0 51  0  0  0]
 [ 0  0  0 59  0  0]
 [ 0  0  1  0 57  0]
 [ 0  0  0  0  0 62]]";0.8124368048533872;0.7876626828152221;"[[ 64  31  11  10   7   4]
 [  9 253  37   5   4   8]
 [  4  19 392  20  14   4]
 [  7  14  52 351   8   3]
 [  4  12   5  12 306  11]
 [  2   6  30   8  10 241]]";0.6943056943056943;0.6500379100610211;"[[ 18  25   7  14  12   4]
 [ 10 117  34   4   6   6]
 [  1  12 161  13  11   3]
 [  8  12  23 161   3   4]
 [  7  20   4  15 127   6]
 [  3   4  19   3  13 111]]";348;[46 72 51 59 58 62]
59;CiteSeer;own;1;0.2;64;0.5;1;0.005;20795212;0.9943502824858758;0.9940466570055002;"[[46  0  0  0  0  0]
 [ 1 72  0  0  0  0]
 [ 0  0 52  0  1  0]
 [ 0  0  0 60  0  0]
 [ 0  0  0  0 58  0]
 [ 0  0  0  0  0 64]]";0.8093306288032455;0.7830235121452479;"[[ 63  29  13  10   8   4]
 [ 13 249  36   5   3   8]
 [  6  18 393  19  16   4]
 [  7  14  51 350   8   3]
 [  4  12   5  13 301  13]
 [  0   4  31   7  12 240]]";0.6913086913086913;0.6494006251029348;"[[ 19  24   7  14  12   4]
 [ 13 114  34   4   6   6]
 [  2  13 158  14  11   3]
 [ 10   9  25 159   4   4]
 [  8  18   4  15 127   7]
 [  1   3  19   3  12 115]]";354;[46 73 53 60 58 64]
60;CiteSeer;own;1;0.2;64;0.5;1;0.005;20795212;0.9944444444444445;0.9943980006536534;"[[46  0  0  0  0  0]
 [ 1 73  1  0  0  0]
 [ 0  0 53  0  0  0]
 [ 0  0  0 61  0  0]
 [ 0  0  0  0 60  0]
 [ 0  0  0  0  0 65]]";0.811291963377416;0.7849133982298032;"[[ 61  30  13  10   9   4]
 [  8 251  35   5   6   8]
 [  4  19 395  17  14   4]
 [  9  14  53 345   8   3]
 [  2  12   7  10 303  13]
 [  0   5  31   6  12 240]]";0.6793206793206793;0.6368110905671331;"[[ 17  25   6  14  14   4]
 [ 11 117  34   4   5   6]
 [  2  15 156  14  11   3]
 [ 10   9  32 151   5   4]
 [  6  18   7  15 125   8]
 [  1   3  20   3  12 114]]";360;[46 75 53 61 60 65]
61;CiteSeer;own;1;0.2;64;0.5;1;0.005;20795212;1.0;1.0;"[[48  0  0  0  0  0]
 [ 0 76  0  0  0  0]
 [ 0  0 53  0  0  0]
 [ 0  0  0 61  0  0]
 [ 0  0  0  0 62  0]
 [ 0  0  0  0  0 66]]";0.813265306122449;0.7884782659793195;"[[ 63  29  12   8   9   5]
 [  7 247  38   6   5   9]
 [  3  19 395  19  12   4]
 [  9  12  50 347  10   4]
 [  2  12   5  10 308  11]
 [  0   4  30   6  16 234]]";0.6843156843156843;0.6422013784704467;"[[ 18  25   7  13  13   4]
 [ 10 117  34   4   6   6]
 [  1  14 157  13  12   4]
 [  9   9  30 156   3   4]
 [  6  17   8  15 124   9]
 [  1   3  20   3  13 113]]";366;[48 76 53 61 62 66]
62;CiteSeer;own;1;0.2;64;0.5;1;0.005;20795212;0.9919354838709677;0.9912563543936094;"[[49  0  0  0  0  0]
 [ 1 76  0  0  0  0]
 [ 1  0 53  0  0  0]
 [ 0  0  0 61  0  0]
 [ 0  0  0  0 63  0]
 [ 0  0  1  0  0 67]]";0.8121801432958035;0.7901046461799547;"[[ 67  30  11   5   9   5]
 [  8 249  37   5   5   7]
 [  2  20 390  21  12   4]
 [ 11  14  50 340  10   3]
 [  2  12   5  10 310  10]
 [  0   6  29   7  17 231]]";0.6943056943056943;0.657276585515423;"[[ 22  25   7   9  13   4]
 [ 10 118  33   3   6   7]
 [  1  13 158  13  12   4]
 [  9  10  29 156   3   4]
 [  6  18   6  12 129   8]
 [  1   4  19   3  14 112]]";372;[49 77 54 61 63 68]
63;CiteSeer;own;1;0.2;64;0.5;1;0.005;20795212;1.0;1.0;"[[49  0  0  0  0  0]
 [ 0 78  0  0  0  0]
 [ 0  0 54  0  0  0]
 [ 0  0  0 64  0  0]
 [ 0  0  0  0 63  0]
 [ 0  0  0  0  0 70]]";0.8187885010266941;0.7965849355720683;"[[ 68  30  10   6   8   5]
 [  7 252  33   6   5   7]
 [  2  20 390  21  10   4]
 [  9  15  45 344  11   3]
 [  3  12   5   9 310  10]
 [  1   5  27   6  18 231]]";0.7022977022977023;0.6639013304420319;"[[ 22  25   7   9  13   4]
 [  8 120  32   4   6   7]
 [  2  13 156  13  12   5]
 [ 10   9  24 160   4   4]
 [  6  17   4  12 131   9]
 [  1   5  18   2  13 114]]";378;[49 78 54 64 63 70]
64;CiteSeer;own;1;0.2;64;0.5;1;0.005;20795212;0.9947916666666666;0.9948027535917667;"[[49  1  0  0  0  0]
 [ 0 78  0  0  0  0]
 [ 0  0 56  0  0  0]
 [ 0  0  0 66  0  0]
 [ 0  0  0  0 64  0]
 [ 0  0  0  1  0 69]]";0.8182286302780638;0.7960240554769693;"[[ 66  30  10   7   7   5]
 [  6 252  36   6   3   6]
 [  2  20 394  21  11   4]
 [  7  15  42 348  10   3]
 [  3  12   6  10 304  13]
 [  0   5  27   8  18 225]]";0.7012987012987013;0.6612796116594116;"[[ 21  25   8   9  13   4]
 [  8 120  33   4   6   6]
 [  2  12 156  14  13   4]
 [  9   9  23 163   3   4]
 [  6  17   4  12 131   9]
 [  1   4  20   4  13 111]]";384;[50 78 56 66 64 70]
65;CiteSeer;own;1;0.2;64;0.5;1;0.005;20795212;0.9897435897435898;0.9889841734275214;"[[49  1  0  0  0  0]
 [ 0 78  0  0  0  0]
 [ 1  0 57  0  0  0]
 [ 0  0  0 68  0  0]
 [ 0  0  0  0 64  0]
 [ 0  0  2  0  0 70]]";0.8192148760330579;0.7973002249908295;"[[ 66  25  16   7   7   3]
 [  6 249  39   5   3   7]
 [  2  17 405  18  10   3]
 [  8  12  46 343   8   4]
 [  3  12   6  11 300  14]
 [  0   4  28  11  15 223]]";0.7062937062937062;0.6664477416259539;"[[ 21  25  11   8  11   4]
 [  8 121  35   4   5   4]
 [  1  11 160  13  12   4]
 [  8   8  24 165   2   4]
 [  6  18   5  12 130   8]
 [  1   3  24   2  13 110]]";390;[50 78 58 68 64 72]
66;CiteSeer;own;1;0.2;64;0.5;1;0.005;20795212;0.9974747474747475;0.9974500144885541;"[[50  0  0  0  0  0]
 [ 0 79  0  0  0  0]
 [ 0  0 59  0  0  0]
 [ 0  0  0 69  0  0]
 [ 0  0  0  0 66  0]
 [ 0  0  1  0  0 72]]";0.8181347150259067;0.7947179592400205;"[[ 65  27  15   7   7   3]
 [  8 245  38   5   3   9]
 [  2  17 403  17  11   4]
 [  8  12  46 342   8   4]
 [  2  12   6  10 300  14]
 [  0   4  25  10  17 224]]";0.7012987012987013;0.6615636912242199;"[[ 21  25  10   8  12   4]
 [  9 120  33   4   5   6]
 [  2  10 159  12  12   6]
 [  8   8  27 162   2   4]
 [  6  18   5  12 129   9]
 [  1   3  24   2  12 111]]";396;[50 79 59 69 66 73]
67;CiteSeer;own;1;0.2;64;0.5;1;0.005;20795212;0.9975124378109452;0.9974808715432482;"[[52  0  0  0  0  0]
 [ 0 79  0  0  0  0]
 [ 0  0 59  0  0  0]
 [ 0  0  0 71  0  0]
 [ 0  0  0  0 66  0]
 [ 0  0  1  0  0 74]]";0.8227650727650727;0.802997241044797;"[[ 67  24  12   6   7   5]
 [  7 247  36   6   3   7]
 [  0  18 403  17  13   3]
 [  7  15  46 341   7   4]
 [  2  13   6  11 300  13]
 [  0   5  24  10  14 225]]";0.7022977022977023;0.6628105798350051;"[[ 21  23   8  11  13   4]
 [  9 121  31   4   6   6]
 [  1  11 160  12  12   5]
 [ 11   8  28 158   2   4]
 [  6  17   7  12 130   7]
 [  1   4  21   2  12 113]]";402;[52 79 59 71 66 75]
68;CiteSeer;own;1;0.2;64;0.5;1;0.005;20795212;0.9950980392156863;0.9951082478004448;"[[52  1  0  0  0  0]
 [ 0 80  0  0  0  0]
 [ 0  0 60  0  0  0]
 [ 0  0  0 71  0  0]
 [ 0  0  0  0 68  0]
 [ 0  0  0  1  0 75]]";0.8206465067778936;0.7985650750696668;"[[ 65  25  12   7   8   4]
 [  7 245  36   6   4   7]
 [  1  18 396  18  14   3]
 [  6  14  42 341   8   4]
 [  4  12   5  12 304  10]
 [  0   7  25  10  15 223]]";0.7042957042957043;0.6651929755595003;"[[ 21  23   7  12  13   4]
 [  8 122  31   4   6   6]
 [  2  15 154  13  12   5]
 [  9   8  26 159   5   4]
 [  6  17   4  11 135   6]
 [  1   4  20   2  12 114]]";408;[53 80 60 71 68 76]
69;CiteSeer;own;1;0.2;64;0.5;1;0.005;20795212;0.9951690821256038;0.9946089003545643;"[[54  0  1  0  0  0]
 [ 0 80  0  0  0  0]
 [ 0  0 62  0  0  0]
 [ 0  0  0 72  0  0]
 [ 0  0  1  0 68  0]
 [ 0  0  0  0  0 76]]";0.8174686192468619;0.7951973274261794;"[[ 67  24  13   8   7   4]
 [  7 243  36   6   4   9]
 [  2  17 394  18  12   2]
 [  5  15  44 339   8   4]
 [  8  11   5  11 299  10]
 [  1   5  27  10  16 221]]";0.7032967032967034;0.6650642442101167;"[[ 22  23   6  11  14   4]
 [  9 120  32   4   6   6]
 [  3  12 156  12  13   5]
 [  7   8  27 161   4   4]
 [  6  18   6  10 133   6]
 [  3   3  20   2  13 112]]";414;[55 80 62 72 69 76]
70;CiteSeer;own;1;0.2;64;0.5;1;0.005;20795212;0.9976190476190476;0.9974633018111279;"[[55  0  0  0  0  0]
 [ 1 80  0  0  0  0]
 [ 0  0 62  0  0  0]
 [ 0  0  0 74  0  0]
 [ 0  0  0  0 70  0]
 [ 0  0  0  0  0 78]]";0.8226652675760755;0.802878709308708;"[[ 68  23  14   7   7   4]
 [  8 241  37   7   3   8]
 [  1  15 399  18   9   3]
 [  3  12  47 340   8   4]
 [  4  13   5  11 299  11]
 [  0   4  25  11  16 221]]";0.7022977022977023;0.6620276279902421;"[[ 21  23   6  12  14   4]
 [ 10 119  33   4   5   6]
 [  2  10 159  11  13   6]
 [  7   8  28 162   2   4]
 [  6  18   6  12 131   6]
 [  3   2  20   2  15 111]]";420;[55 81 62 74 70 78]
71;CiteSeer;own;1;0.2;64;0.5;1;0.005;649695571;0.0;0.0;[[]];0.15262252794496992;0.04413775954245928;"[[  0   0   0   0   0 184]
 [  0   0   0   0   0 413]
 [  0   0   0   0   0 467]
 [  0   0   0   0   0 490]
 [  0   0   0   0   0 417]
 [  0   0   0   0   0 355]]";0.15284715284715283;0.04419410745233968;"[[  0   0   0   0   0  80]
 [  0   0   0   0   0 177]
 [  0   0   0   0   0 201]
 [  0   0   0   0   0 211]
 [  0   0   0   0   0 179]
 [  0   0   0   0   0 153]]";0;[]
72;CiteSeer;own;1;0.2;64;0.5;1;0.005;649695571;1.0;1.0;"[[1 0 0]
 [0 3 0]
 [0 0 2]]";0.2021551724137931;0.11264944191127589;"[[103   0   0   0  80   0]
 [246   0   4   0 159   0]
 [344   0   9   0 119   0]
 [288   0   0   5 194   0]
 [ 65   0   0   0 352   0]
 [180   0   3   0 169   0]]";0.18981018981018982;0.10198300983687679;"[[ 40   0   0   0  40   0]
 [ 94   0   2   0  81   0]
 [151   0   1   1  48   0]
 [121   0   0   2  88   0]
 [ 32   0   0   0 147   0]
 [ 79   0   3   0  71   0]]";6;[0 0 1 3 2]
73;CiteSeer;own;1;0.2;64;0.5;1;0.005;649695571;1.0;1.0;"[[1 0 0 0 0 0]
 [0 2 0 0 0 0]
 [0 0 1 0 0 0]
 [0 0 0 5 0 0]
 [0 0 0 0 2 0]
 [0 0 0 0 0 1]]";0.27398444252376836;0.17246277036487978;"[[ 13 163   0   1   5   0]
 [  4 455   2   0   3   0]
 [ 38 374   5   0   2   0]
 [ 28 441   0   6   5   0]
 [  4 259   0   0 153   0]
 [  5 334   2   0  10   2]]";0.25674325674325676;0.17400434886838026;"[[  6  71   0   0   3   0]
 [  1 172   1   0   3   0]
 [ 12 187   1   1   0   0]
 [ 14 192   0   4   1   0]
 [  1 104   0   0  74   0]
 [  3 147   2   0   1   0]]";12;[1 2 1 5 2 1]
74;CiteSeer;own;1;0.2;64;0.5;1;0.005;649695571;0.8888888888888888;0.8555555555555556;"[[2 0 0 0 0 0]
 [0 2 1 0 0 0]
 [0 0 2 0 0 0]
 [0 0 0 6 0 0]
 [0 0 0 0 3 0]
 [0 0 1 0 0 1]]";0.36568457538994803;0.26551710253891514;"[[163  64   2   0  33   0]
 [123 300   3   0  35   0]
 [247  77   6   0  10   0]
 [352  75   0   6  43   0]
 [ 41  15   0   0 368   0]
 [172  53   2   0 117   1]]";0.3086913086913087;0.2328797658998211;"[[ 27  30   2   0  21   0]
 [ 37 121   2   0  17   0]
 [133  54   3   1  10   0]
 [159  28   1   4  19   0]
 [ 16   9   0   0 154   0]
 [ 76  20   3   0  54   0]]";18;[2 3 2 6 3 2]
75;CiteSeer;own;1;0.2;64;0.5;1;0.005;649695571;0.9166666666666666;0.9144781144781146;"[[4 0 0 0 0 0]
 [0 4 1 0 0 0]
 [0 0 2 0 0 0]
 [1 0 0 5 0 0]
 [0 0 0 0 3 0]
 [0 0 0 0 0 4]]";0.38271068635968725;0.2668571123702663;"[[143  71   0   0  48   0]
 [ 89 335   0   0  45   0]
 [187 126   7   0  14   0]
 [295 109   0   5  63   0]
 [ 17  17   0   0 389   0]
 [190  31   1   0 118   2]]";0.3106893106893107;0.22366753304147702;"[[ 19  39   1   0  21   0]
 [ 37 119   1   0  20   0]
 [105  83   1   1  11   0]
 [140  40   0   3  28   0]
 [  4   7   0   0 168   0]
 [ 97   9   0   0  46   1]]";24;[4 5 2 6 3 4]
76;CiteSeer;own;1;0.2;64;0.5;1;0.005;649695571;0.9333333333333333;0.9360835243188185;"[[3 0 0 1 0 0]
 [0 5 0 0 0 0]
 [0 0 2 0 0 0]
 [0 0 0 8 0 0]
 [0 0 0 0 5 0]
 [0 1 0 0 0 5]]";0.37761324041811845;0.24962403550656023;"[[115  81   0   0  61   0]
 [ 53 336   0   0  77   0]
 [145 161   5   0  23   0]
 [231 141   0   4  92   0]
 [ 10  17   0   0 405   0]
 [165  40   0   0 132   2]]";0.3046953046953047;0.20768957941522123;"[[ 14  42   1   0  23   0]
 [ 24 113   1   0  39   0]
 [ 91  93   1   1  15   0]
 [117  44   0   4  46   0]
 [  3   4   0   0 172   0]
 [ 88   9   0   0  55   1]]";30;[4 5 2 8 5 6]
77;CiteSeer;own;1;0.2;64;0.5;1;0.005;649695571;0.9166666666666666;0.9104886659234485;"[[ 3  1  0  1  0  0]
 [ 0  5  0  0  0  0]
 [ 0  0  3  0  0  0]
 [ 0  0  0 11  0  0]
 [ 0  0  0  0  5  0]
 [ 0  1  0  0  0  6]]";0.4558951965065502;0.3795230046208269;"[[112  81   0   3  57   3]
 [ 57 310   0   5  85   9]
 [155 139   4  10  23   2]
 [135  88   0 151  90   2]
 [  9  13   0   3 404   2]
 [122  31   0  10 112  63]]";0.3916083916083916;0.33722376308297136;"[[ 12  41   1   2  23   1]
 [ 27  97   1   1  47   4]
 [ 89  87   0   4  16   5]
 [ 61  28   0  80  42   0]
 [  2   6   0   0 170   1]
 [ 59   9   0   0  52  33]]";36;[ 5  5  3 11  5  7]
78;CiteSeer;own;1;0.2;64;0.5;1;0.005;649695571;0.9523809523809523;0.946094191708227;"[[ 5  0  0  1  0  0]
 [ 0  5  0  0  0  0]
 [ 0  0  3  0  0  1]
 [ 0  0  0 13  0  0]
 [ 0  0  0  0  5  0]
 [ 0  0  0  0  0  9]]";0.45884413309982486;0.41136208561191495;"[[ 96  70   0  10  42   1]
 [ 72 308   0   4  73   6]
 [199 115  18  18  12   3]
 [147  69   2 233  25   1]
 [ 38  31   0  29 321   0]
 [157  22   0  16  74  72]]";0.3866133866133866;0.3464696226044703;"[[ 21  38   1   6  14   0]
 [ 35  98   1   5  37   1]
 [ 98  80   1   5  14   3]
 [ 60  23   1 109  18   0]
 [ 17   9   0  22 131   0]
 [ 79   9   0   2  36  27]]";42;[ 6  5  4 13  5  9]
79;CiteSeer;own;1;0.2;64;0.5;1;0.005;649695571;0.9791666666666666;0.9814323607427055;"[[ 6  0  0  0  0  0]
 [ 0  7  0  0  0  0]
 [ 0  0  5  0  0  0]
 [ 1  0  0 14  0  0]
 [ 0  0  0  0  6  0]
 [ 0  0  0  0  0  9]]";0.5162423178226514;0.47269670528136687;"[[ 90  51   4   9  52   3]
 [ 49 308   4   6  82   3]
 [159  95  79  21  27   3]
 [105  44   8 241  71   2]
 [ 15  10   0  16 386   1]
 [134  15   8  12  93  72]]";0.43456543456543456;0.3973508654683095;"[[ 19  33   1   4  23   0]
 [ 18 100  12   8  37   2]
 [ 71  74  30  10  14   2]
 [ 47  14   8 109  33   0]
 [ 11   7   0  12 149   0]
 [ 75   9   1   1  39  28]]";48;[ 6  7  5 15  6  9]
80;CiteSeer;own;1;0.2;64;0.5;1;0.005;649695571;0.9814814814814815;0.9818031430934656;"[[ 6  0  0  1  0  0]
 [ 0  7  0  0  0  0]
 [ 0  0  7  0  0  0]
 [ 0  0  0 15  0  0]
 [ 0  0  0  0  7  0]
 [ 0  0  0  0  0 11]]";0.5554577464788732;0.5297746498574477;"[[ 77  45  18   5  54   6]
 [ 27 291  35   2  81  13]
 [ 81  88 186  10  19   9]
 [129  42  50 189  52   5]
 [ 15   6   5   8 388   5]
 [ 81  11  23   5  80 131]]";0.4695304695304695;0.4471952550336245;"[[ 16  26   5   2  28   3]
 [ 13  96  24   3  38   3]
 [ 48  67  65   2  13   6]
 [ 60  12  25  90  23   1]
 [ 10   2   3  11 151   2]
 [ 46   8   9   0  38  52]]";54;[ 7  7  7 15  7 11]
81;CiteSeer;own;1;0.2;64;0.5;1;0.005;649695571;0.9833333333333333;0.9854341736694678;"[[ 8  0  0  0  0  0]
 [ 0  8  0  0  0  0]
 [ 0  0  7  0  0  0]
 [ 1  0  0 17  0  0]
 [ 0  0  0  0  8  0]
 [ 0  0  0  0  0 11]]";0.6081200353045013;0.571464818680369;"[[ 77  51   7  12  55   1]
 [ 31 316  18   6  73   3]
 [ 84  96 159  29  17   5]
 [ 39  46  34 310  40   2]
 [  7   8   5  12 391   3]
 [ 69  18  25  11  81 125]]";0.5274725274725275;0.48745640392288897;"[[ 16  30   4   5  24   1]
 [ 17 107  15   4  33   1]
 [ 36  71  67  13  11   3]
 [ 25  15  14 141  16   0]
 [ 10   4   3  12 150   0]
 [ 35  12  14   3  42  47]]";60;[ 8  8  7 18  8 11]
82;CiteSeer;own;1;0.2;64;0.5;1;0.005;649695571;0.9696969696969697;0.9650075414781297;"[[ 8  0  0  0  0  0]
 [ 0  7  1  0  0  0]
 [ 0  0  8  0  0  0]
 [ 1  0  0 19  0  0]
 [ 0  0  0  0  9  0]
 [ 0  0  0  0  0 13]]";0.6353982300884956;0.5972219109466189;"[[ 67  34   7  18  67   3]
 [ 24 271  22  15  92  17]
 [ 82  73 153  47  17  16]
 [ 24  25  21 365  33   7]
 [  4   7   1  16 393   9]
 [ 35   7  16  15  70 187]]";0.5464535464535465;0.5059522603328269;"[[ 16  23   3  12  25   1]
 [ 13  79  16  14  48   7]
 [ 39  65  56  16  15  10]
 [ 18   6  10 159  17   1]
 [  7   1   3  15 150   3]
 [ 18   6   8   4  30  87]]";66;[ 8  8  8 20  9 13]
83;CiteSeer;own;1;0.2;64;0.5;1;0.005;649695571;0.9722222222222222;0.9694618718912319;"[[ 7  0  0  1  0  0]
 [ 0  8  0  0  0  1]
 [ 0  0 10  0  0  0]
 [ 0  0  0 21  0  0]
 [ 0  0  0  0 10  0]
 [ 0  0  0  0  0 14]]";0.6805678793256433;0.602722287879863;"[[ 12  36  34  22  42  15]
 [  1 239  52  28  68  31]
 [ 16  66 277  54  11  11]
 [  2  17  26 401  23   9]
 [  0   5   6  15 382  23]
 [  0   8  35  17  47 223]]";0.6193806193806194;0.5469898324938588;"[[  3  21  11  15  25   5]
 [  1  88  27  15  38   8]
 [  4  52 111  18   9   7]
 [  0   6  15 168  17   5]
 [  4   2   5  14 145   9]
 [  1   7  16   6  18 105]]";72;[ 8  9 10 21 10 14]
84;CiteSeer;own;1;0.2;64;0.5;1;0.005;649695571;0.9871794871794872;0.9851851851851853;"[[ 7  0  0  1  0  0]
 [ 0 10  0  0  0  0]
 [ 0  0 11  0  0  0]
 [ 0  0  0 22  0  0]
 [ 0  0  0  0 10  0]
 [ 0  0  0  0  0 17]]";0.6899466192170819;0.6168397401943602;"[[ 15  48  12  43  31   9]
 [  0 284  28  39  49  14]
 [  8  80 253  80   9   5]
 [  2  22  12 427  19   7]
 [  0  10   3  26 360  23]
 [  0  10  31  35  42 212]]";0.6223776223776224;0.5492252333457399;"[[  3  20   4  27  22   4]
 [  1 107  18  18  27   6]
 [  1  59 101  29   9   2]
 [  0   9   8 180   9   5]
 [  3   7   3  21 135  10]
 [  1   8  14  17  16  97]]";78;[ 8 10 11 22 10 17]
85;CiteSeer;own;1;0.2;64;0.5;1;0.005;649695571;0.9761904761904762;0.9650793650793651;"[[ 6  0  2  0  0  0]
 [ 0 10  0  0  0  0]
 [ 0  0 14  0  0  0]
 [ 0  0  0 22  0  0]
 [ 0  0  0  0 11  0]
 [ 0  0  0  0  0 19]]";0.6636931311329171;0.5859392373416387;"[[  9  41   9  21  45  28]
 [  0 244  30  28  70  37]
 [  0  77 268  72  14   8]
 [  0  20  15 360  73  13]
 [  0   3   3  13 370  37]
 [  0   8  26  18  45 237]]";0.5904095904095904;0.5222369303540043;"[[  3  13   1  15  36  12]
 [  0  93  16  10  45  13]
 [  1  51  99  30  12   8]
 [  2   5  10 150  36   8]
 [  3   5   2  13 140  16]
 [  0   7  14   6  20 106]]";84;[ 8 10 14 22 11 19]
86;CiteSeer;own;1;0.2;64;0.5;1;0.005;649695571;1.0;1.0;"[[10  0  0  0  0  0]
 [ 0 10  0  0  0  0]
 [ 0  0 16  0  0  0]
 [ 0  0  0 23  0  0]
 [ 0  0  0  0 12  0]
 [ 0  0  0  0  0 19]]";0.6636851520572451;0.5966116843431097;"[[ 15  45  11  13  55  11]
 [  1 251  39  15  72  20]
 [  0  84 284  61  17   3]
 [  2  22  20 346  80  11]
 [  0   4   4   8 376  34]
 [  0  10  37  14  59 212]]";0.5974025974025974;0.5371052174365342;"[[  5  16   6  12  35   6]
 [  2 102  21   6  42   4]
 [  1  50 108  26  12   4]
 [  1   8  12 147  37   6]
 [  4   8   3  10 141  13]
 [  1   8  20   5  24  95]]";90;[10 10 16 23 12 19]
87;CiteSeer;own;1;0.2;64;0.5;1;0.005;649695571;1.0;1.0;"[[13  0  0  0  0  0]
 [ 0 11  0  0  0  0]
 [ 0  0 16  0  0  0]
 [ 0  0  0 24  0  0]
 [ 0  0  0  0 12  0]
 [ 0  0  0  0  0 20]]";0.6919282511210763;0.6373788905254091;"[[ 26  58   6  10  37  13]
 [  4 301  27   6  41  19]
 [  0  96 276  58  12   4]
 [  1  33  17 354  64  12]
 [  0  11   7   9 363  35]
 [  0  21  29  13  44 223]]";0.6153846153846154;0.5617345489176696;"[[  8  24   5   9  30   4]
 [  2 116  16   3  34   6]
 [  2  55 106  23  11   4]
 [  0  13  13 147  31   7]
 [  4  11   3  10 137  14]
 [  3  10  20   2  16 102]]";96;[13 11 16 24 12 20]
88;CiteSeer;own;1;0.2;64;0.5;1;0.005;649695571;0.9803921568627451;0.9803769914511885;"[[13  0  0  0  0  0]
 [ 0 12  0  0  0  0]
 [ 0  0 17  0  0  0]
 [ 1  0  0 24  0  0]
 [ 0  0  0  0 13  1]
 [ 0  0  0  0  0 21]]";0.6964928057553957;0.6374603198586336;"[[ 23  48  11   8  48  12]
 [  2 259  36   6  55  23]
 [  0  65 319  53  14   8]
 [  1  22  26 337  78   9]
 [  0   7   6   3 383  33]
 [  0   8  27  11  55 228]]";0.6263736263736264;0.5688306574181908;"[[  7  18   7   7  36   5]
 [  3 105  19   2  40   8]
 [  1  41 120  23  12   4]
 [  1   9  16 145  34   6]
 [  4   7   3   7 147  11]
 [  1   6  16   3  24 103]]";102;[13 12 17 25 14 21]
89;CiteSeer;own;1;0.2;64;0.5;1;0.005;649695571;0.9907407407407407;0.9907067742724384;"[[14  0  0  0  0  0]
 [ 0 13  0  0  0  0]
 [ 0  0 17  0  0  0]
 [ 0  0  0 26  0  0]
 [ 0  0  0  0 14  1]
 [ 0  0  0  0  0 23]]";0.6956717763751127;0.6349429815525176;"[[ 22  57   9   8  41  12]
 [  5 276  33   5  40  22]
 [  0  81 307  52  11   8]
 [  1  33  27 336  68   8]
 [  1   7   8   3 379  33]
 [  0  13  28  12  49 223]]";0.6243756243756243;0.5622718759293032;"[[  5  29   4   7  33   2]
 [  3 111  18   2  34   9]
 [  1  52 112  22  10   4]
 [  1  12  13 147  33   5]
 [  4   9   3   6 148   9]
 [  1   8  17   3  22 102]]";108;[14 13 17 26 15 23]
90;CiteSeer;own;1;0.2;64;0.5;1;0.005;649695571;1.0;1.0;"[[17  0  0  0  0  0]
 [ 0 14  0  0  0  0]
 [ 0  0 17  0  0  0]
 [ 0  0  0 27  0  0]
 [ 0  0  0  0 15  0]
 [ 0  0  0  0  0 24]]";0.6952983725135624;0.6459840340681108;"[[ 36  36  11   7  44  12]
 [ 14 258  31   8  41  28]
 [  9  69 309  56   9   7]
 [  4  26  28 341  66   7]
 [  2   7   5   6 381  30]
 [ 13  11  24  22  41 213]]";0.6203796203796204;0.5791084261694609;"[[ 15  21   2   7  32   3]
 [ 12 100  19   2  33  11]
 [  3  50 111  23  10   4]
 [  2  11  14 147  32   5]
 [  5   7   3  10 148   6]
 [  8   7  14   5  19 100]]";114;[17 14 17 27 15 24]
91;CiteSeer;own;1;0.2;64;0.5;1;0.005;649695571;0.9916666666666667;0.9899793692897142;"[[19  0  0  0  0  0]
 [ 0 14  1  0  0  0]
 [ 0  0 19  0  0  0]
 [ 0  0  0 27  0  0]
 [ 0  0  0  0 15  0]
 [ 0  0  0  0  0 25]]";0.729827742520399;0.6667620212259823;"[[ 24  41   7   8  41  19]
 [  6 267  36   5  33  28]
 [  2  28 391  37   7  14]
 [  1  19  37 324  66  17]
 [  0  12   9   4 359  39]
 [  1   7  26  10  36 245]]";0.6553446553446554;0.5996829866210351;"[[ 10  14   7   7  34   8]
 [  5  99  22   4  35  12]
 [  1  26 146  15   9   4]
 [  6   6  18 145  29   7]
 [  4  11   4   6 142  12]
 [  3   6  15   1  14 114]]";120;[19 15 19 27 15 25]
92;CiteSeer;own;1;0.2;64;0.5;1;0.005;649695571;1.0;1.0;"[[20  0  0  0  0  0]
 [ 0 16  0  0  0  0]
 [ 0  0 20  0  0  0]
 [ 0  0  0 29  0  0]
 [ 0  0  0  0 16  0]
 [ 0  0  0  0  0 25]]";0.7318181818181818;0.6702616565598185;"[[ 25  38   8  11  40  17]
 [  8 260  39   9  30  27]
 [  0  35 373  46   7  14]
 [  1  18  29 342  64  11]
 [  0  11   5   5 362  40]
 [  1   6  25  16  29 248]]";0.6473526473526473;0.5899794255467224;"[[  9  13   9   8  34   7]
 [  7  94  21   8  36  11]
 [  1  28 140  19   9   4]
 [  5   5  16 148  30   7]
 [  4  10   4   6 141  14]
 [  2   6  15   3  11 116]]";126;[20 16 20 29 16 25]
93;CiteSeer;own;1;0.2;64;0.5;1;0.005;649695571;0.9924242424242424;0.9932027189124351;"[[20  0  0  1  0  0]
 [ 0 18  0  0  0  0]
 [ 0  0 21  0  0  0]
 [ 0  0  0 30  0  0]
 [ 0  0  0  0 17  0]
 [ 0  0  0  0  0 25]]";0.7174111212397447;0.6647859040525542;"[[ 29  46  10   8  31  12]
 [  9 289  57   9  25  14]
 [  2  59 329  34   6   7]
 [  3  24  47 327  57  10]
 [  0  14   7   7 365  32]
 [  4   9  30  15  32 235]]";0.6493506493506493;0.5981735652617627;"[[ 11  16  11   8  30   4]
 [  6 107  29   3  24   8]
 [  2  37 135  15   9   3]
 [  4   6  23 145  26   7]
 [  4  10   5   6 144  10]
 [  5   9  18   2  11 108]]";132;[21 18 21 30 17 25]
94;CiteSeer;own;1;0.2;64;0.5;1;0.005;649695571;0.9927536231884058;0.9937216602720613;"[[23  0  0  0  0  0]
 [ 0 18  0  0  0  0]
 [ 0  0 22  0  0  0]
 [ 1  0  0 30  0  0]
 [ 0  0  0  0 17  0]
 [ 0  0  0  0  0 27]]";0.726691042047532;0.6870446349368664;"[[ 46  48   5   6  32   7]
 [  6 310  36   8  28  15]
 [  5  67 305  38  12   9]
 [  6  20  30 341  58  12]
 [ 13  15   6   7 361  18]
 [ 11  11  25   8  36 227]]";0.6383616383616384;0.595831876703329;"[[ 15  21   6   8  28   2]
 [  6 111  20   5  27   8]
 [  5  41 123  19   9   4]
 [  6   8  17 147  26   7]
 [  7  12   4   6 139  11]
 [  6   9  19   3  12 104]]";138;[23 18 22 31 17 27]
95;CiteSeer;own;1;0.2;64;0.5;1;0.005;649695571;1.0;1.0;"[[24  0  0  0  0  0]
 [ 0 18  0  0  0  0]
 [ 0  0 25  0  0  0]
 [ 0  0  0 32  0  0]
 [ 0  0  0  0 17  0]
 [ 0  0  0  0  0 28]]";0.724564619615032;0.6849750769110354;"[[ 42  46   2   9  34   8]
 [  2 312  32   7  34  16]
 [  2  79 297  37  10   9]
 [  1  29  27 336  62  12]
 [ 13  13   6   7 363  18]
 [  7  10  25   8  36 231]]";0.6303696303696303;0.5821156361396087;"[[ 11  21   5   8  29   6]
 [  3 112  18   4  34   6]
 [  2  46 121  18  10   4]
 [  2   8  17 145  32   7]
 [  8  12   4   7 139   9]
 [  4   9  19   3  15 103]]";144;[24 18 25 32 17 28]
96;CiteSeer;own;1;0.2;64;0.5;1;0.005;649695571;1.0;1.0;"[[24  0  0  0  0  0]
 [ 0 21  0  0  0  0]
 [ 0  0 25  0  0  0]
 [ 0  0  0 33  0  0]
 [ 0  0  0  0 18  0]
 [ 0  0  0  0  0 29]]";0.7348345588235294;0.6892952502059585;"[[ 37  40   5  12  37  10]
 [  3 319  32   8  26  18]
 [  2  79 298  35   9   9]
 [  1  24  28 347  55  11]
 [  9   9   6   8 365  22]
 [  2   9  20  10  38 233]]";0.6473526473526473;0.5932959509510435;"[[ 10  19   5  12  28   6]
 [  4 115  20   6  23   9]
 [  2  48 120  17  10   4]
 [  1   8  17 154  25   6]
 [  7  10   4   6 143   9]
 [  3   8  17   6  13 106]]";150;[24 21 25 33 18 29]
97;CiteSeer;own;1;0.2;64;0.5;1;0.005;649695571;0.9935897435897436;0.9936507936507937;"[[24  0  0  0  0  0]
 [ 0 22  0  0  0  0]
 [ 0  0 25  0  0  0]
 [ 0  0  0 34  0  0]
 [ 0  0  0  0 19  0]
 [ 0  1  0  0  0 31]]";0.7387096774193549;0.6964545361115589;"[[ 41  48   4   8  32   8]
 [  3 321  30   6  25  18]
 [  3  84 291  34   8   8]
 [  3  25  28 342  54  13]
 [ 11   8   6   7 368  19]
 [  4  11  14  10  35 240]]";0.6433566433566433;0.5878204793707255;"[[  9  21   5  12  26   7]
 [  5 118  20   4  22   8]
 [  2  52 116  16  10   5]
 [  1  10  18 151  24   7]
 [  7  10   3   6 143  10]
 [  5   8  15   5  13 107]]";156;[24 22 25 34 19 32]
98;CiteSeer;own;1;0.2;64;0.5;1;0.005;649695571;0.9876543209876543;0.9866264454499749;"[[24  0  0  0  0  0]
 [ 0 25  0  0  0  0]
 [ 0  0 25  0  1  0]
 [ 0  0  0 35  0  0]
 [ 0  0  0  0 19  0]
 [ 0  1  0  0  0 32]]";0.7458410351201479;0.70369734740089;"[[ 41  54   3   7  28   5]
 [  3 344  25   5  19   9]
 [  3  81 288  37   5  12]
 [  4  29  25 340  54  13]
 [ 10  13   7   6 362  20]
 [  3  10  18   9  33 239]]";0.6573426573426573;0.611535117648092;"[[ 14  24   3   9  25   5]
 [  5 130  16   4  19   3]
 [  4  48 116  18  10   5]
 [  2  12  16 149  24   8]
 [  7  12   4   6 140  10]
 [  5   8  15   3  13 109]]";162;[24 25 26 35 19 33]
99;CiteSeer;own;1;0.2;64;0.5;1;0.005;649695571;0.9821428571428571;0.9816563940988964;"[[24  0  0  0  0  0]
 [ 0 24  1  0  0  1]
 [ 0  0 27  0  0  0]
 [ 0  0  0 36  1  0]
 [ 0  0  0  0 21  0]
 [ 0  0  0  0  0 33]]";0.7520852641334569;0.7099074537769736;"[[ 42  50   4   7  27   9]
 [  3 339  27   5  20  11]
 [  3  60 302  39   5  16]
 [  4  30  27 338  52  12]
 [  8  13   7   6 366  17]
 [  2  11  18   8  34 236]]";0.6613386613386614;0.6147794999299495;"[[ 14  22   5   9  24   6]
 [  5 125  16   5  22   4]
 [  4  41 121  19   9   7]
 [  2  13  13 151  24   8]
 [  7  13   4   6 140   9]
 [  4   6  16   2  14 111]]";168;[24 26 27 37 21 33]
100;CiteSeer;own;1;0.2;64;0.5;1;0.005;649695571;0.9827586206896551;0.981870383420771;"[[25  0  0  0  0  0]
 [ 0 26  1  0  0  0]
 [ 0  0 27  0  0  0]
 [ 0  0  0 40  0  0]
 [ 0  0  0  0 21  0]
 [ 0  1  0  0  1 32]]";0.7681226765799256;0.7302270570766037;"[[ 48  44   5   9  27   5]
 [  3 335  28   5  20  10]
 [  3  54 306  41   6  11]
 [  3  25  25 360  46   8]
 [  8  10   6   7 371  15]
 [  3   8  14  11  39 233]]";0.6663336663336663;0.6237679028619753;"[[ 17  19   5   9  25   5]
 [  5 122  17   7  22   4]
 [  4  39 123  20  10   5]
 [  1   9  13 158  22   8]
 [  7  13   4   6 141   8]
 [  6   7  13   4  17 106]]";174;[25 27 27 40 21 34]
101;CiteSeer;own;1;0.2;64;0.5;1;0.005;649695571;0.9777777777777777;0.9788632307322755;"[[26  0  0  0  0  0]
 [ 0 27  1  0  0  0]
 [ 0  0 27  1  0  0]
 [ 0  0  1 40  0  0]
 [ 0  0  0  0 21  0]
 [ 0  1  0  0  0 35]]";0.7642124883504194;0.7258035517363738;"[[ 47  49   6   8  22   5]
 [  3 335  21   6  22  12]
 [  3  58 302  39   4  14]
 [  3  28  32 360  34  12]
 [  9  11   8   8 351  22]
 [  4   8  14   7  34 245]]";0.6723276723276723;0.6275277581976346;"[[ 16  20   4  10  22   8]
 [  5 125  17   6  19   5]
 [  3  43 123  18   9   5]
 [  2  10  15 157  18   9]
 [  7  13   4   6 140   9]
 [  4   7  13   5  12 112]]";180;[26 28 28 41 21 36]
102;CiteSeer;own;1;0.2;64;0.5;1;0.005;649695571;0.989247311827957;0.9899880379821145;"[[27  0  0  0  0  0]
 [ 0 29  0  0  0  0]
 [ 0  0 28  1  0  0]
 [ 0  0  0 43  0  0]
 [ 0  0  0  0 22  0]
 [ 0  1  0  0  0 35]]";0.7565420560747663;0.7264616232145459;"[[ 57  45   5   8  19  10]
 [  2 334  22   6  23  11]
 [  3  65 291  44   6   9]
 [  8  26  27 341  49  10]
 [ 10  10   8   7 355  22]
 [  3   9  13   8  33 241]]";0.6513486513486514;0.6159853986491849;"[[ 20  22   4   8  18   8]
 [  6 123  16   8  21   3]
 [  4  43 113  25  11   5]
 [  4   8  16 149  26   8]
 [  8  13   4   5 137  12]
 [  3   7  15   4  14 110]]";186;[27 29 29 43 22 36]
103;CiteSeer;own;1;0.2;64;0.5;1;0.005;649695571;0.9895833333333334;0.9905875396441434;"[[26  0  0  1  0  0]
 [ 0 29  0  0  0  0]
 [ 0  0 32  1  0  0]
 [ 0  0  0 44  0  0]
 [ 0  0  0  0 22  0]
 [ 0  0  0  0  0 37]]";0.7619493908153702;0.732227730981637;"[[ 58  40   6  12  18  10]
 [  2 320  26   6  23  13]
 [  3  52 313  38   6  11]
 [  8  27  31 344  38  10]
 [  9  11  11  11 348  24]
 [  3   7  17   8  27 243]]";0.6603396603396603;0.6210083231433242;"[[ 19  20   4   8  18  11]
 [  6 120  19   7  19   6]
 [  3  34 125  22  11   6]
 [  7   6  20 150  19   9]
 [  7  13   4   6 136  13]
 [  5   7  15   3  12 111]]";192;[27 29 33 44 22 37]
104;CiteSeer;own;1;0.2;64;0.5;1;0.005;649695571;0.98989898989899;0.9901766364935143;"[[26  0  0  1  0  0]
 [ 0 32  0  0  0  0]
 [ 0  0 33  0  0  0]
 [ 0  0  0 45  0  0]
 [ 0  0  0  0 24  0]
 [ 0  1  0  0  0 36]]";0.7528195488721805;0.7219775756488872;"[[ 53  42   8   8  22  10]
 [  1 321  33   6  25  10]
 [  3  72 297  30   7   7]
 [  7  31  29 339  40   9]
 [  6  11   9  12 357  19]
 [  2   9  16   5  37 235]]";0.6593406593406593;0.6178092466914038;"[[ 17  18   7   8  19  11]
 [  5 123  19   3  22   5]
 [  2  40 124  19  11   5]
 [  6  16  14 148  19   8]
 [  5  12   5   5 141  11]
 [  3   9  14   3  17 107]]";198;[27 32 33 45 24 37]
105;CiteSeer;own;1;0.2;64;0.5;1;0.005;649695571;0.9852941176470589;0.985772915028234;"[[27  0  0  1  0  0]
 [ 0 32  0  0  0  0]
 [ 0  0 34  0  0  0]
 [ 1  0  0 46  0  0]
 [ 0  0  0  0 24  0]
 [ 0  1  0  0  0 38]]";0.7554194156456173;0.7225091104491755;"[[ 53  43   5   9  17  10]
 [  1 316  34   8  24  11]
 [  8  68 296  36   3   6]
 [ 16  29  28 347  35   8]
 [  7  10   6  13 353  19]
 [  2   7  15   9  32 238]]";0.6653346653346653;0.6254829084581884;"[[ 19  19   5  10  18   9]
 [  5 125  17   3  22   5]
 [  5  39 125  16  11   5]
 [  7  10  15 153  18   8]
 [  8  12   5   6 137  11]
 [  4   8  14   5  15 107]]";204;[28 32 34 47 24 39]
106;CiteSeer;own;1;0.2;64;0.5;1;0.005;649695571;1.0;1.0;"[[28  0  0  0  0  0]
 [ 0 32  0  0  0  0]
 [ 0  0 35  0  0  0]
 [ 0  0  0 49  0  0]
 [ 0  0  0  0 26  0]
 [ 0  0  0  0  0 40]]";0.7651228733459358;0.7288105290551279;"[[ 49  39   4  16  23   6]
 [  0 313  30  13  21  11]
 [  6  60 295  43   4   9]
 [ 11  22  25 368  29   7]
 [  7   7   6  21 357  13]
 [  2   5  11  14  32 237]]";0.6613386613386614;0.6175007816390945;"[[ 16  19   4  13  23   5]
 [  4 120  17   5  26   5]
 [  3  40 121  21  12   4]
 [  6   8  14 161  15   7]
 [  6  12   4  11 133  13]
 [  4   7  13   5  13 111]]";210;[28 32 35 49 26 40]
107;CiteSeer;own;1;0.2;64;0.5;1;0.005;649695571;0.9861111111111112;0.9841134273507128;"[[28  0  0  0  0  0]
 [ 0 34  0  0  0  0]
 [ 0  0 36  0  1  0]
 [ 1  0  0 49  0  0]
 [ 1  0  0  0 26  0]
 [ 0  0  0  0  0 40]]";0.7668246445497631;0.721671420729117;"[[ 38  39   4  11  28   6]
 [  2 316  27   9  26   9]
 [  2  75 290  36   4   8]
 [  9  24  25 363  33   6]
 [  4   8   5  15 377  10]
 [  4   7  12   7  37 234]]";0.6593406593406593;0.6082669225103104;"[[ 12  19   4  14  26   5]
 [  3 123  16   3  28   4]
 [  3  43 120  20  12   3]
 [  3  12  13 161  15   7]
 [  5  11   4   9 136  14]
 [  2   7  13   5  18 108]]";216;[28 34 37 50 27 40]
108;CiteSeer;own;1;0.2;64;0.5;1;0.005;649695571;0.990990990990991;0.9911692480435597;"[[30  0  0  0  0  0]
 [ 0 33  0  0  0  1]
 [ 0  0 37  0  0  0]
 [ 1  0  0 50  0  0]
 [ 0  0  0  0 28  0]
 [ 0  0  0  0  0 42]]";0.7785171102661597;0.7410931802180497;"[[ 46  36   7   9  25   5]
 [  4 317  29   7  25   7]
 [  7  63 299  33   6   7]
 [  1  24  28 370  30   6]
 [  2   8   5  19 373  11]
 [  5   5  10   7  35 233]]";0.6573426573426573;0.6114106504217109;"[[ 14  18   6  14  24   4]
 [  5 122  19   4  23   4]
 [  3  42 126  16  11   3]
 [  2  10  18 159  16   6]
 [  6  13   5  16 130   9]
 [  5   7  13   4  17 107]]";222;[30 34 37 51 28 42]
109;CiteSeer;own;1;0.2;64;0.5;1;0.005;649695571;1.0;1.0;"[[31  0  0  0  0  0]
 [ 0 35  0  0  0  0]
 [ 0  0 38  0  0  0]
 [ 0  0  0 52  0  0]
 [ 0  0  0  0 29  0]
 [ 0  0  0  0  0 43]]";0.782650142993327;0.7451580424096886;"[[ 44  34   8  10  24   5]
 [  2 317  33   8  20  10]
 [  2  58 311  32   4   7]
 [  1  23  29 369  30   6]
 [  2   8   5  20 368  14]
 [  4   7  14   7  29 233]]";0.6533466533466533;0.607678408501201;"[[ 14  19   6  14  23   4]
 [  4 123  20   4  22   4]
 [  2  43 123  18  11   4]
 [  2   9  19 161  14   6]
 [  6  13   5  18 125  12]
 [  3   8  15   3  16 108]]";228;[31 35 38 52 29 43]
110;CiteSeer;own;1;0.2;64;0.5;1;0.005;649695571;0.9957264957264957;0.9958011861649085;"[[32  0  0  0  0  0]
 [ 0 36  0  0  0  1]
 [ 0  0 39  0  0  0]
 [ 0  0  0 54  0  0]
 [ 0  0  0  0 29  0]
 [ 0  0  0  0  0 43]]";0.7753346080305927;0.7391123367222671;"[[ 45  31   8   9  25   5]
 [  2 315  32   8  29  10]
 [  9  62 299  33   4   6]
 [  1  22  29 368  30   6]
 [  2   8   5  18 368  15]
 [  2   9  12   6  32 227]]";0.6603396603396603;0.6147994049778084;"[[ 14  19   5  16  22   4]
 [  5 122  21   3  22   4]
 [  3  44 123  16  11   4]
 [  1   9  20 160  15   6]
 [  6  13   5  16 131   8]
 [  2   8  13   3  16 111]]";234;[32 37 39 54 29 43]
111;CiteSeer;own;1;0.2;64;0.5;1;0.005;649695571;1.0;1.0;"[[34  0  0  0  0  0]
 [ 0 38  0  0  0  0]
 [ 0  0 40  0  0  0]
 [ 0  0  0 54  0  0]
 [ 0  0  0  0 30  0]
 [ 0  0  0  0  0 44]]";0.785234899328859;0.7476155901762715;"[[ 44  32   6  11  23   5]
 [  2 320  31  10  24   7]
 [  5  60 312  32   3   5]
 [  1  23  25 370  28   5]
 [  1  10   4  16 374  10]
 [  4  10  14   5  36 218]]";0.6623376623376623;0.6187878083643401;"[[ 15  21   4  13  23   4]
 [  6 122  20   4  22   3]
 [  2  39 127  18  12   3]
 [  3   9  19 159  16   5]
 [  6  13   6  16 132   6]
 [  2   9  14   3  17 108]]";240;[34 38 40 54 30 44]
112;CiteSeer;own;1;0.2;64;0.5;1;0.005;649695571;1.0;1.0;"[[34  0  0  0  0  0]
 [ 0 39  0  0  0  0]
 [ 0  0 43  0  0  0]
 [ 0  0  0 54  0  0]
 [ 0  0  0  0 30  0]
 [ 0  0  0  0  0 46]]";0.7908653846153846;0.7516712376065944;"[[ 43  30   7  11  24   6]
 [  2 319  30   9  24   6]
 [  4  55 321  29   3   5]
 [  1  24  25 368  28   6]
 [  2   9   6  15 372  11]
 [  4  11  14   4  30 222]]";0.6763236763236763;0.6323690942671283;"[[ 16  20   4  12  23   5]
 [  6 124  21   3  21   2]
 [  2  36 130  18  12   3]
 [  2  10  17 163  13   6]
 [  6  13   6  14 134   6]
 [  4   8  15   3  13 110]]";246;[34 39 43 54 30 46]
113;CiteSeer;own;1;0.2;64;0.5;1;0.005;649695571;1.0;1.0;"[[34  0  0  0  0  0]
 [ 0 40  0  0  0  0]
 [ 0  0 46  0  0  0]
 [ 0  0  0 55  0  0]
 [ 0  0  0  0 30  0]
 [ 0  0  0  0  0 47]]";0.7931533269045323;0.7496438911546971;"[[ 39  37   6   9  23   5]
 [  2 320  34   4  21   3]
 [  4  48 333  28   2   6]
 [  1  27  22 360  32   6]
 [  1  12   6  15 372   9]
 [  5  15  10   3  33 221]]";0.6793206793206793;0.6289854492259407;"[[ 13  25   3  13  21   5]
 [  5 124  25   2  20   1]
 [  2  26 140  18  12   3]
 [  1  12  15 160  16   7]
 [  5  16   4  13 134   7]
 [  4   8  15   3  14 109]]";252;[34 40 46 55 30 47]
114;CiteSeer;own;1;0.2;64;0.5;1;0.005;649695571;0.9961240310077519;0.9958301550978895;"[[34  0  0  0  0  0]
 [ 0 41  0  0  0  0]
 [ 1  0 47  0  0  0]
 [ 0  0  0 56  0  0]
 [ 0  0  0  0 31  0]
 [ 0  0  0  0  0 48]]";0.7973887814313346;0.7536224260246794;"[[ 39  36   6   9  23   5]
 [  2 317  36   6  17   4]
 [  1  42 345  27   2   5]
 [  3  27  23 358  29   6]
 [  2  10   9  16 367   9]
 [  5  12  14   4  29 223]]";0.6853146853146853;0.6401145000179451;"[[ 16  24   3  12  20   5]
 [  5 123  25   2  21   1]
 [  2  21 146  17  12   3]
 [  3  11  18 159  14   6]
 [  5  17   5  13 132   7]
 [  4   8  16   3  12 110]]";258;[34 41 48 56 31 48]
115;CiteSeer;own;1;0.2;64;0.5;1;0.005;649695571;1.0;1.0;"[[34  0  0  0  0  0]
 [ 0 42  0  0  0  0]
 [ 0  0 50  0  0  0]
 [ 0  0  0 56  0  0]
 [ 0  0  0  0 33  0]
 [ 0  0  0  0  0 49]]";0.7982541222114452;0.75278501443449;"[[ 36  35   7   9  24   5]
 [  3 311  34   6  21   7]
 [  1  41 348  27   2   5]
 [  1  27  22 354  32   6]
 [  0   9   7  15 370  10]
 [  2   8  12   5  33 227]]";0.6873126873126874;0.6407321427223082;"[[ 15  24   3  12  21   5]
 [  5 121  25   2  22   2]
 [  1  22 146  17  12   3]
 [  2  10  19 158  16   6]
 [  5  16   5  11 136   6]
 [  1   8  15   4  13 112]]";264;[34 42 50 56 33 49]
116;CiteSeer;own;1;0.2;64;0.5;1;0.005;649695571;0.9962962962962963;0.9959343760463003;"[[34  0  0  0  0  0]
 [ 0 42  0  0  0  0]
 [ 0  0 52  0  0  0]
 [ 0  0  0 58  0  0]
 [ 0  0  0  0 33  0]
 [ 1  0  0  0  0 50]]";0.8005836575875487;0.7543398989416765;"[[ 37  35   6   9  24   5]
 [  3 305  37   9  21   6]
 [  3  41 346  26   2   5]
 [  1  21  21 363  27   6]
 [  2  10   6  17 370   6]
 [  4   7  12   6  32 225]]";0.6893106893106893;0.6463157951474013;"[[ 17  21   3  12  22   5]
 [  5 119  26   3  22   2]
 [  2  22 143  19  12   3]
 [  2   8  19 162  14   6]
 [  5  16   5  12 137   4]
 [  1   8  15   4  13 112]]";270;[34 42 52 58 33 51]
117;CiteSeer;own;1;0.2;64;0.5;1;0.005;649695571;0.9963768115942029;0.9959972394755003;"[[34  0  0  0  0  0]
 [ 0 43  0  0  0  0]
 [ 0  0 53  0  0  0]
 [ 0  0  0 59  0  0]
 [ 0  0  0  0 34  0]
 [ 1  0  0  0  0 52]]";0.8029268292682927;0.7583329527660534;"[[ 38  34   5   9  24   5]
 [  3 304  37  10  20   7]
 [  3  42 344  26   2   5]
 [  1  22  21 362  26   7]
 [  2  10   7  11 375   6]
 [  2   7  11   7  32 223]]";0.6873126873126874;0.6380314619813857;"[[ 14  22   4  14  21   5]
 [  5 119  26   4  21   2]
 [  2  22 146  16  12   3]
 [  1  10  17 160  15   8]
 [  5  16   5  10 137   6]
 [  1   8  15   4  13 112]]";276;[34 43 53 59 34 53]
118;CiteSeer;own;1;0.2;64;0.5;1;0.005;649695571;0.9929078014184397;0.9923540297001922;"[[34  0  0  0  0  0]
 [ 0 43  0  0  0  0]
 [ 0  0 54  0  0  0]
 [ 0  0  0 61  0  0]
 [ 0  0  0  1 34  1]
 [ 0  0  0  0  0 54]]";0.8052837573385518;0.7584465495004019;"[[ 36  36   5  11  22   5]
 [  3 308  33  10  17   8]
 [  3  44 339  29   2   6]
 [  1  22  19 367  20   8]
 [  0  10   5  15 371   9]
 [  1   7  10   8  29 225]]";0.6733266733266733;0.6212611937581688;"[[ 12  22   4  15  21   6]
 [  4 119  26   4  20   4]
 [  2  28 139  18  11   3]
 [  1  10  16 162  13   9]
 [  5  16   4  18 130   6]
 [  1   7  15   5  13 112]]";282;[34 43 54 61 36 54]
119;CiteSeer;own;1;0.2;64;0.5;1;0.005;649695571;0.9895833333333334;0.9894930998979644;"[[35  0  0  0  0  0]
 [ 0 42  0  0  0  1]
 [ 0  0 55  0  0  0]
 [ 0  0  0 61  0  0]
 [ 0  0  0  0 36  1]
 [ 0  1  0  0  0 56]]";0.7998037291462218;0.7514861545482127;"[[ 35  36   7  10  23   5]
 [  3 301  34   6  18  11]
 [  3  41 334  28   2  10]
 [  1  20  20 358  24  12]
 [  0  13   7  10 371   9]
 [  1   7  12   2  33 231]]";0.6863136863136863;0.6343670326401402;"[[ 13  22   3  14  22   6]
 [  4 119  26   4  20   4]
 [  2  23 145  15  12   4]
 [  1  10  18 161  12   9]
 [  5  16   5  10 134   9]
 [  1   8  12   3  14 115]]";288;[35 43 55 61 37 57]
120;CiteSeer;own;1;0.2;64;0.5;1;0.005;649695571;0.9965986394557823;0.9964227642276423;"[[37  0  0  0  0  0]
 [ 0 43  0  0  0  0]
 [ 0  0 56  0  0  0]
 [ 1  0  0 61  0  0]
 [ 0  0  0  0 38  0]
 [ 0  0  0  0  0 58]]";0.8016732283464567;0.7532316837046116;"[[ 36  35   7  11  22   5]
 [  4 301  32   7  20  10]
 [  4  42 327  31   2  10]
 [  1  18  19 363  21  11]
 [  3  13   5  11 369   7]
 [  2   7   9   4  30 233]]";0.6863136863136863;0.6428186005960382;"[[ 17  22   3  11  21   6]
 [  5 120  25   3  20   4]
 [  2  29 139  16  11   4]
 [  3   8  18 163  12   7]
 [  5  16   4  14 131   9]
 [  1   7  11   4  13 117]]";294;[37 43 56 62 38 58]
121;CiteSeer;own;1;0.2;64;0.5;1;0.005;649695571;0.9933333333333333;0.99318506088169;"[[38  0  0  0  0  0]
 [ 0 44  0  0  0  0]
 [ 0  0 57  0  0  0]
 [ 0  0  0 62  0  0]
 [ 0  0  0  0 38  0]
 [ 1  1  0  0  0 59]]";0.807502467917078;0.760201761902544;"[[ 37  34   6  10  23   5]
 [  4 303  32   6  20  11]
 [  5  39 332  27   2   9]
 [  1  17  22 361  21  10]
 [  2  10   7  10 371   7]
 [  1   7   9   2  31 232]]";0.6853146853146853;0.6437058598664137;"[[ 18  19   4  11  23   5]
 [  5 120  25   3  20   4]
 [  3  29 137  16  11   5]
 [  2   8  18 163  13   7]
 [  5  14   5  15 131   9]
 [  2   7  10   4  13 117]]";300;[38 44 57 62 38 61]
122;CiteSeer;own;1;0.2;64;0.5;1;0.005;649695571;0.9934640522875817;0.9929677729677729;"[[37  0  0  0  0  1]
 [ 0 44  0  0  0  0]
 [ 0  0 59  0  0  0]
 [ 0  0  0 64  0  0]
 [ 0  0  0  0 38  1]
 [ 0  0  0  0  0 62]]";0.801980198019802;0.7561727432316667;"[[ 35  34   7   8  20   7]
 [  3 295  34  10  18   9]
 [  1  48 335  26   2   9]
 [  1  19  22 360  20  10]
 [  2  11   6  18 364   7]
 [  0   7   9   6  26 231]]";0.6843156843156843;0.6344235973397853;"[[ 13  23   4  13  21   6]
 [  2 121  26   6  18   4]
 [  1  31 138  16  11   4]
 [  1   9  20 161  12   8]
 [  4  14   6  15 133   7]
 [  0   7  12   4  11 119]]";306;[38 44 59 64 39 62]
123;CiteSeer;own;1;0.2;64;0.5;1;0.005;649695571;1.0;1.0;"[[38  0  0  0  0  0]
 [ 0 44  0  0  0  0]
 [ 0  0 60  0  0  0]
 [ 0  0  0 66  0  0]
 [ 0  0  0  0 40  0]
 [ 0  0  0  0  0 64]]";0.8038728897715988;0.7569416869486707;"[[ 35  33   7   9  21   6]
 [  3 284  40  11  19   8]
 [  2  41 340  26   2   9]
 [  2  19  18 362  23   9]
 [  1  10   8  11 370   8]
 [  0   8  11   8  22 228]]";0.6943056943056943;0.6482277472040878;"[[ 16  22   4  10  23   5]
 [  4 117  27   7  18   4]
 [  2  19 148  16  12   4]
 [  1   9  18 161  15   7]
 [  4  14   5  12 136   8]
 [  1   7  13   4  11 117]]";312;[38 44 60 66 40 64]
124;CiteSeer;own;1;0.2;64;0.5;1;0.005;649695571;1.0;1.0;"[[40  0  0  0  0  0]
 [ 0 44  0  0  0  0]
 [ 0  0 62  0  0  0]
 [ 0  0  0 67  0  0]
 [ 0  0  0  0 41  0]
 [ 0  0  0  0  0 64]]";0.8032868525896414;0.7560846428202846;"[[ 36  26  10  10  25   6]
 [  3 269  42  17  23   6]
 [  3  34 353  25   3   6]
 [  4  18  24 358  19   7]
 [  1   7   6  10 372   9]
 [  0   7  11   7  26 225]]";0.6943056943056943;0.6478364701456133;"[[ 16  16   8  10  24   6]
 [  5 114  27   7  21   3]
 [  3  15 152  15  12   4]
 [  2   9  21 160  14   5]
 [  4  13   7  10 138   7]
 [  1   7  13   5  12 115]]";318;[40 44 62 67 41 64]
125;CiteSeer;own;1;0.2;64;0.5;1;0.005;649695571;0.9938271604938271;0.9935540069686412;"[[40  0  0  1  0  0]
 [ 0 45  0  0  0  0]
 [ 0  0 62  0  0  0]
 [ 1  0  0 69  0  0]
 [ 0  0  0  0 41  0]
 [ 0  0  0  0  0 65]]";0.8101898101898102;0.7613276071578614;"[[ 36  31   7   9  22   6]
 [  6 276  37  12  23   6]
 [  3  38 346  26   2   6]
 [  5  16  19 367  18   6]
 [  2   7   5  10 369   9]
 [  0   7  11   9  22 228]]";0.6903096903096904;0.6424774708100273;"[[ 15  18   6  11  25   5]
 [  5 115  26   8  20   3]
 [  3  20 147  15  12   4]
 [  3   8  20 161  14   5]
 [  4  13   5  12 137   8]
 [  1   7  13   5  11 116]]";324;[41 45 62 70 41 65]
126;CiteSeer;own;1;0.2;64;0.5;1;0.005;649695571;1.0;1.0;"[[41  0  0  0  0  0]
 [ 0 48  0  0  0  0]
 [ 0  0 63  0  0  0]
 [ 0  0  0 70  0  0]
 [ 0  0  0  0 41  0]
 [ 0  0  0  0  0 67]]";0.8101202404809619;0.7606361176657647;"[[ 35  34   8   9  19   6]
 [  4 278  37  14  20   5]
 [  4  41 340  27   1   6]
 [  5  15  19 369  16   6]
 [  2   8   7  10 367   8]
 [  0   7  11   8  22 228]]";0.6943056943056943;0.6479151236961112;"[[ 16  20   6  10  23   5]
 [  5 116  26   8  19   3]
 [  2  20 150  14  11   4]
 [  3   9  19 162  13   5]
 [  5  13   6  13 135   7]
 [  1   7  13   5  11 116]]";330;[41 48 63 70 41 67]
127;CiteSeer;own;1;0.2;64;0.5;1;0.005;649695571;0.9970238095238095;0.9968264667059848;"[[41  0  0  0  0  0]
 [ 0 49  0  0  0  0]
 [ 0  0 64  0  0  0]
 [ 1  0  0 71  0  0]
 [ 0  0  0  0 41  0]
 [ 0  0  0  0  0 69]]";0.8135678391959799;0.7649026916648872;"[[ 35  33   8   9  20   4]
 [  4 275  39  12  22   5]
 [  4  36 345  26   1   6]
 [  4  16  22 369  14   6]
 [  1   7   8  10 368   6]
 [  0   7  11   8  22 227]]";0.6923076923076923;0.6434335479381481;"[[ 15  19   6  12  23   5]
 [  5 113  27   7  20   5]
 [  2  18 152  14  11   4]
 [  1   7  20 164  14   5]
 [  5  12   6  14 135   7]
 [  1   7  13   5  13 114]]";336;[41 49 64 72 41 69]
128;CiteSeer;own;1;0.2;64;0.5;1;0.005;649695571;0.9912280701754386;0.9901526672275072;"[[41  1  0  1  0  0]
 [ 0 50  0  0  0  0]
 [ 0  0 65  0  0  0]
 [ 1  0  0 71  0  0]
 [ 0  0  0  0 41  0]
 [ 0  0  0  0  0 71]]";0.8140120967741935;0.7684228557527497;"[[ 36  33   9   9  17   4]
 [  4 276  42  10  19   4]
 [  3  38 345  25   1   5]
 [  4  19  26 362  14   6]
 [  1   7   9  11 365   6]
 [  0   7  11   5  20 231]]";0.6953046953046953;0.6461096411127193;"[[ 15  20   6  11  23   5]
 [  5 116  27   6  19   4]
 [  2  16 154  14  11   4]
 [  1  11  22 162  10   5]
 [  5  12   5  14 134   9]
 [  2   7  12   4  13 115]]";342;[43 50 65 72 41 71]
129;CiteSeer;own;1;0.2;64;0.5;1;0.005;649695571;0.9885057471264368;0.9871144345587547;"[[43  0  0  0  1  1]
 [ 0 50  0  0  1  0]
 [ 0  0 65  1  0  0]
 [ 0  0  0 73  0  0]
 [ 0  0  0  0 42  0]
 [ 0  0  0  0  0 71]]";0.8134479271991911;0.766688496362931;"[[ 35  32   9   9  18   3]
 [  4 274  42   9  20   5]
 [  4  35 349  27   1   5]
 [  4  18  29 357  11   6]
 [  2   6   9  12 363   6]
 [  0   7  12   4  20 231]]";0.7022977022977023;0.6523970827567405;"[[ 15  19   7  11  23   5]
 [  5 116  27   5  20   4]
 [  1  16 155  15  10   4]
 [  1   8  20 166  11   5]
 [  5  11   5  15 134   9]
 [  0   7  13   4  12 117]]";348;[45 51 66 73 42 71]
130;CiteSeer;own;1;0.2;64;0.5;1;0.005;649695571;0.9943502824858758;0.9935282907277657;"[[45  0  0  0  0  0]
 [ 0 51  0  0  1  0]
 [ 0  0 67  0  0  0]
 [ 0  0  0 73  0  0]
 [ 0  0  0  0 44  0]
 [ 1  0  0  0  0 72]]";0.8164300202839757;0.7708331341961451;"[[ 36  31   7  12  16   5]
 [  4 276  41   8  20   5]
 [  1  33 353  29   1   5]
 [  4  14  29 346  16   6]
 [  2   6   9  10 367   8]
 [  1   6  11   5  17 232]]";0.6973026973026973;0.6482665019753605;"[[ 15  18   8  11  23   5]
 [  5 116  27   6  20   3]
 [  1  17 155  13  11   4]
 [  2   8  23 161  12   5]
 [  6  10   5  14 135   9]
 [  1   7  14   3  12 116]]";354;[45 52 67 73 44 73]
131;CiteSeer;own;1;0.2;64;0.5;1;0.005;649695571;0.9944444444444445;0.9947390880402419;"[[46  0  0  0  0  0]
 [ 0 52  0  0  0  0]
 [ 0  0 68  0  0  0]
 [ 0  0  0 74  0  0]
 [ 0  0  0  0 45  0]
 [ 1  0  1  0  0 73]]";0.814852492370295;0.7683295539774879;"[[ 35  32   6  12  18   5]
 [  4 275  41   7  19   5]
 [  1  35 350  32   0   5]
 [  4  17  28 339  18   6]
 [  2   6   9   7 371   7]
 [  0   7   8   5  18 232]]";0.7012987012987013;0.6546241601648827;"[[ 16  20   6  10  23   5]
 [  5 120  26   4  19   3]
 [  1  20 152  13  11   4]
 [  1  10  25 159  12   4]
 [  6  11   6   8 139   9]
 [  1   7  14   3  12 116]]";360;[46 52 68 74 45 75]
132;CiteSeer;own;1;0.2;64;0.5;1;0.005;649695571;0.9972677595628415;0.9971562894163514;"[[47  0  0  0  0  1]
 [ 0 52  0  0  0  0]
 [ 0  0 69  0  0  0]
 [ 0  0  0 76  0  0]
 [ 0  0  0  0 45  0]
 [ 0  0  0  0  0 76]]";0.8198979591836735;0.7731359685682367;"[[ 37  31   5  12  16   6]
 [  6 273  39   7  21   5]
 [  2  25 359  31   0   5]
 [  5  15  29 337  17   7]
 [  6   5   9   7 368   6]
 [  0   4   9   5  18 233]]";0.7062937062937062;0.6627368868185054;"[[ 19  18   7   9  21   6]
 [  5 116  28   6  19   3]
 [  2  16 157  11  11   4]
 [  3   8  23 161  10   6]
 [  9  11   6   7 138   8]
 [  2   7  13   3  12 116]]";366;[48 52 69 76 45 76]
133;CiteSeer;own;1;0.2;64;0.5;1;0.005;649695571;0.9973118279569892;0.9972433268338601;"[[48  0  0  0  0  0]
 [ 0 53  1  0  0  0]
 [ 0  0 69  0  0  0]
 [ 0  0  0 78  0  0]
 [ 0  0  0  0 46  0]
 [ 0  0  0  0  0 77]]";0.8193449334698055;0.7786671507119682;"[[ 41  31   5  12  13   5]
 [  4 275  39   8  19   5]
 [  3  34 347  29   0   7]
 [  4  19  27 335  16   7]
 [  6   5   8   6 369   5]
 [  0   3   9   5  19 234]]";0.7122877122877123;0.6690238483422094;"[[ 19  19   7  10  19   6]
 [  5 122  26   3  18   3]
 [  2  17 154  11  12   5]
 [  1   9  22 165  10   4]
 [  9  11   6  11 135   7]
 [  1   7  12   3  12 118]]";372;[48 54 69 78 46 77]
134;CiteSeer;own;1;0.2;64;0.5;1;0.005;649695571;0.9947089947089947;0.9940355668290154;"[[48  1  0  0  0  0]
 [ 0 55  0  0  0  0]
 [ 0  0 70  0  0  0]
 [ 1  0  0 78  0  0]
 [ 0  0  0  0 46  0]
 [ 0  0  0  0  0 79]]";0.8213552361396304;0.7805644627144743;"[[ 42  31   6  13   9   6]
 [  7 270  41   7  19   5]
 [  2  29 346  28   1  12]
 [  2  15  27 340  15   6]
 [  8   5   7   7 365   6]
 [  0   2  11   5  16 237]]";0.7062937062937062;0.6604654955395287;"[[ 18  19   7  10  19   7]
 [  7 117  28   3  17   5]
 [  2  17 155  10  11   6]
 [  4   7  22 162   9   7]
 [ 10  11   6  11 131  10]
 [  1   4  11   2  11 124]]";378;[49 55 70 79 46 79]
135;CiteSeer;own;1;0.2;64;0.5;1;0.005;649695571;0.9921875;0.9911886293050172;"[[49  0  0  0  0  0]
 [ 0 56  1  0  0  0]
 [ 0  0 72  0  0  0]
 [ 1  0  0 78  0  0]
 [ 1  0  0  0 46  0]
 [ 0  0  0  0  0 80]]";0.8305870236869207;0.7912728552157221;"[[ 43  28   9  13  10   3]
 [  5 271  41   7  18   4]
 [  1  24 355  28   1   8]
 [  1  14  24 344  15   7]
 [ 10   4  10   5 363   5]
 [  0   2  12   4  16 237]]";0.7112887112887113;0.6624073499853932;"[[ 17  18   9  11  19   6]
 [  9 114  29   6  16   3]
 [  3   9 162  12   9   6]
 [  2   6  23 165  11   4]
 [  9  11   6   8 135  10]
 [  3   6  12   3  10 119]]";384;[49 57 72 79 47 80]
136;CiteSeer;own;1;0.2;64;0.5;1;0.005;649695571;1.0;1.0;"[[49  0  0  0  0  0]
 [ 0 57  0  0  0  0]
 [ 0  0 74  0  0  0]
 [ 0  0  0 80  0  0]
 [ 0  0  0  0 49  0]
 [ 0  0  0  0  0 81]]";0.8362603305785123;0.7964430015440831;"[[ 42  30   9  10  11   4]
 [  5 270  42   7  17   4]
 [  1  27 351  26   1   7]
 [  1  14  21 349  14   6]
 [  5   5  10   3 369   5]
 [  0   2  12   2  16 238]]";0.7162837162837162;0.6670629515942936;"[[ 17  17   9  12  19   6]
 [  7 116  28   6  17   3]
 [  2  12 157  13  11   6]
 [  1   8  17 168  11   6]
 [  7  11   6   4 141  10]
 [  2   6  13   3  11 118]]";390;[49 57 74 80 49 81]
137;CiteSeer;own;1;0.2;64;0.5;1;0.005;649695571;0.9949494949494949;0.9948466848983651;"[[48  0  0  1  0  0]
 [ 0 60  0  0  0  0]
 [ 0  0 75  0  0  0]
 [ 0  0  0 81  0  0]
 [ 0  0  0  0 50  0]
 [ 0  1  0  0  0 80]]";0.8383419689119171;0.7937251189727577;"[[ 39  26   7  11  18   4]
 [  5 276  42   5  17   3]
 [  2  26 350  27   0   6]
 [  2  15  19 352  13   3]
 [  5   6   8   4 368   5]
 [  2   2  12   2  15 233]]";0.7162837162837162;0.6714339629318663;"[[ 19  19   7  11  20   4]
 [  8 116  28   3  19   3]
 [  4  13 157  12  12   3]
 [  5   7  20 163  11   5]
 [  7  11   5   5 142   9]
 [  2   6  11   3  11 120]]";396;[49 60 75 81 50 81]
138;CiteSeer;own;1;0.2;64;0.5;1;0.005;649695571;0.9850746268656716;0.9847751417509948;"[[50  0  1  1  0  0]
 [ 0 60  0  0  0  0]
 [ 0  1 76  0  0  0]
 [ 1  0  0 80  0  0]
 [ 0  0  0  0 51  0]
 [ 0  2  0  0  0 79]]";0.8347193347193347;0.7903639980808453;"[[ 40  26   8   9  16   3]
 [  7 273  42   5  17   3]
 [  6  24 350  25   0   5]
 [  4  15  21 345  14   5]
 [  5   6   8   4 365   6]
 [  2   2  12   2  16 233]]";0.7172827172827173;0.6728231978573729;"[[ 20  18   8  10  20   4]
 [ 12 113  27   3  19   3]
 [  3   9 161  11  12   5]
 [  6   7  20 163  10   5]
 [  7  11   6   5 141   9]
 [  3   7  11   2  10 120]]";402;[52 60 77 81 51 81]
139;CiteSeer;own;1;0.2;64;0.5;1;0.005;649695571;0.9877450980392157;0.9874832669178568;"[[51  0  1  1  0  0]
 [ 0 59  1  0  0  1]
 [ 0  0 77  0  0  0]
 [ 0  0  0 82  0  0]
 [ 0  0  0  0 53  0]
 [ 0  1  0  0  0 81]]";0.8394160583941606;0.7942822580569143;"[[ 37  26   7   9  16   3]
 [  6 271  45   5  18   2]
 [  2  19 355  24   1   7]
 [  2  14  23 343  16   5]
 [  3   6   6   4 372   6]
 [  2   2  12   2  15 232]]";0.7162837162837162;0.6618996821771029;"[[ 14  19   8  12  22   5]
 [ 11 111  29   3  21   2]
 [  3   8 162  11  12   5]
 [  5   7  20 164  10   5]
 [  8  11   5   5 142   8]
 [  1   6   9   2  11 124]]";408;[53 61 77 82 53 82]
140;CiteSeer;own;1;0.2;64;0.5;1;0.005;649695571;1.0;1.0;"[[54  0  0  0  0  0]
 [ 0 62  0  0  0  0]
 [ 0  0 78  0  0  0]
 [ 0  0  0 84  0  0]
 [ 0  0  0  0 54  0]
 [ 0  0  0  0  0 82]]";0.8415271966527197;0.7989194660712929;"[[ 37  26   5  10  16   3]
 [  5 270  47   5  17   2]
 [  0  22 354  27   1   5]
 [  1  14  24 343  15   3]
 [  2   4   8   3 374   4]
 [  2   2  13   2  15 231]]";0.7192807192807192;0.6694458196183346;"[[ 16  18   8  11  23   4]
 [ 10 118  27   3  18   1]
 [  3  11 159  12  12   4]
 [  2   6  22 164  12   5]
 [ 10  11   4   6 141   7]
 [  1   6  10   3  11 122]]";414;[54 62 78 84 54 82]
141;CiteSeer;own;1;0.2;64;0.5;1;0.005;649695571;0.9880952380952381;0.988712657405161;"[[55  0  0  0  0  0]
 [ 0 62  0  0  0  1]
 [ 0  0 79  1  0  0]
 [ 2  0  0 83  0  0]
 [ 0  0  0  0 54  0]
 [ 0  0  0  1  0 82]]";0.8399790136411333;0.7948648553946014;"[[ 36  26   6  11  14   3]
 [  5 267  47   7  16   3]
 [  0  22 352  27   0   6]
 [  3  13  24 345  11   3]
 [  4   4   8   5 369   5]
 [  2   2  12   2  14 232]]";0.7152847152847153;0.6649276002777073;"[[ 16  18   8  12  22   4]
 [ 10 116  28   4  17   2]
 [  3  11 159  12  11   5]
 [  6   5  21 165   9   5]
 [ 11  11   4   6 139   8]
 [  4   6   9   3  10 121]]";420;[55 63 80 85 54 83]
142;CiteSeer;own;1;0.2;64;0.5;1;0.005;831763849;0.0;0.0;[[]];0.07910576096302666;0.024435590969455512;"[[184   0   0   0   0   0]
 [413   0   0   0   0   0]
 [467   0   0   0   0   0]
 [490   0   0   0   0   0]
 [417   0   0   0   0   0]
 [355   0   0   0   0   0]]";0.07992007992007992;0.024668516805427074;"[[ 80   0   0   0   0   0]
 [177   0   0   0   0   0]
 [201   0   0   0   0   0]
 [211   0   0   0   0   0]
 [179   0   0   0   0   0]
 [153   0   0   0   0   0]]";0;[]
143;CiteSeer;own;1;0.2;64;0.5;1;0.005;831763849;1.0;1.0;"[[1 0 0 0]
 [0 3 0 0]
 [0 0 1 0]
 [0 0 0 1]]";0.10258620689655172;0.06494355793660182;"[[179   0   0   0   5   0]
 [409   0   0   0   3   0]
 [463   0   0   0   4   0]
 [474   0   0  12   1   0]
 [369   0   0   0  47   0]
 [345   0   0   0   9   0]]";0.0979020979020979;0.05690386031728803;"[[ 79   0   0   0   1   0]
 [175   1   0   0   1   0]
 [196   0   0   1   4   0]
 [206   0   0   5   0   0]
 [167   0   0   0  12   0]
 [151   0   0   0   1   1]]";6;[0 1 0 3 1 1]
144;CiteSeer;own;1;0.2;64;0.5;1;0.005;831763849;0.9166666666666666;0.9047619047619048;"[[1 0 0 0 1]
 [0 1 0 0 0]
 [0 0 4 0 0]
 [0 0 0 2 0]
 [0 0 0 0 3]]";0.31287813310285223;0.22314953480529712;"[[ 15   0 157   0   4   4]
 [ 12   0 353   0   2  22]
 [  2   0 504   0   2   2]
 [  1   0 452  12   0   2]
 [ 10   0 293   0 100   8]
 [ 15   0 239   0  10  93]]";0.2957042957042957;0.2193845981341492;"[[  5   1  70   0   0   4]
 [  2   0 167   0   0   8]
 [  0   0 196   1   4   0]
 [  0   0 204   3   0   4]
 [ 11   0 121   0  45   2]
 [  8   0  96   0   2  47]]";12;[0 2 1 4 2 3]
145;CiteSeer;own;1;0.2;64;0.5;1;0.005;831763849;1.0;1.0;"[[3 0 0 0 0]
 [0 1 0 0 0]
 [0 0 5 0 0]
 [0 0 0 4 0]
 [0 0 0 0 5]]";0.46577123050259966;0.3512110296246549;"[[ 33   2  77   0  45  13]
 [ 42   8 251   0  48  36]
 [ 10   0 478   0  18   2]
 [ 22   2 358   8  63   9]
 [ 23   0  21   0 379  10]
 [ 31   0  87   0  63 169]]";0.42657342657342656;0.3243180455537144;"[[ 10   1  34   0  28   7]
 [ 15   3 114   0  27  18]
 [  7   0 175   0  15   4]
 [  9   4 159   3  30   6]
 [ 10   0  10   0 156   3]
 [ 12   0  32   0  29  80]]";18;[0 3 1 5 4 5]
146;CiteSeer;own;1;0.2;64;0.5;1;0.005;831763849;0.9583333333333334;0.9538461538461537;"[[1 0 0 0 0 0]
 [0 2 0 1 0 0]
 [0 0 2 0 0 0]
 [0 0 0 6 0 0]
 [0 0 0 0 5 0]
 [0 0 0 0 0 7]]";0.4895742832319722;0.3787983497035099;"[[ 54   0  69   0  34  21]
 [ 59   4 231   0  43  47]
 [ 28   0 466   0   8   5]
 [212   0 188   7  37   8]
 [ 27   0   8   0 376  20]
 [ 32   0  49   0  49 220]]";0.44955044955044954;0.35656181480249055;"[[ 17   0  25   1  28   9]
 [ 39   2  91   0  24  21]
 [ 12   0 175   0   9   5]
 [105   0  84   3  13   6]
 [ 15   0   8   0 149   7]
 [  8   0  20   0  21 104]]";24;[1 3 2 6 5 7]
147;CiteSeer;own;1;0.2;64;0.5;1;0.005;831763849;0.9666666666666667;0.9737373737373738;"[[1 0 0 0 0 0]
 [0 5 0 1 0 0]
 [0 0 3 0 0 0]
 [0 0 0 7 0 0]
 [0 0 0 0 5 0]
 [0 0 0 0 0 8]]";0.4943379790940767;0.35193856599605744;"[[ 13   1  91   0  43  30]
 [  0   7 263   0  31  68]
 [  0   0 496   0  16   6]
 [ 24   2 319   6  77  23]
 [  1   0  19   0 379  32]
 [  2   0  62   0  51 234]]";0.44455544455544455;0.3122954744291729;"[[  0   1  35   1  29  14]
 [  0   4 114   0  24  35]
 [  0   0 181   0  13   7]
 [ 14   2 145   3  31  16]
 [  3   1  14   0 148  13]
 [  1   0  23   0  20 109]]";30;[1 6 3 7 5 8]
148;CiteSeer;own;1;0.2;64;0.5;1;0.005;831763849;1.0;1.0;"[[ 1  0  0  0  0  0]
 [ 0  8  0  0  0  0]
 [ 0  0  3  0  0  0]
 [ 0  0  0 11  0  0]
 [ 0  0  0  0  5  0]
 [ 0  0  0  0  0  8]]";0.5179039301310043;0.3956536315674774;"[[ 13   8  83   0  40  34]
 [  0  24 249   0  30  64]
 [  0   1 494   1  15   5]
 [ 12  12 293  44  66  22]
 [  1   0  21   0 380  29]
 [  0   0  62   2  54 231]]";0.4785214785214785;0.3685537402881381;"[[  0   3  35   0  27  15]
 [  0  16 106   0  23  32]
 [  0   1 179   0  14   7]
 [ 10   4 134  25  26  12]
 [  3   1  13   0 150  12]
 [  1   0  21   0  22 109]]";36;[ 1  8  3 11  5  8]
149;CiteSeer;own;1;0.2;64;0.5;1;0.005;831763849;0.9523809523809523;0.9196496989600439;"[[ 1  0  0  0  0  1]
 [ 0  7  0  1  0  0]
 [ 0  0  3  0  0  0]
 [ 0  0  0 14  0  0]
 [ 0  0  0  0  5  0]
 [ 0  0  0  0  0 10]]";0.5748686514886164;0.4582130726962921;"[[ 13   1  68  18  29  45]
 [  0  10 229   2  32  94]
 [  0   1 476   8  11  20]
 [  9   0 187 180  42  32]
 [  1   0  13   3 369  42]
 [  0   0  37   5  42 265]]";0.5264735264735265;0.4155130278438996;"[[  0   1  27  11  25  16]
 [  0   7 101   7  21  41]
 [  0   0 173   3  11  14]
 [  8   0  84  86  10  23]
 [  3   1   8   5 143  19]
 [  1   0  17   0  17 118]]";42;[ 2  8  3 14  5 10]
150;CiteSeer;own;1;0.2;64;0.5;1;0.005;831763849;0.9791666666666666;0.9854341736694678;"[[ 3  0  0  0  0  0]
 [ 0  8  0  1  0  0]
 [ 0  0  4  0  0  0]
 [ 0  0  0 17  0  0]
 [ 0  0  0  0  5  0]
 [ 0  0  0  0  0 10]]";0.5956979806848113;0.486921694518935;"[[ 16   2  59  45  17  29]
 [  5  12 232  34  21  61]
 [  0   1 488  31   5   3]
 [  8   0 141 276  18   9]
 [  1   0  15  46 317  38]
 [  1   0  44  26  29 248]]";0.5484515484515484;0.44653717369024243;"[[  1   1  30  21  17  10]
 [  3  10  95  32  14  23]
 [  0   0 173  14   8   6]
 [  8   0  71 121   5   6]
 [  0   1   6  28 131  13]
 [  1   0  19   9  11 113]]";48;[ 3  9  4 17  5 10]
151;CiteSeer;own;1;0.2;64;0.5;1;0.005;831763849;1.0;1.0;"[[ 3  0  0  0  0  0]
 [ 0 11  0  0  0  0]
 [ 0  0  6  0  0  0]
 [ 0  0  0 17  0  0]
 [ 0  0  0  0  6  0]
 [ 0  0  0  0  0 11]]";0.6117957746478874;0.5139641557306429;"[[ 12  15  64  29  16  32]
 [  0  47 231  14  15  56]
 [  0   1 494  24   8   3]
 [  8   5 144 261  21  10]
 [  0   3  15  28 331  39]
 [  1   0  50  18  32 245]]";0.5584415584415584;0.4677360701078667;"[[  0   5  29  17  19  10]
 [  2  27  98  16  11  23]
 [  0   1 174  10  11   5]
 [  7   1  76 114   7   6]
 [  0   5   8  22 131  13]
 [  1   0  21   5  13 113]]";54;[ 3 11  6 17  6 11]
152;CiteSeer;own;1;0.2;64;0.5;1;0.005;831763849;1.0;1.0;"[[ 3  0  0  0  0  0]
 [ 0 12  0  0  0  0]
 [ 0  0  7  0  0  0]
 [ 0  0  0 20  0  0]
 [ 0  0  0  0  7  0]
 [ 0  0  0  0  0 11]]";0.615622241835834;0.5129268154565956;"[[  7  15  67  23  22  29]
 [  0  57 220  10  25  49]
 [  0   2 499  16  11   3]
 [  9   5 159 240  27  10]
 [  0   3  13  21 349  29]
 [  0   0  54  14  35 243]]";0.5724275724275725;0.48028718050952596;"[[  0   5  30  16  19  10]
 [  2  30  99   9  13  24]
 [  0   1 181   4  10   5]
 [  6   2  79 111   7   6]
 [  0   3   8  19 139  10]
 [  1   0  22   2  16 112]]";60;[ 3 12  7 20  7 11]
153;CiteSeer;own;1;0.2;64;0.5;1;0.005;831763849;0.9848484848484849;0.9723145071982282;"[[ 3  0  0  1  0  0]
 [ 0 13  0  0  0  0]
 [ 0  0  8  0  0  0]
 [ 0  0  0 21  0  0]
 [ 0  0  0  0  8  0]
 [ 0  0  0  0  0 12]]";0.6030973451327434;0.4868467661215872;"[[  6   7  60  28  26  35]
 [  0  29 222  13  27  68]
 [  0   2 498  14  13   6]
 [  8   3 158 240  25  14]
 [  0   2  17  16 340  40]
 [  0   0  54  10  29 250]]";0.5624375624375625;0.460716742954652;"[[  0   2  26  17  23  12]
 [  2  19 100   9  18  29]
 [  0   1 182   4   8   6]
 [  6   0  78 112   7   8]
 [  0   2  10  16 135  16]
 [  1   0  22   2  13 115]]";66;[ 4 13  8 21  8 12]
154;CiteSeer;own;1;0.2;64;0.5;1;0.005;831763849;1.0;1.0;"[[ 6  0  0  0  0  0]
 [ 0 13  0  0  0  0]
 [ 0  0  8  0  0  0]
 [ 0  0  0 23  0  0]
 [ 0  0  0  0  9  0]
 [ 0  0  0  0  0 13]]";0.6193433895297249;0.5356953536117922;"[[ 55   1  46  18  34   9]
 [100  20 175   6  28  30]
 [  9   1 491  15  14   3]
 [ 30   2 133 235  35   8]
 [  9   1  10  16 374   8]
 [ 15   0  44   8  50 221]]";0.5594405594405595;0.49068998597092217;"[[ 16   2  20  12  25   5]
 [ 51  12  77   8  17  12]
 [  5   0 177   4  12   3]
 [ 17   0  69 110   9   6]
 [ 12   2   6   9 143   7]
 [  4   0  23   2  22 102]]";72;[ 6 13  8 23  9 13]
155;CiteSeer;own;1;0.2;64;0.5;1;0.005;831763849;0.9871794871794872;0.9814471243042672;"[[ 5  0  0  1  0  0]
 [ 0 15  0  0  0  0]
 [ 0  0  9  0  0  0]
 [ 0  0  0 24  0  0]
 [ 0  0  0  0  9  0]
 [ 0  0  0  0  0 15]]";0.6516903914590747;0.5680092979418573;"[[ 10  15  54  22  39  20]
 [  0 141 146   7  38  36]
 [  0   8 493  14  12  12]
 [  6   5 162 224  24  10]
 [  0   3  10  21 372   8]
 [  1   1  52   6  51 225]]";0.5844155844155844;0.5063225243034145;"[[  1   6  23  14  26  10]
 [  4  60  60   7  26  20]
 [  0   8 172   6   9   6]
 [  4   2  85 105   7   8]
 [  1   3   9  13 146   7]
 [  1   1  25   1  24 101]]";78;[ 6 15  9 24  9 15]
156;CiteSeer;own;1;0.2;64;0.5;1;0.005;831763849;0.9523809523809523;0.9438164384400944;"[[ 5  0  0  2  0  0]
 [ 0 16  0  0  0  0]
 [ 0  0  9  0  0  0]
 [ 1  0  0 25  0  1]
 [ 0  0  0  0 10  0]
 [ 0  0  0  0  0 15]]";0.656556645851918;0.5745053471668947;"[[ 10  17  47  23  41  13]
 [  7 151 138   6  40  25]
 [  0  16 491  11  14   7]
 [ 10   4 159 233  24   6]
 [  2   3  11  20 370   7]
 [  2   2  48   9  58 217]]";0.5854145854145855;0.5150518358363153;"[[  2   9  25  12  28   4]
 [  7  63  63   6  27  11]
 [  0  11 172   4  10   4]
 [  4   3  88 105   7   4]
 [  1   3   9  15 145   6]
 [  2   1  25   1  25  99]]";84;[ 7 16  9 27 10 15]
157;CiteSeer;own;1;0.2;64;0.5;1;0.005;831763849;1.0;1.0;"[[ 8  0  0  0  0  0]
 [ 0 18  0  0  0  0]
 [ 0  0  9  0  0  0]
 [ 0  0  0 29  0  0]
 [ 0  0  0  0 10  0]
 [ 0  0  0  0  0 16]]";0.6708407871198568;0.5851728606203154;"[[  7  28  36  25  40  14]
 [  1 186 107   7  37  26]
 [  0  21 485  13  12   8]
 [  4   5 159 233  27   7]
 [  0   5  10  22 367   9]
 [  1   2  50   7  53 222]]";0.5974025974025974;0.5225320662248499;"[[  1  10  21  16  25   7]
 [  4  72  60   9  21  11]
 [  0  10 174   2  10   5]
 [  2   3  89 103   9   5]
 [  0   5   7  16 145   6]
 [  1   1  25   1  22 103]]";90;[ 8 18  9 29 10 16]
158;CiteSeer;own;1;0.2;64;0.5;1;0.005;831763849;0.9895833333333334;0.985691573926868;"[[ 8  0  0  0  0  0]
 [ 0 19  0  0  0  0]
 [ 0  0  9  0  0  0]
 [ 0  0  0 31  0  0]
 [ 0  0  0  0 10  0]
 [ 1  0  0  0  0 18]]";0.6852017937219731;0.6030811212080165;"[[  7  55  26  26  22  13]
 [  1 237  73  13  25  31]
 [  0  45 445  18   7   4]
 [  3  12 138 255  17   7]
 [  0   8  12  33 341  14]
 [  0   6  44   9  40 243]]";0.6053946053946054;0.5347800666866434;"[[  1  18  17  18  21   5]
 [  3  94  44  10  14  12]
 [  0  29 153   4   8   7]
 [  2   9  73 116   6   5]
 [  0   8   7  22 135   7]
 [  1   4  22   2  17 107]]";96;[ 8 19  9 31 10 19]
159;CiteSeer;own;1;0.2;64;0.5;1;0.005;831763849;0.9803921568627451;0.9747204150189225;"[[ 8  0  0  0  0  0]
 [ 0 19  0  0  0  0]
 [ 0  0 10  0  0  0]
 [ 1  0  0 33  0  0]
 [ 0  0  0  0 11  0]
 [ 1  0  0  0  0 19]]";0.6942446043165468;0.6046688565164239;"[[  5  51  16  21  32  20]
 [  2 231  60  17  32  37]
 [  0  50 432  17   9  11]
 [  3  10 121 261  23  14]
 [  0   6   5  17 361  18]
 [  2   6  36   6  38 254]]";0.6063936063936064;0.5361735806637394;"[[  2  17  11  17  25   8]
 [  3  93  39   5  19  18]
 [  0  42 140   1  10   8]
 [  3  12  65 116   7   8]
 [  0   6   4  14 145  10]
 [  1   3  16   1  21 111]]";102;[ 8 19 10 34 11 20]
160;CiteSeer;own;1;0.2;64;0.5;1;0.005;831763849;0.9814814814814815;0.9750009818938769;"[[ 8  0  0  1  0  0]
 [ 0 21  0  0  0  0]
 [ 0  0 11  0  0  0]
 [ 0  0  0 34  0  0]
 [ 0  0  0  0 12  0]
 [ 1  0  0  0  0 20]]";0.6952209197475203;0.6118812557146672;"[[  6  64  23  20  21  10]
 [  0 274  54   8  29  23]
 [  0  67 419  13  10   8]
 [  0  27 123 254  15  11]
 [  0  24   4  15 340  17]
 [  1  14  35   7  33 249]]";0.6053946053946054;0.5376145062449307;"[[  1  20  15  18  20   6]
 [  2 110  37   5  14   9]
 [  0  59 128   1   9   4]
 [  0  14  65 119   7   6]
 [  0  15   5  13 138   8]
 [  0   9  16   2  16 110]]";108;[ 9 21 11 34 12 21]
161;CiteSeer;own;1;0.2;64;0.5;1;0.005;831763849;0.9824561403508771;0.9787037037037036;"[[ 9  0  0  0  0  0]
 [ 0 22  0  0  0  0]
 [ 0  0 11  0  0  0]
 [ 2  0  0 35  0  0]
 [ 0  0  0  0 13  0]
 [ 0  0  0  0  0 22]]";0.6934900542495479;0.6087659450921553;"[[  6  45  27  20  23  18]
 [  1 256  58   9  31  34]
 [  0  61 424  11  10  11]
 [  0  22 121 261  16  10]
 [  1  17   5  20 335  18]
 [  1   7  38   6  37 252]]";0.5844155844155844;0.5161301725270934;"[[  1  18  15  17  22   7]
 [  3  94  39   6  17  18]
 [  0  49 130   1  10  11]
 [  1  11  68 116   8   7]
 [  0  12   6  18 133  10]
 [  0   6  17   2  17 111]]";114;[ 9 22 11 37 13 22]
162;CiteSeer;own;1;0.2;64;0.5;1;0.005;831763849;0.9916666666666667;0.9880315762668704;"[[ 8  0  0  1  0  0]
 [ 0 23  0  0  0  0]
 [ 0  0 13  0  0  0]
 [ 0  0  0 38  0  0]
 [ 0  0  0  0 14  0]
 [ 0  0  0  0  0 23]]";0.6949229374433363;0.605190127912126;"[[  5  35  30  24  22  22]
 [  0 225  72  15  29  39]
 [  0  39 440  15  12  10]
 [  0  14 112 275  20   8]
 [  0  14   9  22 339  22]
 [  0   5  36  10  37 249]]";0.5964035964035964;0.5219316132786309;"[[  1  15  16  19  21   8]
 [  2  83  44   9  19  20]
 [  0  36 144   1  10  10]
 [  0  10  56 131   9   5]
 [  0  10   6  23 130  10]
 [  0   3  19   2  21 108]]";120;[ 9 23 13 38 14 23]
163;CiteSeer;own;1;0.2;64;0.5;1;0.005;831763849;0.9841269841269841;0.9792682926829267;"[[ 9  0  0  1  0  0]
 [ 0 23  0  0  0  0]
 [ 0  0 14  0  0  0]
 [ 1  0  0 40  0  0]
 [ 0  0  0  0 15  0]
 [ 0  0  0  0  0 23]]";0.7009090909090909;0.6203164383482964;"[[ 10  33  29  27  22  15]
 [  2 220  77  14  34  32]
 [  0  33 439  20  16   8]
 [  0  12 107 278  22   8]
 [  0  10   6  20 347  22]
 [  0   5  41   8  35 248]]";0.5994005994005994;0.5253420662348706;"[[  1  13  16  19  24   7]
 [  2  85  45   9  18  18]
 [  0  36 144   3  12   6]
 [  0   8  58 130   9   6]
 [  0   8   6  20 133  12]
 [  0   2  22   2  20 107]]";126;[10 23 14 41 15 23]
164;CiteSeer;own;1;0.2;64;0.5;1;0.005;831763849;0.9848484848484849;0.9793650793650794;"[[ 9  0  0  1  0  0]
 [ 0 24  0  0  0  0]
 [ 0  0 16  0  0  0]
 [ 1  0  0 41  0  0]
 [ 0  0  0  0 16  0]
 [ 0  0  0  0  0 24]]";0.7133090246125797;0.6305871433715916;"[[ 10  35  26  28  19  17]
 [  0 220  75  14  19  40]
 [  0  29 435  22  13  15]
 [  0  12  82 311  15   9]
 [  0  13   5  24 334  27]
 [  0   4  44  13  29 255]]";0.6123876123876124;0.5344852253223272;"[[  1  13  16  21  20   9]
 [  2  84  45  10  14  22]
 [  0  30 141   5  10  15]
 [  0   8  45 145   7   6]
 [  0  11   6  21 130  11]
 [  0   2  19   3  17 112]]";132;[10 24 16 42 16 24]
165;CiteSeer;own;1;0.2;64;0.5;1;0.005;831763849;0.9927536231884058;0.9907928388746803;"[[11  0  0  0  0  0]
 [ 0 26  0  0  0  0]
 [ 0  0 18  0  0  0]
 [ 1  0  0 42  0  0]
 [ 0  0  0  0 16  0]
 [ 0  0  0  0  0 24]]";0.7180073126142597;0.632922680640673;"[[  9  44  21  26  18  15]
 [  0 230  63  16  16  41]
 [  0  29 434  18  10  22]
 [  0  11  83 306  14  14]
 [  0  15   5  24 331  28]
 [  0   6  40  12  26 261]]";0.5914085914085914;0.5164975754979109;"[[  1  15  13  20  20  11]
 [  2  84  43  11  13  24]
 [  0  30 128   5  10  28]
 [  0  12  46 142   5   6]
 [  0  12   7  21 126  13]
 [  0   2  19   4  17 111]]";138;[11 26 18 43 16 24]
166;CiteSeer;own;1;0.2;64;0.5;1;0.005;831763849;0.9791666666666666;0.9741176470588235;"[[11  0  0  0  0  0]
 [ 0 27  0  0  0  0]
 [ 0  0 20  0  0  0]
 [ 3  0  0 41  0  0]
 [ 0  0  0  0 17  0]
 [ 0  0  0  0  0 25]]";0.7314390467461045;0.6426303791336575;"[[  8  44  21  27  22   9]
 [  0 229  68  13  22  28]
 [  0  32 432  17  15  16]
 [  0  12  69 306  26  13]
 [  0  17   4  20 354  17]
 [  0   3  31  10  30 267]]";0.6033966033966034;0.5278328354858182;"[[  1  17  14  17  23   8]
 [  2  89  43   9  15  19]
 [  0  36 130   5  17  13]
 [  0  12  34 143  17   5]
 [  0  12   6  18 132  11]
 [  0   3  19   2  20 109]]";144;[11 27 20 44 17 25]
167;CiteSeer;own;1;0.2;64;0.5;1;0.005;831763849;0.98;0.9758635039533917;"[[12  0  0  1  0  0]
 [ 0 28  0  0  0  0]
 [ 0  0 20  0  0  0]
 [ 2  0  0 43  0  0]
 [ 0  0  0  0 17  0]
 [ 0  0  0  0  0 27]]";0.7352941176470589;0.6442866551606589;"[[  7  46  22  26  23   5]
 [  0 227  72  16  25  19]
 [  0  29 442  18  11  12]
 [  0  12  77 303  23  10]
 [  0  10   4  21 363  14]
 [  0   4  37   9  31 258]]";0.6033966033966034;0.5299521183264043;"[[  1  18  15  19  23   4]
 [  2  87  48  10  19  11]
 [  0  35 132   5  18  11]
 [  0  12  42 142  11   4]
 [  0  10   6  20 133  10]
 [  0   3  20   3  18 109]]";150;[13 28 20 45 17 27]
168;CiteSeer;own;1;0.2;64;0.5;1;0.005;831763849;0.9871794871794872;0.9852657004830917;"[[14  0  0  1  0  0]
 [ 0 28  0  0  0  0]
 [ 0  0 21  0  0  0]
 [ 1  0  0 45  0  0]
 [ 0  0  0  0 18  0]
 [ 0  0  0  0  0 28]]";0.7331797235023041;0.6468685346579622;"[[  9  38  24  28  21   7]
 [  0 224  72  15  25  23]
 [  0  28 434  26  10  13]
 [  0  13  74 312  18   7]
 [  0  11   4  23 356  17]
 [  0   4  38  14  26 256]]";0.6163836163836164;0.5394531798525181;"[[  1  17  14  19  23   6]
 [  2  89  48  10  16  12]
 [  0  29 134   8  15  15]
 [  0  11  38 150   8   4]
 [  0  10   6  19 134  10]
 [  0   4  19   5  16 109]]";156;[15 28 21 46 18 28]
169;CiteSeer;own;1;0.2;64;0.5;1;0.005;831763849;0.9814814814814815;0.9777562862669246;"[[15  0  1  1  0  0]
 [ 0 28  0  0  0  0]
 [ 0  0 23  0  0  0]
 [ 1  0  0 46  0  0]
 [ 0  0  0  0 19  0]
 [ 0  0  0  0  0 28]]";0.7310536044362292;0.6456944773907433;"[[ 10  38  23  27  21   8]
 [  0 215  76  15  21  28]
 [  0  23 459  18  14  14]
 [  0  10  82 305  18   6]
 [  0  13   6  22 350  15]
 [  0   2  41  15  26 243]]";0.6193806193806194;0.5448276367241384;"[[  2  14  15  19  23   7]
 [  2  85  51  11  15  13]
 [  0  23 147   6  14  11]
 [  0  10  45 145   7   4]
 [  0  11   5  20 132  11]
 [  0   3  21   4  16 109]]";162;[17 28 23 47 19 28]
170;CiteSeer;own;1;0.2;64;0.5;1;0.005;831763849;0.9821428571428571;0.9817181411084647;"[[19  0  0  0  0  0]
 [ 0 29  0  0  0  0]
 [ 0  0 24  0  0  0]
 [ 2  0  0 45  0  0]
 [ 0  0  0  0 20  0]
 [ 0  0  1  0  0 28]]";0.7469879518072289;0.6937463317204191;"[[ 36  35  16  21  22   7]
 [ 16 211  62  10  24  23]
 [  0  18 465  14  14  11]
 [  2   9  83 295  25   5]
 [  4  12   5  19 358  12]
 [  1   2  34  10  30 247]]";0.6283716283716284;0.5675371707966844;"[[  7  14  11  17  25   6]
 [ 16  80  45   9  18   9]
 [  1  18 158   5  13   6]
 [  1  11  46 139  10   4]
 [  4   8   5  17 135  10]
 [  1   2  20   4  16 110]]";168;[19 29 24 47 20 29]
171;CiteSeer;own;1;0.2;64;0.5;1;0.005;831763849;0.9770114942528736;0.9741935238142263;"[[19  0  1  1  0  0]
 [ 0 30  0  0  0  0]
 [ 0  0 25  0  0  0]
 [ 1  0  0 46  0  0]
 [ 0  0  0  0 20  0]
 [ 0  0  0  0  1 30]]";0.7616171003717472;0.7061184324014042;"[[ 32  40  15  17  23   8]
 [  2 231  57  13  22  20]
 [  0  18 469  14  14   6]
 [  3   6  80 299  26   5]
 [  1  11   3  19 364  12]
 [  0   2  33  12  31 244]]";0.6363636363636364;0.5722790373132173;"[[  6  15  10  17  26   6]
 [  8  85  49   9  18   8]
 [  1  17 158   5  14   6]
 [  1  10  45 141  10   4]
 [  2   9   5  17 138   8]
 [  0   3  19   4  18 109]]";174;[21 30 25 47 20 31]
172;CiteSeer;own;1;0.2;64;0.5;1;0.005;831763849;0.9777777777777777;0.974736581008358;"[[20  1  0  1  0  0]
 [ 0 31  0  0  0  0]
 [ 0  0 25  0  0  0]
 [ 1  0  0 48  0  0]
 [ 1  0  0  0 20  0]
 [ 0  0  0  0  0 32]]";0.7642124883504194;0.7103489282012491;"[[ 34  39  15  16  20   7]
 [  6 224  62  12  19  21]
 [  0  19 462  14  15   7]
 [  3   5  71 310  27   5]
 [  4   9   3  21 360  14]
 [  1   2  33  11  25 250]]";0.6343656343656343;0.5727132155239149;"[[  7  16  10  17  24   6]
 [  9  82  52  10  15   9]
 [  1  17 157   4  16   6]
 [  1   9  43 143  11   4]
 [  3   8   5  17 136  10]
 [  1   2  21   3  16 110]]";180;[22 31 25 49 21 32]
173;CiteSeer;own;1;0.2;64;0.5;1;0.005;831763849;0.978494623655914;0.9767354395013969;"[[22  0  0  1  0  0]
 [ 0 32  0  0  0  0]
 [ 0  0 26  0  0  0]
 [ 1  0  0 48  0  0]
 [ 1  0  0  1 21  0]
 [ 0  0  0  0  0 33]]";0.7672897196261682;0.7112987836397561;"[[ 31  37  18  15  19   9]
 [  3 228  63  10  21  20]
 [  0  17 469  13  12   5]
 [  3   9  77 302  23   5]
 [  3  11   6  18 357  15]
 [  0   4  35   7  20 255]]";0.6383616383616384;0.5765364325853374;"[[  7  15  11  16  24   7]
 [  7  84  53   8  15  10]
 [  1  16 163   4  11   6]
 [  1  11  48 138  10   3]
 [  2   9   7  14 137  10]
 [  0   2  23   3  15 110]]";186;[23 32 26 49 23 33]
174;CiteSeer;own;1;0.2;64;0.5;1;0.005;831763849;0.9895833333333334;0.9898504273504273;"[[23  0  0  1  0  0]
 [ 0 33  0  0  0  0]
 [ 0  0 26  0  0  0]
 [ 1  0  0 51  0  0]
 [ 0  0  0  0 23  0]
 [ 0  0  0  0  0 34]]";0.7755388940955952;0.7182757258345687;"[[ 31  36  16  15  17  11]
 [  7 233  57  10  17  21]
 [  0  17 465  16  10   8]
 [  3   8  73 307  19   5]
 [  4  11   4  18 351  21]
 [  0   3  29   7  16 268]]";0.6513486513486514;0.5871612592549414;"[[  7  15   9  16  25   8]
 [  8  87  48   8  16  10]
 [  1  16 162   4  11   7]
 [  1  10  40 147   9   4]
 [  3   8   5  20 132  11]
 [  0   2  19   3  12 117]]";192;[24 33 26 52 23 34]
175;CiteSeer;own;1;0.2;64;0.5;1;0.005;831763849;0.98989898989899;0.990246913580247;"[[24  0  0  2  0  0]
 [ 0 34  0  0  0  0]
 [ 0  0 27  0  0  0]
 [ 0  0  0 53  0  0]
 [ 0  0  0  0 23  0]
 [ 0  0  0  0  0 35]]";0.7763157894736842;0.7206620613204068;"[[ 32  36  17  16  13  11]
 [  8 239  57   8  15  16]
 [  0  17 473  14  10   4]
 [  3   8  80 303  13   5]
 [  4  13   4  18 343  26]
 [  1   3  32   7  17 262]]";0.6483516483516484;0.5918434230652735;"[[  9  16  12  17  20   6]
 [  8  91  47   8  15   8]
 [  2  17 162   3  12   5]
 [  1  10  48 140   8   4]
 [  3   8   6  19 131  12]
 [  1   3  19   3  11 116]]";198;[26 34 27 53 23 35]
176;CiteSeer;own;1;0.2;64;0.5;1;0.005;831763849;0.9803921568627451;0.979805996472663;"[[25  1  0  1  0  0]
 [ 1 34  0  0  0  0]
 [ 0  0 28  0  0  0]
 [ 1  0  0 53  0  0]
 [ 0  0  0  0 24  0]
 [ 0  0  0  0  0 36]]";0.7761545711592837;0.7179656820895799;"[[ 30  35  14  16  16  12]
 [  8 233  60  11  19  16]
 [  0  21 463  15  10   4]
 [  3   8  80 302  13   5]
 [  3   9   2  17 363  18]
 [  0   3  24   7  26 256]]";0.6443556443556444;0.5854261385369696;"[[  8  15   9  17  24   7]
 [  8  91  43   8  16  11]
 [  2  21 156   4  14   4]
 [  1  10  45 141  10   4]
 [  3   8   5  19 137   7]
 [  0   3  18   3  17 112]]";204;[27 35 28 54 24 36]
177;CiteSeer;own;1;0.2;64;0.5;1;0.005;831763849;0.9857142857142858;0.9853067422368276;"[[25  1  0  2  0  0]
 [ 0 36  0  0  0  0]
 [ 0  0 28  0  0  0]
 [ 0  0  0 55  0  0]
 [ 0  0  0  0 25  0]
 [ 0  0  0  0  0 38]]";0.7793005671077504;0.7238588152725715;"[[ 30  38  13  15  15   9]
 [  5 265  50  10  11  10]
 [  0  30 455  13  12   3]
 [  3  10  74 303  18   4]
 [  3  26   2  17 349  10]
 [  2  10  23   6  25 247]]";0.6443556443556444;0.5851323440521233;"[[  7  25   8  18  16   6]
 [  8 101  40   8  12   8]
 [  1  23 153   4  16   4]
 [  1  10  46 139  11   4]
 [  4  12   5  17 135   6]
 [  0   8  16   3  16 110]]";210;[28 36 28 55 25 38]
178;CiteSeer;own;1;0.2;64;0.5;1;0.005;831763849;0.9907407407407407;0.9912225705329153;"[[28  0  0  0  0  0]
 [ 0 36  0  0  0  0]
 [ 0  0 29  0  0  0]
 [ 2  0  0 54  0  0]
 [ 0  0  0  0 27  0]
 [ 0  0  0  0  0 40]]";0.7777251184834123;0.7216018369024674;"[[ 30  35  11  18  16  10]
 [  5 249  54  11  13  15]
 [  0  30 447  17  10   4]
 [  4   8  64 318  17   4]
 [  3  25   3  17 349  12]
 [  1   7  25   5  25 248]]";0.6413586413586414;0.5791396088718811;"[[  6  25   8  18  17   6]
 [  8  95  40   8  17   9]
 [  2  24 151   7  13   4]
 [  2   8  40 146  11   4]
 [  4  12   5  18 134   6]
 [  1   6  19   2  15 110]]";216;[28 36 29 56 27 40]
179;CiteSeer;own;1;0.2;64;0.5;1;0.005;831763849;0.9864864864864865;0.9863942111612415;"[[28  0  0  0  0  0]
 [ 0 36  0  0  0  0]
 [ 0  0 31  0  0  0]
 [ 2  0  0 55  0  0]
 [ 0  0  0  0 29  1]
 [ 0  0  0  0  0 40]]";0.7818441064638784;0.7249727114439682;"[[ 30  33  12  18  15  11]
 [  5 245  54  10  13  20]
 [  0  28 446  15  10   8]
 [  3   8  62 317  17   6]
 [  3  18   3  20 352  14]
 [  2   4  22   6  19 255]]";0.6383616383616384;0.5750164509874709;"[[  6  23   9  18  17   7]
 [  9  89  41   8  17  13]
 [  2  24 150   5  14   6]
 [  1   8  39 147  12   4]
 [  4  11   5  18 134   7]
 [  2   3  18   2  15 113]]";222;[28 36 31 57 30 40]
180;CiteSeer;own;1;0.2;64;0.5;1;0.005;831763849;0.9912280701754386;0.9911740558292284;"[[27  0  0  2  0  0]
 [ 0 37  0  0  0  0]
 [ 0  0 31  0  0  0]
 [ 0  0  0 57  0  0]
 [ 0  0  0  0 31  0]
 [ 0  0  0  0  0 43]]";0.7831267874165873;0.7281141845846199;"[[ 31  31  12  19  16  10]
 [  5 241  58  10  12  20]
 [  0  27 448  15  10   7]
 [  3   9  64 316  15   5]
 [  2  14   4  20 352  17]
 [  1   4  21   5  19 255]]";0.6343656343656343;0.5727575788245604;"[[  6  22  10  19  16   7]
 [  9  89  42   8  18  11]
 [  2  25 151   5  13   5]
 [  1   9  42 142  13   4]
 [  6  11   5  17 133   7]
 [  1   3  20   1  14 114]]";228;[29 37 31 57 31 43]
181;CiteSeer;own;1;0.2;64;0.5;1;0.005;831763849;0.9914529914529915;0.9914280148061563;"[[28  0  0  2  0  0]
 [ 0 37  0  0  0  0]
 [ 0  0 33  0  0  0]
 [ 0  0  0 58  0  0]
 [ 0  0  0  0 32  0]
 [ 0  0  0  0  0 44]]";0.7820267686424475;0.7256304705466355;"[[ 30  31  12  19  18   9]
 [  6 242  58   9  15  16]
 [  0  22 451  15  10   7]
 [  3   7  66 310  18   5]
 [  3  18   3  21 352  13]
 [  1   2  23   4  22 251]]";0.6333666333666333;0.5701308811830603;"[[  6  20   9  18  20   7]
 [ 10  83  43   7  21  13]
 [  2  20 154   7  14   4]
 [  1   8  40 144  14   4]
 [  6  12   5  16 134   6]
 [  1   2  20   2  15 113]]";234;[30 37 33 58 32 44]
182;CiteSeer;own;1;0.2;64;0.5;1;0.005;831763849;0.9833333333333333;0.9818531765829874;"[[29  0  0  1  1  0]
 [ 0 37  1  0  0  0]
 [ 0  0 34  0  0  0]
 [ 1  0  0 58  0  0]
 [ 0  0  0  0 33  0]
 [ 0  0  0  0  0 45]]";0.7674976030680729;0.7117612314020573;"[[ 34  32  11  18  41   8]
 [ 18 232  55   7  22  12]
 [  1  17 454  16  10   6]
 [  5   6  71 305  16   6]
 [  6  14   3  22 325  11]
 [  0   2  22   3  24 251]]";0.6323676323676324;0.5730451854060744;"[[  7  21   8  17  21   6]
 [ 16  81  41   5  25   9]
 [  3  20 156   5  13   4]
 [  3   4  43 143  14   4]
 [  9  10   5  16 134   5]
 [  1   2  20   1  17 112]]";240;[31 38 34 59 33 45]
183;CiteSeer;own;1;0.2;64;0.5;1;0.005;831763849;0.9796747967479674;0.9786633588225749;"[[32  0  0  0  0  0]
 [ 0 39  0  0  0  0]
 [ 1  0 35  0  0  0]
 [ 3  0  0 56  0  0]
 [ 1  0  0  0 32  0]
 [ 0  0  0  0  0 47]]";0.7721153846153846;0.737184585291213;"[[ 62  30  13  15  15   8]
 [ 12 229  60   8  18  15]
 [  3  20 457  15   8   4]
 [  9   7  72 301  12   6]
 [ 34  14   4  16 300  13]
 [  4   2  18   4  15 257]]";0.6193806193806194;0.5714701332190305;"[[ 11  21   8  16  19   5]
 [ 14  81  45   6  24   7]
 [  4  20 155   4  12   6]
 [  3   5  49 139  11   4]
 [ 21  11   5  16 120   6]
 [  3   2  17   1  16 114]]";246;[32 39 36 59 33 47]
184;CiteSeer;own;1;0.2;64;0.5;1;0.005;831763849;0.9841269841269841;0.9836499817318232;"[[33  0  0  0  0  0]
 [ 0 40  0  0  0  0]
 [ 0  0 36  0  0  0]
 [ 2  0  0 58  0  0]
 [ 1  0  0  1 33  0]
 [ 0  0  0  0  0 48]]";0.7700096432015429;0.7366397775490313;"[[ 62  28  13  13  17   7]
 [ 10 222  65   7  24  12]
 [  1  18 463  12  10   3]
 [  9   7  76 295  12   5]
 [ 33  12   6  16 304  12]
 [  3   2  26   2  16 251]]";0.6223776223776224;0.5758024945220656;"[[ 12  18   9  16  20   5]
 [ 12  81  46   6  25   7]
 [  4  19 160   4  10   4]
 [  3   3  52 137  12   4]
 [ 22  11   6  15 119   6]
 [  1   2  20   1  15 114]]";252;[33 40 36 60 35 48]
185;CiteSeer;own;1;0.2;64;0.5;1;0.005;831763849;0.9922480620155039;0.9922613229064842;"[[32  0  0  2  0  0]
 [ 0 42  0  0  0  0]
 [ 0  0 36  0  0  0]
 [ 0  0  0 61  0  0]
 [ 0  0  0  0 35  0]
 [ 0  0  0  0  0 50]]";0.784816247582205;0.7556045192683549;"[[ 61  32  14  11  14   7]
 [  5 232  67   7  15  12]
 [  0  18 464  10  10   5]
 [  6   8  79 290  13   8]
 [ 13  14   5  13 320  15]
 [  1   2  25   3  13 256]]";0.6263736263736264;0.5738048160726447;"[[  9  20  12  15  18   6]
 [ 12  84  46   5  20  10]
 [  2  19 159   4  11   6]
 [  1   5  55 133  12   5]
 [ 17  11   6  13 127   5]
 [  0   3  21   1  13 115]]";258;[34 42 36 61 35 50]
186;CiteSeer;own;1;0.2;64;0.5;1;0.005;831763849;0.9924242424242424;0.9925838301426116;"[[33  0  0  1  0  0]
 [ 0 43  0  0  0  0]
 [ 0  0 36  1  0  0]
 [ 0  0  0 62  0  0]
 [ 0  0  0  0 37  0]
 [ 0  0  0  0  0 51]]";0.7851600387972842;0.7376766559797608;"[[ 40  33  13  13  11   8]
 [  5 235  65   7  15  11]
 [  0  18 457  12   8   7]
 [  5  10  71 299   8  10]
 [ 28  14   8   9 331  13]
 [  0   2  25   4  10 257]]";0.6413586413586414;0.5887212250909024;"[[ 10  23  10  14  17   6]
 [  9  88  47   6  19   8]
 [  1  20 160   4   9   7]
 [  1   4  50 139  11   6]
 [ 13  13   8   9 130   6]
 [  0   3  22   1  12 115]]";264;[34 43 37 62 37 51]
187;CiteSeer;own;1;0.2;64;0.5;1;0.005;831763849;0.9925925925925926;0.9924938725490197;"[[33  0  0  2  0  0]
 [ 0 44  0  0  0  0]
 [ 0  0 37  0  0  0]
 [ 0  0  0 63  0  0]
 [ 0  0  0  0 40  0]
 [ 0  0  0  0  0 51]]";0.7947470817120622;0.7504798083396302;"[[ 41  34  13  13  10   7]
 [  4 240  59   7  18  11]
 [  0  16 454  13   9  10]
 [  4  10  64 298  13  12]
 [ 10  10   6  11 348  17]
 [  0   4  22   3  12 253]]";0.6563436563436563;0.6026985956062915;"[[ 11  24   9  14  16   6]
 [  9  91  44   5  21   7]
 [  1  19 157   4  10  10]
 [  1   5  44 143  10   8]
 [  6  12   5  10 138   8]
 [  0   3  18   1  14 117]]";270;[35 44 37 63 40 51]
188;CiteSeer;own;1;0.2;64;0.5;1;0.005;831763849;0.9782608695652174;0.976334407919926;"[[35  0  1  1  0  0]
 [ 0 44  0  0  0  0]
 [ 0  1 37  0  0  1]
 [ 1  0  0 62  0  0]
 [ 1  0  0  0 40  0]
 [ 0  0  0  0  0 52]]";0.7995121951219513;0.7567121013601326;"[[ 43  34  12  12  10   7]
 [  4 247  59   7  15   7]
 [  0  18 452  14  11   5]
 [  6  10  65 299  13   6]
 [ 16  15   4  11 341  13]
 [  0   5  17   4  11 257]]";0.6523476523476524;0.6034043275166093;"[[ 12  25   9  12  16   6]
 [ 11  94  42   6  19   5]
 [  1  20 156   4  11   9]
 [  1   5  48 142  11   4]
 [  9  16   5  10 135   4]
 [  0   4  20   1  14 114]]";276;[37 44 39 63 41 52]
189;CiteSeer;own;1;0.2;64;0.5;1;0.005;831763849;0.9929078014184397;0.9933814964157706;"[[37  0  0  0  0  0]
 [ 0 46  0  1  0  0]
 [ 0  0 39  0  0  0]
 [ 1  0  0 63  0  0]
 [ 0  0  0  0 43  0]
 [ 0  0  0  0  0 52]]";0.8091976516634051;0.766025415963802;"[[ 41  34  10  12  12   9]
 [  3 265  39   7  19  12]
 [  0  17 441  15  11   9]
 [  5   9  64 301  13   6]
 [  4  12   5  11 351  15]
 [  0   2  20   4  11 255]]";0.6673326673326674;0.6166112624947288;"[[ 12  25   8  11  18   6]
 [ 10 104  28   6  22   7]
 [  1  19 159   4  12   6]
 [  2   5  48 141  11   4]
 [  6  13   7  12 137   4]
 [  0   4  19   1  14 115]]";282;[37 47 39 64 43 52]
190;CiteSeer;own;1;0.2;64;0.5;1;0.005;831763849;0.9861111111111112;0.985594598852427;"[[38  0  0  0  0  0]
 [ 0 47  0  1  0  0]
 [ 0  0 39  0  1  0]
 [ 1  0  0 64  0  0]
 [ 1  0  0  0 44  0]
 [ 0  0  0  0  0 52]]";0.8125613346418057;0.7690787179211088;"[[ 42  35   9  11  11   8]
 [  6 261  39   7  16   8]
 [  0  19 442  15  10   6]
 [  7  11  62 299  13   5]
 [  6  17   4  11 360   6]
 [  0   2  20   5  13 252]]";0.6733266733266733;0.6242652322121627;"[[ 13  26   7  11  17   6]
 [ 13 107  28   6  17   6]
 [  1  19 158   4  12   7]
 [  6   4  45 142  11   3]
 [  7  12   7  12 139   2]
 [  0   4  19   1  14 115]]";288;[38 48 40 65 45 52]
191;CiteSeer;own;1;0.2;64;0.5;1;0.005;831763849;0.9897959183673469;0.9894254169740998;"[[38  0  0  1  0  0]
 [ 0 48  0  0  0  0]
 [ 0  0 40  0  1  0]
 [ 1  0  0 65  0  0]
 [ 0  0  0  0 48  0]
 [ 0  0  0  0  0 52]]";0.8144685039370079;0.7702010864102263;"[[ 42  34  10  11  11   8]
 [  6 254  42   7  20   7]
 [  0  18 452  10   9   4]
 [  8  10  65 295  12   5]
 [  5  11   4  11 366   4]
 [  0   2  24   5  14 246]]";0.6713286713286714;0.6226139271069823;"[[ 13  26   8  11  16   6]
 [ 13 101  32   6  20   5]
 [  1  19 160   4  12   5]
 [  6   4  47 140  11   3]
 [  4  12   6  12 143   2]
 [  0   4  21   1  12 115]]";294;[39 48 41 66 48 52]
192;CiteSeer;own;1;0.2;64;0.5;1;0.005;831763849;0.9933333333333333;0.9929274190113166;"[[38  0  0  1  0  0]
 [ 0 49  0  0  0  0]
 [ 0  0 41  0  1  0]
 [ 0  0  0 68  0  0]
 [ 0  0  0  0 49  0]
 [ 0  0  0  0  0 53]]";0.8134254689042448;0.769354484613511;"[[ 42  36  10  12  11   6]
 [  5 253  42   7  21   7]
 [  0  19 450  12   7   3]
 [  8  14  65 288  12   6]
 [  4   7   4  12 370   4]
 [  0   3  21   6  14 245]]";0.6773226773226774;0.6277736179131341;"[[ 13  27   8  11  16   5]
 [ 13 105  30   6  18   5]
 [  1  19 160   4  12   5]
 [  6   4  45 142  10   4]
 [  3  10   7  12 144   3]
 [  0   5  21   1  12 114]]";300;[39 49 42 68 49 53]
193;CiteSeer;own;1;0.2;64;0.5;1;0.005;831763849;0.9869281045751634;0.9869637171107759;"[[39  0  0  0  0  0]
 [ 1 51  0  0  0  0]
 [ 0  0 42  1  0  0]
 [ 1  1  0 66  0  0]
 [ 0  0  0  0 50  0]
 [ 0  0  0  0  0 54]]";0.810891089108911;0.7615692807498077;"[[ 36  34  10  14  11   7]
 [  5 249  42   9  20   8]
 [  0  19 449  13   8   4]
 [  5  14  66 291  11   6]
 [  3   7   4  12 366   5]
 [  1   3  20   7  14 247]]";0.6813186813186813;0.6311731150253291;"[[ 13  26   8  12  16   5]
 [ 13 105  31   7  16   5]
 [  1  18 161   4  12   5]
 [  4   5  44 146   8   4]
 [  3  10   8  12 143   3]
 [  0   4  21   1  13 114]]";306;[39 52 43 68 50 54]
194;CiteSeer;own;1;0.2;64;0.5;1;0.005;831763849;0.9967948717948718;0.9967573999702513;"[[41  0  0  0  0  0]
 [ 0 52  0  0  0  0]
 [ 0  0 45  0  0  0]
 [ 1  0  0 67  0  0]
 [ 0  0  0  0 51  0]
 [ 0  0  0  0  0 55]]";0.8113207547169812;0.763680795251378;"[[ 37  35  10  12   9   8]
 [  5 248  41  10  21   8]
 [  0  19 449  11   8   5]
 [  5  14  67 290  11   6]
 [  2   7   4  12 365   5]
 [  1   3  21   5  15 245]]";0.6813186813186813;0.631438995797862;"[[ 13  26   8  12  16   5]
 [ 13 108  28   7  16   5]
 [  1  18 160   4  12   6]
 [  4   6  45 144   8   4]
 [  3  10   9  11 143   3]
 [  0   4  21   1  13 114]]";312;[41 52 45 68 51 55]
195;CiteSeer;own;1;0.2;64;0.5;1;0.005;831763849;0.9937106918238994;0.9937085720705539;"[[42  0  0  0  0  0]
 [ 0 53  0  0  0  0]
 [ 0  0 46  0  0  0]
 [ 2  0  0 68  0  0]
 [ 0  0  0  0 52  0]
 [ 0  0  0  0  0 55]]";0.8067729083665338;0.7604348971793261;"[[ 37  33   9  14  10   6]
 [  4 244  43   9  22  10]
 [  0  19 450  11   8   6]
 [  4  13  71 285  11   8]
 [  2   8   3  12 365   6]
 [  1   3  20   5  17 239]]";0.6743256743256744;0.6247661694905815;"[[ 13  25   8  12  17   5]
 [ 13 103  31   7  17   6]
 [  1  18 159   4  12   7]
 [  3   5  46 144   8   5]
 [  3  11   9  11 142   3]
 [  0   3  21   1  14 114]]";318;[42 53 46 70 52 55]
196;CiteSeer;own;1;0.2;64;0.5;1;0.005;831763849;0.9938271604938271;0.9937766131673763;"[[42  0  0  1  0  0]
 [ 0 54  0  0  0  0]
 [ 0  0 47  0  0  0]
 [ 1  0  0 70  0  0]
 [ 0  0  0  0 53  0]
 [ 0  0  0  0  0 56]]";0.8101898101898102;0.7628805274899468;"[[ 37  36   9  14  10   5]
 [  5 249  41   7  20   7]
 [  0  18 451  12   8   4]
 [  4  12  64 289  11   6]
 [  4   8   7  13 364   4]
 [  0   3  25   6  17 232]]";0.6783216783216783;0.628694881338261;"[[ 13  25   9  12  16   5]
 [ 12 105  31   7  17   5]
 [  1  18 160   4  12   6]
 [  4   5  44 147   8   3]
 [  6  11   8  11 141   2]
 [  0   4  21   1  14 113]]";324;[43 54 47 71 53 56]
197;CiteSeer;own;1;0.2;64;0.5;1;0.005;831763849;0.990909090909091;0.9906414189308926;"[[43  0  0  1  0  0]
 [ 0 55  1  0  0  0]
 [ 0  0 47  0  0  0]
 [ 1  0  0 71  0  0]
 [ 0  0  0  0 53  0]
 [ 0  0  0  0  0 58]]";0.814128256513026;0.7671502003312177;"[[ 39  35   8  12  11   5]
 [  9 248  37   7  20   6]
 [  0  18 442  13  11   4]
 [  6  12  56 296  14   6]
 [  4   8   4  13 366   4]
 [  1   3  23   6  15 234]]";0.6863136863136863;0.6445980340873582;"[[ 18  27   7   6  17   5]
 [ 17 103  29   6  18   4]
 [  1  17 159   6  12   6]
 [  3   6  40 149  10   3]
 [  4  11   6  14 142   2]
 [  0   3  21   1  12 116]]";330;[44 56 47 72 53 58]
198;CiteSeer;own;1;0.2;64;0.5;1;0.005;831763849;0.9880952380952381;0.9881115006460598;"[[44  0  0  1  0  0]
 [ 0 58  0  0  1  0]
 [ 0  0 47  0  0  0]
 [ 1  0  1 71  0  0]
 [ 0  0  0  0 53  0]
 [ 0  0  0  0  0 59]]";0.8155778894472362;0.7711230515240443;"[[ 42  34   7  11  12   6]
 [  8 249  35   6  21   6]
 [  1  17 442  12  12   4]
 [  6   9  56 300  13   6]
 [  6   8   4  11 355   7]
 [  1   2  25   5  16 235]]";0.6923076923076923;0.6504731946823386;"[[ 18  27   7   6  17   5]
 [ 15 106  31   5  16   4]
 [  1  16 159   6  13   6]
 [  3   6  41 148  10   3]
 [  6  11   6   8 146   2]
 [  0   3  22   1  11 116]]";336;[45 59 47 73 53 59]
199;CiteSeer;own;1;0.2;64;0.5;1;0.005;831763849;0.9912280701754386;0.991333400609696;"[[48  0  0  0  0  0]
 [ 1 58  0  0  0  0]
 [ 0  0 48  0  0  0]
 [ 1  0  0 72  0  0]
 [ 0  0  0  1 53  0]
 [ 0  0  0  0  0 60]]";0.8109879032258065;0.7669347756815807;"[[ 45  33   7  12  12  11]
 [  8 242  37   8  22   6]
 [  2  17 442  11  10   4]
 [  6  10  53 298  13   6]
 [  8   8   4  13 353   5]
 [  1   2  25   4  17 229]]";0.7002997002997003;0.6652161178705251;"[[ 23  23   8   6  16   4]
 [ 17 106  31   5  14   4]
 [  1  16 160   6  12   6]
 [  3   5  41 150   9   3]
 [  7   9   6   8 147   2]
 [  0   4  22   1  11 115]]";342;[48 59 48 73 54 60]
200;CiteSeer;own;1;0.2;64;0.5;1;0.005;831763849;0.9885057471264368;0.9880624234324534;"[[46  1  0  1  0  0]
 [ 0 61  0  0  0  0]
 [ 0  0 48  0  0  0]
 [ 1  0  0 72  0  0]
 [ 0  0  0  0 56  0]
 [ 1  0  0  0  0 61]]";0.8088978766430738;0.7675840776052322;"[[ 49  33   7  11  14   6]
 [  8 236  37   8  24   8]
 [  2  17 438  12  10   4]
 [  7   9  50 298  16   6]
 [  6   9   5  13 356   4]
 [  7   4  21   2  18 223]]";0.6953046953046953;0.657774628995235;"[[ 22  24   8   5  17   4]
 [ 16 103  32   5  17   4]
 [  1  16 157   8  13   6]
 [  4   3  40 151  10   3]
 [  8   8   5   6 150   2]
 [  5   3  18   1  13 113]]";348;[48 61 48 73 56 62]
201;CiteSeer;own;1;0.2;64;0.5;1;0.005;831763849;0.9887005649717514;0.989216003303994;"[[47  0  0  2  0  0]
 [ 0 62  0  1  0  0]
 [ 0  0 48  0  0  0]
 [ 0  0  0 74  0  0]
 [ 0  0  0  0 58  0]
 [ 0  1  0  0  0 61]]";0.8098377281947262;0.772346943547031;"[[ 49  39   6  10  13   3]
 [  7 251  41   6  22   5]
 [  1  23 417  16  10   3]
 [  4  15  47 297  14   6]
 [  6  10   3  11 361   2]
 [  4   5  19   6  18 222]]";0.6873126873126874;0.6478771955285401;"[[ 19  30   7   5  17   2]
 [ 12 108  31   3  19   4]
 [  1  22 148  11  13   6]
 [  2   7  39 151   9   3]
 [  8   9   6   3 151   2]
 [  6   4  18   1  13 111]]";354;[49 63 48 74 58 62]
202;CiteSeer;own;1;0.2;64;0.5;1;0.005;831763849;0.9916666666666667;0.9916525318116226;"[[47  0  0  2  0  0]
 [ 0 63  0  0  0  0]
 [ 0  0 49  0  0  0]
 [ 0  0  0 76  0  0]
 [ 0  0  0  0 60  0]
 [ 0  0  0  0  1 62]]";0.8077314343845371;0.7698406629057226;"[[ 48  41   6   9  13   3]
 [  6 248  42   6  24   5]
 [  1  23 421   9  10   6]
 [  4  17  51 287  16   6]
 [  5   8   4  10 362   3]
 [  3   4  18   6  19 222]]";0.6823176823176823;0.6406600789319634;"[[ 17  33   6   5  16   3]
 [ 11 106  32   5  19   4]
 [  1  23 151   7  13   6]
 [  2   9  42 147   8   3]
 [  6  10   6   5 150   2]
 [  4   4  18   1  14 112]]";360;[49 63 49 76 60 63]
203;CiteSeer;own;1;0.2;64;0.5;1;0.005;831763849;0.9890710382513661;0.9884709507447907;"[[48  1  0  1  0  0]
 [ 0 64  0  0  0  0]
 [ 0  0 50  0  0  0]
 [ 1  0  0 75  0  0]
 [ 1  0  0  0 60  0]
 [ 0  0  0  0  0 65]]";0.813265306122449;0.7760086559745992;"[[ 48  42   6   8  12   3]
 [  6 254  38   6  23   4]
 [  0  22 424   9  10   4]
 [  4  16  53 286  16   5]
 [  3   8   3  10 359   4]
 [  3   4  18   5  21 223]]";0.6863136863136863;0.6406009073488382;"[[ 15  35   7   5  16   2]
 [ 12 114  28   3  16   4]
 [  1  19 153   7  14   7]
 [  2   9  42 147   8   3]
 [  4  11   6   9 146   3]
 [  4   4  17   1  15 112]]";366;[50 64 50 76 61 65]
204;CiteSeer;own;1;0.2;64;0.5;1;0.005;831763849;0.9946236559139785;0.9944221894253521;"[[50  0  0  0  0  0]
 [ 0 65  0  0  0  0]
 [ 0  0 50  0  0  0]
 [ 1  0  0 77  0  0]
 [ 0  0  0  0 61  0]
 [ 1  0  0  0  0 67]]";0.8075742067553736;0.7658889562127854;"[[ 43  39   6   8  15   4]
 [  6 249  37   8  26   5]
 [  0  22 421  11  11   3]
 [  4  14  52 287  15   6]
 [  2   8   5  12 355   5]
 [  6   2  21   5  18 223]]";0.6863136863136863;0.6431148792508686;"[[ 17  32   7   5  17   2]
 [ 13 109  26   4  20   5]
 [  1  20 154   7  12   7]
 [  2   7  41 150   8   3]
 [  4   9   6  10 144   6]
 [  2   5  17   1  15 113]]";372;[50 65 50 78 61 68]
205;CiteSeer;own;1;0.2;64;0.5;1;0.005;831763849;0.9920634920634921;0.9917557460991288;"[[50  0  0  0  0  0]
 [ 1 66  0  0  0  0]
 [ 0  0 50  0  0  0]
 [ 2  0  0 77  0  0]
 [ 0  0  0  0 61  0]
 [ 0  0  0  0  0 71]]";0.8141683778234087;0.7734025692761226;"[[ 42  38   6   9  12   5]
 [  4 253  34   5  26   5]
 [  0  23 420  11  11   3]
 [  5  14  50 288  16   5]
 [  2  10   3  10 352   4]
 [  1   3  19   5  23 231]]";0.6843156843156843;0.6417820712278414;"[[ 17  31   7   5  17   3]
 [ 12 108  27   3  22   5]
 [  1  20 154   7  12   7]
 [  2   8  41 146  10   4]
 [  4  10   6   7 144   8]
 [  0   4  18   1  14 116]]";378;[50 67 50 79 61 71]
206;CiteSeer;own;1;0.2;64;0.5;1;0.005;831763849;0.9947916666666666;0.9946223215024407;"[[50  0  0  0  0  0]
 [ 0 67  0  0  0  0]
 [ 0  0 52  0  0  0]
 [ 2  0  0 78  0  0]
 [ 0  0  0  0 62  0]
 [ 0  0  0  0  0 73]]";0.8079299691040165;0.766809451730938;"[[ 43  37   6   8  11   7]
 [  5 243  33  10  27   5]
 [  1  16 430  11   9   6]
 [  5  14  54 283  13   7]
 [  3   8   5  12 324  17]
 [  2   2  18   6  15 246]]";0.6833166833166833;0.6389920430254855;"[[ 17  32   7   5  16   3]
 [ 13 106  28   5  21   4]
 [  1  11 163   9  10   7]
 [  2   6  45 147   7   4]
 [  4   9   7   9 134  16]
 [  1   2  18   3  12 117]]";384;[50 67 52 80 62 73]
207;CiteSeer;own;1;0.2;64;0.5;1;0.005;831763849;0.9948717948717949;0.9949541656921598;"[[50  0  0  0  0  0]
 [ 0 68  0  0  0  0]
 [ 0  0 53  0  0  0]
 [ 1  0  0 79  1  0]
 [ 0  0  0  0 63  0]
 [ 0  0  0  0  0 75]]";0.8140495867768595;0.7717786161536658;"[[ 43  36   8   9  11   6]
 [  6 242  32  11  26   4]
 [  1  15 432  10   6   8]
 [  5  12  55 281  12   8]
 [  3   8   4   6 328  20]
 [  1   2  18   5  12 250]]";0.6823176823176823;0.6431468273324914;"[[ 20  29   6   6  15   4]
 [ 13 101  31   7  20   5]
 [  1  12 163   7  10   8]
 [  2   6  46 146   7   4]
 [  4   9   8   8 134  16]
 [  0   2  17   3  12 119]]";390;[50 68 53 81 63 75]
208;CiteSeer;own;1;0.2;64;0.5;1;0.005;831763849;0.9873737373737373;0.9874348476257194;"[[49  0  0  1  0  0]
 [ 0 69  0  0  1  0]
 [ 0  0 54  0  0  0]
 [ 1  0  0 80  1  0]
 [ 0  0  0  0 63  0]
 [ 0  0  0  0  1 76]]";0.8176165803108808;0.774853107281491;"[[ 41  36   8   9  12   5]
 [  5 250  33   7  23   4]
 [  1  18 424  11  10   5]
 [  4  14  54 280  13   6]
 [  3   8   4   6 330  18]
 [  2   2  17   3  11 253]]";0.6893106893106893;0.6452240924212472;"[[ 17  29   7   6  18   3]
 [ 11 110  29   2  20   5]
 [  1  14 162   6  11   7]
 [  2   8  44 147   6   4]
 [  4   9   7   8 135  16]
 [  0   2  17   3  12 119]]";396;[50 70 54 82 63 77]
209;CiteSeer;own;1;0.2;64;0.5;1;0.005;831763849;0.9900497512437811;0.9893192423053389;"[[49  0  0  1  0  0]
 [ 0 70  0  0  1  0]
 [ 0  0 55  0  0  0]
 [ 1  0  0 83  0  0]
 [ 1  0  0  0 64  0]
 [ 0  0  0  0  0 77]]";0.8201663201663202;0.7770338817298083;"[[ 40  34   7  11  12   5]
 [  4 250  37   7  22   4]
 [  1  19 422  11   7   3]
 [  4  12  52 288  10   7]
 [  3   8   4   7 330  18]
 [  1   3  17   5  11 248]]";0.6853146853146853;0.6397734567055272;"[[ 16  29   7   7  18   3]
 [ 11 107  32   5  19   3]
 [  1  15 159  10  10   6]
 [  2   7  41 150   6   5]
 [  4   9   7   7 137  15]
 [  0   3  18   3  12 117]]";402;[50 71 55 84 65 77]
210;CiteSeer;own;1;0.2;64;0.5;1;0.005;831763849;0.9950980392156863;0.9947712418300654;"[[50  0  0  1  0  0]
 [ 0 72  0  0  0  0]
 [ 0  0 56  0  0  0]
 [ 1  0  0 84  0  0]
 [ 0  0  0  0 66  0]
 [ 0  0  0  0  0 78]]";0.8180396246089676;0.7719894630479202;"[[ 38  34   7  11  13   6]
 [  4 245  37   7  23   5]
 [  1  18 424  10   6   3]
 [  4  10  52 287  10   9]
 [  3  10   5   7 329  17]
 [  1   4  16   5  11 246]]";0.6873126873126874;0.6395419714600292;"[[ 15  27   7   9  19   3]
 [ 11 108  32   7  15   4]
 [  1  12 163   9  10   6]
 [  2   7  44 146   6   6]
 [  4   9   7   7 138  14]
 [  0   3  18   1  13 118]]";408;[51 72 56 85 66 78]
211;CiteSeer;own;1;0.2;64;0.5;1;0.005;831763849;0.9903381642512077;0.9896014919093954;"[[48  0  0  3  0  0]
 [ 0 74  0  0  0  0]
 [ 0  0 56  0  0  0]
 [ 0  0  0 87  0  0]
 [ 0  0  0  0 66  0]
 [ 0  0  1  0  0 79]]";0.8185146443514645;0.7717028968478941;"[[ 36  34   8  11  12   6]
 [  5 245  37   7  21   3]
 [  1  18 418  12   8   4]
 [  3  14  50 285  12   9]
 [  1  10   4   7 334  15]
 [  0   4  15   7   9 247]]";0.6933066933066933;0.6463402342485222;"[[ 16  26   7  10  18   3]
 [ 11 110  28   8  17   3]
 [  1  10 162   9  11   8]
 [  2   7  41 149   6   6]
 [  4   9   6   7 141  12]
 [  0   4  19   2  12 116]]";414;[51 74 56 87 66 80]
212;CiteSeer;own;1;0.2;64;0.5;1;0.005;831763849;0.9857142857142858;0.9845564814784877;"[[49  1  0  1  1  0]
 [ 0 76  0  0  0  0]
 [ 0  0 56  0  0  0]
 [ 1  0  0 86  1  0]
 [ 0  0  0  0 67  0]
 [ 0  0  1  0  0 80]]";0.8205666316894019;0.7737647755149357;"[[ 36  34   6  13  10   7]
 [  3 247  36   7  19   4]
 [  1  19 417  12   7   4]
 [  4   9  51 288  12   9]
 [  2  10   4   7 329  18]
 [  0   5  14   7   8 247]]";0.6933066933066933;0.6490079095526321;"[[ 17  30   7   8  15   3]
 [ 11 118  27   6  12   3]
 [  1  14 158   9  10   9]
 [  3   8  40 148   6   6]
 [  4   9   7   8 136  15]
 [  0   4  19   2  11 117]]";420;[52 76 56 88 67 81]
213;CiteSeer;own;1;0.2;64;0.5;1;0.005;615395017;0.0;0.0;[[]];0.20077386070507308;0.055734574531567015;"[[  0   0 184   0   0   0]
 [  0   0 413   0   0   0]
 [  0   0 467   0   0   0]
 [  0   0 490   0   0   0]
 [  0   0 417   0   0   0]
 [  0   0 355   0   0   0]]";0.2007992007992008;0.05574043261231282;"[[  0   0  80   0   0   0]
 [  0   0 177   0   0   0]
 [  0   0 201   0   0   0]
 [  0   0 211   0   0   0]
 [  0   0 179   0   0   0]
 [  0   0 153   0   0   0]]";0;[]
214;CiteSeer;own;1;0.2;64;0.5;1;0.005;615395017;1.0;1.0;"[[1 0 0]
 [0 1 0]
 [0 0 4]]";0.23922413793103448;0.1179851112909811;"[[  1  69 112   0   0   0]
 [  0 181 243   0   0   0]
 [  0 100 367   0   0   0]
 [  0  35 446   6   0   0]
 [  0 146 271   0   0   0]
 [  0 190 153   0   0   0]]";0.21078921078921078;0.1035337048088627;"[[  0  24  56   0   0   0]
 [  0  68 109   0   0   0]
 [  0  61 140   0   0   0]
 [  0  14 194   3   0   0]
 [  0  59 120   0   0   0]
 [  0  89  64   0   0   0]]";6;[1 1 0 4]
215;CiteSeer;own;1;0.2;64;0.5;1;0.005;615395017;1.0;1.0;"[[2 0 0]
 [0 2 0]
 [0 0 8]]";0.26145203111495247;0.16064172416510014;"[[ 77  36   8  60   0   0]
 [192  96   4 129   0   0]
 [150  29   5 279   0   0]
 [ 49   7   6 427   0   0]
 [228  51   4 134   0   0]
 [170  93   0  80   0   0]]";0.24575424575424576;0.14399722839416743;"[[ 25  17   4  34   0   0]
 [ 84  29   0  64   0   0]
 [ 81  20   2  98   0   0]
 [ 11   5   5 190   0   0]
 [100  20   0  59   0   0]
 [ 68  56   0  29   0   0]]";12;[2 2 0 8]
216;CiteSeer;own;1;0.2;64;0.5;1;0.005;615395017;0.9444444444444444;0.7999999999999999;"[[ 2  0  0  0  0  0]
 [ 0  2  0  0  0  0]
 [ 0  0  2  0  0  0]
 [ 0  0  0 10  0  0]
 [ 0  0  1  0  0  0]
 [ 0  0  0  0  0  1]]";0.3292894280762565;0.20561321395742638;"[[  4   2 160  13   0   0]
 [  0  22 384  12   1   0]
 [  0   2 451  18   0   0]
 [  0   1 231 263   0   1]
 [  0   4 335  46  16   2]
 [  0  23 299  13   1   4]]";0.3166833166833167;0.19353135206272867;"[[  0   2  67  11   0   0]
 [  0   4 167   6   0   0]
 [  0   1 188  12   0   0]
 [  0   3  99 109   0   0]
 [  0   1 138  24  16   0]
 [  0  15 135   3   0   0]]";18;[ 2  2  2 10  1  1]
217;CiteSeer;own;1;0.2;64;0.5;1;0.005;615395017;1.0;1.0;"[[ 3  0  0  0  0  0]
 [ 0  2  0  0  0  0]
 [ 0  0  3  0  0  0]
 [ 0  0  0 11  0  0]
 [ 0  0  0  0  3  0]
 [ 0  0  0  0  0  2]]";0.5417028670721112;0.42933785631627636;"[[  3   0  63  26  30  47]
 [  2  15 250  23  39  85]
 [  0   2 421  26   8  14]
 [  0   0 131 288  53  18]
 [  0   2  24  22 315  51]
 [  0   8  82  19  30 205]]";0.5254745254745254;0.40576745884749027;"[[  0   0  26  15  23  16]
 [  1   1 103   8  28  36]
 [  0   0 175  12   9   5]
 [  0   1  55 122  20  13]
 [  0   0   9  11 134  25]
 [  0   5  36   5  13  94]]";24;[ 3  2  3 11  3  2]
218;CiteSeer;own;1;0.2;64;0.5;1;0.005;615395017;1.0;1.0;"[[ 3  0  0  0  0  0]
 [ 0  3  0  0  0  0]
 [ 0  0  3  0  0  0]
 [ 0  0  0 11  0  0]
 [ 0  0  0  0  6  0]
 [ 0  0  0  0  0  4]]";0.5949477351916377;0.5080778225199362;"[[  3  45  38  26  40  17]
 [  0 160 127  10  56  44]
 [  0  22 406  26  12   5]
 [  0  20 115 280  60  13]
 [  0  33  12  15 344   8]
 [  0  71  66  16  33 173]]";0.5614385614385614;0.47570571768397657;"[[  0   8  20   8  31  13]
 [  0  64  49   5  34  25]
 [  0  12 166  10  10   3]
 [  0   9  49 114  31   8]
 [  0  15   6   8 142   8]
 [  0  30  29   2  16  76]]";30;[ 3  3  3 11  6  4]
219;CiteSeer;own;1;0.2;64;0.5;1;0.005;615395017;0.9722222222222222;0.9576719576719577;"[[ 4  0  0  0  0  0]
 [ 0  4  1  0  0  0]
 [ 0  0  3  0  0  0]
 [ 0  0  0 12  0  0]
 [ 0  0  0  0  6  0]
 [ 0  0  0  0  0  6]]";0.5759825327510917;0.4950343803323806;"[[ 23   1  61  36  29  18]
 [ 28  51 174  22  69  52]
 [  5   1 394  45  13  10]
 [ 16   1 112 333  27   4]
 [ 14   3  15  21 344  12]
 [  9   5 105  26  37 174]]";0.5414585414585414;0.44937699360898925;"[[  5   1  20  19  22  13]
 [ 21  13  72  10  40  21]
 [  3   1 156  18   9  14]
 [  7   0  44 143  14   3]
 [  5   0  10  11 146   7]
 [  5   1  45   8  15  79]]";36;[ 4  5  3 12  6  6]
220;CiteSeer;own;1;0.2;64;0.5;1;0.005;615395017;1.0;1.0;"[[ 4  0  0  0  0  0]
 [ 0  6  0  0  0  0]
 [ 0  0  4  0  0  0]
 [ 0  0  0 13  0  0]
 [ 0  0  0  0  9  0]
 [ 0  0  0  0  0  6]]";0.5718038528896673;0.4721426669763071;"[[ 10   2  64  21  52  17]
 [  0  48 199  14  72  58]
 [  0   1 406  33  21  13]
 [  2   2 136 289  51   9]
 [  1   2  10  11 389   7]
 [  0   3  78  14  85 164]]";0.5244755244755245;0.41362865028757273;"[[  0   2  25  10  29  14]
 [  0  11  87  13  40  26]
 [  0   1 155  15  11  19]
 [  2   1  55 125  22   6]
 [  0   0   9   6 159   5]
 [  0   0  37   0  41  75]]";42;[ 4  6  4 13  9  6]
221;CiteSeer;own;1;0.2;64;0.5;1;0.005;615395017;0.9791666666666666;0.9757343550446999;"[[ 4  0  0  0  0  0]
 [ 0  8  0  0  0  0]
 [ 0  0  4  0  0  0]
 [ 1  0  0 14  0  0]
 [ 0  0  0  0  9  0]
 [ 0  0  0  0  0  8]]";0.6334503950834065;0.5518710335584402;"[[  6  59  10  23  48  11]
 [  0 336  58  11  31  33]
 [  0 104 230  39  25   6]
 [  4  36  82 320  31  14]
 [  2  11  12  12 374   8]
 [  0  38  27  13  87 177]]";0.5694305694305695;0.49158962022523806;"[[  0  21  15  10  24  10]
 [  0 117  21   6  16  17]
 [  0  77  86  21  15   2]
 [  2  19  35 131  18   6]
 [  0   9   0   8 157   5]
 [  0  15  13   0  46  79]]";48;[ 4  8  4 15  9  8]
222;CiteSeer;own;1;0.2;64;0.5;1;0.005;615395017;0.9629629629629629;0.9536545829649278;"[[ 5  0  1  0  0  0]
 [ 0  8  0  0  0  0]
 [ 0  0  6  0  0  0]
 [ 1  0  0 14  0  0]
 [ 0  0  0  0 10  0]
 [ 0  0  0  0  0  9]]";0.5924295774647887;0.5295837672846695;"[[ 12  56  28  10  45   7]
 [  0 266  96   7  59  27]
 [  0 100 258  29  28   4]
 [  4  46  81 263  72   7]
 [  4  19   3  10 386   4]
 [  1  79  37   8  55 161]]";0.5054945054945055;0.4403835385424905;"[[  0  21  12   9  33   5]
 [  1  88  39   6  30  13]
 [  0  82  88  13  15   3]
 [  2  19  38 112  33   7]
 [  2   8   9   4 151   5]
 [  0  39  16   1  30  67]]";54;[ 6  8  6 15 10  9]
223;CiteSeer;own;1;0.2;64;0.5;1;0.005;615395017;0.9666666666666667;0.9597931480284422;"[[ 6  0  0  0  0  0]
 [ 0  8  1  0  0  0]
 [ 0  0  6  0  0  0]
 [ 1  0  0 17  0  0]
 [ 0  0  0  0 11  0]
 [ 0  0  0  0  0 10]]";0.6226831421006178;0.5592564006518107;"[[ 14  41  32   9  42  20]
 [  1 252 109  12  39  49]
 [  0  82 267  32  16  15]
 [  4  24  66 287  69  19]
 [  3  10  10  11 381  11]
 [  0  15  47  10  57 210]]";0.5414585414585414;0.4782844617971386;"[[  2  12  10  11  33  12]
 [  3  87  39   6  21  21]
 [  0  78  91  13  12   7]
 [  2   9  36 120  31  13]
 [  2   7   7   7 146  10]
 [  0   4  19   0  34  96]]";60;[ 6  9  6 18 11 10]
224;CiteSeer;own;1;0.2;64;0.5;1;0.005;615395017;0.9848484848484849;0.9816425120772947;"[[ 6  0  0  0  0  0]
 [ 0 11  0  0  0  0]
 [ 0  0  7  0  1  0]
 [ 0  0  0 19  0  0]
 [ 0  0  0  0 11  0]
 [ 0  0  0  0  0 11]]";0.629646017699115;0.5598279888062164;"[[ 11  26  23  16  57  25]
 [  0 253  96  18  51  53]
 [  0  71 257  36  21  16]
 [  1  22  60 289  72  22]
 [  2   7   4  10 388  14]
 [  0  10  37   8  59 225]]";0.5304695304695305;0.4647467170999244;"[[  2  12   5  12  34  15]
 [  1  76  37   7  29  27]
 [  0  82  82  15  12  10]
 [  0   8  32 124  33  14]
 [  2   4   5   5 148  15]
 [  0   4  16   0  34  99]]";66;[ 6 11  8 19 11 11]
225;CiteSeer;own;1;0.2;64;0.5;1;0.005;615395017;0.9722222222222222;0.9734390577049297;"[[ 6  0  0  0  0  0]
 [ 0 12  1  0  0  0]
 [ 0  0  9  0  0  0]
 [ 0  0  0 21  0  1]
 [ 0  0  0  0 11  0]
 [ 0  0  0  0  0 11]]";0.657941437444543;0.5862689839445111;"[[ 12  40  16  19  56  15]
 [  2 305  67  20  39  36]
 [  0  80 255  43  16   6]
 [  1  23  54 312  61  13]
 [  2   9   4  14 386   9]
 [  0  13  35  18  60 213]]";0.5734265734265734;0.5035444353747303;"[[  2  13   6  13  33  13]
 [  3  98  25   9  22  20]
 [  0  89  83  14  12   3]
 [  0  10  25 142  27   7]
 [  2   8   2   8 153   6]
 [  0   7  15   2  33  96]]";72;[ 6 13  9 22 11 11]
226;CiteSeer;own;1;0.2;64;0.5;1;0.005;615395017;0.9871794871794872;0.983633387888707;"[[ 6  0  0  1  0  0]
 [ 0 14  0  0  0  0]
 [ 0  0 10  0  0  0]
 [ 0  0  0 23  0  0]
 [ 0  0  0  0 12  0]
 [ 0  0  0  0  0 12]]";0.6779359430604982;0.6034608312981965;"[[ 12  40  12  19  46  28]
 [  2 315  45  25  33  47]
 [  0  81 253  45  16   7]
 [  0  21  39 328  60  14]
 [  2   9   1  16 383  12]
 [  0  12  27  16  49 233]]";0.5864135864135864;0.5141067915994054;"[[  2  14   4  14  31  15]
 [  3 102  19  12  18  23]
 [  0  85  83  17  11   5]
 [  0   9  21 145  28   8]
 [  2   9   1   8 149  10]
 [  0   5  14   1  27 106]]";78;[ 7 14 10 23 12 12]
227;CiteSeer;own;1;0.2;64;0.5;1;0.005;615395017;0.9880952380952381;0.9854875283446712;"[[ 7  0  0  1  0  0]
 [ 0 15  0  0  0  0]
 [ 0  0 11  0  0  0]
 [ 0  0  0 24  0  0]
 [ 0  0  0  0 13  0]
 [ 0  0  0  0  0 13]]";0.6659232827832292;0.6079646869105898;"[[ 23  31  13  20  57  15]
 [  3 293  55  30  42  34]
 [  0  71 247  44  29   3]
 [  0  20  35 324  70   7]
 [  5  10   1  20 395   5]
 [  5  12  31  21  60 211]]";0.5604395604395604;0.5015605444862467;"[[  5  11   6  14  35   9]
 [  9  94  21  11  25  17]
 [  0  75  79  21  25   1]
 [  1   6  22 137  34  11]
 [  4   9   3   7 151   5]
 [  0   5  16   5  32  95]]";84;[ 8 15 11 24 13 13]
228;CiteSeer;own;1;0.2;64;0.5;1;0.005;615395017;0.9888888888888889;0.9856209150326798;"[[ 7  0  0  1  0  0]
 [ 0 16  0  0  0  0]
 [ 0  0 12  0  0  0]
 [ 0  0  0 25  0  0]
 [ 0  0  0  0 14  0]
 [ 0  0  0  0  0 15]]";0.6775491949910555;0.6138179571338448;"[[ 20  40   8  21  52  16]
 [  2 312  38  36  38  32]
 [  0  73 231  58  28   4]
 [  0  17  28 343  58   6]
 [  4  12   0  22 394   7]
 [  3  12  26  29  51 215]]";0.5604395604395604;0.4929670273162974;"[[  3  15   6  13  32  11]
 [  6 100  18  19  19  15]
 [  0  72  67  35  25   2]
 [  1   7  19 143  31  10]
 [  4  10   0   8 150   7]
 [  0   5  15   6  29  98]]";90;[ 8 16 12 25 14 15]
229;CiteSeer;own;1;0.2;64;0.5;1;0.005;615395017;0.9895833333333334;0.9856209150326798;"[[ 7  0  0  1  0  0]
 [ 0 17  0  0  0  0]
 [ 0  0 14  0  0  0]
 [ 0  0  0 25  0  0]
 [ 0  0  0  0 14  0]
 [ 0  0  0  0  0 18]]";0.6910313901345292;0.6243567312775049;"[[ 19  40   9  13  41  33]
 [  2 312  42  19  32  46]
 [  0  72 235  56  21  10]
 [  0  16  27 337  58  13]
 [  5  10   0  18 391  15]
 [  0  15  19  12  45 247]]";0.5514485514485514;0.48510945225240215;"[[  3  15   6  11  30  15]
 [  8  97  20   8  16  28]
 [  0  76  68  31  22   4]
 [  1   8  23 137  29  13]
 [  4  10   2   7 146  10]
 [  0   7  14   5  26 101]]";96;[ 8 17 14 25 14 18]
230;CiteSeer;own;1;0.2;64;0.5;1;0.005;615395017;0.9803921568627451;0.9712601078167116;"[[ 7  0  0  1  0  0]
 [ 1 17  0  0  0  0]
 [ 0  0 16  0  0  0]
 [ 0  0  0 26  0  0]
 [ 0  0  0  0 15  0]
 [ 0  0  0  0  0 19]]";0.6857014388489209;0.6199676259463611;"[[ 20  32  17  14  41  31]
 [  1 227  79  16  29  59]
 [  0  43 353  34  25   7]
 [  1  14  52 300  53   9]
 [  6   6   4  10 391  18]
 [  0  11  35   7  45 234]]";0.5634365634365635;0.49775972218958325;"[[  3  12  10  11  29  15]
 [  9  73  37   7  19  32]
 [  0  49 110  19  19   4]
 [  2   4  38 129  27  11]
 [  4   8   3   7 147  10]
 [  0   5  21   0  25 102]]";102;[ 8 18 16 26 15 19]
231;CiteSeer;own;1;0.2;64;0.5;1;0.005;615395017;0.9722222222222222;0.9641531309634758;"[[ 7  0  0  1  0  0]
 [ 1 18  0  0  0  0]
 [ 0  0 17  1  0  0]
 [ 0  0  0 28  0  0]
 [ 0  0  0  0 15  0]
 [ 0  0  0  0  0 20]]";0.7006311992786294;0.6340894162535701;"[[ 19  40  14  12  40  29]
 [  1 276  63  14  29  47]
 [  0  56 330  34  17   6]
 [  0  17  47 303  52   8]
 [  5   9   1  10 392  18]
 [  0  13  24   7  51 234]]";0.5854145854145855;0.5202450138209623;"[[  3  17   7   9  32  12]
 [  8  95  28   8  17  21]
 [  0  59 110  16  13   3]
 [  2   9  34 126  29  11]
 [  4  10   2   5 151   7]
 [  0   6  16   0  30 101]]";108;[ 8 19 18 28 15 20]
232;CiteSeer;own;1;0.2;64;0.5;1;0.005;615395017;0.9824561403508771;0.9759259259259259;"[[ 8  0  0  2  0  0]
 [ 0 20  0  0  0  0]
 [ 0  0 18  0  0  0]
 [ 0  0  0 29  0  0]
 [ 0  0  0  0 17  0]
 [ 0  0  0  0  0 20]]";0.7174502712477396;0.6505935602888079;"[[ 20  39  13  11  40  29]
 [  1 293  55  12  30  39]
 [  0  58 335  29  13   6]
 [  0  19  37 305  56  10]
 [  5   8   0  10 398  13]
 [  0  16  20   6  50 236]]";0.5924075924075924;0.5262033484261253;"[[  3  17   7   9  31  13]
 [  8  98  27   7  17  20]
 [  0  59 110  16  13   3]
 [  1  11  27 127  34  11]
 [  4   9   2   5 153   6]
 [  0   6  16   0  29 102]]";114;[10 20 18 29 17 20]
233;CiteSeer;own;1;0.2;64;0.5;1;0.005;615395017;0.9833333333333333;0.9773543396494216;"[[10  0  0  1  0  0]
 [ 0 21  0  0  0  0]
 [ 0  0 19  0  0  0]
 [ 0  0  0 30  0  0]
 [ 1  0  0  0 17  0]
 [ 0  0  0  0  0 21]]";0.71441523118767;0.6499328956421474;"[[ 21  37  13   9  36  33]
 [  4 291  54  12  27  40]
 [  1  67 328  22  13   8]
 [  0  18  43 298  57  11]
 [  5  10   0  10 391  16]
 [  0  14  21   7  42 247]]";0.5864135864135864;0.5275177317584682;"[[  5  17   6   8  30  14]
 [  7  97  30   7  16  20]
 [  0  64 109  12  13   3]
 [  2  12  30 123  32  12]
 [  4  12   2   5 147   9]
 [  0   5  16   0  26 106]]";120;[11 21 19 30 18 21]
234;CiteSeer;own;1;0.2;64;0.5;1;0.005;615395017;0.9761904761904762;0.9700231365735377;"[[10  0  0  0  1  0]
 [ 0 23  0  0  0  0]
 [ 0  1 19  0  0  0]
 [ 1  0  0 30  0  0]
 [ 0  0  0  0 19  0]
 [ 0  0  0  0  0 22]]";0.7327272727272728;0.6660677663306117;"[[ 21  36  13   9  39  31]
 [  0 294  48  12  28  45]
 [  0  55 328  31  12   7]
 [  1  14  31 321  52   9]
 [  6   9   0  10 394  13]
 [  0  10  15   7  45 254]]";0.6063936063936064;0.5372788510810901;"[[  3  18   5   8  33  13]
 [  5  99  28   7  18  20]
 [  0  62 105  15  13   6]
 [  2   8  21 140  28  12]
 [  3   9   2   5 153   7]
 [  0   5  14   0  27 107]]";126;[11 23 20 31 19 22]
235;CiteSeer;own;1;0.2;64;0.5;1;0.005;615395017;0.9696969696969697;0.9600853942468849;"[[10  0  0  0  2  0]
 [ 0 24  0  0  0  0]
 [ 0  1 19  0  0  0]
 [ 1  0  0 32  0  0]
 [ 0  0  0  0 20  0]
 [ 0  0  0  0  0 23]]";0.7397447584320875;0.6750088090229828;"[[ 23  39  12  10  35  31]
 [  0 303  42  12  27  42]
 [  2  57 326  26  12   9]
 [  1  15  28 322  50   9]
 [  5   9   0  12 394  11]
 [  0  11  13   8  43 255]]";0.6133866133866134;0.5470881417682985;"[[  4  17   5   8  32  14]
 [  5 102  27   7  17  19]
 [  1  63 108  11  13   5]
 [  2   9  20 143  25  12]
 [  4   9   3   5 149   9]
 [  0   6  14   0  25 108]]";132;[12 24 20 33 20 23]
236;CiteSeer;own;1;0.2;64;0.5;1;0.005;615395017;0.9637681159420289;0.9485096609345702;"[[ 9  0  1  1  1  0]
 [ 0 25  0  0  0  0]
 [ 1  1 20  0  0  0]
 [ 0  0  0 34  0  0]
 [ 0  0  0  0 21  0]
 [ 0  0  0  0  0 24]]";0.7426873857404022;0.6780431468660919;"[[ 23  34  13   9  38  30]
 [  0 295  38  12  28  43]
 [  1  60 340  21  15   7]
 [  1  14  25 321  54   7]
 [  4  10   1   9 395  11]
 [  0  10  15   6  47 251]]";0.6083916083916084;0.5424406577108986;"[[  4  17   6   7  33  13]
 [  5  98  29   7  19  19]
 [  1  62 109  11  13   5]
 [  2   8  21 141  27  12]
 [  3   8   4   4 151   9]
 [  0   5  15   0  27 106]]";138;[12 25 22 34 21 24]
237;CiteSeer;own;1;0.2;64;0.5;1;0.005;615395017;0.9652777777777778;0.9535153174556917;"[[10  0  0  2  1  0]
 [ 0 28  0  0  0  0]
 [ 0  1 21  0  0  0]
 [ 0  0  0 35  0  0]
 [ 0  0  0  0 21  0]
 [ 1  0  0  0  0 24]]";0.7493125572868927;0.6796695345888399;"[[ 20  35  12  10  35  35]
 [  1 293  41  11  23  44]
 [  1  59 340  19   8  14]
 [  0  12  28 323  50  12]
 [  6  12   0   7 384  13]
 [  0   8  15   6  30 275]]";0.6133866133866134;0.5466563525137379;"[[  4  17   6   7  32  14]
 [  5  99  28   6  18  21]
 [  1  60 111  10  12   7]
 [  1   8  21 142  24  15]
 [  4   7   4   4 146  14]
 [  0   4  14   0  23 112]]";144;[13 28 22 35 21 25]
238;CiteSeer;own;1;0.2;64;0.5;1;0.005;615395017;0.9733333333333334;0.9642603277560083;"[[11  0  0  1  1  0]
 [ 0 30  0  0  0  0]
 [ 0  1 21  0  0  0]
 [ 0  0  0 36  0  0]
 [ 0  0  0  0 22  0]
 [ 1  0  0  0  0 26]]";0.7504595588235294;0.6836053851277356;"[[ 22  33  11   8  33  38]
 [  1 289  36  14  22  47]
 [  0  54 339  20   9  17]
 [  1  12  27 323  48  14]
 [  5  12   0   9 379  16]
 [  0  13  13   5  25 281]]";0.6233766233766234;0.5548525116191486;"[[  4  18   6   9  30  13]
 [  5 102  26   6  17  21]
 [  1  55 112  11  12  10]
 [  2   7  20 142  22  18]
 [  2   8   4   4 147  14]
 [  0   3  12   0  21 117]]";150;[13 30 22 36 22 27]
239;CiteSeer;own;1;0.2;64;0.5;1;0.005;615395017;0.9743589743589743;0.9692137573400442;"[[14  0  0  0  0  0]
 [ 0 31  0  0  0  0]
 [ 0  1 23  0  0  0]
 [ 2  0  0 34  0  0]
 [ 1  0  0  0 22  0]
 [ 0  0  0  0  0 28]]";0.7470046082949309;0.678163727714712;"[[ 20  42  11   9  31  31]
 [  1 294  31  13  20  50]
 [  0  56 335  19   8  19]
 [  1  13  30 317  48  15]
 [  5  13   0  11 374  22]
 [  0   8  14   5  23 281]]";0.6203796203796204;0.552520893244335;"[[  4  16   6  10  29  15]
 [  5 103  25   6  14  24]
 [  1  53 112  11  11  13]
 [  3   8  22 138  23  17]
 [  2  10   4   4 143  16]
 [  0   2  12   0  18 121]]";156;[14 31 24 36 23 28]
240;CiteSeer;own;1;0.2;64;0.5;1;0.005;615395017;0.9691358024691358;0.9643827880281082;"[[13  0  0  1  0  0]
 [ 0 32  0  0  0  0]
 [ 0  1 24  0  0  0]
 [ 2  0  0 35  0  0]
 [ 0  0  0  1 24  0]
 [ 0  0  0  0  0 29]]";0.743992606284658;0.672436465903912;"[[ 18  44  14   8  31  29]
 [  1 282  37  14  23  44]
 [  0  55 344  20   9  15]
 [  1  13  32 314  52  12]
 [  5  12   2   9 377  17]
 [  0   8  18   5  24 275]]";0.6143856143856143;0.5478749742093221;"[[  4  17   7   9  30  13]
 [  5 102  27   6  19  18]
 [  1  51 113  10  12  14]
 [  1   8  28 132  27  15]
 [  2  10   4   4 146  13]
 [  0   2  15   0  18 118]]";162;[14 32 25 37 25 29]
241;CiteSeer;own;1;0.2;64;0.5;1;0.005;615395017;0.9761904761904762;0.9693933818357782;"[[14  0  0  1  0  0]
 [ 0 32  0  0  0  0]
 [ 0  0 27  0  0  0]
 [ 0  0  0 38  0  0]
 [ 2  0  0  1 23  0]
 [ 0  0  0  0  0 30]]";0.7442075996292864;0.6749819492625068;"[[ 20  51  11  12  34  23]
 [  5 291  29  15  17  44]
 [  1  60 336  21   7  16]
 [  6  14  29 323  38  12]
 [  8  10   2  10 366  18]
 [  3  13  15   5  23 270]]";0.6263736263736264;0.5667206474588772;"[[  7  18   5   9  29  12]
 [  8 106  23   9  13  18]
 [  1  53 113  11  11  12]
 [  2   9  26 140  19  15]
 [  4  10   4   4 143  14]
 [  1   2  15   0  17 118]]";168;[15 32 27 38 26 30]
242;CiteSeer;own;1;0.2;64;0.5;1;0.005;615395017;0.9770114942528736;0.9693485267050952;"[[14  0  0  1  0  0]
 [ 0 34  0  0  0  0]
 [ 0  0 28  0  1  0]
 [ 0  0  0 38  0  0]
 [ 2  0  0  0 25  0]
 [ 0  0  0  0  0 31]]";0.7448884758364313;0.6811854472531195;"[[ 24  36  19  12  33  23]
 [  2 281  43  13  19  41]
 [  0  48 357  21  10  11]
 [  3  13  46 306  37  10]
 [ 13   8   3  12 364  16]
 [  1   5  23   6  22 271]]";0.6113886113886113;0.5522783465733626;"[[  6  15   9  10  27  13]
 [  6  99  29   6  17  20]
 [  1  51 119  11  10   9]
 [  2   7  36 131  23  12]
 [  7  12   4   4 140  12]
 [  0   2  18   0  16 117]]";174;[15 34 29 38 27 31]
243;CiteSeer;own;1;0.2;64;0.5;1;0.005;615395017;0.9722222222222222;0.962819854103998;"[[14  0  0  0  1  0]
 [ 0 37  0  0  0  0]
 [ 0  1 28  0  0  0]
 [ 1  0  0 39  0  0]
 [ 2  0  0  0 26  0]
 [ 0  0  0  0  0 31]]";0.744641192917055;0.6795502941324264;"[[ 22  49  18   9  34  13]
 [  1 288  37  10  22  41]
 [  0  50 358  18  11  10]
 [  4  13  43 299  48   9]
 [ 10  12   4  13 363  11]
 [  0   7  23   5  23 268]]";0.6033966033966034;0.5438615990199446;"[[  5  19   6   9  30  11]
 [  3 101  33   6  15  19]
 [  0  52 117  10  13   9]
 [  2   7  39 126  25  12]
 [  8  15   5   5 138   8]
 [  0   2  17   0  17 117]]";180;[15 37 29 40 28 31]
244;CiteSeer;own;1;0.2;64;0.5;1;0.005;615395017;0.9838709677419355;0.9784764923653811;"[[17  0  0  0  1  0]
 [ 0 38  0  0  0  0]
 [ 0  0 30  0  0  0]
 [ 1  0  0 40  0  0]
 [ 1  0  0  0 27  0]
 [ 0  0  0  0  0 31]]";0.7425233644859813;0.6789965012432653;"[[ 23  48  17   9  34  13]
 [  1 282  37  11  23  43]
 [  0  51 348  25  10  13]
 [  5  14  33 304  46  10]
 [  8   8   4  21 362  10]
 [  0   7  21   5  24 270]]";0.6033966033966034;0.5457341663006233;"[[  6  20   6   9  30   9]
 [  4  99  29   6  18  21]
 [  0  51 116  10  14  10]
 [  5   6  35 128  24  13]
 [  5  12   7   9 138   8]
 [  0   2  17   0  17 117]]";186;[18 38 30 41 28 31]
245;CiteSeer;own;1;0.2;64;0.5;1;0.005;615395017;0.984375;0.9814658210007047;"[[20  0  0  1  0  0]
 [ 0 39  0  0  0  0]
 [ 0  0 30  0  0  0]
 [ 1  0  0 42  0  0]
 [ 1  0  0  0 27  0]
 [ 0  0  0  0  0 31]]";0.753045923149016;0.6912705238336428;"[[ 25  50  16  10  28  11]
 [  4 285  35  12  20  39]
 [  0  50 357  26   7   6]
 [  4  14  33 322  33   9]
 [  8  11   4  24 351  11]
 [  0   8  25   6  23 267]]";0.6133866133866134;0.5555923517906636;"[[  6  21   7  11  27   8]
 [  7 100  31   6  15  18]
 [  1  53 118  10  11   8]
 [  4  10  35 139  13  10]
 [  4  13   8  12 135   7]
 [  0   2  17   0  18 116]]";192;[21 39 30 43 28 31]
246;CiteSeer;own;1;0.2;64;0.5;1;0.005;615395017;0.9696969696969697;0.9644410206108612;"[[18  0  0  3  0  0]
 [ 0 41  0  0  0  0]
 [ 0  1 29  0  0  0]
 [ 0  0  0 45  0  0]
 [ 1  0  1  0 27  0]
 [ 0  0  0  0  0 32]]";0.7537593984962406;0.6939062715523759;"[[ 27  48  11  11  29  14]
 [  3 291  26  13  17  38]
 [  3  55 344  25   9  13]
 [  8  15  26 322  32  10]
 [  6  10   2  28 350  12]
 [  0   8  19   6  27 270]]";0.6123876123876124;0.5538101826703651;"[[  6  21   3  14  27   9]
 [  7 107  25   7  12  19]
 [  0  52 115  11  13  10]
 [  8   9  28 139  13  14]
 [  4  15   7  16 130   7]
 [  0   2  17   1  17 116]]";198;[21 41 30 45 29 32]
247;CiteSeer;own;1;0.2;64;0.5;1;0.005;615395017;0.9803921568627451;0.9776785404242491;"[[21  0  0  0  0  0]
 [ 0 41  0  0  0  0]
 [ 0  1 30  0  0  0]
 [ 2  0  0 46  0  0]
 [ 1  0  0  0 28  0]
 [ 0  0  0  0  0 34]]";0.7596606974552309;0.7007837979994388;"[[ 28  48  11  11  28  14]
 [  3 289  27  13  16  40]
 [  3  58 342  24   7  13]
 [  5  17  33 329  18  10]
 [  6  11   2  21 352  14]
 [  0   8  20   5  24 272]]";0.6103896103896104;0.5521499834698298;"[[  6  20   4  15  25  10]
 [  6 106  25   6  12  22]
 [  1  52 112  12  12  12]
 [  9  10  28 139  11  14]
 [  6  17   7  11 130   8]
 [  0   2  17   1  15 118]]";204;[21 41 31 48 29 34]
248;CiteSeer;own;1;0.2;64;0.5;1;0.005;615395017;0.9714285714285714;0.9680596649667286;"[[22  0  0  0  1  0]
 [ 0 42  0  0  0  1]
 [ 0  1 30  0  0  0]
 [ 2  0  0 47  0  0]
 [ 1  0  0  0 29  0]
 [ 0  0  0  0  0 34]]";0.7627599243856332;0.7030494603259133;"[[ 27  48  11  11  30  11]
 [  3 288  31  10  19  41]
 [  0  57 333  26   9  12]
 [  5  17  35 326  24   9]
 [  4   8   2  12 367  11]
 [  0   7  20   5  24 273]]";0.6283716283716284;0.5719538813699135;"[[  8  19   3  10  30  10]
 [  7 104  26   5  16  19]
 [  1  51 112  12  14  11]
 [  4  13  29 143  11  11]
 [  6  10   7   5 144   7]
 [  0   2  17   1  15 118]]";210;[23 43 31 49 30 34]
249;CiteSeer;own;1;0.2;64;0.5;1;0.005;615395017;0.9768518518518519;0.9710650217533822;"[[21  0  0  1  1  0]
 [ 0 44  0  0  0  0]
 [ 0  0 31  0  0  0]
 [ 1  0  0 50  0  0]
 [ 2  0  0  0 30  0]
 [ 0  0  0  0  0 35]]";0.7611374407582938;0.6977302957343395;"[[ 24  50   8  12  30  12]
 [  3 284  32  13  18  40]
 [  0  56 332  24  10  16]
 [  4  16  26 325  28   9]
 [  4   8   4  18 367   9]
 [  0   8  16   6  24 274]]";0.6423576423576424;0.5856291974280857;"[[  9  19   2  11  29  10]
 [  7 106  23   5  17  19]
 [  1  47 115  12  13  13]
 [  3  11  23 149  14  11]
 [  5  11   8   4 145   6]
 [  0   3  15   1  15 119]]";216;[23 44 31 51 32 35]
250;CiteSeer;own;1;0.2;64;0.5;1;0.005;615395017;0.972972972972973;0.9658605283605284;"[[21  0  0  1  1  0]
 [ 0 44  0  0  0  0]
 [ 0  0 33  0  0  0]
 [ 1  0  0 51  0  0]
 [ 3  0  0  0 31  0]
 [ 0  0  0  0  0 36]]";0.745722433460076;0.6834944086319324;"[[ 24  55   8   9  31  10]
 [  4 257  31  12  19  40]
 [  2  78 334  22  12  17]
 [  7  16  26 324  28   9]
 [  5   9   3  20 357   9]
 [  1   7  15   6  24 273]]";0.6383616383616384;0.5847570623525972;"[[ 10  18   3  11  28  10]
 [  8 106  22   5  17  19]
 [  1  46 116  12  14  12]
 [  5  13  20 144  17  12]
 [  6  12   7   5 144   5]
 [  0   3  15   1  15 119]]";222;[23 44 33 52 34 36]
251;CiteSeer;own;1;0.2;64;0.5;1;0.005;615395017;0.9868421052631579;0.9846256342224086;"[[23  0  0  0  0  0]
 [ 0 46  0  0  0  0]
 [ 0  0 34  0  0  0]
 [ 1  0  0 52  0  0]
 [ 1  1  0  0 32  0]
 [ 0  0  0  0  0 38]]";0.7507149666348903;0.6887281142494289;"[[ 24  55   7   8  33  10]
 [  2 257  37  12  20  40]
 [  1  74 338  21  12  15]
 [  6  13  33 320  25   8]
 [  4   8   3  18 360  10]
 [  0   5  17   6  20 276]]";0.6403596403596403;0.5790440854819029;"[[  7  16   6  13  28  10]
 [  6 105  24   5  19  18]
 [  0  45 118  11  14  13]
 [  4  12  22 145  17  11]
 [  5  10   6   4 147   7]
 [  0   2  16   1  15 119]]";228;[23 46 34 53 34 38]
252;CiteSeer;own;1;0.2;64;0.5;1;0.005;615395017;0.9743589743589743;0.9692690531870242;"[[23  0  0  1  0  0]
 [ 0 47  0  0  0  0]
 [ 0  0 35  0  0  0]
 [ 1  0  0 53  1  0]
 [ 3  0  0  0 32  0]
 [ 0  0  0  0  0 38]]";0.755736137667304;0.6941417336944159;"[[ 25  53   9   8  31  11]
 [  4 260  34  10  18  41]
 [  1  72 345  23   8  10]
 [  8  13  38 313  22   8]
 [  5   7   3  19 360  10]
 [  0   4  19   5  17 278]]";0.6413586413586414;0.585307167563117;"[[  9  16   6  12  27  10]
 [  7 103  27   6  15  19]
 [  1  47 121  11  12   9]
 [  4  12  26 143  16  10]
 [  5   8   7   5 146   8]
 [  0   2  16   1  14 120]]";234;[24 47 35 55 35 38]
253;CiteSeer;own;1;0.2;64;0.5;1;0.005;615395017;0.9875;0.984482510314213;"[[23  0  0  1  0  0]
 [ 0 49  0  0  0  0]
 [ 0  0 36  0  0  0]
 [ 1  0  0 54  0  0]
 [ 1  0  0  0 36  0]
 [ 0  0  0  0  0 39]]";0.7703739213806328;0.7032982500343289;"[[ 23  46   8  12  29  17]
 [  3 260  32   9  16  41]
 [  1  58 351  26   7  16]
 [  7  12  27 320  26   9]
 [  3   6   2  19 367  10]
 [  0   2  12   7  16 286]]";0.6473526473526473;0.5869127299476348;"[[  8  17   5  12  27  11]
 [  6 106  22   5  18  20]
 [  1  42 121  11  14  12]
 [  4  11  18 149  18  11]
 [  3   7   8   6 144  11]
 [  0   2  15   1  15 120]]";240;[24 49 36 55 37 39]
254;CiteSeer;own;1;0.2;64;0.5;1;0.005;615395017;0.975609756097561;0.9717581217581218;"[[25  1  1  0  0  0]
 [ 0 49  0  0  0  0]
 [ 0  1 36  0  0  0]
 [ 2  0  0 54  0  0]
 [ 1  0  0  0 37  0]
 [ 0  0  0  0  0 39]]";0.7740384615384616;0.7074937079625538;"[[ 23  51   8  11  27  13]
 [  4 267  32   9  13  36]
 [  1  62 349  29   6  11]
 [  7  13  28 322  24   5]
 [  3   7   2  16 367  11]
 [  0   4  12   8  17 282]]";0.6473526473526473;0.5927490146051535;"[[ 10  17   5  12  26  10]
 [  6 108  23   4  17  19]
 [  1  48 120  10  13   9]
 [  5  11  21 147  17  10]
 [  4   9   8   5 143  10]
 [  0   2  15   1  15 120]]";246;[27 49 37 56 38 39]
255;CiteSeer;own;1;0.2;64;0.5;1;0.005;615395017;0.9761904761904762;0.9711786574819711;"[[24  0  0  1  1  1]
 [ 0 51  0  0  0  0]
 [ 0  1 37  0  0  0]
 [ 1  0  0 55  0  0]
 [ 1  0  0  0 38  0]
 [ 0  0  0  0  0 41]]";0.7786885245901639;0.7128423842719008;"[[ 24  49   7  10  27  16]
 [  3 264  31   8  13  36]
 [  1  59 356  28   6  12]
 [  6  10  36 314  26   7]
 [  3   7   2  10 372  12]
 [  0   2  11   5  16 285]]";0.6493506493506493;0.5909161012547117;"[[  9  18   5  11  26  11]
 [  6 100  27   6  18  20]
 [  0  40 130  10  12   9]
 [  4  10  25 147  15  10]
 [  2   8   7   5 146  11]
 [  1   2  15   1  16 118]]";252;[27 51 38 56 39 41]
256;CiteSeer;own;1;0.2;64;0.5;1;0.005;615395017;0.9844961240310077;0.9818367404574301;"[[27  0  0  0  0  0]
 [ 0 55  0  0  0  0]
 [ 0  0 38  0  0  0]
 [ 3  0  0 54  0  0]
 [ 1  0  0  0 38  0]
 [ 0  0  0  0  0 42]]";0.7901353965183753;0.72815616561144;"[[ 27  51  10   7  26  12]
 [  3 271  34   4  13  27]
 [  1  57 358  24  10   9]
 [  6  14  34 320  22   4]
 [  3   7   4   5 376   9]
 [  0   2  14   4  18 282]]";0.6613386613386614;0.6056113517608127;"[[ 10  20   5  10  25  10]
 [  9 110  28   3  13  14]
 [  1  38 133  11  11   7]
 [  4  12  27 146  13   9]
 [  4  10   6   3 145  11]
 [  1   2  16   1  15 118]]";258;[27 55 38 57 39 42]
257;CiteSeer;own;1;0.2;64;0.5;1;0.005;615395017;0.9924242424242424;0.9910714285714285;"[[27  0  0  0  0  0]
 [ 0 55  0  0  0  0]
 [ 0  0 41  0  0  0]
 [ 2  0  0 55  0  0]
 [ 0  0  0  0 41  0]
 [ 0  0  0  0  0 43]]";0.7967992240543162;0.7300898538323933;"[[ 24  52  11   9  24  10]
 [  2 272  32   6  12  26]
 [  1  53 365  22  11   6]
 [  5  14  35 320  21   4]
 [  3   7   2   5 385   9]
 [  0   2  15   5  15 277]]";0.6713286713286714;0.6151878395100482;"[[ 10  22   5   9  26   8]
 [  7 114  27   4  14  11]
 [  1  34 138  10  12   6]
 [  3  15  28 145  13   7]
 [  3  10   6   3 146  11]
 [  1   3  15   1  14 119]]";264;[27 55 41 57 41 43]
258;CiteSeer;own;1;0.2;64;0.5;1;0.005;615395017;0.9962962962962963;0.9956754631677232;"[[28  0  0  0  0  0]
 [ 0 55  0  0  0  0]
 [ 0  0 42  0  0  0]
 [ 1  0  0 59  0  0]
 [ 0  0  0  0 42  0]
 [ 0  0  0  0  0 43]]";0.7957198443579766;0.7306071277617132;"[[ 25  46  12  10  28   7]
 [  3 265  34   6  14  25]
 [  1  48 370  18  13   7]
 [  4  14  36 311  28   3]
 [  3   6   2   4 390   9]
 [  0   2  14   4  19 275]]";0.6673326673326674;0.6108586137440676;"[[ 10  18   6  10  28   8]
 [  9 106  28   5  18  11]
 [  0  33 140   9  13   6]
 [  3  15  26 144  16   7]
 [  2   9   6   2 150  10]
 [  1   3  15   1  15 118]]";270;[28 55 42 60 42 43]
259;CiteSeer;own;1;0.2;64;0.5;1;0.005;615395017;0.9855072463768116;0.984296581931614;"[[28  0  0  1  0  0]
 [ 0 56  0  0  0  0]
 [ 0  1 43  0  0  0]
 [ 0  0  0 59  1  0]
 [ 1  0  0  0 43  0]
 [ 0  0  0  0  0 43]]";0.7970731707317074;0.7378837722848689;"[[ 31  45  12   8  22  10]
 [  2 259  30   7  14  30]
 [  5  48 362  22  12   9]
 [  8  13  29 317  24   4]
 [  5   7   2   5 389   8]
 [  1   2  11   4  17 276]]";0.6683316683316683;0.6212128075176241;"[[ 15  18   4   9  26   8]
 [  9 107  27   5  16  13]
 [  1  32 137   9  14   8]
 [  5  13  22 147  16   8]
 [  2   7   6   4 146  14]
 [  1   3  14   2  16 117]]";276;[29 56 44 60 44 43]
260;CiteSeer;own;1;0.2;64;0.5;1;0.005;615395017;0.9787234042553191;0.9762070733778825;"[[29  0  0  0  1  0]
 [ 0 56  0  0  0  0]
 [ 0  0 46  0  0  0]
 [ 2  0  0 59  1  0]
 [ 1  0  0  1 42  0]
 [ 0  0  0  0  0 44]]";0.8033268101761253;0.750487938068873;"[[ 36  43  11   7  21   8]
 [  2 259  32   5  14  30]
 [  1  36 377  19   9  13]
 [  6  13  33 314  24   5]
 [  4   7   3   4 389   9]
 [  1   2  16   4  20 267]]";0.6763236763236763;0.6256126881855099;"[[ 14  20   5   9  26   6]
 [  8 105  31   4  16  13]
 [  1  22 148   9  13   8]
 [  7  14  23 145  13   9]
 [  2   7   6   2 148  14]
 [  1   3  14   1  17 117]]";282;[30 56 46 62 44 44]
261;CiteSeer;own;1;0.2;64;0.5;1;0.005;615395017;0.9791666666666666;0.9777649406872596;"[[29  0  0  0  1  0]
 [ 0 57  0  0  0  0]
 [ 0  1 48  0  0  0]
 [ 2  0  0 60  1  0]
 [ 0  0  0  1 44  0]
 [ 0  0  0  0  0 44]]";0.8017664376840039;0.7449835234311329;"[[ 31  41  21   7  20   4]
 [  2 250  46   3  11  26]
 [  1  26 400  21   7   7]
 [  5  13  44 313  18   3]
 [  2   7   6   6 383   7]
 [  0   2  31   4  13 257]]";0.6823176823176823;0.626666652131263;"[[ 12  18   8   9  26   7]
 [  9 103  35   4  15  11]
 [  1  16 160  10  10   4]
 [  5  13  24 148  14   7]
 [  1  10   9   2 149   8]
 [  1   2  22   1  16 111]]";288;[30 57 49 63 45 44]
262;CiteSeer;own;1;0.2;64;0.5;1;0.005;615395017;0.9829931972789115;0.9825691961826345;"[[30  0  0  0  1  0]
 [ 0 58  0  0  0  0]
 [ 0  1 49  0  0  0]
 [ 1  1  0 61  1  0]
 [ 0  0  0  0 46  0]
 [ 0  0  0  0  0 45]]";0.8046259842519685;0.7368839494920127;"[[ 24  40  24   9  19   7]
 [  2 255  39   3  10  28]
 [  1  20 402  21   7   7]
 [  5  12  42 311  22   5]
 [  2   7   5   7 382   7]
 [  0   2  26   5  13 261]]";0.6883116883116883;0.627036370624024;"[[ 10  18   8   9  26   9]
 [  8 104  34   4  14  13]
 [  1  13 161  10  11   5]
 [  4  13  24 149  14   7]
 [  2  11   7   2 149   8]
 [  1   3  15   3  15 116]]";294;[31 58 50 64 46 45]
263;CiteSeer;own;1;0.2;64;0.5;1;0.005;615395017;0.98;0.9773076825708404;"[[31  0  0  1  0  0]
 [ 1 58  0  0  0  0]
 [ 0  0 51  0  0  0]
 [ 0  0  0 65  0  0]
 [ 2  0  0  2 43  0]
 [ 0  0  0  0  0 46]]";0.8065153010858835;0.7422211216970345;"[[ 27  43  15  14  19   7]
 [  1 247  43   5   8  28]
 [  1  22 395  26   7   7]
 [  5  11  36 324  15   5]
 [  2   7   6   7 379   8]
 [  1   2  22   6  13 262]]";0.6913086913086913;0.6362720285166531;"[[ 13  18   6  10  26   7]
 [  9 106  30   6  13  13]
 [  1  12 162   9  12   5]
 [  4  14  22 151  14   6]
 [  2  13   6   6 145   7]
 [  1   3  15   4  15 115]]";300;[32 59 51 65 47 46]
264;CiteSeer;own;1;0.2;64;0.5;1;0.005;615395017;0.9836601307189542;0.9818571153680535;"[[33  0  0  0  0  0]
 [ 1 58  0  0  0  0]
 [ 0  0 52  0  0  0]
 [ 1  0  0 65  1  0]
 [ 1  0  0  0 47  1]
 [ 0  0  0  0  0 46]]";0.8054455445544555;0.7425509575896602;"[[ 28  46  10  12  20   9]
 [  2 247  41   5  12  25]
 [  0  25 385  32   7   7]
 [  5  13  35 317  20   4]
 [  2   7   5   2 386   6]
 [  2   2  16   7  14 264]]";0.6933066933066933;0.6375260208356687;"[[ 13  18   6  10  26   7]
 [ 10 107  26   8  13  13]
 [  0  14 159  10  12   6]
 [  3  15  21 151  14   7]
 [  3  11   5   2 150   8]
 [  2   3  13   4  17 114]]";306;[33 59 52 67 49 46]
265;CiteSeer;own;1;0.2;64;0.5;1;0.005;615395017;0.9807692307692307;0.9775372853103944;"[[31  0  0  1  2  0]
 [ 1 58  0  0  0  0]
 [ 0  0 54  0  0  0]
 [ 0  0  0 67  0  0]
 [ 0  0  0  1 47  1]
 [ 0  0  0  0  0 49]]";0.8093346573982125;0.7492780140338438;"[[ 30  40  15   9  21   9]
 [  2 247  41   5  11  27]
 [  0  18 394  24   7  11]
 [  5  14  42 309  17   6]
 [  2   7   4   2 382  10]
 [  0   2  17   4  12 268]]";0.6823176823176823;0.6268546096641391;"[[ 13  21   6   9  23   8]
 [ 13  98  31   5  14  16]
 [  0  14 159  10  12   6]
 [  3  14  26 148  12   8]
 [  3   9   5   2 149  11]
 [  1   3  14   3  16 116]]";312;[34 59 54 67 49 49]
266;CiteSeer;own;1;0.2;64;0.5;1;0.005;615395017;0.9685534591194969;0.9656043320108081;"[[31  0  0  1  2  1]
 [ 1 59  0  0  0  0]
 [ 0  0 54  0  0  0]
 [ 0  0  0 65  3  0]
 [ 0  0  0  0 50  0]
 [ 0  0  0  1  1 49]]";0.8082669322709163;0.746475820442661;"[[ 29  30  14   8  25  17]
 [  1 243  39   6  13  31]
 [  0  18 393  24   6  14]
 [  5  13  40 303  21   7]
 [  2   5   4   2 386   7]
 [  0   2  13   4  14 269]]";0.6753246753246753;0.6178146850426565;"[[ 12  17   6   9  26  10]
 [ 13  95  29   5  15  20]
 [  0  14 157  10  12   8]
 [  3  11  24 146  17  10]
 [  2   9   6   1 149  12]
 [  1   3  14   2  16 117]]";318;[35 60 54 68 50 51]
267;CiteSeer;own;1;0.2;64;0.5;1;0.005;615395017;0.9722222222222222;0.9723992029070946;"[[35  0  0  0  0  1]
 [ 0 60  0  0  0  0]
 [ 0  1 55  1  0  0]
 [ 1  0  0 65  3  0]
 [ 0  0  0  0 50  0]
 [ 0  0  0  1  1 50]]";0.8066933066933067;0.7471975146204425;"[[ 31  36  14  11  20  12]
 [  4 243  40   6  11  28]
 [  0  17 395  26   6  13]
 [  5  14  39 302  16   6]
 [  2   6   4   2 386   6]
 [  0   2  21   4  16 258]]";0.6783216783216783;0.6169823757955591;"[[ 10  20   6  11  24   9]
 [ 14  97  31   5  14  16]
 [  1  14 157  10  12   7]
 [  3  11  24 148  16   9]
 [  3  11   5   2 151   7]
 [  1   3  14   3  16 116]]";324;[36 60 57 69 50 52]
268;CiteSeer;own;1;0.2;64;0.5;1;0.005;615395017;0.9787878787878788;0.9780879718376028;"[[36  0  0  1  0  0]
 [ 0 62  0  0  0  0]
 [ 0  1 57  0  0  0]
 [ 1  0  0 66  2  0]
 [ 1  0  0  0 51  0]
 [ 0  0  0  1  0 51]]";0.8071142284569138;0.7500918384101755;"[[ 33  37  14  10  20  11]
 [  4 241  44   4   9  28]
 [  0  17 393  25   6  14]
 [  5  13  39 304  14   6]
 [  1   6   4   2 382   9]
 [  2   2  22   5  12 258]]";0.6883116883116883;0.630705713490563;"[[ 12  19   7  10  24   8]
 [ 12 101  33   4  13  14]
 [  1  13 158   9  11   9]
 [  3  10  24 150  16   8]
 [  2  12   5   2 151   7]
 [  1   3  14   3  15 117]]";330;[37 62 58 69 52 52]
269;CiteSeer;own;1;0.2;64;0.5;1;0.005;615395017;0.9821428571428571;0.9805555555555556;"[[38  0  0  1  1  0]
 [ 0 62  0  0  0  0]
 [ 0  0 59  0  0  0]
 [ 1  0  0 68  0  0]
 [ 1  0  0  1 51  0]
 [ 0  0  0  1  0 52]]";0.8120603015075377;0.7607338755717078;"[[ 38  30  12  11  17  14]
 [  4 240  42   2  10  32]
 [  0  16 393  25   6  14]
 [  6  12  37 307  13   6]
 [  2   6   5   4 376  10]
 [  2   2  13   7  14 262]]";0.6873126873126874;0.6327853094507195;"[[ 14  18   6  11  22   9]
 [ 12  99  30   3  12  21]
 [  1  13 157  10  10  10]
 [  4  10  23 151  15   8]
 [  2  10   5   5 150   7]
 [  1   3  14   3  15 117]]";336;[40 62 59 69 53 53]
270;CiteSeer;own;1;0.2;64;0.5;1;0.005;615395017;0.9912280701754386;0.9913645425390246;"[[41  0  0  0  0  0]
 [ 0 62  0  0  0  0]
 [ 0  0 60  0  0  0]
 [ 1  0  0 68  1  0]
 [ 0  0  0  1 54  0]
 [ 0  0  0  0  0 54]]";0.8170362903225806;0.7660468345438817;"[[ 39  33  10  10  18  12]
 [  3 239  42   2  10  35]
 [  0  16 398  20   7  13]
 [  6  13  35 309  12   7]
 [  2   5   2   7 375   7]
 [  2   2  11   6  15 261]]";0.6923076923076923;0.6373716883444029;"[[ 14  18   6  11  22   9]
 [ 11 102  28   3  13  20]
 [  1  12 158   9  11  10]
 [  5  10  24 150  14   8]
 [  2   9   3   6 152   7]
 [  1   3  13   3  16 117]]";342;[41 62 60 70 55 54]
271;CiteSeer;own;1;0.2;64;0.5;1;0.005;615395017;0.9885057471264368;0.9885450918747463;"[[41  0  0  0  0  0]
 [ 0 62  0  0  0  0]
 [ 0  0 61  0  0  0]
 [ 1  0  0 68  1  1]
 [ 0  0  0  0 57  0]
 [ 0  0  0  0  1 55]]";0.8169868554095046;0.7645223484917123;"[[ 37  32  11  10  21  11]
 [  3 238  42   1  12  32]
 [  0  17 398  22   6  12]
 [  5  13  37 307  14   6]
 [  1   4   2   4 378   6]
 [  1   2  13   6  16 258]]";0.6913086913086913;0.6301439605679852;"[[ 11  19   7  11  23   9]
 [ 11 100  30   3  15  18]
 [  0  13 158   9  11  10]
 [  3  10  23 152  15   8]
 [  2   8   3   6 153   7]
 [  1   3  12   3  16 118]]";348;[41 62 61 71 57 56]
272;CiteSeer;own;1;0.2;64;0.5;1;0.005;615395017;0.9915254237288136;0.9911589687451756;"[[41  0  0  0  0  0]
 [ 0 62  0  0  0  0]
 [ 0  0 61  0  0  0]
 [ 2  0  0 71  1  0]
 [ 0  0  0  0 58  0]
 [ 0  0  0  0  0 58]]";0.8144016227180527;0.762443693674125;"[[ 37  29  13  11  24  11]
 [  3 236  44   2  13  31]
 [  0  17 395  22   6  13]
 [  4  12  34 310  13   6]
 [  1   4   4   5 370   8]
 [  0   2  12   6  16 258]]";0.6933066933066933;0.6339314248029687;"[[ 12  19   7  11  23   8]
 [ 11 100  31   5  12  18]
 [  0  11 160   9  11  10]
 [  3   9  24 153  14   8]
 [  2   8   3   6 151   9]
 [  1   3  12   2  17 118]]";354;[41 62 61 74 58 58]
273;CiteSeer;own;1;0.2;64;0.5;1;0.005;615395017;0.9888888888888889;0.9880236056468411;"[[42  0  0  0  0  0]
 [ 0 64  0  0  0  0]
 [ 0  0 61  0  0  0]
 [ 2  0  0 73  0  0]
 [ 1  0  0  1 57  0]
 [ 0  0  0  0  0 59]]";0.828585961342828;0.7763498165722078;"[[ 37  31  11  10  23  10]
 [  3 252  35   3  13  22]
 [  0  17 398  18   7  10]
 [  4  14  34 310  13   5]
 [  1   4   3   3 376   6]
 [  0   2  13   6  16 256]]";0.6873126873126874;0.6277913510657452;"[[ 11  21   7  11  23   7]
 [ 11 105  29   6  12  14]
 [  0  13 157  10  11  10]
 [  4   9  23 149  17   9]
 [  3   8   3   7 148  10]
 [  1   3  12   3  16 118]]";360;[42 64 61 75 59 59]
274;CiteSeer;own;1;0.2;64;0.5;1;0.005;615395017;0.9836065573770492;0.982299142821423;"[[44  0  0  1  0  0]
 [ 2 63  0  0  0  0]
 [ 0  0 62  0  0  0]
 [ 1  0  0 74  1  0]
 [ 1  0  0  0 58  0]
 [ 0  0  0  0  0 59]]";0.8326530612244898;0.7865177678383709;"[[ 44  26  13   9  23   9]
 [  6 239  38   6  10  21]
 [  1  17 394  20   8  10]
 [  4  14  30 322   8   5]
 [  1   4   3   3 373   6]
 [  1   2  12   5  13 260]]";0.6933066933066933;0.639035689817156;"[[ 14  19   6  11  23   7]
 [ 12 105  29   5  14  12]
 [  1  13 155  11  11  10]
 [  4   9  22 155  12   9]
 [  3   8   3   7 148  10]
 [  1   4  12   3  16 117]]";366;[45 65 62 76 59 59]
275;CiteSeer;own;1;0.2;64;0.5;1;0.005;615395017;0.9865591397849462;0.9862144060716763;"[[46  1  0  0  0  0]
 [ 0 66  0  0  0  0]
 [ 0  0 64  0  0  0]
 [ 2  0  0 73  1  0]
 [ 0  0  0  1 58  0]
 [ 0  0  0  0  0 60]]";0.8367451381780963;0.7890689761073348;"[[ 43  26  13   8  24  11]
 [  6 243  35   5  10  21]
 [  1  16 394  19   8  10]
 [  4  14  28 322   8   5]
 [  1   4   2   3 371   6]
 [  0   2  12   4  13 262]]";0.6933066933066933;0.6408680458078423;"[[ 15  19   6  11  23   6]
 [ 12 104  29   6  13  13]
 [  1  13 154  12  11  10]
 [  3   9  21 157  12   9]
 [  2   8   3   8 147  11]
 [  1   5  12   3  15 117]]";372;[47 66 64 76 59 60]
276;CiteSeer;own;1;0.2;64;0.5;1;0.005;615395017;0.9761904761904762;0.9754314243052072;"[[45  0  0  1  1  0]
 [ 1 66  1  0  0  0]
 [ 0  0 64  0  0  0]
 [ 2  0  0 75  0  1]
 [ 0  0  0  2 57  0]
 [ 0  0  0  0  0 62]]";0.8352156057494866;0.7871230565950383;"[[ 43  24  11   9  26  11]
 [  7 237  34   3  12  24]
 [  1  17 395  18   7  10]
 [  4  15  28 320   8   5]
 [  1   4   2   2 370   6]
 [  0   2  12   4  14 262]]";0.6923076923076923;0.6360484221095627;"[[ 13  17   7  12  24   7]
 [  9 103  29   4  18  14]
 [  1  13 154  12  11  10]
 [  3   9  22 156  12   9]
 [  2   8   3   7 149  10]
 [  1   5  11   3  15 118]]";378;[47 68 64 78 59 62]
277;CiteSeer;own;1;0.2;64;0.5;1;0.005;615395017;0.9869791666666666;0.9864370827864821;"[[46  0  1  1  0  0]
 [ 0 71  0  0  0  0]
 [ 0  1 63  0  0  0]
 [ 1  0  0 79  0  0]
 [ 0  0  0  1 58  0]
 [ 0  0  0  0  0 62]]";0.8388259526261586;0.789674380289546;"[[ 43  29  10   9  21  10]
 [  9 238  34   3  10  21]
 [  1  18 385  19   7  11]
 [  5  15  19 332   9   5]
 [  1   4   3   2 370   5]
 [  1   2  11   5  14 261]]";0.7042957042957043;0.6510654967307166;"[[ 15  19   6  11  23   6]
 [ 12 108  28   4  13  12]
 [  0  15 154  12  10  10]
 [  4   9  19 159  11   9]
 [  2   8   3   7 150   9]
 [  1   4  12   2  15 119]]";384;[48 71 64 80 59 62]
278;CiteSeer;own;1;0.2;64;0.5;1;0.005;615395017;0.9897435897435898;0.9900481463680758;"[[49  0  0  0  0  0]
 [ 0 70  1  0  0  0]
 [ 0  0 65  0  0  0]
 [ 1  0  0 78  1  0]
 [ 0  0  0  0 60  0]
 [ 0  0  0  1  0 64]]";0.8362603305785123;0.7867970028324774;"[[ 41  28  13   7  22  10]
 [  7 235  34   4  12  21]
 [  0  17 390  17   7  10]
 [  5  13  26 324  12   5]
 [  1   4   4   2 367   5]
 [  0   2  12   3  14 262]]";0.6983016983016983;0.6398375891164181;"[[ 12  19   8  11  24   6]
 [ 12 107  30   2  14  12]
 [  1  13 155  11  10  11]
 [  4   9  21 156  12   9]
 [  1   9   4   6 150   9]
 [  1   5  11   2  15 119]]";390;[49 71 65 80 60 65]
279;CiteSeer;own;1;0.2;64;0.5;1;0.005;615395017;0.9848484848484849;0.9849784655296712;"[[47  0  0  2  0  0]
 [ 0 72  1  0  0  0]
 [ 0  1 66  0  0  0]
 [ 0  0  0 78  1  1]
 [ 0  0  0  0 60  0]
 [ 0  0  0  0  0 67]]";0.8367875647668394;0.7884313041578803;"[[ 42  30  11   8  20  10]
 [  5 230  37   2   9  25]
 [  0  16 396  15   5  12]
 [  5  11  30 320  10   7]
 [  1   4   3   2 361   9]
 [  0   3  10   2  13 266]]";0.6993006993006993;0.645664122635038;"[[ 15  20   7  11  21   6]
 [ 14 104  30   2  13  14]
 [  1  11 159   9  10  11]
 [  4   7  22 158  11   9]
 [  1   9   4   7 146  12]
 [  1   6  11   2  15 118]]";396;[49 73 67 80 60 67]
280;CiteSeer;own;1;0.2;64;0.5;1;0.005;615395017;0.9875621890547264;0.987339334107849;"[[48  0  1  1  0  0]
 [ 0 73  1  0  0  0]
 [ 0  1 68  0  0  0]
 [ 0  0  0 81  1  0]
 [ 0  0  0  0 60  0]
 [ 0  0  0  0  0 67]]";0.8357588357588358;0.7866810071420777;"[[ 41  27  11   8  21  11]
 [  5 232  35   2  10  25]
 [  2  17 387  15   7  14]
 [  5  11  26 322  12   7]
 [  1   4   2   2 356  11]
 [  0   3   7   2  13 270]]";0.6953046953046953;0.6437794265665728;"[[ 16  18   6  11  23   6]
 [ 13 102  31   2  13  16]
 [  2  13 155  11   9  11]
 [  3   7  22 159  11   9]
 [  2   9   3   5 146  14]
 [  1   6  11   2  15 118]]";402;[50 74 69 82 60 67]
281;CiteSeer;own;1;0.2;64;0.5;1;0.005;615395017;0.9779411764705882;0.9776673604520915;"[[50  0  0  1  0  0]
 [ 0 74  0  0  0  0]
 [ 0  2 69  0  0  0]
 [ 2  0  1 81  1  0]
 [ 1  0  0  1 58  0]
 [ 0  0  0  0  0 67]]";0.8461939520333681;0.8037166122398777;"[[ 48  22   9   8  23  10]
 [  5 233  32   3  12  22]
 [  2  13 393  18   8   8]
 [  5  13  22 325   9   4]
 [  1   4   2   3 357   9]
 [  0   3  10   2  13 267]]";0.7022977022977023;0.652203305711443;"[[ 17  16   6  11  24   6]
 [ 14 104  29   4  15  11]
 [  2  11 158  10  10  10]
 [  4   8  21 158  11   9]
 [  2   9   3   6 147  12]
 [  1   5  11   2  15 119]]";408;[51 74 71 85 60 67]
282;CiteSeer;own;1;0.2;64;0.5;1;0.005;615395017;0.9879227053140096;0.9882651846097533;"[[50  0  0  1  0  0]
 [ 0 76  0  0  0  0]
 [ 0  1 69  1  0  0]
 [ 1  0  1 85  0  0]
 [ 0  0  0  0 61  0]
 [ 0  0  0  0  0 68]]";0.8462343096234309;0.8018518486277487;"[[ 45  25  10   8  21  10]
 [  4 236  31   1   9  25]
 [  0  13 395  18   8   8]
 [  4  13  26 320   9   4]
 [  2   4   3   2 356   8]
 [  0   3  11   2  12 266]]";0.7062937062937062;0.6558086707942054;"[[ 17  16   6  11  24   6]
 [ 15 106  30   3  11  12]
 [  2  10 159  10  10  10]
 [  4   7  23 158  10   9]
 [  2   9   3   5 148  12]
 [  1   5  11   2  15 119]]";414;[51 76 71 87 61 68]
283;CiteSeer;own;1;0.2;64;0.5;1;0.005;615395017;0.9833333333333333;0.9833488621888696;"[[53  0  1  0  0  0]
 [ 0 76  0  0  0  1]
 [ 0  1 70  1  0  0]
 [ 2  0  0 85  1  0]
 [ 0  0  0  0 61  0]
 [ 0  0  0  0  0 68]]";0.8483735571878279;0.805119128306858;"[[ 45  23  10   8  20  10]
 [  3 234  32   3   9  24]
 [  0  13 397  17   6   8]
 [  4  12  24 321   9   4]
 [  1   4   4   2 356   8]
 [  0   3  14   2  12 264]]";0.7072927072927073;0.6568053022202727;"[[ 17  16   8  11  22   6]
 [ 14 106  30   4  11  12]
 [  1  10 161  10   9  10]
 [  4   7  24 157  10   9]
 [  2   9   3   4 149  12]
 [  1   5  13   1  15 118]]";420;[54 77 72 88 61 68]
284;CiteSeer;own;1;0.2;64;0.5;1;0.005;2140929057;0.0;0.0;[[]];0.18701633705932932;0.06725124464217176;"[[  0   2  18 164   0   0]
 [  0   5  31 377   0   0]
 [  0   3  22 442   0   0]
 [  0   8  74 408   0   0]
 [  0   0  21 396   0   0]
 [  0   8  19 328   0   0]]";0.18281718281718282;0.06532120008731053;"[[  0   1   9  70   0   0]
 [  0   3  13 161   0   0]
 [  0   7   7 187   0   0]
 [  0   4  34 173   0   0]
 [  0   0  11 168   0   0]
 [  0   2  14 137   0   0]]";0;[]
285;CiteSeer;own;1;0.2;64;0.5;1;0.005;2140929057;1.0;1.0;"[[2 0 0]
 [0 2 0]
 [0 0 2]]";0.11077586206896552;0.0719506637579501;"[[152   0   0   0   0  32]
 [375   2   0   0   0  34]
 [424   0   0   0   0  43]
 [449   0   0   1   0  38]
 [275   0   0   0   0 137]
 [256   0   0   0   0 102]]";0.10589410589410589;0.06532808755030976;"[[ 66   0   0   0   0  14]
 [155   0   0   0   0  22]
 [182   0   0   0   0  19]
 [191   0   0   0   0  20]
 [123   0   0   0   0  56]
 [113   0   0   0   0  40]]";6;[0 2 0 2 0 2]
286;CiteSeer;own;1;0.2;64;0.5;1;0.005;2140929057;1.0;1.0;"[[2 0 0 0 0]
 [0 4 0 0 0]
 [0 0 1 0 0]
 [0 0 0 2 0]
 [0 0 0 0 3]]";0.19187554019014694;0.08880753297558923;"[[  3   0 153   0  27   0]
 [ 20  18 295   0  67   1]
 [  0   0 402   0  85   0]
 [  0   0 453   1  27   0]
 [  0   0 383   0   5  17]
 [  0   0 334   0   8  15]]";0.16183816183816183;0.060058193723223456;"[[  0   0  73   0   7   0]
 [  5   3 148   0  21   0]
 [  1   0 155   0  45   0]
 [  0   0 201   0  10   0]
 [  0   0 169   0   1   9]
 [  0   0 148   0   2   3]]";12;[2 4 1 2 0 3]
287;CiteSeer;own;1;0.2;64;0.5;1;0.005;2140929057;1.0;1.0;"[[3 0 0 0 0 0]
 [0 8 0 0 0 0]
 [0 0 1 0 0 0]
 [0 0 0 2 0 0]
 [0 0 0 0 1 0]
 [0 0 0 0 0 3]]";0.40467937608318894;0.27728221896374405;"[[  4  67  68   0  40   0]
 [  0 280 108   0  25   0]
 [  0  34 430   0  12   0]
 [  0  41 389   1  49   0]
 [  0  39 164   0 211   2]
 [  0  38 174   0 124   8]]";0.38461538461538464;0.2533723549752898;"[[  0  26  39   0  15   0]
 [  1 119  41   0  16   0]
 [  1  16 178   0   6   0]
 [  0  18 173   0  20   0]
 [  0  20  70   0  88   1]
 [  0  19  75   0  59   0]]";18;[3 8 1 2 1 3]
288;CiteSeer;own;1;0.2;64;0.5;1;0.005;2140929057;0.9583333333333334;0.961038961038961;"[[5 0 0 0 0 0]
 [0 8 0 0 0 0]
 [0 0 1 0 0 0]
 [0 0 0 4 0 0]
 [0 0 0 0 2 0]
 [1 0 0 0 0 3]]";0.42137271937445697;0.29476956295234774;"[[  4  53  61   0  59   0]
 [  0 258 109   0  46   0]
 [  1  34 426   0  15   0]
 [  1  32 326  22  97   0]
 [  0  21 139   1 255   2]
 [  0  22 141   3 169   5]]";0.4045954045954046;0.2813454338587859;"[[  0  21  35   0  24   0]
 [  2 112  43   0  20   0]
 [  1  16 176   0   8   0]
 [  0  15 151  12  33   0]
 [  1  12  61   0 104   1]
 [  1   5  57   1  88   1]]";24;[5 8 1 4 2 4]
289;CiteSeer;own;1;0.2;64;0.5;1;0.005;2140929057;1.0;1.0;"[[5 0 0 0 0 0]
 [0 9 0 0 0 0]
 [0 0 1 0 0 0]
 [0 0 0 6 0 0]
 [0 0 0 0 2 0]
 [0 0 0 0 0 7]]";0.42770034843205573;0.340134226193139;"[[  3  91  55   1  19   8]
 [  0 310  87   0  10   6]
 [  0  78 394   0   1   1]
 [  0  73 323  75   6   0]
 [  0  69 180   3 135  31]
 [  0  49 128   1  94  65]]";0.4195804195804196;0.3372974417320304;"[[  0  38  33   0   7   2]
 [  1 136  33   0   4   3]
 [  1  37 160   0   0   3]
 [  0  30 143  34   4   0]
 [  1  37  74   0  53  14]
 [  0  18  53   0  45  37]]";30;[5 9 1 6 2 7]
290;CiteSeer;own;1;0.2;64;0.5;1;0.005;2140929057;1.0;1.0;"[[6 0 0 0 0 0]
 [0 9 0 0 0 0]
 [0 0 1 0 0 0]
 [0 0 0 9 0 0]
 [0 0 0 0 3 0]
 [0 0 0 0 0 8]]";0.4764192139737991;0.4214369825607289;"[[ 27  66  21  30  15  14]
 [ 40 276  52  26   6  13]
 [ 11  72 358  22   1   8]
 [ 16  50 171 227   3   9]
 [ 41  35  95  95  81  69]
 [ 36  23  70  51  38 122]]";0.4695304695304695;0.41171903251399433;"[[  9  24  15  17   8   7]
 [ 14 126  19  10   3   5]
 [ 10  33 146   7   0   5]
 [ 15  22  71  99   0   4]
 [ 22  20  36  42  26  33]
 [ 14   8  26  27  14  64]]";36;[6 9 1 9 3 8]
291;CiteSeer;own;1;0.2;64;0.5;1;0.005;2140929057;0.9761904761904762;0.9760765550239235;"[[7 0 0 0 0 0]
 [0 9 0 0 0 0]
 [0 0 2 0 0 0]
 [0 0 0 9 0 0]
 [0 0 0 0 5 0]
 [0 0 0 0 1 9]]";0.46716287215411556;0.4382870191774699;"[[ 57  48  11   3  63  14]
 [ 35 244  19   0  74  30]
 [  2  78 117   4  44 171]
 [  3  51  46 111 172  86]
 [ 22  10   6   0 364   3]
 [ 15  14   8   4 181 174]]";0.4165834165834166;0.3764785166879061;"[[ 13  21   5   1  37   3]
 [ 15 105  11   0  31  15]
 [  2  38  47   1  21  92]
 [  1  21  26  52  70  41]
 [ 20   3   2   0 153   1]
 [  8   5   3   1  89  47]]";42;[ 7  9  2  9  5 10]
292;CiteSeer;own;1;0.2;64;0.5;1;0.005;2140929057;1.0;1.0;"[[ 7  0  0  0  0  0]
 [ 0 10  0  0  0  0]
 [ 0  0  4  0  0  0]
 [ 0  0  0 10  0  0]
 [ 0  0  0  0  6  0]
 [ 0  0  0  0  0 11]]";0.5377524143985952;0.47369922213055743;"[[ 42  71   3   2  48  22]
 [ 14 361   5   0  35  33]
 [  0 130  43   6  22 176]
 [  2  75  17 165 102 101]
 [ 11  20   2   0 371   9]
 [  3  41   1   2 100 243]]";0.4595404595404595;0.39083115695683057;"[[  8  36   2   1  28   5]
 [ 13 134   1   0  16  13]
 [  1  77  13   2  13  95]
 [  0  37  15  71  41  47]
 [ 14  10   0   2 148   5]
 [  3  21   2   3  38  86]]";48;[ 7 10  4 10  6 11]
293;CiteSeer;own;1;0.2;64;0.5;1;0.005;2140929057;1.0;1.0;"[[ 8  0  0  0  0  0]
 [ 0 10  0  0  0  0]
 [ 0  0  4  0  0  0]
 [ 0  0  0 14  0  0]
 [ 0  0  0  0  7  0]
 [ 0  0  0  0  0 11]]";0.5809859154929577;0.5147583102764516;"[[ 44  59   3   8  62  12]
 [ 30 348   2   5  48  15]
 [  1 130  47  41  28 128]
 [  2  56  11 294  70  26]
 [ 14  17   2   4 370   5]
 [  4  28   7  15 119 217]]";0.5054945054945055;0.43433494659206356;"[[ 11  24   1   5  36   3]
 [ 13 129   2   2  23   8]
 [  1  78  15  18  14  75]
 [  0  26   6 136  26  17]
 [ 18   6   2   3 147   3]
 [  3  11   3  14  54  68]]";54;[ 8 10  4 14  7 11]
294;CiteSeer;own;1;0.2;64;0.5;1;0.005;2140929057;0.9833333333333333;0.9737373737373738;"[[ 8  0  0  0  0  0]
 [ 0 11  0  0  0  0]
 [ 0  0  5  0  0  0]
 [ 0  0  0 16  0  0]
 [ 0  0  1  0  7  0]
 [ 0  0  0  0  0 12]]";0.590026478375993;0.539372959802267;"[[ 40  47  13  22  58   5]
 [ 23 309  16  16  56  16]
 [  0 104 120  43  22  96]
 [  2  47  29 319  47  18]
 [ 16  11  22  11 367   3]
 [  4  22  44  23  93 182]]";0.5484515484515484;0.49326604477303193;"[[ 11  17   8   8  34   2]
 [ 12 118   6   9  26   6]
 [  1  58  59  18  17  48]
 [  0  18  16 144  24   9]
 [ 17   3   3   4 148   4]
 [  3   6  19  15  41  69]]";60;[ 8 11  5 16  8 12]
295;CiteSeer;own;1;0.2;64;0.5;1;0.005;2140929057;1.0;1.0;"[[ 8  0  0  0  0  0]
 [ 0 13  0  0  0  0]
 [ 0  0  6  0  0  0]
 [ 0  0  0 17  0  0]
 [ 0  0  0  0  9  0]
 [ 0  0  0  0  0 13]]";0.6070796460176991;0.5598292183730141;"[[ 32  42  18  16  64  10]
 [ 16 272  55  15  59   9]
 [  0  54 257  28  34  41]
 [  1  31  82 272  68  14]
 [ 14   7  20   1 381   7]
 [  3  15  52  13  99 158]]";0.5684315684315684;0.5198262016537011;"[[  9  17   8   7  36   3]
 [ 10 109  18   5  31   4]
 [  1  33 111  17  20  19]
 [  0  12  40 114  37   8]
 [ 13   4   5   1 150   6]
 [  2   4  19   6  46  76]]";66;[ 8 13  6 17  9 13]
296;CiteSeer;own;1;0.2;64;0.5;1;0.005;2140929057;1.0;1.0;"[[ 8  0  0  0  0  0]
 [ 0 14  0  0  0  0]
 [ 0  0  9  0  0  0]
 [ 0  0  0 17  0  0]
 [ 0  0  0  0 10  0]
 [ 0  0  0  0  0 14]]";0.6180124223602484;0.5718487732425924;"[[ 42  42  15  18  55   8]
 [ 23 279  41  19  50   7]
 [  0  59 285  30  33  14]
 [  2  40  78 278  58  11]
 [ 18  10  14   1 381   5]
 [  9  25  41  15 120 128]]";0.5794205794205795;0.5322736999195151;"[[ 11  19   5   8  34   3]
 [ 10 113  21   7  23   3]
 [  3  35 123  19  17   4]
 [  0  14  41 123  27   6]
 [ 15   9   7   3 143   2]
 [  4   4  15   9  54  67]]";72;[ 8 14  9 17 10 14]
297;CiteSeer;own;1;0.2;64;0.5;1;0.005;2140929057;1.0;1.0;"[[10  0  0  0  0  0]
 [ 0 14  0  0  0  0]
 [ 0  0 10  0  0  0]
 [ 0  0  0 17  0  0]
 [ 0  0  0  0 10  0]
 [ 0  0  0  0  0 17]]";0.6525800711743772;0.6105684337155682;"[[ 40  36  13  13  34  42]
 [ 20 251  30  10  22  76]
 [  0  53 261  27  30  52]
 [  1  36  48 287  49  46]
 [ 16  12   6   0 365  25]
 [  4  15  20   8  37 263]]";0.5974025974025974;0.5492505425317504;"[[ 11  23   6   5  16  19]
 [ 13 101  15   5  13  30]
 [  1  32 105  17  16  30]
 [  0  10  27 125  21  28]
 [ 18   7   2   3 139  10]
 [  2   2  10   4  18 117]]";78;[10 14 10 17 10 17]
298;CiteSeer;own;1;0.2;64;0.5;1;0.005;2140929057;0.9880952380952381;0.9848171152518979;"[[11  0  0  0  0  0]
 [ 0 16  0  0  0  0]
 [ 0  0 11  0  1  0]
 [ 0  0  0 17  0  0]
 [ 0  0  0  0 10  0]
 [ 0  0  0  0  0 18]]";0.6574487065120428;0.6185022320056766;"[[ 45  49  16  12  26  29]
 [ 34 269  21  12  17  56]
 [  1  49 258  28  24  69]
 [  2  44  71 276  30  42]
 [ 13  15   6   0 362  20]
 [  5  11  23   7  36 264]]";0.5854145854145855;0.5400435727215755;"[[ 11  28   7   6  14  14]
 [ 15 104  13   5   7  33]
 [  2  34 101  18  13  33]
 [  0  20  37 119  15  20]
 [ 17  12   8   0 136   6]
 [  3   1  11   4  19 115]]";84;[11 16 12 17 10 18]
299;CiteSeer;own;1;0.2;64;0.5;1;0.005;2140929057;1.0;1.0;"[[12  0  0  0  0  0]
 [ 0 17  0  0  0  0]
 [ 0  0 13  0  0  0]
 [ 0  0  0 18  0  0]
 [ 0  0  0  0 11  0]
 [ 0  0  0  0  0 19]]";0.6838103756708408;0.6461042250074206;"[[ 48  49  16  18  22  22]
 [ 25 281  22  14  11  52]
 [  1  47 278  30  13  65]
 [  2  37  69 307  19  32]
 [ 16  15  11   2 349  18]
 [  5  12  23  13  26 266]]";0.6133866133866134;0.567689954110621;"[[ 12  28   7   9  11  13]
 [ 13 109  13   5   6  31]
 [  2  28 111  17  11  32]
 [  0  17  37 136   6  15]
 [ 17  12  11   3 130   6]
 [  3   1  15   6  12 116]]";90;[12 17 13 18 11 19]
300;CiteSeer;own;1;0.2;64;0.5;1;0.005;2140929057;1.0;1.0;"[[12  0  0  0  0  0]
 [ 0 19  0  0  0  0]
 [ 0  0 14  0  0  0]
 [ 0  0  0 19  0  0]
 [ 0  0  0  0 12  0]
 [ 0  0  0  0  0 20]]";0.7076233183856502;0.6587348742885487;"[[ 36  50  20  20  26  18]
 [  6 287  43  15  18  27]
 [  0  41 335  31  23  30]
 [  1  36  42 337  27  22]
 [  9  21  16   3 352   7]
 [  2   8  37  19  34 231]]";0.6443556443556444;0.591493532628142;"[[ 11  29  12   9  14   5]
 [ 10 109  24   3   9  22]
 [  1  18 136  18  13  15]
 [  0  16  26 148   7  14]
 [ 12  13  11   4 136   3]
 [  2   1  21   5  19 105]]";96;[12 19 14 19 12 20]
301;CiteSeer;own;1;0.2;64;0.5;1;0.005;2140929057;0.9705882352941176;0.9701967799642218;"[[12  0  0  0  0  0]
 [ 0 21  0  0  0  0]
 [ 0  1 14  0  0  0]
 [ 1  0  0 19  0  0]
 [ 0  0  0  0 12  0]
 [ 0  0  1  0  0 21]]";0.7126798561151079;0.6677827916302584;"[[ 43  52  15  19  26  16]
 [ 18 286  41   9  16  22]
 [  1  37 344  29  24  23]
 [  2  37  39 327  32  25]
 [ 14  22  11   2 349   8]
 [  4  12  27  19  37 236]]";0.6543456543456544;0.6040776583406887;"[[ 12  31   9   7  14   7]
 [ 13 119  24   1   6  14]
 [  1  21 136  18  13  12]
 [  0  20  25 145  10  11]
 [ 13  16   9   4 134   3]
 [  2   1  17   5  19 109]]";102;[12 21 15 20 12 22]
302;CiteSeer;own;1;0.2;64;0.5;1;0.005;2140929057;1.0;1.0;"[[13  0  0  0  0  0]
 [ 0 22  0  0  0  0]
 [ 0  0 16  0  0  0]
 [ 0  0  0 21  0  0]
 [ 0  0  0  0 13  0]
 [ 0  0  0  0  0 23]]";0.7254283137962128;0.6798922741210772;"[[ 41  51  20  17  18  19]
 [  8 289  50  11   9  25]
 [  0  25 382  26  13  22]
 [  1  36  60 306  16  33]
 [ 11  19  15   6 343  12]
 [  2  10  27  20  27 248]]";0.6443556443556444;0.5968939994881639;"[[ 12  29  17   6  10   6]
 [ 13 113  29   1   5  16]
 [  1  15 143  18  13  11]
 [  0  18  36 138   3  16]
 [ 12  18  14   4 127   4]
 [  2   2  19   5  13 112]]";108;[13 22 16 21 13 23]
303;CiteSeer;own;1;0.2;64;0.5;1;0.005;2140929057;0.9824561403508771;0.9819525655182296;"[[14  0  0  1  0  0]
 [ 0 23  0  0  0  0]
 [ 0  1 16  0  0  0]
 [ 0  0  0 22  0  0]
 [ 0  0  0  0 14  0]
 [ 0  0  0  0  0 23]]";0.7319168173598554;0.6837999041614858;"[[ 39  49  19  21  17  20]
 [  9 298  40  12  10  22]
 [  0  26 384  29  11  18]
 [  0  36  60 306  16  32]
 [ 11  19  14   7 345   9]
 [  2   7  29  18  30 247]]";0.6453546453546454;0.5979872686197624;"[[ 12  28  21   6  10   3]
 [ 12 117  26   2   6  14]
 [  1  14 142  19  13  12]
 [  0  17  36 137   4  17]
 [ 11  18  15   4 128   3]
 [  2   2  19   5  15 110]]";114;[15 23 17 22 14 23]
304;CiteSeer;own;1;0.2;64;0.5;1;0.005;2140929057;0.9916666666666667;0.9922275216392863;"[[15  0  0  0  0  0]
 [ 0 25  0  0  0  0]
 [ 0  1 18  0  0  0]
 [ 0  0  0 22  0  0]
 [ 0  0  0  0 15  0]
 [ 0  0  0  0  0 24]]";0.7311876699909338;0.683353503036061;"[[ 39  47  25  13  24  16]
 [  7 293  41   8  14  22]
 [  0  28 386  29   9  15]
 [  1  38  66 299  16  30]
 [ 10  17  14   4 353  10]
 [  2   6  32  18  31 243]]";0.6463536463536463;0.5982039036817736;"[[ 12  29  22   4  10   3]
 [ 12 116  27   1   7  14]
 [  1  15 145  18  13   9]
 [  0  18  35 136   5  17]
 [ 13  16  12   4 131   3]
 [  2   2  18   5  19 107]]";120;[15 25 19 22 15 24]
305;CiteSeer;own;1;0.2;64;0.5;1;0.005;2140929057;0.9761904761904762;0.9773632389873121;"[[15  0  0  0  0  0]
 [ 1 26  0  0  0  1]
 [ 0  0 19  1  0  0]
 [ 0  0  0 23  0  0]
 [ 0  0  0  0 15  0]
 [ 0  0  0  0  0 25]]";0.7340909090909091;0.681411231155067;"[[ 35  48  21  14  25  19]
 [  6 290  41  10  14  23]
 [  0  22 389  28   9  19]
 [  1  36  62 309  15  28]
 [ 14  11  10   9 346  16]
 [  2   7  30  16  29 246]]";0.6453546453546454;0.5962771942769688;"[[ 12  28  20   5  10   5]
 [ 11 109  27   2   8  20]
 [  1  13 144  18  13  12]
 [  0  18  34 137   5  17]
 [ 12  12  11   7 134   3]
 [  2   2  19   5  15 110]]";126;[15 28 20 23 15 25]
306;CiteSeer;own;1;0.2;64;0.5;1;0.005;2140929057;0.9924242424242424;0.9938250428816467;"[[15  0  0  0  0  0]
 [ 0 27  0  0  0  1]
 [ 0  0 22  0  0  0]
 [ 0  0  0 24  0  0]
 [ 0  0  0  0 17  0]
 [ 0  0  0  0  0 26]]";0.7297174111212398;0.6758071477801333;"[[ 34  53  19  13  27  17]
 [  4 285  34   9  18  25]
 [  0  21 394  26  11  25]
 [  1  34  67 303  18  27]
 [ 11  13   9  11 350  14]
 [  2   6  27  14  37 235]]";0.6373626373626373;0.5821298086770232;"[[  9  29  20   4  12   6]
 [ 13 107  28   2  10  17]
 [  1  12 144  17  13  14]
 [  0  18  34 138   6  15]
 [ 10  12  12   7 136   2]
 [  2   2  17   5  23 104]]";132;[15 28 22 24 17 26]
307;CiteSeer;own;1;0.2;64;0.5;1;0.005;2140929057;1.0;1.0;"[[17  0  0  0  0  0]
 [ 0 29  0  0  0  0]
 [ 0  0 22  0  0  0]
 [ 0  0  0 26  0  0]
 [ 0  0  0  0 17  0]
 [ 0  0  0  0  0 27]]";0.7362888482632541;0.6851401190920906;"[[ 36  45  29  15  27  10]
 [  5 280  50   6  16  17]
 [  0  16 407  23  10  21]
 [  1  32  76 304  17  17]
 [ 10  16  10   9 352  10]
 [  2   8  29  16  34 232]]";0.6383616383616384;0.5856529939027292;"[[  9  31  22   4  12   2]
 [ 13 105  37   1  11  10]
 [  1  11 145  17  13  14]
 [  0  17  40 139   5  10]
 [ 10  14  11   7 136   1]
 [  2   2  18   6  20 105]]";138;[17 29 22 26 17 27]
308;CiteSeer;own;1;0.2;64;0.5;1;0.005;2140929057;0.9930555555555556;0.9926706367384334;"[[18  0  0  0  0  0]
 [ 0 29  0  0  0  0]
 [ 0  0 23  0  0  0]
 [ 0  0  0 26  0  0]
 [ 0  0  0  0 18  0]
 [ 0  0  0  0  1 29]]";0.7419798350137489;0.6893374818275736;"[[ 35  49  25  12  28  13]
 [  5 288  45   6  16  13]
 [  0  17 404  24  10  20]
 [  1  32  69 307  17  19]
 [  9  15  11  10 347  11]
 [  2   9  26  13  36 238]]";0.6473526473526473;0.5934186922003154;"[[  9  31  22   4  12   2]
 [ 13 111  34   1  10   8]
 [  1  13 145  18  13  11]
 [  0  18  37 141   3  12]
 [  8  15  10   7 136   3]
 [  2   2  16   5  22 106]]";144;[18 29 23 26 18 30]
309;CiteSeer;own;1;0.2;64;0.5;1;0.005;2140929057;1.0;1.0;"[[18  0  0  0  0  0]
 [ 0 30  0  0  0  0]
 [ 0  0 26  0  0  0]
 [ 0  0  0 27  0  0]
 [ 0  0  0  0 18  0]
 [ 0  0  0  0  0 31]]";0.7454044117647058;0.6924656721102714;"[[ 35  48  21  15  26  14]
 [  6 283  42   8  12  19]
 [  0  17 404  27   7  19]
 [  0  29  64 313  19  23]
 [ 11  10  11  14 343  12]
 [  2   6  32  10  30 244]]";0.6423576423576424;0.5921834920057041;"[[ 11  28  19   7  11   4]
 [ 14 106  32   3   9  13]
 [  1  14 143  17  13  13]
 [  0  17  35 143   4  12]
 [ 10  15  11   9 130   4]
 [  2   2  16   5  18 110]]";150;[18 30 26 27 18 31]
310;CiteSeer;own;1;0.2;64;0.5;1;0.005;2140929057;1.0;1.0;"[[18  0  0  0  0  0]
 [ 0 32  0  0  0  0]
 [ 0  0 26  0  0  0]
 [ 0  0  0 30  0  0]
 [ 0  0  0  0 18  0]
 [ 0  0  0  0  0 32]]";0.7488479262672811;0.6960951622261118;"[[ 34  42  27  17  22  14]
 [  1 276  49  11  11  21]
 [  0  15 407  28   6  17]
 [  0  25  66 329  14  14]
 [ 10  11  12  16 339  13]
 [  2   7  37  11  26 240]]";0.6463536463536463;0.5925808812108964;"[[  9  25  22   8  10   6]
 [  9 105  41   3   9  10]
 [  1  12 147  19  12  10]
 [  0  14  38 147   3   9]
 [  8  15  11  10 131   4]
 [  2   2  21   4  16 108]]";156;[18 32 26 30 18 32]
311;CiteSeer;own;1;0.2;64;0.5;1;0.005;2140929057;1.0;1.0;"[[19  0  0  0  0  0]
 [ 0 33  0  0  0  0]
 [ 0  0 26  0  0  0]
 [ 0  0  0 32  0  0]
 [ 0  0  0  0 20  0]
 [ 0  0  0  0  0 32]]";0.756007393715342;0.7014735101217964;"[[ 33  48  23  16  20  15]
 [  2 274  50  11  11  23]
 [  0  14 402  32   6  20]
 [  0  24  55 343   7  17]
 [  9  12   9  19 334  13]
 [  2   6  34   9  21 250]]";0.6503496503496503;0.594608266571231;"[[  9  27  22   8   9   5]
 [  9 107  40   4   6  11]
 [  1  12 142  20  11  15]
 [  0  12  28 156   2  13]
 [  8  19  10  11 125   6]
 [  2   3  18   3  15 112]]";162;[19 33 26 32 20 32]
312;CiteSeer;own;1;0.2;64;0.5;1;0.005;2140929057;0.9940476190476191;0.9929793769197016;"[[21  0  0  0  0  0]
 [ 0 33  0  0  0  0]
 [ 1  0 26  0  0  0]
 [ 0  0  0 34  0  0]
 [ 0  0  0  0 21  0]
 [ 0  0  0  0  0 32]]";0.7386468952734013;0.6975637681356385;"[[ 51  44  24  13  24   9]
 [ 15 253  61  10  15  18]
 [  6  13 397  26   5  19]
 [ 16  22  56 330   7  10]
 [ 18   9  14  16 325  11]
 [  7   2  40  11  23 238]]";0.6203796203796204;0.5871355776770564;"[[ 20  20  17   8  13   2]
 [ 14  92  49   4   9   9]
 [  9  11 137  20  11  13]
 [  4  13  30 151   2  11]
 [ 14  19  16  10 114   6]
 [  7   1  19   3  16 107]]";168;[21 33 27 34 21 32]
313;CiteSeer;own;1;0.2;64;0.5;1;0.005;2140929057;0.9885057471264368;0.9882695925084247;"[[21  0  0  0  0  0]
 [ 0 33  0  0  0  0]
 [ 1  0 26  0  0  0]
 [ 0  1  0 37  0  0]
 [ 0  0  0  0 22  0]
 [ 0  0  0  0  0 33]]";0.7490706319702602;0.7030482412570884;"[[ 43  43  21  14  26  14]
 [  6 260  54  10  18  23]
 [  7  17 388  27   3  23]
 [  7  22  53 340   9  11]
 [ 10   9  16  18 329  10]
 [  4   1  30  12  22 252]]";0.6243756243756243;0.5795560804434254;"[[ 13  22  17   8  13   7]
 [  9  95  45   6  11  11]
 [  6  12 131  24  12  16]
 [  0  14  28 156   2  11]
 [ 10  17  19  11 116   6]
 [  3   1  17   3  15 114]]";174;[21 33 27 38 22 33]
314;CiteSeer;own;1;0.2;64;0.5;1;0.005;2140929057;0.9944444444444445;0.9933723196881091;"[[22  0  0  0  0  0]
 [ 0 34  0  0  0  0]
 [ 1  0 28  0  0  0]
 [ 0  0  0 39  0  0]
 [ 0  0  0  0 22  0]
 [ 0  0  0  0  0 34]]";0.755358807082945;0.7115600540185006;"[[ 45  42  21  16  25  12]
 [  7 264  53  10  15  21]
 [  3  17 393  29   3  23]
 [  1  23  48 353   7   9]
 [ 12  12  21  20 313   9]
 [  4   5  29  12  16 253]]";0.6273726273726273;0.5848465042751338;"[[ 14  24  18   8  12   4]
 [ 10  99  42   6  10  10]
 [  5  13 134  25   8  16]
 [  0  14  28 157   2  10]
 [ 10  19  21  13 110   6]
 [  3   3  19   3  11 114]]";180;[22 34 29 39 22 34]
315;CiteSeer;own;1;0.2;64;0.5;1;0.005;2140929057;0.9946236559139785;0.9937737806987202;"[[24  0  0  0  0  0]
 [ 0 35  0  0  0  0]
 [ 1  0 29  0  0  0]
 [ 0  0  0 40  0  0]
 [ 0  0  0  0 23  0]
 [ 0  0  0  0  0 34]]";0.7560747663551401;0.7146819801832534;"[[ 51  40  21  16  22  10]
 [ 16 248  53  13  18  21]
 [  4  15 394  30   2  21]
 [  4  17  48 357   7   6]
 [ 15   8  17  20 319   9]
 [  6   1  30  16  16 249]]";0.6333666333666333;0.5974620924715891;"[[ 19  18  21   8  11   3]
 [ 14  94  43   5  11  10]
 [  7  10 134  26  10  14]
 [  3  13  25 160   2   8]
 [ 11  17  18  13 115   5]
 [  5   2  19   3  12 112]]";186;[24 35 30 40 23 34]
316;CiteSeer;own;1;0.2;64;0.5;1;0.005;2140929057;0.9947916666666666;0.9937737806987202;"[[24  0  0  0  0  0]
 [ 0 38  0  0  0  0]
 [ 1  0 29  0  0  0]
 [ 0  0  0 41  0  0]
 [ 0  0  0  0 24  0]
 [ 0  0  0  0  0 35]]";0.7619493908153702;0.7220156611261457;"[[ 52  38  19  16  22  12]
 [ 12 249  54  14  16  22]
 [  3  14 393  34   2  20]
 [  2  17  46 360   7   6]
 [ 13   9  17  19 319  10]
 [  5   1  26  16  16 253]]";0.6423576423576424;0.6057451759452148;"[[ 20  17  16  10  11   6]
 [ 11  94  43   5  11  13]
 [  4  10 136  26  11  14]
 [  2  12  22 163   2  10]
 [ 11  17  18  12 116   5]
 [  3   3  18   3  12 114]]";192;[24 38 30 41 24 35]
317;CiteSeer;own;1;0.2;64;0.5;1;0.005;2140929057;0.98989898989899;0.9900209533787323;"[[25  0  0  0  0  0]
 [ 0 41  0  0  0  0]
 [ 0  1 29  0  0  0]
 [ 0  0  0 43  0  0]
 [ 0  0  0  0 24  0]
 [ 0  0  1  0  0 34]]";0.7706766917293233;0.735254968319131;"[[ 58  40  18  13  19  10]
 [ 13 271  33  15  12  19]
 [  3  19 390  33   1  19]
 [  2  18  47 353   8  10]
 [ 14  10  18  18 317  10]
 [  3   5  27  15  16 251]]";0.6533466533466533;0.6117466241189401;"[[ 17  22  16  10  10   5]
 [ 13 112  28   5   7  12]
 [  5  14 132  26  10  14]
 [  1  11  23 162   2  12]
 [ 12  18  17  11 115   6]
 [  3   3  17   3  11 116]]";198;[25 41 30 43 24 35]
318;CiteSeer;own;1;0.2;64;0.5;1;0.005;2140929057;1.0;1.0;"[[26  0  0  0  0  0]
 [ 0 42  0  0  0  0]
 [ 0  0 30  0  0  0]
 [ 0  0  0 44  0  0]
 [ 0  0  0  0 25  0]
 [ 0  0  0  0  0 37]]";0.7756833176248822;0.743589631142382;"[[ 63  35  17  12  19  10]
 [ 10 277  30  13  13  21]
 [  2  21 389  32   2  19]
 [  4  18  42 350  10  11]
 [ 14  11  15  17 319  10]
 [  3   7  26  16  16 248]]";0.6623376623376623;0.6249296513314254;"[[ 20  22  15  10  10   3]
 [ 12 118  21   6   8  12]
 [  5  16 129  25  11  15]
 [  3  12  23 161   2  10]
 [ 11  18  16  11 118   5]
 [  3   2  17   3  11 117]]";204;[26 42 30 44 25 37]
319;CiteSeer;own;1;0.2;64;0.5;1;0.005;2140929057;0.9952380952380953;0.996003996003996;"[[27  0  0  0  0  0]
 [ 0 42  0  0  0  0]
 [ 0  0 31  0  0  0]
 [ 0  0  0 45  0  1]
 [ 0  0  0  0 26  0]
 [ 0  0  0  0  0 38]]";0.776937618147448;0.7447872866497294;"[[ 60  36  17  12  19   9]
 [  9 290  26  13   8  18]
 [  2  25 382  37   2  14]
 [  1  24  43 345   7  15]
 [ 13  14  18  16 316  11]
 [  3  11  21  11  17 251]]";0.6593406593406593;0.6162374287718385;"[[ 16  24  14  10  11   5]
 [ 10 122  22   8   6   9]
 [  3  20 130  23  10  15]
 [  0  13  23 157   3  15]
 [ 10  19  14  15 116   5]
 [  3   2  14   5  10 119]]";210;[27 42 31 46 26 38]
320;CiteSeer;own;1;0.2;64;0.5;1;0.005;2140929057;0.9953703703703703;0.9948599923283467;"[[27  0  0  0  0  0]
 [ 0 44  0  0  0  0]
 [ 0  0 32  0  0  0]
 [ 0  0  0 46  0  0]
 [ 0  0  0  0 27  0]
 [ 0  0  0  0  1 39]]";0.7748815165876777;0.7414644387266572;"[[ 59  37  18  11  20   7]
 [  8 287  27  10  11  18]
 [  2  24 384  35   2  17]
 [  2  22  43 345   8  16]
 [ 13  10  16  18 320  13]
 [  4   8  24  13  18 240]]";0.6663336663336663;0.6190572465244473;"[[ 14  22  16  10  13   5]
 [ 10 121  23   7   7   9]
 [  3  19 132  23  10  14]
 [  0  13  23 158   3  14]
 [  8  17  13  13 123   5]
 [  3   2  14   5  10 119]]";216;[27 44 32 46 27 40]
321;CiteSeer;own;1;0.2;64;0.5;1;0.005;2140929057;1.0;1.0;"[[27  0  0  0  0  0]
 [ 0 47  0  0  0  0]
 [ 0  0 32  0  0  0]
 [ 0  0  0 46  0  0]
 [ 0  0  0  0 28  0]
 [ 0  0  0  0  0 42]]";0.7856463878326996;0.7536889952643545;"[[ 60  33  19  11  19   8]
 [  6 293  27   8  11  15]
 [  2  20 387  36   3  14]
 [  1  19  45 349   7  15]
 [ 13  10  16  19 319  12]
 [  3   8  24  12  15 245]]";0.6673326673326674;0.6196719645504173;"[[ 14  26  16   9  11   4]
 [  9 123  22   5   8  10]
 [  3  16 136  24  10  12]
 [  1  13  22 158   2  15]
 [  8  17  15  14 119   6]
 [  3   2  15   5  10 118]]";222;[27 47 32 46 28 42]
322;CiteSeer;own;1;0.2;64;0.5;1;0.005;2140929057;1.0;1.0;"[[29  0  0  0  0  0]
 [ 0 48  0  0  0  0]
 [ 0  0 33  0  0  0]
 [ 0  0  0 47  0  0]
 [ 0  0  0  0 29  0]
 [ 0  0  0  0  0 42]]";0.7855100095328885;0.7570514601138343;"[[ 67  31  18   8  18   7]
 [ 10 282  31   9  13  13]
 [  2  20 391  30   4  13]
 [  9  21  47 335   9  14]
 [ 12   8  15  17 330   9]
 [  3   7  24  12  16 243]]";0.6763236763236763;0.6354667678932399;"[[ 18  22  16   7  13   4]
 [ 10 121  27   3   9   7]
 [  3  14 138  24  12  10]
 [  4  13  24 156   2  12]
 [  7  16  12  10 128   6]
 [  3   2  15   5  12 116]]";228;[29 48 33 47 29 42]
323;CiteSeer;own;1;0.2;64;0.5;1;0.005;2140929057;1.0;1.0;"[[29  0  0  0  0  0]
 [ 0 48  0  0  0  0]
 [ 0  0 34  0  0  0]
 [ 0  0  0 47  0  0]
 [ 0  0  0  0 29  0]
 [ 0  0  0  0  0 47]]";0.7901529636711281;0.7627338738557005;"[[ 68  33  15   9  15   9]
 [  9 281  28  11  12  15]
 [  2  22 383  30   5  15]
 [  8  21  42 338   9  16]
 [ 11   8  16  16 328  12]
 [  2   4  20   9  15 255]]";0.6663336663336663;0.624255790134943;"[[ 17  22  16   7  13   5]
 [ 10 116  25   5  10  11]
 [  3  17 133  23  11  14]
 [  4  12  24 158   1  12]
 [  7  16  15  11 124   6]
 [  2   2  14   5  11 119]]";234;[29 48 34 47 29 47]
324;CiteSeer;own;1;0.2;64;0.5;1;0.005;2140929057;1.0;1.0;"[[30  0  0  0  0  0]
 [ 0 49  0  0  0  0]
 [ 0  0 35  0  0  0]
 [ 0  0  0 49  0  0]
 [ 0  0  0  0 29  0]
 [ 0  0  0  0  0 48]]";0.7857142857142857;0.7603495231808197;"[[ 72  32  19   7  13   9]
 [  8 278  33  11  11  16]
 [  4  24 379  26   4  14]
 [ 13  22  40 339   6  13]
 [  9   8  19  19 320  14]
 [  3   4  22  11  13 251]]";0.6733266733266733;0.6338760904494803;"[[ 19  24  16   7   9   5]
 [ 10 117  26   5   9  10]
 [  3  16 142  18  10  12]
 [  6  12  25 159   1   8]
 [  7  16  17  10 120   9]
 [  2   2  17   5  10 117]]";240;[30 49 35 49 29 48]
325;CiteSeer;own;1;0.2;64;0.5;1;0.005;2140929057;0.983739837398374;0.9826035313702222;"[[30  0  0  0  0  1]
 [ 0 50  0  0  0  0]
 [ 0  0 36  0  0  0]
 [ 0  0  1 49  1  0]
 [ 0  0  0  1 28  0]
 [ 0  0  0  0  0 49]]";0.7682692307692308;0.7459747730778009;"[[ 71  30  19  11  11   7]
 [ 10 272  30  25   9  11]
 [  5  23 368  37   4  12]
 [ 13  19  37 358  11  10]
 [ 10   8  18  47 282  10]
 [  3   1  23  16  12 247]]";0.6553446553446554;0.6175805836479498;"[[ 19  19  15  17   9   1]
 [ 10 114  23  10  12   8]
 [  3  15 140  23  10  10]
 [  7  12  23 160   1   8]
 [  8  16  16  24 106   9]
 [  2   2  17   7   8 117]]";246;[31 50 36 51 29 49]
326;CiteSeer;own;1;0.2;64;0.5;1;0.005;2140929057;0.9920634920634921;0.9917477908155874;"[[31  0  0  0  0  0]
 [ 0 53  0  0  0  0]
 [ 0  0 37  0  0  0]
 [ 0  0  1 51  1  0]
 [ 0  0  0  0 29  0]
 [ 0  0  0  0  0 49]]";0.7627772420443587;0.7407336498038513;"[[ 68  33  17  12  10   8]
 [  8 285  31  20   9   8]
 [  3  31 363  37   2  10]
 [  8  22  35 359  11  10]
 [ 11   8  18  64 254  17]
 [  2   2  22  14   9 253]]";0.6463536463536463;0.6045401465422109;"[[ 16  22  16  14   8   4]
 [  9 120  22  10   9   7]
 [  3  20 134  26   9   9]
 [  5  13  23 161   1   8]
 [  8  17  15  32  97  10]
 [  2   2  16   8   6 119]]";252;[31 53 37 53 29 49]
327;CiteSeer;own;1;0.2;64;0.5;1;0.005;2140929057;0.9922480620155039;0.9925815617404403;"[[32  0  0  0  0  0]
 [ 0 53  1  0  0  0]
 [ 0  0 38  0  0  0]
 [ 0  0  1 52  0  0]
 [ 0  0  0  0 31  0]
 [ 0  0  0  0  0 50]]";0.7678916827852998;0.7406942216951844;"[[ 60  33  15  14  10   8]
 [  8 294  34  17   7   6]
 [  8  32 352  38   3   9]
 [  8  24  36 359   9   9]
 [ 11   8  14  52 277  11]
 [  4   5  25  14   8 246]]";0.6583416583416584;0.6153799798489004;"[[ 15  22  17  15   8   3]
 [  9 125  21   9   8   5]
 [  3  23 133  27   9   6]
 [  4  14  24 160   1   8]
 [  8  16  12  27 106  10]
 [  2   2  15   8   6 120]]";258;[32 54 38 53 31 50]
328;CiteSeer;own;1;0.2;64;0.5;1;0.005;2140929057;0.9924242424242424;0.9932263264953328;"[[32  0  0  0  0  0]
 [ 0 56  0  0  0  0]
 [ 0  0 40  0  0  0]
 [ 0  0  1 53  0  0]
 [ 0  0  0  0 32  0]
 [ 0  1  0  0  0 49]]";0.7759456838021338;0.7467757504115146;"[[ 58  36  15  12  11   7]
 [  7 293  28  16   9   7]
 [  9  44 346  33   2  12]
 [  7  27  31 356  12   8]
 [  9   8   7  41 299  10]
 [  3   6  23  14   8 248]]";0.6663336663336663;0.6226360718343812;"[[ 15  25  17  12   8   3]
 [  8 129  19   7   9   5]
 [  3  28 129  25   8   8]
 [  4  14  24 159   1   9]
 [  8  17   8  22 115   9]
 [  2   2  15   7   7 120]]";264;[32 56 40 54 32 50]
329;CiteSeer;own;1;0.2;64;0.5;1;0.005;2140929057;0.9962962962962963;0.9969069507689663;"[[32  0  0  0  0  0]
 [ 0 56  0  0  0  0]
 [ 0  0 40  0  0  0]
 [ 0  0  0 56  0  0]
 [ 0  0  0  0 34  0]
 [ 0  1  0  0  0 51]]";0.7791828793774319;0.7459360966870401;"[[ 53  39  15   9  12   7]
 [  5 295  29  15   7   7]
 [  9  43 348  31   2  13]
 [  7  31  29 352  12   8]
 [ 11   8   6  39 305   8]
 [  4   6  20  14   8 249]]";0.6693306693306693;0.6262485070511652;"[[ 15  28  16  12   8   1]
 [  7 131  21   5   8   5]
 [  4  31 126  25   7   8]
 [  4  14  24 159   1   9]
 [  7  17   8  20 119   8]
 [  2   2  15   7   7 120]]";270;[32 56 40 56 34 52]
330;CiteSeer;own;1;0.2;64;0.5;1;0.005;2140929057;0.9927536231884058;0.9926114565753932;"[[32  0  0  0  0  0]
 [ 0 56  0  0  0  0]
 [ 0  0 42  0  0  1]
 [ 0  0  0 56  0  0]
 [ 0  0  0  0 36  1]
 [ 0  0  0  0  0 52]]";0.7795121951219512;0.746762778195586;"[[ 53  37  15   9  12   7]
 [  4 286  34  14  10   8]
 [  8  38 364  27   2  13]
 [  7  23  37 346  10   8]
 [ 10  10   7  40 302   9]
 [  3   5  21  13  11 247]]";0.6653346653346653;0.6230155617863702;"[[ 15  24  20  12   8   1]
 [  7 124  25   5   8   8]
 [  3  28 129  24   8   9]
 [  4  12  26 158   1  10]
 [  3  17  10  21 120   8]
 [  2   2  16   6   7 120]]";276;[32 56 43 56 37 52]
331;CiteSeer;own;1;0.2;64;0.5;1;0.005;2140929057;0.9929078014184397;0.9915391713113629;"[[33  0  0  0  1  0]
 [ 0 57  0  0  0  0]
 [ 0  0 45  0  0  0]
 [ 0  0  0 56  0  0]
 [ 0  0  0  0 37  1]
 [ 0  0  0  0  0 52]]";0.7778864970645792;0.7449617377661529;"[[ 51  37  15   8  11   7]
 [  4 288  34  14  11   6]
 [  8  42 364  28   2  13]
 [  8  23  39 337  10   9]
 [  9  10   7  38 304   7]
 [  3   8  22  11  10 246]]";0.6693306693306693;0.6241191361603585;"[[ 14  27  17  10   9   3]
 [  7 127  23   5   8   7]
 [  3  30 133  20   8   7]
 [  4  13  26 156   1  11]
 [  3  19   9  19 121   8]
 [  1   2  16   6   9 119]]";282;[34 57 45 56 38 52]
332;CiteSeer;own;1;0.2;64;0.5;1;0.005;2140929057;0.9861111111111112;0.9844479029399228;"[[34  0  0  1  0  0]
 [ 0 58  0  0  1  0]
 [ 0  0 45  0  0  0]
 [ 0  0  0 57  0  0]
 [ 1  0  0  0 38  1]
 [ 0  0  0  0  0 52]]";0.7767419038272817;0.7440843872658155;"[[ 53  35  15   7  12   9]
 [  4 285  38  12  13   6]
 [  9  41 365  24   2  12]
 [ 10  24  38 334   9   9]
 [  9  10   7  37 297  13]
 [  4   7  21   9   9 249]]";0.6763236763236763;0.6310567938314574;"[[ 15  25  16  12   9   3]
 [  7 125  25   5   8   7]
 [  3  27 139  16   8   8]
 [  6  11  25 160   1   8]
 [  5  17   9  19 119  10]
 [  1   2  18   4   9 119]]";288;[35 59 45 57 40 52]
333;CiteSeer;own;1;0.2;64;0.5;1;0.005;2140929057;1.0;1.0;"[[36  0  0  0  0  0]
 [ 0 59  0  0  0  0]
 [ 0  0 47  0  0  0]
 [ 0  0  0 58  0  0]
 [ 0  0  0  0 41  0]
 [ 0  0  0  0  0 53]]";0.7834645669291339;0.7500666011655918;"[[ 53  33  15   9  11   9]
 [  5 283  41  12  11   6]
 [  9  37 369  21   4  11]
 [  8  20  37 338  11   9]
 [ 10  10   8  33 302  10]
 [  4   8  20   9   9 247]]";0.6853146853146853;0.6417056843213262;"[[ 17  24  16  10  10   3]
 [  9 121  25   6   8   8]
 [  5  23 143  12   9   9]
 [  6  10  25 162   2   6]
 [  8  17   8  13 124   9]
 [  2   2  18   3   9 119]]";294;[36 59 47 58 41 53]
334;CiteSeer;own;1;0.2;64;0.5;1;0.005;2140929057;0.9933333333333333;0.9925694925694925;"[[36  0  0  1  0  0]
 [ 0 60  0  0  0  0]
 [ 0  0 47  0  0  0]
 [ 0  0  0 58  0  0]
 [ 0  0  0  0 42  0]
 [ 1  0  0  0  0 55]]";0.7912142152023692;0.7595493550819704;"[[ 55  33  11   9  11  12]
 [  4 290  36  12  10   6]
 [  9  37 364  21   3   9]
 [  7  24  36 339   9  10]
 [  8  10   8  32 303   9]
 [  3   7  20   8   9 252]]";0.6833166833166833;0.6365852084261527;"[[ 15  27  13  10  10   5]
 [  8 124  24   6   7   8]
 [  4  25 141  12   9  10]
 [  6  12  23 159   4   7]
 [  8  19   8  12 123   9]
 [  1   1  18   3   8 122]]";300;[37 60 47 58 42 56]
335;CiteSeer;own;1;0.2;64;0.5;1;0.005;2140929057;0.9934640522875817;0.9929415069862753;"[[37  0  0  1  0  0]
 [ 0 61  0  0  0  0]
 [ 0  0 49  0  0  0]
 [ 0  0  0 59  0  0]
 [ 0  0  0  0 42  0]
 [ 0  0  0  0  1 56]]";0.7955445544554456;0.7635986089339125;"[[ 57  32  10   6  11  14]
 [  5 285  36  11  10   7]
 [  8  36 366  20   2  13]
 [  6  21  25 348  10  13]
 [ 10  11   8  32 296   9]
 [  3   6  17   8  13 255]]";0.6823176823176823;0.6359554826908259;"[[ 16  25  10  11  10   8]
 [  8 123  24   6   7   9]
 [  4  25 139  14   9  10]
 [  4  11  20 161   4  11]
 [ 10  19   6  12 121  11]
 [  1   1  17   3   8 123]]";306;[38 61 49 59 42 57]
336;CiteSeer;own;1;0.2;64;0.5;1;0.005;2140929057;0.9935897435897436;0.992408042578356;"[[37  0  0  0  1  0]
 [ 1 62  0  0  0  0]
 [ 0  0 50  0  0  0]
 [ 0  0  0 59  0  0]
 [ 0  0  0  0 44  0]
 [ 0  0  0  0  0 58]]";0.7959285004965243;0.7631546084102475;"[[ 56  31  11   7  11  13]
 [  6 282  36  12  10   7]
 [  8  33 370  20   2  12]
 [  5  19  27 346   9  17]
 [  9  11  10  26 298  12]
 [  3   8  16   7  13 251]]";0.6833166833166833;0.6387030954393339;"[[ 17  24  10   9  10  10]
 [  8 123  24   6   7   9]
 [  4  24 139  14   9  11]
 [  3  10  22 160   4  12]
 [  9  19   6  13 123   9]
 [  1   2  16   4   8 122]]";312;[38 63 50 59 44 58]
337;CiteSeer;own;1;0.2;64;0.5;1;0.005;2140929057;0.9968553459119497;0.9959628386594678;"[[38  0  0  0  0  0]
 [ 0 65  0  0  0  0]
 [ 0  0 50  0  0  0]
 [ 0  0  0 61  0  0]
 [ 1  0  0  0 44  0]
 [ 0  0  0  0  0 59]]";0.7913346613545816;0.7571920124427748;"[[ 53  31  11   7  10  12]
 [  8 280  33  14  10   9]
 [  8  32 368  19   2  14]
 [  8  23  33 343   6  14]
 [  8  11  10  30 296  11]
 [  3   7  16   7  12 249]]";0.6813186813186813;0.641418432351382;"[[ 19  24  12   9   9   7]
 [  8 124  22   7   8   8]
 [  4  24 138  18   8   9]
 [  2  11  24 161   4   9]
 [  9  19   6  18 120   7]
 [  1   3  16   5   8 120]]";318;[38 65 50 61 45 59]
338;CiteSeer;own;1;0.2;64;0.5;1;0.005;2140929057;0.9969135802469136;0.9968351648351649;"[[39  0  0  0  0  0]
 [ 0 65  0  0  0  0]
 [ 0  0 52  0  0  0]
 [ 0  0  0 62  0  0]
 [ 0  0  0  1 45  0]
 [ 0  0  0  0  0 60]]";0.7967032967032966;0.7624336504878501;"[[ 52  33  13   6   9  10]
 [  5 279  36  13  10  10]
 [  8  31 371  18   3  11]
 [  7  22  38 344   5  11]
 [  8  11   9  23 304  13]
 [  3   4  16  10  11 245]]";0.6853146853146853;0.6385371653681274;"[[ 15  24  15   8  10   8]
 [  8 123  24   7   7   8]
 [  4  24 139  18   9   7]
 [  2   9  28 161   2   9]
 [  7  19   6  12 126   9]
 [  1   2  16   4   8 122]]";324;[39 65 52 62 46 60]
339;CiteSeer;own;1;0.2;64;0.5;1;0.005;2140929057;0.9939393939393939;0.993817033976125;"[[39  0  0  0  0  0]
 [ 0 67  0  0  0  0]
 [ 0  0 53  0  0  0]
 [ 0  0  0 62  1  0]
 [ 0  0  0  0 47  0]
 [ 0  0  0  0  1 60]]";0.7960921843687375;0.7576753762902948;"[[ 47  35  14   6  12   8]
 [  5 284  33  12  10   8]
 [  6  29 369  22   4  11]
 [  7  24  37 343   5  10]
 [  8  11   8  24 305  11]
 [  4   4  17   9  13 241]]";0.6853146853146853;0.6384651444586732;"[[ 15  28  12   9  10   6]
 [  8 123  25   5   9   7]
 [  4  24 140  16   9   8]
 [  1  12  26 162   3   7]
 [  6  19   7  11 129   7]
 [  2   4  15   3  12 117]]";330;[39 67 53 63 47 61]
340;CiteSeer;own;1;0.2;64;0.5;1;0.005;2140929057;0.9880952380952381;0.9885184114403374;"[[39  0  0  0  0  0]
 [ 0 67  0  0  1  0]
 [ 0  0 53  0  0  0]
 [ 0  1  0 63  1  0]
 [ 0  0  0  1 47  0]
 [ 0  0  0  0  0 63]]";0.799497487437186;0.7580693493077529;"[[ 46  31  11  11  12  10]
 [  3 281  32  11  14  12]
 [  8  29 368  21   4  11]
 [ 10  21  23 345  11  13]
 [  8   9   7  17 311  13]
 [  2   7  16   8  14 240]]";0.6893106893106893;0.6383213665715896;"[[ 14  27  12  10  10   7]
 [  8 120  22   8  10   9]
 [  5  25 137  16   9   9]
 [  2   9  21 168   3   8]
 [  6  17   6   8 134   8]
 [  1   4  15   3  13 117]]";336;[39 68 53 65 48 63]
341;CiteSeer;own;1;0.2;64;0.5;1;0.005;2140929057;0.9941520467836257;0.9941295036533132;"[[41  0  0  0  0  0]
 [ 0 67  0  0  1  0]
 [ 0  0 54  0  0  0]
 [ 0  0  0 67  0  0]
 [ 0  0  0  1 48  0]
 [ 0  0  0  0  0 63]]";0.8024193548387096;0.7717759805850483;"[[ 58  28   9  11  10   9]
 [  6 278  34  13  11  11]
 [  8  28 373  17   2  10]
 [  8  21  31 341   7  13]
 [  6   9   8  25 302  11]
 [  3   6  16   8  13 240]]";0.6913086913086913;0.639500378392771;"[[ 14  26  12  13  10   5]
 [ 13 116  22   9   9   8]
 [  4  21 144  11   9  12]
 [  2  10  21 168   2   8]
 [  6  16   5  11 133   8]
 [  1   4  16   3  12 117]]";342;[41 68 54 67 49 63]
342;CiteSeer;own;1;0.2;64;0.5;1;0.005;2140929057;0.9971264367816092;0.9971653320104883;"[[42  0  0  0  0  0]
 [ 0 68  0  0  0  0]
 [ 0  0 54  0  0  0]
 [ 0  0  0 68  1  0]
 [ 0  0  0  0 51  0]
 [ 0  0  0  0  0 64]]";0.8088978766430738;0.7799511632762878;"[[ 61  26   9   9  11   7]
 [  7 281  33  14  10   8]
 [  8  28 367  18   2  12]
 [  8  21  29 346   6  12]
 [  9   9   8  20 305  10]
 [  3   5  16   7  13 240]]";0.6823176823176823;0.63101452920853;"[[ 13  26  12  14  10   5]
 [ 16 116  25   7   6   7]
 [  4  22 143  14   9   9]
 [  3  11  21 165   3   8]
 [  6  20   6  13 126   8]
 [  1   3  15   4  10 120]]";348;[42 68 54 69 51 64]
343;CiteSeer;own;1;0.2;64;0.5;1;0.005;2140929057;1.0;1.0;"[[43  0  0  0  0  0]
 [ 0 68  0  0  0  0]
 [ 0  0 56  0  0  0]
 [ 0  0  0 70  0  0]
 [ 0  0  0  0 52  0]
 [ 0  0  0  0  0 65]]";0.8103448275862069;0.7803394897848346;"[[ 59  25   9  12  11   6]
 [  7 281  32  15  12   7]
 [  5  27 370  17   4  10]
 [  8  23  25 349   6  10]
 [  9   9   9  20 301  11]
 [  3   6  16   7  13 238]]";0.6863136863136863;0.6342614981757465;"[[ 13  27  12  13  10   5]
 [ 16 115  24   9   7   6]
 [  4  22 144  13   9   9]
 [  2  11  20 167   3   8]
 [  6  18   6  13 129   7]
 [  1   3  15   4  11 119]]";354;[43 68 56 70 52 65]
344;CiteSeer;own;1;0.2;64;0.5;1;0.005;2140929057;0.9944444444444445;0.9945718018594895;"[[44  0  0  0  0  0]
 [ 0 68  1  0  0  0]
 [ 0  0 56  0  0  0]
 [ 0  0  0 72  0  0]
 [ 0  0  0  1 52  0]
 [ 0  0  0  0  0 66]]";0.8107833163784334;0.7811149382359327;"[[ 58  25  10  12  11   6]
 [  7 278  32  18  12   7]
 [  3  24 373  16   4  10]
 [  7  18  30 344   8  12]
 [  6   9   8  19 305  11]
 [  3   5  17   7  15 236]]";0.6943056943056943;0.6411975985548456;"[[ 13  23  13  16  10   5]
 [ 14 116  23  11   8   5]
 [  4  20 146  13   9   9]
 [  2  10  20 169   2   8]
 [  6  18   6  11 131   7]
 [  0   3  16   4  10 120]]";360;[44 69 56 72 53 66]
345;CiteSeer;own;1;0.2;64;0.5;1;0.005;2140929057;0.994535519125683;0.9946446261841849;"[[45  0  0  0  0  0]
 [ 0 69  1  0  0  0]
 [ 0  0 57  0  0  0]
 [ 0  0  0 72  0  0]
 [ 0  0  0  1 53  0]
 [ 0  0  0  0  0 68]]";0.8086734693877551;0.779046155806523;"[[ 60  23  10  11  10   7]
 [  8 276  33  18  11   6]
 [  7  26 368  16   3  10]
 [  9  20  29 339  10  11]
 [ 10   9   8  15 305  10]
 [  3   5  17   7  13 237]]";0.6933066933066933;0.645709467579029;"[[ 16  23  11  15  10   5]
 [ 15 115  22  11   9   5]
 [  4  20 145  13   9  10]
 [  3  11  20 166   3   8]
 [  7  18   6   9 131   8]
 [  1   3  15   4   9 121]]";366;[45 70 57 72 54 68]
346;CiteSeer;own;1;0.2;64;0.5;1;0.005;2140929057;0.9973118279569892;0.9974656529278377;"[[45  0  0  0  0  0]
 [ 0 71  0  0  0  0]
 [ 0  0 59  1  0  0]
 [ 0  0  0 73  0  0]
 [ 0  0  0  0 55  0]
 [ 0  0  0  0  0 68]]";0.8132036847492323;0.7813016617326515;"[[ 54  23  10  11  11  12]
 [  3 283  31  17  10   7]
 [  3  31 363  15   2  11]
 [  7  18  22 341  17  12]
 [  5   9   9  14 310  11]
 [  2   7  15   7  13 238]]";0.6983016983016983;0.6478330499984594;"[[ 15  24   7  14  13   7]
 [ 13 117  23  11   7   6]
 [  2  20 145  14   9  11]
 [  2   9  18 168   5   9]
 [  6  18   7   8 133   7]
 [  0   5  15   3   9 121]]";372;[45 71 60 73 55 68]
347;CiteSeer;own;1;0.2;64;0.5;1;0.005;2140929057;0.9947089947089947;0.9945350091256014;"[[46  0  0  0  0  0]
 [ 0 72  0  0  0  0]
 [ 0  0 61  0  0  0]
 [ 0  0  0 73  1  0]
 [ 0  0  1  0 55  0]
 [ 0  0  0  0  0 69]]";0.8146817248459959;0.7831708165320399;"[[ 56  22  12   9  11  11]
 [  6 275  34  14  11  10]
 [  5  31 365  14   2   9]
 [  7  16  24 331  16  13]
 [  5   9   9  10 321   9]
 [  2   5  16   7  12 239]]";0.6943056943056943;0.649936554532457;"[[ 18  23   8  13  12   6]
 [ 14 113  24   9   6  11]
 [  5  19 146  12   9  10]
 [  3  11  21 160   7   9]
 [  5  19   7   5 137   6]
 [  0   5  15   3   9 121]]";378;[46 72 61 74 56 69]
348;CiteSeer;own;1;0.2;64;0.5;1;0.005;2140929057;0.9973958333333334;0.9974321564050189;"[[46  0  0  0  0  0]
 [ 0 73  0  0  0  0]
 [ 0  0 62  0  0  0]
 [ 0  0  0 74  1  0]
 [ 0  0  0  0 57  0]
 [ 0  0  0  0  0 71]]";0.8151390319258497;0.7808813017015103;"[[ 53  21  12  10  11  11]
 [  6 275  36  14  10   8]
 [  6  28 367  13   2   9]
 [  9  18  24 332  15  10]
 [  5   9   9  10 318   9]
 [  2   6  15   7  14 238]]";0.6983016983016983;0.6521478284011825;"[[ 17  23   8  13  13   6]
 [ 14 115  26   9   5   8]
 [  5  17 149  12   9   9]
 [  2  12  21 161   7   8]
 [  5  19   7   5 137   6]
 [  0   5  16   3   9 120]]";384;[46 73 62 75 57 71]
349;CiteSeer;own;1;0.2;64;0.5;1;0.005;2140929057;0.9948717948717949;0.9947380551502226;"[[46  0  0  0  0  0]
 [ 0 75  0  0  0  0]
 [ 0  0 62  0  0  0]
 [ 0  0  0 75  1  0]
 [ 0  0  1  0 58  0]
 [ 0  0  0  0  0 72]]";0.815599173553719;0.7814355964117802;"[[ 52  24  10  10  11  10]
 [  6 276  35  10  12   8]
 [  5  26 363  15   5  10]
 [  8  19  26 329  14  11]
 [  6  10   8   7 316  12]
 [  1   6  16   7   9 243]]";0.6983016983016983;0.6520767068488208;"[[ 17  24   8  11  14   6]
 [ 13 118  24   9   7   6]
 [  5  18 147  12   8  11]
 [  3  12  20 162   6   8]
 [  5  21   6   5 134   8]
 [  0   5  15   3   9 121]]";390;[46 75 62 76 59 72]
350;CiteSeer;own;1;0.2;64;0.5;1;0.005;2140929057;0.9974747474747475;0.9975629139072847;"[[48  0  0  0  0  0]
 [ 0 75  0  0  0  0]
 [ 0  1 62  0  0  0]
 [ 0  0  0 77  0  0]
 [ 0  0  0  0 59  0]
 [ 0  0  0  0  0 74]]";0.8186528497409327;0.7837316207597999;"[[ 51  23  10  11  10  10]
 [  6 276  34  11  12   8]
 [  5  24 361  17   4  12]
 [  8  19  26 331  14  10]
 [  6   9   6   7 318  10]
 [  1   6  15   5  11 243]]";0.6963036963036963;0.6497808212409453;"[[ 17  24   8  11  14   6]
 [ 13 115  23   9   7  10]
 [  5  21 141  15   8  11]
 [  3  12  17 165   6   8]
 [  4  19   6   5 137   8]
 [  0   5  13   3  10 122]]";396;[48 75 63 77 59 74]
351;CiteSeer;own;1;0.2;64;0.5;1;0.005;2140929057;0.9925373134328358;0.9921220398914095;"[[48  0  0  0  0  0]
 [ 0 75  0  0  0  0]
 [ 0  0 65  0  1  0]
 [ 1  0  0 78  0  0]
 [ 0  0  0  1 59  0]
 [ 0  0  0  0  0 74]]";0.8175675675675675;0.7803316306687164;"[[ 48  23   9  13   9  11]
 [  6 272  34  11  12   9]
 [  2  21 367  17   5  12]
 [  9  17  28 329  14  10]
 [  6  10   6   7 315  11]
 [  1   6  15   5  12 242]]";0.6993006993006993;0.6519591112531989;"[[ 17  24   8  11  14   6]
 [ 13 113  23   9   8  11]
 [  3  21 143  15   8  11]
 [  3   9  18 167   6   8]
 [  5  18   6   5 138   7]
 [  0   5  12   4  10 122]]";402;[48 75 66 79 60 74]
352;CiteSeer;own;1;0.2;64;0.5;1;0.005;2140929057;0.9926470588235294;0.9922496681589236;"[[48  0  0  1  0  0]
 [ 0 76  0  0  0  0]
 [ 0  0 68  0  1  0]
 [ 0  0  0 79  0  0]
 [ 0  0  0  1 60  0]
 [ 0  0  0  0  0 74]]";0.8222106360792493;0.7863274303299305;"[[ 49  24  10  10   8  10]
 [  6 272  35  10  11   8]
 [  1  20 372  17   5  11]
 [  8  18  26 329  14   9]
 [  6  11   6   7 316   9]
 [  2   5  16   5  13 239]]";0.7022977022977023;0.6544799296176785;"[[ 17  24   8  11  14   6]
 [ 15 113  24   8   8   9]
 [  3  17 149  14   9   9]
 [  2   9  20 167   6   7]
 [  6  19   6   4 135   9]
 [  0   5  13   4   9 122]]";408;[49 76 69 79 61 74]
353;CiteSeer;own;1;0.2;64;0.5;1;0.005;2140929057;0.9927536231884058;0.9920318030947209;"[[49  1  0  1  0  0]
 [ 0 77  0  0  0  0]
 [ 0  0 69  0  1  0]
 [ 0  0  0 79  0  0]
 [ 0  0  0  0 63  0]
 [ 0  0  0  0  0 74]]";0.8300209205020921;0.796608211324994;"[[ 51  21  10   9   9   8]
 [  4 273  33  10  12   8]
 [  1  19 375  18   5   6]
 [  8  18  24 332  14   8]
 [  6  10   5   7 318  10]
 [  3   5  19   6   9 238]]";0.7122877122877123;0.6689218965102027;"[[ 20  22   8   8  15   7]
 [ 15 115  25   8   7   7]
 [  4  15 152  13   9   8]
 [  3   9  21 165   6   7]
 [  6  18   6   4 139   6]
 [  0   5  14   4   8 122]]";414;[51 77 70 79 63 74]
354;CiteSeer;own;1;0.2;64;0.5;1;0.005;2140929057;0.9952380952380953;0.9944546641014389;"[[51  1  0  0  1  0]
 [ 0 79  0  0  0  0]
 [ 0  0 70  0  0  0]
 [ 0  0  0 79  0  0]
 [ 0  0  0  0 64  0]
 [ 0  0  0  0  0 75]]";0.8252885624344176;0.7897135748151932;"[[ 49  21   8  10  10   9]
 [  4 269  35   9  13   9]
 [  1  19 371  20   4   6]
 [  9  17  25 330  15   8]
 [  8   8   5   7 313  11]
 [  3   5  18   7   9 241]]";0.7102897102897103;0.6680518801084087;"[[ 21  22   8   8  15   6]
 [ 15 111  27   9   7   8]
 [  3  13 154  13   9   9]
 [  3   8  22 165   6   7]
 [  7  16   6   4 138   8]
 [  0   5  14   4   8 122]]";420;[53 79 70 79 64 75]
355;CiteSeer;own;1;0.2;64;0.5;1;0.005;1240197975;0.0;0.0;[[]];0.1775580395528805;0.050280009739469195;"[[  0 184   0   0   0   0]
 [  0 413   0   0   0   0]
 [  0 467   0   0   0   0]
 [  0 490   0   0   0   0]
 [  0 416   0   1   0   0]
 [  0 355   0   0   0   0]]";0.17682317682317683;0.050084889643463505;"[[  0  80   0   0   0   0]
 [  0 177   0   0   0   0]
 [  0 201   0   0   0   0]
 [  0 211   0   0   0   0]
 [  0 179   0   0   0   0]
 [  0 153   0   0   0   0]]";0;[]
356;CiteSeer;own;1;0.2;64;0.5;1;0.005;1240197975;1.0;1.0;"[[3 0 0]
 [0 2 0]
 [0 0 1]]";0.2120689655172414;0.08710574073594964;"[[ 24   0 160   0   0   0]
 [ 32   3 374   0   0   0]
 [  2   0 464   0   0   0]
 [ 24   0 466   0   0   0]
 [ 39   0 378   0   0   0]
 [ 10   0 343   0   0   1]]";0.2087912087912088;0.08189475439913269;"[[ 10   0  70   0   0   0]
 [ 10   0 167   0   0   0]
 [  2   0 199   0   0   0]
 [ 13   0 198   0   0   0]
 [ 16   0 163   0   0   0]
 [  9   0 144   0   0   0]]";6;[0 3 2 0 0 1]
357;CiteSeer;own;1;0.2;64;0.5;1;0.005;1240197975;1.0;1.0;"[[1 0 0 0]
 [0 6 0 0]
 [0 0 2 0]
 [0 0 0 3]]";0.27960242005185826;0.24114436122884875;"[[113  17  50   1   0   2]
 [207 103  90   0   0   7]
 [140   6 320   0   0   0]
 [253  32 191   0   0  14]
 [267  11 112   1   0  25]
 [147   6  88   0   0 111]]";0.2837162837162837;0.24816158922297238;"[[ 51   6  19   2   0   2]
 [ 83  45  46   2   0   1]
 [ 67   1 132   0   0   1]
 [ 97  15  95   0   0   4]
 [111  10  47   0   0  11]
 [ 65   4  28   0   0  56]]";12;[1 6 2 0 0 3]
358;CiteSeer;own;1;0.2;64;0.5;1;0.005;1240197975;1.0;1.0;"[[2 0 0 0 0]
 [0 7 0 0 0]
 [0 0 2 0 0]
 [0 0 0 2 0]
 [0 0 0 0 5]]";0.25476603119584057;0.22576272828374563;"[[101   0   6   8  68   0]
 [212  34  20   4 135   1]
 [266   0 172   1  27   0]
 [333   1  43   3 109   0]
 [149   1   7   7 251   0]
 [130   0  11   3 178  27]]";0.23176823176823177;0.2091789327238943;"[[ 40   0   3   5  32   0]
 [ 81  17   7   3  69   0]
 [128   0  62   0  11   0]
 [138   0  22   0  51   0]
 [ 68   0   3   6 101   1]
 [ 59   0   4   3  75  12]]";18;[2 7 2 0 2 5]
359;CiteSeer;own;1;0.2;64;0.5;1;0.005;1240197975;0.9583333333333334;0.9111111111111111;"[[2 0 0 0 0 0]
 [0 9 0 0 0 0]
 [0 0 2 0 0 0]
 [0 0 0 1 0 0]
 [0 0 1 0 1 0]
 [0 0 0 0 0 8]]";0.33970460469157254;0.27104384084349786;"[[  3  75  98   6   0   0]
 [  0 377  85   1   0   1]
 [  0 232 173   9   0   0]
 [  1 118 204 160   0   0]
 [  0  21 351  12  14  15]
 [  0  40 251   0   0  55]]";0.3086913086913087;0.2609492452243529;"[[  1  31  42   6   0   0]
 [  0 138  37   2   0   0]
 [  0 134  61   4   0   2]
 [  0  47  90  74   0   0]
 [  0  15 143   5  10   6]
 [  0  10 118   0   0  25]]";24;[2 9 2 1 2 8]
360;CiteSeer;own;1;0.2;64;0.5;1;0.005;1240197975;0.9666666666666667;0.9259259259259259;"[[1 0 0 1 0 0]
 [0 9 0 0 0 0]
 [0 0 3 0 0 0]
 [0 0 0 4 0 0]
 [0 0 0 0 3 0]
 [0 0 0 0 0 9]]";0.5884146341463414;0.48907226634443784;"[[  2  64   7  61  26  21]
 [  0 355   8  41  28  31]
 [  0 246  63  81   4  14]
 [  1  55   5 402  10  11]
 [  0  13   2  51 293  54]
 [  0  26  15  42  28 236]]";0.5624375624375625;0.4667183394400345;"[[  1  23   2  30  18   6]
 [  0 129   5  20  10  13]
 [  0 138  15  36   5   7]
 [  0  23   4 177   2   5]
 [  0  10   1  24 128  16]
 [  0  10   7  13  10 113]]";30;[2 9 3 4 3 9]
361;CiteSeer;own;1;0.2;64;0.5;1;0.005;1240197975;0.9722222222222222;0.9292929292929294;"[[ 1  0  0  1  0  0]
 [ 0  9  0  0  0  0]
 [ 0  0  4  0  0  0]
 [ 0  0  0  5  0  0]
 [ 0  0  0  0  5  0]
 [ 0  0  0  0  0 11]]";0.5563318777292576;0.4517124667803048;"[[  1  53   0   7  82  31]
 [  0 314   1   3  75  59]
 [  0 190  44  28  74  61]
 [  0  54   3 268 124  30]
 [  0   7   3   2 384  39]
 [  0  12   3   5  70 263]]";0.5034965034965035;0.40308388541867507;"[[  0  17   0  11  40  12]
 [  0 103   2   1  37  34]
 [  0  97   9  14  41  40]
 [  0  23   1 116  58  13]
 [  0   6   0   2 157  14]
 [  0   8   1   0  25 119]]";36;[ 2  9  4  5  5 11]
362;CiteSeer;own;1;0.2;64;0.5;1;0.005;1240197975;0.9523809523809523;0.9102453102453102;"[[ 1  0  0  1  0  0]
 [ 0 10  0  0  1  0]
 [ 0  0  5  0  0  0]
 [ 0  0  0  7  0  0]
 [ 0  0  0  0  5  0]
 [ 0  0  0  0  0 12]]";0.5945709281961471;0.5097358226154768;"[[  1  49   9  13  71  31]
 [  0 296  14   9  70  55]
 [  0 142 150  27  32  60]
 [  0  35  14 292 104  35]
 [  0   7   4   2 369  49]
 [  0  11  14   7  62 250]]";0.5544455544455544;0.4711445201015772;"[[  0  18   1  12  39  10]
 [  0 101  11   2  33  30]
 [  0  75  53  12  16  45]
 [  0  18   7 128  44  14]
 [  0   7   0   3 153  16]
 [  0   5   7   1  20 120]]";42;[ 2 11  5  7  5 12]
363;CiteSeer;own;1;0.2;64;0.5;1;0.005;1240197975;0.9791666666666666;0.935672514619883;"[[ 1  0  0  1  0  0]
 [ 0 11  0  0  0  0]
 [ 0  0  9  0  0  0]
 [ 0  0  0  9  0  0]
 [ 0  0  0  0  5  0]
 [ 0  0  0  0  0 12]]";0.6553994732221247;0.5692624085393166;"[[  1  43  35  23  54  16]
 [  0 264  72  14  48  18]
 [  0  47 332  31  15  24]
 [  0  22  61 329  53  12]
 [  0   8  34   6 345  36]
 [  0   4  56   9  44 222]]";0.6013986013986014;0.5245213271358322;"[[  0  14  12  12  35   7]
 [  0  95  39   5  25  13]
 [  0  35 126  21  10   9]
 [  0   8  40 136  23   4]
 [  0   7  15   4 143  10]
 [  0   4  27   3  17 102]]";48;[ 2 11  9  9  5 12]
364;CiteSeer;own;1;0.2;64;0.5;1;0.005;1240197975;0.9629629629629629;0.9014837819185645;"[[ 1  0  1  1  0  0]
 [ 0 13  0  0  0  0]
 [ 0  0 11  0  0  0]
 [ 0  0  0 10  0  0]
 [ 0  0  0  0  5  0]
 [ 0  0  0  0  0 12]]";0.6720950704225352;0.5823984664990004;"[[  1  49  26  31  46  13]
 [  0 300  56  26  32   8]
 [  0  53 330  38  15  16]
 [  0  27  58 342  41   7]
 [  0  13  24   8 340  38]
 [  0   7  54  15  44 214]]";0.6143856143856143;0.5365625354771644;"[[  0  20   9  20  27   4]
 [  0 106  36  13  17   5]
 [  0  37 125  24   9   6]
 [  0  13  35 146  14   3]
 [  0  11  11   7 139  11]
 [  0   6  27   5  16  99]]";54;[ 3 13 11 10  5 12]
365;CiteSeer;own;1;0.2;64;0.5;1;0.005;1240197975;0.9666666666666667;0.9444444444444443;"[[ 3  0  0  2  0  0]
 [ 0 15  0  0  0  0]
 [ 0  0 11  0  0  0]
 [ 0  0  0 11  0  0]
 [ 0  0  0  0  5  0]
 [ 0  0  0  0  0 13]]";0.6588702559576346;0.6221895851833671;"[[ 47  38  26  29  42  14]
 [ 11 277  58  37  24  11]
 [  0  39 315  54  18  19]
 [  2  12  56 353  45  13]
 [ 25  11  14  19 275  51]
 [  0   6  36  19  44 226]]";0.5694305694305695;0.5255129922730275;"[[  9  17   7  21  22   4]
 [  5  92  37  14  22   7]
 [  0  32 119  35  10   5]
 [  0   6  41 139  21   4]
 [ 30  10   5  11 107  16]
 [  2   3  20   7  17 104]]";60;[ 5 15 11 11  5 13]
366;CiteSeer;own;1;0.2;64;0.5;1;0.005;1240197975;0.9848484848484849;0.976068376068376;"[[ 6  0  0  0  0  0]
 [ 0 16  0  0  0  0]
 [ 0  0 11  0  0  0]
 [ 0  0  0 12  0  0]
 [ 1  0  0  0  7  0]
 [ 0  0  0  0  0 13]]";0.661504424778761;0.6089313032427727;"[[ 24  36  23  21  64   7]
 [  5 281  47  21  58   7]
 [  0  41 320  44  27  10]
 [  0  14  52 321  89   4]
 [ 19   8  14  10 347  22]
 [  0   5  34  12  71 202]]";0.5654345654345654;0.5189243684715632;"[[  7  18   5  10  36   4]
 [  4  92  33  10  34   4]
 [  0  34 117  34  11   5]
 [  0   3  39 124  42   3]
 [ 19   8   7   5 133   7]
 [  1   3  22   5  29  93]]";66;[ 6 16 11 12  8 13]
367;CiteSeer;own;1;0.2;64;0.5;1;0.005;1240197975;0.9444444444444444;0.9244343891402714;"[[ 6  0  0  0  0  0]
 [ 0 18  0  0  0  0]
 [ 0  0 11  0  0  0]
 [ 1  0  0 12  1  0]
 [ 2  0  0  0  7  0]
 [ 0  0  0  0  0 14]]";0.6539485359361136;0.610286476825543;"[[ 31  35  15  11  69   7]
 [ 16 280  41  17  52  10]
 [  0  40 307  43  42   9]
 [  3  14  46 292 120   4]
 [ 21  10   8   5 370  14]
 [  2   3  27   8  88 194]]";0.5564435564435565;0.5177191496622042;"[[ 10  17   4   9  36   4]
 [ 11  92  29   7  32   6]
 [  1  35 112  34  16   3]
 [  1   5  36 118  49   2]
 [ 20   8   5   4 136   6]
 [  1   2  20   5  36  89]]";72;[ 6 18 11 14  9 14]
368;CiteSeer;own;1;0.2;64;0.5;1;0.005;1240197975;0.9743589743589743;0.9646476104053238;"[[ 7  0  0  0  0  0]
 [ 0 20  0  0  0  0]
 [ 0  0 11  0  0  0]
 [ 1  0  0 14  0  0]
 [ 1  0  0  0  9  0]
 [ 0  0  0  0  0 15]]";0.6601423487544484;0.6347226473738079;"[[ 68  38  10   5  50   7]
 [ 38 295  25  13  33  12]
 [ 10  37 300  50  29  12]
 [ 30  20  34 250 114  13]
 [ 40   8   4   1 365  10]
 [  8   3  21  11  78 206]]";0.5644355644355644;0.5480272690384801;"[[ 29  19   2   4  22   4]
 [ 27  97  19   4  23   7]
 [  5  37 108  31  14   6]
 [ 13   7  30 101  55   5]
 [ 22   9   3   4 133   8]
 [  4   3  16   4  29  97]]";78;[ 7 20 11 15 10 15]
369;CiteSeer;own;1;0.2;64;0.5;1;0.005;1240197975;1.0;1.0;"[[ 8  0  0  0  0  0]
 [ 0 20  0  0  0  0]
 [ 0  0 14  0  0  0]
 [ 0  0  0 15  0  0]
 [ 0  0  0  0 11  0]
 [ 0  0  0  0  0 16]]";0.6672613737734165;0.6324228643783729;"[[ 51  46  27   8  46  12]
 [ 11 283  51  15  38  15]
 [  4  36 317  43  16  17]
 [  8  23  58 260  91  15]
 [ 14   8  10   3 376  16]
 [  1   4  38  14  58 209]]";0.5674325674325674;0.533100993630652;"[[ 15  20  11   6  23   5]
 [  8  94  39   5  22   9]
 [  3  32 120  28  10   8]
 [  4   8  38 106  48   7]
 [ 13   9   5   3 139  10]
 [  2   5  23   5  24  94]]";84;[ 8 20 14 15 11 16]
370;CiteSeer;own;1;0.2;64;0.5;1;0.005;1240197975;0.9777777777777777;0.9706838499941949;"[[ 8  0  0  0  0  0]
 [ 0 22  0  0  0  0]
 [ 1  0 14  0  0  0]
 [ 1  0  0 16  0  0]
 [ 0  0  0  0 12  0]
 [ 0  0  0  0  0 16]]";0.6627906976744186;0.6316699194067662;"[[ 61  48  26   2  40  10]
 [ 13 308  40   8  35   8]
 [  8  51 311  28  14  20]
 [ 16  39  56 226 103  15]
 [ 20   7  10   1 379   9]
 [  1  13  45   9  59 197]]";0.5494505494505495;0.5210217940211821;"[[ 19  23   7   4  23   4]
 [ 11 106  33   1  22   4]
 [  8  38 115  22  12   6]
 [ 11  17  34  87  57   5]
 [ 13  10   5   1 141   9]
 [  2  11  30   6  22  82]]";90;[ 8 22 15 17 12 16]
371;CiteSeer;own;1;0.2;64;0.5;1;0.005;1240197975;0.9791666666666666;0.9749431911354746;"[[ 8  0  0  0  0  0]
 [ 0 22  0  0  1  0]
 [ 1  0 15  0  0  0]
 [ 0  0  0 19  0  0]
 [ 0  0  0  0 13  0]
 [ 0  0  0  0  0 17]]";0.6596412556053811;0.6307919502476096;"[[ 60  40  33   3  41   9]
 [ 11 263  67  11  39   6]
 [  8  40 330  30  17  22]
 [ 13  18  66 246  98  14]
 [ 15   5  12   2 381  10]
 [  1   5  64   7  52 191]]";0.5654345654345654;0.5371051332621571;"[[ 19  19   9   5  25   3]
 [ 10  95  43   2  23   4]
 [  8  29 124  23  11   6]
 [  9   7  40 101  50   4]
 [ 12   9   5   1 143   9]
 [  2   6  37   3  21  84]]";96;[ 8 23 16 19 13 17]
372;CiteSeer;own;1;0.2;64;0.5;1;0.005;1240197975;0.9901960784313726;0.9907335907335907;"[[ 9  0  0  0  0  0]
 [ 0 23  0  0  0  0]
 [ 0  0 17  0  0  0]
 [ 0  0  0 21  0  0]
 [ 0  0  0  0 13  0]
 [ 0  0  1  0  0 18]]";0.6762589928057554;0.6450036301265384;"[[ 59  41  31   9  33   9]
 [ 14 262  56  12  35   9]
 [  9  39 339  34  11  25]
 [ 12  20  64 270  73  16]
 [ 19   6  10   2 368  13]
 [  2   6  52   6  52 206]]";0.5814185814185814;0.5511797095159364;"[[ 19  20   9   6  23   3]
 [ 13  96  40   5  17   6]
 [  8  30 123  23  10   7]
 [  8   7  42 113  36   5]
 [ 13   9   4   1 142  10]
 [  2   6  31   4  21  89]]";102;[ 9 23 17 21 13 19]
373;CiteSeer;own;1;0.2;64;0.5;1;0.005;1240197975;0.9907407407407407;0.990964590964591;"[[10  0  0  0  0  0]
 [ 0 24  0  0  0  0]
 [ 0  0 17  0  0  1]
 [ 0  0  0 23  0  0]
 [ 0  0  0  0 14  0]
 [ 0  0  0  0  0 19]]";0.6717763751127142;0.6409589519765534;"[[ 61  46  30   4  31   9]
 [ 17 245  62  11  40  12]
 [ 10  26 354  30  13  23]
 [ 15  20  76 258  72  12]
 [ 17   5  10   2 371  12]
 [  1   5  56   6  55 201]]";0.5874125874125874;0.5577604214034296;"[[ 20  19   8   5  24   4]
 [ 11  95  45   2  18   6]
 [  6  17 140  22  11   5]
 [  8   7  52 104  37   3]
 [ 14   9   5   1 141   9]
 [  2   4  31   3  25  88]]";108;[10 24 18 23 14 19]
374;CiteSeer;own;1;0.2;64;0.5;1;0.005;1240197975;0.9912280701754386;0.9903501516404742;"[[10  0  0  0  0  0]
 [ 0 25  0  0  0  0]
 [ 0  0 19  0  1  0]
 [ 0  0  0 24  0  0]
 [ 0  0  0  0 15  0]
 [ 0  0  0  0  0 20]]";0.6826401446654611;0.6487411774284865;"[[ 54  44  29  15  30   8]
 [ 11 239  73  15  41   7]
 [  9  22 357  39  12  18]
 [  9  15  67 300  53   8]
 [ 11   6  19   3 365  11]
 [  1   3  64   9  50 195]]";0.6063936063936064;0.5679450890630603;"[[ 16  20  10   7  24   3]
 [  9  96  46   4  18   4]
 [  5  14 142  23  12   5]
 [  5   8  45 127  23   3]
 [ 10   9   5   3 143   9]
 [  2   4  36   4  24  83]]";114;[10 25 20 24 15 20]
375;CiteSeer;own;1;0.2;64;0.5;1;0.005;1240197975;0.9833333333333333;0.9787780966044956;"[[11  1  0  0  0  0]
 [ 0 25  0  0  0  0]
 [ 1  0 20  0  0  0]
 [ 0  0  0 26  0  0]
 [ 0  0  0  0 16  0]
 [ 0  0  0  0  0 20]]";0.6903898458748867;0.6573716588904235;"[[ 57  42  30  10  30  10]
 [ 14 234  82  10  33  11]
 [  9  26 366  35   5  18]
 [ 10  19  60 297  53  10]
 [ 15   5  16   4 360  13]
 [  2   3  63   7  38 209]]";0.6113886113886113;0.5795760513403104;"[[ 21  19  11   7  18   4]
 [ 12  92  48   4  17   4]
 [  6  14 143  23   9   6]
 [  5  10  40 131  19   6]
 [ 15   9   5   3 136  11]
 [  2   2  35   4  21  89]]";120;[12 25 21 26 16 20]
376;CiteSeer;own;1;0.2;64;0.5;1;0.005;1240197975;0.9682539682539683;0.960500742971981;"[[11  1  0  0  1  0]
 [ 0 27  0  0  0  0]
 [ 1  0 20  0  0  0]
 [ 0  0  0 26  1  0]
 [ 0  0  0  0 17  0]
 [ 0  0  0  0  0 21]]";0.6977272727272728;0.6625186534065463;"[[ 56  47  22  10  35   7]
 [ 13 250  59  11  43   9]
 [  9  32 350  31   8  18]
 [ 13  25  48 293  62  10]
 [ 15   4   7   3 372  14]
 [  3   6  38   8  55 214]]";0.6163836163836164;0.5813005288311283;"[[ 19  20  10   5  22   4]
 [ 13  98  37   3  22   4]
 [  6  21 133  25  11   5]
 [  7  12  27 131  28   6]
 [ 13   9   2   3 143   9]
 [  2   3  26   4  25  93]]";126;[13 27 21 27 17 21]
377;CiteSeer;own;1;0.2;64;0.5;1;0.005;1240197975;0.9772727272727273;0.9726406123710359;"[[13  0  0  0  0  0]
 [ 0 28  0  0  1  0]
 [ 1  0 20  0  0  0]
 [ 0  0  0 29  0  0]
 [ 0  0  0  0 17  0]
 [ 1  0  0  0  0 22]]";0.7128532360984503;0.6764270000315366;"[[ 57  47  16  15  30   9]
 [ 13 264  44  12  36  16]
 [ 10  36 341  33   5  22]
 [ 11  26  39 325  44  10]
 [ 18   4   7   7 359  16]
 [  2   6  37   9  50 218]]";0.6273726273726273;0.5927861490675328;"[[ 20  22   7   8  18   5]
 [ 13 106  28   5  20   5]
 [  8  26 126  25   9   7]
 [  6  15  24 140  20   6]
 [ 13  12   2   5 137  10]
 [  2   6  21   4  21  99]]";132;[13 29 21 29 17 23]
378;CiteSeer;own;1;0.2;64;0.5;1;0.005;1240197975;0.9855072463768116;0.9814870286658316;"[[13  0  0  0  0  0]
 [ 0 31  0  0  0  0]
 [ 1  0 21  0  0  0]
 [ 1  0  0 30  0  0]
 [ 0  0  0  0 17  0]
 [ 0  0  0  0  0 24]]";0.7148080438756855;0.6772945631635464;"[[ 55  40  13  17  36  11]
 [ 13 254  48  16  39  15]
 [  8  33 339  31   6  19]
 [  9  22  33 340  49  10]
 [ 11   3   7  12 363  15]
 [  0   7  40  11  50 213]]";0.6253746253746254;0.5906294060132333;"[[ 20  21   4   9  20   6]
 [ 12 102  30   9  20   4]
 [  6  25 125  27  11   7]
 [  6  14  24 139  22   6]
 [ 11   7   2   6 142  11]
 [  0   7  22   4  22  98]]";138;[13 31 22 31 17 24]
379;CiteSeer;own;1;0.2;64;0.5;1;0.005;1240197975;0.9930555555555556;0.9901234567901235;"[[13  0  0  0  0  0]
 [ 0 33  0  0  0  0]
 [ 1  0 22  0  0  0]
 [ 0  0  0 32  0  0]
 [ 0  0  0  0 18  0]
 [ 0  0  0  0  0 25]]";0.7277726856095326;0.6909423450843665;"[[ 56  44  14   9  37   8]
 [ 11 272  45  11  36  10]
 [  7  36 340  32   8  14]
 [  8  30  31 345  41   5]
 [ 10   4   6  11 369  12]
 [  0   9  42  11  52 206]]";0.6263736263736264;0.5909243548436542;"[[ 19  22   7   7  21   4]
 [ 12 108  26   5  23   3]
 [  6  30 123  26  11   5]
 [  6  17  25 140  18   5]
 [  9   9   2   6 142  11]
 [  0   7  23   5  23  95]]";144;[13 33 23 32 18 25]
380;CiteSeer;own;1;0.2;64;0.5;1;0.005;1240197975;0.9866666666666667;0.9820441165511588;"[[13  0  0  1  0  0]
 [ 0 34  0  0  0  0]
 [ 1  0 22  0  0  0]
 [ 0  0  0 35  0  0]
 [ 0  0  0  0 18  0]
 [ 0  0  0  0  0 26]]";0.7274816176470589;0.688552303503183;"[[ 56  52  10  10  33   6]
 [ 15 276  48  17  34   3]
 [ 10  30 342  35  11   8]
 [ 11  29  29 347  40   3]
 [ 10   5   6   5 375  10]
 [  1  18  40  14  50 187]]";0.6383616383616384;0.6045103714372355;"[[ 22  26   2   7  20   3]
 [ 14 107  30   5  19   2]
 [  7  25 128  26  11   4]
 [  6  13  24 146  18   4]
 [ 10   9   2   3 145  10]
 [  0  12  21   7  22  91]]";150;[14 34 23 35 18 26]
381;CiteSeer;own;1;0.2;64;0.5;1;0.005;1240197975;0.9935897435897436;0.9924014336917563;"[[15  0  0  1  0  0]
 [ 0 35  0  0  0  0]
 [ 0  0 23  0  0  0]
 [ 0  0  0 37  0  0]
 [ 0  0  0  0 19  0]
 [ 0  0  0  0  0 26]]";0.7336405529953917;0.6958374769684413;"[[ 57  63   8  10  24   4]
 [ 13 300  38  16  28   3]
 [  8  38 333  35  12   6]
 [ 10  30  26 349  39   2]
 [  9   9   5   7 372   9]
 [  1  34  29  15  47 181]]";0.6403596403596403;0.6068536990484912;"[[ 21  30   2   8  17   2]
 [ 13 123  22   5  13   1]
 [  7  36 119  26   9   4]
 [  6  18  22 144  18   3]
 [ 10  13   2   3 144   7]
 [  0  17  20   6  20  90]]";156;[16 35 23 37 19 26]
382;CiteSeer;own;1;0.2;64;0.5;1;0.005;1240197975;1.0;1.0;"[[16  0  0  0  0  0]
 [ 0 37  0  0  0  0]
 [ 0  0 25  0  0  0]
 [ 0  0  0 37  0  0]
 [ 0  0  0  0 19  0]
 [ 0  0  0  0  0 28]]";0.7315157116451017;0.6974543376258313;"[[ 61  64   6   7  24   4]
 [ 13 299  41  12  22   6]
 [  8  42 338  23  13  10]
 [ 12  33  31 327  40   6]
 [ 11  10   6   8 366   9]
 [  1  18  52  11  38 192]]";0.6343656343656343;0.6048599693490876;"[[ 23  27   6   7  16   1]
 [ 12 120  26   4  12   3]
 [  5  31 127  24   9   5]
 [  6  21  27 131  17   9]
 [  9  15   2   3 143   7]
 [  0  14  23   5  20  91]]";162;[16 37 25 37 19 28]
383;CiteSeer;own;1;0.2;64;0.5;1;0.005;1240197975;0.9940476190476191;0.9924014336917563;"[[15  0  0  1  0  0]
 [ 0 38  0  0  0  0]
 [ 0  0 29  0  0  0]
 [ 0  0  0 37  0  0]
 [ 0  0  0  0 19  0]
 [ 0  0  0  0  0 29]]";0.7340129749768304;0.6969011228866949;"[[ 56  61  12   9  21   7]
 [ 11 293  43  14  19   7]
 [  9  38 345  27  13   8]
 [  9  29  36 335  31   5]
 [ 10  11   6   9 360  11]
 [  0  19  52  11  36 195]]";0.6393606393606394;0.6072749786676985;"[[ 22  28   6   8  13   3]
 [ 10 122  26   5  12   2]
 [  5  25 130  27   8   6]
 [  6  18  28 136  14   9]
 [  7  15   3   4 140  10]
 [  0  13  25   5  20  90]]";168;[16 38 29 37 19 29]
384;CiteSeer;own;1;0.2;64;0.5;1;0.005;1240197975;0.9885057471264368;0.9860398447077096;"[[16  0  0  0  0  0]
 [ 0 39  0  0  1  0]
 [ 1  0 28  0  0  0]
 [ 0  0  0 38  0  0]
 [ 0  0  0  0 21  0]
 [ 0  0  0  0  0 30]]";0.7337360594795539;0.6979266563516525;"[[ 59  54  12  10  21  10]
 [ 10 290  44  15  20   7]
 [  9  33 344  29  13   9]
 [  9  24  37 331  36   7]
 [ 12   8   6   9 363  10]
 [  0  16  53  11  39 192]]";0.6393606393606394;0.6024189672577318;"[[ 20  27   7   8  13   5]
 [  9 120  26   6  12   4]
 [  5  22 133  27   8   6]
 [  7  15  26 137  16  10]
 [  7  15   2   4 142   9]
 [  0  10  23   6  26  88]]";174;[16 40 29 38 21 30]
385;CiteSeer;own;1;0.2;64;0.5;1;0.005;1240197975;1.0;1.0;"[[16  0  0  0  0  0]
 [ 0 42  0  0  0  0]
 [ 0  0 31  0  0  0]
 [ 0  0  0 39  0  0]
 [ 0  0  0  0 22  0]
 [ 0  0  0  0  0 30]]";0.744641192917055;0.705595206833728;"[[ 56  61  10   9  22   7]
 [ 10 296  42  14  19   6]
 [  8  30 352  27  12   6]
 [  8  26  35 348  24   5]
 [  7  12   8   7 361   7]
 [  0  17  55  11  43 185]]";0.6483516483516484;0.6060647582434988;"[[ 17  30   8   7  16   2]
 [  8 125  23   7  12   2]
 [  5  22 132  28   8   6]
 [  6  17  25 144  11   8]
 [  6  17   1   3 143   9]
 [  0  10  24   5  26  88]]";180;[16 42 31 39 22 30]
386;CiteSeer;own;1;0.2;64;0.5;1;0.005;1240197975;1.0;1.0;"[[17  0  0  0  0  0]
 [ 0 42  0  0  0  0]
 [ 0  0 31  0  0  0]
 [ 0  0  0 40  0  0]
 [ 0  0  0  0 24  0]
 [ 0  0  0  0  0 32]]";0.7635514018691589;0.7275561634771517;"[[ 56  60   7   9  14  11]
 [ 10 299  34  14  18  10]
 [  9  37 343  28  13   7]
 [  7  34  36 346  15   7]
 [  6  12   6   6 361  13]
 [  0  11  28  11  33 229]]";0.6583416583416584;0.6149927138653392;"[[ 16  30   4   8  17   5]
 [ 10 122  22   7  11   5]
 [  5  24 131  26   8   7]
 [  6  19  25 145   9   7]
 [  6  17   2   3 143   8]
 [  0   8  15   5  23 102]]";186;[17 42 31 40 24 32]
387;CiteSeer;own;1;0.2;64;0.5;1;0.005;1240197975;1.0;1.0;"[[18  0  0  0  0  0]
 [ 0 43  0  0  0  0]
 [ 0  0 32  0  0  0]
 [ 0  0  0 42  0  0]
 [ 0  0  0  0 25  0]
 [ 0  0  0  0  0 32]]";0.767572633552015;0.734342191524889;"[[ 62  58   8  10  13  11]
 [ 11 296  33  15  18  11]
 [ 11  32 351  30   8  11]
 [  8  29  38 340  16   7]
 [  7  10   6   8 358  13]
 [  0  10  24   9  31 231]]";0.6613386613386614;0.6236292889368078;"[[ 20  24   5   9  17   5]
 [ 12 120  23   9   9   4]
 [  6  23 131  25   8   8]
 [  8  15  25 144  11   8]
 [  7  16   2   3 143   8]
 [  2   7  15   4  21 104]]";192;[18 43 32 42 25 32]
388;CiteSeer;own;1;0.2;64;0.5;1;0.005;1240197975;0.9949494949494949;0.9955967289986848;"[[19  0  0  0  0  0]
 [ 0 43  0  0  0  0]
 [ 0  1 33  0  0  0]
 [ 0  0  0 42  0  0]
 [ 0  0  0  0 26  0]
 [ 0  0  0  0  0 34]]";0.7551691729323309;0.7269909295484571;"[[ 67  42  16  11  14   9]
 [  8 253  64  19  22  11]
 [ 10  24 370  25  10   7]
 [ 10  26  47 333  14   7]
 [  8   9   8  10 360  14]
 [  1   7  35   7  26 224]]";0.6503496503496503;0.6134006222985492;"[[ 20  21   9   8  18   4]
 [ 12 104  39  10   9   3]
 [  5  18 140  23   8   7]
 [  8  10  32 142  11   8]
 [  6  11   5   3 146   8]
 [  2   6  18   4  24  99]]";198;[19 43 34 42 26 34]
389;CiteSeer;own;1;0.2;64;0.5;1;0.005;1240197975;0.9950980392156863;0.9956688322505413;"[[21  0  0  0  0  0]
 [ 0 43  0  0  0  0]
 [ 0  1 34  0  0  0]
 [ 0  0  0 42  0  0]
 [ 0  0  0  0 28  0]
 [ 0  0  0  0  0 35]]";0.7610744580584354;0.7332219292873554;"[[ 71  41  14  12  12   9]
 [ 11 255  57  19  22  11]
 [  9  23 366  26  13   6]
 [ 11  26  39 333  17   9]
 [ 11   9   7   6 365  13]
 [  2   7  30   6  29 225]]";0.6533466533466533;0.6213178625413486;"[[ 24  19   7   8  18   4]
 [ 15 105  34   8  13   2]
 [  7  18 136  24   9   7]
 [ 11  10  30 141  11   8]
 [  6  11   5   3 147   7]
 [  2   6  15   4  25 101]]";204;[21 43 35 42 28 35]
390;CiteSeer;own;1;0.2;64;0.5;1;0.005;1240197975;0.9952380952380953;0.995711881886772;"[[22  0  0  0  0  0]
 [ 0 44  0  0  0  0]
 [ 0  1 34  0  0  0]
 [ 0  0  0 45  0  0]
 [ 0  0  0  0 29  0]
 [ 0  0  0  0  0 35]]";0.7570888468809074;0.727761978527845;"[[ 67  43   7   9  22   9]
 [ 10 268  46  19  23   9]
 [  9  35 348  28  15   7]
 [ 13  30  34 331  17   8]
 [  9   9   7   5 371  10]
 [  1  11  29   7  33 217]]";0.6533466533466533;0.6172609241398738;"[[ 21  23   5   9  18   4]
 [ 13 112  30   7  14   1]
 [  7  23 130  25   9   7]
 [ 13  15  25 140  10   8]
 [  6  11   1   3 151   7]
 [  2   9  15   4  23 100]]";210;[22 44 35 45 29 35]
391;CiteSeer;own;1;0.2;64;0.5;1;0.005;1240197975;1.0;1.0;"[[23  0  0  0  0  0]
 [ 0 44  0  0  0  0]
 [ 0  0 38  0  0  0]
 [ 0  0  0 47  0  0]
 [ 0  0  0  0 29  0]
 [ 0  0  0  0  0 35]]";0.7625592417061612;0.7315083402110144;"[[ 65  47  13   8  17   7]
 [  8 263  57  18  20   8]
 [  8  26 365  32  10   4]
 [ 14  26  39 333  11   7]
 [  6   9   6   6 377   7]
 [  1  13  35   8  30 206]]";0.6503496503496503;0.6117616588837473;"[[ 19  24   7   9  16   5]
 [ 12 112  32   7  13   1]
 [  5  21 133  26  10   6]
 [ 13  12  29 143   6   8]
 [  5  12   3   4 148   7]
 [  2  11  19   4  21  96]]";216;[23 44 38 47 29 35]
392;CiteSeer;own;1;0.2;64;0.5;1;0.005;1240197975;1.0;1.0;"[[24  0  0  0  0  0]
 [ 0 45  0  0  0  0]
 [ 0  0 39  0  0  0]
 [ 0  0  0 48  0  0]
 [ 0  0  0  0 30  0]
 [ 0  0  0  0  0 36]]";0.7642585551330798;0.7310570950255181;"[[ 63  47  10  10  19   5]
 [  8 269  50  19  18   7]
 [  8  30 359  34  10   4]
 [ 14  22  33 339  14   7]
 [  9   9   6   6 378   6]
 [  1  14  33   6  37 200]]";0.6493506493506493;0.6092999004595016;"[[ 18  26   6   9  19   2]
 [ 12 112  31   8  13   1]
 [  5  22 131  27  10   6]
 [ 13  10  27 143  10   8]
 [  4  13   2   3 150   7]
 [  2  11  17   4  23  96]]";222;[24 45 39 48 30 36]
393;CiteSeer;own;1;0.2;64;0.5;1;0.005;1240197975;1.0;1.0;"[[24  0  0  0  0  0]
 [ 0 48  0  0  0  0]
 [ 0  0 40  0  0  0]
 [ 0  0  0 48  0  0]
 [ 0  0  0  0 31  0]
 [ 0  0  0  0  0 37]]";0.7664442326024785;0.7333761232054018;"[[ 60  50   9   9  20   2]
 [  5 268  50  19  18   7]
 [  8  30 369  36   9   5]
 [ 11  23  36 328  13   6]
 [  9   9   6   7 379   6]
 [  1  12  37   5  32 204]]";0.6583416583416584;0.6136115003458539;"[[ 16  27   6   9  18   4]
 [  9 114  33   7  13   1]
 [  4  20 136  24  10   7]
 [ 12  11  27 144   9   8]
 [  3  13   1   3 153   6]
 [  2  10  18   5  22  96]]";228;[24 48 40 48 31 37]
394;CiteSeer;own;1;0.2;64;0.5;1;0.005;1240197975;1.0;1.0;"[[24  0  0  0  0  0]
 [ 0 49  0  0  0  0]
 [ 0  0 40  0  0  0]
 [ 0  0  0 50  0  0]
 [ 0  0  0  0 31  0]
 [ 0  0  0  0  0 40]]";0.7586042065009561;0.7268463441018499;"[[ 59  53   9   7  20   2]
 [  5 272  45  15  17  12]
 [  6  26 378  31   5   9]
 [ 10  25  53 305  12  10]
 [  9   9   4   6 342  32]
 [  1  12  35   4  21 231]]";0.6463536463536463;0.60219424466178;"[[ 15  27   6   8  19   5]
 [  8 117  29   8  13   2]
 [  4  20 137  24   5  11]
 [  9  12  37 137   7   9]
 [  3  13   3   3 138  19]
 [  2   9  17   4  18 103]]";234;[24 49 40 50 31 40]
395;CiteSeer;own;1;0.2;64;0.5;1;0.005;1240197975;1.0;1.0;"[[24  0  0  0  0  0]
 [ 0 50  0  0  0  0]
 [ 0  0 41  0  0  0]
 [ 0  0  0 52  0  0]
 [ 0  0  0  0 32  0]
 [ 0  0  0  0  0 41]]";0.7603068072866731;0.7287116218724479;"[[ 59  48   7  10  22   3]
 [  5 268  44  19  20  10]
 [  7  27 366  37   4   7]
 [ 10  20  50 320  14   5]
 [  8  10   4   6 346  27]
 [  1  12  32   5  26 227]]";0.6393606393606394;0.5969039432220556;"[[ 16  26   6   9  19   4]
 [  8 113  30   8  16   2]
 [  5  20 133  26   7  10]
 [  9  12  33 141   8   8]
 [  3  13   3   3 139  18]
 [  2  10  17   4  22  98]]";240;[24 50 41 52 32 41]
396;CiteSeer;own;1;0.2;64;0.5;1;0.005;1240197975;0.9878048780487805;0.9859373976472083;"[[23  0  0  1  0  0]
 [ 0 50  0  0  0  0]
 [ 1  0 44  0  0  0]
 [ 0  0  0 52  0  0]
 [ 0  0  0  0 33  0]
 [ 0  1  0  0  0 41]]";0.7615384615384615;0.7301044389416279;"[[ 59  47   8   8  20   3]
 [  5 279  41  12  19   9]
 [  8  26 370  38   6   7]
 [ 13  24  48 307  15   5]
 [  8  12   4   5 343  28]
 [  1  16  33   4  23 226]]";0.6463536463536463;0.6137093672525183;"[[ 22  23   8   8  17   2]
 [ 11 118  27   5  14   2]
 [  5  20 136  25   7   8]
 [  8  15  37 136   8   7]
 [  3  14   4   3 138  17]
 [  2  11  18   4  21  97]]";246;[24 50 45 52 33 42]
397;CiteSeer;own;1;0.2;64;0.5;1;0.005;1240197975;0.9880952380952381;0.9866368977607509;"[[23  0  0  1  0  0]
 [ 0 51  0  0  0  0]
 [ 0  0 45  1  0  0]
 [ 1  0  0 53  0  0]
 [ 0  0  0  0 34  0]
 [ 0  0  0  0  0 43]]";0.7656702025072324;0.7337667380602606;"[[ 58  46  11   8  18   2]
 [  6 272  43  16  18  10]
 [  8  25 370  38   6   7]
 [ 14  23  45 311  15   5]
 [  8  11   5   5 345  22]
 [  1  10  34   6  20 232]]";0.6503496503496503;0.6197515671441244;"[[ 24  24   5   8  15   4]
 [ 11 117  27   7  13   2]
 [  6  19 136  26   6   8]
 [  7  13  37 138   8   8]
 [  4  14   2   6 138  15]
 [  3  10  18   4  20  98]]";252;[24 51 46 54 34 43]
398;CiteSeer;own;1;0.2;64;0.5;1;0.005;1240197975;0.9844961240310077;0.9847655358521004;"[[23  0  0  1  0  0]
 [ 0 52  0  0  0  0]
 [ 0  0 45  1  0  0]
 [ 0  0  1 57  1  0]
 [ 0  0  0  0 34  0]
 [ 0  0  0  0  0 43]]";0.7640232108317214;0.7262461392733678;"[[ 49  47  12   9  16   3]
 [  5 270  47  17  18   8]
 [  8  24 371  36   6   7]
 [ 17  20  48 315  14   4]
 [  8  10   6   9 343  19]
 [  1   7  37   6  19 232]]";0.6493506493506493;0.6101580169574853;"[[ 18  28   7   9  14   4]
 [  8 118  28   8  14   1]
 [  4  19 135  28   6   9]
 [  7  10  37 142   8   7]
 [  4  13   2   6 140  14]
 [  2  11  18   4  21  97]]";258;[24 52 46 59 34 43]
399;CiteSeer;own;1;0.2;64;0.5;1;0.005;1240197975;0.9962121212121212;0.9968528717545239;"[[24  0  0  0  0  0]
 [ 0 53  0  0  0  0]
 [ 0  0 46  1  0  0]
 [ 0  0  0 61  0  0]
 [ 0  0  0  0 36  0]
 [ 0  0  0  0  0 43]]";0.7691561590688651;0.7298056929030469;"[[ 47  51  10  10  14   4]
 [  5 268  44  18  16   8]
 [  8  23 373  39   5   6]
 [  7  22  43 329  12   4]
 [  7  12   4  13 345  19]
 [  1  13  34   6  18 224]]";0.6503496503496503;0.6046288321162948;"[[ 14  29   8  13  12   4]
 [  9 118  29   9  11   1]
 [  4  19 136  28   6   8]
 [  5  13  36 145   5   7]
 [  4  13   2   8 140  12]
 [  2  12  17   4  20  98]]";264;[24 53 47 61 36 43]
400;CiteSeer;own;1;0.2;64;0.5;1;0.005;1240197975;0.9925925925925926;0.9895211763227346;"[[24  1  0  0  0  0]
 [ 0 54  0  0  0  0]
 [ 0  0 49  0  0  0]
 [ 0  0  0 61  0  0]
 [ 1  0  0  0 36  0]
 [ 0  0  0  0  0 44]]";0.7660505836575876;0.7261980486091706;"[[ 46  46  12  10  15   5]
 [  5 266  48  15  15   9]
 [  8  24 377  33   7   5]
 [  7  20  55 318  11   4]
 [  7  11   5  10 349  23]
 [  1  13  30   6  21 219]]";0.6383616383616384;0.5943714797334261;"[[ 14  26   7  16  12   5]
 [  9 114  30   8  15   1]
 [  4  17 141  24   8   7]
 [  5  12  47 135   5   7]
 [  4  13   2  10 138  12]
 [  2  13  18   4  19  97]]";270;[25 54 49 61 37 44]
401;CiteSeer;own;1;0.2;64;0.5;1;0.005;1240197975;0.9855072463768116;0.9796987921987922;"[[24  2  0  0  0  0]
 [ 0 55  0  0  0  0]
 [ 0  0 50  0  0  0]
 [ 0  0  0 62  0  0]
 [ 2  0  0  0 36  0]
 [ 0  0  0  0  0 45]]";0.7678048780487805;0.7301773246462875;"[[ 48  45  12   9  16   5]
 [  5 266  48  14  16   9]
 [  8  23 381  26   8   6]
 [  6  21  61 309  12   4]
 [  6  10   6   9 348  24]
 [  1  12  30   4  20 222]]";0.6443556443556444;0.6014627921665185;"[[ 15  25   7  16  12   5]
 [  8 115  29   9  15   1]
 [  4  17 145  20   7   8]
 [  3  14  48 135   3   8]
 [  4  13   2  11 137  12]
 [  2  13  17   4  19  98]]";276;[26 55 50 62 38 45]
402;CiteSeer;own;1;0.2;64;0.5;1;0.005;1240197975;1.0;1.0;"[[27  0  0  0  0  0]
 [ 0 56  0  0  0  0]
 [ 0  0 50  0  0  0]
 [ 0  0  0 64  0  0]
 [ 0  0  0  0 39  0]
 [ 0  0  0  0  0 46]]";0.7749510763209393;0.7397192562122549;"[[ 51  49   8   8  15   1]
 [  5 269  47  14  14   8]
 [  8  22 385  24   8   5]
 [  7  23  57 314   9   3]
 [  5  12   7   9 346  22]
 [  2  15  28   5  20 219]]";0.6523476523476524;0.6087640871491028;"[[ 15  25   8  16  12   4]
 [  6 120  29   9  12   1]
 [  5  18 145  19   7   7]
 [  4  13  45 138   3   8]
 [  4  13   2  11 137  12]
 [  2  14  17   4  18  98]]";282;[27 56 50 64 39 46]
403;CiteSeer;own;1;0.2;64;0.5;1;0.005;1240197975;1.0;1.0;"[[27  0  0  0  0  0]
 [ 0 57  0  0  0  0]
 [ 0  0 50  0  0  0]
 [ 0  0  0 66  0  0]
 [ 0  0  0  0 40  0]
 [ 0  0  0  0  0 48]]";0.7747791952894995;0.7320206898582701;"[[ 43  48   8   8  22   1]
 [  5 278  43  14  15   4]
 [  9  25 379  27   8   5]
 [  5  23  51 321   9   3]
 [  4  14   5   8 348  21]
 [  3  18  26   6  21 210]]";0.6643356643356644;0.618268137791008;"[[ 15  25   6  15  15   4]
 [  7 123  25   9  12   1]
 [  4  19 143  20   8   7]
 [  2  14  38 147   3   7]
 [  4  12   2   9 140  12]
 [  2  14  17   5  18  97]]";288;[27 57 50 66 40 48]
404;CiteSeer;own;1;0.2;64;0.5;1;0.005;1240197975;0.9965986394557823;0.9957165641376168;"[[27  0  0  0  0  0]
 [ 0 58  0  0  0  0]
 [ 0  0 51  0  0  0]
 [ 1  0  0 66  0  0]
 [ 0  0  0  0 40  0]
 [ 0  0  0  0  0 51]]";0.7746062992125984;0.7321685201364385;"[[ 43  48   9   8  22   0]
 [  5 286  41  14  15   5]
 [  8  26 371  25   8   5]
 [  4  23  50 321   9   4]
 [  4  12   5  10 345  24]
 [  3  27  22   6  16 208]]";0.6603396603396603;0.612876427290519;"[[ 14  26   6  16  14   4]
 [  8 122  26   9  11   1]
 [  5  19 143  19   7   8]
 [  2  14  37 146   4   8]
 [  4  12   2  11 138  12]
 [  2  14  17   5  17  98]]";294;[27 58 51 67 40 51]
405;CiteSeer;own;1;0.2;64;0.5;1;0.005;1240197975;0.99;0.9887900901592586;"[[28  0  0  0  0  0]
 [ 0 58  0  0  0  1]
 [ 0  0 52  0  0  0]
 [ 2  0  0 67  0  0]
 [ 0  0  0  0 40  0]
 [ 0  0  0  0  0 52]]";0.7714708785784797;0.7278265897824979;"[[ 42  47  10   8  19   5]
 [  5 285  41  14  12   6]
 [  8  28 366  24   8   5]
 [  3  24  47 321   8   7]
 [  5  12   5   9 340  26]
 [  1  30  21   6  19 209]]";0.6633366633366633;0.6155149685738893;"[[ 14  27   6  15  14   4]
 [  8 125  24   8  10   2]
 [  4  21 144  18   6   8]
 [  2  18  34 146   3   8]
 [  4  13   2  11 137  12]
 [  2  14  17   5  17  98]]";300;[28 59 52 69 40 52]
406;CiteSeer;own;1;0.2;64;0.5;1;0.005;1240197975;0.9967320261437909;0.9959931081460112;"[[29  0  0  0  0  0]
 [ 0 60  0  0  0  0]
 [ 0  0 53  0  0  0]
 [ 1  0  0 70  0  0]
 [ 0  0  0  0 40  0]
 [ 0  0  0  0  0 53]]";0.7816831683168317;0.7443962978493848;"[[ 49  47  10   7  14   3]
 [  5 283  41  13  12   7]
 [  8  24 369  24   6   6]
 [  3  25  44 328   7   4]
 [  5  14   5  10 339  23]
 [  2  28  22   6  16 211]]";0.6723276723276723;0.6332227593862827;"[[ 19  26   6  13  12   4]
 [  8 125  24   8  11   1]
 [  3  19 143  21   7   8]
 [  2  18  32 149   2   8]
 [  4  13   2  11 138  11]
 [  2  15  16   6  15  99]]";306;[29 60 53 71 40 53]
407;CiteSeer;own;1;0.2;64;0.5;1;0.005;1240197975;0.9967948717948718;0.9959770868861778;"[[31  0  0  0  0  0]
 [ 1 60  0  0  0  0]
 [ 0  0 54  0  0  0]
 [ 0  0  0 71  0  0]
 [ 0  0  0  0 40  0]
 [ 0  0  0  0  0 55]]";0.7835153922542205;0.7455735779646916;"[[ 50  43  10   7  15   3]
 [  8 274  41  12  12   6]
 [  8  23 371  24   5   5]
 [  3  23  43 332   6   4]
 [  7  11   4  13 337  21]
 [  3  25  24   5  22 214]]";0.6733266733266733;0.6370908674602047;"[[ 21  25   6  13  12   3]
 [  9 123  23   8  13   1]
 [  3  19 143  22   7   7]
 [  3  14  32 150   4   8]
 [  4  13   2  11 138  11]
 [  2  13  18   6  15  99]]";312;[31 61 54 71 40 55]
408;CiteSeer;own;1;0.2;64;0.5;1;0.005;1240197975;1.0;1.0;"[[34  0  0  0  0  0]
 [ 0 62  0  0  0  0]
 [ 0  0 54  0  0  0]
 [ 0  0  0 71  0  0]
 [ 0  0  0  0 40  0]
 [ 0  0  0  0  0 57]]";0.7903386454183267;0.7528514082916367;"[[ 50  42   9   7  15   4]
 [  7 273  42  12  12   6]
 [  7  20 375  24   5   5]
 [  3  21  42 334   6   4]
 [  5  12   4  13 336  22]
 [  3  19  23   7  20 219]]";0.6823176823176823;0.6400148648724039;"[[ 18  26   6  15  12   3]
 [  8 124  24   7  13   1]
 [  3  16 147  21   7   7]
 [  2  13  32 152   4   8]
 [  3  13   2   9 142  10]
 [  2  13  18   6  14 100]]";318;[34 62 54 71 40 57]
409;CiteSeer;own;1;0.2;64;0.5;1;0.005;1240197975;1.0;1.0;"[[34  0  0  0  0  0]
 [ 0 63  0  0  0  0]
 [ 0  0 56  0  0  0]
 [ 0  0  0 71  0  0]
 [ 0  0  0  0 41  0]
 [ 0  0  0  0  0 59]]";0.7882117882117882;0.7492221647658176;"[[ 46  42  10   7  14   4]
 [  7 275  39  13  11   7]
 [  7  20 374  25   5   6]
 [  3  22  46 328   6   5]
 [  4  12   5  12 332  26]
 [  1  18  26   4  17 223]]";0.6813186813186813;0.6403167058219996;"[[ 18  25   6  15  12   4]
 [  8 124  26   5  12   2]
 [  3  17 147  20   7   7]
 [  2  15  32 151   2   9]
 [  2  13   2  15 137  10]
 [  2  13  17   5  11 105]]";324;[34 63 56 71 41 59]
410;CiteSeer;own;1;0.2;64;0.5;1;0.005;1240197975;1.0;1.0;"[[36  0  0  0  0  0]
 [ 0 64  0  0  0  0]
 [ 0  0 57  0  0  0]
 [ 0  0  0 72  0  0]
 [ 0  0  0  0 41  0]
 [ 0  0  0  0  0 60]]";0.7860721442885772;0.7502471458038357;"[[ 53  42  10   6  14   4]
 [  8 279  38  13  12   7]
 [  6  21 378  24   5   5]
 [ 12  22  42 307   9   5]
 [  7  12   4   9 332  24]
 [  1  18  25   7  15 220]]";0.6783216783216783;0.6400205058376837;"[[ 20  28   7  10  12   3]
 [  8 128  24   5  11   1]
 [  2  18 145  22   6   8]
 [  6  18  28 147   3   9]
 [  8  13   2  10 135  11]
 [  3  13  17   5  11 104]]";330;[36 64 57 72 41 60]
411;CiteSeer;own;1;0.2;64;0.5;1;0.005;1240197975;1.0;1.0;"[[38  0  0  0  0  0]
 [ 0 64  0  0  0  0]
 [ 0  0 57  0  0  0]
 [ 0  0  0 74  0  0]
 [ 0  0  0  0 42  0]
 [ 0  0  0  0  0 61]]";0.7864321608040201;0.7533157229713748;"[[ 55  41   9   6  12   4]
 [  8 280  37  12  12   8]
 [  8  23 377  20   6   5]
 [ 10  22  47 300  10   6]
 [  5  11   4  10 333  24]
 [  1  19  24   5  16 220]]";0.6843156843156843;0.649527241063034;"[[ 23  25   6  10  12   4]
 [  8 129  26   3  10   1]
 [  3  18 148  17   7   8]
 [  7  18  29 145   3   9]
 [  7  13   2   9 136  12]
 [  3  13  17   5  11 104]]";336;[38 64 57 74 42 61]
412;CiteSeer;own;1;0.2;64;0.5;1;0.005;1240197975;0.9970760233918129;0.9965823650034177;"[[38  0  0  0  0  0]
 [ 1 66  0  0  0  0]
 [ 0  0 57  0  0  0]
 [ 0  0  0 77  0  0]
 [ 0  0  0  0 42  0]
 [ 0  0  0  0  0 61]]";0.7903225806451613;0.7534365810664894;"[[ 51  43   9   6  12   4]
 [  7 282  37  13  11   6]
 [  8  23 378  19   6   5]
 [  9  23  42 305   8   6]
 [  5  10   3   9 334  25]
 [  2  16  26   5  18 218]]";0.6813186813186813;0.645771193963523;"[[ 22  26   6  10  12   4]
 [  8 126  28   4  10   1]
 [  3  17 149  17   7   8]
 [  7  17  32 144   3   8]
 [  7  13   3   8 137  11]
 [  3  12  18   5  11 104]]";342;[38 67 57 77 42 61]
413;CiteSeer;own;1;0.2;64;0.5;1;0.005;1240197975;0.9942528735632183;0.9932330827067669;"[[37  2  0  0  0  0]
 [ 0 69  0  0  0  0]
 [ 0  0 57  0  0  0]
 [ 0  0  0 78  0  0]
 [ 0  0  0  0 42  0]
 [ 0  0  0  0  0 63]]";0.7871587462082912;0.7489888656574393;"[[ 48  44  11   6  10   4]
 [  5 293  36  11  12   4]
 [ 11  26 365  20   5   6]
 [  9  25  42 303   7   6]
 [  5  13   3   9 331  24]
 [  2  19  25   5  16 217]]";0.6823176823176823;0.647375844613439;"[[ 22  28   5  10  12   3]
 [  8 130  25   3  10   1]
 [  3  22 143  17   7   9]
 [  7  18  32 146   1   7]
 [  6  14   3   7 138  11]
 [  3  12  18   5  11 104]]";348;[39 69 57 78 42 63]
414;CiteSeer;own;1;0.2;64;0.5;1;0.005;1240197975;0.9943502824858758;0.9943132570451384;"[[38  1  0  0  0  0]
 [ 0 70  0  0  0  0]
 [ 0  0 57  0  0  0]
 [ 0  0  0 79  0  0]
 [ 0  0  0  0 44  0]
 [ 0  0  0  1  0 64]]";0.7931034482758621;0.756176676784234;"[[ 50  42  12   5  11   4]
 [  7 295  27  13  11   7]
 [ 10  29 361  22   4   6]
 [  7  26  40 306   7   5]
 [  5  10   3   9 334  22]
 [  2  18  25   3  16 218]]";0.6813186813186813;0.6459264920600558;"[[ 22  26   5  11  12   4]
 [  8 130  23   5  10   1]
 [  3  24 141  18   6   9]
 [  6  18  29 148   2   8]
 [  7  13   2   8 136  13]
 [  3  12  17   5  11 105]]";354;[39 70 57 79 44 65]
415;CiteSeer;own;1;0.2;64;0.5;1;0.005;1240197975;0.9916666666666667;0.9908082812363762;"[[39  1  0  0  0  0]
 [ 1 70  0  0  0  0]
 [ 0  0 58  0  0  0]
 [ 0  0  0 80  0  0]
 [ 0  0  0  0 44  0]
 [ 0  0  1  0  0 66]]";0.797558494404883;0.7598167327462032;"[[ 49  46  11   5  11   4]
 [  8 296  27  12  12   3]
 [  6  28 367  19   4   6]
 [  6  25  42 305   7   5]
 [  4  10   3   9 333  22]
 [  2  18  23   3  17 218]]";0.6843156843156843;0.6470485912322717;"[[ 21  26   5  13  12   3]
 [  8 131  22   4  11   1]
 [  1  24 144  18   6   8]
 [  6  16  31 148   2   8]
 [  8  12   2   8 136  13]
 [  3  12  17   5  11 105]]";360;[40 71 58 80 44 67]
416;CiteSeer;own;1;0.2;64;0.5;1;0.005;1240197975;0.9972677595628415;0.9969054288382019;"[[42  0  0  0  0  0]
 [ 1 73  0  0  0  0]
 [ 0  0 58  0  0  0]
 [ 0  0  0 80  0  0]
 [ 0  0  0  0 44  0]
 [ 0  0  0  0  0 68]]";0.8035714285714286;0.7751036265869522;"[[ 65  41  10   5   9   4]
 [ 11 292  28   8  11   6]
 [ 11  23 359  17   4  10]
 [  5  22  38 305   7   8]
 [  5   7   3  10 331  22]
 [  2  17  22   3  16 223]]";0.6963036963036963;0.6689503444529029;"[[ 29  26   5   7  11   2]
 [  9 129  23   3  11   2]
 [  1  25 143  18   6   8]
 [  8  14  28 151   2   8]
 [ 10  11   2   8 137  11]
 [  3  11  17   3  11 108]]";366;[42 74 58 80 44 68]
417;CiteSeer;own;1;0.2;64;0.5;1;0.005;1240197975;0.9919354838709677;0.9905898058878617;"[[42  0  0  0  0  0]
 [ 1 74  0  0  0  0]
 [ 0  0 58  0  0  0]
 [ 0  0  0 80  0  0]
 [ 1  0  0  0 46  0]
 [ 0  0  1  0  0 69]]";0.8014329580348004;0.7727790705407876;"[[ 62  39  11   5  13   4]
 [  7 288  32   9  11   7]
 [  9  23 359  16   4  13]
 [  4  21  39 302   8   9]
 [  2   8   3  10 334  24]
 [  2  15  20   3  17 221]]";0.6863136863136863;0.6512031766601719;"[[ 23  27   6   9  12   3]
 [  9 125  24   3  14   2]
 [  1  21 144  18   6  11]
 [  8  14  29 148   4   8]
 [  9  12   2   5 139  12]
 [  3  11  17   3  11 108]]";372;[42 75 58 80 47 70]
418;CiteSeer;own;1;0.2;64;0.5;1;0.005;1240197975;0.9973544973544973;0.9969354629268926;"[[42  0  0  0  0  0]
 [ 1 75  0  0  0  0]
 [ 0  0 60  0  0  0]
 [ 0  0  0 81  0  0]
 [ 0  0  0  0 48  0]
 [ 0  0  0  0  0 71]]";0.803388090349076;0.7725682147450935;"[[ 60  39  11   5  13   4]
 [  6 285  31   8  13   8]
 [ 12  20 361  18   5  10]
 [  6  20  39 300   8   9]
 [  3   8   3   9 334  23]
 [  2  10  20   3  17 225]]";0.6893106893106893;0.6506156076558338;"[[ 21  26   6   9  14   4]
 [  6 123  25   5  15   3]
 [  1  16 147  17   9  11]
 [  8  12  30 148   4   9]
 [  7  12   2   5 143  10]
 [  3  10  17   3  12 108]]";378;[42 76 60 81 48 71]
419;CiteSeer;own;1;0.2;64;0.5;1;0.005;1240197975;0.9973958333333334;0.9969498910675382;"[[42  0  0  0  0  0]
 [ 1 76  0  0  0  0]
 [ 0  0 61  0  0  0]
 [ 0  0  0 83  0  0]
 [ 0  0  0  0 50  0]
 [ 0  0  0  0  0 71]]";0.8053553038105047;0.7753093771041333;"[[ 61  40  11   5  11   4]
 [  7 286  32   8  11   6]
 [ 11  22 359  19   4  10]
 [  5  20  36 304   7   8]
 [  3  10   3   9 337  18]
 [  2  14  21   3  18 217]]";0.6923076923076923;0.6570658860813948;"[[ 23  28   6   9  11   3]
 [  7 125  24   4  14   3]
 [  1  19 144  19   8  10]
 [  7  15  28 150   3   8]
 [  8  12   2   5 144   8]
 [  3  10  18   3  12 107]]";384;[42 77 61 83 50 71]
420;CiteSeer;own;1;0.2;64;0.5;1;0.005;1240197975;0.9923076923076923;0.9918467169318018;"[[42  1  0  0  0  0]
 [ 0 78  0  0  0  0]
 [ 0  0 62  0  0  0]
 [ 0  0  0 83  0  0]
 [ 0  0  0  1 50  0]
 [ 0  0  1  0  0 72]]";0.800103305785124;0.7687475544094955;"[[ 59  43  11   6  13   4]
 [  4 280  33   9  11   7]
 [ 11  22 358  20   4   9]
 [  5  20  38 301   6   9]
 [  3  11   3   8 332  18]
 [  3  15  21   3  17 219]]";0.6853146853146853;0.6476040561070092;"[[ 21  28   6   9  12   4]
 [  7 125  25   5  13   2]
 [  1  19 142  21   8  10]
 [  7  15  28 150   3   8]
 [  8  12   1   5 142  11]
 [  2  11  19   3  12 106]]";390;[43 78 62 83 51 73]
421;CiteSeer;own;1;0.2;64;0.5;1;0.005;1240197975;0.9924242424242424;0.9922400225652653;"[[44  1  0  0  0  0]
 [ 0 78  0  0  0  0]
 [ 0  0 62  0  0  0]
 [ 0  0  0 84  0  1]
 [ 0  0  0  0 52  1]
 [ 0  0  0  0  0 73]]";0.8005181347150259;0.7717007477014596;"[[ 62  42  11   6  10   2]
 [  4 284  29   9  11   7]
 [ 11  23 353  19   4  10]
 [  6  22  43 294   7  10]
 [  2  10   4   8 339  13]
 [  5  18  18   3  18 213]]";0.6813186813186813;0.6448249523504391;"[[ 22  29   6   9  11   3]
 [  8 128  24   3  11   3]
 [  1  20 143  18   8  11]
 [  7  16  31 145   3   9]
 [  8  12   2   5 144   8]
 [  3  13  17   4  16 100]]";396;[45 78 62 85 53 73]
422;CiteSeer;own;1;0.2;64;0.5;1;0.005;1240197975;0.9950248756218906;0.9953009224698381;"[[45  0  0  0  0  0]
 [ 0 79  0  0  0  0]
 [ 0  0 64  0  0  0]
 [ 0  0  0 85  0  1]
 [ 0  1  0  0 53  0]
 [ 0  0  0  0  0 74]]";0.8040540540540541;0.7753015662947854;"[[ 62  42  11   5  11   2]
 [  4 282  29   9  10   8]
 [ 11  23 351  21   4   9]
 [  6  22  41 294   7  10]
 [  2  10   4   8 343   9]
 [  5  16  20   4  14 215]]";0.6873126873126874;0.6522060583552708;"[[ 23  29   5   8  12   3]
 [  8 128  24   3  11   3]
 [  1  21 143  18   8  10]
 [  7  16  31 146   3   8]
 [  7  12   2   5 147   6]
 [  3  12  17   4  16 101]]";402;[45 79 64 86 54 74]
423;CiteSeer;own;1;0.2;64;0.5;1;0.005;1240197975;0.9950980392156863;0.9942934782608696;"[[45  1  0  0  0  0]
 [ 1 79  0  0  0  0]
 [ 0  0 64  0  0  0]
 [ 0  0  0 86  0  0]
 [ 0  0  0  0 56  0]
 [ 0  0  0  0  0 76]]";0.8096976016684045;0.7784295293114579;"[[ 59  43  10   6  11   2]
 [  5 277  29   9  11   9]
 [ 11  22 351  23   4   8]
 [  5  19  38 300   7  11]
 [  4   6   3   8 345  10]
 [  3  12  20   2  14 221]]";0.6913086913086913;0.6556058849310881;"[[ 23  27   6   9  11   4]
 [ 10 125  23   4  12   3]
 [  1  20 142  21   8   9]
 [  7  12  29 151   4   8]
 [  8  11   2   5 146   7]
 [  2  11  18   4  13 105]]";408;[46 80 64 86 56 76]
424;CiteSeer;own;1;0.2;64;0.5;1;0.005;1240197975;0.9951690821256038;0.9951938074538694;"[[47  1  0  0  0  0]
 [ 0 82  0  0  0  0]
 [ 0  0 64  0  0  0]
 [ 0  0  0 87  0  0]
 [ 0  0  0  0 56  0]
 [ 0  0  0  1  0 76]]";0.8122384937238494;0.7821686217930778;"[[ 60  43   9   6  10   1]
 [  5 279  28   9   8   9]
 [ 12  23 352  20   4   8]
 [  5  20  38 299   7  10]
 [  2   7   3   8 342  13]
 [  3  15  17   3  13 221]]";0.6893106893106893;0.6555847004794595;"[[ 24  28   5   8  11   4]
 [  9 126  24   4  11   3]
 [  4  21 140  19   8   9]
 [  7  14  30 149   3   8]
 [  8  12   2   5 145   7]
 [  3  12  16   4  12 106]]";414;[48 82 64 87 56 77]
425;CiteSeer;own;1;0.2;64;0.5;1;0.005;1240197975;0.9928571428571429;0.9920416554600973;"[[48  1  0  0  0  0]
 [ 0 83  0  0  0  0]
 [ 0  0 64  0  0  0]
 [ 0  0  0 87  0  0]
 [ 0  0  0  0 57  0]
 [ 1  0  0  0  1 78]]";0.8069254984260231;0.772470050536357;"[[ 54  43   7   5  14   1]
 [  5 277  27  10   9  11]
 [ 10  23 347  23   5   9]
 [  5  20  39 299   6  10]
 [  3   6   3   7 339  13]
 [  7  14  17   2  14 222]]";0.6873126873126874;0.6539575462631325;"[[ 24  27   5   9  11   4]
 [  9 124  24   4  12   4]
 [  3  23 140  18   8   9]
 [  7  14  31 149   3   7]
 [  9  11   3   5 145   6]
 [  3  12  16   4  12 106]]";420;[49 83 64 87 57 80]
426;CiteSeer;own;1;0.2;64;0.5;1;0.005;784866329;0.0;0.0;[[]];0.0825451418744626;0.036704212548674446;"[[173   7   0   3   1   0]
 [394  18   0   0   1   0]
 [459   8   0   0   0   0]
 [452  27   0   1  10   0]
 [412   5   0   0   0   0]
 [338  17   0   0   0   0]]";0.08791208791208792;0.042665568242708896;"[[ 76   3   0   1   0   0]
 [166  11   0   0   0   0]
 [192   8   0   0   1   0]
 [191  18   0   0   2   0]
 [174   4   0   0   1   0]
 [147   6   0   0   0   0]]";0;[]
427;CiteSeer;own;1;0.2;64;0.5;1;0.005;784866329;1.0;1.0;"[[1 0 0 0]
 [0 3 0 0]
 [0 0 1 0]
 [0 0 0 1]]";0.24913793103448276;0.07627967930928152;"[[  1  15   0 167   0   0]
 [  0  11   0 400   0   0]
 [  0   4   0 383   0   0]
 [  0   4   0 566   0   0]
 [  0  23   0 392   0   0]
 [  0   2   0 352   0   0]]";0.2097902097902098;0.06305593245891752;"[[  0   8   0  72   0   0]
 [  0   3   0 174   0   0]
 [  0   0   0 201   0   0]
 [  0   4   0 207   0   0]
 [  0   7   0 172   0   0]
 [  0   2   0 151   0   0]]";6;[1 0 0 3 1 1]
428;CiteSeer;own;1;0.2;64;0.5;1;0.005;784866329;0.8333333333333334;0.7166666666666667;"[[2 0 0 0 0 0]
 [0 3 0 0 0 0]
 [0 0 0 0 0 0]
 [0 0 0 3 0 0]
 [0 0 0 0 1 0]
 [1 0 1 0 0 1]]";0.23768366464995677;0.1487279560172467;"[[  2   4 133  32   0   5]
 [  0  22 285  97   0   4]
 [  0   0 127 260   0   0]
 [  0   0 194 376   0   0]
 [  0   0 323  25   0  59]
 [  0   0 253  90   0  23]]";0.19880119880119881;0.11198251724485682;"[[  0   1  62  14   0   3]
 [  0   3 123  47   0   4]
 [  0   0  64 137   0   0]
 [  0   0  83 128   0   0]
 [  0   2 130  13   0  34]
 [  0   1 106  42   0   4]]";12;[2 3 0 3 1 3]
429;CiteSeer;own;1;0.2;64;0.5;1;0.005;784866329;1.0;1.0;"[[3 0 0 0 0]
 [0 4 0 0 0]
 [0 0 4 0 0]
 [0 0 0 3 0]
 [0 0 0 0 4]]";0.32322357019064124;0.2275258796770474;"[[  7   2  77  23  64   9]
 [  7  19 161  70 145   3]
 [  1   0 110 236  40   0]
 [  2   0  94 391  86   0]
 [  9   0 146  14 206  28]
 [  3   0 115  43 184  13]]";0.27972027972027974;0.20652051979185856;"[[  5   0  34  10  28   3]
 [  1   5  58  26  84   3]
 [  1   0  49 126  25   0]
 [  0   0  36 138  37   0]
 [  2   2  67   7  78  23]
 [  1   0  55  17  75   5]]";18;[3 4 0 4 3 4]
430;CiteSeer;own;1;0.2;64;0.5;1;0.005;784866329;0.9583333333333334;0.9686609686609686;"[[4 0 0 0 0 0]
 [0 6 0 0 1 0]
 [0 0 1 0 0 0]
 [0 0 0 4 0 0]
 [0 0 0 0 4 0]
 [0 0 0 0 0 4]]";0.29713292788879236;0.21315146669417825;"[[ 96   0   0  22 126   6]
 [ 16  21   0  75 287   0]
 [  9   0   0 230 145   0]
 [ 52   0   0 379 139   0]
 [165   0   0   6 176   4]
 [ 55   0   1  34 246  12]]";0.23676323676323677;0.1631298570449153;"[[ 19   0   0  11  47   3]
 [ 13   3   0  27 132   2]
 [  9   0   1 118  73   0]
 [ 26   0   0 133  52   0]
 [ 91   2   0   5  77   4]
 [ 24   0   0  13 112   4]]";24;[4 7 1 4 4 4]
431;CiteSeer;own;1;0.2;64;0.5;1;0.005;784866329;1.0;1.0;"[[4 0 0 0 0 0]
 [0 8 0 0 0 0]
 [0 0 1 0 0 0]
 [0 0 0 5 0 0]
 [0 0 0 0 6 0]
 [0 0 0 0 0 6]]";0.43597560975609756;0.38682948170316456;"[[ 89  19   0  30  85  23]
 [ 10 141   0  84 122  40]
 [  8   5   0 268  87  11]
 [ 43   7   0 399 115   4]
 [138   4   0   4 180  19]
 [ 24   1   0  37 107 192]]";0.3936063936063936;0.34843864138400643;"[[ 16   7   0  14  33  10]
 [  8  59   0  29  57  24]
 [  8   3   1 136  37  16]
 [ 17   1   0 146  42   5]
 [ 78   3   0   8  83   7]
 [ 10   0   0  14  40  89]]";30;[4 8 1 5 6 6]
432;CiteSeer;own;1;0.2;64;0.5;1;0.005;784866329;0.9722222222222222;0.9365079365079364;"[[ 4  0  0  0  0  0]
 [ 0 10  0  0  0  0]
 [ 0  1  1  0  0  0]
 [ 0  0  0  6  0  0]
 [ 0  0  0  0  7  0]
 [ 0  0  0  0  0  7]]";0.44148471615720525;0.43843729514508234;"[[ 83  38  92   3  24   3]
 [  4 210 160  12  20  10]
 [  5  19 278  62   4   2]
 [ 15  35 233 244  22   2]
 [112   5 115   1 114   5]
 [  9   3 248   8   8  82]]";0.3756243756243756;0.3575991953852265;"[[ 10  18  35   2  13   2]
 [  3  78  73   1  15   7]
 [  7  18 126  46   4   0]
 [  9  13 104  75  10   0]
 [ 65   7  52   5  48   2]
 [  3   1  98   4   8  39]]";36;[ 4 10  2  6  7  7]
433;CiteSeer;own;1;0.2;64;0.5;1;0.005;784866329;0.9523809523809523;0.9417112299465241;"[[ 4  0  0  0  0  0]
 [ 0 10  0  0  0  1]
 [ 0  1  2  0  0  0]
 [ 0  0  0  8  0  0]
 [ 0  0  0  0  8  0]
 [ 0  0  0  0  0  8]]";0.4531523642732049;0.45416559116353367;"[[ 75  30  95   4  26   3]
 [  2 163 192  14  19  11]
 [  3  13 287  84   5   1]
 [  8  24 224 266  22   1]
 [ 90   2 111   1 146   9]
 [  6   0 212  11  26  98]]";0.4015984015984016;0.3861984333964034;"[[  9  14  44   1  10   2]
 [  3  58  92   3  16   5]
 [  2  13 129  49   8   0]
 [  6   6  99  89   8   3]
 [ 52   3  50   5  65   4]
 [  3   1  82   5  10  52]]";42;[ 4 11  3  8  8  8]
434;CiteSeer;own;1;0.2;64;0.5;1;0.005;784866329;0.9583333333333334;0.9427118520940031;"[[ 4  0  0  0  0  0]
 [ 0 11  0  0  0  1]
 [ 0  0  2  1  0  0]
 [ 0  0  0 10  0  0]
 [ 0  0  0  0 10  0]
 [ 0  0  0  0  0  9]]";0.47892888498683056;0.44945129439598386;"[[ 49  77   8   3  53  11]
 [ 13 382  16   5  45  22]
 [  8 167 107  26  26  15]
 [ 44 168  46 150  87   9]
 [135  17   1   1 222  16]
 [ 24  54  17   5  68 181]]";0.3996003996003996;0.3775218665384436;"[[ 15  32   4   0  22   7]
 [  7 117  15   1  25  12]
 [  4 123  27  24  15   8]
 [ 19  60  19  59  48   6]
 [ 62  14   4   3  91   5]
 [ 10  16   3   5  28  91]]";48;[ 4 12  3 10 10  9]
435;CiteSeer;own;1;0.2;64;0.5;1;0.005;784866329;0.9814814814814815;0.9695238095238095;"[[ 5  0  0  0  0  0]
 [ 0 13  0  0  0  0]
 [ 0  0  3  1  0  0]
 [ 0  0  0 12  0  0]
 [ 0  0  0  0 10  0]
 [ 0  0  0  0  0 10]]";0.5699823943661971;0.5186392364485327;"[[ 46  48   5  42  38  16]
 [  6 370  16  32  30  29]
 [  3 164  76  91  10   7]
 [  9  93   8 362  28   6]
 [120  11   1  23 211  19]
 [  6  34   6  34  42 230]]";0.47652347652347654;0.42711368935811705;"[[ 11  24   5  15  21   4]
 [  2 108  16  14  26  11]
 [  3 123  15  45  12   3]
 [  4  35   4 156   8   4]
 [ 58  11   1  18  82   9]
 [  5  11   2  17  13 105]]";54;[ 5 13  4 12 10 10]
436;CiteSeer;own;1;0.2;64;0.5;1;0.005;784866329;0.9833333333333333;0.9781818181818182;"[[ 6  0  0  0  0  0]
 [ 0 14  0  0  0  0]
 [ 0  0  5  1  0  0]
 [ 0  0  0 12  0  0]
 [ 0  0  0  0 11  0]
 [ 0  0  0  0  0 11]]";0.5917917034421889;0.5490027550254473;"[[ 42  41  19  21  48  14]
 [  6 337  46  16  34  35]
 [  2 140 123  61  20  12]
 [ 10  86  24 340  37   9]
 [ 90  10   7   9 258  19]
 [  2  22  17  17  51 241]]";0.5054945054945055;0.46740106710767765;"[[ 12  19   9   9  23   8]
 [  5  96  27  10  24  15]
 [  1 105  39  35  16   5]
 [  4  34  11 145  11   6]
 [ 42   5   7  11 106   8]
 [  2   7   8   7  21 108]]";60;[ 6 14  6 12 11 11]
437;CiteSeer;own;1;0.2;64;0.5;1;0.005;784866329;0.9696969696969697;0.9609988776655443;"[[ 6  0  0  0  0  0]
 [ 0 16  0  0  0  0]
 [ 0  1  5  1  0  0]
 [ 0  0  0 13  0  0]
 [ 0  0  0  0 11  0]
 [ 0  0  0  0  0 13]]";0.588495575221239;0.5482330895987989;"[[ 41  56  16  13  45  13]
 [  4 349  38  11  33  30]
 [  1 157 125  74  22  12]
 [  3  93  19 309  47   9]
 [ 78  13   7   8 267  20]
 [  1  27  16  17  47 239]]";0.4965034965034965;0.4529759548989665;"[[  9  24   6   8  26   7]
 [  3 103  26   9  21  15]
 [  1 114  31  34  15   6]
 [  2  44   5 137  17   6]
 [ 35   9   6  11 111   7]
 [  1  10   8   6  22 106]]";66;[ 6 16  7 13 11 13]
438;CiteSeer;own;1;0.2;64;0.5;1;0.005;784866329;0.9861111111111112;0.9835125448028674;"[[ 7  0  0  0  0  0]
 [ 0 16  0  0  0  0]
 [ 0  0  7  1  0  0]
 [ 0  0  0 15  0  0]
 [ 0  0  0  0 12  0]
 [ 0  0  0  0  0 14]]";0.6042590949423248;0.54476421328416;"[[ 19  42  17  26  43  10]
 [  2 339  43  19  31  29]
 [  0 129 145  91  17   8]
 [  2  72  29 338  36   6]
 [ 61  10  14  12 298  18]
 [  3  22  28  20  52 223]]";0.5084915084915085;0.4605915353998477;"[[  7  17  14  14  24   4]
 [  2  94  31  16  22  12]
 [  1 110  34  36  16   4]
 [  1  35  10 152   9   4]
 [ 23   6  11  14 119   6]
 [  1   7  12   8  22 103]]";72;[ 7 16  8 15 12 14]
439;CiteSeer;own;1;0.2;64;0.5;1;0.005;784866329;0.9743589743589743;0.9758863141216083;"[[ 7  0  0  0  0  0]
 [ 0 16  0  0  0  0]
 [ 0  0  8  1  0  0]
 [ 0  1  0 17  0  0]
 [ 0  0  0  0 13  0]
 [ 0  0  0  0  0 15]]";0.6379003558718861;0.571756179009535;"[[ 16  48  16  23  44  10]
 [  1 329  30  23  32  29]
 [  0 139 152  85  17  11]
 [  0  82  32 326  39   7]
 [  2   9   7  10 368  18]
 [  1  14  12  19  54 243]]";0.5374625374625375;0.4709952596649644;"[[  3  20   8  12  30   7]
 [  0 100  25  16  23  13]
 [  0 108  37  36  15   5]
 [  0  35  16 144  11   5]
 [  2   8   6  12 145   6]
 [  0   7   6   8  23 109]]";78;[ 7 16  9 18 13 15]
440;CiteSeer;own;1;0.2;64;0.5;1;0.005;784866329;0.9761904761904762;0.9824074074074075;"[[ 8  0  0  0  0  0]
 [ 0 17  0  2  0  0]
 [ 0  0  9  0  0  0]
 [ 0  0  0 19  0  0]
 [ 0  0  0  0 14  0]
 [ 0  0  0  0  0 15]]";0.6538804638715433;0.5854198864927275;"[[ 16  41  13  34  42  10]
 [  0 327  33  30  27  25]
 [  0 128 154  95  14  12]
 [  0  62  28 364  28   5]
 [  2   9  10  16 357  19]
 [  0  12  10  28  43 248]]";0.5474525474525475;0.4832173409640796;"[[  4  15   9  19  27   6]
 [  0 104  24  22  18   9]
 [  1 102  38  43  13   4]
 [  0  29  16 153  11   2]
 [  1   4   9  19 139   7]
 [  0   7   6  10  20 110]]";84;[ 8 19  9 19 14 15]
441;CiteSeer;own;1;0.2;64;0.5;1;0.005;784866329;1.0;1.0;"[[ 8  0  0  0  0  0]
 [ 0 20  0  0  0  0]
 [ 0  0 10  0  0  0]
 [ 0  0  0 21  0  0]
 [ 0  0  0  0 15  0]
 [ 0  0  0  0  0 16]]";0.6610017889087657;0.5908119718496307;"[[ 17  61   8  21  37  10]
 [  0 361  18  23  27  13]
 [  0 139 142 101  19   7]
 [  0  61  21 363  36   4]
 [  2  12   6  11 364  18]
 [  0  25  11  22  45 231]]";0.5664335664335665;0.49590196237482953;"[[  4  25   6  10  30   5]
 [  0 128  12  14  17   6]
 [  0 102  34  46  15   4]
 [  0  33  16 147  13   2]
 [  1  10   2  15 144   7]
 [  0   8   6   8  21 110]]";90;[ 8 20 10 21 15 16]
442;CiteSeer;own;1;0.2;64;0.5;1;0.005;784866329;1.0;1.0;"[[ 9  0  0  0  0  0]
 [ 0 20  0  0  0  0]
 [ 0  0 11  0  0  0]
 [ 0  0  0 23  0  0]
 [ 0  0  0  0 15  0]
 [ 0  0  0  0  0 18]]";0.6721973094170404;0.6003710437834441;"[[ 16  58   6  20  42  10]
 [  1 335  24  31  32  16]
 [  0 115 157 101  21  14]
 [  0  49  21 379  31   5]
 [  2  10   6  10 366  18]
 [  1  13  13  18  43 246]]";0.5734265734265734;0.5081934432732106;"[[  6  26   5   9  29   5]
 [  2 122  15  11  20   7]
 [  0  86  40  53  16   6]
 [  0  27  15 152  15   2]
 [  1   8   1  16 145   8]
 [  0  10   6   8  20 109]]";96;[ 9 20 11 23 15 18]
443;CiteSeer;own;1;0.2;64;0.5;1;0.005;784866329;0.9803921568627451;0.9845183773755202;"[[ 9  0  0  0  0  0]
 [ 0 21  0  0  0  0]
 [ 0  0 12  0  0  0]
 [ 0  1  0 24  0  0]
 [ 0  0  0  0 16  0]
 [ 0  1  0  0  0 18]]";0.6753597122302158;0.6032438341090876;"[[ 16  54   6  23  43  10]
 [  0 337  25  28  33  11]
 [  0 114 157 103  21   9]
 [  0  52  22 382  29   5]
 [  2   9   3  10 369  20]
 [  0  14  13  19  44 241]]";0.5804195804195804;0.5127526165219171;"[[  6  24   5   9  31   5]
 [  2 124  15  10  20   6]
 [  0  87  39  54  14   7]
 [  0  28  10 156  15   2]
 [  1   9   1  14 147   7]
 [  0  10   6   8  20 109]]";102;[ 9 21 12 25 16 19]
444;CiteSeer;own;1;0.2;64;0.5;1;0.005;784866329;0.9907407407407407;0.9861775651249336;"[[ 9  0  0  0  0  0]
 [ 0 21  0  0  0  0]
 [ 0  0 13  0  0  0]
 [ 0  0  0 26  0  0]
 [ 1  0  0  0 16  0]
 [ 0  0  0  0  0 22]]";0.6785392245266005;0.6029508542293852;"[[ 14  53   7  24  44   7]
 [  1 329  25  30  36  13]
 [  0 105 158 111  16  13]
 [  0  46  21 386  28   8]
 [  2   9   3  10 373  18]
 [  0  12  11  16  44 245]]";0.5814185814185814;0.5073566263925867;"[[  4  24   5   9  34   4]
 [  2 120  15  11  22   7]
 [  0  89  41  51  14   6]
 [  0  23   9 160  15   4]
 [  1   8   1  13 148   8]
 [  0   9   6   8  21 109]]";108;[ 9 21 13 26 17 22]
445;CiteSeer;own;1;0.2;64;0.5;1;0.005;784866329;1.0;1.0;"[[10  0  0  0  0  0]
 [ 0 21  0  0  0  0]
 [ 0  0 15  0  0  0]
 [ 0  0  0 26  0  0]
 [ 0  0  0  0 19  0]
 [ 0  0  0  0  0 23]]";0.6749547920433996;0.6020491055699887;"[[ 13  48   6  23  48   8]
 [  0 308  32  23  54  10]
 [  0  84 185 102  29   9]
 [  0  37  27 371  48   5]
 [  1   6   3   9 380  17]
 [  0  10  14  13  53 236]]";0.5954045954045954;0.5218540829926496;"[[  3  23   7   7  36   4]
 [  2 115  16  10  27   7]
 [  0  76  57  45  19   4]
 [  0  21   8 157  23   2]
 [  0   4   1  12 155   7]
 [  0   8   7   5  24 109]]";114;[10 21 15 26 19 23]
446;CiteSeer;own;1;0.2;64;0.5;1;0.005;784866329;0.9916666666666667;0.9878267096312209;"[[ 9  1  0  0  0  0]
 [ 0 24  0  0  0  0]
 [ 0  0 16  0  0  0]
 [ 0  0  0 28  0  0]
 [ 0  0  0  0 19  0]
 [ 0  0  0  0  0 23]]";0.7080689029918404;0.6328300667849323;"[[ 12  49   8  24  43   8]
 [  0 305  35  18  35  13]
 [  0  73 265  76  19  12]
 [  0  39  24 370  34   6]
 [  1  11   3  11 369  18]
 [  0   8  17  13  46 241]]";0.6503496503496503;0.5766743453207606;"[[  3  25   6   7  33   6]
 [  2 118  21   9  20   7]
 [  0  40 114  27  15   5]
 [  0  21  14 157  16   3]
 [  0   7   2  12 151   7]
 [  0   8   8   5  24 108]]";120;[10 24 16 28 19 23]
447;CiteSeer;own;1;0.2;64;0.5;1;0.005;784866329;0.9761904761904762;0.9720919554510886;"[[ 9  0  0  0  1  0]
 [ 0 25  0  0  0  0]
 [ 0  0 18  0  0  0]
 [ 0  0  1 27  0  0]
 [ 0  1  0  0 19  0]
 [ 0  0  0  0  0 25]]";0.7327272727272728;0.6533539131750594;"[[ 11  47  18  19  40   8]
 [  0 310  43  13  26  10]
 [  0  43 346  32  17   9]
 [  0  37  53 340  38   3]
 [  1  14   6   7 366  19]
 [  0  10  23  10  42 239]]";0.6543456543456544;0.5786688154632396;"[[  2  25   9   7  33   4]
 [  2 121  24   7  17   6]
 [  0  31 138  16  12   4]
 [  0  21  24 142  22   2]
 [  0   7   6  12 146   8]
 [  0   9  13   2  23 106]]";126;[10 25 18 28 20 25]
448;CiteSeer;own;1;0.2;64;0.5;1;0.005;784866329;0.9621212121212122;0.949675194296013;"[[ 8  0  0  1  2  0]
 [ 0 26  0  0  0  0]
 [ 0  0 19  0  0  0]
 [ 0  0  1 28  0  0]
 [ 0  0  0  0 21  0]
 [ 0  1  0  0  0 25]]";0.731084776663628;0.6514176773505848;"[[ 11  47  19  18  37   9]
 [  0 297  50  10  26  13]
 [  0  36 371  25  14   8]
 [  0  38  67 324  37   3]
 [  0  13   6   7 362  19]
 [  0   9  24  10  45 239]]";0.6583416583416584;0.5820010728120645;"[[  2  25   9   7  32   5]
 [  2 120  25   7  17   6]
 [  0  27 147  12  12   3]
 [  0  20  33 139  17   2]
 [  0   7   7  12 145   8]
 [  0   7  18   0  22 106]]";132;[11 26 19 29 21 26]
449;CiteSeer;own;1;0.2;64;0.5;1;0.005;784866329;0.9782608695652174;0.971374657574168;"[[11  0  0  0  1  0]
 [ 0 26  0  0  0  0]
 [ 0  0 21  0  0  0]
 [ 0  0  1 28  0  0]
 [ 1  0  0  0 20  0]
 [ 0  0  0  0  0 29]]";0.7321755027422303;0.6478427237995127;"[[ 10  43  14  19  28  22]
 [  0 273  48   9  22  39]
 [  0  30 367  26  12  21]
 [  1  39  36 325  22  38]
 [  0   9   5   7 357  27]
 [  0   6  19   7  37 270]]";0.6433566433566433;0.5674264779281598;"[[  3  21   6   6  25  19]
 [  2 109  26   7  13  20]
 [  0  23 147  14  12   5]
 [  0  17  28 132  14  20]
 [  0   6   3  15 141  14]
 [  0   7  13   1  20 112]]";138;[12 26 21 29 21 29]
450;CiteSeer;own;1;0.2;64;0.5;1;0.005;784866329;0.9791666666666666;0.9736301676979643;"[[13  0  0  0  1  0]
 [ 0 28  0  0  0  0]
 [ 0  0 22  0  0  0]
 [ 0  0  0 29  0  0]
 [ 1  0  0  0 20  0]
 [ 0  0  1  0  0 29]]";0.731897341888176;0.648533928092515;"[[ 10  43  14  18  29  21]
 [  0 287  42   9  20  34]
 [  0  40 357  32  15  17]
 [  1  44  30 323  24  33]
 [  0  12   3   7 351  27]
 [  0   6  19   5  40 269]]";0.6353646353646354;0.5614048549817137;"[[  3  23   7   6  25  16]
 [  2 112  24   7  13  19]
 [  0  30 137  15  12   7]
 [  0  21  24 137  13  16]
 [  0   9   2  15 137  16]
 [  0   8  13   1  21 110]]";144;[14 28 22 29 21 30]
451;CiteSeer;own;1;0.2;64;0.5;1;0.005;784866329;0.9866666666666667;0.980952380952381;"[[14  0  0  0  1  0]
 [ 0 29  0  0  0  0]
 [ 0  0 22  0  0  0]
 [ 0  0  0 31  0  0]
 [ 1  0  0  0 20  0]
 [ 0  0  0  0  0 32]]";0.7279411764705882;0.6443984766856147;"[[  9  51   9  20  28  18]
 [  0 295  45   6  19  37]
 [  0  46 338  32  14  18]
 [  1  53  28 326  18  27]
 [  0  14   4   6 345  28]
 [  0   9  17   7  37 271]]";0.6403596403596403;0.5666786242957856;"[[  3  26   6   6  24  15]
 [  2 115  25   7  10  18]
 [  0  36 133  15  11   6]
 [  0  24  17 141  15  14]
 [  0  10   2  15 135  17]
 [  0   6  13   1  19 114]]";150;[15 29 22 31 21 32]
452;CiteSeer;own;1;0.2;64;0.5;1;0.005;784866329;0.9807692307692307;0.9755744255744255;"[[16  0  0  0  0  1]
 [ 0 30  0  0  0  0]
 [ 0  0 22  0  0  0]
 [ 0  0  0 32  0  0]
 [ 2  0  0  0 21  0]
 [ 0  0  0  0  0 32]]";0.7225806451612903;0.639238105124342;"[[  8  57  11  19  28   9]
 [  0 323  42   2  22  34]
 [  0  63 311  26  18   8]
 [  1  59  26 317  31  15]
 [  0  15   3   7 352  23]
 [  0   8  21   4  50 257]]";0.6343656343656343;0.5629827133470449;"[[  3  32   4   5  25  11]
 [  2 116  23   6  14  16]
 [  0  46 122  15  13   5]
 [  0  28  15 144  17   7]
 [  0   8   3  16 141  11]
 [  0   6  13   1  24 109]]";156;[17 30 22 32 23 32]
453;CiteSeer;own;1;0.2;64;0.5;1;0.005;784866329;0.9814814814814815;0.9754164782149856;"[[15  0  0  0  2  1]
 [ 0 32  0  0  0  0]
 [ 0  0 22  0  0  0]
 [ 0  0  0 34  0  0]
 [ 0  0  0  0 23  0]
 [ 0  0  0  0  0 33]]";0.7204251386321626;0.6396438249238224;"[[  9  51  11  21  31  10]
 [  0 322  43   2  25  32]
 [  0  72 300  25  16  11]
 [  0  56  27 316  30  17]
 [  0  15   3   6 351  24]
 [  0  11  18   3  45 261]]";0.6293706293706294;0.5583210843590406;"[[  3  30   3   5  26  13]
 [  3 115  21   6  15  17]
 [  0  48 120  15  12   6]
 [  0  27  16 144  17   7]
 [  0   7   3  17 140  12]
 [  0   9  12   1  23 108]]";162;[18 32 22 34 23 33]
454;CiteSeer;own;1;0.2;64;0.5;1;0.005;784866329;0.9821428571428571;0.9775432907318237;"[[16  0  0  0  1  1]
 [ 1 34  0  0  0  0]
 [ 0  0 23  0  0  0]
 [ 0  0  0 34  0  0]
 [ 0  0  0  0 25  0]
 [ 0  0  0  0  0 33]]";0.7293790546802595;0.6447554555659089;"[[  8  55  11  21  30   6]
 [  2 332  37   2  23  29]
 [  0  69 299  28  16  11]
 [  0  54  30 324  20  13]
 [  0  14   3   7 368  17]
 [  0  15  16   5  50 243]]";0.6383616383616384;0.5689660473381716;"[[  4  25   4   6  27  14]
 [  5 117  19   5  14  17]
 [  0  48 118  14  15   6]
 [  0  27  17 150  11   6]
 [  0   8   2  18 142   9]
 [  0   9  11   1  24 108]]";168;[18 35 23 34 25 33]
455;CiteSeer;own;1;0.2;64;0.5;1;0.005;784866329;0.9885057471264368;0.984923921259325;"[[17  0  0  1  0  0]
 [ 0 37  0  0  0  0]
 [ 0  0 24  0  0  0]
 [ 0  0  0 34  0  0]
 [ 1  0  0  0 24  0]
 [ 0  0  0  0  0 36]]";0.7444237918215614;0.657995309010257;"[[  8  53  11  24  29   6]
 [  0 328  43   3  19  30]
 [  0  56 313  27  15  11]
 [  1  51  28 327  15  15]
 [  0  12   5   8 368  15]
 [  0  11  21   5  36 258]]";0.6393606393606394;0.5695899835683703;"[[  4  25   6   8  27  10]
 [  3 116  20   6  13  19]
 [  0  47 122  14  13   5]
 [  1  24  16 151   9  10]
 [  0   8   5  18 138  10]
 [  0   9  12   2  21 109]]";174;[18 37 24 34 25 36]
456;CiteSeer;own;1;0.2;64;0.5;1;0.005;784866329;0.9777777777777777;0.9735217846954937;"[[17  0  0  1  0  1]
 [ 0 37  0  0  0  0]
 [ 0  0 24  0  0  0]
 [ 0  0  0 35  0  0]
 [ 1  1  0  0 26  0]
 [ 0  0  0  0  0 37]]";0.7437092264678472;0.6593574476794756;"[[  9  52  11  22  30   8]
 [  0 333  32   2  23  33]
 [  0  63 294  32  17  10]
 [  0  54  20 326  18  16]
 [  0  11   3   8 369  16]
 [  0  12  17   7  33 265]]";0.6423576423576424;0.574569279059545;"[[  5  26   4   6  26  13]
 [  3 121  17   5  14  17]
 [  0  50 115  16  12   8]
 [  0  22  15 151  11  12]
 [  0   8   2  18 140  11]
 [  0   8  10   2  22 111]]";180;[19 37 24 35 28 37]
457;CiteSeer;own;1;0.2;64;0.5;1;0.005;784866329;0.9946236559139785;0.9930109827414064;"[[20  0  0  0  0  0]
 [ 0 39  0  0  0  0]
 [ 0  0 25  0  0  0]
 [ 0  0  0 36  0  0]
 [ 1  0  0  0 28  0]
 [ 0  0  0  0  0 37]]";0.7355140186915888;0.6527513735447298;"[[  9  57   9  20  29   7]
 [  0 331  29   2  23  28]
 [  1  71 292  33  17  12]
 [  1  55  19 322  21  14]
 [  0  13   3   8 358  21]
 [  0  13  16   7  37 262]]";0.6403596403596403;0.5739847941523317;"[[  5  28   3   6  27  11]
 [  2 127  16   5  13  14]
 [  0  50 115  16  12   8]
 [  0  24  15 148  13  11]
 [  1  13   1  18 135  11]
 [  0   8  10   2  22 111]]";186;[20 39 25 36 29 37]
458;CiteSeer;own;1;0.2;64;0.5;1;0.005;784866329;0.9895833333333334;0.9863313275737781;"[[18  0  0  0  1  1]
 [ 0 39  0  0  0  0]
 [ 0  0 27  0  0  0]
 [ 0  0  0 38  0  0]
 [ 0  0  0  0 30  0]
 [ 0  0  0  0  0 38]]";0.7408622305529522;0.6574033614116024;"[[  9  56  13  21  26   7]
 [  0 314  44   3  19  28]
 [  0  58 326  27  13   9]
 [  0  47  32 312  18  15]
 [  0  13   5   8 358  20]
 [  0  10  21   5  35 262]]";0.6443556443556444;0.5774356308916614;"[[  5  27   6   6  24  12]
 [  3 122  21   6  10  15]
 [  0  43 126  14  12   6]
 [  0  23  18 148  12  10]
 [  0  13   5  16 134  11]
 [  0   8  14   2  19 110]]";192;[20 39 27 38 30 38]
459;CiteSeer;own;1;0.2;64;0.5;1;0.005;784866329;0.9848484848484849;0.980259777728132;"[[18  0  0  1  1  1]
 [ 0 41  0  0  0  0]
 [ 0  0 28  0  0  0]
 [ 0  0  0 39  0  0]
 [ 0  0  0  0 31  0]
 [ 0  0  0  0  0 38]]";0.7509398496240601;0.6637169615211179;"[[  8  50  14  19  28   9]
 [  0 319  50   4  15  24]
 [  0  50 337  27  13   8]
 [  0  42  31 319  17  12]
 [  0  10   6   8 358  19]
 [  0   7  25   5  37 257]]";0.6393606393606394;0.570793265839348;"[[  4  26  11   7  24   8]
 [  3 122  23   6  10  13]
 [  0  41 129  13  12   6]
 [  0  23  22 142  13  11]
 [  0  13   5  17 134  10]
 [  0   8  15   2  19 109]]";198;[21 41 28 39 31 38]
460;CiteSeer;own;1;0.2;64;0.5;1;0.005;784866329;0.9901960784313726;0.9879984159015529;"[[22  0  0  0  0  0]
 [ 0 41  0  0  0  0]
 [ 0  0 30  0  0  0]
 [ 1  0  0 39  0  0]
 [ 1  0  0  0 31  0]
 [ 0  0  0  0  0 39]]";0.7502356267672008;0.6653905844639604;"[[  9  41  14  24  33   6]
 [  0 312  47   3  24  24]
 [  0  49 338  25  15   8]
 [  1  31  42 314  21   9]
 [  0  10   6   8 360  14]
 [  0   4  27   3  41 259]]";0.6333666333666333;0.5684362518380542;"[[  5  22   8   8  26  11]
 [  3 115  23   7  16  13]
 [  0  41 130  12  12   6]
 [  2  21  26 139  14   9]
 [  0  12   5  17 137   8]
 [  0   7  15   1  22 108]]";204;[22 41 30 40 32 39]
461;CiteSeer;own;1;0.2;64;0.5;1;0.005;784866329;0.9904761904761905;0.988483420862939;"[[23  0  0  0  1  0]
 [ 0 42  0  0  0  0]
 [ 0  0 30  0  0  0]
 [ 1  0  0 41  0  0]
 [ 0  0  0  0 32  0]
 [ 0  0  0  0  0 40]]";0.7561436672967864;0.6682942540961077;"[[  8  47  13  21  26   9]
 [  0 319  41   3  16  27]
 [  0  51 337  25  13   9]
 [  3  37  37 316  14  12]
 [  0  10   6  12 355  15]
 [  1   7  21   6  34 265]]";0.6373626373626373;0.5757024384760049;"[[  6  27   5   9  23  10]
 [  4 120  23   7  10  13]
 [  0  42 129  12  12   6]
 [  3  22  25 140  12   9]
 [  0  14   5  19 132   9]
 [  1   9  11   2  19 111]]";210;[24 42 30 42 32 40]
462;CiteSeer;own;1;0.2;64;0.5;1;0.005;784866329;0.9814814814814815;0.9774486383182035;"[[21  0  0  3  1  0]
 [ 0 42  0  0  0  0]
 [ 0  0 30  0  0  0]
 [ 0  0  0 44  0  0]
 [ 0  0  0  0 32  0]
 [ 0  0  0  0  0 43]]";0.75260663507109;0.6651623926272895;"[[  8  46  13  21  26   9]
 [  0 318  42   1  17  25]
 [  0  49 334  25  17  10]
 [  2  34  44 310  16  14]
 [  0  10   6   9 355  18]
 [  0   7  21   3  37 263]]";0.6423576423576424;0.5795036484537461;"[[  6  25   6   9  24  10]
 [  4 121  22   7  10  13]
 [  0  41 129  12  12   7]
 [  2  21  25 141  12  10]
 [  0  14   4  17 134  10]
 [  0   9  12   1  19 112]]";216;[25 42 30 44 32 43]
463;CiteSeer;own;1;0.2;64;0.5;1;0.005;784866329;0.9864864864864865;0.9845461899447202;"[[25  0  0  1  0  0]
 [ 0 43  0  0  0  0]
 [ 0  1 30  0  0  0]
 [ 0  0  0 45  0  0]
 [ 1  0  0  0 32  0]
 [ 0  0  0  0  0 44]]";0.7509505703422054;0.6678669141324373;"[[ 10  46  13  17  26  11]
 [  0 304  38   2  19  27]
 [  0  51 334  26  18  11]
 [  3  36  41 308  16  16]
 [  0  14   6   9 356  16]
 [  0   7  19   3  33 268]]";0.6463536463536463;0.5878279343202165;"[[  8  25   5   6  25  11]
 [  4 122  20   7  11  13]
 [  0  37 130  12  12  10]
 [  1  20  26 139  14  11]
 [  0  14   3  16 136  10]
 [  0   9  12   1  19 112]]";222;[26 43 31 45 33 44]
464;CiteSeer;own;1;0.2;64;0.5;1;0.005;784866329;0.9824561403508771;0.9797256552114052;"[[24  0  0  2  0  0]
 [ 0 44  0  0  0  0]
 [ 0  1 32  0  0  0]
 [ 0  0  0 46  0  0]
 [ 1  0  0  0 33  0]
 [ 0  0  0  0  0 45]]";0.7602478551000953;0.6736377452546845;"[[  9  46  13  18  28   9]
 [  0 302  37   2  21  27]
 [  0  42 345  25  15  11]
 [  1  29  47 314  16  12]
 [  0  14   3  10 358  15]
 [  0   7  19   4  32 267]]";0.6563436563436563;0.5933201958718658;"[[  7  23   7   6  27  10]
 [  3 121  19   6  15  13]
 [  0  30 137  12  12  10]
 [  0  18  27 142  14  10]
 [  0  14   2  16 138   9]
 [  0   9  12   2  18 112]]";228;[26 44 33 46 34 45]
465;CiteSeer;own;1;0.2;64;0.5;1;0.005;784866329;0.9871794871794872;0.9855175527804239;"[[27  0  0  0  0  0]
 [ 0 44  0  0  0  0]
 [ 0  1 33  0  0  0]
 [ 1  0  0 47  0  0]
 [ 1  0  0  0 34  0]
 [ 0  0  0  0  0 46]]";0.7638623326959847;0.6826320491995359;"[[ 12  45  12  13  27  12]
 [  0 302  35   2  20  30]
 [  0  39 348  22  16  12]
 [  2  28  47 308  16  14]
 [  2  14   4  10 356  16]
 [  0   6  18   5  27 272]]";0.6583416583416584;0.597445973526121;"[[  8  24   7   5  26  10]
 [  4 116  19   6  14  18]
 [  0  29 139  12  12   9]
 [  1  15  30 142  13  10]
 [  0  14   2  14 139  10]
 [  0   8  11   2  17 115]]";234;[27 44 34 48 35 46]
466;CiteSeer;own;1;0.2;64;0.5;1;0.005;784866329;0.9875;0.9862602935911208;"[[27  0  0  1  1  0]
 [ 0 44  0  0  0  0]
 [ 0  0 35  0  0  0]
 [ 0  0  0 48  1  0]
 [ 0  0  0  0 37  0]
 [ 0  0  0  0  0 46]]";0.7670182166826462;0.6863909319653853;"[[ 12  45  14   9  30   8]
 [  0 306  35   2  19  26]
 [  0  40 348  23  16  10]
 [  2  30  51 310  20   7]
 [  2  13   5   6 356  17]
 [  0   7  19   4  26 268]]";0.6593406593406593;0.6016886199936221;"[[  9  24   6   8  26   7]
 [  4 118  19   5  16  15]
 [  0  30 139  12  12   8]
 [  2  15  31 141  14   8]
 [  0  14   3  13 140   9]
 [  0   8  13   2  17 113]]";240;[29 44 35 49 37 46]
467;CiteSeer;own;1;0.2;64;0.5;1;0.005;784866329;0.9878048780487805;0.986049724055721;"[[28  1  0  0  1  0]
 [ 0 45  0  0  0  0]
 [ 0  1 34  0  0  0]
 [ 0  0  0 52  0  0]
 [ 0  0  0  0 38  0]
 [ 0  0  0  0  0 46]]";0.7682692307692308;0.6811419308492642;"[[  9  45  13  11  29   9]
 [  0 309  31   1  20  26]
 [  0  41 346  25  16   9]
 [  4  31  46 315  18   5]
 [  0  13   3  10 352  19]
 [  0   5  19   5  28 267]]";0.6643356643356644;0.6064548346790869;"[[  9  24   4   9  26   8]
 [  4 121  16   7  16  13]
 [  0  34 137  12  12   6]
 [  2  15  29 143  14   8]
 [  0  14   3  13 140   9]
 [  0   5  13   3  17 115]]";246;[30 45 35 52 38 46]
468;CiteSeer;own;1;0.2;64;0.5;1;0.005;784866329;0.9880952380952381;0.9872637318873877;"[[30  0  0  1  0  0]
 [ 0 46  0  0  0  0]
 [ 0  0 36  0  0  0]
 [ 0  0  0 53  0  0]
 [ 1  0  0  1 38  0]
 [ 0  0  0  0  0 46]]";0.7714561234329798;0.6885909776003959;"[[ 11  43  13  13  27   9]
 [  0 303  42   3  18  19]
 [  0  37 353  26  13   8]
 [  2  27  50 320  14   5]
 [  1  12   4  11 349  18]
 [  0   7  22   7  23 264]]";0.6683316683316683;0.6100470419665327;"[[  9  21   5  11  26   8]
 [  4 122  19   8  13  11]
 [  0  31 141  11  12   6]
 [  2  14  28 144  15   8]
 [  0  15   5  13 139   7]
 [  0   6  14   3  16 114]]";252;[31 46 36 53 40 46]
469;CiteSeer;own;1;0.2;64;0.5;1;0.005;784866329;0.9961240310077519;0.9953464652259832;"[[31  0  0  0  1  0]
 [ 0 47  0  0  0  0]
 [ 0  0 38  0  0  0]
 [ 0  0  0 53  0  0]
 [ 0  0  0  0 41  0]
 [ 0  0  0  0  0 47]]";0.7751450676982592;0.696175341776979;"[[ 13  41  16   7  24  13]
 [  0 310  33   3  17  20]
 [  0  41 356  23  14  11]
 [  2  29  53 308  15   5]
 [  1  13   4  10 348  18]
 [  0   7  18   6  21 268]]";0.6633366633366633;0.6135901959378405;"[[ 12  22   6   9  23   8]
 [  4 122  19   6  15  11]
 [  0  33 140  11  11   6]
 [  1  14  34 140  14   8]
 [  0  14   4  16 135  10]
 [  0   6  14   3  15 115]]";258;[32 47 38 53 41 47]
470;CiteSeer;own;1;0.2;64;0.5;1;0.005;784866329;0.9848484848484849;0.9838333494688746;"[[30  0  0  0  2  0]
 [ 0 48  0  0  0  0]
 [ 0  0 39  0  0  0]
 [ 0  0  1 53  0  1]
 [ 0  0  0  0 42  0]
 [ 0  0  0  0  0 48]]";0.7764306498545102;0.6973792618480461;"[[ 13  40  16  11  24  11]
 [  0 308  33   4  16  19]
 [  0  40 355  22  15  11]
 [  2  27  52 311  18   5]
 [  0  12   4  10 346  19]
 [  0   6  19   8  17 268]]";0.6643356643356644;0.6092576670441674;"[[ 10  22   6   9  25   8]
 [  3 123  18   7  15  11]
 [  0  34 136  12  12   7]
 [  1  13  31 146  12   8]
 [  0  14   4  16 135  10]
 [  0   6  14   3  15 115]]";264;[32 48 39 55 42 48]
471;CiteSeer;own;1;0.2;64;0.5;1;0.005;784866329;0.9962962962962963;0.9955967289986848;"[[33  0  0  0  1  0]
 [ 0 48  0  0  0  0]
 [ 0  0 40  0  0  0]
 [ 0  0  0 56  0  0]
 [ 0  0  0  0 43  0]
 [ 0  0  0  0  0 49]]";0.7840466926070039;0.7032999212203767;"[[ 13  39  14  12  25  11]
 [  0 307  33   4  19  17]
 [  0  36 358  21  14  11]
 [  2  23  45 324  16   5]
 [  1   9   5   8 348  19]
 [  0   7  19   9  20 262]]";0.6683316683316683;0.6146338249602319;"[[ 11  22   6   8  25   8]
 [  6 119  22   7  12  11]
 [  0  33 136  13  12   7]
 [  2  13  27 150  11   8]
 [  0  14   4  14 138   9]
 [  0   5  14   3  16 115]]";270;[34 48 40 56 43 49]
472;CiteSeer;own;1;0.2;64;0.5;1;0.005;784866329;0.9963768115942029;0.995711881886772;"[[34  0  0  0  1  0]
 [ 0 49  0  0  0  0]
 [ 0  0 40  0  0  0]
 [ 0  0  0 58  0  0]
 [ 0  0  0  0 44  0]
 [ 0  0  0  0  0 50]]";0.7839024390243903;0.7009460768372042;"[[ 12  38  14  12  27  10]
 [  0 308  28   3  22  19]
 [  0  37 355  22  14  12]
 [  2  23  44 323  15   5]
 [  1   8   4   8 350  18]
 [  0   6  18   6  27 259]]";0.6663336663336663;0.6094347658136199;"[[ 10  21   6   8  27   8]
 [  6 117  18   6  16  14]
 [  0  33 136  13  12   7]
 [  2  13  24 153  11   8]
 [  0  13   4  14 139   9]
 [  0   6  14   3  18 112]]";276;[35 49 40 58 44 50]
473;CiteSeer;own;1;0.2;64;0.5;1;0.005;784866329;0.9964539007092199;0.9957799229835945;"[[35  0  0  0  1  0]
 [ 0 50  0  0  0  0]
 [ 0  0 41  0  0  0]
 [ 0  0  0 59  0  0]
 [ 0  0  0  0 44  0]
 [ 0  0  0  0  0 52]]";0.7827788649706457;0.6976519425371115;"[[ 11  39  14  12  27   9]
 [  0 304  27   3  22  23]
 [  0  39 351  20  13  11]
 [  2  25  40 325  18   4]
 [  1   8   4   6 352  19]
 [  0   6  17   6  29 257]]";0.6693306693306693;0.6144287273495013;"[[ 11  21   5   9  26   8]
 [  6 117  17   5  18  14]
 [  0  33 137  13  10   8]
 [  1  13  24 153  13   7]
 [  0  13   4  12 140  10]
 [  0   6  13   3  19 112]]";282;[36 50 41 59 44 52]
474;CiteSeer;own;1;0.2;64;0.5;1;0.005;784866329;0.9861111111111112;0.9854097117431904;"[[36  0  0  1  0  0]
 [ 0 51  0  0  0  0]
 [ 0  0 41  0  0  0]
 [ 0  0  1 60  0  0]
 [ 1  0  0  0 43  0]
 [ 0  0  0  0  1 53]]";0.7870461236506379;0.7042043243427741;"[[ 12  39  15   7  26  12]
 [  0 310  25   3  19  21]
 [  0  40 348  20  12  10]
 [  1  25  48 323  15   4]
 [  1   8   5   7 350  18]
 [  0   6  18   5  24 261]]";0.6703296703296703;0.613581403362283;"[[ 10  22   6   8  26   8]
 [  6 126  16   5  13  11]
 [  0  34 137  13  10   7]
 [  1  13  27 150  13   7]
 [  0  14   5  12 136  12]
 [  0   7  14   3  17 112]]";288;[37 51 41 61 44 54]
475;CiteSeer;own;1;0.2;64;0.5;1;0.005;784866329;0.9897959183673469;0.9887544035694997;"[[35  0  0  2  1  0]
 [ 0 51  0  0  0  0]
 [ 0  0 42  0  0  0]
 [ 0  0  0 63  0  0]
 [ 0  0  0  0 46  0]
 [ 0  0  0  0  0 54]]";0.78248031496063;0.6981658287506698;"[[ 11  39  15   9  26  12]
 [  0 307  29   2  20  20]
 [  0  37 351  20  12  11]
 [  2  23  52 311  16   4]
 [  1   8   5   9 349  17]
 [  0   6  17   5  25 261]]";0.6683316683316683;0.612142399969109;"[[ 10  22   6   8  27   7]
 [  4 122  17   5  16  13]
 [  0  34 138  11  10   8]
 [  0  13  29 149  13   7]
 [  0  14   5  12 137  11]
 [  0   7  14   3  16 113]]";294;[38 51 42 63 46 54]
476;CiteSeer;own;1;0.2;64;0.5;1;0.005;784866329;0.9966666666666667;0.9960811118705856;"[[38  0  0  0  1  0]
 [ 0 52  0  0  0  0]
 [ 0  0 43  0  0  0]
 [ 0  0  0 65  0  0]
 [ 0  0  0  0 47  0]
 [ 0  0  0  0  0 54]]";0.7877591312931885;0.7089529466525013;"[[ 14  39  14   9  27   9]
 [  2 310  25   3  20  18]
 [  0  40 345  23  12   9]
 [  1  23  43 317  15   6]
 [  1   8   4   9 350  18]
 [  0   6  17   5  24 260]]";0.6743256743256744;0.6195852348569667;"[[ 11  22   5   8  27   7]
 [  4 124  16   6  16  11]
 [  0  33 138  12  10   8]
 [  1  13  24 152  13   8]
 [  0  14   5  12 137  11]
 [  0   7  13   3  17 113]]";300;[39 52 43 65 47 54]
477;CiteSeer;own;1;0.2;64;0.5;1;0.005;784866329;0.9901960784313726;0.9896044568978604;"[[39  0  0  0  0  0]
 [ 0 53  0  0  0  0]
 [ 0  0 44  0  0  0]
 [ 1  0  1 64  0  0]
 [ 1  0  0  0 46  0]
 [ 0  0  0  0  0 57]]";0.7896039603960396;0.7108271668998993;"[[ 14  39  13  10  26  10]
 [  0 309  25   2  22  19]
 [  0  40 347  21  12   9]
 [  1  22  43 312  17   8]
 [  1   8   4   9 349  19]
 [  0   4  16   5  20 264]]";0.6703296703296703;0.6187888518121881;"[[ 12  22   5   7  27   7]
 [  4 122  16   6  17  12]
 [  0  34 137  12  10   8]
 [  2  13  26 147  15   8]
 [  0  14   5  10 139  11]
 [  0   7  13   3  16 114]]";306;[39 53 44 66 47 57]
478;CiteSeer;own;1;0.2;64;0.5;1;0.005;784866329;0.9903846153846154;0.990087418832811;"[[40  0  0  0  0  0]
 [ 0 54  0  0  0  0]
 [ 0  0 47  0  0  0]
 [ 1  1  0 64  0  0]
 [ 1  0  0  0 47  0]
 [ 0  0  0  0  0 57]]";0.7944389275074478;0.7133736550768773;"[[ 13  39  13  10  25  10]
 [  0 311  24   4  21  16]
 [  0  42 351  19  10   5]
 [  1  23  43 315  14   6]
 [  1   8   5   9 349  18]
 [  0   7  17   5  19 261]]";0.6743256743256744;0.6200359627138131;"[[ 11  22   5   8  27   7]
 [  4 126  16   5  16  10]
 [  0  35 138  12  10   6]
 [  1  13  26 149  14   8]
 [  0  14   5  10 139  11]
 [  0   7  15   3  16 112]]";312;[40 54 47 66 48 57]
479;CiteSeer;own;1;0.2;64;0.5;1;0.005;784866329;0.9842767295597484;0.9835317066213197;"[[40  0  0  0  0  0]
 [ 1 54  0  0  0  0]
 [ 0  0 48  1  0  0]
 [ 1  0  1 65  0  0]
 [ 1  0  0  0 47  0]
 [ 0  0  0  0  0 59]]";0.796812749003984;0.7131502805105856;"[[ 12  39  13  11  25  10]
 [  0 308  25   5  20  17]
 [  0  38 356  17  10   6]
 [  1  25  41 313  12   6]
 [  1   8   5   9 347  18]
 [  0   4  18   5  19 264]]";0.6763236763236763;0.6215886491281183;"[[ 11  22   5   8  27   7]
 [  4 124  16   7  15  11]
 [  0  34 140  11  10   6]
 [  1  13  25 150  14   8]
 [  0  14   5  10 139  11]
 [  0   7  15   3  15 113]]";318;[40 55 49 67 48 59]
480;CiteSeer;own;1;0.2;64;0.5;1;0.005;784866329;0.9938271604938271;0.9928024338131465;"[[41  1  0  0  0  0]
 [ 0 56  0  0  0  0]
 [ 0  0 51  0  0  0]
 [ 0  0  0 67  0  0]
 [ 1  0  0  0 47  0]
 [ 0  0  0  0  0 60]]";0.7992007992007992;0.7127457922290468;"[[ 11  38  14  11  24  11]
 [  1 307  25   5  17  17]
 [  0  36 362  16   8   6]
 [  1  24  40 314  12   6]
 [  1   8   6   9 345  18]
 [  0   5  19   5  19 261]]";0.6803196803196803;0.6267414401842318;"[[ 12  22   5   9  25   7]
 [  8 122  17   7  12  11]
 [  0  32 141  12  10   6]
 [  1  13  24 156  11   6]
 [  0  14   5  11 138  11]
 [  0   7  18   3  13 112]]";324;[42 56 51 67 48 60]
481;CiteSeer;own;1;0.2;64;0.5;1;0.005;784866329;0.9878787878787879;0.9873793738938089;"[[42  1  0  0  1  0]
 [ 0 59  0  0  0  1]
 [ 0  0 51  0  0  0]
 [ 0  0  1 66  0  0]
 [ 0  0  0  0 48  0]
 [ 0  0  0  0  0 60]]";0.7950901803607214;0.7158491432759474;"[[ 14  38  13  11  22  11]
 [  2 300  27   4  18  16]
 [  0  38 363  14   7   6]
 [  1  23  50 306  11   6]
 [  1   8   7   9 343  18]
 [  0   4  19   5  20 261]]";0.6723276723276723;0.6196927676810509;"[[ 12  24   4   8  25   7]
 [  9 120  17   6  13  12]
 [  0  30 145  10  10   6]
 [  0  13  28 151  11   8]
 [  0  14  10   9 135  11]
 [  0   7  19   2  15 110]]";330;[44 60 51 67 48 60]
482;CiteSeer;own;1;0.2;64;0.5;1;0.005;784866329;0.9910714285714286;0.9898572807663717;"[[44  0  1  0  1  0]
 [ 1 60  0  0  0  0]
 [ 0  0 52  0  0  0]
 [ 0  0  0 67  0  0]
 [ 0  0  0  0 49  0]
 [ 0  0  0  0  0 61]]";0.7964824120603015;0.7172350180225998;"[[ 14  37  14  11  20  11]
 [  2 294  30   4  17  19]
 [  0  38 362  14   7   6]
 [  1  24  46 310   8   7]
 [  1   8   6  11 344  16]
 [  0   6  19   5  17 261]]";0.6733266733266733;0.6208200076997953;"[[ 12  26   3   9  23   7]
 [  9 121  19   7  10  11]
 [  1  31 141  11  10   7]
 [  0  14  25 153  11   8]
 [  0  14   9  11 134  11]
 [  0   6  17   3  14 113]]";336;[46 61 52 67 49 61]
483;CiteSeer;own;1;0.2;64;0.5;1;0.005;784866329;0.9883040935672515;0.9874733226764478;"[[45  0  0  2  1  0]
 [ 1 62  0  0  0  0]
 [ 0  0 52  0  0  0]
 [ 0  0  0 67  0  0]
 [ 0  0  0  0 50  0]
 [ 0  0  0  0  0 62]]";0.797883064516129;0.7178591437073062;"[[ 14  38  12  11  20  12]
 [  2 296  24   5  18  20]
 [  0  38 360  14   6   7]
 [  2  23  44 310   8   7]
 [  1   8   6  10 345  16]
 [  0   6  19   5  19 258]]";0.6763236763236763;0.6230643396657072;"[[ 12  25   3   8  25   7]
 [  9 123  17   6  11  11]
 [  1  30 141  12  10   7]
 [  0  14  23 155  11   8]
 [  0  14   9  11 134  11]
 [  0   6  17   3  15 112]]";342;[48 63 52 67 50 62]
484;CiteSeer;own;1;0.2;64;0.5;1;0.005;784866329;0.9885057471264368;0.9879842334504884;"[[48  1  0  0  1  0]
 [ 0 63  0  0  0  0]
 [ 0  0 52  0  0  0]
 [ 1  0  1 68  0  0]
 [ 0  0  0  0 50  0]
 [ 0  0  0  0  0 63]]";0.7927199191102123;0.7225137046345402;"[[ 20  38  12  11  18  13]
 [  9 291  24   5  13  21]
 [  5  39 352  14   6   8]
 [  1  25  43 310   9   7]
 [  3   8   6   9 339  15]
 [  2   5  18   6  17 256]]";0.6763236763236763;0.6253397678902041;"[[ 13  26   3   8  23   7]
 [ 11 123  18   4  10  11]
 [  1  32 137  14  10   7]
 [  1  13  24 157   9   7]
 [  0  14   8  12 134  11]
 [  0   6  16   3  15 113]]";348;[50 63 52 70 50 63]
485;CiteSeer;own;1;0.2;64;0.5;1;0.005;784866329;0.9915254237288136;0.9909375786886319;"[[49  0  0  1  1  0]
 [ 1 63  0  0  0  0]
 [ 0  0 53  0  0  0]
 [ 0  0  0 72  0  0]
 [ 0  0  0  0 50  0]
 [ 0  0  0  0  0 64]]";0.7946247464503042;0.7213400094343375;"[[ 18  36  12  11  18  12]
 [ 10 291  26   6  12  17]
 [  3  39 355  12   5   8]
 [  1  23  48 308   7   7]
 [  5   7   6  10 337  16]
 [  3   5  17   7  16 258]]";0.6773226773226774;0.6258885134141456;"[[ 13  27   4   9  20   7]
 [ 13 120  18   5  10  11]
 [  0  30 143  12   9   7]
 [  0  12  26 157   9   7]
 [  1  14   8  11 133  12]
 [  0   6  20   4  11 112]]";354;[51 64 53 72 50 64]
486;CiteSeer;own;1;0.2;64;0.5;1;0.005;784866329;0.9833333333333333;0.9829283919611398;"[[51  0  0  1  0  0]
 [ 1 64  1  0  0  0]
 [ 0  0 53  0  0  0]
 [ 1  0  1 71  0  0]
 [ 1  0  0  0 49  0]
 [ 0  0  0  0  0 66]]";0.7955239064089522;0.7245016110963709;"[[ 19  35  13  11  17  13]
 [  8 297  23   7  11  17]
 [  3  40 348  12   5   8]
 [  1  22  52 305   8   7]
 [  6  10   6  10 333  14]
 [  3   4  18   5  13 262]]";0.6773226773226774;0.6263591064289399;"[[ 13  27   4   9  20   7]
 [ 12 124  17   4   9  11]
 [  0  33 140  11   9   8]
 [  1  13  26 154   9   8]
 [  1  14   9  10 133  12]
 [  0   6  16   4  13 114]]";360;[52 66 53 73 50 66]
487;CiteSeer;own;1;0.2;64;0.5;1;0.005;784866329;0.9863387978142076;0.9851268879908021;"[[52  0  0  0  1  0]
 [ 1 64  1  0  1  0]
 [ 0  0 54  0  0  0]
 [ 0  0  0 75  0  0]
 [ 1  0  0  0 50  0]
 [ 0  0  0  0  0 66]]";0.7989795918367347;0.7288325352777038;"[[ 19  35  13  11  17  12]
 [  3 299  20   6  17  15]
 [  1  46 333  16   5   9]
 [  1  22  41 315   9   7]
 [  5   9   9  10 337  13]
 [  2   4  17   6  13 263]]";0.6753246753246753;0.6226074474226033;"[[ 12  26   4  10  22   6]
 [ 11 123  17   4  12  10]
 [  1  37 135  11  10   7]
 [  0  13  24 157   9   8]
 [  1  14   7  10 135  12]
 [  0   6  16   3  14 114]]";366;[53 67 54 75 51 66]
488;CiteSeer;own;1;0.2;64;0.5;1;0.005;784866329;0.9838709677419355;0.9824158231530618;"[[53  1  0  0  0  0]
 [ 1 68  1  0  0  0]
 [ 0  0 54  0  0  0]
 [ 0  0  0 76  0  0]
 [ 3  0  0  0 49  0]
 [ 0  0  0  0  0 66]]";0.8009211873080859;0.7304365929560589;"[[ 19  35  12  11  19  10]
 [  4 305  16   4  18  14]
 [  3  49 327  13   9   8]
 [  1  23  39 313  10   6]
 [  5  12   3  10 338  13]
 [  2   4  17   6  13 263]]";0.6863136863136863;0.6387521117554202;"[[ 15  26   5   8  21   5]
 [ 12 127  13   4  12   9]
 [  1  38 131  12  10   9]
 [  0  13  24 157   9   8]
 [  3  14   3   9 141   9]
 [  0   7  13   3  14 116]]";372;[54 70 54 76 52 66]
489;CiteSeer;own;1;0.2;64;0.5;1;0.005;784866329;0.9867724867724867;0.985952122385867;"[[53  1  0  0  0  0]
 [ 1 69  1  0  0  0]
 [ 0  0 56  0  0  0]
 [ 0  0  0 77  0  0]
 [ 1  0  0  0 51  1]
 [ 0  0  0  0  0 67]]";0.7962012320328542;0.7268163608604965;"[[ 19  33  12  10  18  10]
 [  7 299  19   2  17  15]
 [  2  48 329  14  12   9]
 [  3  24  41 305  10   6]
 [  4   9   7   9 336  14]
 [  1   5  17   6  13 263]]";0.6813186813186813;0.6364727664594577;"[[ 16  26   5   7  21   5]
 [ 13 123  16   4  12   9]
 [  1  35 136  10  11   8]
 [  1  13  27 151  11   8]
 [  5  14   4   8 140   8]
 [  0   6  13   3  15 116]]";378;[54 71 56 77 53 67]
490;CiteSeer;own;1;0.2;64;0.5;1;0.005;784866329;0.9921875;0.9915622037470485;"[[52  1  0  0  1  0]
 [ 0 71  1  0  0  0]
 [ 0  0 57  0  0  0]
 [ 0  0  0 79  0  0]
 [ 0  0  0  0 54  0]
 [ 0  0  0  0  0 68]]";0.7976313079299691;0.7287454770296082;"[[ 19  33  12  10  18  10]
 [  3 300  17   3  19  14]
 [  2  47 328  14  14   8]
 [  3  25  42 303  10   6]
 [  4   8   7   9 338  13]
 [  1   5  17   6  13 261]]";0.6793206793206793;0.6332064141899062;"[[ 15  24   6   7  22   6]
 [ 11 123  14   5  15   9]
 [  1  37 134  11  11   7]
 [  0  13  28 151  11   8]
 [  5  14   5   8 140   7]
 [  0   4  13   3  16 117]]";384;[54 72 57 79 54 68]
491;CiteSeer;own;1;0.2;64;0.5;1;0.005;784866329;0.9846153846153847;0.9839016061162598;"[[53  2  0  0  0  0]
 [ 0 72  0  0  0  0]
 [ 0  0 58  0  0  0]
 [ 1  0  1 79  0  0]
 [ 1  0  0  0 54  0]
 [ 0  0  0  0  1 68]]";0.7975206611570248;0.7341793329824614;"[[ 22  34  13   9  16  10]
 [  5 301  16   5  17  12]
 [  2  48 326  15  19   8]
 [  2  22  38 305  13   5]
 [  3   9   7   9 330  12]
 [  1   5  18   6  13 260]]";0.6783216783216783;0.6302777069901334;"[[ 14  23   5  10  22   6]
 [ 12 125  15   6  11   8]
 [  1  38 130  12  13   7]
 [  2  13  25 155  10   6]
 [  4  14   7   9 138   7]
 [  0   4  13   3  16 117]]";390;[55 72 58 81 55 69]
492;CiteSeer;own;1;0.2;64;0.5;1;0.005;784866329;0.98989898989899;0.988903916603486;"[[55  1  0  0  1  0]
 [ 0 72  0  0  0  0]
 [ 1  0 57  0  0  0]
 [ 0  0  0 82  0  0]
 [ 0  0  0  0 57  0]
 [ 0  0  0  0  1 69]]";0.8020725388601037;0.7414044692113467;"[[ 24  34  12   9  16   7]
 [  7 298  16   5  17  12]
 [  2  46 327  14  19   9]
 [  2  19  37 309  12   5]
 [  3   8   7   8 331  13]
 [  1   5  16   7  14 259]]";0.6723276723276723;0.6257972511762887;"[[ 15  23   5   9  22   6]
 [ 13 119  15   6  15   9]
 [  6  36 124  15  13   7]
 [  0  13  22 160  10   6]
 [  5  14   7   7 138   8]
 [  1   4  13   3  15 117]]";396;[57 72 58 82 57 70]
493;CiteSeer;own;1;0.2;64;0.5;1;0.005;784866329;0.9900497512437811;0.9890252597277857;"[[55  1  1  0  1  0]
 [ 0 74  0  0  0  0]
 [ 0  0 58  0  0  0]
 [ 0  0  0 83  0  0]
 [ 0  0  0  0 58  1]
 [ 0  0  0  0  0 70]]";0.7983367983367984;0.7386866787617751;"[[ 24  32  12  12  15   7]
 [  6 295  16   3  18  11]
 [  2  50 324  13  18  11]
 [  2  23  38 303  13   5]
 [  3   7   6   8 328  16]
 [  0   6  15   6  14 262]]";0.6713286713286714;0.6208132844911606;"[[ 13  26   5   7  22   7]
 [ 15 120  15   4  14   9]
 [  6  36 124  14  11  10]
 [  0  13  22 159  10   7]
 [  5  14   7   5 140   8]
 [  0   5  13   3  16 116]]";402;[58 74 58 83 59 70]
494;CiteSeer;own;1;0.2;64;0.5;1;0.005;784866329;0.9877450980392157;0.9873346544821375;"[[58  0  0  1  1  0]
 [ 1 74  0  0  0  0]
 [ 0  0 58  0  0  0]
 [ 0  0  1 84  0  0]
 [ 0  0  0  0 59  1]
 [ 0  0  0  0  0 70]]";0.8008342022940563;0.7392424411602779;"[[ 24  35  12   6  14   7]
 [ 13 290  15   6  13  11]
 [  2  45 330  13  17  11]
 [  4  20  38 304  11   6]
 [  3   7   7  10 326  15]
 [  2   6  15   6  12 262]]";0.6723276723276723;0.6237215910485653;"[[ 14  26   5   8  21   6]
 [ 21 118  15   6   8   9]
 [  3  34 131  13  10  10]
 [  1  13  25 158   7   7]
 [  5  14   8   7 137   8]
 [  1   5  14   3  15 115]]";408;[60 75 58 85 60 70]
495;CiteSeer;own;1;0.2;64;0.5;1;0.005;784866329;0.9879227053140096;0.9875972095683666;"[[59  0  0  1  0  0]
 [ 1 75  0  0  0  1]
 [ 0  0 59  0  0  0]
 [ 0  0  0 87  0  0]
 [ 1  0  0  0 59  1]
 [ 0  0  0  0  0 70]]";0.8017782426778243;0.741446623867649;"[[ 24  35  12   6  14   7]
 [  7 293  16   4  18  11]
 [  2  45 330  14  16  10]
 [  2  18  38 304  12   6]
 [  3   7   6  10 325  16]
 [  3   7  15   7  12 257]]";0.6783216783216783;0.6296666101374385;"[[ 14  27   5   8  21   5]
 [ 18 121  15   5  10   8]
 [  3  34 133  13  10   8]
 [  4  13  25 156   7   6]
 [  5  14   6   6 140   8]
 [  0   6  14   3  15 115]]";414;[60 77 59 87 61 70]
496;CiteSeer;own;1;0.2;64;0.5;1;0.005;784866329;0.9880952380952381;0.987946567800016;"[[58  1  0  1  0  0]
 [ 0 79  0  0  0  1]
 [ 0  0 59  0  0  0]
 [ 1  0  0 86  0  0]
 [ 1  0  0  0 62  0]
 [ 0  0  0  0  0 71]]";0.8058761804826863;0.7469248377176521;"[[ 25  35  12   6  14   6]
 [  6 294  16   2  19  10]
 [  3  45 329  13  16  11]
 [  2  17  38 304  12   6]
 [  3   7   6   8 328  13]
 [  3   7  15   6  13 256]]";0.6693306693306693;0.6197646750020739;"[[ 13  26   5   9  23   4]
 [ 17 121  16   4  11   8]
 [  4  33 131  13  10  10]
 [  5  13  24 152  10   7]
 [  6  14   7   4 139   9]
 [  0   7  13   3  16 114]]";420;[60 80 59 87 63 71]
497;CiteSeer;own;1;0.2;64;0.5;1;0.005;1866817562;0.0;0.0;[[]];0.1775580395528805;0.050261652671291235;"[[  0 184   0   0   0   0]
 [  0 413   0   0   0   0]
 [  0 467   0   0   0   0]
 [  0 490   0   0   0   0]
 [  0 417   0   0   0   0]
 [  0 355   0   0   0   0]]";0.17682317682317683;0.050084889643463505;"[[  0  80   0   0   0   0]
 [  0 177   0   0   0   0]
 [  0 201   0   0   0   0]
 [  0 211   0   0   0   0]
 [  0 179   0   0   0   0]
 [  0 153   0   0   0   0]]";0;[]
498;CiteSeer;own;1;0.2;64;0.5;1;0.005;1866817562;1.0;1.0;"[[2 0 0 0 0]
 [0 1 0 0 0]
 [0 0 1 0 0]
 [0 0 0 1 0]
 [0 0 0 0 1]]";0.08103448275862069;0.027800281347894525;"[[184   0   0   0   0   0]
 [409   2   0   0   0   0]
 [465   0   1   0   0   0]
 [489   0   0   0   0   0]
 [416   0   0   0   0   0]
 [353   0   0   0   0   1]]";0.08091908091908091;0.02627918680862852;"[[ 80   0   0   0   0   0]
 [177   0   0   0   0   0]
 [200   0   0   1   0   0]
 [210   0   0   1   0   0]
 [179   0   0   0   0   0]
 [153   0   0   0   0   0]]";6;[0 2 1 1 1 1]
499;CiteSeer;own;1;0.2;64;0.5;1;0.005;1866817562;1.0;1.0;"[[1 0 0 0 0 0]
 [0 3 0 0 0 0]
 [0 0 2 0 0 0]
 [0 0 0 2 0 0]
 [0 0 0 0 2 0]
 [0 0 0 0 0 2]]";0.25021607605877266;0.1113489682653891;"[[  0   1 177   1   0   0]
 [  0  39 348   0   0   0]
 [  0   0 512   1   0   0]
 [  0   0 448  26   0   0]
 [  0   0 411   1   1   0]
 [  0   0 346   1   0   1]]";0.23276723276723277;0.11012204680326952;"[[  0   2  78   0   0   0]
 [  0  15 162   0   0   0]
 [  0   0 201   0   0   0]
 [  0   0 197  14   0   0]
 [  0   0 175   4   0   0]
 [  0   0 150   0   0   3]]";12;[1 3 2 2 2 2]
500;CiteSeer;own;1;0.2;64;0.5;1;0.005;1866817562;1.0;1.0;"[[1 0 0 0 0 0]
 [0 4 0 0 0 0]
 [0 0 3 0 0 0]
 [0 0 0 3 0 0]
 [0 0 0 0 4 0]
 [0 0 0 0 0 3]]";0.41334488734835356;0.24149409768558372;"[[  0   1  87   1  88   0]
 [  0  50 214   0 118   0]
 [  0   0 498   1  15   0]
 [  0   1 280  26 166   0]
 [  0   0  38   0 380   0]
 [  0   0 190   1 153   0]]";0.3806193806193806;0.228724811484868;"[[  0   2  33   0  45   0]
 [  0  19 102   0  56   0]
 [  0   0 192   0   9   0]
 [  0   0 138  11  62   0]
 [  0   0  23   0 156   0]
 [  0   0  89   0  61   3]]";18;[1 4 3 3 4 3]
501;CiteSeer;own;1;0.2;64;0.5;1;0.005;1866817562;1.0;1.0;"[[2 0 0 0 0 0]
 [0 6 0 0 0 0]
 [0 0 3 0 0 0]
 [0 0 0 5 0 0]
 [0 0 0 0 4 0]
 [0 0 0 0 0 4]]";0.4135534317984361;0.36111324185428856;"[[ 97   6  57   1  17   0]
 [129  74 163   0  13   1]
 [ 26   2 484   1   0   0]
 [229   1 195  37   5   2]
 [195   0  23   0 198   1]
 [ 90   0 174   1  18  62]]";0.3886113886113886;0.33662933026684816;"[[ 44   2  24   0  10   0]
 [ 62  24  84   0   7   0]
 [  9   0 191   0   1   0]
 [ 89   0 107  15   0   0]
 [ 72   1  16   0  90   0]
 [ 27   0  91   0  10  25]]";24;[2 6 3 5 4 4]
502;CiteSeer;own;1;0.2;64;0.5;1;0.005;1866817562;0.9333333333333333;0.888888888888889;"[[1 0 0 1 0 0]
 [0 7 0 0 0 0]
 [0 0 3 0 0 0]
 [1 0 0 5 0 0]
 [0 0 0 0 5 0]
 [0 0 0 0 0 7]]";0.5892857142857143;0.5274566041615579;"[[ 31  12  58  16  34  27]
 [ 10 110 169   4  40  42]
 [  5   3 482   8   5  10]
 [ 64   2 198 157  27  17]
 [ 22   4  22   4 345  20]
 [  3   1  71   7  38 228]]";0.5574425574425574;0.5101397703068811;"[[ 17   4  28   2  21   8]
 [ 10  45  78   4  17  23]
 [  0   0 188   4   5   4]
 [ 26   2  99  68   5  11]
 [  8   2  20   2 139   8]
 [  0   0  35   0  17 101]]";30;[2 7 3 6 5 7]
503;CiteSeer;own;1;0.2;64;0.5;1;0.005;1866817562;1.0;1.0;"[[3 0 0 0 0 0]
 [0 8 0 0 0 0]
 [0 0 5 0 0 0]
 [0 0 0 6 0 0]
 [0 0 0 0 6 0]
 [0 0 0 0 0 8]]";0.5807860262008734;0.5241278054936958;"[[ 45  16  65   3  38  18]
 [ 18 130 150   0  51  25]
 [ 12   5 483   2   5   5]
 [112   4 209  96  29   9]
 [ 12   4  27   1 359  10]
 [  4   1  77   1  47 217]]";0.5534465534465535;0.5090247570275465;"[[ 21   5  26   2  19   7]
 [ 11  57  75   0  21  13]
 [  1   1 188   1   7   3]
 [ 41   4 102  45   8  11]
 [  9   3  17   0 145   5]
 [  0   0  36   0  19  98]]";36;[3 8 5 6 6 8]
504;CiteSeer;own;1;0.2;64;0.5;1;0.005;1866817562;1.0;1.0;"[[ 3  0  0  0  0  0]
 [ 0 10  0  0  0  0]
 [ 0  0  6  0  0  0]
 [ 0  0  0  7  0  0]
 [ 0  0  0  0  7  0]
 [ 0  0  0  0  0  9]]";0.5998248686514887;0.5379155137050927;"[[ 26  25  66   9  47  11]
 [  6 175 124   2  44  20]
 [  4  11 482   3   8   3]
 [ 65  14 219 120  34   6]
 [  7   9  24   1 367   4]
 [  1   3  84   4  56 200]]";0.5624375624375625;0.5147784471843292;"[[ 13   8  30   1  21   7]
 [  6  75  63   2  20  11]
 [  0   3 187   2   8   1]
 [ 22   7 110  54  11   7]
 [  8   6  15   2 144   4]
 [  0   1  39   0  23  90]]";42;[ 3 10  6  7  7  9]
505;CiteSeer;own;1;0.2;64;0.5;1;0.005;1866817562;0.9791666666666666;0.9682539682539683;"[[ 3  0  0  1  0  0]
 [ 0 11  0  0  0  0]
 [ 0  0  6  0  0  0]
 [ 0  0  0 10  0  0]
 [ 0  0  0  0  8  0]
 [ 0  0  0  0  0  9]]";0.6575943810359964;0.5969108382456575;"[[ 26  79  30  10  28   8]
 [  1 242  78   4  26  23]
 [  3  29 446  19   6   2]
 [ 35  62  89 248  22   4]
 [  4  31  11   3 358   5]
 [  0  50  64   6  48 178]]";0.6263736263736264;0.5642004547722921;"[[  6  33  16   4  15   6]
 [  2 115  36   0  13  11]
 [  0   9 174   7   9   2]
 [ 15  30  45 111   6   4]
 [  6  23  10   1 137   2]
 [  0  18  31   0  20  84]]";48;[ 4 11  6 10  8  9]
506;CiteSeer;own;1;0.2;64;0.5;1;0.005;1866817562;0.9629629629629629;0.954598033545402;"[[ 3  0  0  1  0  0]
 [ 0 11  0  0  0  0]
 [ 0  0  7  0  0  0]
 [ 0  0  0 12  1  0]
 [ 0  0  0  0  9  0]
 [ 0  0  0  0  0 10]]";0.6606514084507042;0.5975690020886628;"[[ 27  23  22  49  33  24]
 [  6 160  82  38  34  54]
 [  3   9 421  42  15   9]
 [ 38   2  47 352  15  13]
 [  4   6   8  63 309  16]
 [  1   3  41  37  34 232]]";0.6163836163836164;0.5528877057384737;"[[  9   8  12  16  19  16]
 [  4  65  44  18  17  29]
 [  0   3 163  23   7   5]
 [ 17   2  21 156   7   8]
 [  6   8   6  34 118   7]
 [  0   2  23   9  13 106]]";54;[ 4 11  7 13  9 10]
507;CiteSeer;own;1;0.2;64;0.5;1;0.005;1866817562;0.9833333333333333;0.9850552306692658;"[[ 6  0  0  0  0  0]
 [ 0 13  0  0  0  0]
 [ 0  0  8  0  0  0]
 [ 0  0  0 13  0  0]
 [ 0  0  0  1  9  0]
 [ 0  0  0  0  0 10]]";0.644748455428067;0.5884831919461889;"[[ 30  33  24  20  58  11]
 [  3 200  77   9  53  28]
 [  2  11 426  27  29   6]
 [ 30  14  76 268  67  11]
 [  3  12  10  24 353   7]
 [  0  14  54  17  75 184]]";0.6093906093906094;0.54990239504028;"[[  7  16  15   5  29   8]
 [  3  94  39   5  21  15]
 [  0   4 163  12  18   4]
 [ 13   8  30 125  28   7]
 [  4   9   8  24 132   2]
 [  0   9  21   4  30  89]]";60;[ 6 13  8 13 10 10]
508;CiteSeer;own;1;0.2;64;0.5;1;0.005;1866817562;0.9848484848484849;0.985480943738657;"[[ 7  0  0  0  0  0]
 [ 0 15  0  0  0  0]
 [ 0  0  8  0  0  0]
 [ 0  0  0 14  0  0]
 [ 0  0  0  1  9  0]
 [ 0  0  0  0  0 12]]";0.6641592920353983;0.6146686265025265;"[[ 36  33  22  35  35  14]
 [  4 212  63  26  32  31]
 [  4  11 421  36  22   7]
 [ 31  11  56 322  34  11]
 [  4  14  11  62 288  25]
 [  2  10  41  34  38 222]]";0.6213786213786214;0.5678499926588332;"[[ 10  14  14  14  20   8]
 [  3 100  36   9  14  15]
 [  0   4 162  18  12   5]
 [ 15   6  24 146  14   6]
 [  5  12   6  45 104   7]
 [  0   6  24  11  12 100]]";66;[ 7 15  8 14 10 12]
509;CiteSeer;own;1;0.2;64;0.5;1;0.005;1866817562;1.0;1.0;"[[ 7  0  0  0  0  0]
 [ 0 17  0  0  0  0]
 [ 0  0  8  0  0  0]
 [ 0  0  0 15  0  0]
 [ 0  0  0  0 12  0]
 [ 0  0  0  0  0 13]]";0.6876663708961845;0.6395901408258186;"[[ 35  75  10  16  26  13]
 [  2 306  40   6  23  20]
 [  0  46 363  29  23   6]
 [ 24  55  51 298  27  10]
 [  3  31   8  13 324  25]
 [  0  22  38  11  51 224]]";0.6293706293706294;0.5730681759339823;"[[  7  34   8   5  21   5]
 [  3 129  25   2   9   9]
 [  0  36 135  12  14   4]
 [ 11  24  23 134  15   4]
 [  5  19   7  14 127   7]
 [  0  11  22   2  20  98]]";72;[ 7 17  8 15 12 13]
510;CiteSeer;own;1;0.2;64;0.5;1;0.005;1866817562;0.9871794871794872;0.9890652557319224;"[[ 8  0  0  0  0  0]
 [ 0 17  0  0  0  0]
 [ 0  0  9  0  0  0]
 [ 0  0  0 17  1  0]
 [ 0  0  0  0 13  0]
 [ 0  0  0  0  0 13]]";0.6943950177935944;0.6335919051321828;"[[ 24  55  14  33  27  12]
 [  2 282  50  20  21  20]
 [  0  42 362  39  19   5]
 [ 14  25  39 357  28   8]
 [  5  20   3  36 319  25]
 [  0  13  31  36  45 217]]";0.6343656343656343;0.5763551667611753;"[[  8  28   8   6  24   6]
 [  3 114  30  10  10  10]
 [  0  32 133  18  15   3]
 [  6  13  19 157  14   2]
 [  4  11   4  25 128   7]
 [  0   5  23  10  20  95]]";78;[ 8 17  9 18 13 13]
511;CiteSeer;own;1;0.2;64;0.5;1;0.005;1866817562;0.9880952380952381;0.9897621198434207;"[[ 8  0  0  0  0  0]
 [ 0 18  0  0  0  0]
 [ 0  0 10  0  0  0]
 [ 0  0  0 20  1  0]
 [ 0  0  0  0 13  0]
 [ 0  0  0  0  0 14]]";0.687778768956289;0.6250903301522349;"[[ 23  42  14  37  37   8]
 [  5 262  57  30  27  13]
 [  3  29 368  39  23   4]
 [ 13  17  41 362  34   5]
 [  5  11   4  38 332  18]
 [  0   9  36  40  61 195]]";0.6283716283716284;0.5671707629609247;"[[  7  19   9  13  29   3]
 [  4 108  32  13  13   7]
 [  0  30 134  20  15   2]
 [  6   9  19 163  12   2]
 [  5   7   4  27 131   5]
 [  0   5  24  10  28  86]]";84;[ 8 18 10 21 13 14]
512;CiteSeer;own;1;0.2;64;0.5;1;0.005;1866817562;0.9888888888888889;0.988876529477197;"[[ 9  0  0  0  0  0]
 [ 0 19  0  0  0  0]
 [ 0  0 11  0  0  0]
 [ 0  0  0 21  0  0]
 [ 0  0  0  0 14  1]
 [ 0  0  0  0  0 15]]";0.6958855098389982;0.6503257117067099;"[[ 43  44  12  22  38  10]
 [ 17 272  47  12  28  13]
 [ 10  39 364  27  22   4]
 [ 27  20  46 323  39   4]
 [ 12  11   2  34 352  13]
 [  6   7  32  23  59 202]]";0.6223776223776224;0.5703951685555895;"[[ 10  20   6   7  31   6]
 [  7 103  31  12  12  12]
 [  6  31 135  12  14   3]
 [ 14   9  21 143  21   3]
 [  4   8   2  21 140   4]
 [  0   6  26   2  27  92]]";90;[ 9 19 11 21 15 15]
513;CiteSeer;own;1;0.2;64;0.5;1;0.005;1866817562;0.9895833333333334;0.9907476869217304;"[[ 9  0  0  0  0  0]
 [ 0 21  0  0  0  1]
 [ 0  0 12  0  0  0]
 [ 0  0  0 22  0  0]
 [ 0  0  0  0 16  0]
 [ 0  0  0  0  0 15]]";0.6946188340807175;0.6535107867227204;"[[ 49  47  11  16  34  11]
 [ 21 276  40   9  31  12]
 [ 15  40 360  22  22   4]
 [ 34  23  48 306  42   4]
 [ 16  10   4  29 349  16]
 [ 10  11  30  14  55 209]]";0.6193806193806194;0.5693236452896421;"[[  9  22   6   7  29   7]
 [ 10 110  27   9  11  10]
 [  9  33 131  11  14   3]
 [ 17  11  22 134  24   3]
 [  7  10   2  17 139   4]
 [  2   6  24   1  23  97]]";96;[ 9 22 12 22 16 15]
514;CiteSeer;own;1;0.2;64;0.5;1;0.005;1866817562;1.0;1.0;"[[ 9  0  0  0  0  0]
 [ 0 23  0  0  0  0]
 [ 0  0 15  0  0  0]
 [ 0  0  0 22  0  0]
 [ 0  0  0  0 16  0]
 [ 0  0  0  0  0 17]]";0.7009892086330936;0.6537944662119575;"[[ 37  63  11  13  29  13]
 [  4 294  44   7  21  21]
 [  6  40 380  18  19   5]
 [ 11  35  80 277  39   6]
 [ 10  19   6  27 346  15]
 [  0  17  30  13  43 225]]";0.6333666333666333;0.5735205844544453;"[[  6  27   7   8  24   8]
 [  3 124  27   3  11   9]
 [  4  34 137   9  14   3]
 [  9  15  37 123  22   5]
 [  4  11   2  14 142   6]
 [  0   6  22   3  20 102]]";102;[ 9 23 15 22 16 17]
515;CiteSeer;own;1;0.2;64;0.5;1;0.005;1866817562;1.0;1.0;"[[ 9  0  0  0  0  0]
 [ 0 24  0  0  0  0]
 [ 0  0 15  0  0  0]
 [ 0  0  0 25  0  0]
 [ 0  0  0  0 17  0]
 [ 0  0  0  0  0 18]]";0.71190261496844;0.661863459484165;"[[ 35  48   9  17  36  18]
 [  4 278  43  15  26  24]
 [  6  37 376  24  19   6]
 [  9  19  71 308  35   5]
 [ 10  10   4  34 345  20]
 [  2  11  22  20  35 237]]";0.6413586413586414;0.5804879096743449;"[[  6  22   7   8  27  10]
 [  3 116  27   9  11  11]
 [  5  35 134  10  13   4]
 [  7   7  36 135  20   6]
 [  4  10   2  17 139   7]
 [  0   4  18   3  16 112]]";108;[ 9 24 15 25 17 18]
516;CiteSeer;own;1;0.2;64;0.5;1;0.005;1866817562;0.9912280701754386;0.9915481344052773;"[[ 9  0  0  0  0  0]
 [ 0 24  0  0  0  0]
 [ 0  1 16  0  0  0]
 [ 0  0  0 27  0  0]
 [ 0  0  0  0 18  0]
 [ 0  0  0  0  0 19]]";0.6948462929475587;0.6404478228148219;"[[ 30  39  12  25  33  17]
 [  7 233  59  27  26  21]
 [  7  35 389  27  18   6]
 [ 13  15  69 324  28   5]
 [ 11   7   7  40 332  19]
 [  2   6  31  25  38 229]]";0.6253746253746254;0.5656084492031258;"[[  6  12  12  14  27   9]
 [  4 101  34  15  13  10]
 [  6  28 143  11  10   3]
 [  7   6  36 145  12   5]
 [  5   7   6  26 128   7]
 [  1   6  22   3  18 103]]";114;[ 9 24 17 27 18 19]
517;CiteSeer;own;1;0.2;64;0.5;1;0.005;1866817562;1.0;1.0;"[[ 9  0  0  0  0  0]
 [ 0 25  0  0  0  0]
 [ 0  0 18  0  0  0]
 [ 0  0  0 29  0  0]
 [ 0  0  0  0 19  0]
 [ 0  0  0  0  0 20]]";0.7039891205802358;0.6374090235481173;"[[ 20  46  13  23  30  15]
 [  3 233  65  28  21  24]
 [  6  20 406  26  16  11]
 [  8  16  62 335  29   6]
 [  7  10   5  46 316  28]
 [  0   8  33  17  31 243]]";0.6563436563436563;0.5867649959032794;"[[  5  15  13  13  26   8]
 [  1 105  36  16  10   9]
 [  1  12 158  12  11   7]
 [  3   8  33 153  12   2]
 [  1  12   1  25 126  14]
 [  0   4  21   2  16 110]]";120;[ 9 25 18 29 19 20]
518;CiteSeer;own;1;0.2;64;0.5;1;0.005;1866817562;0.9920634920634921;0.9932991722506898;"[[11  0  0  0  0  0]
 [ 0 26  0  0  0  0]
 [ 0  0 19  0  0  0]
 [ 0  0  0 29  0  0]
 [ 0  0  0  0 19  0]
 [ 0  0  0  1  0 21]]";0.7172727272727273;0.6539733131460274;"[[ 23  63   8  13  24  13]
 [  4 262  60  17  12  22]
 [  6  23 407  21  14  12]
 [  8  18  71 324  27   7]
 [ 10  17   4  35 318  26]
 [  0   8  32  16  31 244]]";0.6673326673326674;0.5999309565256683;"[[  6  27   7   9  22   9]
 [  2 118  32   9   8   8]
 [  1  16 158  11  10   5]
 [  2   9  35 151  11   3]
 [  2  17   3  20 123  14]
 [  0   4  19   2  16 112]]";126;[11 26 19 29 19 22]
519;CiteSeer;own;1;0.2;64;0.5;1;0.005;1866817562;1.0;1.0;"[[11  0  0  0  0  0]
 [ 0 27  0  0  0  0]
 [ 0  0 20  0  0  0]
 [ 0  0  0 30  0  0]
 [ 0  0  0  0 21  0]
 [ 0  0  0  0  0 23]]";0.7251595259799453;0.6604924199716674;"[[ 22  56   8  12  20  25]
 [  3 269  52  16  10  27]
 [  1  28 401  20  14  18]
 [  6  17  68 322  29  12]
 [  7  12   4  34 315  34]
 [  0   7  31  11  21 262]]";0.6653346653346653;0.5968018939025554;"[[  6  29   5   8  20  12]
 [  2 113  30   8   7  17]
 [  1  13 156  11  12   8]
 [  2   9  33 147  13   7]
 [  1  15   2  19 125  17]
 [  0   3  17   1  13 119]]";132;[11 27 20 30 21 23]
520;CiteSeer;own;1;0.2;64;0.5;1;0.005;1866817562;0.9855072463768116;0.9844212962962963;"[[12  0  0  0  0  0]
 [ 0 28  0  0  0  0]
 [ 0  0 20  0  0  0]
 [ 1  0  0 31  1  0]
 [ 0  0  0  0 22  0]
 [ 0  0  0  0  0 23]]";0.7317184643510055;0.664812103645339;"[[ 21  55   8  15  21  20]
 [  5 277  47  17  10  21]
 [  3  28 402  19  17  13]
 [  7  11  65 324  34  11]
 [  8  10   4  28 319  36]
 [  0   9  30  12  23 258]]";0.6703296703296703;0.6050056801770681;"[[  7  26   3  11  26   7]
 [  2 120  30   8   6  11]
 [  0  16 155  11  12   7]
 [  2   8  34 146  15   6]
 [  1  14   3  16 127  18]
 [  0   4  16   2  15 116]]";138;[12 28 20 33 22 23]
521;CiteSeer;own;1;0.2;64;0.5;1;0.005;1866817562;1.0;1.0;"[[13  0  0  0  0  0]
 [ 0 29  0  0  0  0]
 [ 0  0 21  0  0  0]
 [ 0  0  0 34  0  0]
 [ 0  0  0  0 23  0]
 [ 0  0  0  0  0 24]]";0.7305224564619615;0.6631399594530848;"[[ 20  42  12  24  27  14]
 [  5 259  53  26  15  18]
 [  1  19 415  20  19  14]
 [  4   7  68 330  29  10]
 [  6   7   4  43 324  18]
 [  0   5  31  16  31 246]]";0.6633366633366633;0.5920221510092298;"[[  5  21   8  13  25   8]
 [  2 107  35  13  10  10]
 [  0  10 165   9  11   6]
 [  1   5  35 150  15   5]
 [  1  12   5  22 126  13]
 [  0   3  18   3  18 111]]";144;[13 29 21 34 23 24]
522;CiteSeer;own;1;0.2;64;0.5;1;0.005;1866817562;0.9866666666666667;0.9856458126897376;"[[14  0  0  0  0  0]
 [ 1 31  0  0  0  0]
 [ 0  0 22  0  0  0]
 [ 0  0  0 34  0  0]
 [ 0  0  0  1 23  0]
 [ 0  0  0  0  0 24]]";0.7242647058823529;0.6690344248216548;"[[ 26  56  10  13  23  11]
 [  3 333  39  15  12  11]
 [  0  70 337  19  15   7]
 [  5  13  63 325  29   8]
 [  8  21   5  35 316  21]
 [  0  22  27  18  21 239]]";0.6463536463536463;0.5816735249029258;"[[  5  35   4  12  18   6]
 [  5 129  24   7   7   5]
 [  0  42 133  10  12   4]
 [  2  12  32 147  14   4]
 [  2  18   2  18 124  15]
 [  0   7  16   3  18 109]]";150;[14 32 22 34 24 24]
523;CiteSeer;own;1;0.2;64;0.5;1;0.005;1866817562;0.9871794871794872;0.9873691073715949;"[[14  0  0  0  0  0]
 [ 0 34  0  0  0  0]
 [ 0  0 23  0  0  1]
 [ 0  0  0 34  0  0]
 [ 0  0  0  1 24  0]
 [ 0  0  0  0  0 25]]";0.7294930875576037;0.676265741121208;"[[ 29  54   9  12  24  10]
 [  3 337  34  14  10  13]
 [  1  69 339  17  20   7]
 [  7  15  62 319  31   7]
 [ 11  15   8  28 325  20]
 [  2  14  31  14  25 234]]";0.6443556443556444;0.5859736053375898;"[[  7  31   5  11  21   5]
 [  6 128  26   6   7   4]
 [  2  40 138   8  11   2]
 [  2  13  34 139  18   5]
 [  2  17   4  16 125  15]
 [  0   7  18   3  17 108]]";156;[14 34 24 34 25 25]
524;CiteSeer;own;1;0.2;64;0.5;1;0.005;1866817562;1.0;1.0;"[[15  0  0  0  0  0]
 [ 0 35  0  0  0  0]
 [ 0  0 25  0  0  0]
 [ 0  0  0 36  0  0]
 [ 0  0  0  0 26  0]
 [ 0  0  0  0  0 25]]";0.7287430683918669;0.675278740800137;"[[ 27  52  14  16  21   7]
 [  3 326  45  14  11  10]
 [  0  58 368  12   9   5]
 [  5  16  81 301  30   7]
 [  8   9  20  28 325  16]
 [  0  10  46  12  22 230]]";0.6263736263736264;0.5627810819399027;"[[  4  29  10  11  20   6]
 [  5 121  32   6   8   5]
 [  0  39 144   6  11   1]
 [  2  12  40 139  14   4]
 [  2  12  19  15 117  14]
 [  0   6  29   2  14 102]]";162;[15 35 25 36 26 25]
525;CiteSeer;own;1;0.2;64;0.5;1;0.005;1866817562;1.0;1.0;"[[15  0  0  0  0  0]
 [ 0 36  0  0  0  0]
 [ 0  0 25  0  0  0]
 [ 0  0  0 37  0  0]
 [ 0  0  0  0 29  0]
 [ 0  0  0  0  0 26]]";0.7344763670064874;0.6799913500514356;"[[ 27  50  12  16  24   8]
 [  3 326  38  18  13  10]
 [  0  62 362  11  10   6]
 [  5  13  74 302  34  11]
 [  5   9  15  26 334  15]
 [  0  10  40  11  24 234]]";0.6343656343656343;0.5694537122878295;"[[  4  31   8  10  21   6]
 [  5 122  29   7   8   6]
 [  0  43 139   7  11   1]
 [  2  12  36 141  14   6]
 [  2  13  13  15 125  11]
 [  0   6  24   2  17 104]]";168;[15 36 25 37 29 26]
526;CiteSeer;own;1;0.2;64;0.5;1;0.005;1866817562;0.9942528735632183;0.9951899951899952;"[[16  0  0  0  0  0]
 [ 0 36  0  0  0  0]
 [ 0  0 26  0  0  0]
 [ 0  0  0 38  0  0]
 [ 0  0  0  1 31  0]
 [ 0  0  0  0  0 26]]";0.737453531598513;0.6943258483925061;"[[ 40  43  10  16  25   6]
 [ 13 298  34  15  21   9]
 [  2  60 380   9   9   6]
 [ 10  10  87 287  35   8]
 [  6   6  11  14 350  13]
 [  1   9  43   8  26 232]]";0.6503496503496503;0.5908438192827492;"[[  7  21   9  14  23   6]
 [  7 118  28   5  13   6]
 [  0  39 146   5  10   1]
 [  3   7  43 141  13   4]
 [  1   8  12  11 136  11]
 [  0   6  23   1  20 103]]";174;[16 36 26 38 32 26]
527;CiteSeer;own;1;0.2;64;0.5;1;0.005;1866817562;0.9888888888888889;0.9881118881118881;"[[16  0  0  1  0  0]
 [ 0 39  0  0  0  0]
 [ 0  0 26  0  0  0]
 [ 0  0  0 38  0  0]
 [ 0  0  0  1 32  0]
 [ 0  0  0  0  0 27]]";0.7488350419384903;0.7010312041767829;"[[ 36  47  11  17  23   6]
 [  9 323  28  13  19   9]
 [  2  59 367   9   8   9]
 [  6  15  70 305  33   8]
 [  4   8   9  20 343  15]
 [  2  18  30   8  24 233]]";0.6413586413586414;0.5807087504376995;"[[  6  21   8  15  23   7]
 [  9 118  26   5  13   6]
 [  0  40 145   5  10   1]
 [  3  13  41 138  12   4]
 [  1  11  11  15 128  13]
 [  1  10  17   1  17 107]]";180;[17 39 26 38 33 27]
528;CiteSeer;own;1;0.2;64;0.5;1;0.005;1866817562;0.989247311827957;0.9851075996586832;"[[16  0  0  1  0  0]
 [ 0 40  0  0  0  0]
 [ 0  0 27  0  0  0]
 [ 0  0  0 38  0  0]
 [ 0  0  0  0 35  0]
 [ 1  0  0  0  0 28]]";0.741588785046729;0.6916618431299014;"[[ 33  43  12  16  25   9]
 [ 10 319  24  12  26   9]
 [  0  68 353  12  10  11]
 [  4  18  62 303  39   8]
 [  3   7   8  20 358  11]
 [  0  18  22   9  37 221]]";0.6493506493506493;0.5900824811516598;"[[  7  21   6  14  25   7]
 [  9 118  24   4  17   5]
 [  0  43 141   5  11   1]
 [  2  13  36 140  17   3]
 [  1  10   8  11 140   9]
 [  1   8  16   1  23 104]]";186;[17 40 27 38 35 29]
529;CiteSeer;own;1;0.2;64;0.5;1;0.005;1866817562;0.9791666666666666;0.9752871772064422;"[[16  0  0  1  0  0]
 [ 0 40  0  0  0  0]
 [ 0  1 27  0  0  0]
 [ 1  0  0 39  0  0]
 [ 0  0  0  0 36  0]
 [ 0  0  1  0  0 30]]";0.7450796626054358;0.69570957282532;"[[ 34  42  10  14  29   9]
 [  9 314  24  12  25  12]
 [  0  59 362  11  11  11]
 [  3  17  66 296  43   7]
 [  3   8   7  16 363  10]
 [  0  16  24   7  39 221]]";0.6493506493506493;0.5871692199381583;"[[  6  18   6  13  29   8]
 [  9 117  25   4  15   7]
 [  0  38 144   6  11   2]
 [  2  10  41 132  23   3]
 [  1  10   7   8 143  10]
 [  0   8  16   2  19 108]]";192;[17 40 28 40 36 31]
530;CiteSeer;own;1;0.2;64;0.5;1;0.005;1866817562;0.98989898989899;0.986227261989133;"[[16  0  0  1  0  0]
 [ 1 42  0  0  0  0]
 [ 0  0 29  0  0  0]
 [ 0  0  0 41  0  0]
 [ 0  0  0  0 36  0]
 [ 0  0  0  0  0 32]]";0.7462406015037594;0.6980940177126406;"[[ 35  47   9  14  22  11]
 [  9 322  22  12  18  11]
 [  4  67 354  11   8   9]
 [  4  19  74 290  36   8]
 [  4   9   7  16 357  14]
 [  0  14  26   8  27 230]]";0.6463536463536463;0.587251480621115;"[[  7  24   6  12  23   8]
 [  9 123  21   5  11   8]
 [  1  38 144   4  11   3]
 [  1  14  47 129  14   6]
 [  1  11  10  11 134  12]
 [  0   8  16   2  17 110]]";198;[17 43 29 41 36 32]
531;CiteSeer;own;1;0.2;64;0.5;1;0.005;1866817562;0.9901960784313726;0.9887904209344159;"[[16  0  0  1  0  0]
 [ 0 44  0  0  0  0]
 [ 0  0 32  0  0  0]
 [ 0  0  0 42  1  0]
 [ 0  0  0  0 36  0]
 [ 0  0  0  0  0 32]]";0.7450518378887842;0.6979783782105088;"[[ 35  45  10  15  23  11]
 [  6 308  27  15  18  11]
 [  3  65 361  13   8   8]
 [  3  16  77 290  33   9]
 [  3   7   9  19 359  10]
 [  0  12  27   7  31 228]]";0.6583416583416584;0.5968986083310356;"[[  7  23   5  14  23   8]
 [  7 120  23   6  12   9]
 [  1  34 148   5  11   2]
 [  1  11  44 134  14   7]
 [  1  11   9   9 141   8]
 [  0   8  16   3  17 109]]";204;[17 44 32 43 36 32]
532;CiteSeer;own;1;0.2;64;0.5;1;0.005;1866817562;1.0;1.0;"[[18  0  0  0  0  0]
 [ 0 45  0  0  0  0]
 [ 0  0 32  0  0  0]
 [ 0  0  0 44  0  0]
 [ 0  0  0  0 37  0]
 [ 0  0  0  0  0 34]]";0.7495274102079396;0.7015449171027757;"[[ 34  43  13  13  25  11]
 [  6 305  29  13  20  11]
 [  2  53 364  13   7  15]
 [  1  14  78 294  35   7]
 [  2   8   8  20 352  10]
 [  0  12  26   8  27 237]]";0.6443556443556444;0.5906304197772286;"[[  9  21   7  12  23   8]
 [  6 116  27   6  15   7]
 [  1  33 148   5  11   3]
 [  1  11  51 128  16   4]
 [  0  11   9  13 136  10]
 [  0   8  16   2  19 108]]";210;[18 45 32 44 37 34]
533;CiteSeer;own;1;0.2;64;0.5;1;0.005;1866817562;0.9953703703703703;0.9933654360620653;"[[17  0  0  1  0  0]
 [ 0 49  0  0  0  0]
 [ 0  0 33  0  0  0]
 [ 0  0  0 44  0  0]
 [ 0  0  0  0 38  0]
 [ 0  0  0  0  0 34]]";0.7483412322274882;0.7018527000955475;"[[ 34  47  13  13  22  10]
 [  4 319  30  11  18   9]
 [  0  67 343  15   7  12]
 [  2  19  65 298  34   7]
 [  2   8   8  23 348  11]
 [  0  17  23   6  28 237]]";0.6513486513486514;0.5975837495891464;"[[  9  24   6  12  21   8]
 [  3 127  23   3  14   7]
 [  0  45 134   7  11   4]
 [  2  13  42 133  17   4]
 [  0  12   7  12 139   9]
 [  0   8  14   2  19 110]]";216;[18 49 33 44 38 34]
534;CiteSeer;own;1;0.2;64;0.5;1;0.005;1866817562;1.0;1.0;"[[20  0  0  0  0  0]
 [ 0 50  0  0  0  0]
 [ 0  0 33  0  0  0]
 [ 0  0  0 46  0  0]
 [ 0  0  0  0 39  0]
 [ 0  0  0  0  0 34]]";0.748574144486692;0.7036114688051905;"[[ 36  48  11  15  20   8]
 [  7 320  28  10  17   8]
 [  2  69 340  14   7  11]
 [  1  23  64 293  34   8]
 [  2   7   9  19 351  11]
 [  2  15  27   5  27 235]]";0.6413586413586414;0.5941719309792902;"[[ 11  24   6  12  20   7]
 [  6 124  24   4  13   6]
 [  2  46 131   7  11   4]
 [  1  14  44 131  17   4]
 [  3  12   7  12 137   8]
 [  0   8  17   2  18 108]]";222;[20 50 33 46 39 34]
535;CiteSeer;own;1;0.2;64;0.5;1;0.005;1866817562;0.9956140350877193;0.9938773461808692;"[[20  0  0  0  0  0]
 [ 0 50  0  0  0  0]
 [ 0  0 33  0  0  0]
 [ 0  0  0 47  0  0]
 [ 1  0  0  0 40  0]
 [ 0  0  0  0  0 37]]";0.7535748331744518;0.7064541224204496;"[[ 35  46   9  12  26   8]
 [  9 321  24  12  15   8]
 [  2  68 340  11   9  12]
 [  3  21  63 293  36   6]
 [  2   8   9  17 354  10]
 [  2  13  19   4  33 238]]";0.6473526473526473;0.5989747320789299;"[[ 11  24   4  11  23   7]
 [  7 125  21   3  15   6]
 [  2  51 126   7  10   5]
 [  2  13  39 135  18   4]
 [  4  10   5  12 140   8]
 [  0   8  15   1  18 111]]";228;[20 50 33 47 41 37]
536;CiteSeer;own;1;0.2;64;0.5;1;0.005;1866817562;0.9957264957264957;0.994042994042994;"[[19  0  0  1  0  0]
 [ 0 51  0  0  0  0]
 [ 0  0 35  0  0  0]
 [ 0  0  0 49  0  0]
 [ 0  0  0  0 42  0]
 [ 0  0  0  0  0 37]]";0.7619502868068834;0.7136379276830608;"[[ 33  42  13  12  28   8]
 [  4 313  30  12  16   7]
 [  0  59 362  10  10   6]
 [  1  19  63 294  36   7]
 [  2   7   9  20 352  11]
 [  0  13  25   3  25 240]]";0.6573426573426573;0.6000515516915758;"[[  8  23   6  13  23   7]
 [  4 121  28   2  15   7]
 [  1  40 139   5  12   4]
 [  1  10  41 139  17   3]
 [  0  11   6  13 140   9]
 [  0   8  15   2  17 111]]";234;[20 51 35 49 42 37]
537;CiteSeer;own;1;0.2;64;0.5;1;0.005;1866817562;0.9958333333333333;0.994042994042994;"[[19  0  0  1  0  0]
 [ 0 53  0  0  0  0]
 [ 0  0 36  0  0  0]
 [ 0  0  0 49  0  0]
 [ 0  0  0  0 43  0]
 [ 0  0  0  0  0 39]]";0.7555129434324065;0.7065007121932404;"[[ 32  42  11  17  29   6]
 [  3 313  27  12  18   7]
 [  0  61 357  12  11   5]
 [  1  21  62 286  40   7]
 [  3   7   9  18 348  11]
 [  0  15  19   2  34 240]]";0.6553446553446554;0.5980176591872498;"[[  8  25   4  11  25   7]
 [  4 124  26   2  14   7]
 [  1  42 136   7  10   5]
 [  1  12  40 137  18   3]
 [  2  11   4  11 140  11]
 [  0   8  14   1  19 111]]";240;[20 53 36 49 43 39]
538;CiteSeer;own;1;0.2;64;0.5;1;0.005;1866817562;0.991869918699187;0.9906923429958661;"[[20  0  0  0  0  0]
 [ 0 55  0  0  0  0]
 [ 0  0 36  0  0  0]
 [ 1  0  0 49  0  0]
 [ 0  0  0  0 44  0]
 [ 0  1  0  0  0 40]]";0.7615384615384615;0.7119309071915234;"[[ 32  43  13  14  25   8]
 [  3 315  29  13  17   5]
 [  0  55 361  11  10   4]
 [  2  20  61 288  38   7]
 [  3   7   8  20 345  13]
 [  0  14  23   2  28 243]]";0.6553446553446554;0.5981425481321211;"[[  8  22   7  11  24   8]
 [  3 124  27   3  14   6]
 [  1  43 137   6   8   6]
 [  2  12  40 137  17   3]
 [  2  10   5  13 137  12]
 [  0   8  15   2  15 113]]";246;[20 55 36 50 44 41]
539;CiteSeer;own;1;0.2;64;0.5;1;0.005;1866817562;0.996031746031746;0.9964629158837184;"[[20  0  0  0  0  0]
 [ 0 54  0  0  0  1]
 [ 0  0 39  0  0  0]
 [ 0  0  0 52  0  0]
 [ 0  0  0  0 45  0]
 [ 0  0  0  0  0 41]]";0.7666345226615237;0.715111638414637;"[[ 31  41  13  14  27   8]
 [  3 310  31  13  16   8]
 [  0  49 365  12  10   3]
 [  1  19  58 295  34   7]
 [  3   7   8  20 346  14]
 [  0  12  23   3  27 243]]";0.6573426573426573;0.5996663671151731;"[[  8  21   6  12  24   9]
 [  3 124  26   1  17   6]
 [  1  42 137   5  11   5]
 [  1  11  42 139  15   3]
 [  0  10   5  14 140  10]
 [  0   8  17   3  15 110]]";252;[20 55 39 52 45 41]
540;CiteSeer;own;1;0.2;64;0.5;1;0.005;1866817562;1.0;1.0;"[[20  0  0  0  0  0]
 [ 0 56  0  0  0  0]
 [ 0  0 39  0  0  0]
 [ 0  0  0 52  0  0]
 [ 0  0  0  0 50  0]
 [ 0  0  0  0  0 41]]";0.7678916827852998;0.7123202863020893;"[[ 28  45   9  13  26  10]
 [  3 320  26  12  16   6]
 [  0  55 356  11  11   3]
 [  2  24  53 285  36   7]
 [  2   6   8  17 358  13]
 [  0  13  21   3  29 241]]";0.6553446553446554;0.6006652054279967;"[[  9  24   4  10  24   9]
 [  3 128  21   0  18   7]
 [  1  47 133   6  10   4]
 [  1  13  41 134  19   3]
 [  0  11   4  12 144   8]
 [  0   8  17   3  17 108]]";258;[20 56 39 52 50 41]
541;CiteSeer;own;1;0.2;64;0.5;1;0.005;1866817562;1.0;1.0;"[[21  0  0  0  0  0]
 [ 0 58  0  0  0  0]
 [ 0  0 40  0  0  0]
 [ 0  0  0 54  0  0]
 [ 0  0  0  0 50  0]
 [ 0  0  0  0  0 41]]";0.7725509214354995;0.7198967770020998;"[[ 31  43   8  13  26   9]
 [  4 317  24  16  16   5]
 [  0  49 361  11  10   4]
 [  2  26  48 289  34   6]
 [  2   7   4  20 359  13]
 [  0  14  17   8  30 236]]";0.6543456543456544;0.5966146005371462;"[[  8  24   5  10  26   7]
 [  3 128  20   4  15   7]
 [  1  44 132   7  12   5]
 [  2  13  37 139  17   3]
 [  0  11   4  14 141   9]
 [  0   8  15   3  20 107]]";264;[21 58 40 54 50 41]
542;CiteSeer;own;1;0.2;64;0.5;1;0.005;1866817562;1.0;1.0;"[[21  0  0  0  0  0]
 [ 0 61  0  0  0  0]
 [ 0  0 41  0  0  0]
 [ 0  0  0 56  0  0]
 [ 0  0  0  0 50  0]
 [ 0  0  0  0  0 41]]";0.771887159533074;0.7156497383303261;"[[ 28  44   9  13  27   7]
 [  3 317  26  17  16   3]
 [  0  46 356  16  10   4]
 [  5  21  44 296  34   6]
 [  2   7   6  20 356  13]
 [  0  14  19   6  31 234]]";0.6563436563436563;0.5983310797439813;"[[  8  23   7   9  26   7]
 [  3 124  24   4  15   7]
 [  0  42 136   7  12   4]
 [  2  10  38 141  17   3]
 [  0  10   4  14 141  10]
 [  0   8  16   2  20 107]]";270;[21 61 41 56 50 41]
543;CiteSeer;own;1;0.2;64;0.5;1;0.005;1866817562;0.9963768115942029;0.9967268797282692;"[[21  0  0  0  0  0]
 [ 0 63  0  0  0  1]
 [ 0  0 41  0  0  0]
 [ 0  0  0 57  0  0]
 [ 0  0  0  0 51  0]
 [ 0  0  0  0  0 42]]";0.7780487804878049;0.7173568851790648;"[[ 25  49   7  16  20   9]
 [  2 323  26  12  14   3]
 [  1  47 356  15  10   4]
 [  3  22  42 296  34   7]
 [  2   7   6  20 357  13]
 [  0  14  17   6  27 238]]";0.6693306693306693;0.6095045070728681;"[[  8  23   7   9  26   7]
 [  3 128  24   3  12   7]
 [  0  41 135   8  13   4]
 [  0   8  36 148  16   3]
 [  0  10   4  13 142  10]
 [  0   8  16   2  18 109]]";276;[21 64 41 57 51 42]
544;CiteSeer;own;1;0.2;64;0.5;1;0.005;1866817562;0.9929078014184397;0.9917134306023195;"[[22  0  0  0  0  0]
 [ 1 65  0  0  0  0]
 [ 0  1 40  0  0  0]
 [ 0  0  0 58  0  0]
 [ 0  0  0  0 52  0]
 [ 0  0  0  0  0 43]]";0.7773972602739726;0.7233812277443666;"[[ 30  45   6  13  22   8]
 [  3 326  23  11  13   3]
 [  1  47 353  17  10   3]
 [  4  23  42 290  37   7]
 [  2   7   5  17 359  15]
 [  0  16  21   6  28 231]]";0.6623376623376623;0.6061054501231546;"[[  9  25   6   8  26   6]
 [  3 130  23   3  11   7]
 [  1  42 131   9  15   3]
 [  2   9  35 146  16   3]
 [  2  10   4  12 140  11]
 [  0   8  17   2  19 107]]";282;[22 66 41 58 52 43]
545;CiteSeer;own;1;0.2;64;0.5;1;0.005;1866817562;0.9965277777777778;0.9967860828541942;"[[23  0  0  0  0  0]
 [ 0 66  0  0  0  0]
 [ 0  1 42  0  0  0]
 [ 0  0  0 58  0  0]
 [ 0  0  0  0 54  0]
 [ 0  0  0  0  0 44]]";0.7821393523061825;0.7269147130578935;"[[ 29  41   8  13  23   7]
 [  3 319  22  12  13   3]
 [  1  48 365  13   9   4]
 [  1  22  43 287  38   8]
 [  2   7   6  17 371   5]
 [  0  15  19   7  34 223]]";0.6833166833166833;0.6248540482187597;"[[  9  24   7   8  26   6]
 [  2 130  24   3  11   7]
 [  1  35 143   4  15   3]
 [  1   8  36 146  17   3]
 [  0  10   5  12 148   4]
 [  0   6  16   2  21 108]]";288;[23 66 43 58 54 44]
546;CiteSeer;own;1;0.2;64;0.5;1;0.005;1866817562;0.9931972789115646;0.9932070921081008;"[[23  0  0  0  0  0]
 [ 0 68  0  0  0  0]
 [ 0  1 44  0  0  1]
 [ 0  0  0 58  0  0]
 [ 0  0  0  0 55  0]
 [ 0  0  0  0  0 44]]";0.78248031496063;0.7276143780850002;"[[ 29  39   5  16  23   8]
 [  2 316  24  11  15   4]
 [  1  49 369  11   9   5]
 [  1  21  44 288  37   8]
 [  2   7   6  16 366  10]
 [  0  15  17   7  29 222]]";0.6793206793206793;0.6157915919945215;"[[  7  25   7   8  27   6]
 [  2 129  24   2  13   7]
 [  0  34 144   4  15   4]
 [  0   9  37 144  18   3]
 [  1  10   4  11 147   6]
 [  0   7  16   2  19 109]]";294;[23 68 46 58 55 44]
547;CiteSeer;own;1;0.2;64;0.5;1;0.005;1866817562;0.9966666666666667;0.9966669966669967;"[[25  0  0  0  0  0]
 [ 0 69  0  0  0  0]
 [ 0  0 46  0  0  0]
 [ 0  0  0 59  0  0]
 [ 0  0  0  0 55  0]
 [ 0  0  0  0  1 45]]";0.7813425468904245;0.7299475547705567;"[[ 30  36   7  20  23   2]
 [  3 316  27  10  16   3]
 [  0  51 362  12  10   3]
 [  2  25  42 287  38   8]
 [  2   7   4  20 366   6]
 [  0   9  24   5  28 222]]";0.6783216783216783;0.6206092995950265;"[[  9  25   8   8  26   4]
 [  2 127  29   2  13   4]
 [  0  34 142   4  15   6]
 [  0   8  33 149  18   3]
 [  0  10   3  15 146   5]
 [  0   7  18   2  20 106]]";300;[25 69 46 59 55 46]
548;CiteSeer;own;1;0.2;64;0.5;1;0.005;1866817562;0.9901960784313726;0.9900291028942038;"[[26  0  0  0  0  0]
 [ 0 70  0  0  0  0]
 [ 0  0 47  0  0  0]
 [ 0  0  1 59  0  0]
 [ 0  0  0  0 56  0]
 [ 0  0  1  0  1 45]]";0.7841584158415842;0.7324820640948132;"[[ 30  42  11  11  22   2]
 [  2 320  24  10  14   4]
 [  0  50 364  10   9   3]
 [  1  26  49 279  36   8]
 [  2   7   4  16 370   6]
 [  0   9  25   4  29 221]]";0.6703296703296703;0.6142906029526246;"[[  9  25   9   7  26   4]
 [  2 128  28   2  12   5]
 [  0  33 142   4  15   7]
 [  1   8  44 139  16   3]
 [  0  10   5  12 147   5]
 [  0   7  18   2  20 106]]";306;[26 70 47 60 56 47]
549;CiteSeer;own;1;0.2;64;0.5;1;0.005;1866817562;0.9903846153846154;0.9894654840705485;"[[27  0  0  0  1  0]
 [ 0 71  0  0  0  0]
 [ 0  0 47  0  0  0]
 [ 0  0  1 61  0  0]
 [ 0  0  0  0 56  0]
 [ 0  1  0  0  0 47]]";0.7830188679245284;0.7316954988165539;"[[ 31  40   8  15  21   2]
 [  3 322  21  11  14   3]
 [  1  52 356  12   9   4]
 [  6  28  42 277  36   8]
 [  2   7   4  18 368   7]
 [  0   9  22   5  27 223]]";0.6753246753246753;0.617915871570821;"[[  9  25   7   9  25   5]
 [  3 131  24   2  12   5]
 [  1  34 140   4  15   7]
 [  3   8  39 142  16   3]
 [  0  11   4  13 147   4]
 [  0   7  17   2  20 107]]";312;[28 71 47 62 56 48]
550;CiteSeer;own;1;0.2;64;0.5;1;0.005;1866817562;0.9968553459119497;0.997016501650165;"[[28  0  0  0  0  0]
 [ 0 73  0  0  0  0]
 [ 0  0 50  1  0  0]
 [ 0  0  0 62  0  0]
 [ 0  0  0  0 56  0]
 [ 0  0  0  0  0 48]]";0.7903386454183267;0.7399754817782919;"[[ 31  38   9  14  24   2]
 [  1 321  24  12  14   2]
 [  0  50 362  11   7   3]
 [  2  23  41 288  34   8]
 [  2   7   5  20 363   5]
 [  0   8  23   5  27 222]]";0.6813186813186813;0.6228885564293379;"[[  9  24   7   9  25   6]
 [  2 134  22   4  13   2]
 [  1  31 141   6  15   7]
 [  1   9  36 146  16   3]
 [  1  11   4  13 146   4]
 [  0   7  18   2  20 106]]";318;[28 73 51 62 56 48]
551;CiteSeer;own;1;0.2;64;0.5;1;0.005;1866817562;0.9969135802469136;0.9969674413475588;"[[29  0  0  0  0  0]
 [ 0 73  0  0  0  0]
 [ 0  0 53  0  0  0]
 [ 0  0  0 63  0  0]
 [ 0  0  1  0 56  0]
 [ 0  0  0  0  0 49]]";0.7932067932067932;0.7451138062421685;"[[ 33  39  10  10  23   3]
 [  1 320  26  12  13   2]
 [  0  47 364  11   6   3]
 [  1  25  40 290  31   8]
 [  2   8   5  18 368   4]
 [  0  11  27   2  26 213]]";0.6803196803196803;0.6221010840023647;"[[  9  24   9  10  23   5]
 [  2 133  25   4  11   2]
 [  1  31 142   6  15   6]
 [  0   9  36 148  15   3]
 [  1  11   5  13 146   3]
 [  0   9  18   2  21 103]]";324;[29 73 53 63 57 49]
552;CiteSeer;own;1;0.2;64;0.5;1;0.005;1866817562;0.996969696969697;0.9960565730102756;"[[29  0  0  0  0  0]
 [ 1 74  0  0  0  0]
 [ 0  0 54  0  0  0]
 [ 0  0  0 65  0  0]
 [ 0  0  0  0 57  0]
 [ 0  0  0  0  0 50]]";0.7935871743486974;0.7462240153544126;"[[ 33  39   8  11  22   3]
 [  1 320  25  11  14   3]
 [  0  47 364   9   9   3]
 [  1  24  39 289  35   7]
 [  2   7   5  18 363   5]
 [  0  12  23   2  27 215]]";0.6823176823176823;0.6237572460182856;"[[  9  24   9   9  24   5]
 [  2 133  25   4  11   2]
 [  1  33 141   5  15   6]
 [  0  10  33 150  15   3]
 [  1  11   4  13 145   5]
 [  0   9  17   2  20 105]]";330;[29 75 54 65 57 50]
553;CiteSeer;own;1;0.2;64;0.5;1;0.005;1866817562;0.9940476190476191;0.9930484451924668;"[[29  0  0  0  0  0]
 [ 0 76  0  0  0  0]
 [ 0  0 55  0  0  0]
 [ 0  0  0 66  0  0]
 [ 1  0  0  1 57  0]
 [ 0  0  0  0  0 51]]";0.7909547738693468;0.7415182059492963;"[[ 31  39   8  11  22   3]
 [  2 316  26  10  14   3]
 [  0  46 364  12   7   3]
 [  1  25  39 290  34   7]
 [  1   7   5  21 359   5]
 [  0  13  20   5  27 214]]";0.6853146853146853;0.626407030600573;"[[  9  24   9   9  24   5]
 [  2 131  28   3  10   3]
 [  1  32 142   7  13   6]
 [  0  10  32 151  15   3]
 [  0  11   4  13 146   5]
 [  0   7  16   3  20 107]]";336;[29 76 55 66 59 51]
554;CiteSeer;own;1;0.2;64;0.5;1;0.005;1866817562;0.9970760233918129;0.995929995929996;"[[31  0  0  0  0  0]
 [ 0 77  0  0  0  0]
 [ 0  0 56  0  0  0]
 [ 0  0  0 66  0  0]
 [ 1  0  0  0 58  0]
 [ 0  0  0  0  0 53]]";0.7898185483870968;0.742514837536596;"[[ 33  35   7   8  25   4]
 [  2 304  31  10  14   3]
 [  0  37 378  11   6   6]
 [  3  20  41 287  36   7]
 [  2  10   6  21 351   7]
 [  0  14  24   3  24 214]]";0.6943056943056943;0.6366243868303899;"[[ 10  23   8   7  26   6]
 [  3 129  28   3  10   4]
 [  1  25 151   4  14   6]
 [  0  10  31 151  16   3]
 [  2  11   5  13 144   4]
 [  0   5  19   3  16 110]]";342;[31 77 56 66 59 53]
555;CiteSeer;own;1;0.2;64;0.5;1;0.005;1866817562;0.9942528735632183;0.9936525862689773;"[[31  0  0  0  0  0]
 [ 1 79  0  0  0  0]
 [ 0  0 56  0  0  0]
 [ 0  0  0 66  0  0]
 [ 0  0  0  1 59  0]
 [ 0  0  0  0  0 55]]";0.795247724974722;0.7471041365504717;"[[ 33  35   6   8  25   4]
 [  2 305  35   6  14   4]
 [  0  37 380   9   8   3]
 [  3  20  40 280  39   8]
 [  1   7   4  18 360   6]
 [  2  10  23   4  24 215]]";0.6953046953046953;0.6397943862032065;"[[ 11  22   8   8  25   6]
 [  3 127  28   3  12   4]
 [  1  25 151   4  14   6]
 [  0  12  31 150  14   4]
 [  1  11   4  12 147   4]
 [  0   5  18   2  18 110]]";348;[31 80 56 66 60 55]
556;CiteSeer;own;1;0.2;64;0.5;1;0.005;1866817562;0.9971751412429378;0.9974104185486299;"[[31  0  0  0  0  0]
 [ 0 80  0  0  0  0]
 [ 0  0 58  0  0  0]
 [ 0  0  0 67  0  0]
 [ 0  0  0  1 61  0]
 [ 0  0  0  0  0 56]]";0.7966531440162272;0.7464523400762616;"[[ 31  36   6   7  27   4]
 [  2 305  34   5  13   4]
 [  0  36 381   9   7   4]
 [  3  24  38 279  37   8]
 [  0   8   5  19 358   6]
 [  0  12  20   4  23 217]]";0.6873126873126874;0.6297621283603423;"[[ 10  23   8   8  25   6]
 [  3 127  28   3  12   4]
 [  1  26 151   6  11   6]
 [  0  14  31 149  13   4]
 [  1  11   4  14 145   4]
 [  0   8  18   2  19 106]]";354;[31 80 58 67 62 56]
557;CiteSeer;own;1;0.2;64;0.5;1;0.005;1866817562;0.9944444444444445;0.9948615324221203;"[[32  0  0  0  0  0]
 [ 0 81  0  0  0  0]
 [ 0  1 58  0  0  0]
 [ 0  0  0 68  0  1]
 [ 0  0  0  0 63  0]
 [ 0  0  0  0  0 56]]";0.801119023397762;0.7495085322837656;"[[ 30  36   7   8  23   4]
 [  2 302  33   6  11   4]
 [  0  37 380  10   7   3]
 [  1  19  41 280  38   7]
 [  0   8   5  16 368   6]
 [  2  10  19   6  22 215]]";0.6923076923076923;0.6340344729290296;"[[ 10  23   7   7  26   7]
 [  3 126  29   3  13   3]
 [  1  25 151   6  12   6]
 [  0  13  30 151  13   4]
 [  0  12   4  11 149   3]
 [  0   8  18   4  17 106]]";360;[32 81 59 69 63 56]
558;CiteSeer;own;1;0.2;64;0.5;1;0.005;1866817562;0.9972677595628415;0.9975259772389906;"[[33  0  0  0  0  0]
 [ 0 81  0  0  0  0]
 [ 0  0 60  0  0  0]
 [ 0  0  0 70  0  0]
 [ 0  0  0  1 64  0]
 [ 0  0  0  0  0 57]]";0.8030612244897959;0.7495018037156481;"[[ 29  40  10   7  19   3]
 [  2 306  30   4  11   4]
 [  0  34 383   9   5   4]
 [  1  19  43 277  34   8]
 [  1   9   5  17 366   7]
 [  0  11  21   4  24 213]]";0.6983016983016983;0.6430490327897521;"[[ 11  23  10   7  23   6]
 [  3 129  28   2  12   3]
 [  1  24 153   6  12   5]
 [  0  11  34 151  12   3]
 [  1  13   5  11 144   5]
 [  0   5  18   3  16 111]]";366;[33 81 60 70 65 57]
559;CiteSeer;own;1;0.2;64;0.5;1;0.005;1866817562;0.9973118279569892;0.9975663913313794;"[[34  0  0  0  0  0]
 [ 0 81  0  0  0  0]
 [ 0  0 62  0  0  0]
 [ 0  0  0 69  1  0]
 [ 0  0  0  0 67  0]
 [ 0  0  0  0  0 58]]";0.804503582395087;0.7522670548692899;"[[ 30  36   8   8  22   3]
 [  4 301  32   5  12   3]
 [  0  32 385   9   6   4]
 [  1  18  43 274  35   8]
 [  0   8   6  13 370   6]
 [  0  11  21   5  23 212]]";0.6933066933066933;0.6387556491258027;"[[ 11  23   8   7  25   6]
 [  3 128  29   2  12   3]
 [  1  23 149   8  14   6]
 [  0  11  36 146  15   3]
 [  2  12   3   9 150   3]
 [  0   5  18   4  16 110]]";372;[34 81 62 70 67 58]
560;CiteSeer;own;1;0.2;64;0.5;1;0.005;1866817562;0.9947089947089947;0.9940186358362181;"[[34  0  0  0  0  0]
 [ 0 83  0  0  1  0]
 [ 1  0 62  0  0  0]
 [ 0  0  0 72  0  0]
 [ 0  0  0  0 67  0]
 [ 0  0  0  0  0 58]]";0.8074948665297741;0.7534283133214116;"[[ 29  34   8   8  23   4]
 [  4 302  32   4  11   2]
 [  0  32 384   9   6   4]
 [  1  18  42 275  35   7]
 [  0   8   4  12 372   7]
 [  0  11  21   5  23 211]]";0.6903096903096904;0.6356745912254028;"[[ 11  23   7   6  25   8]
 [  3 127  28   2  13   4]
 [  1  22 149   8  14   7]
 [  0  10  40 143  15   3]
 [  2  12   3   8 151   3]
 [  0   5  17   4  17 110]]";378;[34 84 63 72 67 58]
561;CiteSeer;own;1;0.2;64;0.5;1;0.005;1866817562;0.9895833333333334;0.9882966654534048;"[[34  0  0  0  0  0]
 [ 1 83  0  1  0  0]
 [ 1  0 63  0  1  0]
 [ 0  0  0 74  0  0]
 [ 0  0  0  0 67  0]
 [ 0  0  0  0  0 59]]";0.8027806385169928;0.7502090714196372;"[[ 29  35   8   8  22   4]
 [  3 293  32   4  11   3]
 [  0  38 381   9   6   4]
 [  1  18  41 277  36   6]
 [  0   8   4  17 367   7]
 [  0   9  20   7  22 212]]";0.6873126873126874;0.6325870832297372;"[[ 11  23   7   6  24   9]
 [  3 127  27   3  12   5]
 [  1  23 147   8  14   8]
 [  0  10  38 145  15   3]
 [  3  12   3  10 148   3]
 [  0   4  17   4  18 110]]";384;[34 85 65 74 67 59]
562;CiteSeer;own;1;0.2;64;0.5;1;0.005;1866817562;0.9897435897435898;0.9873679568805134;"[[34  0  2  0  0  0]
 [ 1 84  0  1  0  0]
 [ 0  0 65  0  0  0]
 [ 0  0  0 75  0  0]
 [ 0  0  0  0 67  0]
 [ 0  0  0  0  0 61]]";0.8016528925619835;0.7487488872138655;"[[ 30  35   8   9  25   3]
 [  1 294  32   4  14   3]
 [  0  35 386   8   6   3]
 [  3  18  41 276  34   6]
 [  1   8   5  15 357   6]
 [  2   9  21   7  22 209]]";0.6913086913086913;0.6357037097046827;"[[ 11  23   7   6  25   8]
 [  5 126  27   3  11   5]
 [  1  22 154   6  12   6]
 [  0  10  39 144  15   3]
 [  3  12   4   8 149   3]
 [  0   5  18   4  18 108]]";390;[36 86 65 75 67 61]
563;CiteSeer;own;1;0.2;64;0.5;1;0.005;1866817562;0.9924242424242424;0.9909741887188583;"[[36  1  0  0  0  0]
 [ 0 86  0  0  0  1]
 [ 1  0 65  0  0  0]
 [ 0  0  0 77  0  0]
 [ 0  0  0  0 67  0]
 [ 0  0  0  0  0 62]]";0.8067357512953368;0.7564183221429547;"[[ 31  33   8   8  23   4]
 [  1 297  30   3  14   4]
 [  0  35 381   8   5   3]
 [  2  23  34 278  34   6]
 [  0   8   5  15 356   8]
 [  1   9  24   7  18 214]]";0.7022977022977023;0.6456148308191373;"[[ 11  24   7   6  24   8]
 [  5 130  25   2  11   4]
 [  1  23 153   6  10   8]
 [  1  10  34 148  15   3]
 [  2  12   4  10 148   3]
 [  0   5  18   3  14 113]]";396;[37 87 66 77 67 62]
564;CiteSeer;own;1;0.2;64;0.5;1;0.005;1866817562;0.9950248756218906;0.9935209819420345;"[[38  1  0  0  0  0]
 [ 0 87  0  0  0  0]
 [ 1  0 66  0  0  0]
 [ 0  0  0 80  0  0]
 [ 0  0  0  0 67  0]
 [ 0  0  0  0  0 62]]";0.8071725571725572;0.7615297549297692;"[[ 34  33   9   8  18   3]
 [  3 298  28   4  12   4]
 [  0  34 381   8   6   3]
 [  0  21  40 277  34   6]
 [  1   9   5  14 351   7]
 [  2  11  24   6  18 212]]";0.7042957042957043;0.6549121919334198;"[[ 14  25   7   6  22   6]
 [  6 129  27   3  10   2]
 [  1  22 154   6  12   6]
 [  1  10  34 150  13   3]
 [  2  12   5  11 146   3]
 [  0   5  18   3  15 112]]";402;[39 87 67 80 67 62]
565;CiteSeer;own;1;0.2;64;0.5;1;0.005;1866817562;0.9901960784313726;0.9880942698506839;"[[39  0  0  0  0  0]
 [ 1 86  0  0  0  0]
 [ 2  0 65  1  0  0]
 [ 0  0  0 82  0  0]
 [ 0  0  0  0 68  0]
 [ 0  0  0  0  0 64]]";0.8107403545359749;0.757957536027119;"[[ 29  35   9   5  21   3]
 [  3 300  27   4  11   3]
 [  0  31 372  10   4  12]
 [  1  20  41 276  30   6]
 [  0   8   5  14 358   7]
 [  2  10  21   6  14 220]]";0.7102897102897103;0.6546392820434126;"[[ 12  24   6   7  24   7]
 [  7 132  23   3   9   3]
 [  0  22 153   6   9  11]
 [  1  10  34 150  12   4]
 [  1  12   5   8 150   3]
 [  0   4  18   2  15 114]]";408;[39 87 68 82 68 64]
566;CiteSeer;own;1;0.2;64;0.5;1;0.005;1866817562;0.9951690821256038;0.9935640638223081;"[[38  0  1  0  0  0]
 [ 1 86  0  0  0  0]
 [ 0  0 69  0  0  0]
 [ 0  0  0 84  0  0]
 [ 0  0  0  0 69  0]
 [ 0  0  0  0  0 66]]";0.8075313807531381;0.7538944398818278;"[[ 28  33  10   7  20   4]
 [  3 295  32   4  11   3]
 [  0  25 375   9   4  12]
 [  1  18  48 271  31   5]
 [  0   8   5  14 356   8]
 [  1   9  24   5  14 219]]";0.7102897102897103;0.6523011456975608;"[[ 11  24   8   6  23   8]
 [  6 129  26   3   9   4]
 [  0  18 160   4   9  10]
 [  1   8  39 149  10   4]
 [  1  12   5  10 148   3]
 [  0   3  19   2  15 114]]";414;[39 87 69 84 69 66]
567;CiteSeer;own;1;0.2;64;0.5;1;0.005;1866817562;0.9928571428571429;0.9903709708611405;"[[38  1  1  0  0  0]
 [ 0 87  0  0  0  0]
 [ 0  0 71  0  0  0]
 [ 0  0  0 85  0  0]
 [ 1  0  0  0 70  0]
 [ 0  0  0  0  0 66]]";0.8111227701993704;0.7539358508370005;"[[ 26  35   8   5  20   6]
 [  3 297  28   4  11   4]
 [  0  28 372  11   5   8]
 [  0  21  38 277  31   6]
 [  0   8   5  14 355   8]
 [  2  10  21   5  15 219]]";0.7112887112887113;0.6549344465489014;"[[ 12  25   6   7  23   7]
 [  5 128  26   3  10   5]
 [  0  19 159   4  10   9]
 [  1   9  32 153  12   4]
 [  4  13   4  10 145   3]
 [  0   4  15   3  16 115]]";420;[40 87 71 85 71 66]
568;CiteSeer;own;1;0.2;64;0.5;1;0.005;503786444;0.0;0.0;[[]];0.17454858125537404;0.08785812183674156;"[[  0 141   0   0  35   8]
 [  0 330   0   0  70  13]
 [  0 402   0   0  43  22]
 [  0 384   0   0  73  33]
 [  0 348   0   0  54  15]
 [  0 293   0   0  40  22]]";0.16183816183816183;0.07863006037982576;"[[  0  56   0   0  21   3]
 [  0 133   0   0  37   7]
 [  0 177   0   0  16   8]
 [  0 164   0   0  31  16]
 [  0 150   0   0  23   6]
 [  0 130   0   0  17   6]]";0;[]
569;CiteSeer;own;1;0.2;64;0.5;1;0.005;503786444;1.0;1.0;"[[1 0 0]
 [0 2 0]
 [0 0 3]]";0.1814655172413793;0.08454775487260173;"[[  0  67 115   0   0   0]
 [  0  81 312   0   0   0]
 [  0 157 331   0   0   0]
 [  0 210 266   9   0   0]
 [  0 169 248   0   0   0]
 [  0 178 177   0   0   0]]";0.16483516483516483;0.07584257630905818;"[[  0  33  46   1   0   0]
 [  0  26 151   0   0   0]
 [  0  66 135   0   0   0]
 [  0  86 121   4   0   0]
 [  0  67 112   0   0   0]
 [  0  75  78   0   0   0]]";6;[1 0 2 3]
570;CiteSeer;own;1;0.2;64;0.5;1;0.005;503786444;0.9166666666666666;0.8933333333333333;"[[2 0 0 1 0]
 [0 2 0 0 0]
 [0 0 5 0 0]
 [0 0 0 1 0]
 [0 0 0 0 1]]";0.19273984442523767;0.16110621431715072;"[[235  15  12   0  10   0]
 [308  14  64   0   6   0]
 [336  12  51   0   1   0]
 [432  21  10   7  10   0]
 [212  35  33   0 136   0]
 [315  20  15   0   1   3]]";0.13986013986013987;0.13141993051862141;"[[ 59  10   6   1   4   0]
 [137   1  38   0   1   0]
 [185   6  10   0   0   0]
 [192   7   6   4   2   0]
 [ 83  17  15   0  64   0]
 [140   9   1   0   1   2]]";12;[3 0 2 5 1 1]
571;CiteSeer;own;1;0.2;64;0.5;1;0.005;503786444;1.0;1.0;"[[4 0 0 0 0 0]
 [0 2 0 0 0 0]
 [0 0 2 0 0 0]
 [0 0 0 6 0 0]
 [0 0 0 0 2 0]
 [0 0 0 0 0 2]]";0.3613518197573657;0.3103093641462198;"[[131  83   2   0  47   4]
 [ 70 265  11   0  39  10]
 [288  59  39   0   9   0]
 [307 102   1   6  57   1]
 [ 32  38   1   0 344   4]
 [157 114   0   0  38  49]]";0.3116883116883117;0.26782839057232927;"[[ 12  30   2   1  33   2]
 [ 35 113   7   0  14   8]
 [146  38   8   0   9   0]
 [144  40   0   3  22   2]
 [ 13  11   1   0 153   1]
 [ 68  45   0   0  17  23]]";18;[4 2 2 6 2 2]
572;CiteSeer;own;1;0.2;64;0.5;1;0.005;503786444;1.0;1.0;"[[4 0 0 0 0 0]
 [0 5 0 0 0 0]
 [0 0 3 0 0 0]
 [0 0 0 7 0 0]
 [0 0 0 0 2 0]
 [0 0 0 0 0 3]]";0.3740225890529974;0.3558821601837503;"[[162  77   2   0  10   5]
 [ 86 315  14   0   2  14]
 [313  33  46   0   2   1]
 [342  89   2   5  33   2]
 [ 49 113   1   0 221   5]
 [190  43   0   0  13 112]]";0.2937062937062937;0.2902426100087144;"[[ 27  37   4   1   9   2]
 [ 44 116  10   0   0   7]
 [154  31   9   0   6   1]
 [155  36   1   4  14   1]
 [ 19  69   0   0  89   2]
 [ 84  16   0   0   4  49]]";24;[4 5 3 7 2 3]
573;CiteSeer;own;1;0.2;64;0.5;1;0.005;503786444;0.9333333333333333;0.9465608465608466;"[[5 0 0 0 0 0]
 [0 6 1 1 0 0]
 [0 0 4 0 0 0]
 [0 0 0 7 0 0]
 [0 0 0 0 3 0]
 [0 0 0 0 0 3]]";0.38109756097560976;0.3659820136097162;"[[164  79   8   0  15   6]
 [100 273  25   0   6  19]
 [288  17  62   0  21   2]
 [312  78   5   4  60   3]
 [ 34 114  19   0 218  10]
 [125  40  16   0  19 154]]";0.2947052947052947;0.3003394578187842;"[[ 17  37   8   0  17   1]
 [ 44 100  23   0   4   6]
 [159  10  14   0  17   1]
 [142  32   3   5  28   1]
 [ 13  68  16   0  80   2]
 [ 46  15   3   0  10  79]]";30;[5 8 4 7 3 3]
574;CiteSeer;own;1;0.2;64;0.5;1;0.005;503786444;1.0;1.0;"[[ 5  0  0  0  0  0]
 [ 0  8  0  0  0  0]
 [ 0  0  5  0  0  0]
 [ 0  0  0 10  0  0]
 [ 0  0  0  0  4  0]
 [ 0  0  0  0  0  4]]";0.44497816593886463;0.41772115414077726;"[[131  56   4   1  32  47]
 [ 64 261  19   3  19  54]
 [241  17  69   5  41  13]
 [239  50   7  36  99  29]
 [  9  79  10   0 255  44]
 [ 32  21   6   5  25 267]]";0.34465534465534464;0.3264529128633384;"[[  5  27   5   1  25  17]
 [ 34  94  16   3   6  24]
 [147   8  11   1  30   4]
 [110  27   2  20  42  10]
 [  2  48  15   2  99  13]
 [ 17   6   2   0  12 116]]";36;[ 5  8  5 10  4  4]
575;CiteSeer;own;1;0.2;64;0.5;1;0.005;503786444;1.0;1.0;"[[ 6  0  0  0  0  0]
 [ 0  9  0  0  0  0]
 [ 0  0  7  0  0  0]
 [ 0  0  0 12  0  0]
 [ 0  0  0  0  4  0]
 [ 0  0  0  0  0  4]]";0.46760070052539404;0.44509195027957765;"[[138  66   4   1  31  28]
 [ 55 283  28   1  11  40]
 [210  31  91   4  44  10]
 [209  62  11  49 108  20]
 [  6  80  23   0 250  35]
 [ 31  29  15   1  22 257]]";0.35064935064935066;0.33469509822473587;"[[  5  34   7   1  25   8]
 [ 32 100  20   2   7  16]
 [137  14  16   0  30   4]
 [ 85  37   5  22  57   5]
 [  2  50  20   2  97   8]
 [ 15   9   5   0  13 111]]";42;[ 6  9  7 12  4  4]
576;CiteSeer;own;1;0.2;64;0.5;1;0.005;503786444;1.0;1.0;"[[ 7  0  0  0  0  0]
 [ 0  9  0  0  0  0]
 [ 0  0  9  0  0  0]
 [ 0  0  0 14  0  0]
 [ 0  0  0  0  4  0]
 [ 0  0  0  0  0  5]]";0.480684811237928;0.4808875913890441;"[[133  34  25   3  19  26]
 [ 64 175 126   0   0  41]
 [142   8 251   7  15   8]
 [262  11  67  74  20  19]
 [ 29  56  45   1 223  39]
 [ 55   7  43   0  11 239]]";0.3826173826173826;0.39483204533065636;"[[ 16  17  22   1  16   8]
 [ 32  57  70   0   2  16]
 [ 99   5  79   5   6   7]
 [120   5  23  40  11  12]
 [ 20  37  23   1  86  12]
 [ 24   2  16   0   6 105]]";48;[ 7  9  9 14  4  5]
577;CiteSeer;own;1;0.2;64;0.5;1;0.005;503786444;1.0;1.0;"[[ 8  0  0  0  0  0]
 [ 0  9  0  0  0  0]
 [ 0  0  9  0  0  0]
 [ 0  0  0 15  0  0]
 [ 0  0  0  0  7  0]
 [ 0  0  0  0  0  6]]";0.5356514084507042;0.545461483455539;"[[146  33  23   3  24  10]
 [101 195  75   0  12  23]
 [116   9 263  12  22   3]
 [207  19  30 156  35   8]
 [ 38  53  30   2 257  15]
 [ 90   8  37   0  17 200]]";0.44155844155844154;0.45695406608065664;"[[ 26  20  11   1  21   1]
 [ 44  69  47   2   5  10]
 [ 81   6  89   7  17   1]
 [ 98   9  10  75  14   5]
 [ 17  35  21   2 100   4]
 [ 38   2  18   0  12  83]]";54;[ 8  9  9 15  7  6]
578;CiteSeer;own;1;0.2;64;0.5;1;0.005;503786444;1.0;1.0;"[[ 8  0  0  0  0  0]
 [ 0 10  0  0  0  0]
 [ 0  0 10  0  0  0]
 [ 0  0  0 17  0  0]
 [ 0  0  0  0  8  0]
 [ 0  0  0  0  0  7]]";0.5997352162400706;0.5955809569372139;"[[129  32  18   9  28  23]
 [ 57 189  94   2  18  44]
 [107   7 255  20  25  11]
 [ 84  22  34 261  40  11]
 [ 11  36  29   3 291  25]
 [ 50   6  39   2  20 234]]";0.4745254745254745;0.4666411210842187;"[[ 12  15  20   1  24   8]
 [ 29  64  56   3   7  18]
 [ 89   4  73   9  21   5]
 [ 43  10  10 119  18  11]
 [  7  32  22   3 108   7]
 [ 21   2  17   1  13  99]]";60;[ 8 10 10 17  8  7]
579;CiteSeer;own;1;0.2;64;0.5;1;0.005;503786444;0.9848484848484849;0.9873015873015873;"[[ 8  0  0  0  0  0]
 [ 0 12  0  0  0  0]
 [ 0  0 10  0  0  0]
 [ 0  0  1 17  0  0]
 [ 0  0  0  0 10  0]
 [ 0  0  0  0  0  8]]";0.5946902654867257;0.5948959638462795;"[[134  44  19   3  25  14]
 [ 70 211  79   1  11  30]
 [122  12 243  21  23   4]
 [ 90  30  30 245  47   7]
 [ 13  45  25   1 291  20]
 [ 51  18  39   0  22 220]]";0.4775224775224775;0.4750575995921342;"[[ 14  19  18   1  23   5]
 [ 27  78  49   2   6  15]
 [ 96   5  73   6  18   3]
 [ 48  18   7 107  21  10]
 [  5  37  21   1 109   6]
 [ 22   2  18   0  14  97]]";66;[ 8 12 10 18 10  8]
580;CiteSeer;own;1;0.2;64;0.5;1;0.005;503786444;0.9861111111111112;0.9882491186839012;"[[ 8  0  0  0  0  0]
 [ 0 14  0  0  0  0]
 [ 0  0 11  0  0  0]
 [ 0  0  1 18  0  0]
 [ 0  0  0  0 10  0]
 [ 0  0  0  0  0 10]]";0.6299911268855368;0.6182939547343592;"[[110  36  15  38  20  17]
 [ 37 237  53  43   3  34]
 [ 85  10 246  51  14   5]
 [ 36  17  22 337  35  10]
 [  5  55  22  25 262  22]
 [ 26  11  40  35  12 228]]";0.5114885114885115;0.48114241077197795;"[[  4  20  11  23  16   6]
 [ 22  88  36  19   1  11]
 [ 74   2  73  33  14   5]
 [ 24  10   5 149  17   6]
 [  2  38  14  16  99  10]
 [ 15   3  17  12   7  99]]";72;[ 8 14 11 19 10 10]
581;CiteSeer;own;1;0.2;64;0.5;1;0.005;503786444;1.0;1.0;"[[ 9  0  0  0  0  0]
 [ 0 15  0  0  0  0]
 [ 0  0 13  0  0  0]
 [ 0  0  0 21  0  0]
 [ 0  0  0  0 10  0]
 [ 0  0  0  0  0 10]]";0.6316725978647687;0.6204837734200088;"[[109  35  20  22  26  18]
 [ 42 235  73  20   9  27]
 [ 84   8 254  39  20  11]
 [ 37   9  34 326  42   6]
 [  9  43  42   9 262  25]
 [ 34  10  44   6  24 234]]";0.5184815184815185;0.49213970744828445;"[[  6  19  16  12  20   7]
 [ 26  90  40   7   3  11]
 [ 69   2  80  29  16   5]
 [ 24   7  11 141  21   7]
 [  5  33  21   7 103  10]
 [ 15   2  17   6  14  99]]";78;[ 9 15 13 21 10 10]
582;CiteSeer;own;1;0.2;64;0.5;1;0.005;503786444;1.0;1.0;"[[10  0  0  0  0  0]
 [ 0 17  0  0  0  0]
 [ 0  0 13  0  0  0]
 [ 0  0  0 21  0  0]
 [ 0  0  0  0 11  0]
 [ 0  0  0  0  0 12]]";0.644513826940232;0.6366916031640922;"[[124  43  15   9  27  15]
 [ 49 238  72   6  12  24]
 [ 82  10 263  24  24  13]
 [ 36  15  36 302  55   8]
 [ 11  44  30   4 277  23]
 [ 32  13  40   2  23 241]]";0.5274725274725275;0.5079563902604666;"[[ 12  22  11   3  25   7]
 [ 27  94  37   4   6   9]
 [ 65   4  86  21  20   5]
 [ 29  10  10 127  25  10]
 [ 10  32  18   1 106  12]
 [ 14   2  19   0  15 103]]";84;[10 17 13 21 11 12]
583;CiteSeer;own;1;0.2;64;0.5;1;0.005;503786444;1.0;1.0;"[[12  0  0  0  0  0]
 [ 0 18  0  0  0  0]
 [ 0  0 13  0  0  0]
 [ 0  0  0 23  0  0]
 [ 0  0  0  0 12  0]
 [ 0  0  0  0  0 12]]";0.657871198568873;0.6473652162093427;"[[124  28  16  22  23  13]
 [ 52 213  85  16  14  21]
 [ 71   9 275  23  31   8]
 [ 33  12  35 327  33   6]
 [ 12  31  26   8 296  23]
 [ 34   6  42   5  27 236]]";0.5274725274725275;0.5017586517015893;"[[ 10  19  10  13  21   7]
 [ 31  74  46   7  10   9]
 [ 62   3  91  11  29   5]
 [ 25   7   9 144  18   8]
 [  7  27  18   8 108  11]
 [ 13   3  19   0  17 101]]";90;[12 18 13 23 12 12]
584;CiteSeer;own;1;0.2;64;0.5;1;0.005;503786444;1.0;1.0;"[[12  0  0  0  0  0]
 [ 0 20  0  0  0  0]
 [ 0  0 14  0  0  0]
 [ 0  0  0 23  0  0]
 [ 0  0  0  0 14  0]
 [ 0  0  0  0  0 13]]";0.6730941704035874;0.6606951466200414;"[[124  34  12  18  24  14]
 [ 56 223  63  12  16  19]
 [ 76  12 263  26  26   8]
 [ 36  17  29 323  37   4]
 [ 11  31  13   5 329  21]
 [ 27  13  34   5  30 239]]";0.5474525474525475;0.5225135263390052;"[[ 11  21   8  12  21   7]
 [ 34  83  38   6   7   9]
 [ 68   3  87  10  27   6]
 [ 26  11   7 142  19   6]
 [  7  24   8   6 123  11]
 [ 13   3  17   0  18 102]]";96;[12 20 14 23 14 13]
585;CiteSeer;own;1;0.2;64;0.5;1;0.005;503786444;1.0;1.0;"[[14  0  0  0  0  0]
 [ 0 21  0  0  0  0]
 [ 0  0 16  0  0  0]
 [ 0  0  0 23  0  0]
 [ 0  0  0  0 14  0]
 [ 0  0  0  0  0 14]]";0.6776079136690647;0.666645444894518;"[[134  32  10  17  23  12]
 [ 74 217  59   8  17  13]
 [ 74  13 267  27  25   6]
 [ 45  15  20 319  35   7]
 [ 11  24  13   4 338  20]
 [ 30  11  32   5  35 232]]";0.5414585414585414;0.5195906412835387;"[[ 13  20   8  10  22   7]
 [ 40  80  36   5   8   8]
 [ 66   2  86  14  27   6]
 [ 30   9   7 139  19   7]
 [  8  22   7   5 127  10]
 [ 15   4  18   0  19  97]]";102;[14 21 16 23 14 14]
586;CiteSeer;own;1;0.2;64;0.5;1;0.005;503786444;1.0;1.0;"[[16  0  0  0  0  0]
 [ 0 23  0  0  0  0]
 [ 0  0 17  0  0  0]
 [ 0  0  0 23  0  0]
 [ 0  0  0  0 14  0]
 [ 0  0  0  0  0 15]]";0.6812443642921551;0.6747936204227457;"[[154  32   8   9  18  17]
 [ 76 214  61   6   5  18]
 [ 78  12 271  24  20   7]
 [ 61  17  20 301  26   8]
 [ 14  21  13   1 321  34]
 [ 34  11  30   3  23 250]]";0.5384615384615384;0.5240532746829857;"[[ 22  20   7   5  19   7]
 [ 41  75  37   2   6  16]
 [ 65   2  89  14  23   8]
 [ 38   9   7 133  17   7]
 [ 14  19   7   3 117  19]
 [ 17   3  15   0  15 103]]";108;[16 23 17 23 14 15]
587;CiteSeer;own;1;0.2;64;0.5;1;0.005;503786444;1.0;1.0;"[[17  0  0  0  0  0]
 [ 0 24  0  0  0  0]
 [ 0  0 18  0  0  0]
 [ 0  0  0 25  0  0]
 [ 0  0  0  0 14  0]
 [ 0  0  0  0  0 16]]";0.6555153707052441;0.6432675990246951;"[[ 99  17   5  66   8  16]
 [ 29 178  46  97   3  21]
 [ 23   8 210 133  15   3]
 [ 11   6  11 433  17   6]
 [  9  14   8  59 285  29]
 [ 12   5   9  64  12 245]]";0.4905094905094905;0.4565119652059497;"[[ 13  16   5  29  13   4]
 [ 23  64  29  44   2  15]
 [ 17   1  50 110  20   3]
 [ 14   4   6 169  13   5]
 [  4  15   5  45  97  13]
 [  8   3   4  31   9  98]]";114;[17 24 18 25 14 16]
588;CiteSeer;own;1;0.2;64;0.5;1;0.005;503786444;1.0;1.0;"[[17  0  0  0  0  0]
 [ 0 25  0  0  0  0]
 [ 0  0 21  0  0  0]
 [ 0  0  0 26  0  0]
 [ 0  0  0  0 14  0]
 [ 0  0  0  0  0 17]]";0.6786038077969175;0.6558801809650182;"[[ 82  37  13  13  10  26]
 [ 24 219  65  25   8  30]
 [ 31  15 228 138  12   5]
 [ 12  15  22 407  26   8]
 [  8  25  16   7 298  35]
 [ 11  11  25  17  19 263]]";0.5374625374625375;0.4979122990336573;"[[ 13  22  10  10  14  11]
 [ 19  82  38  12   6  20]
 [ 16   4  66  94  17   4]
 [ 15   9  10 155  16   6]
 [  6  20   8  10 114  21]
 [  6   5  11  11  12 108]]";120;[17 25 21 26 14 17]
589;CiteSeer;own;1;0.2;64;0.5;1;0.005;503786444;0.9920634920634921;0.9905491698595147;"[[17  0  0  0  0  0]
 [ 0 26  0  0  0  0]
 [ 0  0 22  0  0  0]
 [ 0  0  0 29  0  0]
 [ 0  0  1  0 14  0]
 [ 0  0  0  0  0 17]]";0.6754545454545454;0.6579888869001567;"[[ 82  34  19  21   7  16]
 [ 30 217  78  22  11  19]
 [ 31   9 263 149   9   4]
 [ 12  12  32 368  17   4]
 [  9  24  16   3 301  32]
 [ 12  14  34  15  19 255]]";0.5654345654345654;0.5241393364169126;"[[ 12  23  12  14  11   8]
 [ 23  82  41  11   5  15]
 [ 15   3  83  76  19   5]
 [ 14   7  12 159  13   6]
 [  8  21   8   6 119  17]
 [  8   4  13   4  13 111]]";126;[17 26 22 29 15 17]
590;CiteSeer;own;1;0.2;64;0.5;1;0.005;503786444;0.9924242424242424;0.9927632550583371;"[[18  0  0  0  0  0]
 [ 0 27  0  0  0  0]
 [ 0  0 22  0  0  0]
 [ 1  0  0 30  0  0]
 [ 0  0  0  0 15  0]
 [ 0  0  0  0  0 19]]";0.6941659070191432;0.6744308906955133;"[[ 84  38  12  19   4  21]
 [ 26 237  55  29   5  25]
 [ 45  10 269 127   7   6]
 [ 12  14  23 373  11   9]
 [ 13  29  12   2 285  43]
 [ 11  12  28  17   6 275]]";0.5704295704295704;0.5290530755413411;"[[ 13  24   8  16   7  12]
 [ 20  91  33  11   3  19]
 [ 24   5  86  64  16   6]
 [ 12  11  11 159  12   6]
 [  7  24   7   7 105  29]
 [  7   5  12   4   8 117]]";132;[18 27 22 31 15 19]
591;CiteSeer;own;1;0.2;64;0.5;1;0.005;503786444;1.0;1.0;"[[18  0  0  0  0  0]
 [ 0 30  0  0  0  0]
 [ 0  0 22  0  0  0]
 [ 0  0  0 31  0  0]
 [ 0  0  0  0 16  0]
 [ 0  0  0  0  0 21]]";0.7161791590493601;0.6928234480315304;"[[ 82  35  12  18   5  24]
 [ 28 255  50  17   8  23]
 [ 50  16 300  75   9   9]
 [ 13  17  26 357  15  10]
 [ 13  27  12   2 289  35]
 [ 10  11  30  11  10 284]]";0.5934065934065934;0.5537498709042825;"[[ 13  25   8  16   8  10]
 [ 23 101  31   7   2  13]
 [ 27  12 101  37  19   5]
 [ 15  12  13 151  14   6]
 [  7  21   7   6 111  27]
 [  7   7  13   2   7 117]]";138;[18 30 22 31 16 21]
592;CiteSeer;own;1;0.2;64;0.5;1;0.005;503786444;0.9861111111111112;0.9830910141834512;"[[18  0  0  0  0  0]
 [ 0 31  0  0  0  0]
 [ 0  0 24  0  1  0]
 [ 0  0  0 31  0  0]
 [ 0  0  0  0 16  1]
 [ 0  0  0  0  0 22]]";0.7428964252978918;0.7146413830084161;"[[ 75  31  15  14   6  28]
 [ 20 247  50  17   9  27]
 [ 35  12 366  51   8   9]
 [  9  20  30 347  14  12]
 [ 12  23  11   2 291  40]
 [  7   4  30   6   9 295]]";0.6273726273726273;0.5834908976203835;"[[ 14  22  11  13   7  13]
 [ 18 101  32   6   2  18]
 [ 20  10 124  26  13   8]
 [ 12  12  15 151  14   7]
 [  7  16   8   4 114  30]
 [  5   4  15   0   5 124]]";144;[18 31 25 31 17 22]
593;CiteSeer;own;1;0.2;64;0.5;1;0.005;503786444;0.9933333333333333;0.992314118629908;"[[17  0  1  0  0  0]
 [ 0 32  0  0  0  0]
 [ 0  0 28  0  0  0]
 [ 0  0  0 32  0  0]
 [ 0  0  0  0 18  0]
 [ 0  0  0  0  0 22]]";0.75;0.722391482834761;"[[ 72  33  28  10   7  17]
 [ 19 244  60  18   7  21]
 [ 12  10 417  35   5   5]
 [  6  22  51 327  15   8]
 [ 12  19  16   1 293  36]
 [  6   4  43   6  12 279]]";0.6463536463536463;0.5989020439983838;"[[ 13  25  15  12   8   7]
 [ 19 103  36   4   2  13]
 [ 14   5 154  15  10   3]
 [  7  12  28 143  13   8]
 [  7  16  11   5 114  26]
 [  4   4  18   0   7 120]]";150;[18 32 28 32 18 22]
594;CiteSeer;own;1;0.2;64;0.5;1;0.005;503786444;1.0;1.0;"[[18  0  0  0  0  0]
 [ 0 34  0  0  0  0]
 [ 0  0 30  0  0  0]
 [ 0  0  0 33  0  0]
 [ 0  0  0  0 19  0]
 [ 0  0  0  0  0 22]]";0.7506912442396313;0.7226737283522814;"[[ 73  33  21  18   6  16]
 [ 18 243  62  15   7  22]
 [ 14   9 418  31   5   5]
 [  6  20  51 325  16   9]
 [ 13  19  17   1 293  34]
 [  9   4  42   6  12 277]]";0.6463536463536463;0.600371073575621;"[[ 14  23  15  12   8   8]
 [ 19 101  37   4   3  13]
 [ 14   4 157  13  10   3]
 [ 11  11  27 141  13   8]
 [  5  19  11   5 117  22]
 [  5   5  18   0   8 117]]";156;[18 34 30 33 19 22]
595;CiteSeer;own;1;0.2;64;0.5;1;0.005;503786444;1.0;1.0;"[[18  0  0  0  0  0]
 [ 0 35  0  0  0  0]
 [ 0  0 32  0  0  0]
 [ 0  0  0 34  0  0]
 [ 0  0  0  0 20  0]
 [ 0  0  0  0  0 23]]";0.7569316081330869;0.7271905673224736;"[[ 72  36  18  18   6  15]
 [ 18 247  55  17   7  21]
 [ 15  10 419  26   5   6]
 [  6  18  46 332  15   8]
 [ 13  20  15   1 295  32]
 [  9   6  44   6  14 273]]";0.6463536463536463;0.5968028449431684;"[[ 12  25  11  17   9   6]
 [ 18 102  37   4   4  12]
 [ 14   5 155  14  10   3]
 [ 11  10  24 146  13   7]
 [  5  20   8   6 118  22]
 [  5   5  19   0  10 114]]";162;[18 35 32 34 20 23]
596;CiteSeer;own;1;0.2;64;0.5;1;0.005;503786444;1.0;1.0;"[[18  0  0  0  0  0]
 [ 0 36  0  0  0  0]
 [ 0  0 33  0  0  0]
 [ 0  0  0 35  0  0]
 [ 0  0  0  0 21  0]
 [ 0  0  0  0  0 25]]";0.7548656163113995;0.7216495147082617;"[[ 66  33  19  18   5  20]
 [ 21 241  58  20   6  23]
 [ 16   9 416  26   5   5]
 [  7  14  45 334  17   8]
 [ 12  19  15   1 292  35]
 [  8   6  41   6  11 280]]";0.6483516483516484;0.5974880826656461;"[[ 12  25  11  17   9   6]
 [ 16  98  34   8   3  18]
 [ 15   4 156  13  10   3]
 [ 12   8  23 148  13   7]
 [  5  18   8   6 118  24]
 [  5   5  19   0   7 117]]";168;[18 36 33 35 21 25]
597;CiteSeer;own;1;0.2;64;0.5;1;0.005;503786444;0.9942528735632183;0.9918505267342477;"[[19  0  0  0  1  0]
 [ 0 37  0  0  0  0]
 [ 0  0 33  0  0  0]
 [ 0  0  0 37  0  0]
 [ 0  0  0  0 21  0]
 [ 0  0  0  0  0 26]]";0.7630111524163569;0.734203615946516;"[[ 75  33  14  18   6  16]
 [ 20 255  41  18   9  24]
 [ 20  15 397  28   7   6]
 [  8  19  34 340  18   6]
 [ 10  21  13   1 295  34]
 [  6  11  32   9  13 280]]";0.6493506493506493;0.60061136060028;"[[ 12  26   9  17  10   6]
 [ 16 106  30   5   5  15]
 [ 20   7 145  15  11   3]
 [ 13   9  20 149  13   7]
 [  5  17   7   6 121  23]
 [  6   5  16   1   8 117]]";174;[20 37 33 37 21 26]
598;CiteSeer;own;1;0.2;64;0.5;1;0.005;503786444;0.9833333333333333;0.9793913899337997;"[[19  0  1  0  1  0]
 [ 1 37  0  0  0  0]
 [ 0  0 33  0  0  0]
 [ 0  0  0 39  0  0]
 [ 0  0  0  0 22  0]
 [ 0  0  0  0  0 27]]";0.760950605778192;0.7296980999876886;"[[ 71  33  14  18   8  17]
 [ 23 249  43  17   9  26]
 [ 18  15 396  25   7   8]
 [  8  18  33 338  18   7]
 [  9  21  11   0 302  34]
 [  6  11  36   5  15 277]]";0.6573426573426573;0.6083397116821784;"[[ 13  26   9  13  10   9]
 [ 17 105  31   5   4  15]
 [ 17   7 147  15  12   3]
 [ 12   8  20 150  13   8]
 [  5  16   6   5 125  22]
 [  4   5  17   1   8 118]]";180;[21 38 33 39 22 27]
599;CiteSeer;own;1;0.2;64;0.5;1;0.005;503786444;0.9946236559139785;0.9938808373590983;"[[22  0  1  0  0  0]
 [ 0 39  0  0  0  0]
 [ 0  0 34  0  0  0]
 [ 0  0  0 40  0  0]
 [ 0  0  0  0 22  0]
 [ 0  0  0  0  0 28]]";0.7593457943925234;0.7297238910502224;"[[ 77  37   9  14   6  18]
 [ 27 250  40  14  11  25]
 [ 19  15 387  32   7   8]
 [ 13  17  31 332  20   6]
 [ 18  15   6   0 304  33]
 [  9  10  35   5  15 275]]";0.6533466533466533;0.6097986963721743;"[[ 16  23   9  14   9   9]
 [ 19 104  29   4   5  16]
 [ 15  10 141  16  15   4]
 [ 14   9  18 148  14   8]
 [ 11  13   3   2 128  22]
 [  6   5  16   1   8 117]]";186;[23 39 34 40 22 28]
600;CiteSeer;own;1;0.2;64;0.5;1;0.005;503786444;0.9947916666666666;0.9946744129750665;"[[25  0  0  0  0  0]
 [ 0 39  0  0  0  0]
 [ 0  0 35  0  0  0]
 [ 1  0  0 40  0  0]
 [ 0  0  0  0 23  0]
 [ 0  0  0  0  0 29]]";0.7642924086223055;0.7361951122654596;"[[ 80  35  13  11   6  15]
 [ 24 256  40  10  11  23]
 [ 27  15 389  24   7   9]
 [ 14  19  31 328  19   6]
 [ 16  20   5   0 304  31]
 [  9  10  35   4  14 274]]";0.6523476523476524;0.6104441899814712;"[[ 17  23   9  14   9   8]
 [ 18 106  28   4   4  17]
 [ 18   9 141  15  14   4]
 [ 12  11  19 146  15   8]
 [ 10  13   4   4 126  22]
 [  6   6  16   1   7 117]]";192;[25 39 35 41 23 29]
601;CiteSeer;own;1;0.2;64;0.5;1;0.005;503786444;1.0;1.0;"[[26  0  0  0  0  0]
 [ 0 39  0  0  0  0]
 [ 0  0 37  0  0  0]
 [ 0  0  0 42  0  0]
 [ 0  0  0  0 24  0]
 [ 0  0  0  0  0 30]]";0.7706766917293233;0.7428719310825306;"[[ 78  33  10  13   9  15]
 [ 21 251  45  11  14  22]
 [ 16  12 400  26  10   9]
 [ 13  16  40 319  19   7]
 [ 10  23   5   0 327  17]
 [  6   8  32   4  22 265]]";0.6483516483516484;0.6043081456610037;"[[ 16  23   9  14  11   7]
 [ 16 102  34   5   5  15]
 [ 12   9 148  15  14   3]
 [ 10  10  26 143  14   8]
 [ 10  14   4   4 130  17]
 [  4   6  17   1  15 110]]";198;[26 39 37 42 24 30]
602;CiteSeer;own;1;0.2;64;0.5;1;0.005;503786444;1.0;1.0;"[[26  0  0  0  0  0]
 [ 0 41  0  0  0  0]
 [ 0  0 37  0  0  0]
 [ 0  0  0 44  0  0]
 [ 0  0  0  0 25  0]
 [ 0  0  0  0  0 31]]";0.7681432610744581;0.7404106734424977;"[[ 76  35  10  14   9  15]
 [ 21 257  46  14  14  19]
 [ 15  15 384  33   7   9]
 [ 12  16  39 321  18   6]
 [ 12  20   5   0 328  16]
 [  5   9  31   5  22 264]]";0.6533466533466533;0.6092559109179337;"[[ 16  23   9  16   9   7]
 [ 16 110  27   5   5  14]
 [ 15  10 146  16  10   4]
 [ 10  11  25 143  14   8]
 [ 10  14   3   4 130  18]
 [  4   6  16   1  17 109]]";204;[26 41 37 44 25 31]
603;CiteSeer;own;1;0.2;64;0.5;1;0.005;503786444;0.9904761904761905;0.9896969696969697;"[[27  0  0  0  0  0]
 [ 0 41  0  0  0  0]
 [ 0  0 37  0  0  0]
 [ 0  0  0 45  0  0]
 [ 0  0  0  0 26  0]
 [ 1  0  1  0  0 32]]";0.7693761814744802;0.7427742251077061;"[[ 79  38  10  12   9  15]
 [ 22 261  43   9  11  19]
 [ 15  18 390  25   8   7]
 [ 11  19  45 311  18   7]
 [ 11  20   5   0 330  19]
 [  4   8  30   5  25 257]]";0.6553446553446554;0.6128832691682792;"[[ 17  25   8  13  10   7]
 [ 17 111  27   4   5  13]
 [ 16  10 145  16  11   3]
 [ 10  11  24 143  15   8]
 [ 10  14   3   4 130  18]
 [  4   6  17   1  15 110]]";210;[27 41 37 45 26 34]
604;CiteSeer;own;1;0.2;64;0.5;1;0.005;503786444;1.0;1.0;"[[29  0  0  0  0  0]
 [ 0 42  0  0  0  0]
 [ 0  0 37  0  0  0]
 [ 0  0  0 46  0  0]
 [ 0  0  0  0 27  0]
 [ 0  0  0  0  0 35]]";0.7758293838862559;0.749318583892537;"[[ 83  32  12  11  10  16]
 [ 30 256  39  10  12  19]
 [ 16  19 388  24   4   8]
 [ 10  18  40 317  15   8]
 [ 12  13   5   0 332  22]
 [  4   5  31   5  23 261]]";0.6613386613386614;0.6190735373441303;"[[ 18  22   9  15   9   7]
 [ 20 106  26   5   5  15]
 [ 13  10 149  16  10   3]
 [ 10  16  21 144  12   8]
 [ 10  12   3   4 133  17]
 [  5   4  17   1  14 112]]";216;[29 42 37 46 27 35]
605;CiteSeer;own;1;0.2;64;0.5;1;0.005;503786444;0.9954954954954955;0.9958747135217724;"[[30  0  0  0  0  0]
 [ 0 42  0  0  0  0]
 [ 0  1 38  0  0  0]
 [ 0  0  0 47  0  0]
 [ 0  0  0  0 28  0]
 [ 0  0  0  0  0 36]]";0.780893536121673;0.75528882069171;"[[ 86  28  12  10  11  16]
 [ 35 256  36   7  11  20]
 [ 17  18 390  24   5   5]
 [  7  22  37 314  15  10]
 [  9  15   5   0 335  20]
 [  4   5  28   4  25 262]]";0.6583416583416584;0.6180167261547336;"[[ 19  18  11  13  10   9]
 [ 20 105  27   5   6  14]
 [ 14  13 144  15  11   4]
 [ 12  17  20 141  11  10]
 [  9  10   4   4 138  14]
 [  4   4  17   1  15 112]]";222;[30 42 39 47 28 36]
606;CiteSeer;own;1;0.2;64;0.5;1;0.005;503786444;1.0;1.0;"[[31  0  0  0  0  0]
 [ 0 43  0  0  0  0]
 [ 0  0 39  0  0  0]
 [ 0  0  0 49  0  0]
 [ 0  0  0  0 28  0]
 [ 0  0  0  0  0 38]]";0.7836034318398475;0.754456217153633;"[[ 78  31  11  11  11  18]
 [ 30 263  35   7  11  19]
 [ 16  18 390  24   5   5]
 [  7  25  36 319  10   9]
 [ 12  14   5   0 335  17]
 [  4   7  29   4  23 259]]";0.6603396603396603;0.6182894042012649;"[[ 18  19  11  15   9   8]
 [ 16 105  27   7   7  15]
 [ 17  11 145  15  10   3]
 [ 10  18  19 146   7  11]
 [  9  12   3   6 135  14]
 [  5   4  17   1  14 112]]";228;[31 43 39 49 28 38]
607;CiteSeer;own;1;0.2;64;0.5;1;0.005;503786444;1.0;1.0;"[[32  0  0  0  0  0]
 [ 0 44  0  0  0  0]
 [ 0  0 41  0  0  0]
 [ 0  0  0 50  0  0]
 [ 0  0  0  0 29  0]
 [ 0  0  0  0  0 38]]";0.7896749521988528;0.7610571746459257;"[[ 80  30  11  10  10  20]
 [ 30 256  35   6  12  21]
 [ 14  17 394  23   4   6]
 [  8  25  38 317  10   7]
 [ 11  14   5   0 338  15]
 [  5   3  29   2  19 267]]";0.6553446553446554;0.6141344641031895;"[[ 19  18  11  14   9   9]
 [ 18  98  28   6   7  20]
 [ 17  14 143  14   9   4]
 [  9  17  20 147   7  11]
 [  9   9   3   4 137  17]
 [  4   4  19   1  13 112]]";234;[32 44 41 50 29 38]
608;CiteSeer;own;1;0.2;64;0.5;1;0.005;503786444;0.9916666666666667;0.9926423641597485;"[[33  0  0  0  0  0]
 [ 0 45  1  0  0  0]
 [ 0  0 42  0  0  0]
 [ 0  0  1 50  0  0]
 [ 0  0  0  0 29  0]
 [ 0  0  0  0  0 39]]";0.7919463087248322;0.7645200917850438;"[[ 79  31  13  10   9  17]
 [ 24 257  35  13  11  19]
 [  8  16 400  25   3   6]
 [  7  21  41 322   7   6]
 [ 12  16   6   1 333  14]
 [  4   5  33   3  18 261]]";0.6623376623376623;0.6192944151271352;"[[ 18  19  12  15   8   8]
 [ 19  99  29   6   6  18]
 [ 12  14 148  15   9   3]
 [  7  18  21 149   5  11]
 [  9  12   3   4 136  15]
 [  4   5  18   1  12 113]]";240;[33 46 42 51 29 39]
609;CiteSeer;own;1;0.2;64;0.5;1;0.005;503786444;1.0;1.0;"[[34  0  0  0  0  0]
 [ 0 49  0  0  0  0]
 [ 0  0 42  0  0  0]
 [ 0  0  0 53  0  0]
 [ 0  0  0  0 29  0]
 [ 0  0  0  0  0 39]]";0.7884615384615384;0.7643673307546935;"[[ 83  34   9  11  10  14]
 [ 25 268  30  13   9  19]
 [ 12  24 376  25   3   6]
 [  5  22  40 324   8   6]
 [ 11  19   7   1 325  15]
 [  4   3  33   3  19 264]]";0.6543456543456544;0.6139996575276983;"[[ 18  20  11  15   8   8]
 [ 19 105  25   6   6  16]
 [ 17  20 136  15   9   4]
 [  7  18  19 151   5  11]
 [ 13  14   3   4 131  14]
 [  4   5  18   1  11 114]]";246;[34 49 42 53 29 39]
610;CiteSeer;own;1;0.2;64;0.5;1;0.005;503786444;0.996031746031746;0.9963084661879842;"[[36  0  0  0  0  0]
 [ 0 49  0  0  0  0]
 [ 0  1 41  0  0  0]
 [ 0  0  0 55  0  0]
 [ 0  0  0  0 30  0]
 [ 0  0  0  0  0 40]]";0.7844744455159113;0.7613157742426481;"[[ 89  32   9  11   7  15]
 [ 32 270  30   7   9  18]
 [ 24  22 368  18   3   6]
 [  8  20  43 313  10   9]
 [ 12  18   6   0 323  15]
 [  6   4  33   2  18 264]]";0.6533466533466533;0.6168622775970417;"[[ 20  19  12  13   8   8]
 [ 21 108  23   5   6  14]
 [ 19  21 134  15   9   3]
 [ 10  15  23 147   5  11]
 [ 13  13   4   4 131  14]
 [  5   5  17   1  11 114]]";252;[36 49 42 55 30 40]
611;CiteSeer;own;1;0.2;64;0.5;1;0.005;503786444;1.0;1.0;"[[36  0  0  0  0  0]
 [ 0 50  0  0  0  0]
 [ 0  0 44  0  0  0]
 [ 0  0  0 55  0  0]
 [ 0  0  0  0 31  0]
 [ 0  0  0  0  0 42]]";0.784816247582205;0.7619604598604456;"[[ 88  33   9  11   7  15]
 [ 30 267  28   4   8  26]
 [ 16  21 375  18   2  13]
 [  6  16  46 306  12   9]
 [ 10  21   6   0 316  20]
 [  7   5  27   2  17 271]]";0.6503496503496503;0.610629446373362;"[[ 18  20  11  15   7   9]
 [ 21 104  22   4   6  20]
 [ 17  18 137  14   8   7]
 [  9  13  27 146   5  11]
 [ 13  13   3   4 131  15]
 [  5   5  17   0  11 115]]";258;[36 50 44 55 31 42]
612;CiteSeer;own;1;0.2;64;0.5;1;0.005;503786444;1.0;1.0;"[[37  0  0  0  0  0]
 [ 0 51  0  0  0  0]
 [ 0  0 44  0  0  0]
 [ 0  0  0 56  0  0]
 [ 0  0  0  0 33  0]
 [ 0  0  0  0  0 43]]";0.7885548011639185;0.7662074484008499;"[[ 85  35   9  12   9  11]
 [ 23 274  30   5   9  22]
 [ 11  24 380  19   3   8]
 [  5  15  48 301  14   9]
 [ 10  22   6   2 320  14]
 [  5   5  29   2  20 266]]";0.6543456543456544;0.6149471296883867;"[[ 18  22  11  14   8   7]
 [ 19 108  23   5   5  17]
 [ 14  20 139  13   9   6]
 [  9  14  30 142   6  10]
 [ 13  14   3   3 134  12]
 [  5   5  17   1  11 114]]";264;[37 51 44 56 33 43]
613;CiteSeer;own;1;0.2;64;0.5;1;0.005;503786444;0.9962962962962963;0.9959972394755003;"[[38  0  0  0  0  0]
 [ 0 52  0  0  1  0]
 [ 0  0 45  0  0  0]
 [ 0  0  0 57  0  0]
 [ 0  0  0  0 34  0]
 [ 0  0  0  0  0 43]]";0.7840466926070039;0.7610567901858264;"[[ 85  34   9  12  10  10]
 [ 27 267  32   5   9  27]
 [ 12  23 378  19   4   9]
 [  5  15  46 299  15  10]
 [ 12  18   7   1 320  14]
 [  6   5  28   1  19 263]]";0.6493506493506493;0.6089967133114399;"[[ 17  22  11  14   8   8]
 [ 19 107  24   5   5  17]
 [ 14  20 136  13  11   7]
 [  9  14  30 141   6  11]
 [ 13  13   3   3 135  12]
 [  5   5  16   2  11 114]]";270;[38 53 45 57 34 43]
614;CiteSeer;own;1;0.2;64;0.5;1;0.005;503786444;0.9927536231884058;0.9927317661459639;"[[38  0  1  0  0  0]
 [ 0 53  0  0  0  0]
 [ 0  1 46  0  0  0]
 [ 0  0  0 58  0  0]
 [ 0  0  0  0 35  0]
 [ 0  0  0  0  0 44]]";0.7878048780487805;0.765369203432977;"[[ 86  33  10  12   8  10]
 [ 28 271  30   5  11  22]
 [ 10  23 381  17   4   9]
 [  4  15  52 290  15  11]
 [ 12  18   6   1 322  13]
 [  7   2  25   1  21 265]]";0.6473526473526473;0.6075579654303137;"[[ 17  23  11  14   8   7]
 [ 18 107  23   7   5  17]
 [ 14  22 135  12  12   6]
 [ 10  14  31 139   6  11]
 [ 14  13   3   2 136  11]
 [  5   4  16   2  12 114]]";276;[39 53 47 58 35 44]
615;CiteSeer;own;1;0.2;64;0.5;1;0.005;503786444;0.9893617021276596;0.9894590493855199;"[[39  0  0  0  0  0]
 [ 0 55  0  0  0  0]
 [ 1  1 47  0  0  0]
 [ 1  0  0 59  0  0]
 [ 0  0  0  0 35  0]
 [ 0  0  0  0  0 44]]";0.7847358121330724;0.7620469953774491;"[[ 85  34   9  11   8  11]
 [ 25 281  30   5   9  23]
 [ 11  24 380  17   5   6]
 [  8  15  50 286  16  10]
 [ 12  20   6   1 321  13]
 [  7   2  30   1  21 251]]";0.6453546453546454;0.6067712510899375;"[[ 17  23  11  14   8   7]
 [ 21 110  23   5   4  14]
 [ 16  22 134  12  11   6]
 [ 11  16  29 139   6  10]
 [ 14  13   3   2 135  12]
 [  6   7  16   2  11 111]]";282;[39 55 49 60 35 44]
616;CiteSeer;own;1;0.2;64;0.5;1;0.005;503786444;0.9930555555555556;0.991802413809456;"[[39  0  0  0  0  0]
 [ 0 57  0  0  0  0]
 [ 1  0 49  0  0  0]
 [ 0  0  0 61  0  0]
 [ 1  0  0  0 35  0]
 [ 0  0  0  0  0 45]]";0.7948969578017664;0.7729814577267168;"[[ 86  35   9  11   7  11]
 [ 21 297  27   4   9  12]
 [  9  24 382  18   4   6]
 [  6  17  47 288  16  10]
 [ 11  21   6   1 321  12]
 [  7  12  25   1  19 246]]";0.6503496503496503;0.6089866489721367;"[[ 16  24  11  14   8   7]
 [ 19 114  24   4   4  12]
 [ 14  20 138  12  11   6]
 [ 10  16  26 143   6  10]
 [ 14  14   3   2 133  13]
 [  6  12  15   2  11 107]]";288;[39 57 50 61 36 45]
617;CiteSeer;own;1;0.2;64;0.5;1;0.005;503786444;0.9965986394557823;0.9956680731364275;"[[39  0  0  0  0  0]
 [ 0 58  0  0  0  0]
 [ 0  0 51  0  0  0]
 [ 0  0  0 63  0  0]
 [ 1  0  0  0 37  0]
 [ 0  0  0  0  0 45]]";0.7908464566929134;0.7655176802596136;"[[ 80  35   8  12   9  13]
 [ 24 282  26   7   9  18]
 [ 12  23 379  16   5   8]
 [  6  14  46 289  17  10]
 [ 10  21   6   1 324  12]
 [  6   8  24   1  18 253]]";0.6503496503496503;0.60921368272462;"[[ 16  23  12  13   9   7]
 [ 21 109  24   6   6  11]
 [ 15  19 136  13  11   7]
 [ 10  14  26 145   6  10]
 [ 14  13   3   2 134  13]
 [  7   7  16   1  11 111]]";294;[39 58 51 63 38 45]
618;CiteSeer;own;1;0.2;64;0.5;1;0.005;503786444;1.0;1.0;"[[39  0  0  0  0  0]
 [ 0 61  0  0  0  0]
 [ 0  0 51  0  0  0]
 [ 0  0  0 65  0  0]
 [ 0  0  0  0 38  0]
 [ 0  0  0  0  0 46]]";0.7996051332675223;0.7734924500208042;"[[ 76  37   8  13  10  12]
 [ 16 291  29   9   8  11]
 [  7  25 384  18   3   5]
 [  5  16  39 293  19  10]
 [  8  18   6   1 329  12]
 [  5  14  23   2  17 247]]";0.6513486513486514;0.6078934995797775;"[[ 15  24  12  13   9   7]
 [ 18 112  24   6   7  10]
 [ 14  18 138  13  11   7]
 [  6  19  25 146   5  10]
 [ 14  13   3   2 135  12]
 [  6  14  16   1  10 106]]";300;[39 61 51 65 38 46]
619;CiteSeer;own;1;0.2;64;0.5;1;0.005;503786444;1.0;1.0;"[[40  0  0  0  0  0]
 [ 0 62  0  0  0  0]
 [ 0  0 52  0  0  0]
 [ 0  0  0 66  0  0]
 [ 0  0  0  0 39  0]
 [ 0  0  0  0  0 47]]";0.7965346534653466;0.7695776779754456;"[[ 72  36   8  13  10  13]
 [ 16 286  30   7   8  13]
 [  6  31 386  16   3   5]
 [  5  16  44 289  17  10]
 [  8  19   6   1 325  14]
 [  4  11  23   2  16 251]]";0.6593406593406593;0.6147672070784767;"[[ 15  26  12  13   8   6]
 [ 14 116  24   6   7  10]
 [ 13  18 139  13  11   7]
 [  6  19  25 146   5  10]
 [ 12  13   3   2 137  12]
 [  5  13  17   1  10 107]]";306;[40 62 52 66 39 47]
620;CiteSeer;own;1;0.2;64;0.5;1;0.005;503786444;1.0;1.0;"[[40  0  0  0  0  0]
 [ 0 64  0  0  0  0]
 [ 0  0 53  0  0  0]
 [ 0  0  0 67  0  0]
 [ 0  0  0  0 40  0]
 [ 0  0  0  0  0 48]]";0.8033763654419066;0.7766277715092502;"[[ 74  34   8  13   9  13]
 [ 15 287  29   6   9  13]
 [ 10  29 386  13   3   5]
 [  4  16  40 293  17  10]
 [  9  17   6   1 324  16]
 [  4   9  21   2  15 254]]";0.6623376623376623;0.6193907617204156;"[[ 16  25  12  13   8   6]
 [ 14 117  24   6   7   9]
 [ 14  18 138  13  11   7]
 [  6  19  25 147   5   9]
 [ 13  12   3   4 136  11]
 [  6  11  16   1  10 109]]";312;[40 64 53 67 40 48]
621;CiteSeer;own;1;0.2;64;0.5;1;0.005;503786444;0.9968553459119497;0.9972262338674552;"[[40  0  0  0  0  0]
 [ 0 65  0  0  0  0]
 [ 0  1 55  0  0  0]
 [ 0  0  0 68  0  0]
 [ 0  0  0  0 40  0]
 [ 0  0  0  0  0 49]]";0.8067729083665338;0.7790261257494825;"[[ 73  33   8  13  10  14]
 [ 14 285  27   6   8  15]
 [  9  26 394  14   3   6]
 [  4  14  42 288  17  10]
 [  8  16   6   1 326  16]
 [  4   8  19   2  15 254]]";0.6673326673326674;0.6216481956385804;"[[ 15  25  12  13   9   6]
 [ 15 115  22   5   6  14]
 [ 13  19 142   9  11   7]
 [  5  19  25 146   6  10]
 [ 12  12   3   2 137  13]
 [  5   8  16   1  10 113]]";318;[40 65 56 68 40 49]
622;CiteSeer;own;1;0.2;64;0.5;1;0.005;503786444;0.9969135802469136;0.9972639305972639;"[[41  0  0  0  0  0]
 [ 0 67  0  0  0  0]
 [ 0  1 55  0  0  0]
 [ 0  0  0 70  0  0]
 [ 0  0  0  0 41  0]
 [ 0  0  0  0  0 49]]";0.8101898101898102;0.7827744683275436;"[[ 75  33   8  13   9  12]
 [ 20 281  26   7   7  11]
 [  9  26 394  14   3   6]
 [  3  14  39 292  16   9]
 [  8  17   6   1 328  13]
 [  5  10  19   2  14 252]]";0.6683316683316683;0.6268844352174169;"[[ 18  26  10  13   7   6]
 [ 17 113  22   8   5  12]
 [ 13  19 142   9  11   7]
 [  6  17  25 148   6   9]
 [ 12  11   3   4 138  11]
 [  4  12  16   1  10 110]]";324;[41 67 56 70 41 49]
623;CiteSeer;own;1;0.2;64;0.5;1;0.005;503786444;0.996969696969697;0.9976014218909078;"[[42  0  0  0  0  0]
 [ 0 68  0  1  0  0]
 [ 0  0 58  0  0  0]
 [ 0  0  0 70  0  0]
 [ 0  0  0  0 42  0]
 [ 0  0  0  0  0 49]]";0.8101202404809619;0.78461160824821;"[[ 80  32   9  12   8  10]
 [ 25 279  25   5   6   8]
 [  9  27 395  13   3   6]
 [  3  15  40 290  15   9]
 [ 10  17   6   1 324  14]
 [  6   9  20   2  14 249]]";0.6713286713286714;0.6329647551156067;"[[ 20  26  10  12   8   4]
 [ 18 113  22   8   6  10]
 [ 14  16 146   8  11   6]
 [  8  15  29 144   6   9]
 [ 13  11   4   4 138   9]
 [  5  11  15   1  10 111]]";330;[42 69 58 70 42 49]
624;CiteSeer;own;1;0.2;64;0.5;1;0.005;503786444;1.0;1.0;"[[42  0  0  0  0  0]
 [ 0 71  0  0  0  0]
 [ 0  0 59  0  0  0]
 [ 0  0  0 71  0  0]
 [ 0  0  0  0 44  0]
 [ 0  0  0  0  0 49]]";0.8080402010050252;0.7842670327108575;"[[ 80  33   8  13   7   8]
 [ 20 278  29   5   8   7]
 [  8  26 394  14   3   7]
 [  3  17  36 291  15   9]
 [  9  18   6   1 325  17]
 [  3  16  19   2  15 240]]";0.6733266733266733;0.6326047894942621;"[[ 19  26  10  12   9   4]
 [ 18 113  22   8   8   8]
 [ 10  17 148   8  11   7]
 [  6  17  26 147   6   9]
 [ 12  12   3   4 140   8]
 [  4  16  15   1  10 107]]";336;[42 71 59 71 44 49]
625;CiteSeer;own;1;0.2;64;0.5;1;0.005;503786444;0.9941520467836257;0.9933669662063865;"[[42  0  0  0  0  0]
 [ 0 72  0  0  0  1]
 [ 0  0 61  0  0  0]
 [ 0  0  0 71  0  0]
 [ 1  0  0  0 44  0]
 [ 0  0  0  0  0 50]]";0.8014112903225806;0.7759260949507812;"[[ 77  33  10  12   7   7]
 [ 19 272  29   4  10   8]
 [ 10  28 398  12   3   5]
 [  4  16  36 287  18   9]
 [  8  18   6   1 330  14]
 [  3  17  21   2  24 226]]";0.6573426573426573;0.6151764750117107;"[[ 18  25  10  12  11   4]
 [ 17 114  21   6  10   9]
 [ 11  18 146   9  11   6]
 [  6  16  27 144   9   9]
 [ 12  11   3   4 140   9]
 [  3  22  16   1  15  96]]";342;[42 73 61 71 45 50]
626;CiteSeer;own;1;0.2;64;0.5;1;0.005;503786444;0.985632183908046;0.9852531072261249;"[[42  0  0  0  0  0]
 [ 0 74  0  0  0  0]
 [ 0  1 60  0  0  0]
 [ 0  0  0 72  0  0]
 [ 1  0  0  0 46  0]
 [ 0  2  1  0  0 49]]";0.8068756319514662;0.7813356949125442;"[[ 75  34  10  13   7   7]
 [ 14 284  29   5   8   8]
 [ 10  29 397  12   3   3]
 [  4  15  36 290  14   9]
 [  8  18   7   2 325  13]
 [  3  24  19   2  16 225]]";0.6573426573426573;0.6157725465614879;"[[ 18  28  10  13   7   4]
 [ 14 119  23   8   5   8]
 [ 10  18 147   9  11   6]
 [  5  18  27 144   6  11]
 [ 12  11   2   6 136  12]
 [  3  30  15   1  10  94]]";348;[42 74 61 72 47 52]
627;CiteSeer;own;1;0.2;64;0.5;1;0.005;503786444;0.9858757062146892;0.9861557853004091;"[[43  0  0  0  0  0]
 [ 1 74  1  0  0  0]
 [ 0  0 61  0  0  0]
 [ 0  0  0 73  0  0]
 [ 0  0  0  0 48  0]
 [ 0  2  1  0  0 50]]";0.813894523326572;0.7884659410304949;"[[ 74  34   8  13   7   9]
 [ 11 281  31   5   9  10]
 [  9  28 397  12   4   4]
 [  4  11  36 294  13   9]
 [  7  18   7   2 326  12]
 [  3  16  18   2  15 233]]";0.6653346653346653;0.6209827046856861;"[[ 17  27  10  13   8   5]
 [ 14 118  23   8   5   9]
 [ 10  16 149   9  11   6]
 [  5  14  27 149   6  10]
 [ 11  13   2   5 136  12]
 [  3  27  15   1  10  97]]";354;[43 76 61 73 48 53]
628;CiteSeer;own;1;0.2;64;0.5;1;0.005;503786444;0.9944444444444445;0.9947492430936139;"[[43  0  0  0  0  0]
 [ 0 75  1  0  0  0]
 [ 0  0 62  0  0  0]
 [ 0  0  0 74  0  0]
 [ 0  0  0  0 49  0]
 [ 0  0  1  0  0 55]]";0.8168870803662258;0.7914365463284599;"[[ 72  34   9  11   9  10]
 [ 10 279  33   3   9  10]
 [  7  28 398  12   4   3]
 [  3  13  36 291  17   6]
 [  6  17   8   2 325  13]
 [  3   8  19   2  15 241]]";0.6763236763236763;0.6293007863649062;"[[ 15  29  10  12   9   5]
 [ 15 119  23   6   6   8]
 [ 11  16 148   9  11   6]
 [  5  14  27 148   8   9]
 [ 11  12   3   4 138  11]
 [  2  14  16   1  11 109]]";360;[43 76 62 74 49 56]
629;CiteSeer;own;1;0.2;64;0.5;1;0.005;503786444;0.9890710382513661;0.9886240474170993;"[[43  0  0  0  0  1]
 [ 0 77  0  0  0  0]
 [ 0  1 61  0  0  1]
 [ 0  0  0 76  1  0]
 [ 0  0  0  0 49  0]
 [ 0  0  0  0  0 56]]";0.8096938775510204;0.7819592815830303;"[[ 70  34   9  11  10   9]
 [ 13 279  30   3   9   9]
 [ 11  28 392  12   3   7]
 [  5  10  35 287  18   9]
 [  7  17   9   2 320  14]
 [  3  10  19   2  15 239]]";0.6723276723276723;0.6258615106984761;"[[ 15  28  11  11   9   6]
 [ 17 115  23   7   6   9]
 [ 11  18 147   8  10   7]
 [  7  11  28 148   7  10]
 [ 11  12   3   4 138  11]
 [  2  14  16   1  10 110]]";366;[44 77 63 77 49 56]
630;CiteSeer;own;1;0.2;64;0.5;1;0.005;503786444;0.9919354838709677;0.9923363095238095;"[[45  0  0  0  0  0]
 [ 0 79  0  0  0  0]
 [ 0  1 63  0  0  0]
 [ 0  0  0 78  0  0]
 [ 0  0  0  0 49  0]
 [ 0  1  1  0  0 55]]";0.8162743091095189;0.7879830757960827;"[[ 69  34  10  14   8   7]
 [ 14 274  29   6   8   9]
 [  9  27 396  11   2   7]
 [  4  10  37 291  14   6]
 [  8  18   8   2 317  16]
 [  3   7  19   2  10 248]]";0.6803196803196803;0.6367829386860296;"[[ 17  27  11  13   7   5]
 [ 18 115  23   8   5   8]
 [ 10  19 146   8  10   8]
 [  7  11  28 151   5   9]
 [ 11  11   4   6 137  10]
 [  3  10  15   1   9 115]]";372;[45 79 64 78 49 57]
631;CiteSeer;own;1;0.2;64;0.5;1;0.005;503786444;0.9947089947089947;0.9944101609876882;"[[45  0  0  0  0  0]
 [ 0 80  0  0  0  0]
 [ 0  0 65  0  0  1]
 [ 1  0  0 78  0  0]
 [ 0  0  0  0 50  0]
 [ 0  0  0  0  0 58]]";0.8126283367556468;0.7853411270270972;"[[ 70  34  10  13   7   7]
 [ 19 272  31   3   8   9]
 [  6  30 384  11   4   8]
 [  4  10  35 285  15  11]
 [  8  20   8   2 321  11]
 [  4   7  18   2  10 251]]";0.6693306693306693;0.6286208803240299;"[[ 18  25  10  13  10   4]
 [ 21 113  23   5   5  10]
 [ 10  19 145   7  11   9]
 [  9  11  32 144   5  10]
 [ 14  11   3   4 138   9]
 [  5  13  13   1   9 112]]";378;[45 80 66 79 50 58]
632;CiteSeer;own;1;0.2;64;0.5;1;0.005;503786444;0.9947916666666666;0.9944981733558033;"[[45  1  0  0  0  0]
 [ 0 80  0  0  0  0]
 [ 0  0 67  0  0  1]
 [ 0  0  0 80  0  0]
 [ 0  0  0  0 51  0]
 [ 0  0  0  0  0 59]]";0.811534500514933;0.786068426553781;"[[ 70  31  10  13   9   7]
 [ 16 274  33   3   8   8]
 [  6  29 380  12   4  11]
 [  3  10  38 283  16  10]
 [  6  20   7   2 323  10]
 [  3   7  20   2  12 246]]";0.6713286713286714;0.6298545868994943;"[[ 18  25  11  13   9   4]
 [ 20 113  24   5   5  10]
 [  9  19 146   8  10   9]
 [  6  12  32 146   6   9]
 [ 12  12   2   5 139   9]
 [  3  14  15   1  10 110]]";384;[46 80 68 80 51 59]
633;CiteSeer;own;1;0.2;64;0.5;1;0.005;503786444;0.9948717948717949;0.9951846357069568;"[[46  0  0  0  0  0]
 [ 0 81  0  0  0  0]
 [ 0  1 68  0  0  0]
 [ 0  0  0 81  0  0]
 [ 0  0  0  0 52  0]
 [ 0  0  1  0  0 60]]";0.8145661157024794;0.7883949978583479;"[[ 70  31   9  13   9   9]
 [ 16 275  31   3   8   8]
 [  6  26 382  11   5   9]
 [  3  10  35 287  16   9]
 [  7  19   8   2 319  11]
 [  1   8  20   2  14 244]]";0.6733266733266733;0.6332069553239411;"[[ 19  24  11  13   9   4]
 [ 18 112  24   7   6  10]
 [ 10  19 144   8  10  10]
 [  6  12  33 144   7   9]
 [ 10  12   2   5 141   9]
 [  2  13  13   1  10 114]]";390;[46 81 69 81 52 61]
634;CiteSeer;own;1;0.2;64;0.5;1;0.005;503786444;0.9924242424242424;0.9913412217108165;"[[45  0  0  0  0  1]
 [ 0 82  0  0  0  0]
 [ 1  0 70  0  0  0]
 [ 0  0  0 82  0  0]
 [ 0  0  0  0 53  0]
 [ 0  0  1  0  0 61]]";0.8155440414507772;0.7903203572116002;"[[ 71  30  10  12   8   9]
 [ 16 274  33   3   7   8]
 [  8  26 381  11   3   9]
 [  3  10  38 284  15   9]
 [  7  19   9   1 320   9]
 [  1   9  19   2  12 244]]";0.6683316683316683;0.6289003693329615;"[[ 19  24  11  13   9   4]
 [ 18 113  25   7   6   8]
 [ 10  19 145   7  10  10]
 [  6  12  34 143   7   9]
 [ 10  13   3   5 138  10]
 [  2  15  14   1  10 111]]";396;[46 82 71 82 53 62]
635;CiteSeer;own;1;0.2;64;0.5;1;0.005;503786444;0.9950248756218906;0.9953445899568952;"[[47  0  0  0  0  0]
 [ 0 85  0  0  0  0]
 [ 0  1 70  0  0  0]
 [ 0  0  0 83  0  0]
 [ 0  0  0  0 53  0]
 [ 0  0  1  0  0 62]]";0.8191268191268192;0.7940912338879068;"[[ 71  31  11  13   6   8]
 [ 12 278  30   3   7   9]
 [  8  26 378  12   2   9]
 [  5  10  38 286  14   8]
 [  7  19   9   1 320   9]
 [  1   9  18   2  11 243]]";0.6713286713286714;0.6300785970698389;"[[ 18  25  11  13   9   4]
 [ 18 114  25   7   5   8]
 [  8  18 147  10  10   8]
 [  6  14  31 146   6   8]
 [ 11  13   3   5 137  10]
 [  3  16  13   1  10 110]]";402;[47 85 71 83 53 63]
636;CiteSeer;own;1;0.2;64;0.5;1;0.005;503786444;0.9877450980392157;0.9883820839625241;"[[47  0  0  0  0  0]
 [ 0 88  0  0  0  0]
 [ 0  1 71  0  0  1]
 [ 0  0  0 83  0  0]
 [ 0  0  0  0 54  0]
 [ 0  2  1  0  0 60]]";0.8169968717413972;0.7915546605509336;"[[ 69  32   9  13   6   9]
 [ 12 284  30   2   7  12]
 [  5  25 379  12   2   8]
 [  3   9  38 289  14   7]
 [  7  21  10   3 318  10]
 [  1  11  17   2  14 228]]";0.6663336663336663;0.6234088047686782;"[[ 17  26  11  13   9   4]
 [ 16 117  25   5   7   7]
 [  7  17 145  13   9  10]
 [  5  16  29 147   6   8]
 [ 10  12   3   6 137  11]
 [  3  22  13   1  10 104]]";408;[47 88 73 83 54 63]
637;CiteSeer;own;1;0.2;64;0.5;1;0.005;503786444;0.9927536231884058;0.9932291666666666;"[[47  0  0  0  0  0]
 [ 0 89  0  0  0  0]
 [ 0  1 71  0  0  1]
 [ 0  0  0 86  0  0]
 [ 0  0  0  0 55  0]
 [ 0  1  0  0  0 63]]";0.8211297071129707;0.7954067674525304;"[[ 70  32   9  13   6   8]
 [  9 285  30   1   9  11]
 [  7  24 374  12   3   8]
 [  5  11  37 289  13   5]
 [  8  19   8   1 320   9]
 [  4   8  18   2  12 232]]";0.6643356643356644;0.6231293947604821;"[[ 18  26  11  14   8   3]
 [ 16 116  24   5   9   7]
 [  7  18 145  13  10   8]
 [  6  14  29 148   7   7]
 [ 12  13   4   4 136  10]
 [  5  22  13   1  10 102]]";414;[47 89 73 86 55 64]
638;CiteSeer;own;1;0.2;64;0.5;1;0.005;503786444;0.9952380952380953;0.995173611111111;"[[50  0  0  0  0  0]
 [ 0 89  0  0  0  0]
 [ 0  0 74  0  0  0]
 [ 0  0  0 86  0  0]
 [ 0  0  0  0 56  0]
 [ 0  0  2  0  0 63]]";0.8242392444910808;0.8007264797832546;"[[ 73  31   8   9   7   7]
 [ 11 285  30   3   9   7]
 [  7  24 376  13   2   6]
 [  5  10  39 284  14   8]
 [  8  17   8   2 320   9]
 [  4   8  16   2  11 233]]";0.6713286713286714;0.6325389641091677;"[[ 20  25  12  11   9   3]
 [ 20 117  23   3   9   5]
 [  8  17 143  14  10   9]
 [  6  14  26 149   7   9]
 [ 11  14   4   4 138   8]
 [  5  18  14   1  10 105]]";420;[50 89 74 86 56 65]
639;CiteSeer;own;1;0.2;64;0.5;1;0.005;1256718679;0.0;0.0;[[]];0.21066208082545143;0.05800189393939395;"[[  0   0   0 184   0   0]
 [  0   0   0 413   0   0]
 [  0   0   0 467   0   0]
 [  0   0   0 490   0   0]
 [  0   0   0 417   0   0]
 [  0   0   0 355   0   0]]";0.21078921078921078;0.05803080308030803;"[[  0   0   0  80   0   0]
 [  0   0   0 177   0   0]
 [  0   0   0 201   0   0]
 [  0   0   0 211   0   0]
 [  0   0   0 179   0   0]
 [  0   0   0 153   0   0]]";0;[]
640;CiteSeer;own;1;0.2;64;0.5;1;0.005;1256718679;1.0;1.0;"[[1 0 0 0 0]
 [0 1 0 0 0]
 [0 0 1 0 0]
 [0 0 0 1 0]
 [0 0 0 0 2]]";0.24741379310344827;0.1468958372059533;"[[ 18   0 161   4   0   0]
 [ 34   1 367   9   1   0]
 [ 23   0 425  19   0   0]
 [ 68   0 298 113   8   0]
 [ 28   0 371   4  15   0]
 [ 22   0 314  13   2   2]]";0.25074925074925075;0.1476640097258106;"[[  7   0  72   1   0   0]
 [ 16   0 154   4   3   0]
 [  7   0 186   7   1   0]
 [ 25   0 131  50   5   0]
 [ 17   0 151   3   8   0]
 [  5   0 144   4   0   0]]";6;[1 1 0 1 1 2]
641;CiteSeer;own;1;0.2;64;0.5;1;0.005;1256718679;1.0;1.0;"[[2 0 0 0 0]
 [0 1 0 0 0]
 [0 0 4 0 0]
 [0 0 0 2 0]
 [0 0 0 0 3]]";0.30293863439930857;0.19499857384242916;"[[ 20   0  53   0 117   0]
 [  6   1 124   1 277   0]
 [ 50   0 227   4 184   0]
 [116   0  61  55 240   0]
 [  0   0  32   0 397   0]
 [  3   0  95   0 250   1]]";0.3016983016983017;0.18596565339161128;"[[  2   0  16   0  62   0]
 [  8   0  53   1 115   0]
 [ 22   0 111   2  66   0]
 [ 59   0  29  24  99   0]
 [  0   0  14   0 165   0]
 [  2   0  43   0 108   0]]";12;[2 1 0 4 2 3]
642;CiteSeer;own;1;0.2;64;0.5;1;0.005;1256718679;1.0;1.0;"[[3 0 0 0 0]
 [0 3 0 0 0]
 [0 0 6 0 0]
 [0 0 0 2 0]
 [0 0 0 0 4]]";0.3669844020797227;0.2605273339920823;"[[ 18   1  83  30  59   0]
 [  0   9 167 144  81   0]
 [  2   1 172 249  26   0]
 [ 23   3  78 293  92   0]
 [  0   0  65  10 354   0]
 [  0   0 155  78 114   1]]";0.34965034965034963;0.22985026890908686;"[[  1   0  34   8  37   0]
 [  0   1  72  60  44   0]
 [  1   0  78 110  12   0]
 [ 15   3  36 123  34   0]
 [  0   1  30   2 146   0]
 [  0   0  73  35  44   1]]";18;[3 3 0 6 2 4]
643;CiteSeer;own;1;0.2;64;0.5;1;0.005;1256718679;1.0;1.0;"[[5 0 0 0 0 0]
 [0 3 0 0 0 0]
 [0 0 1 0 0 0]
 [0 0 0 7 0 0]
 [0 0 0 0 3 0]
 [0 0 0 0 0 5]]";0.476107732406603;0.3915261726660768;"[[ 24   0   1  67  93   1]
 [  7   7  42 208 129   4]
 [  5   1 193 238  26   1]
 [  8   3  13 349 101   1]
 [  1   0   2  16 413   2]
 [  1   0  19  93 123 110]]";0.4435564435564436;0.34019128191433584;"[[  2   0   3  18  57   0]
 [  7   0  22  85  63   0]
 [  3   0  70 107  19   2]
 [ 14   3   4 153  37   0]
 [  0   1   1   4 172   1]
 [  1   0   5  49  51  47]]";24;[5 3 1 7 3 5]
644;CiteSeer;own;1;0.2;64;0.5;1;0.005;1256718679;1.0;1.0;"[[5 0 0 0 0 0]
 [0 4 0 0 0 0]
 [0 0 3 0 0 0]
 [0 0 0 9 0 0]
 [0 0 0 0 3 0]
 [0 0 0 0 0 6]]";0.5174216027874564;0.40523683525303306;"[[ 22   0   4  57 102   0]
 [  7  16  68 115 188   1]
 [  3   1 295 124  38   0]
 [  7   3  15 381  70   1]
 [  0   0   2  16 415   0]
 [  1   0  29  83 173  59]]";0.4885114885114885;0.3673248679753262;"[[  1   0   4  22  53   0]
 [  5   3  31  47  91   0]
 [  1   0 120  53  26   1]
 [ 12   3   7 162  27   0]
 [  0   1   1   7 169   1]
 [  0   0  10  34  75  34]]";30;[5 4 3 9 3 6]
645;CiteSeer;own;1;0.2;64;0.5;1;0.005;1256718679;0.9722222222222222;0.9760765550239235;"[[5 0 0 0 0 0]
 [0 6 0 0 0 0]
 [0 0 3 0 0 0]
 [1 0 0 9 0 0]
 [0 0 0 0 3 0]
 [0 0 0 0 0 9]]";0.6262008733624455;0.5503865964867146;"[[ 42   6  17  27  73  20]
 [ 50  47 126  35 108  26]
 [ 11   2 343  57  18  29]
 [ 14   2  31 355  59  15]
 [  3   4   2   9 394  18]
 [  3   1  19  22  49 253]]";0.6103896103896104;0.5279782978182987;"[[ 13   1   7   7  45   7]
 [ 24  17  59  16  47  14]
 [  7   0 146  23  12  13]
 [ 15   1  12 157  21   5]
 [  0   3   1   7 161   7]
 [  2   1   7   8  18 117]]";36;[ 5  6  3 10  3  9]
646;CiteSeer;own;1;0.2;64;0.5;1;0.005;1256718679;0.9761904761904762;0.980952380952381;"[[ 7  0  0  0  0  0]
 [ 0  6  0  0  0  0]
 [ 0  0  4  0  0  0]
 [ 1  0  0 10  0  0]
 [ 0  0  0  0  3  0]
 [ 0  0  0  0  0 11]]";0.6212784588441331;0.56229374674459;"[[ 51   5   7  20  57  43]
 [ 62  77  76  21  81  71]
 [ 14   4 291  46  15  85]
 [ 21   6  27 324  52  46]
 [  4   7   2   7 374  32]
 [  2   2  12   7  31 302]]";0.6103896103896104;0.5433042693357012;"[[ 15   1   5   4  39  16]
 [ 31  33  33  13  36  31]
 [  6   0 127  22  10  36]
 [ 22   4  11 145  17  12]
 [  0   2   0   6 155  16]
 [  1   1   1   2  12 136]]";42;[ 7  6  4 11  3 11]
647;CiteSeer;own;1;0.2;64;0.5;1;0.005;1256718679;0.9791666666666666;0.9737373737373737;"[[ 8  0  0  0  0  0]
 [ 0  7  1  0  0  0]
 [ 0  0  5  0  0  0]
 [ 0  0  0 12  0  0]
 [ 0  0  0  0  3  0]
 [ 0  0  0  0  0 12]]";0.6395961369622476;0.5770985534917157;"[[ 33  12  56  27  29  23]
 [ 16  85 200  27  30  25]
 [  6   5 377  50   6  16]
 [  7   4  64 377  16   9]
 [  1   9  38  15 329  31]
 [  1   2  62  20  14 256]]";0.6043956043956044;0.5292544998528753;"[[  6   2  26  14  23   9]
 [ 14  35  88  16  11  13]
 [  4   0 160  19   6  12]
 [ 12   6  24 156   9   4]
 [  0   4  23  12 134   6]
 [  0   1  22   7   9 114]]";48;[ 8  8  5 12  3 12]
648;CiteSeer;own;1;0.2;64;0.5;1;0.005;1256718679;0.9814814814814815;0.9866666666666667;"[[ 8  0  0  0  0  0]
 [ 0 12  0  0  0  0]
 [ 0  0  5  0  0  0]
 [ 0  1  0 12  0  0]
 [ 0  0  0  0  4  0]
 [ 0  0  0  0  0 12]]";0.6813380281690141;0.6097479794345958;"[[ 19  41  12  37  48  20]
 [  2 177 101  26  53  21]
 [  2  12 358  59  11  17]
 [  6  19  37 373  37   8]
 [  1  15   2   9 367  27]
 [  1  15  27  26  32 254]]";0.6453546453546454;0.5687684456336289;"[[  3   7   8  19  36   7]
 [  5  81  45  18  18  10]
 [  1   1 150  25  12  12]
 [  9  14  17 151  14   6]
 [  0   9   1  11 149   9]
 [  0   7  14   7  13 112]]";54;[ 8 12  5 13  4 12]
649;CiteSeer;own;1;0.2;64;0.5;1;0.005;1256718679;0.9833333333333333;0.9880800340570456;"[[ 9  0  0  0  0  0]
 [ 0 14  0  0  0  0]
 [ 0  0  6  0  0  0]
 [ 0  1  0 13  0  0]
 [ 0  0  0  0  5  0]
 [ 0  0  0  0  0 12]]";0.678729037952339;0.6164175640290712;"[[ 28  33  16  29  55  18]
 [  9 178 104  22  49  14]
 [  4  13 373  51  14  11]
 [  5  19  42 364  42   5]
 [  1  13   2   8 372  24]
 [  3  11  41  26  44 223]]";0.6403596403596403;0.5702113068812699;"[[  6   7  10  15  37   5]
 [ 14  72  49  13  21   8]
 [  2   2 156  19  11  11]
 [  9  15  17 151  14   5]
 [  1   8   1   8 155   6]
 [  5   9  16   7  15 101]]";60;[ 9 14  6 14  5 12]
650;CiteSeer;own;1;0.2;64;0.5;1;0.005;1256718679;0.9848484848484849;0.9895731508634734;"[[10  0  0  0  0  0]
 [ 0 15  0  1  0  0]
 [ 0  0  6  0  0  0]
 [ 0  0  0 16  0  0]
 [ 0  0  0  0  5  0]
 [ 0  0  0  0  0 13]]";0.6769911504424779;0.6243714088273814;"[[ 36  23  16  33  32  42]
 [ 14 190  60  42  33  38]
 [  3   9 375  45   4  29]
 [  5   8  41 365  21  28]
 [  2   7   5  17 289  82]
 [ 23   5  27  21  15 275]]";0.6123876123876124;0.5478452441387649;"[[  7   8   8  16  26  15]
 [ 13  74  35  20  15  20]
 [  2   5 153  17   5  19]
 [ 11   9  13 160  10   8]
 [  0   7   2  10 113  47]
 [ 15   6  15   6   5 106]]";66;[10 16  6 16  5 13]
651;CiteSeer;own;1;0.2;64;0.5;1;0.005;1256718679;0.9861111111111112;0.9907335907335907;"[[11  0  0  0  0  0]
 [ 0 18  0  0  0  0]
 [ 0  0  6  0  0  0]
 [ 0  1  0 17  0  0]
 [ 0  0  0  0  6  0]
 [ 0  0  0  0  0 13]]";0.5976042590949423;0.5658465152718015;"[[ 29  99   3  20  15  16]
 [  2 372  15   9  18  10]
 [  3 172 187  31   4  16]
 [  3 134  12 292  13  12]
 [  1  76   1   7 263  54]
 [ 18 125   4   3  11 204]]";0.5254745254745254;0.47846382409601534;"[[  2  39   4  14  17   4]
 [  3 140  14   7   9   4]
 [  2  91  76  16   3  13]
 [ 11  65   3 122   7   3]
 [  0  45   1   8  98  27]
 [  9  50   4   0   2  88]]";72;[11 18  6 18  6 13]
652;CiteSeer;own;1;0.2;64;0.5;1;0.005;1256718679;0.9743589743589743;0.9728645032992859;"[[11  0  1  0  0  0]
 [ 0 18  0  1  0  0]
 [ 0  0  7  0  0  0]
 [ 0  0  0 19  0  0]
 [ 0  0  0  0  6  0]
 [ 0  0  0  0  0 15]]";0.6374555160142349;0.5995317893133231;"[[ 33  84   8  24   5  20]
 [  3 384  27  11  11  14]
 [  4 102 241  40   3  21]
 [  5 103  14 322  11  11]
 [  2  81   4  11 223  64]
 [ 22  79  14   8   9 230]]";0.5584415584415584;0.5050349092689287;"[[  4  44   5  15   8   4]
 [  3 140  16   8   4   6]
 [  3  62  95  21   4  16]
 [  9  45   5 141   8   3]
 [  0  48   2  12  85  32]
 [  9  31  10   5   4  94]]";78;[12 19  7 19  6 15]
653;CiteSeer;own;1;0.2;64;0.5;1;0.005;1256718679;0.9880952380952381;0.991869918699187;"[[12  0  0  0  0  0]
 [ 0 20  0  1  0  0]
 [ 0  0  8  0  0  0]
 [ 0  0  0 20  0  0]
 [ 0  0  0  0  7  0]
 [ 0  0  0  0  0 16]]";0.6293487957181089;0.5849063175857178;"[[ 25  88   8  23   4  19]
 [  1 404  31   8   8  15]
 [  3 146 179  33   3  27]
 [  3 109  13 317   9  14]
 [  0  81   2   8 223  68]
 [  8  71  12   8   8 263]]";0.5454545454545454;0.48791148668468587;"[[  2  45   6  14   8   5]
 [  2 143  15   7   4   6]
 [  2  87  72  18   4  18]
 [ 11  51   4 135   7   3]
 [  0  46   2  10  84  37]
 [  3  27   6   3   4 110]]";84;[12 21  8 20  7 16]
654;CiteSeer;own;1;0.2;64;0.5;1;0.005;1256718679;1.0;1.0;"[[13  0  0  0  0  0]
 [ 0 22  0  0  0  0]
 [ 0  0  8  0  0  0]
 [ 0  0  0 21  0  0]
 [ 0  0  0  0  8  0]
 [ 0  0  0  0  0 18]]";0.6525044722719141;0.6018494689208153;"[[ 29  79   6  30   5  17]
 [  2 403  18  13  10  19]
 [  3 125 150  45   3  47]
 [  3  91  10 338  14  14]
 [  0  60   2  10 252  63]
 [  5  48  11   9  15 287]]";0.5484515484515484;0.48359695590834195;"[[  2  40   5  18  10   5]
 [  3 138  14   8   6   8]
 [  3  86  54  30   6  22]
 [  9  48   3 140   7   4]
 [  1  36   0  15  94  33]
 [  2  15   7   2   6 121]]";90;[13 22  8 21  8 18]
655;CiteSeer;own;1;0.2;64;0.5;1;0.005;1256718679;1.0;1.0;"[[14  0  0  0  0  0]
 [ 0 24  0  0  0  0]
 [ 0  0  9  0  0  0]
 [ 0  0  0 22  0  0]
 [ 0  0  0  0  8  0]
 [ 0  0  0  0  0 19]]";0.6403587443946188;0.6071090214218329;"[[ 60  71   4  25   8  18]
 [ 29 350  18  16  19  18]
 [ 22  97 129  50   2  67]
 [  8  77   9 347  12  15]
 [  3  66   2  11 249  55]
 [  1  48   8  10  13 293]]";0.5214785214785215;0.4735264346978248;"[[  9  31   6  17   9   8]
 [ 23 112  12  10  10  10]
 [ 18  74  42  34   4  29]
 [ 10  38   2 147   7   7]
 [  1  44   1  13  91  29]
 [  2  16   4   3   7 121]]";96;[14 24  9 22  8 19]
656;CiteSeer;own;1;0.2;64;0.5;1;0.005;1256718679;0.9803921568627451;0.9799014325037029;"[[14  0  1  0  0  0]
 [ 0 24  0  1  0  0]
 [ 0  0 11  0  0  0]
 [ 0  0  0 22  0  0]
 [ 0  0  0  0  9  0]
 [ 0  0  0  0  0 20]]";0.6627697841726619;0.6329302046793298;"[[ 55  33  27  19  12  32]
 [ 36 247  60  10  16  26]
 [ 15  42 311  25   2  56]
 [  6  21  73 317  11  23]
 [  4  23  25   7 224  82]
 [  1  11  35   5  12 320]]";0.5394605394605395;0.49034307248559705;"[[  6  22  23  12   7  10]
 [ 22  82  43   7   8  15]
 [ 13  25 124  11   3  25]
 [ 11  17  37 129   9   8]
 [  1  27  17   6  78  50]
 [  1   8  17   0   6 121]]";102;[15 25 11 22  9 20]
657;CiteSeer;own;1;0.2;64;0.5;1;0.005;1256718679;1.0;1.0;"[[15  0  0  0  0  0]
 [ 0 25  0  0  0  0]
 [ 0  0 12  0  0  0]
 [ 0  0  0 25  0  0]
 [ 0  0  0  0 10  0]
 [ 0  0  0  0  0 21]]";0.6812443642921551;0.6419222393743189;"[[ 46  32  25  27  13  28]
 [ 23 247  54  31  20  22]
 [ 11  27 299  43   2  48]
 [  5  15  47 373  11  20]
 [  0  21  18  17 228  81]
 [  1   8  32  13  12 318]]";0.5724275724275725;0.5133308463690605;"[[  6  21  14  18   9  12]
 [ 15  80  42  20   8  12]
 [  9  22 122  23   2  23]
 [ 10  12  15 157   9   8]
 [  1  23   8  10  87  50]
 [  1   8  14   2   7 121]]";108;[15 25 12 25 10 21]
658;CiteSeer;own;1;0.2;64;0.5;1;0.005;1256718679;1.0;1.0;"[[16  0  0  0  0  0]
 [ 0 26  0  0  0  0]
 [ 0  0 12  0  0  0]
 [ 0  0  0 26  0  0]
 [ 0  0  0  0 13  0]
 [ 0  0  0  0  0 21]]";0.6907775768535263;0.649027752062796;"[[ 45  37  17  31  14  25]
 [ 27 259  38  30  18  21]
 [ 11  30 291  54   3  42]
 [  5  17  28 392  11  17]
 [  1  23  10  31 236  70]
 [  1  11  25  26  10 305]]";0.5904095904095904;0.5373489031991691;"[[  9  21   6  26  10   8]
 [ 17  97  26  19   6  12]
 [  9  25 113  30   2  22]
 [ 10  16   9 162   8   6]
 [  1  22   5  16  92  43]
 [  1   8  14   5   7 118]]";114;[16 26 12 26 13 21]
659;CiteSeer;own;1;0.2;64;0.5;1;0.005;1256718679;0.9916666666666667;0.9939313693037626;"[[16  0  0  0  0  0]
 [ 0 28  0  1  0  0]
 [ 0  0 15  0  0  0]
 [ 0  0  0 26  0  0]
 [ 0  0  0  0 13  0]
 [ 0  0  0  0  0 21]]";0.7080689029918404;0.6662990026246001;"[[ 44  43  20  28  12  22]
 [ 13 280  45  19  14  19]
 [  5  25 314  52   3  35]
 [  4  19  35 382  13  13]
 [  2  23  13  25 238  69]
 [  1  11  31  20  10 304]]";0.6063936063936064;0.5520320397043429;"[[  9  20   9  21  11  10]
 [ 10 106  29  13   7  12]
 [  6  24 125  24   2  20]
 [ 12  11  18 153  11   6]
 [  1  21   5  13  95  44]
 [  1   8  13   5   7 119]]";120;[16 29 15 26 13 21]
660;CiteSeer;own;1;0.2;64;0.5;1;0.005;1256718679;1.0;1.0;"[[16  0  0  0  0  0]
 [ 0 30  0  0  0  0]
 [ 0  0 17  0  0  0]
 [ 0  0  0 27  0  0]
 [ 0  0  0  0 14  0]
 [ 0  0  0  0  0 22]]";0.7122727272727273;0.6674220481664114;"[[ 42  42  14  21  16  27]
 [ 23 262  48  10  18  21]
 [  6  26 329  47   3  34]
 [  5  18  37 372  13  17]
 [  2  26   6  15 258  69]
 [  1  14  20  16  18 304]]";0.6103896103896104;0.5579085326393827;"[[ 10  21  10  16  11  12]
 [ 15 102  29  10   9  12]
 [  5  21 129  24   5  17]
 [ 12  14  15 152  11   7]
 [  3  20   4   8 102  42]
 [  1   9  12   3  12 116]]";126;[16 30 17 27 14 22]
661;CiteSeer;own;1;0.2;64;0.5;1;0.005;1256718679;0.9848484848484849;0.9859294524798536;"[[17  0  0  0  0  0]
 [ 0 30  0  1  0  0]
 [ 0  0 17  0  0  1]
 [ 0  0  0 27  0  0]
 [ 0  0  0  0 16  0]
 [ 0  0  0  0  0 23]]";0.7201458523245214;0.673102235712935;"[[ 38  50   9  13  28  24]
 [ 12 271  44  10  22  21]
 [  2  25 323  33  17  36]
 [  4  19  29 354  32  19]
 [  0  22   3   9 286  67]
 [  0  16   7  13  28 308]]";0.6173826173826173;0.5604656617938292;"[[  8  20   5  13  24  10]
 [  9 110  27   8  11  12]
 [  4  22 126  18  11  20]
 [ 11  13  12 147  20   8]
 [  1  17   3   8 108  42]
 [  1   8   7   2  16 119]]";132;[17 31 18 27 16 23]
662;CiteSeer;own;1;0.2;64;0.5;1;0.005;1256718679;0.9927536231884058;0.9945119208277102;"[[18  0  0  0  0  0]
 [ 0 32  0  1  0  0]
 [ 0  0 19  0  0  0]
 [ 0  0  0 28  0  0]
 [ 0  0  0  0 17  0]
 [ 0  0  0  0  0 23]]";0.7303473491773309;0.6909367879260917;"[[ 48  45   8  13  24  22]
 [ 14 276  38   9  20  22]
 [  8  25 322  29  19  32]
 [  4  25  25 351  35  17]
 [  0  23   2   7 299  54]
 [  1  16   7  12  34 302]]";0.6223776223776224;0.5678259164224845;"[[  9  21   5  13  24   8]
 [ 10 112  25   7  13  10]
 [  6  24 125  15  14  17]
 [ 11  14  11 147  20   8]
 [  1  17   3   7 113  38]
 [  1   8   8   3  16 117]]";138;[18 33 19 28 17 23]
663;CiteSeer;own;1;0.2;64;0.5;1;0.005;1256718679;1.0;1.0;"[[20  0  0  0  0  0]
 [ 0 33  0  0  0  0]
 [ 0  0 20  0  0  0]
 [ 0  0  0 30  0  0]
 [ 0  0  0  0 17  0]
 [ 0  0  0  0  0 24]]";0.7474793767186068;0.7077460290693782;"[[ 49  36   8  17  23  23]
 [ 11 272  42  13  18  20]
 [  8  23 329  35  12  31]
 [  3  19  26 366  26  16]
 [  0  21   2  10 297  54]
 [  1  12   8  13  20 318]]";0.6333666333666333;0.5805661310010374;"[[ 11  17   5  18  21   8]
 [  9 109  30  10  11   8]
 [  5  21 132  16  10  17]
 [  9  13  13 151  19   6]
 [  1  16   3   8 113  38]
 [  1   7  10   4  13 118]]";144;[20 33 20 30 17 24]
664;CiteSeer;own;1;0.2;64;0.5;1;0.005;1256718679;0.9933333333333333;0.9949390384172992;"[[22  0  0  0  0  0]
 [ 0 34  0  1  0  0]
 [ 0  0 21  0  0  0]
 [ 0  0  0 31  0  0]
 [ 0  0  0  0 17  0]
 [ 0  0  0  0  0 24]]";0.7467830882352942;0.7090026611097456;"[[ 52  38   8  24  13  21]
 [ 13 275  37  17  14  17]
 [  8  24 326  37  11  33]
 [  3  18  25 374  19  14]
 [  2  22   4  16 278  62]
 [  2  10   8  18  13 320]]";0.6303696303696303;0.5761428251423131;"[[ 10  21   5  20  16   8]
 [  9 114  25  12   9   8]
 [  5  22 125  23   8  18]
 [  9  16  12 154  15   5]
 [  3  18   3   9 109  37]
 [  1   7  11   4  11 119]]";150;[22 35 21 31 17 24]
665;CiteSeer;own;1;0.2;64;0.5;1;0.005;1256718679;0.9871794871794872;0.9888983734054156;"[[22  0  0  1  0  0]
 [ 0 35  0  1  0  0]
 [ 0  0 21  0  0  0]
 [ 0  0  0 32  0  0]
 [ 0  0  0  0 18  0]
 [ 0  0  0  0  0 26]]";0.7456221198156682;0.7062230483475863;"[[ 48  42   7  23  11  22]
 [ 15 291  34  13  11  14]
 [  6  28 315  42   8  33]
 [  3  25  26 359  11  27]
 [  2  20   3  20 271  62]
 [  1   8   5  17  13 334]]";0.6063936063936064;0.5516917122312656;"[[  8  25   6  19  13   9]
 [  8 116  24  14   5  10]
 [  5  28 117  26   6  19]
 [  8  17  13 143  12  18]
 [  4  19   2  10 105  39]
 [  1   7   9   7  11 118]]";156;[23 36 21 32 18 26]
666;CiteSeer;own;1;0.2;64;0.5;1;0.005;1256718679;0.9753086419753086;0.9764477068824896;"[[22  0  0  1  0  0]
 [ 1 37  0  1  0  0]
 [ 0  0 23  0  0  0]
 [ 0  0  0 32  0  0]
 [ 0  1  0  0 17  0]
 [ 0  0  0  0  0 27]]";0.7453789279112755;0.702912772577843;"[[ 42  45   7  23  11  22]
 [  8 305  33  11   9  15]
 [  5  32 311  40   7  32]
 [  3  31  27 346  10  33]
 [  0  22   1  20 270  65]
 [  1   8   5  14  11 339]]";0.6073926073926074;0.5487890078826391;"[[  6  31   5  18  11   9]
 [  6 123  22  12   4  10]
 [  5  31 116  23   6  20]
 [  8  18  14 136   9  26]
 [  2  20   2  11 107  37]
 [  1   7  11   4  10 120]]";162;[23 39 23 32 18 27]
667;CiteSeer;own;1;0.2;64;0.5;1;0.005;1256718679;0.9821428571428571;0.9824193241746433;"[[23  0  0  0  0  0]
 [ 1 39  0  1  0  0]
 [ 0  0 25  0  0  0]
 [ 0  0  0 32  0  0]
 [ 0  0  0  0 19  0]
 [ 0  0  0  0  1 27]]";0.7530120481927711;0.7105081666345999;"[[ 42  46   6  20  12  21]
 [  4 313  31   8  12  15]
 [  5  35 309  36   9  30]
 [  3  31  27 349  13  26]
 [  1  21   1  16 281  64]
 [  1   7   6  16  10 331]]";0.6193806193806194;0.5597637967316552;"[[  6  34   5  15  11   9]
 [  5 126  21  12   4   9]
 [  3  35 117  19  10  17]
 [  9  19  15 136  10  22]
 [  2  18   2  13 115  29]
 [  1   8  11   3  10 120]]";168;[23 41 25 32 19 28]
668;CiteSeer;own;1;0.2;64;0.5;1;0.005;1256718679;0.9770114942528736;0.9758106923828923;"[[23  0  0  0  0  0]
 [ 0 40  0  1  0  0]
 [ 0  0 26  0  0  0]
 [ 1  0  0 33  0  0]
 [ 0  0  0  0 20  1]
 [ 0  0  0  0  1 28]]";0.7574349442379182;0.7094951919723945;"[[ 37  44   8  20  11  21]
 [  3 317  28   8  12  15]
 [  5  36 306  37   8  31]
 [  8  30  27 352  11  24]
 [  1  20   1  13 285  62]
 [  1  10   6  13   8 333]]";0.6183816183816184;0.5563099150856485;"[[  5  34   5  14  12  10]
 [  5 126  21  12   4   9]
 [  3  35 115  21  10  17]
 [  9  18  14 137  11  22]
 [  3  18   3  11 114  30]
 [  1   7  11   3   9 122]]";174;[23 41 26 34 21 29]
669;CiteSeer;own;1;0.2;64;0.5;1;0.005;1256718679;0.9833333333333333;0.9832601499483284;"[[24  0  0  0  0  0]
 [ 0 41  0  1  0  0]
 [ 0  0 27  0  0  0]
 [ 1  0  0 35  0  0]
 [ 0  0  0  0 21  1]
 [ 0  0  0  0  0 29]]";0.7469711090400746;0.6990001007012666;"[[ 35  43   9  14  19  20]
 [  2 311  35  10  13  15]
 [  3  37 308  45   9  27]
 [  8  29  27 333  16  22]
 [  0  22   1  15 293  52]
 [  1   9  10  17  13 323]]";0.6263736263736264;0.5631364920983212;"[[  5  31   6  14  13  11]
 [  5 126  23  10   5   8]
 [  2  34 122  16  10  17]
 [  9  19  15 135  13  20]
 [  3  17   2  10 116  31]
 [  1   6  11   3   9 123]]";180;[24 42 27 36 22 29]
670;CiteSeer;own;1;0.2;64;0.5;1;0.005;1256718679;0.9731182795698925;0.9735057471264369;"[[24  0  0  0  0  0]
 [ 1 42  0  1  0  0]
 [ 0  1 28  0  1  0]
 [ 1  0  0 35  0  0]
 [ 0  0  0  0 22  0]
 [ 0  0  0  0  0 30]]";0.7462616822429906;0.6974621072862394;"[[ 35  46   8  11  20  22]
 [  1 322  28   6  11  15]
 [  6  41 301  45  10  28]
 [  8  33  25 323  21  22]
 [  0  24   1  15 287  53]
 [  2  12   6  12  11 329]]";0.6263736263736264;0.5635120099747072;"[[  5  34   5  12  12  12]
 [  5 130  20   9   5   8]
 [  3  35 119  17  10  17]
 [  9  21  16 133  14  18]
 [  3  17   2   8 117  32]
 [  1   7  11   3   8 123]]";186;[24 44 30 36 22 30]
671;CiteSeer;own;1;0.2;64;0.5;1;0.005;1256718679;0.9739583333333334;0.9764045989852441;"[[24  0  0  0  0  0]
 [ 0 44  1  0  0  0]
 [ 0  0 29  1  0  0]
 [ 0  1  1 37  0  0]
 [ 0  0  0  0 22  0]
 [ 0  0  1  0  0 31]]";0.746954076850984;0.6996480360780737;"[[ 35  41  13  18   9  24]
 [  2 307  38   8   8  18]
 [  5  33 318  43   4  27]
 [  5  28  34 333  12  20]
 [  1  19   4  19 277  58]
 [  1   9  17  15   7 324]]";0.6273726273726273;0.5660299201632539;"[[  6  31   6  14  11  12]
 [  4 122  26  11   4  10]
 [  2  27 135  14   6  17]
 [  9  20  18 135  11  18]
 [  5  17   4  13 107  33]
 [  1   7  12   3   7 123]]";192;[24 45 30 39 22 32]
672;CiteSeer;own;1;0.2;64;0.5;1;0.005;1256718679;0.9848484848484849;0.985906043109433;"[[24  0  0  0  0  0]
 [ 0 45  1  0  0  0]
 [ 0  0 28  2  0  0]
 [ 0  0  0 43  0  0]
 [ 0  0  0  0 23  0]
 [ 0  0  0  0  0 32]]";0.7429511278195489;0.6950769184029865;"[[ 34  37  11  23   8  27]
 [  3 299  38  15   7  18]
 [  3  30 312  49   1  30]
 [  5  23  32 337  10  27]
 [  1  18   1  19 266  73]
 [  1   8  11  12   6 333]]";0.6263736263736264;0.5644355157807825;"[[  6  31   6  16  10  11]
 [  4 120  25  14   4  10]
 [  2  27 128  17   5  22]
 [  8  17  15 143   9  19]
 [  4  14   4   9 105  43]
 [  1   7  10   3   7 125]]";198;[24 46 30 43 23 32]
673;CiteSeer;own;1;0.2;64;0.5;1;0.005;1256718679;0.9803921568627451;0.9833319614218491;"[[25  0  0  0  0  0]
 [ 0 44  1  2  0  0]
 [ 0  0 29  1  0  0]
 [ 0  0  0 43  0  0]
 [ 0  0  0  0 24  0]
 [ 0  0  0  0  0 35]]";0.7488218661639963;0.7007700313859315;"[[ 35  41   8  22  10  27]
 [  3 295  33  13  12  14]
 [  4  32 310  46   4  28]
 [  3  23  31 334  13  30]
 [  0  19   1  16 279  68]
 [  1   9   4  10   8 336]]";0.6353646353646354;0.5746326031091791;"[[  7  29   6  16  11  11]
 [  7 116  24  12   7  11]
 [  2  30 122  22   7  18]
 [  6  15  13 148  11  18]
 [  1  14   2   6 116  40]
 [  1   6   9   3   7 127]]";204;[25 47 30 43 24 35]
674;CiteSeer;own;1;0.2;64;0.5;1;0.005;1256718679;0.9761904761904762;0.9760212748057756;"[[25  0  0  0  0  0]
 [ 0 46  1  1  0  0]
 [ 1  0 31  1  0  0]
 [ 0  0  0 43  0  0]
 [ 0  0  0  0 24  1]
 [ 0  0  0  0  0 36]]";0.7504725897920604;0.7028671015264685;"[[ 35  44  12  17  11  26]
 [  1 291  34  12  14  15]
 [  1  30 330  41   2  29]
 [  3  24  35 324  12  29]
 [  0  19   2  15 276  68]
 [  0   6  10   9   7 332]]";0.6433566433566433;0.5763174431841965;"[[  5  31   7  16  10  11]
 [  4 117  26  11   9  10]
 [  2  27 136  11   6  19]
 [  6  16  15 145  11  18]
 [  1  14   3   6 114  41]
 [  1   6  10   3   6 127]]";210;[25 48 33 43 25 36]
675;CiteSeer;own;1;0.2;64;0.5;1;0.005;1256718679;0.9814814814814815;0.9821437678853678;"[[27  0  0  0  0  0]
 [ 0 47  0  1  0  0]
 [ 0  0 32  2  0  0]
 [ 0  0  0 44  0  0]
 [ 0  0  1  0 26  0]
 [ 0  0  0  0  0 36]]";0.7573459715639811;0.710441418867632;"[[ 37  49  11  15   9  24]
 [  2 293  31  11  13  15]
 [  2  30 334  35   4  27]
 [  3  28  37 318  12  26]
 [  2  18   2  14 284  60]
 [  1   6  10   8   7 332]]";0.6433566433566433;0.5797876287340186;"[[  6  31   7  16  11   9]
 [  4 120  25   9   9  10]
 [  2  28 135  11   7  18]
 [  7  20  16 139  12  17]
 [  2  13   3   6 119  36]
 [  1   6  12   2   7 125]]";216;[27 48 34 44 27 36]
676;CiteSeer;own;1;0.2;64;0.5;1;0.005;1256718679;0.9819819819819819;0.982749436270563;"[[27  0  0  0  0  0]
 [ 0 49  0  1  0  0]
 [ 0  0 34  2  0  0]
 [ 0  0  0 44  0  0]
 [ 0  0  1  0 27  0]
 [ 0  0  0  0  0 37]]";0.7614068441064639;0.7136161949154052;"[[ 37  47   8  15  10  28]
 [  2 292  27  11  13  18]
 [  1  30 338  28   4  25]
 [  3  25  29 307  24  26]
 [  2  18   2  14 287  63]
 [  1   7   8   8   5 341]]";0.6393606393606394;0.5763191499170164;"[[  6  29   7  15  11  12]
 [  4 120  25   8  11   9]
 [  2  27 136  10   9  17]
 [  7  20  18 127  17  22]
 [  3  12   3   5 123  33]
 [  1   7   9   2   6 128]]";222;[27 50 36 44 28 37]
677;CiteSeer;own;1;0.2;64;0.5;1;0.005;1256718679;0.9868421052631579;0.9861235626839452;"[[27  0  0  0  0  1]
 [ 0 51  0  1  0  0]
 [ 0  0 35  0  1  0]
 [ 0  0  0 46  0  0]
 [ 0  0  0  0 28  0]
 [ 0  0  0  0  0 38]]";0.771210676835081;0.7257331016239444;"[[ 41  45   8  18  10  24]
 [  1 290  33  13   9  13]
 [  3  28 341  29   3  21]
 [  5  21  29 313  22  22]
 [  3  18   2  15 291  57]
 [  1   6   8   8   5 342]]";0.6473526473526473;0.5951102366169824;"[[ 11  25   8  15  10  11]
 [  7 119  24  11   8   8]
 [  3  27 138  11   9  13]
 [  7  19  18 133  17  17]
 [  3  14   3   6 123  30]
 [  1   8  11   3   6 124]]";228;[28 52 36 46 28 38]
678;CiteSeer;own;1;0.2;64;0.5;1;0.005;1256718679;0.9829059829059829;0.9837320062977958;"[[29  0  0  0  0  0]
 [ 0 51  0  1  0  0]
 [ 0  1 36  0  1  0]
 [ 0  0  1 47  0  0]
 [ 0  0  0  0 28  0]
 [ 0  0  0  0  0 39]]";0.767208413001912;0.7203040308199541;"[[ 40  42   8  20   8  25]
 [  4 272  41  12   9  13]
 [  3  28 348  28   2  24]
 [  5  21  29 315  19  22]
 [  6  15   3  17 283  55]
 [  1   7   8   7   5 347]]";0.6453546453546454;0.5986212425551467;"[[ 14  23   8  16   9  10]
 [ 10 119  23  11   7   7]
 [  3  25 138  11   9  15]
 [  7  20  18 133  16  17]
 [  9  10   3   6 116  35]
 [  1   8   9   3   6 126]]";234;[29 52 38 48 28 39]
679;CiteSeer;own;1;0.2;64;0.5;1;0.005;1256718679;0.9916666666666667;0.9916828807977828;"[[31  0  0  0  0  0]
 [ 0 54  0  0  0  0]
 [ 0  0 39  0  0  0]
 [ 0  1  0 47  0  0]
 [ 0  0  1  0 28  0]
 [ 0  0  0  0  0 39]]";0.7660594439117929;0.7200562603759995;"[[ 40  40  16  17   6  21]
 [  4 268  48  10   9  12]
 [  1  24 359  25   2  21]
 [  6  23  35 308  18  21]
 [  5  18   4  16 278  56]
 [  1   6  11   7   5 345]]";0.6443556443556444;0.5848982005642746;"[[  8  27  10  15  10  10]
 [  6 118  30  10   6   7]
 [  2  17 148  11   9  14]
 [  6  19  20 135  16  15]
 [  9  12   4   6 112  36]
 [  1   7  12   3   6 124]]";240;[31 54 39 48 29 39]
680;CiteSeer;own;1;0.2;64;0.5;1;0.005;1256718679;0.991869918699187;0.9919383110699442;"[[31  0  0  0  0  0]
 [ 0 54  0  1  0  0]
 [ 0  0 40  0  0  0]
 [ 0  0  0 50  0  0]
 [ 0  0  1  0 29  0]
 [ 0  0  0  0  0 40]]";0.7735576923076923;0.7270753223074529;"[[ 40  40  12  17   7  23]
 [  4 268  47  14   9  12]
 [  1  22 356  25   4  18]
 [  5  18  32 318  17  20]
 [  3  17   4  16 278  58]
 [  1   5   7   7   6 349]]";0.6453546453546454;0.585499881960059;"[[  8  24  10  17   8  13]
 [  7 115  30  11   6   8]
 [  2  15 149  11   9  15]
 [  5  16  20 137  16  17]
 [ 10  11   5   6 112  35]
 [  1   6  12   3   6 125]]";246;[31 55 40 50 30 40]
681;CiteSeer;own;1;0.2;64;0.5;1;0.005;1256718679;0.9920634920634921;0.9921048812734349;"[[31  0  0  0  0  0]
 [ 0 56  0  1  0  0]
 [ 0  0 41  0  0  0]
 [ 0  0  0 52  0  0]
 [ 0  0  1  0 29  0]
 [ 0  0  0  0  0 41]]";0.7719382835101254;0.7250969702845896;"[[ 40  46   9  15   7  22]
 [  6 271  40  13  10  13]
 [  2  27 352  27   2  18]
 [  6  20  31 317  16  18]
 [  3  20   2  17 276  58]
 [  1   6   6   8   4 345]]";0.6503496503496503;0.5922517378564;"[[  9  25   8  17   8  13]
 [  8 120  21  13   7   8]
 [  2  13 150  15   9  12]
 [  6  17  20 137  16  15]
 [ 12  11   4   6 111  35]
 [  1   7  13   2   6 124]]";252;[31 57 41 52 30 41]
682;CiteSeer;own;1;0.2;64;0.5;1;0.005;1256718679;0.9922480620155039;0.9919682245911289;"[[31  0  0  0  0  0]
 [ 0 57  0  0  0  0]
 [ 0  0 42  0  1  0]
 [ 0  0  0 54  0  0]
 [ 0  0  0  0 32  0]
 [ 0  1  0  0  0 40]]";0.7761121856866537;0.729686655735916;"[[ 40  47   8  15   8  21]
 [  5 276  37  11  11   9]
 [  1  35 348  26   3  14]
 [  4  16  33 320  20  17]
 [  3  17   1  16 280  57]
 [  1  10   4   7   6 341]]";0.6503496503496503;0.5899290402332015;"[[  8  28   7  15  13   9]
 [  6 122  22  12   7   8]
 [  2  16 148  15   9  11]
 [  6  17  18 139  16  15]
 [ 10  12   3   5 113  36]
 [  1   9  12   2   8 121]]";258;[31 57 43 54 32 41]
683;CiteSeer;own;1;0.2;64;0.5;1;0.005;1256718679;0.9848484848484849;0.9844882285809738;"[[31  1  0  0  0  0]
 [ 0 56  0  1  0  0]
 [ 0  0 43  0  1  0]
 [ 1  0  0 55  0  0]
 [ 0  0  0  0 33  0]
 [ 0  0  0  0  0 42]]";0.7744907856450048;0.7291709615914806;"[[ 40  43   8  15   8  24]
 [  4 273  37  11  11  13]
 [  0  34 346  29   3  14]
 [  2  13  31 325  21  19]
 [  3  15   1  19 274  58]
 [  1   9   4   9   6 339]]";0.6553446553446554;0.5916447241789823;"[[  7  27   7  14  12  13]
 [  5 121  21  13   8   9]
 [  2  16 147  16   9  11]
 [  5  15  18 142  16  15]
 [  7  11   3   5 117  36]
 [  1   8  12   2   8 122]]";264;[32 57 44 56 33 42]
684;CiteSeer;own;1;0.2;64;0.5;1;0.005;1256718679;0.9888888888888889;0.9895159974346422;"[[33  0  0  0  0  0]
 [ 0 57  0  1  0  0]
 [ 0  0 45  0  0  0]
 [ 0  0  1 56  0  0]
 [ 0  0  1  0 33  0]
 [ 0  0  0  0  0 43]]";0.7738326848249028;0.728734801299194;"[[ 40  41   8  14   9  24]
 [  5 274  35  10  11  12]
 [  1  35 347  27   3  15]
 [  2  14  31 318  23  22]
 [  3  14   1  17 277  60]
 [  1   9   5   7   6 335]]";0.6513486513486514;0.5948428364510706;"[[ 10  26   7  13  12  12]
 [  8 116  22  12  10   9]
 [  2  16 149  14   9  11]
 [  6  15  19 140  16  15]
 [ 10  11   3   5 115  35]
 [  1   9  11   2   8 122]]";270;[33 58 45 57 34 43]
685;CiteSeer;own;1;0.2;64;0.5;1;0.005;1256718679;0.9927536231884058;0.9918803627539052;"[[33  0  0  1  0  0]
 [ 0 60  0  0  0  0]
 [ 0  0 46  0  0  0]
 [ 0  0  0 58  0  0]
 [ 0  0  1  0 34  0]
 [ 0  0  0  0  0 43]]";0.775609756097561;0.7319201437766871;"[[ 41  42   8  12   9  22]
 [  4 272  39   9  11  12]
 [  1  32 350  27   3  14]
 [  3  13  34 317  23  18]
 [  3  14   1  17 278  58]
 [  1   8   8   8   6 332]]";0.6493506493506493;0.5909521270296946;"[[  9  29   7  11  15   9]
 [  8 116  23  11  10   9]
 [  2  15 150  14   9  11]
 [  6  15  20 139  16  15]
 [  8  11   3   5 117  35]
 [  1   9  14   2   8 119]]";276;[34 60 46 58 35 43]
686;CiteSeer;own;1;0.2;64;0.5;1;0.005;1256718679;0.9929078014184397;0.9919420326847453;"[[33  0  0  1  0  0]
 [ 0 62  0  0  0  0]
 [ 0  0 47  0  0  0]
 [ 0  0  0 59  0  0]
 [ 0  0  1  0 34  0]
 [ 0  0  0  0  0 45]]";0.7725048923679061;0.7315745960672303;"[[ 43  42   7  11   9  21]
 [  2 271  34   8  11  12]
 [  2  35 354  25   3  14]
 [  3  15  34 312  23  19]
 [  3  15   1  18 262  66]
 [  0   9   8   7   8 337]]";0.6463536463536463;0.5903808042854786;"[[ 10  28   7  11  12  12]
 [ 10 114  25  10   9   9]
 [  2  14 151  14   9  11]
 [  6  16  20 137  15  17]
 [  8  11   3   5 116  36]
 [  1   9  15   2   7 119]]";282;[34 62 47 59 35 45]
687;CiteSeer;own;1;0.2;64;0.5;1;0.005;1256718679;0.9895833333333334;0.9895887199851958;"[[35  0  0  1  0  0]
 [ 0 61  0  1  0  0]
 [ 0  0 47  0  1  0]
 [ 0  0  0 60  0  0]
 [ 0  0  0  0 37  0]
 [ 0  0  0  0  0 45]]";0.7693817468105987;0.7286563586177494;"[[ 44  40   8  11   8  20]
 [  5 261  38  11  11  12]
 [  2  34 356  25   2  14]
 [  3  15  34 311  20  22]
 [  6  14   2  17 260  64]
 [  1  10   8   8   5 336]]";0.6393606393606394;0.5847683204570193;"[[ 10  28   7  12  10  13]
 [ 15 111  24  12   6   9]
 [  3  14 149  14  10  11]
 [  6  16  20 138  15  16]
 [ 10  10   3   5 115  36]
 [  2  10  14   3   7 117]]";288;[36 62 48 60 37 45]
688;CiteSeer;own;1;0.2;64;0.5;1;0.005;1256718679;0.9931972789115646;0.9934137623624447;"[[37  0  0  0  0  0]
 [ 0 63  0  1  0  0]
 [ 0  0 47  0  1  0]
 [ 0  0  0 61  0  0]
 [ 0  0  0  0 38  0]
 [ 0  0  0  0  0 46]]";0.7770669291338582;0.7368290615920744;"[[ 43  40   7  11   8  19]
 [  4 271  38   6  10   9]
 [  1  33 356  22   5  14]
 [  3  17  35 306  20  21]
 [  4  14   2  14 268  63]
 [  0  12  11   6   4 335]]";0.6293706293706294;0.573623965528276;"[[  9  29   7  11  11  13]
 [ 10 111  27  11  10   8]
 [  4  15 148  13  10  11]
 [  6  18  22 133  16  16]
 [  9  10   4   5 112  39]
 [  2  10  14   2   8 117]]";294;[37 64 48 61 38 46]
689;CiteSeer;own;1;0.2;64;0.5;1;0.005;1256718679;0.9966666666666667;0.9960595647193585;"[[37  0  0  0  0  0]
 [ 0 67  0  0  0  0]
 [ 0  0 48  0  0  0]
 [ 0  0  0 61  0  0]
 [ 0  0  1  0 37  0]
 [ 0  0  0  0  0 49]]";0.782329713721619;0.7437283745915076;"[[ 45  41   6  12   7  17]
 [  4 273  34   7  10   9]
 [  1  28 360  23   4  14]
 [  3  17  36 305  20  20]
 [  3  14   3  14 268  61]
 [  1  10  15   4   3 334]]";0.6303696303696303;0.5740670392697959;"[[  9  29   6  12  10  14]
 [  9 112  26  11  11   8]
 [  3  13 150  14   9  12]
 [  6  19  21 134  14  17]
 [ 11  10   4   5 109  40]
 [  1   9  17   2   7 117]]";300;[37 67 48 61 38 49]
690;CiteSeer;own;1;0.2;64;0.5;1;0.005;1256718679;0.9869281045751634;0.9871001719018597;"[[37  0  0  0  0  0]
 [ 0 67  0  1  0  0]
 [ 0  0 49  0  0  0]
 [ 1  0  1 61  0  0]
 [ 0  0  1  0 39  0]
 [ 0  0  0  0  0 49]]";0.7826732673267327;0.7445336163918204;"[[ 45  41   6  12   8  16]
 [  3 267  36   9  11   9]
 [  0  26 360  24   5  14]
 [  2  17  34 311  21  18]
 [  3  13   2  17 265  60]
 [  1   9  15   4   3 333]]";0.6383616383616384;0.5813483021565659;"[[  9  27   7  12  11  14]
 [  8 114  24  13  10   8]
 [  4  13 147  16   9  12]
 [  7  18  18 139  14  15]
 [  9  11   3   6 112  38]
 [  1   9  16   2   7 118]]";306;[37 68 49 63 40 49]
691;CiteSeer;own;1;0.2;64;0.5;1;0.005;1256718679;0.9935897435897436;0.993812467951607;"[[38  0  0  0  0  0]
 [ 0 68  0  1  0  0]
 [ 0  0 48  0  1  0]
 [ 0  0  0 64  0  0]
 [ 0  0  0  0 42  0]
 [ 0  0  0  0  0 50]]";0.7864945382323734;0.7480650962463796;"[[ 45  40   6  12   8  15]
 [  4 268  33   8  13   9]
 [  0  26 360  24   6  13]
 [  2  16  34 312  22  16]
 [  4  13   2  17 278  53]
 [  1   9  11   4   9 321]]";0.6463536463536463;0.5916158366446019;"[[ 10  28   6  12  13  11]
 [ 12 113  24  12   8   8]
 [  4  13 147  16  10  11]
 [  7  19  17 141  14  13]
 [ 14  11   3   5 117  29]
 [  1   8  15   2   8 119]]";312;[38 69 49 64 42 50]
692;CiteSeer;own;1;0.2;64;0.5;1;0.005;1256718679;0.9905660377358491;0.9910251061690362;"[[38  0  0  0  0  0]
 [ 0 70  0  1  0  0]
 [ 0  0 50  0  0  0]
 [ 0  0  1 64  0  0]
 [ 0  0  1  0 42  0]
 [ 0  0  0  0  0 51]]";0.7908366533864541;0.7498370826880306;"[[ 42  42   5   8  12  17]
 [  2 275  31   7  12  10]
 [  0  28 356  21   5  12]
 [  2  18  33 307  25  17]
 [  2  15   4  13 286  47]
 [  1   8  10   4   9 322]]";0.6473526473526473;0.5878335825733677;"[[  8  29   6  11  14  12]
 [  9 115  22  13   9   9]
 [  3  15 146  16  12   9]
 [  6  19  17 140  16  13]
 [  9  12   3   4 120  31]
 [  1   8  15   2   8 119]]";318;[38 71 50 65 43 51]
693;CiteSeer;own;1;0.2;64;0.5;1;0.005;1256718679;0.9845679012345679;0.9845542800541743;"[[39  0  0  0  0  0]
 [ 1 70  0  1  0  0]
 [ 0  0 51  0  0  0]
 [ 0  0  0 63  2  0]
 [ 0  0  1  0 44  0]
 [ 0  0  0  0  0 52]]";0.7927072927072927;0.7544577810316383;"[[ 44  40   6   8  11  14]
 [  1 272  30   5  14  11]
 [  0  29 357  19   6  12]
 [  2  19  32 296  30  17]
 [  2  16   4  10 302  47]
 [  3   3  10   4  10 316]]";0.6433566433566433;0.5845386125077149;"[[  8  28   7   9  17  11]
 [ 10 112  22  11  13   9]
 [  3  16 146  15  12   9]
 [  5  18  19 134  21  14]
 [  9  12   2   1 126  29]
 [  2   7  16   1   9 118]]";324;[39 72 51 65 45 52]
694;CiteSeer;own;1;0.2;64;0.5;1;0.005;1256718679;0.9848484848484849;0.9854034293849803;"[[40  1  0  0  0  0]
 [ 0 70  0  1  0  1]
 [ 0  0 51  0  1  0]
 [ 0  0  0 66  0  1]
 [ 0  0  0  0 46  0]
 [ 0  0  0  0  0 52]]";0.7960921843687375;0.7603114899608355;"[[ 46  35   8   7  12  13]
 [  1 267  32   5  17   9]
 [  0  24 361  19   6  13]
 [  2  17  33 295  33  15]
 [  2  14   4   9 305  46]
 [  3   3  10   5  10 315]]";0.6443556443556444;0.5869837968842885;"[[  9  27   6  10  17  11]
 [  9 109  24  10  15  10]
 [  3  13 150  15  12   8]
 [  5  17  19 133  23  14]
 [  9  11   3   2 127  27]
 [  3   7  16   1   9 117]]";330;[41 72 52 67 46 52]
695;CiteSeer;own;1;0.2;64;0.5;1;0.005;1256718679;0.9940476190476191;0.9943220113368122;"[[42  0  0  0  0  0]
 [ 0 72  0  1  0  0]
 [ 0  0 53  0  1  0]
 [ 0  0  0 68  0  0]
 [ 0  0  0  0 47  0]
 [ 0  0  0  0  0 52]]";0.7949748743718593;0.7558989294909603;"[[ 42  42   6   6  11  13]
 [  1 282  33   4  14   7]
 [  0  27 354  21   5  14]
 [  2  17  30 304  31  11]
 [  2  14   4   9 303  48]
 [  2  10  11   3  10 297]]";0.6543456543456544;0.5954934892183797;"[[  8  31   6   9  14  12]
 [ 10 116  25   9  15   2]
 [  3  16 145  14  12  11]
 [  6  18  18 141  21   7]
 [ 11  12   2   2 126  26]
 [  2   9  14   1   8 119]]";336;[42 73 54 68 47 52]
696;CiteSeer;own;1;0.2;64;0.5;1;0.005;1256718679;0.9853801169590644;0.9842243034998401;"[[43  0  0  0  0  1]
 [ 0 73  0  0  0  0]
 [ 0  0 56  0  0  0]
 [ 0  1  0 68  0  0]
 [ 1  0  1  1 45  0]
 [ 0  0  0  0  0 52]]";0.7983870967741935;0.7644821843180694;"[[ 47  41   7   8  10   8]
 [  1 277  36   6  15   3]
 [  0  28 354  19   5  13]
 [  2  15  30 314  25  10]
 [  2  14   4  12 300  44]
 [  2  13  10   7  10 292]]";0.6503496503496503;0.5977201063957064;"[[ 11  30   6   9  17   7]
 [ 12 110  26  11  16   2]
 [  3  13 150  13  12  10]
 [  6  20  20 140  19   6]
 [ 13  10   2   2 124  28]
 [  3  12  13   1   8 116]]";342;[44 73 56 69 48 52]
697;CiteSeer;own;1;0.2;64;0.5;1;0.005;1256718679;0.985632183908046;0.9844462712255021;"[[44  0  0  0  0  1]
 [ 0 74  0  0  0  0]
 [ 0  0 55  0  1  1]
 [ 0  0  0 70  0  0]
 [ 0  0  0  1 48  0]
 [ 0  0  1  0  0 52]]";0.8018200202224469;0.7706981983410836;"[[ 53  37   7   8  10   8]
 [  7 271  30   7  18   4]
 [  0  25 356  19   4  14]
 [  4  16  31 312  23   9]
 [  0  12   4  13 305  42]
 [  3  11   7   7  12 289]]";0.6563436563436563;0.6050715892188389;"[[ 12  26   5  10  19   8]
 [ 18 107  25  10  15   2]
 [  4  15 147  13  11  11]
 [  7  19  19 145  16   5]
 [ 11  10   2   2 128  26]
 [  2  12  12   1   8 118]]";348;[45 74 57 70 49 53]
698;CiteSeer;own;1;0.2;64;0.5;1;0.005;1256718679;0.9915254237288136;0.9912386756148915;"[[45  0  0  0  0  1]
 [ 0 74  0  1  0  0]
 [ 0  0 57  0  0  0]
 [ 0  0  0 72  0  0]
 [ 0  0  1  0 49  0]
 [ 0  0  0  0  0 54]]";0.7976673427991886;0.7640030403836665;"[[ 50  39   7   8   9   9]
 [  7 271  29   8  16   5]
 [  0  28 353  19   4  14]
 [  6  18  29 309  21  10]
 [  1  12   4  12 308  43]
 [  1  11   7   8  14 282]]";0.6533466533466533;0.6018265112588567;"[[ 12  26   6  11  17   8]
 [ 17 106  24  10  14   6]
 [  4  14 147  13  11  12]
 [  8  17  21 143  16   6]
 [ 11   9   2   2 128  27]
 [  2  11  12   1   9 118]]";354;[46 75 57 72 50 54]
699;CiteSeer;own;1;0.2;64;0.5;1;0.005;1256718679;0.9888888888888889;0.989502190460617;"[[46  0  0  0  0  0]
 [ 0 76  0  1  0  0]
 [ 0  0 57  1  0  0]
 [ 0  0  0 73  0  0]
 [ 0  0  1  0 50  0]
 [ 0  0  0  1  0 54]]";0.8001017293997965;0.7665321438358141;"[[ 50  39   7   8   9   9]
 [  6 269  32   6  15   6]
 [  0  27 355  18   5  13]
 [  7  18  30 306  21   9]
 [  0  11   5  11 310  41]
 [  1  11   8   8  12 283]]";0.6583416583416584;0.6060410569113911;"[[ 12  24   7   9  18  10]
 [ 15 109  24  10  14   5]
 [  4  16 145  13  11  12]
 [  8  17  19 146  16   5]
 [  9   9   2   1 131  27]
 [  2  10  15   1   9 116]]";360;[46 77 58 73 51 55]
700;CiteSeer;own;1;0.2;64;0.5;1;0.005;1256718679;0.994535519125683;0.994781418172957;"[[47  0  0  0  0  0]
 [ 0 79  0  0  0  0]
 [ 0  0 57  0  1  0]
 [ 0  1  0 73  0  0]
 [ 0  0  0  0 52  0]
 [ 0  0  0  0  0 56]]";0.8061224489795918;0.7720186149473208;"[[ 49  41   7   8   8   9]
 [  3 275  30   6  15   6]
 [  0  29 354  17   2  12]
 [  6  17  31 305  21   9]
 [  0  15   4  10 310  35]
 [  2  12   8   4  13 287]]";0.6623376623376623;0.6087288730588968;"[[ 11  28   8   9  14  10]
 [ 12 113  24  10  13   5]
 [  3  16 145  13  12  12]
 [  9  19  20 143  16   4]
 [  9  11   3   1 134  21]
 [  2  10  14   1   9 117]]";366;[47 79 58 74 52 56]
701;CiteSeer;own;1;0.2;64;0.5;1;0.005;1256718679;0.9919354838709677;0.9923727917344363;"[[47  0  0  0  0  0]
 [ 0 81  0  0  0  0]
 [ 0  0 58  0  0  0]
 [ 0  1  1 74  0  0]
 [ 0  0  1  0 53  0]
 [ 0  0  0  0  0 56]]";0.8019447287615148;0.7691300599124927;"[[ 49  42   7   8   8   8]
 [  2 279  28   5  13  12]
 [  0  34 339  17   1  12]
 [  6  17  30 307  23   8]
 [  0  17   5  10 305  33]
 [  2  12  10   4  13 288]]";0.6653346653346653;0.6139381364716537;"[[ 12  29   8   9  13   9]
 [ 12 117  23   9  11   5]
 [  3  18 145  13  11  11]
 [  9  20  20 142  16   4]
 [ 10  11   3   4 133  18]
 [  2  10  13   1  10 117]]";372;[47 81 58 76 54 56]
702;CiteSeer;own;1;0.2;64;0.5;1;0.005;1256718679;0.9867724867724867;0.9872947832035907;"[[48  0  0  0  0  0]
 [ 0 80  0  1  0  0]
 [ 0  2 58  0  0  0]
 [ 0  0  0 77  0  0]
 [ 0  0  1  0 53  0]
 [ 0  0  1  0  0 57]]";0.7997946611909651;0.7690917120320385;"[[ 50  40   9   8   8   7]
 [  2 279  31   5  13   7]
 [  0  36 339  18   0  13]
 [  5  15  31 308  20  10]
 [  0  16   5  12 302  40]
 [  1  15   9   4  10 280]]";0.6663336663336663;0.6126856732793554;"[[ 11  29   8   9  14   9]
 [ 11 118  25   9  11   3]
 [  3  16 147  13  11  11]
 [  8  19  19 144  16   5]
 [ 10  12   3   4 132  18]
 [  2  10  17   2   7 115]]";378;[48 81 60 77 54 58]
703;CiteSeer;own;1;0.2;64;0.5;1;0.005;1256718679;0.9869791666666666;0.986601170108581;"[[50  0  0  0  0  0]
 [ 0 81  0  1  0  0]
 [ 0  1 59  0  0  0]
 [ 0  0  0 79  0  0]
 [ 1  0  1  0 53  0]
 [ 0  0  1  0  0 57]]";0.8043254376930999;0.7740805497552018;"[[ 52  36   9   8   8   8]
 [  4 276  35   3  12   6]
 [  0  33 341  18   0  11]
 [  4  13  32 311  25   9]
 [  3  14   4   7 304  37]
 [  1  13  10   4  13 278]]";0.6723276723276723;0.618199656275811;"[[ 12  25   7   9  18   9]
 [ 11 115  28   8  10   5]
 [  3  13 153  12  11   9]
 [  6  13  19 149  18   6]
 [ 10  11   3   4 132  19]
 [  2   9  19   1  10 112]]";384;[50 82 60 79 55 58]
704;CiteSeer;own;1;0.2;64;0.5;1;0.005;1256718679;0.9897435897435898;0.9891302428833583;"[[50  0  0  0  0  0]
 [ 0 83  0  1  0  0]
 [ 0  0 61  0  0  1]
 [ 0  0  0 81  0  0]
 [ 1  0  1  0 53  0]
 [ 0  0  0  0  0 58]]";0.8052685950413223;0.7731113465580863;"[[ 50  37   6   9   7   8]
 [  3 278  35   5  11   5]
 [  0  30 344  18   1  10]
 [  5  13  31 314  25  11]
 [  4  16   5   7 292  37]
 [  3  12   9   4  10 281]]";0.6743256743256744;0.6228407508451203;"[[ 13  26   8   9  15   9]
 [ 11 115  27  10   9   5]
 [  4  13 152  13  10   9]
 [  8  16  18 147  16   6]
 [ 12  11   3   5 131  17]
 [  3   9  15   1   8 117]]";390;[50 84 62 81 55 58]
705;CiteSeer;own;1;0.2;64;0.5;1;0.005;1256718679;0.9949494949494949;0.9952109512080489;"[[50  0  0  0  0  0]
 [ 0 85  0  1  0  0]
 [ 0  0 61  0  1  0]
 [ 0  0  0 82  0  0]
 [ 0  0  0  0 57  0]
 [ 0  0  0  0  0 59]]";0.8082901554404145;0.774482838596346;"[[ 50  37   6   9   7   8]
 [  4 277  34   4  11   5]
 [  2  21 349  17   4  10]
 [  5  13  31 314  24  11]
 [  2  14   4   7 292  40]
 [  5  12  10   4   9 278]]";0.6753246753246753;0.62541975417454;"[[ 14  28   7   9  13   9]
 [ 12 114  28   8  10   5]
 [  3  13 153  13  10   9]
 [  9  15  18 147  16   6]
 [ 13  10   3   5 130  18]
 [  3   9  15   0   8 118]]";396;[50 86 62 82 57 59]
706;CiteSeer;own;1;0.2;64;0.5;1;0.005;1256718679;0.9925373134328358;0.9922347773590894;"[[50  0  0  0  0  0]
 [ 0 87  0  1  0  0]
 [ 0  0 63  0  0  0]
 [ 0  0  0 83  0  0]
 [ 0  0  1  0 56  0]
 [ 1  0  0  0  0 60]]";0.8118503118503119;0.7784792971440431;"[[ 48  39   6   9   7   7]
 [  3 278  33   4  11   4]
 [  0  23 348  20   3  10]
 [  5  15  32 311  24   8]
 [  1  16   4   6 293  38]
 [  2  12  10   4   6 284]]";0.6773226773226774;0.62413203042523;"[[ 12  31   7   9  12   9]
 [ 11 116  28   8  10   4]
 [  3  13 153  13  10   9]
 [  9  15  18 147  16   6]
 [ 12  12   2   5 131  17]
 [  2   9  16   1   6 119]]";402;[50 88 63 83 57 61]
707;CiteSeer;own;1;0.2;64;0.5;1;0.005;1256718679;0.9901960784313726;0.9900989027199029;"[[50  0  0  0  0  0]
 [ 0 89  0  1  0  0]
 [ 0  1 62  0  0  0]
 [ 0  0  0 83  0  0]
 [ 0  0  1  0 59  0]
 [ 1  0  0  0  0 61]]";0.8133472367049009;0.7799814782618427;"[[ 48  39   5   9   8   7]
 [  3 283  29   3  13   3]
 [  0  24 346  18   3  11]
 [  5  16  29 310  24   9]
 [  2  16   3   5 294  42]
 [  0  13   9   4   6 279]]";0.6873126873126874;0.6330310429171003;"[[ 12  29   8   9  14   8]
 [ 11 119  25   8  11   3]
 [  3  13 153  13  11   8]
 [  8  16  17 149  16   5]
 [  9  12   2   5 134  17]
 [  2   9  13   1   7 121]]";408;[50 90 63 83 60 62]
708;CiteSeer;own;1;0.2;64;0.5;1;0.005;1256718679;0.9927536231884058;0.9928484439009475;"[[49  1  0  0  0  0]
 [ 0 92  0  1  0  0]
 [ 0  0 63  0  1  0]
 [ 0  0  0 84  0  0]
 [ 0  0  0  0 60  0]
 [ 0  0  0  0  0 63]]";0.8138075313807531;0.7796195977445769;"[[ 47  40   5   9   8   7]
 [  2 281  29   3  12   3]
 [  0  24 347  18   3  11]
 [  5  17  29 309  23   9]
 [  2  16   3   5 294  42]
 [  0  13   9   4   5 278]]";0.6923076923076923;0.6352501092162899;"[[ 11  30   8   9  14   8]
 [ 10 120  25   9  11   2]
 [  3  10 155  13  11   9]
 [  8  14  18 150  16   5]
 [  8  12   2   4 136  17]
 [  2  10  13   1   6 121]]";414;[50 93 64 84 60 63]
709;CiteSeer;own;1;0.2;64;0.5;1;0.005;1256718679;0.9952380952380953;0.9955051646618979;"[[50  0  0  0  0  0]
 [ 0 92  0  1  0  0]
 [ 0  0 66  0  0  0]
 [ 0  0  0 86  0  0]
 [ 0  0  1  0 60  0]
 [ 0  0  0  0  0 64]]";0.8147953830010494;0.780356160798271;"[[ 46  40   5   9   8   7]
 [  2 280  28   5  12   3]
 [  0  25 345  22   3  10]
 [  3  11  29 315  20   9]
 [  2  15   3   7 292  44]
 [  0  13   9   4   5 275]]";0.6903096903096904;0.6335349485055383;"[[ 11  30   7   9  15   8]
 [ 11 118  25   9  12   2]
 [  3  11 156  11  11   9]
 [  8  13  21 150  14   5]
 [  9  12   2   4 135  17]
 [  2  10  13   1   6 121]]";420;[50 93 66 86 61 64]
710;CiteSeer;own;1;0.2;64;0.5;1;0.005;1078341212;0.0;0.0;[[]];0.15262252794496992;0.04413775954245928;"[[  0   0   0   0   0 184]
 [  0   0   0   0   0 413]
 [  0   0   0   0   0 467]
 [  0   0   0   0   0 490]
 [  0   0   0   0   0 417]
 [  0   0   0   0   0 355]]";0.15284715284715283;0.04419410745233968;"[[  0   0   0   0   0  80]
 [  0   0   0   0   0 177]
 [  0   0   0   0   0 201]
 [  0   0   0   0   0 211]
 [  0   0   0   0   0 179]
 [  0   0   0   0   0 153]]";0;[]
711;CiteSeer;own;1;0.2;64;0.5;1;0.005;1078341212;0.8333333333333334;0.7333333333333333;"[[2 0 0 0 0]
 [0 0 0 0 0]
 [0 1 1 0 0]
 [0 0 0 1 0]
 [0 0 0 0 1]]";0.17844827586206896;0.05220202856112207;"[[  1 182   0   0   0   0]
 [  0 413   0   0   0   0]
 [  0 467   0   0   0   0]
 [  0 487   0   0   0   0]
 [  0 416   0   0   0   0]
 [  0 354   0   0   0   0]]";0.17882117882117882;0.05399236583544385;"[[  0  80   0   0   0   0]
 [  0 177   0   0   0   0]
 [  1 200   0   0   0   0]
 [  0 210   0   1   0   0]
 [  1 178   0   0   0   0]
 [  0 152   0   0   0   1]]";6;[2 0 0 2 1 1]
712;CiteSeer;own;1;0.2;64;0.5;1;0.005;1078341212;0.8333333333333334;0.6984126984126983;"[[3 1 0 0 0 0]
 [0 0 0 0 0 0]
 [0 0 1 0 0 0]
 [0 0 1 1 0 0]
 [0 0 0 0 4 0]
 [0 0 0 0 0 1]]";0.35738980121002595;0.23670101196845406;"[[ 69  12 125   0   5   0]
 [ 31   3 327   0   1   0]
 [  1   1 546   0   4   0]
 [ 13   4 420   0  24   0]
 [108   7  64   0 209   0]
 [ 26   4 280   0  30   0]]";0.29270729270729273;0.1880777255299548;"[[ 14   7  53   0   6   0]
 [ 13   0 164   0   0   0]
 [  0   0 194   0   7   0]
 [  9   4 187   0  11   0]
 [ 62   8  25   0  84   0]
 [ 17   4 118   0  13   1]]";12;[4 0 1 2 4 1]
713;CiteSeer;own;1;0.2;64;0.5;1;0.005;1078341212;0.8888888888888888;0.82;"[[4 0 0 0 0]
 [0 1 0 0 0]
 [0 1 1 1 0]
 [0 0 0 7 0]
 [0 0 0 0 3]]";0.45883882149046795;0.38951889404798573;"[[ 38  59  55   0  11  33]
 [ 18  83 225   0   1  34]
 [  0  32 504   0   5   9]
 [ 13 164 225   8  25  24]
 [ 18  75  12   0 195  78]
 [  3  55  62   1  12 231]]";0.4015984015984016;0.34847694647458544;"[[ 11  33  25   0   5   6]
 [  8  41 116   0   0  12]
 [  0  18 170   0   7   6]
 [  7  58 120   5  13   8]
 [ 20  35   5   0  79  40]
 [  2  27  23   0   5  96]]";18;[4 0 1 3 7 3]
714;CiteSeer;own;1;0.2;64;0.5;1;0.005;1078341212;0.9166666666666666;0.9151960784313725;"[[4 0 0 0 0 0]
 [0 1 0 0 0 0]
 [0 0 2 0 0 0]
 [0 0 1 3 1 0]
 [0 0 0 0 8 0]
 [0 0 0 0 0 4]]";0.5169417897480452;0.4504515256805905;"[[ 37  26  91   7  18  16]
 [ 10  33 272  18   2  24]
 [  0   2 536   3   7   3]
 [  4   5 287 107  39  15]
 [ 13  23  28   1 254  58]
 [  2  15  99   2  22 223]]";0.46153846153846156;0.4108146546517464;"[[ 11   9  42   3  11   4]
 [  4  19 135   7   3   9]
 [  0   0 188   1   9   3]
 [  3  10 131  49  14   4]
 [ 14  15  19   1 102  28]
 [  2  10  38   0  10  93]]";24;[4 1 2 5 8 4]
715;CiteSeer;own;1;0.2;64;0.5;1;0.005;1078341212;0.9333333333333333;0.934920634920635;"[[ 4  0  0  0  0  0]
 [ 0  1  0  0  0  0]
 [ 0  0  3  0  0  0]
 [ 0  0  1  4  1  0]
 [ 0  0  0  0 10  0]
 [ 0  0  0  0  0  6]]";0.5182926829268293;0.4030140929276415;"[[ 32   1  63   0  47  46]
 [  7   2 244   2  44  53]
 [  0   0 518   2  16  11]
 [  9   0 242  64 111  24]
 [  8   0  20   0 289  71]
 [  0   0  46   1  38 285]]";0.4565434565434565;0.3567965415062533;"[[  7   0  28   0  35  10]
 [  5   1 122   0  24  25]
 [  0   0 178   0  14   9]
 [  5   0 119  33  46   8]
 [ 11   0   6   0 130  32]
 [  2   0  22   0  21 108]]";30;[ 4  1  3  6 10  6]
716;CiteSeer;own;1;0.2;64;0.5;1;0.005;1078341212;0.9444444444444444;0.9584500466853408;"[[ 5  0  0  0  0  0]
 [ 0  2  0  0  0  0]
 [ 0  0  3  0  0  0]
 [ 0  0  0  6  1  1]
 [ 0  0  0  0 10  0]
 [ 0  0  0  0  0  8]]";0.5406113537117904;0.44830715848155517;"[[ 40   3  49   2  66  28]
 [  9  27 200   1  76  42]
 [  1   0 502   3  26  14]
 [  5   0 201  83 130  29]
 [  8   2  11   1 313  49]
 [  0   0  41   1  54 273]]";0.4785214785214785;0.3912089900895673;"[[  7   1  24   1  35  12]
 [  6  13  99   0  42  17]
 [  0   0 174   1  18   8]
 [  2   0  92  43  57  17]
 [  9   4   5   1 135  25]
 [  2   0  15   0  29 107]]";36;[ 5  2  3  8 10  8]
717;CiteSeer;own;1;0.2;64;0.5;1;0.005;1078341212;0.9761904761904762;0.9784075573549257;"[[ 6  0  0  0  0  0]
 [ 0  3  0  0  0  0]
 [ 0  0  4  0  0  0]
 [ 1  0  0  9  0  0]
 [ 0  0  0  0 10  0]
 [ 0  0  0  0  0  9]]";0.5788091068301225;0.5152318788856743;"[[100   2  49   2  18  26]
 [ 72  24 209   1  15  33]
 [  6   0 506   6  15  10]
 [ 54   0 193 147  31  18]
 [ 45   1  14   2 266  51]
 [  9   0  47   2  31 279]]";0.5074925074925075;0.4628876249677438;"[[ 35   0  23   0  15   7]
 [ 34  13 106   0  10  14]
 [  2   0 178   1  14   6]
 [ 22   0  96  74  11   8]
 [ 41   1   8   2 101  26]
 [  8   0  22   0  16 107]]";42;[ 6  3  4 10 10  9]
718;CiteSeer;own;1;0.2;64;0.5;1;0.005;1078341212;0.9791666666666666;0.980952380952381;"[[ 7  0  0  0  0  0]
 [ 0  5  0  0  0  0]
 [ 0  0  5  0  0  0]
 [ 1  0  0 10  0  0]
 [ 0  0  0  0 11  0]
 [ 0  0  0  0  0  9]]";0.5983318700614574;0.5522524607437908;"[[ 79  29  43   0  13  30]
 [ 26  91 193   1  10  33]
 [  5   1 502   6  14  15]
 [ 60   8 188 134  29  20]
 [ 34   8  12   1 263  62]
 [  6   2  41   2  23 294]]";0.5074925074925075;0.4721428617002732;"[[ 24  13  22   0  14   7]
 [ 18  41  96   0   6  16]
 [  1   3 174   1  14   8]
 [ 25   3  98  62  13  10]
 [ 33  14   6   1  95  30]
 [  6   2  22   0  11 112]]";48;[ 7  5  5 11 11  9]
719;CiteSeer;own;1;0.2;64;0.5;1;0.005;1078341212;0.9814814814814815;0.986086956521739;"[[ 7  0  0  0  0  0]
 [ 0  6  0  0  0  0]
 [ 0  0  7  0  0  0]
 [ 0  0  0 11  1  0]
 [ 0  0  0  0 12  0]
 [ 0  0  0  0  0 10]]";0.596830985915493;0.541268283234583;"[[ 64  18  53   1  16  40]
 [ 18  62 211   4  11  47]
 [  3   1 505   6  15  12]
 [ 34   5 188 155  36  20]
 [ 15   4  15   2 274  71]
 [  0   1  40   2  27 296]]";0.5124875124875125;0.4655923873853364;"[[ 21   7  24   0  17  11]
 [ 15  23 108   1   7  23]
 [  0   0 174   4  14   9]
 [ 17   2  99  72  12   9]
 [ 17   8   8   1 109  36]
 [  2   0  22   0  15 114]]";54;[ 7  6  7 12 12 10]
720;CiteSeer;own;1;0.2;64;0.5;1;0.005;1078341212;0.9833333333333333;0.9858906525573192;"[[10  0  0  0  0  0]
 [ 0  7  0  0  0  0]
 [ 0  0  7  0  0  0]
 [ 1  0  0 13  0  0]
 [ 0  0  0  0 12  0]
 [ 0  0  0  0  0 10]]";0.6266548984995587;0.5905943643858239;"[[ 82  32  43   2   9  21]
 [ 20 100 197   6   7  21]
 [  5   2 504   7  15   9]
 [ 50  12 166 180  24   8]
 [ 25   8  17   2 274  55]
 [  7   2  49   5  20 280]]";0.5434565434565435;0.5144715825561085;"[[ 26   9  25   0  14   6]
 [ 17  42 100   3   5  10]
 [  0   1 171   7  15   7]
 [ 19   4  84  91  10   3]
 [ 23  11  11   1 106  27]
 [  4   3  20   1  17 108]]";60;[10  7  7 14 12 10]
721;CiteSeer;own;1;0.2;64;0.5;1;0.005;1078341212;0.9848484848484849;0.9870064967516242;"[[11  0  0  0  0  0]
 [ 0  8  0  0  0  0]
 [ 0  0  7  0  0  0]
 [ 1  0  0 14  0  0]
 [ 0  0  0  0 14  0]
 [ 0  0  0  0  0 11]]";0.6539823008849558;0.6108514201014085;"[[ 68  26  46   4  21  22]
 [  9  92 202   6  11  31]
 [  1   2 497  11  17  13]
 [ 29   9 107 240  41  14]
 [ 13   7  13   2 295  52]
 [  0   1  41   6  25 286]]";0.5794205794205795;0.528525144787212;"[[ 17   8  24   2  20   9]
 [ 12  33 107   3   8  14]
 [  0   0 169   6  18   8]
 [ 12   4  48 125  14   8]
 [ 13   8   9   1 123  25]
 [  1   0  18   0  21 113]]";66;[11  8  7 15 14 11]
722;CiteSeer;own;1;0.2;64;0.5;1;0.005;1078341212;0.9861111111111112;0.9879569892473118;"[[12  0  0  0  0  0]
 [ 0  9  0  0  0  0]
 [ 0  0  8  0  0  0]
 [ 1  0  0 15  0  0]
 [ 0  0  0  0 16  0]
 [ 0  0  0  0  0 11]]";0.6765749778172139;0.643675470013156;"[[ 99  35  32   5  17  15]
 [ 30 112 157  10  13  25]
 [  7   2 478  17  14  17]
 [ 43  13  91 245  26   9]
 [ 23  10   8   3 308  31]
 [  4   2  34   6  30 283]]";0.6013986013986014;0.5679804515697958;"[[ 30   9  15   1  16   9]
 [ 26  46  80   3   9  13]
 [  3   2 162   9  15  10]
 [ 22   5  47 124   7   6]
 [ 17  11   4   1 128  18]
 [  2   0  19   0  20 112]]";72;[12  9  8 16 16 11]
723;CiteSeer;own;1;0.2;64;0.5;1;0.005;1078341212;0.9743589743589743;0.974043945769051;"[[12  0  0  0  0  0]
 [ 0 12  0  0  0  0]
 [ 0  0  9  0  0  0]
 [ 1  0  0 15  0  0]
 [ 0  0  0  0 17  0]
 [ 0  1  0  0  0 11]]";0.6868327402135231;0.6591568445853834;"[[ 95  44  26   3  23  10]
 [ 20 151 130   8  18  19]
 [ 12   3 474  13  18  14]
 [ 34  15  94 240  34  10]
 [ 15  15   5   1 317  29]
 [  0   5  31   7  48 267]]";0.6053946053946054;0.5721952423823662;"[[ 24  18  13   1  17   7]
 [ 20  65  72   1   9  10]
 [  3   4 163   8  16   7]
 [ 20   5  46 121  14   5]
 [ 15  15   3   1 129  16]
 [  1   1  18   0  29 104]]";78;[12 12  9 16 17 12]
724;CiteSeer;own;1;0.2;64;0.5;1;0.005;1078341212;0.9880952380952381;0.988776655443322;"[[13  0  0  0  0  0]
 [ 0 14  0  0  0  0]
 [ 0  0 10  0  0  0]
 [ 1  0  0 16  0  0]
 [ 0  0  0  0 18  0]
 [ 0  0  0  0  0 12]]";0.6810883140053524;0.6515132974247114;"[[ 83  28  31   3  29  15]
 [ 10 145 139   7  24  21]
 [  2   3 489  10  21  10]
 [ 33  11 118 225  32   7]
 [ 13   9  12   2 320  32]
 [  1   1  40   5  46 265]]";0.5934065934065934;0.5661779357625624;"[[ 26  10  13   1  22   8]
 [ 13  65  71   3  15  10]
 [  2   2 162   8  21   6]
 [ 16   5  59 112  15   4]
 [ 16  11   8   2 128  14]
 [  1   0  23   0  28 101]]";84;[13 14 10 17 18 12]
725;CiteSeer;own;1;0.2;64;0.5;1;0.005;1078341212;0.9888888888888889;0.9912219912219912;"[[14  0  0  0  0  0]
 [ 0 15  0  0  0  0]
 [ 0  0 10  0  0  0]
 [ 0  0  0 19  1  0]
 [ 0  0  0  0 18  0]
 [ 0  0  0  0  0 13]]";0.6914132379248659;0.6595901882840485;"[[ 79  25  25  15  32  14]
 [ 24 141 124  10  22  20]
 [  1   6 481  14  25   7]
 [ 15   8 116 253  32   8]
 [ 11   7  11   6 321  27]
 [  2   1  35  10  37 271]]";0.6023976023976024;0.5730678216347186;"[[ 27   9   9   4  24   7]
 [ 19  61  67   6  13  11]
 [  1   2 161   6  25   6]
 [  8   4  57 122  15   5]
 [ 15   7   5   6 128  18]
 [  2   0  22   1  24 104]]";90;[14 15 10 20 18 13]
726;CiteSeer;own;1;0.2;64;0.5;1;0.005;1078341212;0.9791666666666666;0.9817468984135651;"[[16  0  0  0  0  0]
 [ 0 15  0  0  0  0]
 [ 0  0 11  0  0  0]
 [ 0  0  0 21  1  1]
 [ 0  0  0  0 18  0]
 [ 0  0  0  0  0 13]]";0.6753363228699552;0.6422123948203436;"[[ 88  22  24  20  24  12]
 [ 42 124 124  13  14  22]
 [  7   6 470  22  23   5]
 [ 22   4 106 272  23   9]
 [ 22   6  10  10 306  29]
 [  4   1  32  32  34 246]]";0.5924075924075924;0.5647593462890089;"[[ 35   8   7   4  19   7]
 [ 26  51  65  10  14  11]
 [  4   2 158  10  20   7]
 [ 12   2  52 129  11   5]
 [ 19   6   6  11 121  16]
 [  3   0  18  13  20  99]]";96;[16 15 11 23 18 13]
727;CiteSeer;own;1;0.2;64;0.5;1;0.005;1078341212;0.9803921568627451;0.9828039246142696;"[[17  0  0  0  0  0]
 [ 0 17  0  0  0  0]
 [ 0  0 11  0  0  0]
 [ 0  0  0 23  1  0]
 [ 0  0  0  0 18  0]
 [ 0  0  0  1  0 14]]";0.6744604316546763;0.6434337831596363;"[[103  20  21  23  15  12]
 [ 61 120 109  13  10  19]
 [  9   5 469  24  20   4]
 [ 35   4 100 275  19   5]
 [ 23   6   8  17 303  24]
 [  3   1  31  55  28 230]]";0.5834165834165834;0.5560289084219837;"[[ 38   7   9   6  14   6]
 [ 34  50  61  15   6  11]
 [  5   1 158  10  19   8]
 [ 18   2  49 129   8   5]
 [ 24   5   5   9 119  17]
 [  3   0  21  21  18  90]]";102;[17 17 11 24 18 15]
728;CiteSeer;own;1;0.2;64;0.5;1;0.005;1078341212;0.9907407407407407;0.9920941349512779;"[[18  0  0  0  0  0]
 [ 0 17  0  0  0  0]
 [ 0  0 11  0  0  0]
 [ 0  0  0 24  1  0]
 [ 0  0  0  0 18  0]
 [ 0  0  0  0  0 19]]";0.6591523895401262;0.6260391294214449;"[[110  13  16  14  10  35]
 [ 40  96  96  16   9  78]
 [  7   2 446  19  15  31]
 [ 42   3  94 265  13  14]
 [ 29   4   4   8 285  48]
 [  3   0  33  40  20 260]]";0.5824175824175825;0.5528842540828888;"[[ 34   2   7   3  12  22]
 [ 23  49  53  15   5  32]
 [  3   1 148  11  16  22]
 [ 22   1  44 129   6   9]
 [ 23   4   4   7 112  29]
 [  2   0  19  12   9 111]]";108;[18 17 11 25 18 19]
729;CiteSeer;own;1;0.2;64;0.5;1;0.005;1078341212;1.0;1.0;"[[19  0  0  0  0  0]
 [ 0 18  0  0  0  0]
 [ 0  0 12  0  0  0]
 [ 0  0  0 27  0  0]
 [ 0  0  0  0 19  0]
 [ 0  0  0  0  0 19]]";0.683996383363472;0.6571014044097642;"[[100  23  19  14  14  23]
 [ 27 139 103  13  15  38]
 [  7   5 469  14  18  13]
 [ 34   5 111 251  17   9]
 [ 17  10   9   7 304  30]
 [  1   1  38  35  29 250]]";0.5924075924075924;0.5681459821368255;"[[ 34   5  10   3  14  14]
 [ 15  61  58  16   6  21]
 [  2   1 155   8  20  15]
 [ 19   4  52 119  12   5]
 [ 15  10   4   4 125  21]
 [  1   1  23  11  18  99]]";114;[19 18 12 27 19 19]
730;CiteSeer;own;1;0.2;64;0.5;1;0.005;1078341212;1.0;1.0;"[[19  0  0  0  0  0]
 [ 0 20  0  0  0  0]
 [ 0  0 13  0  0  0]
 [ 0  0  0 28  0  0]
 [ 0  0  0  0 21  0]
 [ 0  0  0  0  0 19]]";0.6962828649138713;0.6699090632843133;"[[ 97  24  25  13  16  18]
 [ 24 149 111   9  14  24]
 [  4   3 477  14  20  11]
 [ 35   7 112 250  17   4]
 [ 17  10   8   6 312  28]
 [  1   1  30  33  31 251]]";0.5974025974025974;0.5747292245951255;"[[ 33   4  10   3  15  15]
 [ 15  67  59  13   6  17]
 [  2   1 155   6  23  14]
 [ 18   4  56 116  12   5]
 [ 16  12   6   4 123  18]
 [  1   1  20   9  18 104]]";120;[19 20 13 28 21 19]
731;CiteSeer;own;1;0.2;64;0.5;1;0.005;1078341212;1.0;1.0;"[[20  0  0  0  0  0]
 [ 0 21  0  0  0  0]
 [ 0  0 16  0  0  0]
 [ 0  0  0 29  0  0]
 [ 0  0  0  0 21  0]
 [ 0  0  0  0  0 19]]";0.6995454545454546;0.6748229174649533;"[[102  23  26  16  13  12]
 [ 24 149 112   8  15  20]
 [  3   3 493  13  20   5]
 [ 35   5 115 244  17   4]
 [ 18   5  12   8 313  22]
 [  3   1  37  32  34 238]]";0.5934065934065934;0.5731208733321377;"[[ 35   4  15   3  12  11]
 [ 16  66  63  13   6  13]
 [  2   2 161   6  23   7]
 [ 17   3  60 117  10   4]
 [ 22  10   8   6 118  15]
 [  1   0  23   9  23  97]]";126;[20 21 16 29 21 19]
732;CiteSeer;own;1;0.2;64;0.5;1;0.005;1078341212;1.0;1.0;"[[21  0  0  0  0  0]
 [ 0 23  0  0  0  0]
 [ 0  0 16  0  0  0]
 [ 0  0  0 32  0  0]
 [ 0  0  0  0 21  0]
 [ 0  0  0  0  0 19]]";0.6959890610756609;0.6716368404500845;"[[114  20  25  17  14   7]
 [ 35 147 107  11  10  15]
 [  3   5 480  24  20   3]
 [ 35   6  86 274  14   3]
 [ 29   6  12  11 295  23]
 [ 17   2  32  44  31 217]]";0.5994005994005994;0.5748638367988606;"[[ 35   3  17   3  11  11]
 [ 24  66  63   9   5  10]
 [  4   1 162   8  22   4]
 [ 16   3  47 136   5   4]
 [ 26  12   7   9 113  12]
 [  6   1  25  17  16  88]]";132;[21 23 16 32 21 19]
733;CiteSeer;own;1;0.2;64;0.5;1;0.005;1078341212;1.0;1.0;"[[22  0  0  0  0  0]
 [ 0 24  0  0  0  0]
 [ 0  0 16  0  0  0]
 [ 0  0  0 34  0  0]
 [ 0  0  0  0 21  0]
 [ 0  0  0  0  0 21]]";0.7111517367458866;0.6909143023700931;"[[118  20  24  16  11   7]
 [ 31 156  95  12   8  22]
 [  4   7 473  20  20   5]
 [ 33   6  91 268  13   4]
 [ 32   9   9  11 290  23]
 [  3   3  33  35  25 251]]";0.6173826173826173;0.596091545172461;"[[ 36   4  12   5  11  12]
 [ 21  74  59   7   3  13]
 [  3   2 161   9  20   6]
 [ 16   3  50 131   7   4]
 [ 25  12   8  10 111  13]
 [  3   1  18  14  12 105]]";138;[22 24 16 34 21 21]
734;CiteSeer;own;1;0.2;64;0.5;1;0.005;1078341212;0.9861111111111112;0.987138231491821;"[[22  0  0  0  0  0]
 [ 0 25  0  0  0  1]
 [ 0  0 16  0  0  0]
 [ 0  0  0 35  0  1]
 [ 0  0  0  0 22  0]
 [ 0  0  0  0  0 22]]";0.7190650779101742;0.6962220110662708;"[[115  21  21  14   9  14]
 [ 33 156  89  12   7  29]
 [  3   6 470  17  20  11]
 [ 35   6  83 271  11   8]
 [ 32   7   4  19 285  26]
 [  3   2  28  23  20 272]]";0.6273726273726273;0.6030166041185029;"[[ 35   4  11   3  11  16]
 [ 22  75  56   6   2  16]
 [  3   2 160   7  19  10]
 [ 20   3  44 133   7   4]
 [ 25  12   4   9 111  18]
 [  4   1  17   8   9 114]]";144;[22 26 16 36 22 22]
735;CiteSeer;own;1;0.2;64;0.5;1;0.005;1078341212;0.9933333333333333;0.9941707956863888;"[[23  0  0  0  0  0]
 [ 0 26  0  0  0  0]
 [ 0  0 17  0  0  0]
 [ 1  0  0 36  0  0]
 [ 0  0  0  0 23  0]
 [ 0  0  0  0  0 24]]";0.7210477941176471;0.696512367695575;"[[109  21  17  17  11  18]
 [ 31 152  89  13   7  33]
 [  3   6 466  16  19  15]
 [ 29   5  85 271  11  13]
 [ 25   8   4  17 289  30]
 [  2   2  24  19  17 282]]";0.6283716283716284;0.6005585922853787;"[[ 33   4  11   3  12  17]
 [ 20  71  55   7   2  22]
 [  2   1 160   6  17  15]
 [ 15   3  44 138   5   6]
 [ 26  11   5   9 108  20]
 [  3   1  15   6   9 119]]";150;[23 26 17 37 23 24]
736;CiteSeer;own;1;0.2;64;0.5;1;0.005;1078341212;1.0;1.0;"[[25  0  0  0  0  0]
 [ 0 27  0  0  0  0]
 [ 0  0 17  0  0  0]
 [ 0  0  0 38  0  0]
 [ 0  0  0  0 24  0]
 [ 0  0  0  0  0 25]]";0.7188940092165899;0.6983924517536431;"[[112  19  20  16  12  12]
 [ 31 151  93  17  10  22]
 [  3   5 447  34  19  10]
 [ 29   5  79 289  12   6]
 [ 26   4   6  16 297  23]
 [  1   3  27  31  19 264]]";0.6193806193806194;0.5922474545204797;"[[ 32   6  10   5  12  15]
 [ 23  67  57  10   5  15]
 [  2   1 144  25  19  10]
 [ 15   3  38 146   5   4]
 [ 27   8   4  10 118  12]
 [  3   2  14  12   9 113]]";156;[25 27 17 38 24 25]
737;CiteSeer;own;1;0.2;64;0.5;1;0.005;1078341212;0.9938271604938271;0.9934640522875817;"[[25  0  0  0  0  0]
 [ 0 29  0  0  0  0]
 [ 0  0 18  0  0  0]
 [ 0  0  0 38  0  0]
 [ 1  0  0  0 25  0]
 [ 0  0  0  0  0 26]]";0.7268946395563771;0.7042977377150684;"[[102  25  20  14  11  12]
 [ 29 167  91   9   8  20]
 [  3   5 454  20  19  13]
 [ 28   6  84 283  13   7]
 [ 27   6   7  14 299  24]
 [  3   5  27  24  17 268]]";0.6343656343656343;0.6060279782613432;"[[ 28   9  11   5  12  15]
 [ 17  82  56   7   4  11]
 [  2   3 151  17  18  10]
 [ 15   5  40 141   5   5]
 [ 26  11   4   9 116  13]
 [  3   2  16   6   9 117]]";162;[25 29 18 38 26 26]
738;CiteSeer;own;1;0.2;64;0.5;1;0.005;1078341212;0.9940476190476191;0.9933857908541452;"[[25  0  0  0  0  0]
 [ 0 31  0  0  0  0]
 [ 0  0 18  0  0  0]
 [ 0  0  1 39  0  0]
 [ 0  0  0  0 27  0]
 [ 0  0  0  0  0 27]]";0.7261353104726599;0.7039852508037919;"[[ 97  28  20  14  12  12]
 [ 25 180  81  11   8  22]
 [  2   7 445  20  21  14]
 [ 25   9  88 282  12   7]
 [ 28   5   7  15 293  24]
 [  3   6  22  26  17 270]]";0.6443556443556444;0.6143899914907508;"[[ 27   9  11   5  13  15]
 [ 15  90  50   8   3  11]
 [  2   2 152  16  18  11]
 [ 14   5  37 145   5   5]
 [ 24  13   5   9 114  14]
 [  3   2  15   7   9 117]]";168;[25 31 18 40 27 27]
739;CiteSeer;own;1;0.2;64;0.5;1;0.005;1078341212;0.9942528735632183;0.9953464652259832;"[[26  0  0  0  0  0]
 [ 0 31  0  0  0  0]
 [ 0  0 19  0  0  0]
 [ 0  1  0 41  0  0]
 [ 0  0  0  0 28  0]
 [ 0  0  0  0  0 28]]";0.7230483271375465;0.7033416571405233;"[[101  24  22  13  13  12]
 [ 23 175  86  14  10  16]
 [  3   8 437  27  20  15]
 [ 25   8  84 286  14   6]
 [ 24   5   6  15 290  27]
 [  3   9  19  27  18 267]]";0.6203796203796204;0.5969169401034377;"[[ 31   7  10   5  13  14]
 [ 18  82  53   8   4  12]
 [  2   2 143  25  16  13]
 [ 15   6  44 136   5   5]
 [ 21  13   3   7 114  21]
 [  2   3  15   8  10 115]]";174;[26 31 19 42 28 28]
740;CiteSeer;own;1;0.2;64;0.5;1;0.005;1078341212;0.9888888888888889;0.9904678139624062;"[[27  0  0  0  0  0]
 [ 0 32  0  0  0  0]
 [ 0  0 19  0  0  0]
 [ 0  0  0 42  1  1]
 [ 0  0  0  0 28  0]
 [ 0  0  0  0  0 30]]";0.7264678471575023;0.7057913672632389;"[[100  23  23  14  11  13]
 [ 25 174  81  19   9  15]
 [  5   8 422  27  19  23]
 [ 27   8  73 293  12   8]
 [ 25   4   7  16 290  25]
 [  3   9  14  26  15 280]]";0.6243756243756243;0.5989497462483125;"[[ 31   7  10   6  10  16]
 [ 20  81  49  11   4  12]
 [  2   2 139  23  16  19]
 [ 17   4  36 142   5   7]
 [ 20  13   2  12 112  20]
 [  2   3  12   7   9 120]]";180;[27 32 19 44 28 30]
741;CiteSeer;own;1;0.2;64;0.5;1;0.005;1078341212;0.989247311827957;0.9907240420398317;"[[27  0  0  0  0  0]
 [ 0 33  0  0  0  0]
 [ 0  0 21  0  0  0]
 [ 0  0  0 43  1  1]
 [ 0  0  0  0 28  0]
 [ 0  0  0  0  0 32]]";0.7294392523364486;0.7096042540208826;"[[101  23  21  13  11  15]
 [ 24 176  82  10   9  17]
 [  3   8 429  16  18  33]
 [ 26   8  87 276  14  10]
 [ 24   4   7  13 289  28]
 [  3   6  13  18  15 290]]";0.6323676323676324;0.6066149306916049;"[[ 31   7  10   5  11  16]
 [ 19  82  50   8   4  14]
 [  2   2 140  16  15  26]
 [ 16   5  39 139   5   7]
 [ 20  13   2   8 116  20]
 [  2   2  10   5   9 125]]";186;[27 33 21 45 28 32]
742;CiteSeer;own;1;0.2;64;0.5;1;0.005;1078341212;0.9947916666666666;0.9942925291762501;"[[28  0  0  0  0  0]
 [ 0 35  0  0  0  0]
 [ 0  0 21  1  0  0]
 [ 0  0  0 45  0  0]
 [ 0  0  0  0 28  0]
 [ 0  0  0  0  0 34]]";0.7282099343955014;0.709679717168677;"[[102  24  22  14  12  10]
 [ 25 176  71  18   9  14]
 [  2   7 431  34  17  21]
 [ 25   6  84 287  11   6]
 [ 25   2   7  17 290  24]
 [  4   6  13  35  15 268]]";0.6293706293706294;0.6030628742684517;"[[ 29   8  10   6  12  15]
 [ 16  84  43  17   4  13]
 [  2   2 141  23  14  19]
 [ 15   5  39 142   5   5]
 [ 20  13   4  16 115  11]
 [  2   2  12   9   9 119]]";192;[28 35 22 45 28 34]
743;CiteSeer;own;1;0.2;64;0.5;1;0.005;1078341212;0.9848484848484849;0.9851195016526825;"[[28  0  0  1  0  0]
 [ 0 36  0  0  0  0]
 [ 0  0 22  0  0  1]
 [ 0  0  0 45  0  0]
 [ 0  0  0  0 29  0]
 [ 0  0  0  1  0 35]]";0.7302631578947368;0.7107645966122415;"[[ 99  24  23  13  12  14]
 [ 18 176  77  11  10  19]
 [  2   5 438  29  15  27]
 [ 22   8  77 283  13  10]
 [ 21   4  10  13 288  27]
 [  2   7  13  33  15 270]]";0.6333666333666333;0.6035873696515764;"[[ 27   9  11   6  12  15]
 [ 14  83  48  13   4  15]
 [  2   2 144  22  14  17]
 [ 15   5  36 143   5   7]
 [ 19  13   4  10 118  15]
 [  2   2  11   8  11 119]]";198;[29 36 23 45 29 36]
744;CiteSeer;own;1;0.2;64;0.5;1;0.005;1078341212;0.9901960784313726;0.9888933655654043;"[[29  1  0  0  0  0]
 [ 0 36  0  0  0  0]
 [ 1  0 25  0  0  0]
 [ 0  0  0 46  0  0]
 [ 0  0  0  0 30  0]
 [ 0  0  0  0  0 36]]";0.7224316682375118;0.7028109149747905;"[[100  18  27  15  12  11]
 [ 24 165  81  12   9  19]
 [  3   6 438  29  15  22]
 [ 25   5  88 280  12  10]
 [ 26   2  10  14 285  28]
 [  2   5  15  28  16 265]]";0.6303696303696303;0.6036472088917221;"[[ 29   7  11   6  13  14]
 [ 17  80  52   9   4  15]
 [  2   2 142  27  15  13]
 [ 15   4  40 140   5   7]
 [ 23  13   3   9 119  12]
 [  2   2  13   6   9 121]]";204;[30 36 26 46 30 36]
745;CiteSeer;own;1;0.2;64;0.5;1;0.005;1078341212;0.9952380952380953;0.996058793527148;"[[31  0  0  0  0  0]
 [ 0 37  0  0  0  0]
 [ 0  0 26  0  0  0]
 [ 0  0  0 45  0  1]
 [ 0  0  0  0 31  0]
 [ 0  0  0  0  0 39]]";0.7372400756143668;0.7202850063120597;"[[ 97  31  23   8  13   9]
 [ 19 211  50  10  10  19]
 [  2   6 421  41  14  19]
 [ 23  12  88 274  12   9]
 [ 25   6   9  14 284  26]
 [  2   3  14  24  15 273]]";0.6383616383616384;0.6133231563725272;"[[ 29  11   9   5  13  13]
 [ 19  95  42   4   4  13]
 [  2   2 138  33  15  11]
 [ 16   7  39 138   5   6]
 [ 23  15   4   9 116  12]
 [  2   2  13   5   8 123]]";210;[31 37 26 46 31 39]
746;CiteSeer;own;1;0.2;64;0.5;1;0.005;1078341212;1.0;1.0;"[[32  0  0  0  0  0]
 [ 0 38  0  0  0  0]
 [ 0  0 27  0  0  0]
 [ 0  0  0 46  0  0]
 [ 0  0  0  0 33  0]
 [ 0  0  0  0  0 40]]";0.7445497630331753;0.7263144287437099;"[[ 95  32  20  10  13  10]
 [ 18 208  55   9  10  18]
 [  2   6 441  40   8  19]
 [ 23   8  88 271  11   7]
 [ 19   4   8  14 289  27]
 [  2   4  20  20  14 267]]";0.6393606393606394;0.6111219713349803;"[[ 26  11  13   5  11  14]
 [ 16  94  45   5   4  13]
 [  3   1 145  27  14  11]
 [ 15  10  40 136   5   5]
 [ 21  14   4   8 119  13]
 [  2   2  16   4   9 120]]";216;[32 38 27 46 33 40]
747;CiteSeer;own;1;0.2;64;0.5;1;0.005;1078341212;0.9954954954954955;0.9950184102230885;"[[32  0  0  0  0  0]
 [ 0 39  0  0  0  0]
 [ 0  0 28  0  0  1]
 [ 0  0  0 46  0  0]
 [ 0  0  0  0 36  0]
 [ 0  0  0  0  0 40]]";0.748574144486692;0.7269327194712355;"[[ 91  27  21  10  12  14]
 [ 19 206  50   9  17  21]
 [  2   5 443  37   8  21]
 [ 27   7  82 267   9   8]
 [ 16   4   5  13 299  27]
 [  2   5  18  19  14 269]]";0.6383616383616384;0.6082841897697787;"[[ 26   9  13   4  13  15]
 [ 17  88  46   3   7  16]
 [  3   1 146  24  15  12]
 [ 17   6  37 137   7   7]
 [ 17  14   4   8 121  15]
 [  2   2  15   4   9 121]]";222;[32 39 29 46 36 40]
748;CiteSeer;own;1;0.2;64;0.5;1;0.005;1078341212;1.0;1.0;"[[32  0  0  0  0  0]
 [ 0 40  0  0  0  0]
 [ 0  0 29  0  0  0]
 [ 0  0  0 47  0  0]
 [ 0  0  0  0 38  0]
 [ 0  0  0  0  0 42]]";0.7631077216396568;0.7409428862791034;"[[ 92  29  18  12  11  11]
 [ 24 223  42   9  11  14]
 [  2  10 447  29   8  19]
 [ 27  12  83 259   9   8]
 [ 17   2   4  14 302  28]
 [  2   5  17   9  11 278]]";0.6563436563436563;0.6286470575235007;"[[ 29  10  11   4  12  14]
 [ 16  97  41   4   5  14]
 [  3   4 149  21  12  12]
 [ 16  10  35 137   7   6]
 [ 16  12   3   9 123  16]
 [  2   2  15   2  10 122]]";228;[32 40 29 47 38 42]
749;CiteSeer;own;1;0.2;64;0.5;1;0.005;1078341212;0.9914529914529915;0.9913079751515644;"[[33  0  0  1  0  0]
 [ 0 42  0  0  0  0]
 [ 0  0 30  0  0  0]
 [ 0  0  1 47  0  0]
 [ 0  0  0  0 38  0]
 [ 0  0  0  0  0 42]]";0.7662523900573613;0.7441837528766454;"[[ 93  24  17  12  10  15]
 [ 19 213  55   5  10  17]
 [  2  12 455  21   7  20]
 [ 29  11  78 264   8   7]
 [ 16   2   4  14 302  29]
 [  2   4  19   9  11 276]]";0.6513486513486514;0.6198366236017305;"[[ 26   8  11   5  13  17]
 [ 17  92  45   4   4  15]
 [  3   4 152  17  12  13]
 [ 16  13  35 135   6   6]
 [ 17  11   3   8 125  15]
 [  2   2  15   2  10 122]]";234;[34 42 30 48 38 42]
750;CiteSeer;own;1;0.2;64;0.5;1;0.005;1078341212;0.9916666666666667;0.9912166380187623;"[[35  1  0  0  0  0]
 [ 0 44  1  0  0  0]
 [ 0  0 30  0  0  0]
 [ 0  0  0 49  0  0]
 [ 0  0  0  0 38  0]
 [ 0  0  0  0  0 42]]";0.7737296260786194;0.7511496156561047;"[[ 92  25  20   9   8  16]
 [ 18 203  66   5  11  16]
 [  3   8 441  27   7  17]
 [ 23   7  61 298  10   7]
 [ 15   3   6  11 302  30]
 [  4   6  16   5  12 278]]";0.6683316683316683;0.6361060456379561;"[[ 27  11  11   5  10  16]
 [ 15  93  48   2   4  15]
 [  2   3 152  20  13  11]
 [ 14   8  28 149   6   6]
 [ 16  12   5   8 123  15]
 [  2   2  13   2   9 125]]";240;[36 45 30 49 38 42]
751;CiteSeer;own;1;0.2;64;0.5;1;0.005;1078341212;0.9959349593495935;0.996595449018586;"[[36  0  0  0  0  0]
 [ 0 47  0  0  0  0]
 [ 0  0 31  0  0  0]
 [ 0  1  0 50  0  0]
 [ 0  0  0  0 39  0]
 [ 0  0  0  0  0 42]]";0.7841346153846154;0.7608586893706689;"[[ 95  26  15  11   8  12]
 [ 19 208  57   6  11  16]
 [  4  12 461  21   8   8]
 [ 21  12  57 294   8   6]
 [ 14   4   3  13 301  30]
 [  4   6  16   8  13 272]]";0.6623376623376623;0.6308454762709379;"[[ 27  16   9   6   9  13]
 [ 16  94  45   3   4  15]
 [  3   4 151  18  15  10]
 [ 17  11  26 147   6   4]
 [ 16  12   5  14 122  10]
 [  2   2  15   2  10 122]]";246;[36 47 31 51 39 42]
752;CiteSeer;own;1;0.2;64;0.5;1;0.005;1078341212;0.9920634920634921;0.9923922276792544;"[[37  0  0  0  0  0]
 [ 0 48  0  1  0  0]
 [ 0  0 31  0  0  0]
 [ 0  0  0 53  0  0]
 [ 1  0  0  0 39  0]
 [ 0  0  0  0  0 42]]";0.7950819672131147;0.7722152098539284;"[[ 95  27  15  11   8   9]
 [ 17 213  51   9   9  14]
 [  4  11 463  22   7   7]
 [ 20   8  55 304   7   6]
 [ 14   4   3  13 301  30]
 [  3   6  15   8  12 273]]";0.6733266733266733;0.642986649495276;"[[ 29  17   9   6   8  11]
 [ 16  97  44   3   4  13]
 [  1   5 157  17  13   8]
 [ 17   9  27 147   6   5]
 [ 16  12   5   9 122  15]
 [  2   2  15   2  10 122]]";252;[37 49 31 53 40 42]
753;CiteSeer;own;1;0.2;64;0.5;1;0.005;1078341212;0.9922480620155039;0.9921836851396035;"[[37  0  0  0  0  0]
 [ 0 50  0  0  0  0]
 [ 0  0 32  0  0  0]
 [ 0  0  0 54  0  0]
 [ 1  0  0  1 40  0]
 [ 0  0  0  0  0 43]]";0.7901353965183753;0.766882073227316;"[[ 93  27  15  11   9  10]
 [ 14 210  52   9  11  16]
 [  4  10 459  26   7   8]
 [ 21  10  53 304   6   4]
 [ 15   3   3  14 302  29]
 [  3   5  16  12  11 266]]";0.6783216783216783;0.6481438868011528;"[[ 29  18   9   4  10  10]
 [ 15 100  42   5   4  11]
 [  1   4 154  19  14   9]
 [ 17   9  24 150   6   5]
 [ 14  12   4  11 125  13]
 [  2   2  16   2  10 121]]";258;[37 50 32 54 42 43]
754;CiteSeer;own;1;0.2;64;0.5;1;0.005;1078341212;0.9962121212121212;0.9958620689655172;"[[37  0  0  0  0  0]
 [ 0 53  0  0  0  0]
 [ 0  0 33  0  0  0]
 [ 0  0  0 54  0  0]
 [ 1  0  0  0 43  0]
 [ 0  0  0  0  0 43]]";0.7929194956353055;0.7701002594652082;"[[ 94  26  15   6  16   8]
 [ 13 210  56   7  13  13]
 [  4  10 463  22   7   7]
 [ 22  10  55 300   6   5]
 [ 14   2   2  14 304  28]
 [  3   4  16  12  11 264]]";0.6753246753246753;0.6438324333408216;"[[ 28  16   9   4  13  10]
 [ 15  96  45   4   7  10]
 [  1   4 154  19  14   9]
 [ 17   8  24 150   6   6]
 [ 13  12   3  11 126  14]
 [  2   2  16   2   9 122]]";264;[37 53 33 54 44 43]
755;CiteSeer;own;1;0.2;64;0.5;1;0.005;1078341212;0.9851851851851852;0.9833220855584265;"[[36  0  0  0  1  0]
 [ 0 55  0  0  0  0]
 [ 0  0 33  0  0  1]
 [ 0  0  1 54  0  0]
 [ 0  0  0  0 45  0]
 [ 0  0  1  0  0 43]]";0.7908560311284046;0.7671021685327779;"[[ 95  26  14   8  15   9]
 [ 17 208  55   6  10  14]
 [  4   8 465  16   7  12]
 [ 24   9  54 292   6   7]
 [ 12   2   3  14 303  30]
 [  3   5  17  12  11 263]]";0.6743256743256744;0.6433389921481175;"[[ 29  16   9   4  12  10]
 [ 18  94  46   3   6  10]
 [  1   4 157  16  14   9]
 [ 18   9  25 147   6   6]
 [ 14  12   3   8 126  16]
 [  2   2  16   1  10 122]]";270;[37 55 34 55 45 44]
756;CiteSeer;own;1;0.2;64;0.5;1;0.005;1078341212;0.9927536231884058;0.9922225522225522;"[[37  0  0  0  0  0]
 [ 0 56  0  0  0  0]
 [ 0  0 37  0  0  0]
 [ 0  0  1 55  0  0]
 [ 1  0  0  0 45  0]
 [ 0  0  0  0  0 44]]";0.7960975609756098;0.7722429584534587;"[[ 93  26  15   8  15  10]
 [ 13 212  55   7  10  12]
 [  3   7 464  23   6   8]
 [ 23   8  47 300   6   7]
 [ 13   2   3  14 302  29]
 [  3   4  18  13  10 261]]";0.6773226773226774;0.645260404323425;"[[ 27  15  10   4  14  10]
 [ 14  98  48   4   5   8]
 [  1   3 158  18  12   9]
 [ 17   8  26 150   5   5]
 [ 14  12   4  13 124  12]
 [  2   2  17   2   9 121]]";276;[37 56 37 56 46 44]
757;CiteSeer;own;1;0.2;64;0.5;1;0.005;1078341212;0.9964539007092199;0.9963605715818105;"[[37  0  0  0  0  0]
 [ 0 57  0  0  0  0]
 [ 0  0 38  0  0  0]
 [ 0  0  1 56  0  0]
 [ 0  0  0  0 48  0]
 [ 0  0  0  0  0 45]]";0.8013698630136986;0.7773726986026358;"[[ 92  25  15  10  13  11]
 [ 13 216  52   5  11  11]
 [  3   7 464  24   6   6]
 [ 23   7  46 302   7   7]
 [ 12   2   3  14 304  27]
 [  2   5  17  11  11 260]]";0.6773226773226774;0.6453367058032852;"[[ 27  16  10   4  13  10]
 [ 16  98  46   4   6   7]
 [  1   4 158  19  11   8]
 [ 17   8  27 149   5   5]
 [ 14  12   5  11 125  12]
 [  2   3  16   2   9 121]]";282;[37 57 38 57 48 45]
758;CiteSeer;own;1;0.2;64;0.5;1;0.005;1078341212;0.9895833333333334;0.9897534921292844;"[[38  0  0  0  0  0]
 [ 0 57  0  0  0  0]
 [ 0  1 38  1  0  0]
 [ 0  0  0 57  1  0]
 [ 0  0  0  0 50  0]
 [ 0  0  0  0  0 45]]";0.8002944062806673;0.7754802170930876;"[[ 92  24  17  10  14  11]
 [ 15 209  56   4  12  10]
 [  3   7 463  26   6   6]
 [ 23   8  43 300   8   6]
 [ 11   2   2   8 311  27]
 [  2   6  17  11  12 256]]";0.6713286713286714;0.6389127992446322;"[[ 27  13  11   4  15  10]
 [ 18  93  48   3   7   8]
 [  1   3 158  20  11   8]
 [ 18   8  25 146   9   5]
 [ 14  12   6   5 127  15]
 [  2   3  16   1  10 121]]";288;[38 57 40 58 50 45]
759;CiteSeer;own;1;0.2;64;0.5;1;0.005;1078341212;0.9931972789115646;0.9927988677988678;"[[38  0  0  0  1  0]
 [ 0 59  0  0  0  0]
 [ 0  0 41  0  0  0]
 [ 0  0  0 58  0  0]
 [ 0  0  0  0 51  0]
 [ 0  0  0  0  1 45]]";0.8016732283464567;0.777442921528643;"[[ 95  23  17   6  16   8]
 [ 17 205  56   3  14   9]
 [  3   6 464  25   6   5]
 [ 25   7  43 298   7   6]
 [ 11   2   2   5 316  27]
 [  3   6  20  12  13 251]]";0.6783216783216783;0.6455068481957038;"[[ 27  13  10   4  16  10]
 [ 16  96  45   2  10   8]
 [  1   2 159  19  14   6]
 [ 19   7  25 145  10   5]
 [ 15  12   3   4 132  13]
 [  2   2  17   1  11 120]]";294;[39 59 41 58 51 46]
760;CiteSeer;own;1;0.2;64;0.5;1;0.005;1078341212;0.9866666666666667;0.9865623106244986;"[[39  0  0  0  0  0]
 [ 0 61  0  0  0  0]
 [ 0  0 40  0  0  1]
 [ 0  0  0 59  0  0]
 [ 0  1  0  0 51  1]
 [ 0  0  0  0  1 46]]";0.807502467917078;0.7822010400113352;"[[ 94  24  16   6  15   8]
 [ 17 210  51   3  12  11]
 [  3   6 465  21   5   7]
 [ 26   7  40 299   7   7]
 [ 12   4   2   5 312  28]
 [  2   6  17  10  12 256]]";0.6743256743256744;0.6416415151402696;"[[ 27  14  10   4  14  11]
 [ 16  97  45   2   9   8]
 [  1   2 158  18  11  11]
 [ 21   8  25 141  10   6]
 [ 15  12   3   4 128  17]
 [  2   2  16   1   8 124]]";300;[39 61 41 59 53 47]
761;CiteSeer;own;1;0.2;64;0.5;1;0.005;1078341212;0.9901960784313726;0.9898418299484028;"[[39  0  0  0  0  0]
 [ 0 64  0  0  0  0]
 [ 0  0 42  0  0  0]
 [ 0  0  0 59  0  0]
 [ 0  0  0  0 54  0]
 [ 0  1  1  0  1 45]]";0.8064356435643565;0.7808523124247856;"[[ 90  24  18   6  17   9]
 [ 14 211  62   2  17   8]
 [  3   7 458  14   5   7]
 [ 23   7  40 300  11   6]
 [ 10   4   2   4 319  23]
 [  2   5  19   9  13 251]]";0.6733266733266733;0.6359039673376778;"[[ 23  18  11   4  16   8]
 [ 14  97  44   2  13   7]
 [  1   2 160  16  11  11]
 [ 20   8  24 144  10   5]
 [ 13  14   3   5 129  15]
 [  1   3  16   0  12 121]]";306;[39 64 42 59 54 48]
762;CiteSeer;own;1;0.2;64;0.5;1;0.005;1078341212;0.9903846153846154;0.9897477299905854;"[[39  0  0  0  0  0]
 [ 0 66  0  0  0  0]
 [ 0  0 43  0  0  0]
 [ 0  0  0 59  0  0]
 [ 1  0  0  0 55  0]
 [ 0  1  1  0  0 47]]";0.8103277060575969;0.7848471033083507;"[[ 89  28  16   5  15  10]
 [ 11 217  60   2  17   6]
 [  5   7 457   9   4   7]
 [ 25   7  43 299   8   6]
 [  8   6   3   5 312  28]
 [  2   4  19   4  12 258]]";0.6813186813186813;0.6454275832953366;"[[ 24  22   9   4  14   7]
 [ 11 103  43   2  11   7]
 [  1   3 163  14  13   7]
 [ 20  10  25 142   9   5]
 [ 11  14   4   5 129  16]
 [  1   4  17   0  10 121]]";312;[39 66 43 59 56 49]
763;CiteSeer;own;1;0.2;64;0.5;1;0.005;1078341212;0.9874213836477987;0.9864226857669594;"[[41  0  1  0  1  0]
 [ 0 66  0  0  0  0]
 [ 0  0 43  0  0  0]
 [ 0  0  1 59  0  0]
 [ 0  0  0  0 57  0]
 [ 0  1  0  0  0 48]]";0.8122509960159362;0.7874372285468003;"[[ 92  25  15   4  16  11]
 [ 17 217  55   5  13   7]
 [  4   6 456  11   5   7]
 [ 26   7  44 295   7   6]
 [  7   4   2   6 316  25]
 [  2   4  21   4  11 255]]";0.6813186813186813;0.6499481921226118;"[[ 28  20   8   5  12   7]
 [ 13 101  43   2  12   6]
 [  1   2 161  16  13   8]
 [ 22   8  24 142   9   6]
 [ 10  14   6   2 130  17]
 [  1   4  17   1  10 120]]";318;[43 66 43 60 57 49]
764;CiteSeer;own;1;0.2;64;0.5;1;0.005;1078341212;0.9938271604938271;0.9934508774634166;"[[43  0  0  0  1  0]
 [ 0 67  0  0  0  0]
 [ 0  0 45  0  0  0]
 [ 0  0  1 60  0  0]
 [ 0  0  0  0 58  0]
 [ 0  0  0  0  0 49]]";0.8091908091908092;0.783047046551833;"[[ 88  23  17   3  19   7]
 [ 15 215  54   4  14   9]
 [  5   6 447  15   5   8]
 [ 32   7  42 294   8   7]
 [  9   3   2   5 320  22]
 [  2   4  19   3  13 256]]";0.6773226773226774;0.6465333362578868;"[[ 29  18   8   4  14   7]
 [ 12 100  42   2  15   6]
 [  1   2 161  16  11  10]
 [ 25   8  23 139   9   7]
 [ 13  13   4   2 131  16]
 [  2   5  17   1  10 118]]";324;[44 67 45 61 58 49]
765;CiteSeer;own;1;0.2;64;0.5;1;0.005;1078341212;1.0;1.0;"[[46  0  0  0  0  0]
 [ 0 68  0  0  0  0]
 [ 0  0 46  0  0  0]
 [ 0  0  0 62  0  0]
 [ 0  0  0  0 59  0]
 [ 0  0  0  0  0 49]]";0.814128256513026;0.788625518242498;"[[ 91  22  15   3  19   5]
 [ 19 217  52   4  14   7]
 [  3   6 447  13   5   8]
 [ 33   7  42 294   6   7]
 [ 10   3   2   5 327  16]
 [  3   4  20   3  15 249]]";0.6783216783216783;0.649400988897607;"[[ 31  17   8   5  12   7]
 [ 14 104  37   2  13   7]
 [  1   3 158  17  12  10]
 [ 24   8  21 142   9   7]
 [ 14  13   4   2 131  15]
 [  3   4  19   1  13 113]]";330;[46 68 46 62 59 49]
766;CiteSeer;own;1;0.2;64;0.5;1;0.005;1078341212;0.9940476190476191;0.993676122931442;"[[46  0  0  0  1  0]
 [ 0 69  0  0  0  0]
 [ 0  0 47  0  0  0]
 [ 0  0  0 63  0  0]
 [ 1  0  0  0 59  0]
 [ 0  0  0  0  0 50]]";0.8130653266331658;0.7869666657165263;"[[ 89  22  15   3  20   6]
 [ 18 214  56   5  14   6]
 [  4   6 446  11   4   7]
 [ 32   7  42 294   7   6]
 [ 10   3   2   6 329  13]
 [  2   4  22   3  16 246]]";0.6833166833166833;0.6533062044364074;"[[ 30  17   8   6  12   7]
 [ 13 105  38   2  12   7]
 [  1   3 162  16  11   8]
 [ 24   8  23 141   9   6]
 [ 12  13   4   3 133  14]
 [  2   4  20   1  13 113]]";336;[47 69 47 63 60 50]
767;CiteSeer;own;1;0.2;64;0.5;1;0.005;1078341212;0.9970760233918129;0.9968682035667681;"[[47  0  0  0  1  0]
 [ 0 71  0  0  0  0]
 [ 0  0 48  0  0  0]
 [ 0  0  0 65  0  0]
 [ 0  0  0  0 60  0]
 [ 0  0  0  0  0 50]]";0.8185483870967742;0.7945423972175224;"[[ 92  22  14   3  18   5]
 [ 17 216  54   3  13   6]
 [  4   6 443  12   5   8]
 [ 30   6  44 295   8   7]
 [ 10   3   2   5 332  11]
 [  2   4  19   4  15 246]]";0.6833166833166833;0.6544259616404274;"[[ 31  17   9   6  11   6]
 [ 17 103  38   2  10   7]
 [  1   6 159  15  11   9]
 [ 24   7  24 141   9   6]
 [ 10  13   4   2 136  14]
 [  3   5  18   1  12 114]]";342;[48 71 48 65 60 50]
768;CiteSeer;own;1;0.2;64;0.5;1;0.005;1078341212;0.9942528735632183;0.9941368282085586;"[[48  0  0  0  0  0]
 [ 1 72  0  0  0  0]
 [ 0  0 48  0  0  0]
 [ 0  0  0 67  0  0]
 [ 0  0  0  0 60  0]
 [ 0  0  0  0  1 51]]";0.8129423660262892;0.7904824129841198;"[[ 97  20  15   2  15   5]
 [ 19 212  55   6  12   6]
 [  5   6 435  12   5   8]
 [ 34   4  45 296   5   7]
 [ 12   3   2   7 325  15]
 [  4   4  19   4  14 243]]";0.6763236763236763;0.6483470886314563;"[[ 32  17   9   6  10   6]
 [ 20 102  36   3   9   7]
 [  1   7 157  16  11   9]
 [ 24   6  24 142   9   6]
 [ 11  13   4   2 133  16]
 [  5   5  18   1  13 111]]";348;[48 73 48 67 60 52]
769;CiteSeer;own;1;0.2;64;0.5;1;0.005;1078341212;1.0;1.0;"[[48  0  0  0  0  0]
 [ 0 74  0  0  0  0]
 [ 0  0 48  0  0  0]
 [ 0  0  0 70  0  0]
 [ 0  0  0  0 61  0]
 [ 0  0  0  0  0 53]]";0.8154158215010142;0.7926012005520131;"[[ 95  21  16   2  15   5]
 [ 18 216  52   6  11   6]
 [  5   6 437  10   4   9]
 [ 29   4  46 297   6   7]
 [ 12   3   2   6 323  19]
 [  4   4  20   4  12 240]]";0.6873126873126874;0.658762843843159;"[[ 32  18   8   6  10   6]
 [ 17 103  37   3  10   7]
 [  1   6 158  16  11   9]
 [ 22   6  22 146   9   6]
 [ 12  13   4   2 134  14]
 [  4   5  17   1  11 115]]";354;[48 74 48 70 61 53]
770;CiteSeer;own;1;0.2;64;0.5;1;0.005;1078341212;0.9972222222222222;0.9969332780770825;"[[47  0  0  0  1  0]
 [ 0 74  0  0  0  0]
 [ 0  0 50  0  0  0]
 [ 0  0  0 72  0  0]
 [ 0  0  0  0 63  0]
 [ 0  0  0  0  0 53]]";0.818413021363174;0.7932895269855796;"[[ 89  22  16   2  19   4]
 [ 18 215  50   7  10   6]
 [  5   7 443   9   4   6]
 [ 26   4  45 296   7   7]
 [ 10   3   2   7 324  19]
 [  2   4  19   4  13 242]]";0.6943056943056943;0.6651373506597288;"[[ 32  19   7   6  10   6]
 [ 16 105  36   3  10   7]
 [  1   5 161  12  10  12]
 [ 22   5  23 147   9   5]
 [ 10  13   4   3 136  13]
 [  3   5  19   1  11 114]]";360;[48 74 50 72 63 53]
771;CiteSeer;own;1;0.2;64;0.5;1;0.005;1078341212;1.0;1.0;"[[49  0  0  0  0  0]
 [ 0 75  0  0  0  0]
 [ 0  0 50  0  0  0]
 [ 0  0  0 74  0  0]
 [ 0  0  0  0 65  0]
 [ 0  0  0  0  0 53]]";0.8178571428571428;0.79267736029635;"[[ 90  22  14   3  17   4]
 [ 19 216  49   7   9   6]
 [  6   7 438   9   4   7]
 [ 29   3  40 297   8   8]
 [ 10   3   2   9 323  18]
 [  2   4  19   5  14 239]]";0.6953046953046953;0.6663889714797376;"[[ 32  19   7   6  10   6]
 [ 16 108  34   3  10   6]
 [  1   6 157  14  11  12]
 [ 22   4  22 149   9   5]
 [ 10  13   4   4 136  12]
 [  4   5  17   1  12 114]]";366;[49 75 50 74 65 53]
772;CiteSeer;own;1;0.2;64;0.5;1;0.005;1078341212;0.9973118279569892;0.9971096123916104;"[[49  0  0  0  0  0]
 [ 0 76  0  0  0  0]
 [ 0  0 51  0  1  0]
 [ 0  0  0 76  0  0]
 [ 0  0  0  0 65  0]
 [ 0  0  0  0  0 54]]";0.81985670419652;0.793623008452958;"[[ 86  22  14   6  17   4]
 [ 17 219  49   3  11   6]
 [  5   7 435  12   4   8]
 [ 26   3  38 299   8   8]
 [ 10   3   1   8 325  18]
 [  2   6  19   4  13 238]]";0.7002997002997003;0.66985335769382;"[[ 31  19   7   6  11   6]
 [ 14 111  34   2  10   6]
 [  1   6 157  13  11  13]
 [ 19   3  21 153   9   6]
 [ 10  13   4   2 136  14]
 [  4   6  17   1  12 113]]";372;[49 76 52 76 65 54]
773;CiteSeer;own;1;0.2;64;0.5;1;0.005;1078341212;0.9920634920634921;0.9916396933315205;"[[49  0  0  0  0  0]
 [ 0 77  0  0  0  0]
 [ 0  0 52  0  0  1]
 [ 0  0  0 76  1  0]
 [ 1  0  0  0 65  0]
 [ 0  0  0  0  0 56]]";0.8167351129363449;0.7890651705918948;"[[ 83  22  14   6  18   5]
 [ 14 215  52   5  12   8]
 [  5   7 434  11   3   9]
 [ 25   2  38 301   8   8]
 [ 10   3   1   8 324  17]
 [  4   6  19   4  13 234]]";0.6993006993006993;0.6691370981824302;"[[ 31  19   8   6  10   6]
 [ 12 106  39   2  12   6]
 [  1   6 159  14  10  11]
 [ 19   3  21 154   9   5]
 [ 11  13   5   3 135  12]
 [  4   6  15   1  12 115]]";378;[49 77 53 77 66 56]
774;CiteSeer;own;1;0.2;64;0.5;1;0.005;1078341212;0.9947916666666666;0.9939373897707231;"[[49  0  0  0  0  0]
 [ 0 79  0  0  0  0]
 [ 0  0 53  0  0  0]
 [ 0  0  0 79  0  0]
 [ 0  0  0  0 67  0]
 [ 0  0  2  0  0 55]]";0.8192584963954685;0.792589868514014;"[[ 83  22  10   8  18   6]
 [ 15 224  44   3  12   9]
 [  5   9 420  16   3  12]
 [ 24   4  33 304   8   8]
 [  7   3   2   8 326  16]
 [  3   6  20   5  12 234]]";0.7002997002997003;0.6687346457201996;"[[ 30  19   8   6  11   6]
 [ 13 111  33   3  11   6]
 [  1   7 154  15   9  15]
 [ 19   3  18 157   9   5]
 [ 10  13   5   3 136  12]
 [  4   6  17   1  12 113]]";384;[49 79 53 79 67 57]
775;CiteSeer;own;1;0.2;64;0.5;1;0.005;1078341212;0.9923076923076923;0.9909792767167818;"[[50  0  0  0  0  0]
 [ 0 80  0  0  0  0]
 [ 0  0 52  0  0  1]
 [ 0  0  0 82  0  0]
 [ 0  0  0  0 67  0]
 [ 0  0  2  0  0 56]]";0.8316115702479339;0.8059356597667642;"[[ 81  22  10   8  19   6]
 [ 13 233  42   5  10   4]
 [  5   8 419  13   3  12]
 [ 16   5  35 314   4   8]
 [  6   3   1  10 327  15]
 [  0   7  19   6  11 236]]";0.6993006993006993;0.6610910932168131;"[[ 24  18   9  11  12   6]
 [ 12 115  32   2  11   5]
 [  1   9 154  14  10  13]
 [ 17   4  18 158   9   5]
 [  9  14   4   3 135  14]
 [  3   6  17   1  12 114]]";390;[50 80 53 82 67 58]
776;CiteSeer;own;1;0.2;64;0.5;1;0.005;1078341212;0.9949494949494949;0.994444684677759;"[[51  0  0  0  0  0]
 [ 0 81  0  0  0  0]
 [ 0  0 52  1  0  1]
 [ 0  0  0 82  0  0]
 [ 0  0  0  0 69  0]
 [ 0  0  0  0  0 59]]";0.8326424870466321;0.8065079805921546;"[[ 82  22  11   5  21   4]
 [ 14 231  43   4  12   4]
 [  7   8 420  11   3  10]
 [ 16   6  36 311   5   7]
 [  8   3   1   7 327  13]
 [  2   7  15   5  13 236]]";0.7002997002997003;0.6649906079783457;"[[ 26  18   9  11  10   6]
 [ 12 115  32   2  11   5]
 [  2   8 157  13  14   7]
 [ 16   5  22 154   9   5]
 [ 10  13   4   3 138  11]
 [  4   6  16   2  14 111]]";396;[51 81 54 82 69 59]
777;CiteSeer;own;1;0.2;64;0.5;1;0.005;1078341212;0.9925373134328358;0.9915595326333174;"[[52  0  0  0  0  0]
 [ 0 82  0  0  0  0]
 [ 0  0 54  0  0  0]
 [ 1  0  0 83  0  0]
 [ 0  0  0  0 70  0]
 [ 0  0  2  0  0 58]]";0.8341995841995842;0.8079909385811682;"[[ 84  23  10   5  19   4]
 [ 15 233  41   4  10   4]
 [  7   8 420  11   3   8]
 [ 17   6  34 310   4   7]
 [  9   4   1   7 324  14]
 [  4   8  15   4  13 234]]";0.6973026973026973;0.6638776530285538;"[[ 28  18   8  12   8   6]
 [ 15 113  33   2   9   5]
 [  1   9 157  11  14   9]
 [ 16   6  18 155  11   5]
 [ 11  14   3   4 134  13]
 [  4   6  18   1  13 111]]";402;[52 82 54 84 70 60]
778;CiteSeer;own;1;0.2;64;0.5;1;0.005;1078341212;0.9950980392156863;0.9945920268872234;"[[53  0  0  0  0  0]
 [ 0 83  0  0  0  0]
 [ 0  0 56  0  0  0]
 [ 1  0  0 83  0  0]
 [ 0  0  0  0 71  0]
 [ 0  0  1  0  0 60]]";0.8383733055265902;0.811936891172819;"[[ 82  22  11   4  19   4]
 [ 14 234  41   4  10   4]
 [  7   9 420   9   3   9]
 [ 16   5  34 309   6   7]
 [  9   4   1   6 329  15]
 [  4   6  16   3   8 234]]";0.6983016983016983;0.665108647039179;"[[ 28  18   9   8  11   6]
 [ 16 112  32   1  11   5]
 [  1  10 156  11  14   9]
 [ 15   6  19 155  11   5]
 [ 10  14   3   3 135  14]
 [  4   5  18   1  12 113]]";408;[53 83 56 84 71 61]
779;CiteSeer;own;1;0.2;64;0.5;1;0.005;1078341212;0.9975845410628019;0.9974677087318504;"[[53  0  0  0  0  0]
 [ 0 84  0  0  0  0]
 [ 0  0 58  0  0  0]
 [ 1  0  0 85  0  0]
 [ 0  0  0  0 71  0]
 [ 0  0  0  0  0 62]]";0.8362970711297071;0.8105772638618102;"[[ 81  21  11   5  19   4]
 [ 13 234  41   4   9   4]
 [  7   8 412  15   4  10]
 [ 16   3  32 314   5   7]
 [  9   4   1   8 327  15]
 [  2   7  16   3  10 231]]";0.6923076923076923;0.6570485464940564;"[[ 26  19  10   9  10   6]
 [ 16 112  32   2  10   5]
 [  1  10 154  14  11  11]
 [ 17   6  17 155  11   5]
 [ 11  14   2   5 133  14]
 [  3   6  18   1  12 113]]";414;[53 84 58 86 71 62]
780;CiteSeer;own;1;0.2;64;0.5;1;0.005;1078341212;1.0;1.0;"[[54  0  0  0  0  0]
 [ 0 86  0  0  0  0]
 [ 0  0 58  0  0  0]
 [ 0  0  0 88  0  0]
 [ 0  0  0  0 72  0]
 [ 0  0  0  0  0 62]]";0.838405036726128;0.8132556183079102;"[[ 82  21  11   4  18   4]
 [ 14 233  41   4   9   3]
 [  7   9 412  10   4   9]
 [ 17   3  37 312   4   6]
 [  9   4   1   8 326  15]
 [  2   7  16   3   8 233]]";0.6833166833166833;0.6485186255662166;"[[ 26  19   9  11   9   6]
 [ 20 107  34   2   9   5]
 [  1  10 154  14  11  11]
 [ 16   6  21 153  11   4]
 [ 12  14   1   5 132  15]
 [  4   8  16   1  12 112]]";420;[54 86 58 88 72 62]
781;CiteSeer;own;1;0.2;64;0.5;1;0.005;1879891568;0.0;0.0;[[]];0.20077386070507308;0.055734574531567015;"[[  0   0 184   0   0   0]
 [  0   0 413   0   0   0]
 [  0   0 467   0   0   0]
 [  0   0 490   0   0   0]
 [  0   0 417   0   0   0]
 [  0   0 355   0   0   0]]";0.2007992007992008;0.05574043261231282;"[[  0   0  80   0   0   0]
 [  0   0 177   0   0   0]
 [  0   0 201   0   0   0]
 [  0   0 211   0   0   0]
 [  0   0 179   0   0   0]
 [  0   0 153   0   0   0]]";0;[]
782;CiteSeer;own;1;0.2;64;0.5;1;0.005;1879891568;0.8333333333333334;0.8333333333333333;"[[1 0 1 0]
 [0 1 0 0]
 [0 0 1 0]
 [0 0 0 2]]";0.23577586206896553;0.14562311063763195;"[[  0  24   0   0 147   7]
 [  0  31   0   0 365  16]
 [  0  79   0   0 370  16]
 [  0  48   0   0 396  44]
 [  0   3   0   0 383  31]
 [  0  41   0   0 186 133]]";0.23476523476523475;0.147462762995331;"[[  0  10   0   0  65   5]
 [  0  14   0   0 153  10]
 [  0  37   1   0 156   7]
 [  0  25   0   0 168  18]
 [  0   6   0   0 163  10]
 [  0  14   0   0  82  57]]";6;[2 0 1 0 1 2]
783;CiteSeer;own;1;0.2;64;0.5;1;0.005;1879891568;1.0;1.0;"[[3 0 0 0 0 0]
 [0 1 0 0 0 0]
 [0 0 1 0 0 0]
 [0 0 0 2 0 0]
 [0 0 0 0 2 0]
 [0 0 0 0 0 3]]";0.40924805531547104;0.25918476775870675;"[[ 10   6   0 128  30   0]
 [  5  14   0 337  43   1]
 [  0   0   0 356   8   0]
 [  0   0   0 564  34   1]
 [  6   1   0  96 321   2]
 [ 19   4   0 261  29  38]]";0.35364635364635366;0.23310957447711403;"[[  3   0   0  55  22   0]
 [  2   9   0 141  25   0]
 [  0   0   1 192   8   0]
 [  0   0   0 195  15   1]
 [  2   2   0  41 134   0]
 [ 12   5   0 112  12  12]]";12;[3 1 1 2 2 3]
784;CiteSeer;own;1;0.2;64;0.5;1;0.005;1879891568;1.0;1.0;"[[4 0 0 0 0 0]
 [0 2 0 0 0 0]
 [0 0 1 0 0 0]
 [0 0 0 3 0 0]
 [0 0 0 0 3 0]
 [0 0 0 0 0 5]]";0.462738301559792;0.33471305590891526;"[[ 12   5   0 104  36   9]
 [  8  34   0 269  53  28]
 [  0   2   0 351   6   0]
 [ 10   2   0 556  33   2]
 [ 11   2   0  86 329   2]
 [  2   8   0 171  40 137]]";0.4025974025974026;0.32126143421269654;"[[ 10   3   0  35  24   8]
 [  4  16   0 110  32  15]
 [  0   1   1 191   7   1]
 [  2   1   0 186  19   3]
 [  3   0   0  41 133   2]
 [  1   2   0  72  21  57]]";18;[4 2 1 3 3 5]
785;CiteSeer;own;1;0.2;64;0.5;1;0.005;1879891568;0.9583333333333334;0.9629629629629629;"[[4 0 0 1 0 0]
 [0 4 0 0 0 0]
 [0 0 1 0 0 0]
 [0 0 0 4 0 0]
 [0 0 0 0 4 0]
 [0 0 0 0 0 6]]";0.49609035621198955;0.3803308316291795;"[[ 12  19   0  89  33  12]
 [  4  81   0 226  53  26]
 [  1   3   0 347   6   1]
 [ 10   6   0 547  34   4]
 [  6   9   0  75 321  15]
 [  1   5   0 132  43 181]]";0.4485514485514486;0.37343739824799554;"[[  9   5   0  33  23  10]
 [  2  38   0  86  36  15]
 [  0   1   1 191   7   1]
 [  2   3   0 185  18   3]
 [  2   6   0  29 136   6]
 [  1   2   0  48  22  80]]";24;[5 4 1 4 4 6]
786;CiteSeer;own;1;0.2;64;0.5;1;0.005;1879891568;0.9666666666666667;0.9777777777777779;"[[5 0 0 0 0 0]
 [0 5 0 0 0 0]
 [0 0 1 0 0 0]
 [0 0 0 4 0 0]
 [0 0 0 0 7 0]
 [0 0 0 0 1 7]]";0.4886759581881533;0.34694093381561936;"[[ 17   3   0  50  87   5]
 [  6  30   0 138 207   8]
 [  0   2   0 324  32   0]
 [ 11   1   0 519  67   2]
 [  3   1   0  20 408   4]
 [  1   4   0  67 131 148]]";0.44155844155844154;0.345392566875957;"[[ 11   1   0  20  45   3]
 [  4  18   0  55  93   7]
 [  0   1   1 179  19   1]
 [  4   0   0 178  28   1]
 [  2   0   0   8 167   2]
 [  1   3   0  22  60  67]]";30;[5 5 1 4 7 8]
787;CiteSeer;own;1;0.2;64;0.5;1;0.005;1879891568;0.9722222222222222;0.9801169590643276;"[[6 0 0 0 0 0]
 [0 7 0 0 0 0]
 [0 0 1 0 0 0]
 [0 0 0 5 0 0]
 [0 0 0 0 7 0]
 [0 0 0 0 1 9]]";0.5362445414847161;0.4210364336622972;"[[ 23  25   0  46  58   9]
 [ 12 125   0 119 113  16]
 [  0  12   0 318  27   2]
 [ 10   3   0 515  70   2]
 [  5   4   0  17 404   6]
 [  2   5   0  59 122 161]]";0.46653346653346656;0.38830260895089547;"[[ 13   9   0  18  35   5]
 [  6  46   0  47  64  14]
 [  0   4   1 176  18   2]
 [  8   1   0 172  27   3]
 [  4   5   0   7 160   3]
 [  1   3   0  19  55  75]]";36;[ 6  7  1  5  7 10]
788;CiteSeer;own;1;0.2;64;0.5;1;0.005;1879891568;0.9761904761904762;0.9371980676328501;"[[ 7  0  0  0  0  0]
 [ 0  9  0  0  0  0]
 [ 0  0  1  0  0  1]
 [ 0  0  0  6  0  0]
 [ 0  0  0  0  7  0]
 [ 0  0  0  0  0 11]]";0.5831873905429071;0.48190650925865935;"[[ 29  50   0  35  43   7]
 [ 18 226   0  66  74  17]
 [  2  47   4 269  25   5]
 [ 23  20   1 469  71  14]
 [  8   7   0  14 389  13]
 [  3  12   0  40  68 215]]";0.5004995004995005;0.42785545339762016;"[[ 12  17   0  17  30   4]
 [ 13  83   0  32  37  12]
 [  0  34   3 143  17   4]
 [  9  10   0 154  29   9]
 [  4   6   0   8 156   5]
 [  1   7   0  16  36  93]]";42;[ 7  9  2  6  7 11]
789;CiteSeer;own;1;0.2;64;0.5;1;0.005;1879891568;1.0;1.0;"[[10  0  0  0  0  0]
 [ 0  9  0  0  0  0]
 [ 0  0  3  0  0  0]
 [ 0  0  0  6  0  0]
 [ 0  0  0  0  7  0]
 [ 0  0  0  0  0 13]]";0.5684811237928007;0.5086694003879052;"[[ 56  56   2  35  17   6]
 [ 28 264   4  66  24  13]
 [  5  54  10 332  19   2]
 [ 49  35   1 393  31  12]
 [ 14  13   5  23 366   7]
 [  3  20   1  44  62 206]]";0.4985014985014985;0.441966834132064;"[[ 17  22   1  17  20   3]
 [ 18  97   2  33  18   9]
 [  0  35   5 149  10   2]
 [ 24  16   1 153  12   5]
 [ 15  10   0  11 141   2]
 [  1  15   2  17  32  86]]";48;[10  9  3  6  7 13]
790;CiteSeer;own;1;0.2;64;0.5;1;0.005;1879891568;1.0;1.0;"[[11  0  0  0  0  0]
 [ 0  9  0  0  0  0]
 [ 0  0  4  0  0  0]
 [ 0  0  0  6  0  0]
 [ 0  0  0  0 10  0]
 [ 0  0  0  0  0 14]]";0.5514964788732394;0.4972751554523071;"[[ 53  35   3  17  48   7]
 [ 37 181   7  54  98  20]
 [  4  28  31 306  46   6]
 [ 16  17   2 360 103  15]
 [  7   8   0   8 419   3]
 [  2   9   1  20  92 209]]";0.46853146853146854;0.40282928275306856;"[[ 11  14   0  12  38   5]
 [ 23  58   1  25  54  16]
 [  0  16  13 137  26   9]
 [  8   8   0 142  49   4]
 [  7   7   0   4 160   1]
 [  1  10   1  10  46  85]]";54;[11  9  4  6 10 14]
791;CiteSeer;own;1;0.2;64;0.5;1;0.005;1879891568;1.0;1.0;"[[12  0  0  0  0  0]
 [ 0 11  0  0  0  0]
 [ 0  0  6  0  0  0]
 [ 0  0  0  7  0  0]
 [ 0  0  0  0 10  0]
 [ 0  0  0  0  0 14]]";0.5997352162400706;0.5720640855715984;"[[ 54  34   6  12  50   5]
 [ 42 187  45  20  82  11]
 [  4  28 171 199  46   5]
 [  7  24  14 329 109   9]
 [  7   9   3   7 409   6]
 [  1  21   7  16  78 209]]";0.5134865134865135;0.46861957602553445;"[[ 10  21   3   6  37   3]
 [ 20  67  27   6  47  10]
 [  0  17  63  93  25   3]
 [  5  15   5 127  54   5]
 [  6   9   0   2 160   2]
 [  1  15   5   9  36  87]]";60;[12 11  6  7 10 14]
792;CiteSeer;own;1;0.2;64;0.5;1;0.005;1879891568;1.0;1.0;"[[13  0  0  0  0  0]
 [ 0 11  0  0  0  0]
 [ 0  0  8  0  0  0]
 [ 0  0  0  8  0  0]
 [ 0  0  0  0 11  0]
 [ 0  0  0  0  0 15]]";0.6030973451327434;0.5813911037902841;"[[ 89  26   6  11  38   4]
 [ 92 154  41  20  68  12]
 [  8  21 191 200  26   4]
 [ 33  15  10 333  89   8]
 [ 24   3   6   1 392   7]
 [  9  15  12  18  70 204]]";0.5034965034965035;0.46839821227287365;"[[ 15  16   5   6  34   4]
 [ 46  49  24   9  42   7]
 [  3  16  68  95  16   3]
 [ 16  11   4 135  43   2]
 [ 22   6   1   2 146   2]
 [  3  11   5   7  36  91]]";66;[13 11  8  8 11 15]
793;CiteSeer;own;1;0.2;64;0.5;1;0.005;1879891568;0.9861111111111112;0.9885714285714285;"[[14  0  0  0  0  0]
 [ 0 12  0  0  0  1]
 [ 0  0  9  0  0  0]
 [ 0  0  0  8  0  0]
 [ 0  0  0  0 11  0]
 [ 0  0  0  0  0 17]]";0.6623779946761313;0.6345664915469226;"[[ 88  28  10   5  28  11]
 [ 61 161  81   6  47  22]
 [  9  20 335  49  19  31]
 [ 32  23  32 288  72  25]
 [ 37   3   4   0 376  13]
 [  8  12  19   5  49 245]]";0.5574425574425574;0.5132640272628087;"[[ 13  13   8   3  32  11]
 [ 33  54  45   1  28  16]
 [  4  14 132  29  11  11]
 [ 16  13  15 114  35  18]
 [ 25   5   2   2 141   4]
 [  3   9   8   1  28 104]]";72;[14 13  9  8 11 17]
794;CiteSeer;own;1;0.2;64;0.5;1;0.005;1879891568;0.9871794871794872;0.9822595704948647;"[[15  0  0  0  0  0]
 [ 0 14  0  0  0  0]
 [ 0  0 10  0  0  0]
 [ 0  0  1  8  0  0]
 [ 0  0  0  0 11  0]
 [ 0  0  0  0  0 19]]";0.6637010676156584;0.6331271389141978;"[[ 80  29  28   3  23   7]
 [ 44 170 103   1  35  17]
 [ 10  23 404  23  18  17]
 [ 34  22  83 219  67  29]
 [ 27   6  10   0 379   9]
 [  7  14  20   1  46 240]]";0.5444555444555444;0.5001223530400919;"[[ 14  16  12   2  29   7]
 [ 28  57  61   0  22   9]
 [  4  14 152  12  11   8]
 [ 16  14  47  78  35  21]
 [ 18  10   4   2 141   4]
 [  3  11  10   0  26 103]]";78;[15 14 10  9 11 19]
795;CiteSeer;own;1;0.2;64;0.5;1;0.005;1879891568;0.9880952380952381;0.9848171152518979;"[[15  0  0  0  0  0]
 [ 0 16  0  0  0  0]
 [ 0  0 11  0  0  0]
 [ 0  0  1 10  0  0]
 [ 0  0  0  0 11  0]
 [ 0  0  0  0  0 20]]";0.6752899197145406;0.6471537632490777;"[[ 73  30  26   6  28   5]
 [ 25 179  97   2  52  15]
 [  5  21 399  35  19  12]
 [ 26  17  90 243  70   9]
 [ 17   7   8   1 390   8]
 [  7   8  28   1  53 230]]";0.5704295704295704;0.5266569265175379;"[[ 14  13  14   3  31   5]
 [ 23  59  52   1  32  10]
 [  2   9 151  17  13   9]
 [ 13  12  42 101  39   4]
 [ 13  10   5   2 147   2]
 [  3   9  11   0  31  99]]";84;[15 16 11 11 11 20]
796;CiteSeer;own;1;0.2;64;0.5;1;0.005;1879891568;1.0;1.0;"[[15  0  0  0  0  0]
 [ 0 17  0  0  0  0]
 [ 0  0 12  0  0  0]
 [ 0  0  0 14  0  0]
 [ 0  0  0  0 11  0]
 [ 0  0  0  0  0 21]]";0.6963327370304114;0.67039505475203;"[[ 75  34  23   6  25   4]
 [ 18 197  94   2  44  17]
 [  5  23 390  35  18  18]
 [ 23  22  54 283  62  12]
 [ 15  10  13   1 381   7]
 [  5  11  26   2  50 231]]";0.5814185814185814;0.5379219624761419;"[[ 14  13  14   4  29   6]
 [ 16  66  52   1  28  14]
 [  2  12 147  19  11  10]
 [ 10  12  30 116  39   4]
 [ 14  13   5   2 141   4]
 [  1  10  13   0  31  98]]";90;[15 17 12 14 11 21]
797;CiteSeer;own;1;0.2;64;0.5;1;0.005;1879891568;0.9895833333333334;0.9884508164078056;"[[15  0  0  0  0  0]
 [ 0 17  0  0  0  0]
 [ 0  0 13  0  0  0]
 [ 0  0  1 15  0  0]
 [ 0  0  0  0 13  0]
 [ 0  0  0  0  0 22]]";0.7044843049327354;0.6760869238356654;"[[ 68  30  21  11  32   5]
 [ 12 191  98   5  45  20]
 [  4  20 393  32  21  20]
 [ 13  17  59 289  62  12]
 [  9   7   8   5 390   6]
 [  4   8  23   4  46 240]]";0.5914085914085914;0.5416660243192495;"[[ 12  12  13   7  30   6]
 [ 11  65  49   5  31  16]
 [  2  13 142  19  12  13]
 [  6  10  29 123  37   6]
 [ 10  12   2   3 148   4]
 [  1  10  13   1  26 102]]";96;[15 17 13 16 13 22]
798;CiteSeer;own;1;0.2;64;0.5;1;0.005;1879891568;0.9901960784313726;0.9916919959473152;"[[15  0  0  0  0  0]
 [ 0 18  0  0  0  0]
 [ 0  0 15  0  0  0]
 [ 0  0  0 17  0  0]
 [ 0  0  0  0 13  0]
 [ 0  0  0  1  0 23]]";0.6924460431654677;0.6604859481736086;"[[ 59  31  37   8  23   4]
 [  7 166 141   7  28  17]
 [  1  21 412  33  16  12]
 [ 15  13  86 287  46   6]
 [ 10   7   8   7 387   6]
 [  4  11  33   6  40 229]]";0.5954045954045954;0.5445289518247421;"[[ 12  12  19   4  29   4]
 [  9  57  75   4  19  13]
 [  1  11 155  17  12   5]
 [  6   7  39 130  24   5]
 [  9  12   6   3 145   4]
 [  1  12  16   1  26  97]]";102;[15 18 15 17 13 24]
799;CiteSeer;own;1;0.2;64;0.5;1;0.005;1879891568;1.0;1.0;"[[16  0  0  0  0  0]
 [ 0 19  0  0  0  0]
 [ 0  0 16  0  0  0]
 [ 0  0  0 17  0  0]
 [ 0  0  0  0 15  0]
 [ 0  0  0  0  0 25]]";0.7064923354373309;0.6681812701231752;"[[ 50  32  25   8  31   7]
 [  8 189 117   5  32  17]
 [  1  22 405  32  14  16]
 [ 13  13  79 286  55   8]
 [  9   7   7   3 399   6]
 [  4   8  26   3  43 238]]";0.6053946053946054;0.5524827936001865;"[[ 11  13  14   3  32   7]
 [ 12  65  64   4  19  13]
 [  1  13 148  18  13   8]
 [  5   9  34 126  28   9]
 [  6  11   3   4 151   4]
 [  1  10  15   0  22 105]]";108;[16 19 16 17 15 25]
800;CiteSeer;own;1;0.2;64;0.5;1;0.005;1879891568;0.9912280701754386;0.9916614550760893;"[[17  0  0  0  0  0]
 [ 0 19  0  1  0  0]
 [ 0  0 17  0  0  0]
 [ 0  0  0 20  0  0]
 [ 0  0  0  0 15  0]
 [ 0  0  0  0  0 25]]";0.7138336347197106;0.6735830700133452;"[[ 53  28  25  13  25   6]
 [ 23 175 114   9  27  17]
 [  1  20 409  35  13  14]
 [  7  14  73 308  45   8]
 [ 12   4   7   3 397   6]
 [  5   9  24   4  42 237]]";0.6073926073926074;0.5526302922358917;"[[ 11  12  14   9  26   8]
 [ 20  61  62   4  17  13]
 [  0  13 149  19  12   8]
 [  3  10  35 132  24   7]
 [  7  11   3   4 151   3]
 [  1  11  15   1  21 104]]";114;[17 20 17 20 15 25]
801;CiteSeer;own;1;0.2;64;0.5;1;0.005;1879891568;1.0;1.0;"[[17  0  0  0  0  0]
 [ 0 21  0  0  0  0]
 [ 0  0 19  0  0  0]
 [ 0  0  0 21  0  0]
 [ 0  0  0  0 16  0]
 [ 0  0  0  0  0 26]]";0.7162284678150499;0.6757871511725188;"[[ 53  28  22  13  28   6]
 [ 26 180 109   3  29  17]
 [  1  19 415  34  11  12]
 [  7  22  74 297  46   9]
 [  9   3   5   5 400   6]
 [  3  11  21   2  45 235]]";0.6083916083916084;0.5472527771243857;"[[  8  11  13  13  26   9]
 [ 15  65  58   5  20  14]
 [  0  13 151  17  13   7]
 [  3  15  31 131  20  11]
 [  6  11   2   8 149   3]
 [  1  10  14   0  23 105]]";120;[17 21 19 21 16 26]
802;CiteSeer;own;1;0.2;64;0.5;1;0.005;1879891568;1.0;1.0;"[[18  0  0  0  0  0]
 [ 0 22  0  0  0  0]
 [ 0  0 20  0  0  0]
 [ 0  0  0 22  0  0]
 [ 0  0  0  0 17  0]
 [ 0  0  0  0  0 27]]";0.7218181818181818;0.6848785130137904;"[[ 58  30  17  11  27   6]
 [ 29 203  86   3  27  16]
 [  1  23 406  40  12  13]
 [  9  28  63 289  44  11]
 [ 10   4   4   9 398   7]
 [  5  17  16   3  41 234]]";0.6193806193806194;0.5633996860151075;"[[ 10  15  12  10  26   7]
 [ 20  73  48   4  19  13]
 [  0  16 151  15  13   6]
 [  4  16  29 130  22  10]
 [  5  11   2   7 152   2]
 [  1  12  13   0  23 104]]";126;[18 22 20 22 17 27]
803;CiteSeer;own;1;0.2;64;0.5;1;0.005;1879891568;0.9924242424242424;0.9923888600588132;"[[19  0  0  0  0  0]
 [ 0 24  0  0  0  0]
 [ 0  0 20  0  0  0]
 [ 0  0  1 23  0  0]
 [ 0  0  0  0 18  0]
 [ 0  0  0  0  0 27]]";0.7242479489516864;0.6899208854079171;"[[ 62  26  17  13  27   7]
 [ 25 188  92   6  29  18]
 [  1  17 413  40  12  12]
 [  5  17  74 293  42  11]
 [  9   3   4  11 397   7]
 [  5  10  18   6  41 236]]";0.6183816183816184;0.5610798587259769;"[[ 11  12  13  12  26   6]
 [ 20  61  56   4  22  14]
 [  0  11 156  15  12   7]
 [  3  13  34 135  19   7]
 [  3  11   2  10 151   2]
 [  1  11  13   0  23 105]]";132;[19 24 20 24 18 27]
804;CiteSeer;own;1;0.2;64;0.5;1;0.005;1879891568;0.9855072463768116;0.9840175080741118;"[[19  0  0  0  1  0]
 [ 1 26  0  0  0  0]
 [ 0  0 20  0  0  0]
 [ 0  0  0 25  0  0]
 [ 0  0  0  0 18  0]
 [ 0  0  0  0  0 28]]";0.7445155393053017;0.7104660877486343;"[[ 59  28  17  12  26   8]
 [ 17 233  60   5  28  16]
 [  1  19 406  40  14  16]
 [  5  19  63 299  43  11]
 [  7   6   2  10 398   7]
 [  4  15  17   6  37 234]]";0.6463536463536463;0.5908448095528632;"[[ 11  14  11  12  25   7]
 [ 13  90  40   4  19  11]
 [  0  13 152  15  12   9]
 [  3  12  28 136  22  10]
 [  2  12   2   7 153   3]
 [  1  12  13   0  22 105]]";138;[20 27 20 25 18 28]
805;CiteSeer;own;1;0.2;64;0.5;1;0.005;1879891568;1.0;1.0;"[[21  0  0  0  0  0]
 [ 0 28  0  0  0  0]
 [ 0  0 20  0  0  0]
 [ 0  0  0 27  0  0]
 [ 0  0  0  0 20  0]
 [ 0  0  0  0  0 28]]";0.7442713107241063;0.7149564839753207;"[[ 65  28  18   9  23   4]
 [ 20 234  65   3  26  14]
 [  1  23 399  39  13  16]
 [  6  21  66 299  37  11]
 [ 10   5   4   9 394   7]
 [  5  15  23   4  33 233]]";0.6343656343656343;0.5863118982647401;"[[ 14  13  13  10  25   5]
 [ 21  83  42   3  18  10]
 [  0  13 152  13  13  10]
 [  4  15  32 133  19   8]
 [  4  14   2   8 148   3]
 [  1  12  14   0  21 105]]";144;[21 28 20 27 20 28]
806;CiteSeer;own;1;0.2;64;0.5;1;0.005;1879891568;0.9866666666666667;0.9856242968238073;"[[21  0  0  0  0  0]
 [ 0 30  0  0  0  0]
 [ 0  0 20  0  0  0]
 [ 1  0  0 28  0  0]
 [ 1  0  0  0 21  0]
 [ 0  0  0  0  0 28]]";0.7545955882352942;0.7281475482423095;"[[ 69  25  18  13  21   2]
 [ 15 235  65   5  28  14]
 [  1  21 390  40  14  18]
 [  6  17  60 317  30   9]
 [  8   6   4  10 399   5]
 [  6  12  19   6  36 232]]";0.6453546453546454;0.5948496548772915;"[[ 14  13  12  12  24   5]
 [ 18  80  43   5  20  11]
 [  0  12 152  15  12  10]
 [  3  12  31 144  14   7]
 [  4  13   2   8 150   2]
 [  1  11  14   0  21 106]]";150;[21 30 20 29 22 28]
807;CiteSeer;own;1;0.2;64;0.5;1;0.005;1879891568;1.0;1.0;"[[21  0  0  0  0  0]
 [ 0 32  0  0  0  0]
 [ 0  0 21  0  0  0]
 [ 0  0  0 30  0  0]
 [ 0  0  0  0 24  0]
 [ 0  0  0  0  0 28]]";0.7502304147465437;0.7181138167521447;"[[ 59  28  15  13  26   6]
 [ 10 230  65   7  34  14]
 [  1  19 402  32  17  12]
 [  5  14  65 308  39  10]
 [  6   6   5   6 407   5]
 [  3  10  20   3  46 222]]";0.6393606393606394;0.5852633507711184;"[[ 12  13  10  13  27   5]
 [ 14  80  42   8  23  10]
 [  0  11 156  13  12   9]
 [  3  11  32 140  20   5]
 [  2  14   2   8 152   1]
 [  1  10  16   2  24 100]]";156;[21 32 21 30 24 28]
808;CiteSeer;own;1;0.2;64;0.5;1;0.005;1879891568;1.0;1.0;"[[22  0  0  0  0  0]
 [ 0 34  0  0  0  0]
 [ 0  0 23  0  0  0]
 [ 0  0  0 31  0  0]
 [ 0  0  0  0 24  0]
 [ 0  0  0  0  0 28]]";0.7578558225508318;0.7248960337353196;"[[ 59  29  16  12  25   6]
 [ 10 244  55   6  30  14]
 [  1  20 398  33  18  16]
 [  5  16  60 305  36  12]
 [  7   7   5   1 411   4]
 [  2  12  15   5  46 223]]";0.6333666333666333;0.5819520077926703;"[[ 12  15   8  13  27   5]
 [ 14  88  37   5  21  12]
 [  0  15 147  15  13  11]
 [  3  12  30 135  25   6]
 [  3  14   2   8 151   1]
 [  1  13  16   2  20 101]]";162;[22 34 23 31 24 28]
809;CiteSeer;own;1;0.2;64;0.5;1;0.005;1879891568;0.9880952380952381;0.9872104701850298;"[[22  0  0  0  0  0]
 [ 1 36  0  0  0  0]
 [ 0  0 24  0  1  0]
 [ 0  0  0 31  0  0]
 [ 0  0  0  0 24  0]
 [ 0  0  0  0  0 29]]";0.7455977757182577;0.7150365999975907;"[[ 62  25  30   7  21   2]
 [ 13 222  79   4  23  13]
 [  1  21 429  19  14   7]
 [  6  15  92 281  31   8]
 [  8   6   9   0 407   3]
 [  4  12  26   1  49 208]]";0.6313686313686314;0.583083850552116;"[[ 14  11  16  10  26   3]
 [ 18  77  53   4  18   7]
 [  0  13 164   7  11   6]
 [  4  13  42 129  18   5]
 [  3  14   3   7 151   1]
 [  1  14  17   2  22  97]]";168;[22 37 25 31 24 29]
810;CiteSeer;own;1;0.2;64;0.5;1;0.005;1879891568;0.9827586206896551;0.9822111750683179;"[[22  1  0  0  0  0]
 [ 0 38  0  0  0  0]
 [ 0  0 24  0  1  0]
 [ 0  0  0 32  0  0]
 [ 0  1  0  0 25  0]
 [ 0  0  0  0  0 30]]";0.7560408921933085;0.7245279124050303;"[[ 59  25  27  10  21   3]
 [  8 250  56   5  22  11]
 [  1  26 418  20  15  11]
 [  6  20  78 283  34   9]
 [  7   9   9   0 407   3]
 [  2  16  23   1  47 210]]";0.6453546453546454;0.5917605676420896;"[[ 11  13  14  11  25   6]
 [ 12  98  39   5  15   8]
 [  0  17 158   7  13   6]
 [  4  15  36 130  20   6]
 [  3  13   3   8 151   1]
 [  1  15  16   2  21  98]]";174;[23 38 25 32 26 30]
811;CiteSeer;own;1;0.2;64;0.5;1;0.005;1879891568;0.9888888888888889;0.989132576107366;"[[24  0  0  0  0  0]
 [ 0 39  0  0  0  0]
 [ 0  0 24  1  0  0]
 [ 0  0  0 33  0  0]
 [ 0  0  0  0 26  0]
 [ 0  0  0  1  0 32]]";0.7637465051258154;0.7336433471062452;"[[ 64  24  26  11  18   3]
 [ 10 254  48   7  22  11]
 [  2  21 413  20  16  18]
 [  9  19  71 286  28  14]
 [  9   4   9   0 404   6]
 [  1   7  24   8  41 218]]";0.6383616383616384;0.5843279428523833;"[[ 11  13  11  15  23   7]
 [ 14  95  35   6  19   8]
 [  0  14 157   9  11  10]
 [  7  14  40 124  19   7]
 [  4  10   2   8 152   3]
 [  1  10  17   6  19 100]]";180;[24 39 25 33 26 33]
812;CiteSeer;own;1;0.2;64;0.5;1;0.005;1879891568;0.9946236559139785;0.9943155344329512;"[[25  0  0  0  0  0]
 [ 0 40  0  0  0  0]
 [ 0  0 24  1  0  0]
 [ 0  0  0 36  0  0]
 [ 0  0  0  0 26  0]
 [ 0  0  0  0  0 34]]";0.7696261682242991;0.7410598625481173;"[[ 66  25  25   8  18   4]
 [ 10 251  45   7  25  12]
 [  3  20 409  24  15  18]
 [  7  15  73 290  25  13]
 [  7   6   7   0 407   5]
 [  2   8  21   8  37 224]]";0.6443556443556444;0.5907666626106852;"[[ 12  13  13  12  23   7]
 [ 16  91  33   4  19  14]
 [  1  12 155  10  12  11]
 [  5  14  37 134  14   7]
 [  4  10   3   8 151   3]
 [  1  11  17   3  19 102]]";186;[25 40 25 36 26 34]
813;CiteSeer;own;1;0.2;64;0.5;1;0.005;1879891568;0.9947916666666666;0.9946331236897273;"[[25  0  0  0  0  0]
 [ 0 41  0  0  0  0]
 [ 0  0 26  1  0  0]
 [ 0  0  0 37  0  0]
 [ 0  0  0  0 28  0]
 [ 0  0  0  0  0 34]]";0.7685098406747891;0.738264031401418;"[[ 62  25  25  10  19   3]
 [ 11 255  44   4  27   9]
 [  2  22 420  23  16  12]
 [  7  17  76 280  29   8]
 [  6   6   7   0 404   5]
 [  1  10  21   7  42 219]]";0.6453546453546454;0.5944235283571658;"[[ 13  15  13  10  24   5]
 [ 17  94  33   4  19  10]
 [  1  12 156  12  12   8]
 [  5  15  39 132  15   5]
 [  4  11   1   8 153   2]
 [  1  13  17   4  20  98]]";192;[25 41 27 37 28 34]
814;CiteSeer;own;1;0.2;64;0.5;1;0.005;1879891568;0.9949494949494949;0.9949115212273106;"[[27  0  0  0  0  0]
 [ 0 42  0  0  0  0]
 [ 0  0 27  0  0  0]
 [ 0  0  0 38  1  0]
 [ 0  0  0  0 28  0]
 [ 0  0  0  0  0 35]]";0.7730263157894737;0.743907467478447;"[[ 63  23  23   9  19   3]
 [ 12 258  41   5  27   8]
 [  3  22 418  24  14  13]
 [  7  19  74 280  29   8]
 [  6   6   7   1 403   5]
 [  1  10  20   7  37 223]]";0.6463536463536463;0.5960353285359782;"[[ 13  16  12  10  24   5]
 [ 17  97  28   4  24   7]
 [  1  12 156  12  12   8]
 [  5  15  37 132  16   6]
 [  6  11   1   8 149   4]
 [  1  13  16   4  19 100]]";198;[27 42 27 39 28 35]
815;CiteSeer;own;1;0.2;64;0.5;1;0.005;1879891568;1.0;1.0;"[[27  0  0  0  0  0]
 [ 0 44  0  0  0  0]
 [ 0  0 29  0  0  0]
 [ 0  0  0 39  0  0]
 [ 0  0  0  0 29  0]
 [ 0  0  0  0  0 36]]";0.7752120640904807;0.7441520241132052;"[[ 58  23  25   7  20   3]
 [ 10 259  43   7  22  11]
 [  2  21 425  20  14  11]
 [  7  20  77 278  25   8]
 [  5   6  10   3 399   4]
 [  0  10  23   7  33 226]]";0.6403596403596403;0.5899362024320375;"[[ 13  14  13  10  24   6]
 [ 14  97  32   5  18  11]
 [  1  12 161   9  10   8]
 [  5  15  46 124  15   6]
 [  4  11   1  11 148   4]
 [  1  13  17   5  19  98]]";204;[27 44 29 39 29 36]
816;CiteSeer;own;1;0.2;64;0.5;1;0.005;1879891568;0.9904761904761905;0.990183615819209;"[[27  0  0  0  0  0]
 [ 0 46  0  0  0  0]
 [ 0  0 29  0  0  0]
 [ 0  0  1 39  1  0]
 [ 0  0  0  0 29  0]
 [ 0  0  0  0  0 38]]";0.7665406427221172;0.7366081074021484;"[[ 57  25  20  11  18   4]
 [  5 260  39   9  22  13]
 [  2  29 392  19  14  26]
 [  7  22  67 288  27   8]
 [  4   6   9   4 395   5]
 [  0  17  19  10  33 230]]";0.6483516483516484;0.5937461561005696;"[[ 11  14  13  12  23   7]
 [ 12 103  25   6  21  10]
 [  1  15 154  10  11  10]
 [  5  15  39 133  15   4]
 [  4  10   1  11 149   4]
 [  1  12  15   6  20  99]]";210;[27 46 29 41 29 38]
817;CiteSeer;own;1;0.2;64;0.5;1;0.005;1879891568;0.9861111111111112;0.9839280926867696;"[[27  0  0  0  0  0]
 [ 0 47  0  0  0  0]
 [ 0  0 30  0  0  0]
 [ 0  0  0 41  0  0]
 [ 1  0  1  0 29  0]
 [ 0  0  1  0  0 39]]";0.7672985781990521;0.7362160152481118;"[[ 55  27  22  11  16   4]
 [  6 265  40   9  16  11]
 [  2  33 390  18  13  24]
 [  7  23  76 286  21   6]
 [  4   6   9   4 394   5]
 [  0  18  21   6  33 229]]";0.6503496503496503;0.5945968436837857;"[[ 10  15  13  14  21   7]
 [ 11 108  25   7  17   9]
 [  1  16 154  10  10  10]
 [  5  14  47 129  13   3]
 [  4   9   1  11 149   5]
 [  1  11  14   6  20 101]]";216;[27 47 30 41 31 40]
818;CiteSeer;own;1;0.2;64;0.5;1;0.005;1879891568;0.990990990990991;0.990697149183252;"[[27  0  0  0  0  0]
 [ 1 47  0  0  0  0]
 [ 0  0 30  0  0  0]
 [ 0  0  0 44  1  0]
 [ 0  0  0  0 31  0]
 [ 0  0  0  0  0 41]]";0.7789923954372624;0.7456309485485204;"[[ 54  25  17  15  17   7]
 [  5 266  39  12  17  10]
 [  1  33 386  23  12  23]
 [  7  16  60 309  20   8]
 [  5   5   7   4 392   5]
 [  0  12  17  10  33 232]]";0.6583416583416584;0.6013345825934071;"[[ 10  15  12  15  21   7]
 [ 11 107  21  11  18   9]
 [  1  13 153  16  10   8]
 [  5  14  38 140  11   3]
 [  3   9   1  13 147   6]
 [  1  10  14   6  20 102]]";222;[27 48 30 45 31 41]
819;CiteSeer;own;1;0.2;64;0.5;1;0.005;1879891568;0.9912280701754386;0.9897283531409168;"[[28  0  0  0  0  0]
 [ 0 50  0  0  0  0]
 [ 1  0 29  1  0  0]
 [ 0  0  0 46  0  0]
 [ 0  0  0  0 31  0]
 [ 0  0  0  0  0 42]]";0.7940896091515729;0.7620362436639967;"[[ 55  25  15  13  17   8]
 [  4 277  38   6  16  12]
 [  1  32 387  21  13  17]
 [  6  16  60 317  16   4]
 [  5   7   7   5 389   4]
 [  1   8  20   6  29 241]]";0.6643356643356644;0.6041897127688981;"[[  8  18  10  14  21   9]
 [ 11 113  18   8  17  10]
 [  1  16 155  11  11   7]
 [  5  14  46 138   7   1]
 [  7   9   1  15 143   4]
 [  1   8  15   2  19 108]]";228;[28 50 31 46 31 42]
820;CiteSeer;own;1;0.2;64;0.5;1;0.005;1879891568;1.0;1.0;"[[29  0  0  0  0  0]
 [ 0 53  0  0  0  0]
 [ 0  0 32  0  0  0]
 [ 0  0  0 46  0  0]
 [ 0  0  0  0 31  0]
 [ 0  0  0  0  0 43]]";0.7968451242829828;0.7671903876724748;"[[ 58  23  17  11  14   9]
 [  5 277  37   5  17  10]
 [  0  32 389  19  13  18]
 [  6  15  62 312  16   6]
 [  6   6   9   3 388   5]
 [  2   8  20   7  24 243]]";0.6683316683316683;0.613901508267671;"[[ 11  17  12  10  22   8]
 [ 12 113  20   8  12  12]
 [  1  16 156  11   9   8]
 [  5  14  45 137   7   3]
 [  8   9   1  14 142   5]
 [  1   7  16   2  17 110]]";234;[29 53 32 46 31 43]
821;CiteSeer;own;1;0.2;64;0.5;1;0.005;1879891568;0.9916666666666667;0.9913325737363442;"[[28  1  0  0  0  0]
 [ 0 55  0  0  0  0]
 [ 0  0 33  1  0  0]
 [ 0  0  0 47  0  0]
 [ 0  0  0  0 31  0]
 [ 0  0  0  0  0 44]]";0.8039309683604986;0.7723889599266446;"[[ 55  26  17  11  14   8]
 [  4 282  35   5  15   9]
 [  0  27 393  18  12  20]
 [  5  16  61 311  17   6]
 [  4   6   9   3 389   5]
 [  1   9  18   6  22 247]]";0.6733266733266733;0.6145928861062893;"[[  9  19  12  12  21   7]
 [ 10 116  20   8  11  12]
 [  1  17 153  13   9   8]
 [  5  14  42 140   7   3]
 [  7   9   1  13 143   6]
 [  1   6  15   2  16 113]]";240;[29 55 34 47 31 44]
822;CiteSeer;own;1;0.2;64;0.5;1;0.005;1879891568;1.0;1.0;"[[30  0  0  0  0  0]
 [ 0 55  0  0  0  0]
 [ 0  0 34  0  0  0]
 [ 0  0  0 48  0  0]
 [ 0  0  0  0 32  0]
 [ 0  0  0  0  0 47]]";0.8028846153846154;0.7710408428974568;"[[ 55  23  16  13  14   9]
 [  5 274  37   4  18  13]
 [  0  23 391  17  13  22]
 [  5  15  59 316  16   6]
 [  4   6   8   4 388   5]
 [  1   5  21   7  21 246]]";0.6743256743256744;0.6168043683499662;"[[ 10  16   9  13  23   9]
 [ 11 113  21   7  11  14]
 [  1  13 155  14   9   9]
 [  5  13  42 141   7   3]
 [  8   9   1  13 143   5]
 [  1   6  15   2  16 113]]";246;[30 55 34 48 32 47]
823;CiteSeer;own;1;0.2;64;0.5;1;0.005;1879891568;0.9920634920634921;0.9919441512462756;"[[30  0  0  0  0  0]
 [ 1 55  1  0  0  0]
 [ 0  0 35  0  0  0]
 [ 0  0  0 51  0  0]
 [ 0  0  0  0 32  0]
 [ 0  0  0  0  0 47]]";0.8066538090646095;0.7744933592152741;"[[ 54  25  16  12  13   8]
 [  5 281  36   7  16   9]
 [  0  23 385  19  11  22]
 [  5  15  54 321  16   6]
 [  4   6   9   3 388   5]
 [  0   5  22   7  22 244]]";0.6883116883116883;0.6289937193626817;"[[ 10  17  10  14  21   8]
 [ 10 118  19   8  11  11]
 [  1  13 156  13   9   9]
 [  5  13  35 149   6   3]
 [  8   9   1  12 144   5]
 [  1   4  17   2  17 112]]";252;[30 57 35 51 32 47]
824;CiteSeer;own;1;0.2;64;0.5;1;0.005;1879891568;1.0;1.0;"[[31  0  0  0  0  0]
 [ 0 58  0  0  0  0]
 [ 0  0 35  0  0  0]
 [ 0  0  0 53  0  0]
 [ 0  0  0  0 33  0]
 [ 0  0  0  0  0 48]]";0.8007736943907157;0.7686975516948035;"[[ 54  27  18  11  13   7]
 [  6 278  42   4  13  14]
 [  0  24 379  19  10  20]
 [  5  14  61 317  16   6]
 [  4   6   9   1 386   5]
 [  0   5  22   9  21 242]]";0.6893106893106893;0.6298650227095388;"[[ 10  18   9  13  21   9]
 [ 13 117  21   7   9  10]
 [  1  13 155  15   7  10]
 [  5  13  32 152   5   4]
 [  8   9   2  12 143   5]
 [  1   5  16   2  16 113]]";258;[31 58 35 53 33 48]
825;CiteSeer;own;1;0.2;64;0.5;1;0.005;1879891568;0.9848484848484849;0.9838193234579012;"[[30  0  0  1  0  0]
 [ 0 59  1  0  0  0]
 [ 0  0 36  0  0  0]
 [ 0  0  0 55  0  0]
 [ 1  0  0  0 33  0]
 [ 0  1  0  0  0 47]]";0.8001939864209505;0.7677011926712964;"[[ 54  31  17   9  13   5]
 [  5 287  41   6  13   9]
 [  0  28 367  18   9  18]
 [  7  15  57 319  16   5]
 [  6   6   9   1 386   5]
 [  0   9  22   9  23 237]]";0.6863136863136863;0.6259871671977173;"[[  9  19  10  14  21   7]
 [ 11 122  20   5  12   7]
 [  1  14 151  19   8   8]
 [  6  14  30 153   6   2]
 [  9   9   1  12 143   5]
 [  1   8  17   2  16 109]]";264;[31 60 36 55 34 48]
826;CiteSeer;own;1;0.2;64;0.5;1;0.005;1879891568;0.9962962962962963;0.9969043764732612;"[[31  0  0  0  0  0]
 [ 0 60  0  0  0  0]
 [ 0  0 38  0  0  0]
 [ 0  0  0 55  0  0]
 [ 0  0  0  0 37  0]
 [ 0  1  0  0  0 48]]";0.808852140077821;0.7745110928692078;"[[ 53  29  15  11  14   5]
 [  6 288  37   5  14  11]
 [  1  27 363  19   9  19]
 [  8  14  53 325  15   5]
 [  4   5   7   0 389   5]
 [  0   5  18  10  22 245]]";0.6813186813186813;0.6236550147497846;"[[ 10  18   8  14  21   9]
 [ 11 119  19   5  16   7]
 [  1  16 148  19   9   8]
 [  6  14  28 151   9   3]
 [  9   8   1  14 141   6]
 [  1   7  14   2  16 113]]";270;[31 60 38 55 37 49]
827;CiteSeer;own;1;0.2;64;0.5;1;0.005;1879891568;0.9963768115942029;0.9964109964109964;"[[32  0  0  0  0  0]
 [ 0 60  0  0  0  0]
 [ 0  0 38  1  0  0]
 [ 0  0  0 58  0  0]
 [ 0  0  0  0 37  0]
 [ 0  0  0  0  0 50]]";0.8180487804878048;0.7844063394502395;"[[ 54  28  13  11  14   5]
 [  6 287  36   7  12  13]
 [  1  22 365  22   9  18]
 [  6  12  44 338  13   5]
 [  4   6   7   2 384   5]
 [  0   4  15  11  22 249]]";0.6953046953046953;0.6368072847633031;"[[ 11  17   8  15  20   9]
 [ 11 119  18   8  11  10]
 [  1  14 149  19  10   8]
 [  5  14  20 162   8   2]
 [  8   9   1  14 141   6]
 [  1   7  14   2  15 114]]";276;[32 60 39 58 37 50]
828;CiteSeer;own;1;0.2;64;0.5;1;0.005;1879891568;1.0;1.0;"[[33  0  0  0  0  0]
 [ 0 61  0  0  0  0]
 [ 0  0 39  0  0  0]
 [ 0  0  0 59  0  0]
 [ 0  0  0  0 38  0]
 [ 0  0  0  0  0 52]]";0.8160469667318982;0.7832363625180069;"[[ 54  27  14   9  15   5]
 [  6 289  37   7  12  10]
 [  1  22 368  20   9  17]
 [  6  12  51 330  13   4]
 [  4   5   7   1 384   6]
 [  0   8  18   8  22 243]]";0.6863136863136863;0.6316923553933358;"[[ 12  17   9  14  19   9]
 [ 12 118  24   4  13   6]
 [  1  14 149  19  10   8]
 [  5  14  26 156   8   2]
 [  8   9   1  14 140   7]
 [  1   8  15   2  15 112]]";282;[33 61 39 59 38 52]
829;CiteSeer;own;1;0.2;64;0.5;1;0.005;1879891568;0.9965277777777778;0.9971090342679129;"[[35  0  0  0  0  0]
 [ 0 62  0  0  0  1]
 [ 0  0 40  0  0  0]
 [ 0  0  0 59  0  0]
 [ 0  0  0  0 38  0]
 [ 0  0  0  0  0 53]]";0.8223748773307163;0.7888113439867074;"[[ 55  26  13   9  15   5]
 [  5 287  35   7  11  13]
 [  3  25 366  17   8  17]
 [  8  12  44 335  14   3]
 [  5   5   6   2 384   5]
 [  0   6  14   9  20 249]]";0.6893106893106893;0.6333215577910919;"[[ 12  16   8  14  20  10]
 [ 12 116  21   7  10  11]
 [  1  15 146  18  10  11]
 [  6  14  22 160   7   2]
 [  8   9   1  14 143   4]
 [  1   8  14   2  15 113]]";288;[35 63 40 59 38 53]
830;CiteSeer;own;1;0.2;64;0.5;1;0.005;1879891568;0.9931972789115646;0.9918214454873663;"[[35  0  0  0  0  0]
 [ 0 64  0  0  0  0]
 [ 0  0 41  0  0  0]
 [ 0  0  0 61  0  0]
 [ 1  0  0  0 38  0]
 [ 0  0  0  0  1 53]]";0.8188976377952756;0.783718633296885;"[[ 52  27  13   7  18   6]
 [  5 289  37   5  11  11]
 [  1  25 364  19   9  14]
 [  8  12  46 335  15   2]
 [  4   5   6   1 381   5]
 [  0  10  15   7  24 243]]";0.6933066933066933;0.6333869158827393;"[[ 10  20   7  14  20   9]
 [ 10 124  20   6  10   7]
 [  1  15 147  19   9  10]
 [  6  14  21 158   8   4]
 [  7  10   1  14 144   3]
 [  1  10  14   2  15 111]]";294;[35 64 41 61 39 54]
831;CiteSeer;own;1;0.2;64;0.5;1;0.005;1879891568;0.9966666666666667;0.9971789583481497;"[[36  0  0  0  0  0]
 [ 0 64  0  0  0  0]
 [ 0  0 44  0  0  0]
 [ 0  0  0 62  0  0]
 [ 0  0  0  0 39  0]
 [ 0  1  0  0  0 54]]";0.8203356367226061;0.7835034215035875;"[[ 50  27  14   9  16   6]
 [  4 285  37   7   9  10]
 [  1  18 378  18   8  14]
 [  7  14  46 338  13   2]
 [  4   6   5   4 372   9]
 [  0   9  18   7  22 239]]";0.6853146853146853;0.6254717417028622;"[[ 10  22   7  14  19   8]
 [  9 119  24   8  10   7]
 [  1  11 150  20   7  12]
 [  6  13  22 160   6   4]
 [  6  11   2  15 136   9]
 [  1  10  15   2  14 111]]";300;[36 64 44 62 39 55]
832;CiteSeer;own;1;0.2;64;0.5;1;0.005;1879891568;0.9934640522875817;0.9936134016108111;"[[35  0  0  1  0  0]
 [ 0 65  0  0  0  0]
 [ 0  0 45  0  0  0]
 [ 0  0  0 64  0  0]
 [ 0  0  0  0 39  0]
 [ 0  1  0  0  0 56]]";0.8257425742574257;0.7903832969020955;"[[ 52  25  13   9  15   7]
 [  5 280  35  10   9  12]
 [  1  16 381  21   8  12]
 [  6  11  44 345  12   3]
 [  5   5   5   5 371   9]
 [  0   4  18   6  21 239]]";0.6873126873126874;0.6293353771545299;"[[ 11  21   5  15  19   9]
 [ 11 116  20  10  12   8]
 [  1  11 152  20   7  10]
 [  6  12  22 161   7   3]
 [  8  10   2  15 134  10]
 [  1   6  15   3  14 114]]";306;[36 65 45 64 39 57]
833;CiteSeer;own;1;0.2;64;0.5;1;0.005;1879891568;0.9871794871794872;0.9874166046548409;"[[36  0  0  2  0  0]
 [ 0 65  0  0  0  0]
 [ 0  0 45  1  0  0]
 [ 0  1  0 65  0  0]
 [ 0  0  0  0 40  0]
 [ 0  0  0  0  0 57]]";0.8267130089374379;0.788297674577615;"[[ 48  23  11  12  15   7]
 [  6 272  36  13   9  12]
 [  1  16 383  20   9  10]
 [  5  12  41 353  12   3]
 [  4   5   6   5 373   6]
 [  0   8  14   5  23 236]]";0.6823176823176823;0.627290826384817;"[[ 12  18   4  18  19   9]
 [ 11 116  21  10  11   8]
 [  1  13 145  21  10  11]
 [  5  12  23 161   7   3]
 [  7   9   1  18 138   6]
 [  1   9  15   2  15 111]]";312;[38 65 46 66 40 57]
834;CiteSeer;own;1;0.2;64;0.5;1;0.005;1879891568;0.9937106918238994;0.9932755153343389;"[[38  0  0  1  0  0]
 [ 0 65  0  0  0  0]
 [ 0  0 47  0  0  0]
 [ 1  0  0 67  0  0]
 [ 0  0  0  0 41  0]
 [ 0  0  0  0  0 58]]";0.8306772908366534;0.7938375970823689;"[[ 50  24  11  11  15   5]
 [  7 275  36  13   7  10]
 [  1  14 384  22   9   8]
 [  6  12  40 353  10   3]
 [  4   5   5   7 371   6]
 [  0   8  13   6  22 235]]";0.6853146853146853;0.6303813617344768;"[[ 12  19   5  19  18   7]
 [ 12 114  22  11  12   6]
 [  1  13 149  21   9   8]
 [  6  12  21 162   7   3]
 [  6   9   1  19 139   5]
 [  1  10  15   2  15 110]]";318;[39 65 47 68 41 58]
835;CiteSeer;own;1;0.2;64;0.5;1;0.005;1879891568;0.9938271604938271;0.9927396071346334;"[[40  0  0  0  0  0]
 [ 0 67  0  0  0  0]
 [ 0  0 48  0  0  0]
 [ 1  0  0 67  0  0]
 [ 1  0  0  0 42  0]
 [ 0  0  0  0  0 58]]";0.8306693306693307;0.7926879756704802;"[[ 49  26  12   6  16   6]
 [  7 278  36   9   7  10]
 [  1  15 378  23   9  10]
 [  8  12  41 352   8   3]
 [  3   5   5   6 373   7]
 [  0   7  12   8  21 233]]";0.6863136863136863;0.6288125186702597;"[[ 11  22   6  13  20   8]
 [ 12 116  21   9  12   7]
 [  1  13 149  20   8  10]
 [  6  12  23 161   7   2]
 [  6   9   1  18 141   4]
 [  1  10  15   2  16 109]]";324;[40 67 48 68 43 58]
836;CiteSeer;own;1;0.2;64;0.5;1;0.005;1879891568;0.996969696969697;0.9967078189300412;"[[40  0  0  0  0  0]
 [ 0 69  0  0  0  0]
 [ 0  0 49  0  0  0]
 [ 1  0  0 67  0  0]
 [ 0  0  0  0 44  0]
 [ 0  0  0  0  0 60]]";0.8281563126252505;0.7898872882268487;"[[ 49  24  14   5  17   7]
 [  6 272  38   8  10  11]
 [  1  14 384  18  11   9]
 [  8  11  42 347   9   4]
 [  4   5   5   5 369   7]
 [  0   7  13   5  25 232]]";0.6843156843156843;0.630681205764942;"[[ 13  22   5  12  20   8]
 [ 12 116  22   8  12   7]
 [  1  13 149  19   9  10]
 [  6  12  23 159   8   3]
 [  7   9   1  16 138   8]
 [  1   9  15   2  16 110]]";330;[40 69 49 68 44 60]
837;CiteSeer;own;1;0.2;64;0.5;1;0.005;1879891568;0.9970238095238095;0.9966737503464843;"[[39  0  0  1  0  0]
 [ 0 70  0  0  0  0]
 [ 0  0 51  0  0  0]
 [ 0  0  0 68  0  0]
 [ 0  0  0  0 47  0]
 [ 0  0  0  0  0 60]]";0.8301507537688442;0.792598006873582;"[[ 49  25  15   5  17   5]
 [  6 274  40   4  11   8]
 [  1  14 388  15  10   8]
 [  8  11  47 343   8   4]
 [  3   5   7   3 368   6]
 [  0   7  14   5  26 230]]";0.6873126873126874;0.6354394478897901;"[[ 14  22   5  11  20   8]
 [ 12 116  25   6  13   5]
 [  1  13 153  17   9   8]
 [  6  12  24 157   7   5]
 [  7  10   1  16 138   7]
 [  1   8  15   2  17 110]]";336;[40 70 51 68 47 60]
838;CiteSeer;own;1;0.2;64;0.5;1;0.005;1879891568;0.9941520467836257;0.9937204504565395;"[[39  0  0  1  0  0]
 [ 0 72  0  0  0  0]
 [ 0  0 53  0  0  0]
 [ 0  0  0 68  0  0]
 [ 0  0  0  1 47  0]
 [ 0  0  0  0  0 61]]";0.8311491935483871;0.7924493094691879;"[[ 47  25  15   5  17   5]
 [  5 274  39   5   9   9]
 [  2  14 388  17   9   8]
 [  7  11  47 344   8   4]
 [  3   6   7   4 366   5]
 [  0   7  12   4  26 230]]";0.6923076923076923;0.6379531794880869;"[[ 13  23   6  11  19   8]
 [ 10 117  25   8  11   6]
 [  1  12 154  18   9   7]
 [  6  12  22 161   6   4]
 [  6  10   1  18 137   7]
 [  1   7  15   2  17 111]]";342;[40 72 53 68 48 61]
839;CiteSeer;own;1;0.2;64;0.5;1;0.005;1879891568;0.9942528735632183;0.9944427220862154;"[[41  0  0  0  0  0]
 [ 0 73  0  0  0  0]
 [ 0  0 53  0  0  0]
 [ 1  1  0 68  0  0]
 [ 0  0  0  0 48  0]
 [ 0  0  0  0  0 63]]";0.8336703741152679;0.7937631269546547;"[[ 46  27  14   4  17   6]
 [  5 271  37   2   9   8]
 [  1  16 388  16  10   8]
 [  7  15  45 345   8   4]
 [  3   6   7   3 367   5]
 [  0   8  12   4  22 232]]";0.6923076923076923;0.6377847846868189;"[[ 13  23   5  11  20   8]
 [ 10 119  22   7  12   7]
 [  1  16 153  15   9   7]
 [  6  12  21 160   7   5]
 [  7  10   1  17 138   6]
 [  1   8  15   2  17 110]]";348;[41 73 53 70 48 63]
840;CiteSeer;own;1;0.2;64;0.5;1;0.005;1879891568;0.9887005649717514;0.9874908692880067;"[[42  0  1  0  1  0]
 [ 0 73  0  1  0  0]
 [ 0  0 54  0  0  0]
 [ 1  0  0 69  0  0]
 [ 0  0  0  0 48  0]
 [ 0  0  0  0  0 64]]";0.8316430020283976;0.7922907609273185;"[[ 47  24  15   7  16   7]
 [  5 263  38   6   9  10]
 [  1  16 385  17   9  11]
 [  6  13  43 347   8   4]
 [  3   5   7   2 367   5]
 [  0   8  12   4  21 231]]";0.6893106893106893;0.636823203664984;"[[ 14  21   7  10  19   9]
 [ 10 114  23  12  10   8]
 [  1  16 153  15   8   8]
 [  6  11  23 161   7   3]
 [  7   9   1  18 136   8]
 [  1   6  15   2  17 112]]";354;[44 74 54 70 48 64]
841;CiteSeer;own;1;0.2;64;0.5;1;0.005;1879891568;0.9888888888888889;0.9870203184156673;"[[41  0  0  2  1  1]
 [ 0 75  0  0  0  0]
 [ 0  0 54  0  0  0]
 [ 0  0  0 73  0  0]
 [ 0  0  0  0 49  0]
 [ 0  0  0  0  0 64]]";0.8331637843336724;0.7968356423779706;"[[ 50  20  14   9  16   6]
 [  6 260  38  10   9   9]
 [  1  16 387  15   9   9]
 [  6  14  44 346   7   3]
 [  3   5   5   3 368   5]
 [  0   7  12   5  22 227]]";0.6813186813186813;0.6304088875376682;"[[ 14  22   6  11  20   7]
 [ 11 111  23  16  10   6]
 [  1  17 152  15  10   6]
 [  8  12  23 159   7   2]
 [  7   9   2  17 136   8]
 [  1   7  15   3  17 110]]";360;[45 75 54 73 49 64]
842;CiteSeer;own;1;0.2;64;0.5;1;0.005;1879891568;0.994535519125683;0.9949255782297829;"[[46  0  0  0  0  0]
 [ 0 76  0  1  0  0]
 [ 0  0 54  0  0  0]
 [ 1  0  0 75  0  0]
 [ 0  0  0  0 49  0]
 [ 0  0  0  0  0 64]]";0.8336734693877551;0.7991546832432856;"[[ 50  24  14   7  15   3]
 [  5 265  37   8   8   8]
 [  1  17 385  14  10   9]
 [  5  14  46 339   8   6]
 [  3   6   5   3 367   5]
 [  0   8  12   4  21 228]]";0.6823176823176823;0.6295744365458024;"[[ 13  23   7   9  20   8]
 [ 11 116  23  13   9   5]
 [  1  17 152  15  10   6]
 [ 10  12  20 159   8   2]
 [  8  11   2  16 135   7]
 [  3   7  15   3  17 108]]";366;[46 77 54 76 49 64]
843;CiteSeer;own;1;0.2;64;0.5;1;0.005;1879891568;0.9919354838709677;0.9910306023722999;"[[47  1  0  0  0  0]
 [ 0 77  0  0  0  0]
 [ 0  0 54  0  0  0]
 [ 1  0  0 76  0  0]
 [ 1  0  0  0 50  0]
 [ 0  0  0  0  0 65]]";0.834186284544524;0.7992048565436076;"[[ 51  24  15   8  13   3]
 [  5 262  36   9   7   8]
 [  1  16 385  14  10  10]
 [  7  12  44 339   6   6]
 [  4   6   5   5 367   5]
 [  0   7  14   4  20 226]]";0.6913086913086913;0.642468658496847;"[[ 16  23   6   8  21   6]
 [ 10 117  23  14   9   4]
 [  1  16 153  15   9   7]
 [  8  12  20 163   6   2]
 [  9  10   2  15 136   7]
 [  3   8  15   3  17 107]]";372;[48 77 54 77 51 65]
844;CiteSeer;own;1;0.2;64;0.5;1;0.005;1879891568;0.9947089947089947;0.9944477437117806;"[[48  1  0  0  0  0]
 [ 0 78  0  0  0  0]
 [ 0  0 54  0  0  0]
 [ 1  0  0 76  0  0]
 [ 0  0  0  0 54  0]
 [ 0  0  0  0  0 66]]";0.8311088295687885;0.797175254237341;"[[ 50  23  15   9  13   3]
 [  3 254  40  10   9  10]
 [  2  15 377  15   9  11]
 [  6  12  47 343   6   4]
 [  2   6   5   5 369   3]
 [  0   7  16   4  19 226]]";0.6843156843156843;0.6244329048079785;"[[ 10  20   7  11  22  10]
 [ 10 114  24  16   9   4]
 [  1  16 152  15   9   8]
 [  7  12  20 165   5   2]
 [  7  11   2  16 136   7]
 [  3   7  15   3  17 108]]";378;[49 78 54 77 54 66]
845;CiteSeer;own;1;0.2;64;0.5;1;0.005;1879891568;0.9947916666666666;0.9951452225498828;"[[49  0  0  1  0  0]
 [ 0 78  0  1  0  0]
 [ 0  0 56  0  0  0]
 [ 0  0  0 78  0  0]
 [ 0  0  0  0 55  0]
 [ 0  0  0  0  0 66]]";0.8316168898043255;0.7969934287417172;"[[ 49  23  15   9  13   3]
 [  3 255  39   9  10   9]
 [  2  17 378  13  10   7]
 [  6  12  48 341   6   4]
 [  2   6   5   4 368   5]
 [  0   7  17   4  19 224]]";0.6873126873126874;0.6295470207793574;"[[ 11  21   7  10  24   7]
 [ 13 113  24  13  10   4]
 [  1  16 153  15   9   7]
 [  7  11  20 165   6   2]
 [  7  11   2  15 139   5]
 [  3   8  16   2  17 107]]";384;[50 79 56 78 55 66]
846;CiteSeer;own;1;0.2;64;0.5;1;0.005;1879891568;0.9948717948717949;0.9951979682957943;"[[49  0  0  1  0  0]
 [ 0 80  0  1  0  0]
 [ 0  0 56  0  0  0]
 [ 0  0  0 79  0  0]
 [ 0  0  0  0 57  0]
 [ 0  0  0  0  0 67]]";0.8393595041322314;0.8071106596309588;"[[ 51  22  15   7  13   3]
 [  3 260  37   9   9   6]
 [  1  17 379  14  10   4]
 [  5  13  46 341   7   4]
 [  4   4   5   4 368   5]
 [  0   4  15   5  20 226]]";0.6863136863136863;0.6265582219417323;"[[ 10  22   7   9  24   8]
 [ 13 115  22  13  10   4]
 [  1  16 152  15  10   7]
 [  9  12  18 164   6   2]
 [  5  10   2  16 139   7]
 [  3   9  15   2  17 107]]";390;[50 81 56 79 57 67]
847;CiteSeer;own;1;0.2;64;0.5;1;0.005;1879891568;0.98989898989899;0.990559186637618;"[[50  0  0  0  0  0]
 [ 0 80  0  2  0  0]
 [ 0  0 57  0  0  0]
 [ 2  0  0 79  0  0]
 [ 0  0  0  0 58  0]
 [ 0  0  0  0  0 68]]";0.8398963730569948;0.8041781284131989;"[[ 48  22  13   8  13   4]
 [  3 259  36   8   9   9]
 [  1  16 381  15   9   4]
 [  7  12  45 341   7   3]
 [  3   3   4   4 367   6]
 [  0   4  12   5  24 225]]";0.6893106893106893;0.6306070556829431;"[[ 11  21   6  10  23   9]
 [ 13 115  22  13   9   5]
 [  1  16 151  16   9   8]
 [  8  11  19 164   6   3]
 [  4   9   2  15 141   8]
 [  3   8  15   2  17 108]]";396;[50 82 57 81 58 68]
848;CiteSeer;own;1;0.2;64;0.5;1;0.005;1879891568;0.9875621890547264;0.987173969800241;"[[49  0  0  1  1  0]
 [ 0 81  1  1  0  0]
 [ 0  0 58  0  0  0]
 [ 1  0  0 82  0  0]
 [ 0  0  0  0 58  0]
 [ 0  0  0  0  0 69]]";0.83991683991684;0.8026521929877561;"[[ 46  25  12   6  12   4]
 [  3 259  35   8   9   9]
 [  1  17 380  14   8   5]
 [  6  13  44 341   7   3]
 [  4   4   4   4 367   5]
 [  0   5  14   6  21 223]]";0.6853146853146853;0.6272057895044114;"[[ 11  21   6  10  23   9]
 [ 13 115  22  13   9   5]
 [  1  16 151  16   9   8]
 [  7  11  20 164   6   3]
 [  6  11   2  15 138   7]
 [  3   9  15   2  17 107]]";402;[51 83 58 83 58 69]
849;CiteSeer;own;1;0.2;64;0.5;1;0.005;1879891568;0.9926470588235294;0.9923402966202155;"[[49  0  0  1  1  0]
 [ 0 82  0  1  0  0]
 [ 0  0 59  0  0  0]
 [ 0  0  0 86  0  0]
 [ 0  0  0  0 59  0]
 [ 0  0  0  0  0 70]]";0.8388946819603754;0.8008659241079301;"[[ 45  26  12   6  12   4]
 [  3 255  38   9   9   8]
 [  1  15 381  15   8   5]
 [  5  13  43 341   6   3]
 [  4   4   4   4 365   6]
 [  0   4  14   7  21 222]]";0.6843156843156843;0.6260226679521866;"[[ 11  19   7  11  22  10]
 [ 13 112  24  14   9   5]
 [  1  15 153  15   9   8]
 [  7  12  20 164   6   2]
 [  5  11   2  16 138   7]
 [  3   9  15   2  17 107]]";408;[51 83 59 86 59 70]
850;CiteSeer;own;1;0.2;64;0.5;1;0.005;1879891568;0.9951690821256038;0.995456067200292;"[[51  0  0  0  0  0]
 [ 0 82  0  1  0  0]
 [ 0  0 62  0  0  0]
 [ 1  0  0 86  0  0]
 [ 0  0  0  0 61  0]
 [ 0  0  0  0  0 70]]";0.8415271966527197;0.8030984816359136;"[[ 45  24   8   9  12   6]
 [  4 252  38   9  11   5]
 [  2  14 379  16   8   4]
 [  5  13  40 346   6   3]
 [  3   4   4   5 366   3]
 [  0   5  14   6  22 221]]";0.6903096903096904;0.6374908596665668;"[[ 14  18   8  10  22   8]
 [ 15 111  24  14   8   5]
 [  1  12 155  17   9   7]
 [  7  11  21 164   6   2]
 [  6  11   2  16 140   4]
 [  3   9  15   2  17 107]]";414;[51 83 62 87 61 70]
851;CiteSeer;own;1;0.2;64;0.5;1;0.005;1879891568;0.9928571428571429;0.9932256809402422;"[[51  0  0  0  0  0]
 [ 0 83  0  1  0  0]
 [ 0  0 62  0  0  0]
 [ 1  0  0 87  0  0]
 [ 0  0  0  1 62  0]
 [ 0  0  0  0  0 72]]";0.8426023084994754;0.8067424715381551;"[[ 46  24  11  10   9   3]
 [  4 252  37   9  11   5]
 [  1  12 374  17  12   3]
 [  6  12  39 343   7   3]
 [  2   4   4   7 370   3]
 [  0   4  12   7  22 221]]";0.6883116883116883;0.6394353501748847;"[[ 16  18   8  10  22   6]
 [ 14 113  24  14   7   5]
 [  2  13 155  16   9   6]
 [  7  12  20 164   6   2]
 [  5  13   3  17 135   6]
 [  3   9  15   2  18 106]]";420;[51 84 62 88 63 72]
852;CiteSeer;own;1;0.2;64;0.5;1;0.005;1404409622;0.0;0.0;[[]];0.20120378331900257;0.056595786232883;"[[  0   0 184   0   0   0]
 [  0   1 412   0   0   0]
 [  0   0 467   0   0   0]
 [  0   1 489   0   0   0]
 [  0   0 417   0   0   0]
 [  0   1 354   0   0   0]]";0.20279720279720279;0.05955772811918062;"[[  0   0  80   0   0   0]
 [  0   2 175   0   0   0]
 [  0   0 201   0   0   0]
 [  0   0 211   0   0   0]
 [  0   0 179   0   0   0]
 [  0   0 153   0   0   0]]";0;[]
853;CiteSeer;own;1;0.2;64;0.5;1;0.005;1404409622;1.0;1.0;"[[1 0 0 0]
 [0 1 0 0]
 [0 0 2 0]
 [0 0 0 2]]";0.2810344827586207;0.09602030720533318;"[[ 13   0   0 169   0   0]
 [ 16   1   0 377   0   2]
 [  4   0   1 330   0   2]
 [  7   0   0 633   0   0]
 [ 11   0   0 405   0   0]
 [ 19   0   0 326   0   4]]";0.21678321678321677;0.08232058957247311;"[[  6   0   0  74   0   0]
 [  2   0   0 174   0   1]
 [  2   0   0 198   0   1]
 [  3   0   0 208   0   0]
 [ 13   0   0 166   0   0]
 [ 15   0   0 135   0   3]]";6;[0 1 1 2 0 2]
854;CiteSeer;own;1;0.2;64;0.5;1;0.005;1404409622;0.9166666666666666;0.9111111111111111;"[[1 0 0 0 0 0]
 [0 1 0 0 0 0]
 [0 0 2 0 0 0]
 [0 0 0 4 0 0]
 [0 0 0 0 2 0]
 [0 0 1 0 0 1]]";0.4157303370786517;0.22364598881604694;"[[  4   0  25  79  72   0]
 [ 11   1  54 258  71   0]
 [  4   0  19 296  20   0]
 [  2   0   7 542  87   0]
 [  0   0   9  16 393   0]
 [  2   0  78 114 147   3]]";0.34965034965034963;0.19495031646397834;"[[  2   0  10  34  34   0]
 [  5   0  30 112  30   0]
 [  3   0   4 177  17   0]
 [  0   0   6 177  28   0]
 [  1   0   2  10 166   0]
 [  2   0  26  45  79   1]]";12;[1 1 2 4 2 2]
855;CiteSeer;own;1;0.2;64;0.5;1;0.005;1404409622;1.0;1.0;"[[2 0 0 0 0 0]
 [0 3 0 0 0 0]
 [0 0 2 0 0 0]
 [0 0 0 4 0 0]
 [0 0 0 0 2 0]
 [0 0 0 0 0 5]]";0.37564991334488734;0.2490960250091974;"[[  6   1   0  29   2 140]
 [  9  19   0 119   0 246]
 [  1   0   4 217   1 115]
 [  0   0   0 436   3 199]
 [  0   0   0   4  92 317]
 [  1   0   0  31   6 310]]";0.3126873126873127;0.2138077654860843;"[[  0   2   0   7   1  70]
 [  3   8   0  44   1 121]
 [  0   0   0 150   2  49]
 [  0   0   0 127   1  83]
 [  0   0   0   2  43 134]
 [  1   0   1  16   0 135]]";18;[2 3 2 4 2 5]
856;CiteSeer;own;1;0.2;64;0.5;1;0.005;1404409622;1.0;1.0;"[[2 0 0 0 0 0]
 [0 5 0 0 0 0]
 [0 0 3 0 0 0]
 [0 0 0 4 0 0]
 [0 0 0 0 4 0]
 [0 0 0 0 0 6]]";0.501737619461338;0.3342146495627367;"[[  3  30   0  29 107   3]
 [  0 245   1  51  95   2]
 [  0  60   3 216  54   2]
 [  0  24   0 465 140   3]
 [  0   4   0   4 417   3]
 [  0   8   0  94 217  22]]";0.41858141858141856;0.28350900241984417;"[[  0  11   0  13  52   4]
 [  1  94   0  27  54   1]
 [  0  37   0 138  25   1]
 [  0  14   0 144  51   2]
 [  0   2   0   4 172   1]
 [  0   7   1  35 101   9]]";24;[2 5 3 4 4 6]
857;CiteSeer;own;1;0.2;64;0.5;1;0.005;1404409622;0.8666666666666667;0.8705128205128205;"[[3 0 0 0 0 1]
 [1 5 1 0 0 0]
 [1 0 4 0 0 0]
 [0 0 0 4 0 0]
 [0 0 0 0 4 0]
 [0 0 0 0 0 6]]";0.46210801393728224;0.38975278000376573;"[[ 71  11  35  11  47   0]
 [186 114  30  22  35   0]
 [ 67  20 101 136  11   1]
 [ 43  14 124 368  77   3]
 [ 21   1  13   1 391   1]
 [ 80   0 157  13  75  16]]";0.37162837162837165;0.3216114514828222;"[[ 21   5  19   2  30   3]
 [ 79  46  12  18  22   0]
 [ 38  11  41  98  13   0]
 [ 23   6  50 103  28   1]
 [ 13   0   9   1 156   0]
 [ 40   0  68   6  34   5]]";30;[4 7 5 4 4 6]
858;CiteSeer;own;1;0.2;64;0.5;1;0.005;1404409622;0.9722222222222222;0.9790849673202615;"[[5 0 0 0 0 0]
 [0 8 1 0 0 0]
 [0 0 7 0 0 0]
 [0 0 0 5 0 0]
 [0 0 0 0 4 0]
 [0 0 0 0 0 6]]";0.5467248908296943;0.4485285588668193;"[[ 49  48   7  34  54   0]
 [ 41 235  11  62  35   5]
 [ 10  58  65 213  19   0]
 [ 30  52   7 476  31   4]
 [  3   7   3  10 394   2]
 [  4  15  43 120 110  33]]";0.4515484515484515;0.3587749657424772;"[[  6  31   4  15  20   4]
 [ 18 100  10  30  19   0]
 [  5  32  19 133  12   0]
 [ 13  24   4 158   9   3]
 [ 10   5   2   7 154   1]
 [  1   3  32  49  53  15]]";36;[5 9 7 5 4 6]
859;CiteSeer;own;1;0.2;64;0.5;1;0.005;1404409622;0.9285714285714286;0.9228721986074927;"[[5 0 0 0 1 0]
 [0 8 1 0 0 0]
 [0 0 7 1 0 0]
 [0 0 0 6 0 0]
 [0 0 0 0 4 0]
 [0 0 0 0 0 9]]";0.5748686514886164;0.5031973338801788;"[[ 48  31   5  31  49  29]
 [ 27 209  11  65  35  40]
 [  6  40  60 213  20  26]
 [ 29  20   6 472  27  44]
 [  2   4   2   7 385  19]
 [  2   2  23  61  95 139]]";0.46153846153846156;0.3888185841906677;"[[  6  19   2  16  25  12]
 [ 13  79   9  33  18  25]
 [  4  31  14 131  11  10]
 [ 12  10   4 151  13  21]
 [ 10   3   1   6 152   7]
 [  1   2  20  31  39  60]]";42;[6 9 8 6 4 9]
860;CiteSeer;own;1;0.2;64;0.5;1;0.005;1404409622;0.9791666666666666;0.9814241486068113;"[[ 6  0  0  0  0  0]
 [ 0  8  1  0  0  0]
 [ 0  0  9  0  0  0]
 [ 0  0  0  8  0  0]
 [ 0  0  0  0  4  0]
 [ 0  0  0  0  0 12]]";0.5974539069359087;0.5372712800072715;"[[ 54  33  33  24  45   2]
 [ 43 202  57  44  30   5]
 [  7  38 153 161  11   2]
 [ 26  23  37 474  24   9]
 [  4   7  11   9 382   6]
 [  3  20  48  67  88  96]]";0.4945054945054945;0.4367728403829945;"[[  7  18  20  13  19   3]
 [ 23  80  33  24  17   0]
 [  5  23  60 102   9   2]
 [ 11  12  19 157   7   5]
 [ 13   5   6   8 147   0]
 [  0   7  27  28  47  44]]";48;[ 6  9  9  8  4 12]
861;CiteSeer;own;1;0.2;64;0.5;1;0.005;1404409622;0.9814814814814815;0.9832915622389308;"[[ 7  0  0  0  0  0]
 [ 0 10  1  0  0  0]
 [ 0  0  9  0  0  0]
 [ 0  0  0  9  0  0]
 [ 0  0  0  0  4  0]
 [ 0  0  0  0  0 14]]";0.5752640845070423;0.5251382863244277;"[[142  18   3  16  34   1]
 [139 162  20  30  25   2]
 [ 67  30  98 151  11   0]
 [ 78  19  14 450  20   5]
 [ 34   2   2   1 376   2]
 [103   8  22  28  80  79]]";0.46653346653346656;0.43359543921388205;"[[ 35  11   3   9  19   3]
 [ 73  61  12  16  14   1]
 [ 45  14  34  96  11   1]
 [ 34   6   6 154   8   3]
 [ 29   3   0   4 143   0]
 [ 39   2  17  14  41  40]]";54;[ 7 11  9  9  4 14]
862;CiteSeer;own;1;0.2;64;0.5;1;0.005;1404409622;0.9666666666666667;0.9671080553433494;"[[ 8  0  0  0  0  0]
 [ 1 10  1  0  0  0]
 [ 0  0 10  0  0  0]
 [ 0  0  0 10  0  0]
 [ 0  0  0  0  5  0]
 [ 0  0  0  0  0 15]]";0.5719329214474845;0.5327420623378684;"[[167  14   3  12  40   4]
 [155 137  17  25  35   7]
 [ 97  16  90 126  16   2]
 [ 91  12  11 412  37  11]
 [ 29   0   1   1 377   3]
 [ 64   2  19  17 103 113]]";0.4515484515484515;0.42745693977825555;"[[ 38   6   2   3  26   5]
 [ 78  51  12  14  21   1]
 [ 61  12  26  90  10   2]
 [ 47   2   6 133  17   6]
 [ 28   1   1   1 148   0]
 [ 30   0  17   9  41  56]]";60;[ 8 12 10 10  5 15]
863;CiteSeer;own;1;0.2;64;0.5;1;0.005;1404409622;0.9848484848484849;0.986086956521739;"[[ 8  0  0  0  0  0]
 [ 0 11  1  0  0  0]
 [ 0  0 12  0  0  0]
 [ 0  0  0 12  0  0]
 [ 0  0  0  0  5  0]
 [ 0  0  0  0  0 17]]";0.6035398230088496;0.5736777182774374;"[[153  17   8  14  37   3]
 [116 156  29  31  30   9]
 [ 69  24 125 127  11   2]
 [ 88  12  19 418  28  10]
 [ 26   0   4   4 373   4]
 [ 30   4  37  16  87 139]]";0.48451548451548454;0.4624677964551543;"[[ 27  12   7   6  23   5]
 [ 60  60  17  18  20   2]
 [ 40  12  47  90  10   2]
 [ 44   3   9 136  14   5]
 [ 24   1   2   2 149   1]
 [ 11   0  34   9  33  66]]";66;[ 8 12 12 12  5 17]
864;CiteSeer;own;1;0.2;64;0.5;1;0.005;1404409622;0.9722222222222222;0.9652124695228143;"[[ 9  0  0  0  0  0]
 [ 0 11  1  0  1  0]
 [ 0  0 14  0  0  0]
 [ 0  0  0 13  0  0]
 [ 0  0  0  0  5  0]
 [ 0  0  0  0  0 18]]";0.5612244897959183;0.5475278127733544;"[[120  14  45  11  35   2]
 [ 89 147  73  30  31   7]
 [ 49  21 221 152  12   3]
 [ 79   8  73 273  24   7]
 [ 17   0  12   2 378   3]
 [  7   3 108   8  64 126]]";0.5064935064935064;0.48116732378869537;"[[ 21  10  21   3  20   5]
 [ 41  56  48  11  19   2]
 [ 23   9  97  60  10   2]
 [ 41   3  29 121  12   5]
 [ 17   1   7   2 152   0]
 [  3   0  62   3  25  60]]";72;[ 9 13 14 13  5 18]
865;CiteSeer;own;1;0.2;64;0.5;1;0.005;1404409622;0.9743589743589743;0.9747406149783059;"[[ 9  1  0  0  0  0]
 [ 0 14  1  0  0  0]
 [ 0  0 15  0  0  0]
 [ 0  0  0 14  0  0]
 [ 0  0  0  0  5  0]
 [ 0  0  0  0  0 19]]";0.603202846975089;0.5793280948260202;"[[112  14  59   2  34   3]
 [ 68 150 110   1  32   8]
 [ 41  17 389   7  11   1]
 [ 79  13 115 212  34   9]
 [ 15   1  20   1 372   3]
 [  6   3 141   0  44 121]]";0.5304695304695305;0.48937509264034773;"[[ 16  10  25   1  23   5]
 [ 34  58  62   1  19   3]
 [ 17   7 162   4   9   2]
 [ 38   6  55  92  13   7]
 [ 15   1  10   0 153   0]
 [  1   0  83   0  19  50]]";78;[10 15 15 14  5 19]
866;CiteSeer;own;1;0.2;64;0.5;1;0.005;1404409622;1.0;1.0;"[[10  0  0  0  0  0]
 [ 0 16  0  0  0  0]
 [ 0  0 15  0  0  0]
 [ 0  0  0 17  0  0]
 [ 0  0  0  0  5  0]
 [ 0  0  0  0  0 21]]";0.6489741302408564;0.6281484819498575;"[[139  15  20   6  38   5]
 [118 152  51   7  32   8]
 [ 62  15 359  15  11   1]
 [ 90   9  49 279  27   8]
 [ 21   2   7   0 374   6]
 [ 14   4  60   6  80 152]]";0.5744255744255744;0.5477255700653715;"[[ 26  13   8   7  20   6]
 [ 53  65  35   2  19   3]
 [ 30   6 143  10  10   2]
 [ 41   4  27 118  15   6]
 [ 20   1   4   3 151   0]
 [  4   0  43   2  32  72]]";84;[10 16 15 17  5 21]
867;CiteSeer;own;1;0.2;64;0.5;1;0.005;1404409622;0.9888888888888889;0.9797979797979798;"[[10  0  0  0  0  0]
 [ 0 16  0  0  1  0]
 [ 0  0 16  0  0  0]
 [ 0  0  0 19  0  0]
 [ 0  0  0  0  5  0]
 [ 0  0  0  0  0 23]]";0.6851520572450805;0.6564251860740115;"[[113  19  24  13  42   5]
 [ 68 179  66  10  34  11]
 [ 33  20 379  27  13   0]
 [ 41  16  44 328  20   7]
 [ 14   2   8   1 379   6]
 [  7   6  57  16  74 154]]";0.6123876123876124;0.5667537660635967;"[[ 17  15   8   9  24   7]
 [ 31  74  42   5  22   3]
 [ 15  10 148  17  10   1]
 [ 20   9  23 145  10   4]
 [ 14   2   2   6 155   0]
 [  0   1  41   4  33  74]]";90;[10 17 16 19  5 23]
868;CiteSeer;own;1;0.2;64;0.5;1;0.005;1404409622;1.0;1.0;"[[10  0  0  0  0  0]
 [ 0 18  0  0  0  0]
 [ 0  0 18  0  0  0]
 [ 0  0  0 20  0  0]
 [ 0  0  0  0  7  0]
 [ 0  0  0  0  0 23]]";0.6847533632286995;0.6561389736840968;"[[ 92  19  34  11  47   5]
 [ 38 184  77  11  45   9]
 [ 33  16 379  28  14   4]
 [ 24  14  67 317  26   8]
 [ 12   2   8   0 385   6]
 [  6   6  52   8  73 170]]";0.6113886113886113;0.5633636151800273;"[[ 14  14  14   7  24   7]
 [ 24  72  46   6  26   3]
 [ 17   8 145  17   9   5]
 [ 15   8  31 142  11   4]
 [ 12   1   3   4 158   1]
 [  0   1  34   1  36  81]]";96;[10 18 18 20  7 23]
869;CiteSeer;own;1;0.2;64;0.5;1;0.005;1404409622;1.0;1.0;"[[10  0  0  0  0  0]
 [ 0 19  0  0  0  0]
 [ 0  0 19  0  0  0]
 [ 0  0  0 22  0  0]
 [ 0  0  0  0  8  0]
 [ 0  0  0  0  0 24]]";0.6659172661870504;0.6265939538076386;"[[ 66  20  47  19  48   3]
 [ 27 173  92  19  49   3]
 [ 22  15 378  45  13   2]
 [ 16  14  67 332  20   7]
 [ 10   1  15   1 384   2]
 [  2   6  61  17  80 148]]";0.6013986013986014;0.539091991702714;"[[  7  14  25  10  21   3]
 [ 16  73  47  13  26   2]
 [ 11   7 144  26  10   3]
 [ 10   8  29 151  10   3]
 [ 10   1   5   4 158   1]
 [  0   1  40   3  40  69]]";102;[10 19 19 22  8 24]
870;CiteSeer;own;1;0.2;64;0.5;1;0.005;1404409622;0.9907407407407407;0.9916614550760893;"[[10  0  0  0  0  0]
 [ 0 19  1  0  0  0]
 [ 0  0 20  0  0  0]
 [ 0  0  0 23  0  0]
 [ 0  0  0  0  9  0]
 [ 0  0  0  0  0 26]]";0.6848512173128944;0.6524488981140196;"[[ 68  21  60  19  28   6]
 [ 29 175 100  19  31   6]
 [ 33  12 376  41   8   3]
 [ 22  14  59 337  16  11]
 [  9   1  15   2 364  14]
 [  4   7  67  14  28 199]]";0.6053946053946054;0.5536649498534062;"[[  7  12  28   9  20   4]
 [ 17  80  43  14  19   4]
 [ 11   6 146  24   7   7]
 [ 18   8  28 147   4   6]
 [ 12   2  13   6 137   9]
 [  0   0  49   2  13  89]]";108;[10 20 20 23  9 26]
871;CiteSeer;own;1;0.2;64;0.5;1;0.005;1404409622;0.9912280701754386;0.9923888600588132;"[[10  0  0  0  0  0]
 [ 0 23  1  0  0  0]
 [ 0  0 20  0  0  0]
 [ 0  0  0 23  0  0]
 [ 0  0  0  0 10  0]
 [ 0  0  0  0  0 27]]";0.6943942133815552;0.6597966670215506;"[[ 62  37  51  13  31   7]
 [ 24 202  85  11  29   7]
 [ 27  17 385  31   8   5]
 [ 22  23  67 316  16  14]
 [  7   1  11   0 359  25]
 [  3  13  55  11  25 212]]";0.6253746253746254;0.571860693968049;"[[  7  16  27   5  20   5]
 [ 14  89  39  10  18   7]
 [ 12   7 146  20   7   9]
 [ 17  11  30 140   5   8]
 [ 11   4   7   3 141  13]
 [  0   1  36   1  12 103]]";114;[10 24 20 23 10 27]
872;CiteSeer;own;1;0.2;64;0.5;1;0.005;1404409622;0.9916666666666667;0.9937017231134878;"[[10  0  0  0  0  0]
 [ 0 25  0  0  0  0]
 [ 0  0 22  0  0  0]
 [ 0  0  0 24  0  0]
 [ 0  0  0  0 11  0]
 [ 0  1  0  0  0 27]]";0.7017225747960109;0.6570218664396459;"[[ 46  31  57   9  35   8]
 [ 12 194  93  11  36   9]
 [  6  15 434  22   9   7]
 [ 14  18  82 303  19  14]
 [  7   1  14   0 360  23]
 [  1   6  55   6  38 211]]";0.6423576423576424;0.5787209804494464;"[[  5  17  28   3  22   5]
 [  9  89  47   6  19   7]
 [  5   6 159  17   7   7]
 [  8  10  36 143   7   7]
 [  9   5   6   3 144  12]
 [  0   2  34   0  14 103]]";120;[10 25 22 24 11 28]
873;CiteSeer;own;1;0.2;64;0.5;1;0.005;1404409622;0.9841269841269841;0.9828237001834222;"[[11  0  0  1  0  0]
 [ 0 27  0  0  0  0]
 [ 0  0 22  0  0  0]
 [ 0  0  0 24  0  0]
 [ 0  0  0  0 11  0]
 [ 0  0  1  0  0 29]]";0.69;0.6480707324243398;"[[ 50  32  42   7  34  19]
 [ 11 196  86   8  34  20]
 [  7  11 430  20   6  19]
 [ 17  14  68 289  23  39]
 [  7   5   9   1 308  62]
 [  2   7  41   4  27 245]]";0.6203796203796204;0.5600132933831974;"[[  5  17  23   2  26   7]
 [  9  93  43   2  21   9]
 [  6   5 158  12   6  14]
 [ 12   7  34 128   9  21]
 [ 12   7   7   2 125  26]
 [  0   1  29   0  11 112]]";126;[12 27 22 24 11 30]
874;CiteSeer;own;1;0.2;64;0.5;1;0.005;1404409622;0.9924242424242424;0.9936290419521577;"[[13  0  0  0  0  0]
 [ 0 28  0  0  0  0]
 [ 0  0 23  0  0  0]
 [ 0  0  0 25  0  0]
 [ 0  0  0  0 13  0]
 [ 0  0  1  0  0 29]]";0.6923427529626254;0.6537837796493475;"[[ 55  32  39   5  36  15]
 [ 11 199  84   7  38  15]
 [  8  10 431  19   6  18]
 [ 20  10  75 283  25  36]
 [  9   3  10   1 312  57]
 [  3   7  42   4  30 239]]";0.6113886113886113;0.5514996772677003;"[[  5  16  25   1  25   8]
 [  8  88  45   1  23  12]
 [  6   5 158  12   7  13]
 [ 12   7  36 124  10  22]
 [ 12   7   7   2 127  24]
 [  0   1  31   0  11 110]]";132;[13 28 23 25 13 30]
875;CiteSeer;own;1;0.2;64;0.5;1;0.005;1404409622;0.9927536231884058;0.9904257999496094;"[[13  0  0  0  0  0]
 [ 0 30  0  0  0  0]
 [ 0  0 24  0  0  0]
 [ 0  0  0 27  0  0]
 [ 0  0  1  0 13  0]
 [ 0  0  0  0  0 30]]";0.7102376599634369;0.6639996812927701;"[[ 44  36  40   6  37  15]
 [ 10 215  73   9  32  14]
 [  2  14 431  27   6  14]
 [ 11  14  69 313  20  21]
 [  8   2  10   3 317  52]
 [  1  14  42   5  27 234]]";0.6423576423576424;0.5779603105099536;"[[  5  18  23   4  22   8]
 [  8 101  41   2  17   8]
 [  2   6 162  12   7  12]
 [  7   7  33 142  10  12]
 [ 12   9   7   3 124  24]
 [  0   3  31   0  10 109]]";138;[13 30 24 27 14 30]
876;CiteSeer;own;1;0.2;64;0.5;1;0.005;1404409622;0.9861111111111112;0.9820331708673252;"[[13  0  0  0  0  0]
 [ 0 31  0  0  0  0]
 [ 0  0 24  0  0  0]
 [ 0  0  0 29  0  0]
 [ 1  0  0  0 14  0]
 [ 0  0  1  0  0 31]]";0.7121906507791017;0.672625992801636;"[[ 54  31  36   6  32  16]
 [ 15 211  73  11  30  13]
 [  5  14 419  33   6  13]
 [ 14  11  66 318  20  16]
 [ 10   2  10   7 319  48]
 [  6  12  42   5  25 233]]";0.6463536463536463;0.5839968237277532;"[[  6  16  22   6  21   9]
 [  9  99  42   2  18   7]
 [  2   6 159  16   7  11]
 [ 11   8  28 149   9   6]
 [ 12   7   6   3 127  24]
 [  0   3  33   0  10 107]]";144;[13 31 24 29 15 32]
877;CiteSeer;own;1;0.2;64;0.5;1;0.005;1404409622;0.9866666666666667;0.9826339969263899;"[[13  0  0  0  0  0]
 [ 0 34  1  0  0  0]
 [ 0  0 24  0  0  0]
 [ 0  0  0 30  0  0]
 [ 1  0  0  0 15  0]
 [ 0  0  0  0  0 32]]";0.7192095588235294;0.6717936945032452;"[[ 42  39  30   7  36  15]
 [  9 243  56   9  29  11]
 [  4  22 409  32   7  14]
 [ 15  12  61 313  24  18]
 [ 10   7   8   1 327  45]
 [  2  18  38   6  26 231]]";0.6533466533466533;0.5876342812381236;"[[  5  23  14   6  24   8]
 [  8 111  34   1  17   6]
 [  2   8 155  16   9  11]
 [  8   9  26 146  15   7]
 [ 11  10   6   2 130  20]
 [  0   5  30   0  11 107]]";150;[13 35 24 30 16 32]
878;CiteSeer;own;1;0.2;64;0.5;1;0.005;1404409622;0.9935897435897436;0.9915440554709961;"[[13  1  0  0  0  0]
 [ 0 36  0  0  0  0]
 [ 0  0 25  0  0  0]
 [ 0  0  0 32  0  0]
 [ 0  0  0  0 16  0]
 [ 0  0  0  0  0 33]]";0.7258064516129032;0.6770232011362852;"[[ 39  28  30  13  35  20]
 [ 12 239  55  11  26  13]
 [  2  18 390  52   7  14]
 [ 16  11  50 335  21  13]
 [  8   8  10   0 305  54]
 [  2  12  26  11  17 267]]";0.6673326673326674;0.6012619587829966;"[[  6  18  17   9  20  10]
 [  8 109  34   4  16   6]
 [  2   7 155  20   9   8]
 [  8   9  21 157  11   5]
 [ 11  11   7   1 121  28]
 [  0   5  20   1   7 120]]";156;[14 36 25 32 16 33]
879;CiteSeer;own;1;0.2;64;0.5;1;0.005;1404409622;0.9938271604938271;0.991604938271605;"[[13  1  0  0  0  0]
 [ 0 37  0  0  0  0]
 [ 0  0 26  0  0  0]
 [ 0  0  0 32  0  0]
 [ 0  0  0  0 18  0]
 [ 0  0  0  0  0 35]]";0.7204251386321626;0.665005305863499;"[[ 33  22  39  10  40  17]
 [ 11 206  71   8  36  13]
 [  1  11 426  26   8  17]
 [  8  15  61 306  27  24]
 [  8   3   8   0 315  57]
 [  2  11  31   4  16 273]]";0.6473526473526473;0.5825659368574234;"[[  6  17  21   3  23  10]
 [  8  98  40   2  22   7]
 [  1   5 159  10   9  17]
 [  3   8  28 141  18  13]
 [  7   8   7   1 129  27]
 [  0   4  25   1   8 115]]";162;[14 37 26 32 18 35]
880;CiteSeer;own;1;0.2;64;0.5;1;0.005;1404409622;1.0;1.0;"[[16  0  0  0  0  0]
 [ 0 38  0  0  0  0]
 [ 0  0 27  0  0  0]
 [ 0  0  0 34  0  0]
 [ 0  0  0  0 18  0]
 [ 0  0  0  0  0 35]]";0.7391102873030584;0.6856322002733108;"[[ 37  27  20  13  42  14]
 [ 12 212  61  12  40   9]
 [  1   8 425  27  10  15]
 [  5  13  56 327  23  20]
 [  7   3   8   3 329  43]
 [  2  14  29   7  19 265]]";0.6643356643356644;0.6035904543525518;"[[  9  15  19   5  25   7]
 [  8  99  36   7  22   5]
 [  1   5 161  13   8  13]
 [  3   9  27 152  12   8]
 [  5  10   6   4 133  21]
 [  1   4  28   1   8 111]]";168;[16 38 27 34 18 35]
881;CiteSeer;own;1;0.2;64;0.5;1;0.005;1404409622;0.9942528735632183;0.9906759906759907;"[[16  0  0  0  0  0]
 [ 0 39  0  0  0  0]
 [ 0  0 28  0  0  0]
 [ 0  0  0 35  0  0]
 [ 1  0  0  0 19  0]
 [ 0  0  0  0  0 36]]";0.7439591078066915;0.68832937360184;"[[ 34  29  20  11  38  16]
 [  9 217  58  13  36  12]
 [  1   8 418  27   8  19]
 [  4  12  50 331  24  17]
 [  6   2   7   3 332  51]
 [  1  13  32   6  18 269]]";0.6633366633366633;0.6002735053701377;"[[  8  15  15   6  27   9]
 [  8 102  37   5  18   7]
 [  1   4 159  15   8  14]
 [  3   9  23 152  15   9]
 [  5  11   6   4 130  23]
 [  0   4  28   1   7 113]]";174;[16 39 28 35 20 36]
882;CiteSeer;own;1;0.2;64;0.5;1;0.005;1404409622;0.9944444444444445;0.9908844542990884;"[[16  0  0  0  0  0]
 [ 0 42  0  0  0  0]
 [ 0  0 29  0  0  0]
 [ 0  0  0 35  0  0]
 [ 1  0  0  0 20  0]
 [ 0  0  0  0  0 37]]";0.749767008387698;0.6935131640529999;"[[ 33  29  22  10  42  12]
 [  8 219  60  10  35  10]
 [  1   8 421  28  10  12]
 [  4  10  53 327  27  16]
 [  5   3   7   3 340  43]
 [  0  12  32   7  18 269]]";0.6593406593406593;0.5945276774739197;"[[  7  17  14   5  28   9]
 [  8  99  39   2  24   5]
 [  1   4 160  15   8  13]
 [  3  10  25 150  15   8]
 [  5  11   6   4 133  20]
 [  0   4  29   1   8 111]]";180;[16 42 29 35 21 37]
883;CiteSeer;own;1;0.2;64;0.5;1;0.005;1404409622;0.9946236559139785;0.9916195265032474;"[[18  0  0  0  0  0]
 [ 0 43  0  0  0  0]
 [ 0  0 30  0  0  0]
 [ 0  0  0 36  0  0]
 [ 1  0  0  0 21  0]
 [ 0  0  0  0  0 37]]";0.7518691588785047;0.6990466305667571;"[[ 37  34  19  10  35  12]
 [  9 228  56   9  28  11]
 [  1   9 421  28   8  12]
 [  7  13  52 320  27  15]
 [  6   5   8   2 332  48]
 [  3  15  29   5  15 271]]";0.6653346653346653;0.6023935595221084;"[[  8  22  13   5  24   8]
 [  8 104  38   2  19   6]
 [  1   4 162  14   8  12]
 [  4  11  27 149  12   8]
 [  5  11   6   3 133  21]
 [  0   5  28   1   9 110]]";186;[18 43 30 36 22 37]
884;CiteSeer;own;1;0.2;64;0.5;1;0.005;1404409622;0.9947916666666666;0.9935640558591379;"[[18  0  0  0  0  0]
 [ 0 44  0  0  0  0]
 [ 0  0 30  0  0  0]
 [ 0  0  0 38  0  0]
 [ 0  0  1  0 22  0]
 [ 0  0  0  0  0 39]]";0.7544517338331771;0.7016062288179278;"[[ 37  34  17  10  35  14]
 [  9 225  58   9  29  11]
 [  1   8 416  29   9  14]
 [  7  13  46 325  25  17]
 [  6   4   9   2 336  46]
 [  0  13  29   5  15 271]]";0.6713286713286714;0.6098132067951586;"[[  9  20  11   6  25   9]
 [  8 103  39   2  19   6]
 [  1   4 160  16   7  13]
 [  4  11  24 151  12   9]
 [  5  11   6   2 135  20]
 [  0   4  26   2   7 114]]";192;[18 44 30 38 23 39]
885;CiteSeer;own;1;0.2;64;0.5;1;0.005;1404409622;1.0;1.0;"[[18  0  0  0  0  0]
 [ 0 46  0  0  0  0]
 [ 0  0 31  0  0  0]
 [ 0  0  0 40  0  0]
 [ 0  0  0  0 24  0]
 [ 0  0  0  0  0 39]]";0.7622180451127819;0.7093752206259104;"[[ 37  35  15   9  35  15]
 [  8 237  50   9  26  10]
 [  0   8 410  29   9  21]
 [  8  15  45 321  25  17]
 [  6   3   8   1 339  45]
 [  1  13  22   5  13 278]]";0.6763236763236763;0.6121932633805948;"[[  8  23  12   4  26   7]
 [  8 107  35   3  18   6]
 [  1   5 158  16   7  14]
 [  4  13  20 151  15   8]
 [  5  11   4   2 137  20]
 [  0   4  24   2   7 116]]";198;[18 46 31 40 24 39]
886;CiteSeer;own;1;0.2;64;0.5;1;0.005;1404409622;0.9950980392156863;0.9954548246422209;"[[19  0  0  0  0  0]
 [ 0 47  0  0  0  0]
 [ 0  0 33  0  0  0]
 [ 0  0  1 40  0  0]
 [ 0  0  0  0 24  0]
 [ 0  0  0  0  0 40]]";0.76248821866164;0.7138755905891155;"[[ 44  31  16   8  34  12]
 [ 13 230  53   6  23  10]
 [  4   7 420  27  10  16]
 [ 13  15  47 307  23  16]
 [  9   3   5   1 339  45]
 [  4  14  21   5  13 278]]";0.6693306693306693;0.6191133493609035;"[[ 14  21  10   5  25   5]
 [ 10 104  38   2  18   5]
 [  2   5 158  16   7  13]
 [  6  13  24 146  13   9]
 [  5  11   6   1 135  21]
 [  1   4  26   2   7 113]]";204;[19 47 33 41 24 40]
887;CiteSeer;own;1;0.2;64;0.5;1;0.005;1404409622;0.9952380952380953;0.9936688825577714;"[[19  0  0  0  0  1]
 [ 0 48  0  0  0  0]
 [ 0  0 34  0  0  0]
 [ 0  0  0 42  0  0]
 [ 0  0  0  0 26  0]
 [ 0  0  0  0  0 40]]";0.7603969754253308;0.7050751230780667;"[[ 35  36  12   7  37  18]
 [  6 232  51   6  24  16]
 [  0   9 427  25   7  19]
 [  6  21  45 300  25  18]
 [  6   4   5   0 336  53]
 [  0  13  21   4  13 279]]";0.6673326673326674;0.6036788547184514;"[[  8  19  10   3  26  14]
 [  9 101  38   1  17  11]
 [  2   5 160  13   7  14]
 [  4  13  23 145  16  10]
 [  5  11   5   1 135  22]
 [  0   4  22   2   6 119]]";210;[20 48 34 42 26 40]
888;CiteSeer;own;1;0.2;64;0.5;1;0.005;1404409622;1.0;1.0;"[[20  0  0  0  0  0]
 [ 0 50  0  0  0  0]
 [ 0  0 34  0  0  0]
 [ 0  0  0 44  0  0]
 [ 0  0  0  0 28  0]
 [ 0  0  0  0  0 40]]";0.7663507109004739;0.7113596063640921;"[[ 36  33  12   8  43  13]
 [  7 228  49   7  27  13]
 [  1   9 426  26  10  14]
 [  5  17  45 303  30  15]
 [  6   2   5   1 350  40]
 [  2  11  22   4  16 274]]";0.6663336663336663;0.6026062068050956;"[[  8  20  10   4  28  10]
 [  9 100  38   2  21   7]
 [  2   5 160  14   8  12]
 [  4  11  21 147  19   9]
 [  5  11   3   1 139  20]
 [  1   5  24   2   8 113]]";216;[20 50 34 44 28 40]
889;CiteSeer;own;1;0.2;64;0.5;1;0.005;1404409622;0.9954954954954955;0.9965183331519966;"[[21  0  0  0  0  0]
 [ 0 50  0  1  0  0]
 [ 0  0 34  0  0  0]
 [ 0  0  0 45  0  0]
 [ 0  0  0  0 31  0]
 [ 0  0  0  0  0 40]]";0.7723384030418251;0.722851932678542;"[[ 43  28  10   8  46  13]
 [ 10 228  43   5  25  15]
 [  1  11 422  26  12  12]
 [  5  18  38 303  34  13]
 [  6   3   4   1 356  39]
 [  4  10  20   4  15 273]]";0.6723276723276723;0.6149524058717507;"[[ 11  16   8   5  29  11]
 [ 10 104  34   1  21   7]
 [  3   5 160  14   9  10]
 [  3  12  18 144  25   9]
 [  5   9   3   1 140  21]
 [  1   4  23   2   9 114]]";222;[21 51 34 45 31 40]
890;CiteSeer;own;1;0.2;64;0.5;1;0.005;1404409622;0.9912280701754386;0.9918153102935712;"[[23  0  0  0  0  0]
 [ 0 51  1  0  1  0]
 [ 0  0 34  0  0  0]
 [ 0  0  0 45  0  0]
 [ 0  0  0  0 32  0]
 [ 0  0  0  0  0 41]]";0.7697807435653002;0.7185248069417045;"[[ 40  25  13   8  44  14]
 [  9 222  46   6  26  14]
 [  0   9 422  27  10  15]
 [  7  13  40 303  34  14]
 [  4   2   6   3 355  42]
 [  4   9  19   5  15 273]]";0.6663336663336663;0.6094370122529317;"[[ 11  16   9   6  28  10]
 [ 10  99  37   1  23   7]
 [  2   5 160  14   9  11]
 [  3   9  18 144  28   9]
 [  5   9   4   1 138  22]
 [  1   4  23   2   8 115]]";228;[23 53 34 45 32 41]
891;CiteSeer;own;1;0.2;64;0.5;1;0.005;1404409622;0.9871794871794872;0.987584708856457;"[[24  0  0  0  0  0]
 [ 0 51  1  0  1  0]
 [ 0  0 35  0  0  0]
 [ 0  0  0 46  0  0]
 [ 0  0  0  0 33  0]
 [ 0  0  0  0  1 42]]";0.7662523900573613;0.7197461035027318;"[[ 47  21  15   8  42  14]
 [ 14 217  47   5  28  11]
 [  1   9 422  27  11  13]
 [  7  11  40 296  41  13]
 [  6   1   5   1 364  40]
 [ 10   5  17   5  21 257]]";0.6673326673326674;0.6137500942019217;"[[ 13  14  11   3  29  10]
 [ 12  97  38   1  22   7]
 [  3   5 163  11   9  10]
 [  3   8  17 144  30   9]
 [  7   9   4   1 145  13]
 [  3   4  24   2  14 106]]";234;[24 53 35 46 33 43]
892;CiteSeer;own;1;0.2;64;0.5;1;0.005;1404409622;0.9833333333333333;0.9811541975607175;"[[25  0  0  0  0  0]
 [ 0 54  0  0  0  0]
 [ 0  0 35  0  0  0]
 [ 0  0  1 48  0  0]
 [ 0  0  0  0 33  0]
 [ 2  0  0  0  1 41]]";0.7770853307766059;0.7323387593314536;"[[ 53  25  10  10  33  15]
 [ 18 221  41   4  25  11]
 [  2   9 426  26   9  11]
 [ 10  12  44 299  30  11]
 [  8   1   4   1 368  34]
 [ 11   8  20   5  17 254]]";0.6793206793206793;0.6316701262386584;"[[ 17  12   9   4  27  11]
 [ 17 102  33   1  19   5]
 [  3   5 163  11   9  10]
 [  4   9  18 146  26   8]
 [  8   9   4   1 144  13]
 [  2   5  23   3  12 108]]";240;[25 54 35 49 33 44]
893;CiteSeer;own;1;0.2;64;0.5;1;0.005;1404409622;0.991869918699187;0.9908927602614281;"[[25  0  0  0  0  0]
 [ 0 56  0  0  0  0]
 [ 0  0 36  0  0  0]
 [ 0  0  1 49  0  0]
 [ 0  0  0  0 34  0]
 [ 1  0  0  0  0 44]]";0.7769230769230769;0.7346175310009332;"[[ 51  27  11   9  32  16]
 [ 11 225  41   3  27  12]
 [  0  10 419  27   9  17]
 [  7  12  43 296  34  12]
 [  6   1   5   1 360  42]
 [  4   8  17   4  16 265]]";0.6733266733266733;0.6181898682024717;"[[ 12  16   9   5  27  11]
 [ 14 105  32   0  19   7]
 [  2   5 161  11   9  13]
 [  4   9  18 144  28   8]
 [  7   9   6   1 139  17]
 [  2   5  20   3  10 113]]";246;[25 56 36 50 34 45]
894;CiteSeer;own;1;0.2;64;0.5;1;0.005;1404409622;0.996031746031746;0.9950238440804479;"[[26  0  0  0  0  0]
 [ 0 57  0  0  0  0]
 [ 0  0 37  0  0  0]
 [ 0  0  0 51  0  0]
 [ 0  0  0  0 35  0]
 [ 1  0  0  0  0 45]]";0.7782063645130183;0.7427866650318601;"[[ 67  24   9   9  25  17]
 [ 22 222  37   3  19  13]
 [  3  10 420  26   9  14]
 [  9  12  44 294  33  12]
 [ 18   1   3   0 351  37]
 [  5   7  18   4  17 260]]";0.6793206793206793;0.6396573276436243;"[[ 22  12   8   3  23  12]
 [ 21 105  30   1  13   7]
 [  2   6 160  11   9  13]
 [  4   9  17 144  29   8]
 [ 10   9   6   1 135  18]
 [  2   6  20   2   9 114]]";252;[26 57 37 51 35 46]
895;CiteSeer;own;1;0.2;64;0.5;1;0.005;1404409622;1.0;1.0;"[[27  0  0  0  0  0]
 [ 0 57  0  0  0  0]
 [ 0  0 37  0  0  0]
 [ 0  0  0 54  0  0]
 [ 0  0  0  0 36  0]
 [ 0  0  0  0  0 47]]";0.7785299806576402;0.7438560292652614;"[[ 68  26  11  11  22  14]
 [ 22 223  40   3  19  12]
 [  2   8 417  27   9  12]
 [  7  11  38 295  35  15]
 [ 13   1   4   1 356  35]
 [  8   7  21   7  17 251]]";0.6793206793206793;0.6353777265399873;"[[ 19  14   9   4  23  11]
 [ 19 109  30   1  13   5]
 [  2   6 157  12   9  15]
 [  4   8  17 146  28   8]
 [ 10   9   4   1 140  15]
 [  5   5  22   3   9 109]]";258;[27 57 37 54 36 47]
896;CiteSeer;own;1;0.2;64;0.5;1;0.005;1404409622;1.0;1.0;"[[28  0  0  0  0  0]
 [ 0 58  0  0  0  0]
 [ 0  0 38  0  0  0]
 [ 0  0  0 55  0  0]
 [ 0  0  0  0 37  0]
 [ 0  0  0  0  0 48]]";0.7822502424830262;0.7462025139665088;"[[ 63  25  11  11  26  14]
 [ 16 224  42   4  19  12]
 [  0   8 416  27  10  13]
 [  7  10  38 297  33  15]
 [ 12   1   4   1 355  37]
 [  7   5  20   7  14 258]]";0.6883116883116883;0.6407403505546811;"[[ 17  13   9   4  25  12]
 [ 17 110  30   1  13   6]
 [  2   5 157  14   9  14]
 [  4   6  17 149  27   8]
 [ 10   9   3   1 141  15]
 [  3   6  20   2   7 115]]";264;[28 58 38 55 37 48]
897;CiteSeer;own;1;0.2;64;0.5;1;0.005;1404409622;0.9962962962962963;0.9963028515240904;"[[28  0  0  0  0  0]
 [ 0 60  0  0  0  0]
 [ 0  0 39  0  0  0]
 [ 0  0  0 56  1  0]
 [ 0  0  0  0 37  0]
 [ 0  0  0  0  0 49]]";0.7825875486381323;0.7454789197673078;"[[ 62  22   9   9  29  17]
 [ 17 224  41   3  18  11]
 [  1   8 415  29  11  11]
 [  8  11  42 293  32  13]
 [ 15   1   4   1 358  28]
 [  9   5  21   4  17 257]]";0.6873126873126874;0.6397562265005349;"[[ 17  12   8   4  25  14]
 [ 19 108  30   1  12   7]
 [  2   5 161  14  12   7]
 [  4   6  19 148  26   8]
 [ 11  10   4   1 141  12]
 [  3   5  20   2  10 113]]";270;[28 60 39 57 37 49]
898;CiteSeer;own;1;0.2;64;0.5;1;0.005;1404409622;0.9927536231884058;0.9928413873057892;"[[30  0  0  0  0  0]
 [ 0 60  1  0  0  0]
 [ 0  0 39  0  0  0]
 [ 0  0  0 57  1  0]
 [ 0  0  0  0 37  0]
 [ 0  0  0  0  0 51]]";0.7878048780487805;0.750534969422198;"[[ 59  22  12  11  24  17]
 [ 15 225  42   3  16  14]
 [  0   9 412  29  11  10]
 [  7  11  43 296  30  13]
 [ 10   1   4   1 360  30]
 [  5   4  21   3  17 263]]";0.6853146853146853;0.6341443643411467;"[[ 15  12   9   4  25  15]
 [ 16 105  32   1  14   9]
 [  2   5 160  15  11   8]
 [  3   6  18 151  25   8]
 [  8  10   4   1 141  15]
 [  2   3  23   2   9 114]]";276;[30 61 39 58 37 51]
899;CiteSeer;own;1;0.2;64;0.5;1;0.005;1404409622;0.9929078014184397;0.992280080657526;"[[31  0  0  0  0  1]
 [ 0 60  1  0  0  0]
 [ 0  0 39  0  0  0]
 [ 0  0  0 59  0  0]
 [ 0  0  0  0 39  0]
 [ 0  0  0  0  0 52]]";0.7925636007827789;0.757438530613439;"[[ 60  23  10   8  26  16]
 [ 13 227  40   3  17  14]
 [  0   9 412  26   9  13]
 [  7  11  41 295  31  14]
 [  7   1   5   1 360  32]
 [  2   4  23   2  16 266]]";0.6903096903096904;0.6422117138771185;"[[ 17  13   8   4  23  15]
 [ 16 108  32   1  12   8]
 [  2   5 160  14  11   9]
 [  3   8  16 150  26   8]
 [  7  10   3   2 141  16]
 [  2   3  24   1   8 115]]";282;[32 61 39 59 39 52]
900;CiteSeer;own;1;0.2;64;0.5;1;0.005;1404409622;0.9930555555555556;0.9920368490006055;"[[32  0  0  0  0  1]
 [ 1 61  0  0  0  0]
 [ 0  0 40  0  0  0]
 [ 0  0  0 61  0  0]
 [ 0  0  0  0 39  0]
 [ 0  0  0  0  0 53]]";0.795387634936212;0.7604277924623964;"[[ 61  24   9   8  23  17]
 [ 12 227  42   4  17  13]
 [  0  10 406  25   8  16]
 [  9  10  38 300  26  15]
 [  7   1   3   1 362  32]
 [  2   4  21   5  15 265]]";0.6863136863136863;0.6389554859383909;"[[ 17  13   8   4  24  14]
 [ 14 110  30   3  12   8]
 [  2   7 156  13  12  11]
 [  3   8  15 150  26   9]
 [  6  10   3   2 139  19]
 [  2   4  22   1   9 115]]";288;[33 62 40 61 39 53]
901;CiteSeer;own;1;0.2;64;0.5;1;0.005;1404409622;0.9965986394557823;0.9962512077294686;"[[34  0  0  0  0  0]
 [ 1 62  0  0  0  0]
 [ 0  0 40  0  0  0]
 [ 0  0  0 62  0  0]
 [ 0  0  0  0 40  0]
 [ 0  0  0  0  0 55]]";0.797736220472441;0.7639189795108595;"[[ 62  22  10   8  23  16]
 [ 12 225  41   4  17  14]
 [  0   8 407  26   9  15]
 [  7   8  40 302  27  13]
 [  8   1   4   1 359  32]
 [  3   4  18   4  16 266]]";0.6893106893106893;0.6392637634761532;"[[ 16  13   8   4  24  15]
 [ 15 104  32   3  15   8]
 [  2   5 160  15  11   8]
 [  3   7  16 152  25   8]
 [  7   9   3   2 140  18]
 [  1   3  21   1   9 118]]";294;[34 63 40 62 40 55]
902;CiteSeer;own;1;0.2;64;0.5;1;0.005;1404409622;0.9933333333333333;0.9922244759972955;"[[33  0  0  0  0  2]
 [ 0 64  0  0  0  0]
 [ 0  0 41  0  0  0]
 [ 0  0  0 63  0  0]
 [ 0  0  0  0 40  0]
 [ 0  0  0  0  0 57]]";0.8015794669299111;0.7686024293823467;"[[ 62  25   9   5  16  17]
 [ 15 226  37   4  14  17]
 [  0   8 409  23  10  14]
 [  7  13  39 301  30   9]
 [  6   1   4   1 347  36]
 [  2   4  17   3  16 279]]";0.6963036963036963;0.6488478177732642;"[[ 18  16   7   4  19  16]
 [ 15 109  28   3  10  12]
 [  2   5 162  13  12   7]
 [  3   9  17 151  23   8]
 [  6   9   3   2 138  21]
 [  1   3  22   1   7 119]]";300;[35 64 41 63 40 57]
903;CiteSeer;own;1;0.2;64;0.5;1;0.005;1404409622;0.9934640522875817;0.9936193274691401;"[[35  0  0  0  0  1]
 [ 0 64  0  0  0  0]
 [ 0  0 42  0  0  0]
 [ 0  1  0 64  0  0]
 [ 0  0  0  0 42  0]
 [ 0  0  0  0  0 57]]";0.8;0.7663943994503715;"[[ 60  24  11   7  17  14]
 [ 13 224  39   5  12  20]
 [  0   7 410  24   9  13]
 [  7  11  39 301  28  11]
 [  6   1   4   0 346  40]
 [  1   4  17   4  16 275]]";0.6903096903096904;0.6432449736932727;"[[ 18  15   8   3  20  16]
 [ 15 110  29   3   7  13]
 [  2   5 163  13  10   8]
 [  3   9  17 151  23   8]
 [  6  10   3   2 136  22]
 [  1   3  26   1   9 113]]";306;[36 64 42 65 42 57]
904;CiteSeer;own;1;0.2;64;0.5;1;0.005;1404409622;0.9935897435897436;0.9926219322771046;"[[36  0  0  0  0  1]
 [ 0 64  0  0  0  0]
 [ 0  0 43  0  0  0]
 [ 0  0  0 66  0  0]
 [ 0  0  0  0 44  0]
 [ 1  0  0  0  0 57]]";0.8038728897715988;0.771817970180848;"[[ 62  22  10   6  15  14]
 [ 15 225  37   6  12  18]
 [  0   7 406  24   9  14]
 [  7  10  40 302  26  13]
 [  6   1   4   1 357  38]
 [  1   4  14   5  16 267]]";0.6773226773226774;0.6307780193615647;"[[ 18  14   8   4  20  16]
 [ 18 103  29   3  10  14]
 [  2   6 160  14  10   9]
 [  3   9  16 152  23   8]
 [  8   9   4   2 132  24]
 [  1   3  25   1  10 113]]";312;[37 64 43 66 44 58]
905;CiteSeer;own;1;0.2;64;0.5;1;0.005;1404409622;0.9905660377358491;0.9898147829182312;"[[38  0  0  0  0  0]
 [ 0 65  0  0  0  0]
 [ 0  0 43  0  0  0]
 [ 0  0  0 67  0  0]
 [ 0  0  0  0 45  1]
 [ 1  0  1  0  0 57]]";0.7953187250996016;0.7663574168173274;"[[ 63  22  10   5  18  14]
 [ 14 226  35   8  12  19]
 [  0   8 373  42  11  10]
 [  8  10  35 301  32  11]
 [  3   1   4   1 371  24]
 [  0   4  24   7  19 263]]";0.6733266733266733;0.6264986026711282;"[[ 17  15   7   4  20  17]
 [ 17 104  28   1  13  14]
 [  2   5 148  28  10   8]
 [  4   7  15 152  25   8]
 [  6   9   4   2 140  18]
 [  1   2  23   3  11 113]]";318;[38 65 43 67 46 59]
906;CiteSeer;own;1;0.2;64;0.5;1;0.005;1404409622;0.9907407407407407;0.9896503018512588;"[[37  0  0  0  0  2]
 [ 0 65  0  0  0  0]
 [ 0  0 46  0  0  0]
 [ 0  0  0 69  0  0]
 [ 0  0  0  0 45  1]
 [ 0  0  0  0  0 59]]";0.7992007992007992;0.7693961176017768;"[[ 63  20   9   5  17  16]
 [ 15 222  34   9  16  18]
 [  0   7 377  43   9   8]
 [  8   7  37 302  29  10]
 [  4   1   4   2 369  24]
 [  1   4  20   7  18 267]]";0.6843156843156843;0.6377095063512322;"[[ 18  14   7   5  18  18]
 [ 20 102  28   4   9  14]
 [  2   5 148  27  10   9]
 [  4   6  15 154  24   8]
 [  7   8   5   1 142  16]
 [  0   2  16   3  11 121]]";324;[39 65 46 69 46 59]
907;CiteSeer;own;1;0.2;64;0.5;1;0.005;1404409622;0.9878787878787879;0.9868807878840745;"[[40  0  0  0  0  0]
 [ 1 67  0  0  0  0]
 [ 0  0 47  0  0  0]
 [ 0  0  0 69  0  0]
 [ 0  0  0  0 46  0]
 [ 1  0  0  0  2 57]]";0.8041082164328658;0.7748582623107838;"[[ 65  21   8   4  17  14]
 [ 17 229  30   6  14  15]
 [  1   6 384  35   9   8]
 [  9   8  40 296  30  10]
 [  4   1   5   1 368  24]
 [  1   6  24   6  17 263]]";0.6853146853146853;0.6423608920438509;"[[ 20  15   6   4  18  17]
 [ 21 107  27   4   9   9]
 [  3   5 150  25  10   8]
 [  5   6  15 152  25   8]
 [  9   9   5   2 138  16]
 [  1   2  18   3  10 119]]";330;[40 68 47 69 46 60]
908;CiteSeer;own;1;0.2;64;0.5;1;0.005;1404409622;0.9910714285714286;0.9902541577750722;"[[40  0  0  0  0  0]
 [ 0 69  0  0  0  0]
 [ 0  0 48  0  0  0]
 [ 0  0  0 71  0  0]
 [ 0  0  0  0 45  1]
 [ 1  0  0  0  1 60]]";0.8115577889447236;0.7798224478184569;"[[ 62  22   7   5  19  14]
 [ 16 227  27   9  13  17]
 [  0   7 382  38   8   7]
 [  8   8  38 300  26  11]
 [  3   1   4   2 368  25]
 [  1   4  12   7  16 276]]";0.6843156843156843;0.6382756043575434;"[[ 18  14   7   5  18  18]
 [ 19 108  26   4   7  13]
 [  3   5 149  26   9   9]
 [  4   6  15 153  23  10]
 [  9   8   5   2 137  18]
 [  1   2  16   3  11 120]]";336;[40 69 48 71 46 62]
909;CiteSeer;own;1;0.2;64;0.5;1;0.005;1404409622;0.9883040935672515;0.9871521428383615;"[[39  0  0  0  0  1]
 [ 1 70  0  0  0  0]
 [ 0  0 50  0  0  0]
 [ 0  0  0 71  0  0]
 [ 0  0  0  0 45  2]
 [ 0  0  0  0  0 63]]";0.8150201612903226;0.782622276945605;"[[ 60  25   6   5  18  15]
 [ 12 230  29   6  13  16]
 [  0   9 390  34   8   5]
 [  8   8  38 294  28  11]
 [  3   2   6   1 364  26]
 [  0   4  10   3  18 279]]";0.6963036963036963;0.6488219265980545;"[[ 18  16   7   3  17  19]
 [ 17 109  27   2  11  11]
 [  3   6 157  18   9   8]
 [  4   6  16 153  22  10]
 [  8   8   5   2 140  16]
 [  1   2  19   1  10 120]]";342;[40 71 50 71 47 63]
910;CiteSeer;own;1;0.2;64;0.5;1;0.005;1404409622;0.9942528735632183;0.99378009107699;"[[41  0  0  0  0  0]
 [ 1 71  0  0  0  0]
 [ 0  0 51  0  0  0]
 [ 0  0  0 72  0  0]
 [ 0  0  0  0 47  1]
 [ 0  0  0  0  0 64]]";0.8235591506572295;0.7925113024866034;"[[ 65  23   5   4  14  16]
 [ 17 227  29   4  12  17]
 [  0   6 396  29   8   5]
 [  9   8  34 298  28  10]
 [  3   2   6   0 363  27]
 [  1   2   9   4  17 280]]";0.6953046953046953;0.6502155486582105;"[[ 20  16   6   3  17  18]
 [ 20 105  27   4   7  14]
 [  3   6 158  16  10   8]
 [  4   6  16 153  23   9]
 [  9   8   4   2 140  16]
 [  1   2  18   1  11 120]]";348;[41 72 51 72 48 64]
911;CiteSeer;own;1;0.2;64;0.5;1;0.005;1404409622;0.9943502824858758;0.9939443882109207;"[[43  0  0  0  0  0]
 [ 1 72  0  0  0  0]
 [ 0  0 51  0  0  0]
 [ 0  0  0 73  0  0]
 [ 0  0  0  0 48  1]
 [ 0  0  0  0  0 65]]";0.8275862068965517;0.7949076055342786;"[[ 63  21   4   5  15  15]
 [ 18 227  29   4  12  17]
 [  0   5 395  27  10   5]
 [  9   8  34 297  28  10]
 [  5   2   5   0 372  21]
 [  0   3   9   4  15 278]]";0.6963036963036963;0.6508111253637322;"[[ 20  16   6   3  17  18]
 [ 20 105  27   4   8  13]
 [  4   6 159  14  10   8]
 [  4   6  15 154  23   9]
 [ 10   8   3   2 141  15]
 [  1   2  18   1  13 118]]";354;[43 73 51 73 49 65]
912;CiteSeer;own;1;0.2;64;0.5;1;0.005;1404409622;0.9861111111111112;0.9855377617479503;"[[43  0  0  0  0  0]
 [ 2 72  0  0  0  0]
 [ 0  0 53  0  0  0]
 [ 0  0  0 73  0  0]
 [ 0  0  0  0 49  1]
 [ 1  1  0  0  0 65]]";0.830620549338759;0.7974955909215117;"[[ 63  22   4   6  14  15]
 [ 16 227  28   5  12  18]
 [  1   5 401  23   9   5]
 [  9   8  30 297  28  10]
 [  4   3   5   1 369  22]
 [  0   2  10   4  14 276]]";0.7022977022977023;0.6550444486519656;"[[ 19  17   6   3  17  18]
 [ 20 107  27   4   9  10]
 [  4   6 162  11  11   7]
 [  4   6  16 153  23   9]
 [ 10   8   3   2 143  13]
 [  1   2  18   1  12 119]]";360;[43 74 53 73 50 67]
913;CiteSeer;own;1;0.2;64;0.5;1;0.005;1404409622;0.9918032786885246;0.9918454547886949;"[[43  0  0  0  0  0]
 [ 1 74  0  0  0  0]
 [ 0  0 54  0  0  0]
 [ 0  0  0 75  0  0]
 [ 0  0  0  0 51  0]
 [ 0  1  1  0  0 66]]";0.8301020408163265;0.7959876250083061;"[[ 59  22   3   6  18  15]
 [ 11 228  28   5  14  19]
 [  0   5 403  24   7   5]
 [  8   8  31 296  29  10]
 [  3   3   5   0 370  20]
 [  0   2   9   4  19 271]]";0.7022977022977023;0.6503452419724334;"[[ 16  16   6   4  19  19]
 [ 17 108  28   4  11   9]
 [  3   6 164  10  10   8]
 [  4   6  17 153  23   8]
 [  8   8   4   2 143  14]
 [  1   2  18   1  12 119]]";366;[43 75 54 75 51 68]
914;CiteSeer;own;1;0.2;64;0.5;1;0.005;1404409622;0.9946236559139785;0.9942459003554033;"[[42  1  0  0  0  0]
 [ 0 77  0  0  0  0]
 [ 0  0 55  0  0  0]
 [ 0  0  0 76  0  0]
 [ 0  0  0  0 52  0]
 [ 0  0  1  0  0 68]]";0.8321392016376663;0.7973094931895948;"[[ 56  22   3   7  19  14]
 [  9 231  29   5  13  16]
 [  0   6 401  26   8   4]
 [  6   9  30 293  31  10]
 [  3   3   5   1 372  18]
 [  0   3   8   5  15 273]]";0.7042957042957043;0.6522059572867188;"[[ 16  16   7   8  17  16]
 [ 15 108  30   6  10   8]
 [  3   6 166  10  11   5]
 [  4   6  18 153  22   8]
 [  7   9   3   3 144  13]
 [  1   1  18   2  13 118]]";372;[43 77 55 76 52 69]
915;CiteSeer;own;1;0.2;64;0.5;1;0.005;1404409622;0.9867724867724867;0.9859063121712701;"[[44  0  0  0  0  0]
 [ 1 78  0  0  0  0]
 [ 0  1 54  0  0  0]
 [ 0  0  0 77  0  0]
 [ 0  0  0  0 51  2]
 [ 1  0  0  0  0 69]]";0.8275154004106776;0.7950193377781768;"[[ 60  21   3   8  15  15]
 [ 12 238  34   4  13  13]
 [  0  13 381  22   9   5]
 [  8  10  28 292  30  11]
 [  5   2   5   1 367  19]
 [  1   3  10   5  11 274]]";0.6963036963036963;0.6501691995887159;"[[ 19  14  10   7  14  16]
 [ 17 107  29   5   8  11]
 [  3  13 157   9  11   8]
 [  4   6  17 154  21   9]
 [  8   8   4   3 142  14]
 [  2   2  17   1  13 118]]";378;[44 79 55 77 53 70]
916;CiteSeer;own;1;0.2;64;0.5;1;0.005;1404409622;0.9921875;0.9921597232865258;"[[44  0  0  0  0  0]
 [ 1 80  0  0  0  1]
 [ 0  0 56  0  0  0]
 [ 0  0  0 78  0  0]
 [ 0  0  0  0 54  0]
 [ 0  0  0  0  1 69]]";0.8300720906282183;0.7973794877248577;"[[ 60  20   3   8  14  15]
 [ 12 236  35   5  15  13]
 [  0   9 387  21   8   4]
 [  8   8  28 296  28  10]
 [  6   3   5   1 364  18]
 [  1   3  10   5  14 269]]";0.7032967032967034;0.658444434632382;"[[ 20  14   9   7  15  15]
 [ 16 110  29   3  11   8]
 [  3  11 160   9  10   8]
 [  4   6  17 154  21   9]
 [  8   8   4   3 142  14]
 [  1   2  18   1  13 118]]";384;[44 82 56 78 54 70]
917;CiteSeer;own;1;0.2;64;0.5;1;0.005;1404409622;0.9871794871794872;0.9856152418386287;"[[41  1  0  0  0  3]
 [ 0 85  0  0  0  0]
 [ 0  0 57  0  0  0]
 [ 0  0  0 79  0  0]
 [ 0  0  0  0 54  0]
 [ 0  1  0  0  0 69]]";0.8331611570247934;0.8000323726671313;"[[ 59  20   3   9  13  14]
 [ 12 242  32   5  12  12]
 [  1  11 385  20   7   4]
 [  8   9  28 296  27  10]
 [  6   3   6   2 360  18]
 [  1   3  10   4  13 271]]";0.7172827172827173;0.6720721815304466;"[[ 21  15   7   7  16  14]
 [ 18 112  27   5   8   7]
 [  3  10 164   9   9   6]
 [  4   7  17 157  18   8]
 [  8   9   3   2 146  11]
 [  1   3  18   1  12 118]]";390;[45 85 57 79 54 70]
918;CiteSeer;own;1;0.2;64;0.5;1;0.005;1404409622;0.9924242424242424;0.9909465790316855;"[[44  1  1  0  0  0]
 [ 0 87  0  0  0  0]
 [ 0  0 58  0  0  0]
 [ 0  0  0 79  0  0]
 [ 0  0  0  0 55  0]
 [ 1  0  0  0  0 70]]";0.8284974093264249;0.7979897768890889;"[[ 61  19   3   7  12  15]
 [ 10 236  32   5  14  17]
 [  1  11 383  19   7   4]
 [  8   8  29 294  29  10]
 [  7   3   8   2 358  20]
 [  1   2  10   4  14 267]]";0.7032967032967034;0.658735368785952;"[[ 21  15   9   4  16  15]
 [ 19 107  27   4   9  11]
 [  3  10 163  10   9   6]
 [  4   7  17 155  19   9]
 [  9   8   4   2 141  15]
 [  2   2  17   2  13 117]]";396;[46 87 58 79 55 71]
919;CiteSeer;own;1;0.2;64;0.5;1;0.005;1404409622;0.9900497512437811;0.9876343806520612;"[[45  0  1  0  1  0]
 [ 0 89  0  0  0  0]
 [ 0  0 58  0  0  0]
 [ 0  0  0 81  0  0]
 [ 0  0  0  0 55  0]
 [ 2  0  0  0  0 70]]";0.8336798336798337;0.8029418949597625;"[[ 61  20   3   6  13  13]
 [ 11 239  32   5  11  15]
 [  3  10 379  18   8   4]
 [  6   7  30 297  29  10]
 [  7   3   5   1 362  17]
 [  1   2  10   3  17 266]]";0.7032967032967034;0.6581270502359573;"[[ 20  17   7   4  17  15]
 [ 16 110  27   4   9  11]
 [  4  10 157  13  11   6]
 [  5   3  17 155  21  10]
 [  9   9   3   1 143  14]
 [  2   1  16   2  13 119]]";402;[47 89 58 81 55 72]
920;CiteSeer;own;1;0.2;64;0.5;1;0.005;1404409622;0.9877450980392157;0.9860656158864596;"[[48  0  0  0  0  0]
 [ 1 89  0  0  0  0]
 [ 0  0 59  0  0  0]
 [ 0  0  0 82  0  0]
 [ 1  0  0  0 54  2]
 [ 1  0  0  0  0 71]]";0.829509906152242;0.7975326244665485;"[[ 59  17   3   7  18  11]
 [ 12 237  32   6  12  12]
 [  4  12 374  21   8   4]
 [  7   7  28 297  30  10]
 [  6   4   5   1 368  14]
 [  1   2  10   3  20 256]]";0.7082917082917083;0.6643006132627485;"[[ 21  15   6   6  21  11]
 [ 16 110  28   4  10   9]
 [  3   7 158  15  11   7]
 [  5   3  16 156  22   9]
 [ 10   9   2   1 147  10]
 [  3   1  17   2  13 117]]";408;[48 90 59 82 57 72]
921;CiteSeer;own;1;0.2;64;0.5;1;0.005;1404409622;0.9927536231884058;0.9924940816206874;"[[48  1  0  0  0  0]
 [ 0 91  0  0  0  0]
 [ 0  1 60  0  0  0]
 [ 0  0  0 83  0  0]
 [ 0  0  0  0 57  1]
 [ 0  0  0  0  0 72]]";0.8310669456066946;0.799329425485941;"[[ 60  18   3   6  19   9]
 [ 11 239  32   4  12  11]
 [  4  15 367  18   8   5]
 [  9  10  27 293  28  11]
 [  6   5   5   1 373  14]
 [  2   2  10   3  15 257]]";0.7052947052947053;0.6649283828016022;"[[ 23  15   4   5  21  12]
 [ 17 112  28   4  10   6]
 [  4   9 152  14  11  11]
 [  5   7  17 154  20   8]
 [ 10   9   2   1 147  10]
 [  3   1  16   2  13 118]]";414;[49 91 61 83 58 72]
922;CiteSeer;own;1;0.2;64;0.5;1;0.005;1404409622;0.9928571428571429;0.9918114758850184;"[[48  1  0  0  0  0]
 [ 0 92  0  0  0  0]
 [ 0  0 63  0  1  0]
 [ 0  0  0 84  0  0]
 [ 0  0  0  0 58  0]
 [ 1  0  0  0  0 72]]";0.829485834207765;0.7972472063898008;"[[ 59  19   3   6  13  14]
 [ 11 235  34   5  10  13]
 [  2  14 369  19   8   5]
 [  9   9  27 294  28  11]
 [  8   4   5   1 362  18]
 [  1   2  10   2  14 262]]";0.7002997002997003;0.657410335444356;"[[ 21  14   5   6  18  16]
 [ 17 114  26   4   8   8]
 [  3  10 151  16  11  10]
 [  5   8  16 154  19   9]
 [ 10   9   3   2 143  12]
 [  3   1  16   2  13 118]]";420;[49 92 64 84 58 73]
923;CiteSeer;own;1;0.2;64;0.5;1;0.005;127148386;0.0;0.0;[[]];0.15262252794496992;0.04413775954245928;"[[  0   0   0   0   0 184]
 [  0   0   0   0   0 413]
 [  0   0   0   0   0 467]
 [  0   0   0   0   0 490]
 [  0   0   0   0   0 417]
 [  0   0   0   0   0 355]]";0.15284715284715283;0.04419410745233968;"[[  0   0   0   0   0  80]
 [  0   0   0   0   0 177]
 [  0   0   0   0   0 201]
 [  0   0   0   0   0 211]
 [  0   0   0   0   0 179]
 [  0   0   0   0   0 153]]";0;[]
924;CiteSeer;own;1;0.2;64;0.5;1;0.005;127148386;1.0;1.0;"[[2 0 0]
 [0 1 0]
 [0 0 3]]";0.21637931034482757;0.09726110320229624;"[[ 41   0 153   0   0   0]
 [ 44   2 364   0   0   0]
 [ 14   0 453   0   0   0]
 [  5   0 475   6   0   0]
 [ 84   0 324   0   0   0]
 [ 40   0 315   0   0   0]]";0.21478521478521478;0.09529546622596728;"[[ 18   0  62   0   0   0]
 [ 27   0 150   0   0   0]
 [  6   0 195   0   0   0]
 [  6   0 203   2   0   0]
 [ 35   0 144   0   0   0]
 [ 10   0 143   0   0   0]]";6;[2 1 0 3]
925;CiteSeer;own;1;0.2;64;0.5;1;0.005;127148386;1.0;1.0;"[[3 0 0 0]
 [0 3 0 0]
 [0 0 4 0]
 [0 0 0 2]]";0.34226447709593777;0.2385163897185939;"[[ 27  96  29   0  50   0]
 [  7 334  32   0  37   0]
 [  0 327  81   0  58   0]
 [  0 213  37   4 228   0]
 [  6  28  21   0 346   0]
 [  2 111  38   0 202   0]]";0.33666333666333664;0.22824121961556296;"[[  9  32  12   0  27   0]
 [  5 146   9   0  17   0]
 [  0 134  36   0  31   0]
 [  0 101  19   1  90   0]
 [  8  15  11   0 145   0]
 [  2  45  16   0  90   0]]";12;[3 3 0 4 2]
926;CiteSeer;own;1;0.2;64;0.5;1;0.005;127148386;1.0;1.0;"[[4 0 0 0 0]
 [0 3 0 0 0]
 [0 0 2 0 0]
 [0 0 0 5 0]
 [0 0 0 0 4]]";0.3106585788561525;0.258054167990277;"[[ 49   6 141   0   5  23]
 [ 47  65 255   0   1  29]
 [ 13   5 420   0   1  29]
 [  3   2 429   3  16  13]
 [ 18   1 202   0 157  25]
 [ 21   1 293   0  12  23]]";0.2817182817182817;0.22661397278108822;"[[ 13   0  56   0   4   7]
 [ 29  19 125   0   0   4]
 [  7   2 164   1   4  23]
 [  4   3 190   1   4   9]
 [ 12   0  78   0  75  14]
 [  8   1 129   0   5  10]]";18;[4 3 2 5 4]
927;CiteSeer;own;1;0.2;64;0.5;1;0.005;127148386;0.9583333333333334;0.9259259259259259;"[[4 0 0 0 0 0]
 [0 4 0 0 0 0]
 [1 0 1 0 0 0]
 [0 0 0 6 0 0]
 [0 0 0 0 7 0]
 [0 0 0 0 0 1]]";0.41876629018245004;0.32064081855731724;"[[ 89   2  46   0  75   0]
 [152  56 127   0  54   2]
 [ 47   3 375   0  41   0]
 [ 55   4 251  13 139   2]
 [ 21   1   8   0 397   0]
 [ 98   0  55   0 155  34]]";0.37962037962037964;0.27534869824592706;"[[ 27   0  13   0  40   0]
 [ 83  15  54   0  23   2]
 [ 18   2 162   0  19   0]
 [ 30   2 110   3  66   0]
 [ 12   0   5   0 161   1]
 [ 46   1  24   0  70  12]]";24;[4 4 2 6 7 1]
928;CiteSeer;own;1;0.2;64;0.5;1;0.005;127148386;0.9333333333333333;0.9285714285714285;"[[4 0 0 0 0 0]
 [0 5 0 0 0 0]
 [0 0 3 0 0 0]
 [0 0 1 6 0 1]
 [0 0 0 0 7 0]
 [0 0 0 0 0 3]]";0.5087108013937283;0.4382308783254303;"[[ 46  20  74   0  63   6]
 [ 32  85 193   0  40  23]
 [ 24  10 428   1  16   5]
 [ 20   6 334  19  76  10]
 [  8   5  22   0 385   6]
 [ 19   1  53   6  55 205]]";0.46853146853146854;0.389707753876869;"[[  7   4  26   0  36   7]
 [ 17  43  84   0  19  14]
 [ 14   3 170   0  13   1]
 [  7   3 156   4  37   4]
 [  6   3  12   1 155   2]
 [  5   1  29   1  27  90]]";30;[4 5 3 8 7 3]
929;CiteSeer;own;1;0.2;64;0.5;1;0.005;127148386;1.0;1.0;"[[5 0 0 0 0 0]
 [0 6 0 0 0 0]
 [0 0 4 0 0 0]
 [0 0 0 9 0 0]
 [0 0 0 0 8 0]
 [0 0 0 0 0 4]]";0.5187772925764192;0.4313201316324646;"[[ 29  10  61   4  71   7]
 [ 15  81 191   0  64  20]
 [ 15   6 464   1  22   5]
 [  4   6 281  27 137   9]
 [  9   3  12   0 400   4]
 [  3   1  51   4  86 187]]";0.4835164835164835;0.3950398760248554;"[[  7   2  27   1  39   4]
 [ 15  39  81   0  28  14]
 [  3   2 181   0  14   1]
 [  3   3 126  10  65   4]
 [  5   1   7   0 165   1]
 [  2   1  25   1  42  82]]";36;[5 6 4 9 8 4]
930;CiteSeer;own;1;0.2;64;0.5;1;0.005;127148386;1.0;1.0;"[[ 6  0  0  0  0  0]
 [ 0  8  0  0  0  0]
 [ 0  0  5  0  0  0]
 [ 0  0  0 10  0  0]
 [ 0  0  0  0  8  0]
 [ 0  0  0  0  0  5]]";0.5512259194395797;0.486798585777753;"[[ 48  21  62   4  46   6]
 [ 19 121 179   1  36  14]
 [  7   6 478   1  19   5]
 [ 24  18 292  42  75   7]
 [ 14   3  11   5 386   5]
 [  6   6  46  15  72 184]]";0.4995004995004995;0.4283657523117599;"[[  9   9  28   0  30   4]
 [ 16  56  78   0  17  10]
 [  3   3 182   0  12   1]
 [ 11  12 135  16  34   3]
 [ 15   3   5   1 154   1]
 [  2   4  25   4  35  83]]";42;[ 6  8  5 10  8  5]
931;CiteSeer;own;1;0.2;64;0.5;1;0.005;127148386;0.9791666666666666;0.9810066476733144;"[[ 6  0  0  0  0  0]
 [ 0  9  0  0  0  0]
 [ 0  0  5  0  0  0]
 [ 1  0  0 13  0  0]
 [ 0  0  0  0  8  0]
 [ 0  0  0  0  0  6]]";0.5913081650570676;0.5304342129285906;"[[ 36  48  33   9  45   6]
 [ 27 168 127   9  25  14]
 [  9  14 463   6  19   4]
 [ 30  43 194 120  66   8]
 [ 17   7   4   7 385   6]
 [  5  21  34  27  67 175]]";0.5534465534465535;0.4951395804991969;"[[  9  16  16   1  32   6]
 [ 17  74  63   2  14   7]
 [  3   4 177   3  13   1]
 [ 11  24  83  60  29   4]
 [ 14   6   4   1 153   1]
 [  1  12  15  15  29  81]]";48;[ 6  9  5 14  8  6]
932;CiteSeer;own;1;0.2;64;0.5;1;0.005;127148386;1.0;1.0;"[[ 6  0  0  0  0  0]
 [ 0  9  0  0  0  0]
 [ 0  0  7  0  0  0]
 [ 0  0  0 14  0  0]
 [ 0  0  0  0  8  0]
 [ 0  0  0  0  0 10]]";0.5985915492957746;0.5314021503202279;"[[ 34  32  33   8  40  28]
 [ 26 129 132   7  19  53]
 [  9   8 461   2  18  17]
 [ 20  24 191 128  48  50]
 [ 16   2   5   9 376  18]
 [  3   8  27  13  46 232]]";0.5594405594405595;0.4958738534070752;"[[ 10  12  15   4  28  11]
 [ 18  62  57   1  13  26]
 [  3   3 178   1  13   3]
 [  7  12  88  59  16  29]
 [  9   3   3   6 150   8]
 [  1   6  14   7  24 101]]";54;[ 6  9  7 14  8 10]
933;CiteSeer;own;1;0.2;64;0.5;1;0.005;127148386;1.0;1.0;"[[ 6  0  0  0  0  0]
 [ 0 11  0  0  0  0]
 [ 0  0  9  0  0  0]
 [ 0  0  0 16  0  0]
 [ 0  0  0  0  8  0]
 [ 0  0  0  0  0 10]]";0.5966460723742277;0.5280838737068846;"[[ 25  30  58   8  35  17]
 [ 15 130 154   7  23  39]
 [  2   9 495   2  12   4]
 [  9  16 266 115  32  15]
 [  9   2  19   9 368  15]
 [  2   9  45  15  36 219]]";0.5434565434565435;0.47812434328315895;"[[  6  13  23   2  27   9]
 [ 15  58  73   0  11  20]
 [  2   3 185   0  10   1]
 [  3  12 125  53  13   5]
 [  6   4  11   7 146   5]
 [  1   8  20   8  20  96]]";60;[ 6 11  9 16  8 10]
934;CiteSeer;own;1;0.2;64;0.5;1;0.005;127148386;1.0;1.0;"[[ 6  0  0  0  0  0]
 [ 0 15  0  0  0  0]
 [ 0  0  9  0  0  0]
 [ 0  0  0 17  0  0]
 [ 0  0  0  0  8  0]
 [ 0  0  0  0  0 11]]";0.5836283185840708;0.5217460757424074;"[[ 25  30  70   8  34   6]
 [ 12 139 178   5  18  14]
 [  1   7 500   2   9   4]
 [ 10  11 287 111  29   4]
 [ 13   5  26   8 363   7]
 [  3  11  61  19  49 181]]";0.5334665334665335;0.4774137128838558;"[[  6  14  31   2  24   3]
 [ 16  58  85   1  10   7]
 [  1   3 186   0  10   1]
 [  4   9 125  60  11   2]
 [  6   5  18   7 140   3]
 [  1   6  30   7  25  84]]";66;[ 6 15  9 17  8 11]
935;CiteSeer;own;1;0.2;64;0.5;1;0.005;127148386;1.0;1.0;"[[ 7  0  0  0  0  0]
 [ 0 16  0  0  0  0]
 [ 0  0  9  0  0  0]
 [ 0  0  0 19  0  0]
 [ 0  0  0  0  8  0]
 [ 0  0  0  0  0 13]]";0.6118012422360248;0.5569704763343829;"[[ 34  41  53   9  31   6]
 [ 25 166 138   3  16  15]
 [  2  10 490   5  11   5]
 [ 15  20 257 122  32   4]
 [ 14   9  15   9 362  13]
 [  3  15  46  15  38 205]]";0.5584415584415584;0.5029506406997826;"[[  6  17  26   2  25   4]
 [ 21  70  70   0   8   8]
 [  2   4 182   1  10   2]
 [  5  12 115  65  11   3]
 [ 10   6  11   7 141   4]
 [  1  10  21   6  20  95]]";72;[ 7 16  9 19  8 13]
936;CiteSeer;own;1;0.2;64;0.5;1;0.005;127148386;1.0;1.0;"[[ 7  0  0  0  0  0]
 [ 0 17  0  0  0  0]
 [ 0  0  9  0  0  0]
 [ 0  0  0 21  0  0]
 [ 0  0  0  0 10  0]
 [ 0  0  0  0  0 14]]";0.6143238434163701;0.5478161143202861;"[[ 26  38  40   9  52   9]
 [ 19 154 144   4  28  13]
 [  1  12 475   3  25   4]
 [  8  12 198 138  75   3]
 [  9   6   9   8 395   9]
 [  2  14  37  15  61 193]]";0.5614385614385614;0.5017576284889756;"[[  6  13  22   3  32   4]
 [ 18  63  75   0  13   8]
 [  1   4 174   1  19   2]
 [  3   8  90  72  35   3]
 [  5   5   9   6 151   3]
 [  0   7  17   6  27  96]]";78;[ 7 17  9 21 10 14]
937;CiteSeer;own;1;0.2;64;0.5;1;0.005;127148386;1.0;1.0;"[[ 8  0  0  0  0  0]
 [ 0 17  0  0  0  0]
 [ 0  0  9  0  0  0]
 [ 0  0  0 24  0  0]
 [ 0  0  0  0 11  0]
 [ 0  0  0  0  0 15]]";0.6186440677966102;0.5495692151011055;"[[ 22  37  30  10  65  10]
 [  5 162 137   6  37  13]
 [  1  13 467   2  34   3]
 [  4   9 180 146  87   6]
 [  6   5   8   6 398  12]
 [  1  14  30  16  68 192]]";0.5664335664335665;0.5048711255522161;"[[  6  14  18   3  33   6]
 [ 11  63  72   2  20   9]
 [  0   6 172   1  21   1]
 [  2   7  82  77  40   3]
 [  4   5   9   5 153   3]
 [  0   9  14   7  27  96]]";84;[ 8 17  9 24 11 15]
938;CiteSeer;own;1;0.2;64;0.5;1;0.005;127148386;0.9888888888888889;0.985691573926868;"[[ 8  0  0  0  0  0]
 [ 1 18  0  0  0  0]
 [ 0  0  9  0  0  0]
 [ 0  0  0 25  0  0]
 [ 0  0  0  0 13  0]
 [ 0  0  0  0  0 16]]";0.5782647584973166;0.5231868022521963;"[[ 24  29  13   8  92   6]
 [ 11 154  77   5  98  17]
 [  1  12 374   3 102   4]
 [  4   7  72 115 219   3]
 [ 10   5   2   6 438   9]
 [  3   6  15  10  94 188]]";0.4995004995004995;0.4590665497558007;"[[  6  14   5   3  48   4]
 [ 14  64  38   2  52   7]
 [  0   8 121   0  71   1]
 [  2   7  40  60 100   2]
 [  5   5   6   3 157   3]
 [  0   4  10   5  42  92]]";90;[ 8 19  9 25 13 16]
939;CiteSeer;own;1;0.2;64;0.5;1;0.005;127148386;0.9791666666666666;0.9790764790764791;"[[10  0  0  0  0  0]
 [ 1 20  0  0  0  0]
 [ 0  0  9  0  0  0]
 [ 0  0  0 26  0  0]
 [ 0  0  0  0 13  0]
 [ 0  1  0  0  0 16]]";0.6004484304932736;0.5453579208787199;"[[ 25  41  10   9  82   3]
 [ 14 225  60   5  53  12]
 [  1  33 349   4  96   5]
 [ 12  21  83 120 181   2]
 [ 10   7   2   5 438   8]
 [  3  16  12  11  90 182]]";0.5104895104895105;0.4712269703734144;"[[  7  15   6   3  43   6]
 [ 15  93  31   2  31   5]
 [  0  31 100   1  68   1]
 [  2   8  41  63  94   3]
 [  5   5   6   2 158   3]
 [  0  12  11   5  35  90]]";96;[10 21  9 26 13 17]
940;CiteSeer;own;1;0.2;64;0.5;1;0.005;127148386;0.9803921568627451;0.97920483908856;"[[11  1  0  0  0  0]
 [ 0 21  0  0  0  0]
 [ 0  0 10  0  0  0]
 [ 1  0  0 27  0  0]
 [ 0  0  0  0 13  0]
 [ 0  0  0  0  0 18]]";0.6371402877697842;0.5877814759694254;"[[ 41  42  17   6  55  11]
 [ 23 204  73   8  28  30]
 [  1  28 372   9  67   7]
 [ 19  24 113 154  93  10]
 [ 15   6   5   3 428  12]
 [  4  10  20  11  57 218]]";0.5514485514485514;0.5103955847751154;"[[ 10  15   9   3  34   9]
 [ 19  88  33   0  18  19]
 [  0  35 114   4  46   2]
 [  8  13  54  89  43   4]
 [  9   5   8   1 153   3]
 [  0   9  14   3  29  98]]";102;[12 21 10 28 13 18]
941;CiteSeer;own;1;0.2;64;0.5;1;0.005;127148386;0.9722222222222222;0.9734203801709523;"[[13  1  0  0  0  0]
 [ 0 22  0  0  0  1]
 [ 0  0 11  0  0  0]
 [ 1  0  0 28  0  0]
 [ 0  0  0  0 13  0]
 [ 0  0  0  0  0 18]]";0.6307484220018035;0.5898152816862864;"[[ 65  36  17   4  46  12]
 [ 40 183  77   4  25  32]
 [  4  26 375   6  62   6]
 [ 28  26 139 130  79   8]
 [ 23   5   4   0 420  16]
 [  6  10  24   7  47 226]]";0.5394605394605395;0.5120848993787782;"[[ 21  14   7   1  30   7]
 [ 29  75  35   0  16  22]
 [  1  35 118   3  43   1]
 [ 13  14  71  72  38   3]
 [ 10   5   8   0 153   3]
 [  0   9  14   3  26 101]]";108;[14 23 11 29 13 18]
942;CiteSeer;own;1;0.2;64;0.5;1;0.005;127148386;0.9824561403508771;0.9833086967233308;"[[16  0  0  0  0  0]
 [ 1 21  0  0  0  1]
 [ 0  0 11  0  0  0]
 [ 0  0  0 31  0  0]
 [ 0  0  0  0 13  0]
 [ 0  0  0  0  0 20]]";0.6338155515370705;0.5977356746372954;"[[ 70  23  14   6  52  13]
 [ 44 171  78   9  25  33]
 [  7  28 361   8  66   5]
 [ 27  21 115 157  83   8]
 [ 19   5   3   1 424  15]
 [  8  10  20  10  54 219]]";0.5344655344655345;0.5066971398627581;"[[ 21  11   6   3  32   7]
 [ 33  64  32   5  18  25]
 [  6  32 108   3  49   3]
 [ 13  12  55  88  40   3]
 [ 10   5   7   0 154   3]
 [  1   8  12   4  28 100]]";114;[16 23 11 31 13 20]
943;CiteSeer;own;1;0.2;64;0.5;1;0.005;127148386;1.0;1.0;"[[17  0  0  0  0  0]
 [ 0 25  0  0  0  0]
 [ 0  0 12  0  0  0]
 [ 0  0  0 33  0  0]
 [ 0  0  0  0 13  0]
 [ 0  0  0  0  0 20]]";0.6532184950135993;0.6182516003295239;"[[ 67  21  17   8  43  21]
 [ 36 174  78  14  23  33]
 [  3  24 365  10  63  10]
 [ 18  16 106 189  71  10]
 [ 16   4   5   4 418  18]
 [  6   9  18  14  46 228]]";0.5594405594405595;0.5288585324947087;"[[ 18  11   8   8  29   6]
 [ 26  72  35   6  17  21]
 [  2  32 111   6  45   5]
 [ 10   8  49 104  36   4]
 [ 10   5   9   4 148   3]
 [  0   8  14   4  20 107]]";120;[17 25 12 33 13 20]
944;CiteSeer;own;1;0.2;64;0.5;1;0.005;127148386;0.9761904761904762;0.9754764055577064;"[[16  1  0  0  0  1]
 [ 1 26  0  0  0  0]
 [ 0  0 12  0  0  0]
 [ 0  0  0 35  0  0]
 [ 0  0  0  0 14  0]
 [ 0  0  0  0  0 20]]";0.6981818181818182;0.662430438572402;"[[ 65  26   9  19  40  15]
 [ 30 194  65  25  20  23]
 [  5  32 339  23  57  14]
 [ 16  20  35 299  38   7]
 [ 16   5   3   7 414  18]
 [  6  10  14  21  45 225]]";0.5994005994005994;0.5606223377370823;"[[ 18  11   8  10  27   6]
 [ 22  79  30  11  16  19]
 [  0  40  98  13  41   9]
 [ 10   8  16 150  24   3]
 [  8   5   7   5 151   3]
 [  0  10  11   6  22 104]]";126;[18 27 12 35 14 20]
945;CiteSeer;own;1;0.2;64;0.5;1;0.005;127148386;1.0;1.0;"[[18  0  0  0  0  0]
 [ 0 28  0  0  0  0]
 [ 0  0 13  0  0  0]
 [ 0  0  0 37  0  0]
 [ 0  0  0  0 15  0]
 [ 0  0  0  0  0 21]]";0.7187784867821331;0.6818401129704679;"[[ 67  31  18   7  35  12]
 [ 30 200  75  15  19  15]
 [  3  25 384  21  41   6]
 [ 24  16  40 302  26   6]
 [ 16   4   7   2 406  19]
 [  8  10  29  15  42 218]]";0.6203796203796204;0.585990483407174;"[[ 21  14   9   6  25   5]
 [ 28  80  39   4  13  13]
 [  0  30 122  12  33   4]
 [ 11   7  26 146  18   3]
 [  9   5   9   3 150   3]
 [  0   9  15   4  23 102]]";132;[18 28 13 37 15 21]
946;CiteSeer;own;1;0.2;64;0.5;1;0.005;127148386;0.9927536231884058;0.9924651924651924;"[[18  0  0  0  0  0]
 [ 1 27  0  0  0  0]
 [ 0  0 14  0  0  0]
 [ 0  0  0 40  0  0]
 [ 0  0  0  0 16  0]
 [ 0  0  0  0  0 22]]";0.7230347349177331;0.6871782020611784;"[[ 63  32  13   6  42  13]
 [ 19 213  67  16  20  19]
 [  1  29 373  22  44   8]
 [ 19  16  37 299  34   7]
 [ 14   5   6   2 405  23]
 [  4   9  24  18  37 229]]";0.6283716283716284;0.5896513760865314;"[[ 18  14   9   6  27   6]
 [ 18  87  36   4  14  18]
 [  0  32 120  12  33   4]
 [  8   7  22 148  23   3]
 [  8   5   8   4 151   3]
 [  0  10  14   4  20 105]]";138;[18 28 14 40 16 22]
947;CiteSeer;own;1;0.2;64;0.5;1;0.005;127148386;1.0;1.0;"[[18  0  0  0  0  0]
 [ 0 30  0  0  0  0]
 [ 0  0 14  0  0  0]
 [ 0  0  0 42  0  0]
 [ 0  0  0  0 17  0]
 [ 0  0  0  0  0 23]]";0.7204399633363886;0.6827420659882554;"[[ 62  23  18  11  40  15]
 [ 16 197  76  21  19  23]
 [  1  21 385  26  37   6]
 [ 21  12  38 306  27   8]
 [ 15   3  14   2 396  23]
 [  2   9  27  25  31 226]]";0.6213786213786214;0.5798445069507063;"[[ 17  11  10  10  26   6]
 [ 17  77  43   8  13  19]
 [  0  28 123  14  31   5]
 [  8   7  22 149  22   3]
 [  8   4   8   7 148   4]
 [  0   9  13   5  18 108]]";144;[18 30 14 42 17 23]
948;CiteSeer;own;1;0.2;64;0.5;1;0.005;127148386;0.9933333333333333;0.9925925925925926;"[[18  0  0  0  0  0]
 [ 0 31  0  0  1  0]
 [ 0  0 18  0  0  0]
 [ 0  0  0 42  0  0]
 [ 0  0  0  0 17  0]
 [ 0  0  0  0  0 23]]";0.7132352941176471;0.6729424076801834;"[[ 53  25  28   9  42  11]
 [  7 192  90  18  23  18]
 [  0  21 401  23  38   6]
 [ 12   9  45 300  36   6]
 [ 13   3  17   3 396  14]
 [  2   9  33  25  38 210]]";0.6133866133866134;0.5722939177620378;"[[ 15  11  13   8  29   4]
 [ 13  77  54   7  15  11]
 [  0  26 128  12  33   2]
 [  4   7  26 145  26   3]
 [  7   4   9   6 149   4]
 [  0   8  16   7  22 100]]";150;[18 32 18 42 17 23]
949;CiteSeer;own;1;0.2;64;0.5;1;0.005;127148386;1.0;1.0;"[[18  0  0  0  0  0]
 [ 0 33  0  0  0  0]
 [ 0  0 19  0  0  0]
 [ 0  0  0 44  0  0]
 [ 0  0  0  0 18  0]
 [ 0  0  0  0  0 24]]";0.7253456221198157;0.6851385463023157;"[[ 50  27  35   8  32  10]
 [  7 223  63  21  19  17]
 [  0  23 417  21  28   3]
 [ 10  14  71 277  21   7]
 [ 11   5  18   2 383  29]
 [  2  10  37  22  23 224]]";0.6313686313686314;0.5827764971410075;"[[ 11  17  16   5  25   6]
 [ 14  89  47   8  11   8]
 [  0  24 140  11  24   2]
 [  4   7  34 143  20   3]
 [  7   4  11   7 144   6]
 [  0  10  19   5  14 105]]";156;[18 33 19 44 18 24]
950;CiteSeer;own;1;0.2;64;0.5;1;0.005;127148386;0.9938271604938271;0.9941831805185842;"[[21  0  0  0  0  0]
 [ 0 34  0  0  0  1]
 [ 0  0 19  0  0  0]
 [ 0  0  0 45  0  0]
 [ 0  0  0  0 18  0]
 [ 0  0  0  0  0 24]]";0.7384473197781886;0.7019418939552656;"[[ 57  27  18  12  31  14]
 [ 10 228  56  21  17  17]
 [  0  22 410  23  29   8]
 [ 11  14  62 281  21  10]
 [ 12   5  12   2 377  39]
 [  2   7  26  22  16 245]]";0.6413586413586414;0.5982645572200788;"[[ 15  16  14   5  24   6]
 [ 15  90  41  10  11  10]
 [  0  26 136  11  25   3]
 [  3   7  31 148  18   4]
 [  7   5  10   7 141   9]
 [  0   8  13   5  15 112]]";162;[21 35 19 45 18 24]
951;CiteSeer;own;1;0.2;64;0.5;1;0.005;127148386;0.9940476190476191;0.9942316784869977;"[[23  1  0  0  0  0]
 [ 0 37  0  0  0  0]
 [ 0  0 19  0  0  0]
 [ 0  0  0 46  0  0]
 [ 0  0  0  0 18  0]
 [ 0  0  0  0  0 24]]";0.7432808155699722;0.7092872451921372;"[[ 68  40  10   8  30  10]
 [ 18 250  38  15  16  13]
 [ 12  28 390  21  30   2]
 [ 15  16  53 284  25   5]
 [ 14   6   8   3 386  26]
 [  8  11  22  28  23 226]]";0.6303696303696303;0.5930940989615066;"[[ 17  20   9   5  25   4]
 [ 25  97  30   6  11   8]
 [  6  32 123   9  28   3]
 [  9   8  26 143  21   4]
 [ 12   5   7   7 143   5]
 [  0  10  13   6  16 108]]";168;[24 37 19 46 18 24]
952;CiteSeer;own;1;0.2;64;0.5;1;0.005;127148386;1.0;1.0;"[[24  0  0  0  0  0]
 [ 0 38  0  0  0  0]
 [ 0  0 20  0  0  0]
 [ 0  0  0 48  0  0]
 [ 0  0  0  0 19  0]
 [ 0  0  0  0  0 25]]";0.745817843866171;0.7145419162876779;"[[ 71  37  10   9  30  10]
 [ 13 254  37  17  16  13]
 [ 13  31 369  28  22   7]
 [ 17  24  40 295  25   7]
 [ 12   8  11   3 391  15]
 [  4  12  26  24  26 225]]";0.6483516483516484;0.6126831642888098;"[[ 20  17   9   6  23   5]
 [ 16 107  27   6  12   9]
 [  8  34 122  10  23   4]
 [  9  10  20 149  19   4]
 [ 12   6   7   7 143   4]
 [  0  12  10   6  17 108]]";174;[24 38 20 48 19 25]
953;CiteSeer;own;1;0.2;64;0.5;1;0.005;127148386;0.9944444444444445;0.9946331236897276;"[[26  0  0  0  0  0]
 [ 1 37  0  0  0  0]
 [ 0  0 21  0  0  0]
 [ 0  0  0 48  0  0]
 [ 0  0  0  0 20  0]
 [ 0  0  0  0  0 27]]";0.7427772600186393;0.709580231011277;"[[ 70  24  14  12  37   9]
 [ 20 232  45  18  17  16]
 [  8  27 372  27  27   8]
 [ 16  18  43 294  24   7]
 [ 10   3   7   2 408  17]
 [  3   8  23  29  33 218]]";0.6303696303696303;0.5914387277750436;"[[ 18  15   9   7  26   5]
 [ 16  98  31   9  13  10]
 [  6  30 124  12  24   5]
 [  7   9  18 149  19   9]
 [ 11   5   8   8 141   6]
 [  0   7  12   6  27 101]]";180;[26 38 21 48 20 27]
954;CiteSeer;own;1;0.2;64;0.5;1;0.005;127148386;0.9946236559139785;0.9947456412705994;"[[26  0  0  0  0  0]
 [ 1 39  0  0  0  0]
 [ 0  0 22  0  0  0]
 [ 0  0  0 48  0  0]
 [ 0  0  0  0 20  0]
 [ 0  0  0  0  0 30]]";0.747196261682243;0.7187806223512689;"[[ 79  25  12   8  33   9]
 [ 18 225  44  24  15  18]
 [  9  26 365  28  24  12]
 [ 15  13  44 298  22   8]
 [ 13   4   8   1 405  16]
 [  2   7  22  34  27 227]]";0.6323676323676324;0.5965135244225342;"[[ 21  12   8   8  25   6]
 [ 19  97  30   6  13  12]
 [  8  31 121  12  22   7]
 [  8   9  17 149  19   9]
 [ 11   5   7   8 142   6]
 [  0   8  12   9  21 103]]";186;[26 40 22 48 20 30]
955;CiteSeer;own;1;0.2;64;0.5;1;0.005;127148386;0.9895833333333334;0.98941052735602;"[[26  0  0  0  0  0]
 [ 1 40  0  0  0  0]
 [ 0  0 22  0  0  0]
 [ 0  0  0 49  1  0]
 [ 0  0  0  0 22  0]
 [ 0  0  0  0  0 31]]";0.7544517338331771;0.7236376462849842;"[[ 72  33  11  10  32   7]
 [ 13 244  39  16  13  19]
 [  8  30 352  32  21  12]
 [ 15  21  44 302  22   6]
 [  9   7   3   1 409  15]
 [  2  14  21  28  20 231]]";0.6413586413586414;0.6007384097288169;"[[ 17  20   7   5  26   5]
 [ 16 111  27   2  12   9]
 [  5  34 119  13  22   8]
 [  8   9  18 147  20   9]
 [  9   6   9   6 145   4]
 [  0  11  11   7  21 103]]";192;[26 41 22 50 22 31]
956;CiteSeer;own;1;0.2;64;0.5;1;0.005;127148386;0.98989898989899;0.9906771414263119;"[[25  1  0  0  0  0]
 [ 0 44  0  0  0  0]
 [ 0  0 22  0  0  0]
 [ 0  0  0 51  0  0]
 [ 0  0  0  0 22  0]
 [ 0  0  0  1  0 32]]";0.7415413533834586;0.7100941099492705;"[[ 66  29   8  27  26   8]
 [ 15 237  35  34  11  14]
 [  5  25 307  74  13   8]
 [ 14  16  33 338  22   5]
 [  9   6   4   5 407  13]
 [  4   8  15  44  20 223]]";0.6243756243756243;0.5866312777022907;"[[ 19  14   4  14  24   5]
 [ 15 100  20  22  10  10]
 [  5  27 102  40  19   8]
 [  7   9  14 155  17   9]
 [  9   6   7   6 145   6]
 [  1   4  10  16  18 104]]";198;[26 44 22 51 22 33]
957;CiteSeer;own;1;0.2;64;0.5;1;0.005;127148386;0.9950980392156863;0.9949826867359196;"[[26  1  0  0  0  0]
 [ 0 44  0  0  0  0]
 [ 0  0 23  0  0  0]
 [ 0  0  0 51  0  0]
 [ 0  0  0  0 24  0]
 [ 0  0  0  0  0 35]]";0.7469368520263902;0.7221835506168439;"[[ 83  27   8  18  24   3]
 [ 21 232  34  28  11  16]
 [ 12  27 324  60  15   9]
 [ 21  13  34 324  23   5]
 [  9   6   6   5 401  12]
 [  3   9  18  41  19 221]]";0.6323676323676324;0.5994256216266397;"[[ 23  15   7  11  20   4]
 [ 20  99  23  16  10   9]
 [  9  27 111  29  20   5]
 [  8   9  14 151  20   9]
 [  9   7   7   6 146   4]
 [  1   9  11  11  18 103]]";204;[27 44 23 51 24 35]
958;CiteSeer;own;1;0.2;64;0.5;1;0.005;127148386;0.9952380952380953;0.9946223988777181;"[[27  0  0  0  0  0]
 [ 0 45  1  0  0  0]
 [ 0  0 23  0  0  0]
 [ 0  0  0 52  0  0]
 [ 0  0  0  0 25  0]
 [ 0  0  0  0  0 37]]";0.7514177693761814;0.723004675269244;"[[ 78  24  14   8  26  13]
 [ 16 218  59  19  11  22]
 [  7  22 344  42  15  11]
 [ 21  11  39 318  22   7]
 [  9   4   6   3 401  15]
 [  2  11  23  26  18 231]]";0.6353646353646354;0.5978690808655839;"[[ 20  14   9   8  23   6]
 [ 20  94  33   6  10  14]
 [  8  27 120  22  19   5]
 [  8   8  21 147  18   9]
 [  8   7   8   2 149   5]
 [  0   7  13   6  21 106]]";210;[27 46 23 52 25 37]
959;CiteSeer;own;1;0.2;64;0.5;1;0.005;127148386;0.9907407407407407;0.9897854992159744;"[[28  0  0  0  0  0]
 [ 0 46  1  0  0  0]
 [ 0  0 23  0  0  0]
 [ 0  0  0 56  0  0]
 [ 0  0  0  1 24  0]
 [ 0  0  0  0  0 37]]";0.7511848341232228;0.7243052246739459;"[[ 76  22   8  17  23  11]
 [ 17 226  45  25  11  20]
 [  5  24 318  64  13  12]
 [ 17  12  23 347  23   8]
 [ 11   4   8   7 391  15]
 [  1  10  14  38  17 227]]";0.6323676323676324;0.599856799299839;"[[ 23  13   4  16  21   3]
 [ 19  98  25  13  10  12]
 [  4  27 108  37  16   9]
 [  6   9  17 153  17   9]
 [  8   8   7   7 144   5]
 [  0   9   9   9  19 107]]";216;[28 47 23 56 25 37]
960;CiteSeer;own;1;0.2;64;0.5;1;0.005;127148386;0.9864864864864865;0.985489389280762;"[[28  0  0  0  0  0]
 [ 0 48  1  0  0  0]
 [ 0  0 23  1  0  0]
 [ 1  0  0 56  0  0]
 [ 0  0  0  0 26  0]
 [ 0  0  0  0  0 38]]";0.7576045627376425;0.7284040718156719;"[[ 71  26  10  21  21   7]
 [ 15 232  45  24  10  16]
 [  6  27 327  59  10   5]
 [ 15  13  28 344  24   6]
 [ 13   5   6   6 392  14]
 [  1  10  17  31  19 228]]";0.6383616383616384;0.6032902003836343;"[[ 21  14   5  18  19   3]
 [ 16 100  26  14  10  11]
 [  6  29 112  33  16   5]
 [  6   9  17 154  17   8]
 [  8   6   8   7 145   5]
 [  0  10   8   8  20 107]]";222;[28 49 24 57 26 38]
961;CiteSeer;own;1;0.2;64;0.5;1;0.005;127148386;0.9868421052631579;0.9854816093856704;"[[29  0  0  0  0  1]
 [ 0 48  1  0  0  0]
 [ 0  0 25  1  0  0]
 [ 0  0  0 59  0  0]
 [ 0  0  0  0 26  0]
 [ 0  0  0  0  0 38]]";0.7626310772163966;0.7362963621733928;"[[ 78  21   7  21  23   3]
 [ 18 231  41  28  10  16]
 [ 10  22 323  62   9   5]
 [ 16  14  23 354  22   5]
 [ 12   4   6   7 393  12]
 [  2  11  15  32  21 221]]";0.6353646353646354;0.5984804684310292;"[[ 20  14   5  20  18   3]
 [ 24 101  22  14   9   7]
 [  8  30 107  36  16   4]
 [  6   7  18 158  14   8]
 [  8   6   7   7 146   5]
 [  1  10   8  10  20 104]]";228;[30 49 26 59 26 38]
962;CiteSeer;own;1;0.2;64;0.5;1;0.005;127148386;0.9914529914529915;0.9904616303053949;"[[30  0  0  0  0  1]
 [ 0 48  1  0  0  0]
 [ 0  0 27  0  0  0]
 [ 0  0  0 60  0  0]
 [ 0  0  0  0 27  0]
 [ 0  0  0  0  0 40]]";0.7605162523900574;0.7345541075624907;"[[ 79  22   6  22  21   3]
 [ 22 227  38  29  10  16]
 [  9  25 310  67  14   6]
 [ 17  12  22 356  22   6]
 [ 11   3   6   5 395  12]
 [  3  10  13  30  19 224]]";0.6293706293706294;0.5912773943383051;"[[ 19  14   3  23  18   3]
 [ 24  99  23  13  10   8]
 [  9  29 102  38  17   6]
 [  8   7  17 158  13   8]
 [  8   6   7   7 146   5]
 [  1   9   8  10  19 106]]";234;[31 49 27 60 27 40]
963;CiteSeer;own;1;0.2;64;0.5;1;0.005;127148386;1.0;1.0;"[[31  0  0  0  0  0]
 [ 0 50  0  0  0  0]
 [ 0  0 29  0  0  0]
 [ 0  0  0 61  0  0]
 [ 0  0  0  0 27  0]
 [ 0  0  0  0  0 42]]";0.7670182166826462;0.7402980218933176;"[[ 77  28  10  15  22   0]
 [ 14 236  40  23  11  13]
 [  8  33 331  52  14   9]
 [ 11  13  26 348  21   5]
 [ 10   4   7   5 394  10]
 [  9  12  15  29  17 214]]";0.6503496503496503;0.6115347985817511;"[[ 19  15   5  20  18   3]
 [ 15 113  23  10  11   5]
 [  8  32 110  29  16   6]
 [  7   7  17 157  14   9]
 [  7   8   7   7 147   3]
 [  2   9   8  12  17 105]]";240;[31 50 29 61 27 42]
964;CiteSeer;own;1;0.2;64;0.5;1;0.005;127148386;0.991869918699187;0.9913190157575572;"[[32  0  0  0  0  0]
 [ 0 50  1  0  0  0]
 [ 0  0 31  0  0  0]
 [ 0  0  0 61  1  0]
 [ 0  0  0  0 27  0]
 [ 0  0  0  0  0 43]]";0.7697115384615385;0.7454606824827413;"[[ 84  22  10  13  21   0]
 [ 17 229  46  21  10  13]
 [ 11  27 343  48  10   7]
 [ 14  13  33 341  18   4]
 [ 11   3   7   6 391  12]
 [  9  10  15  32  16 213]]";0.6593406593406593;0.6219339360465247;"[[ 21  14   5  19  18   3]
 [ 19 108  26   9  10   5]
 [  6  25 123  29  13   5]
 [  7   7  19 159  10   9]
 [  8   7   7   7 146   4]
 [  3   8  10  12  17 103]]";246;[32 51 31 62 27 43]
965;CiteSeer;own;1;0.2;64;0.5;1;0.005;127148386;0.996031746031746;0.9959972394755003;"[[34  0  0  0  0  0]
 [ 1 52  0  0  0  0]
 [ 0  0 31  0  0  0]
 [ 0  0  0 63  0  0]
 [ 0  0  0  0 27  0]
 [ 0  0  0  0  0 44]]";0.7666345226615237;0.7450991294216864;"[[ 86  24  11  12  14   1]
 [ 23 241  47  20   8  13]
 [  7  26 349  47   8   4]
 [ 12  16  31 344  15   4]
 [ 10  23   7   5 362  10]
 [  9  13  18  23  23 208]]";0.6563436563436563;0.6210589995254097;"[[ 22  16   7  18  14   3]
 [ 21 107  26  10   8   5]
 [  6  24 125  26  14   6]
 [  6   7  19 159  10  10]
 [  8  16   7   5 139   4]
 [  1   9  12   9  17 105]]";252;[34 53 31 63 27 44]
966;CiteSeer;own;1;0.2;64;0.5;1;0.005;127148386;0.9806201550387597;0.978983821353849;"[[34  0  0  0  0  0]
 [ 1 52  1  0  1  0]
 [ 0  1 31  0  0  0]
 [ 0  0  0 63  0  0]
 [ 0  1  0  0 28  0]
 [ 0  0  0  0  0 45]]";0.7625725338491296;0.7386369464758005;"[[ 75  26  12   9  21   2]
 [ 16 233  48  17  10  13]
 [  5  25 355  42  11   3]
 [ 10  15  33 333  24   4]
 [  6  35   8   4 367  13]
 [  7  13  19  16  24 214]]";0.6503496503496503;0.6109229396360919;"[[ 18  18   8  14  19   3]
 [ 18 109  28   6  10   6]
 [  2  25 129  24  15   6]
 [  5   9  19 151  17  10]
 [  7  17   8   4 139   4]
 [  1   9  14   6  18 105]]";258;[34 55 32 63 29 45]
967;CiteSeer;own;1;0.2;64;0.5;1;0.005;127148386;0.9962121212121212;0.995929995929996;"[[36  0  0  0  0  0]
 [ 0 58  0  0  0  0]
 [ 0  1 31  0  0  0]
 [ 0  0  0 63  0  0]
 [ 0  0  0  0 29  0]
 [ 0  0  0  0  0 46]]";0.7575169738118331;0.7331309292374852;"[[ 76  24  10  13  19   2]
 [ 17 240  46  20  10  13]
 [  9  28 334  46  12   4]
 [ 12  17  27 330  23   5]
 [  6  31   8   3 373  12]
 [ 10  12  16  20  25 209]]";0.6483516483516484;0.608597625172473;"[[ 18  16   6  16  21   3]
 [ 21 112  24   7   8   5]
 [  6  31 121  22  15   6]
 [  7  10  20 150  14  10]
 [  7  13   6   4 143   6]
 [  2   9  11   8  18 105]]";264;[36 58 32 63 29 46]
968;CiteSeer;own;1;0.2;64;0.5;1;0.005;127148386;0.9925925925925926;0.9911052945768472;"[[34  1  0  0  1  0]
 [ 0 59  0  0  0  0]
 [ 0  0 33  0  0  0]
 [ 0  0  0 64  0  0]
 [ 0  0  0  0 30  0]
 [ 0  0  0  0  0 48]]";0.7636186770428015;0.7397746552326896;"[[ 74  27  12  11  18   2]
 [ 12 252  40  19  11  13]
 [  8  36 337  37  11   5]
 [ 10  19  32 323  22   5]
 [  5  30   8   3 373  12]
 [ 10   9  18  19  22 211]]";0.6453546453546454;0.6061510521983949;"[[ 18  18   5  15  20   4]
 [ 17 113  22  11   9   5]
 [  5  35 118  22  16   5]
 [  6  10  22 148  15  10]
 [  7  11   7   3 144   7]
 [  2   8  12   7  19 105]]";270;[36 59 33 64 30 48]
969;CiteSeer;own;1;0.2;64;0.5;1;0.005;127148386;0.9891304347826086;0.986519374427853;"[[34  1  0  0  1  0]
 [ 0 60  0  0  0  0]
 [ 1  0 34  0  0  0]
 [ 0  0  0 64  0  0]
 [ 0  0  0  0 31  0]
 [ 0  0  0  0  0 50]]";0.7702439024390244;0.7466591876166374;"[[ 76  24  10  11  20   3]
 [ 16 257  34  17   8  15]
 [ 10  37 326  39  12   8]
 [ 11  21  23 327  21   7]
 [  6  28   8   5 371  12]
 [  7   8  11  19  20 222]]";0.6363636363636364;0.5984208864937365;"[[ 19  19   3  15  20   4]
 [ 20 112  21   8   8   8]
 [  7  40 107  21  16  10]
 [  8   9  21 146  17  10]
 [  7  10   6   3 146   7]
 [  1   9  10   8  18 107]]";276;[36 60 35 64 31 50]
970;CiteSeer;own;1;0.2;64;0.5;1;0.005;127148386;0.9964539007092199;0.9961636328048543;"[[36  0  0  0  0  0]
 [ 0 60  0  0  0  0]
 [ 0  0 38  0  0  0]
 [ 0  0  0 65  1  0]
 [ 0  0  0  0 32  0]
 [ 0  0  0  0  0 50]]";0.7690802348336595;0.7436311566914376;"[[ 73  23   8  11  23   3]
 [ 17 254  33  13  10  15]
 [ 12  42 329  36  11   7]
 [ 11  21  23 323  23   7]
 [  5  27   8   4 373  12]
 [  7   9  12  20  19 220]]";0.6453546453546454;0.6056172221812449;"[[ 18  20   4  15  19   4]
 [ 19 114  23   4  10   7]
 [  6  34 118  21  14   8]
 [  7   9  21 145  19  10]
 [  7  11   7   2 146   6]
 [  1   9  11   8  19 105]]";282;[36 60 38 66 32 50]
971;CiteSeer;own;1;0.2;64;0.5;1;0.005;127148386;0.9930555555555556;0.9927786832756974;"[[36  0  0  0  0  0]
 [ 0 59  1  0  0  0]
 [ 0  0 40  0  0  0]
 [ 0  0  0 69  1  0]
 [ 0  0  0  0 32  0]
 [ 0  0  0  0  0 50]]";0.780667320902846;0.7532233018960546;"[[ 70  26   9  11  22   3]
 [ 14 255  33  15  10  15]
 [ 10  34 336  41  10   3]
 [  8  17  25 329  22   4]
 [  5  19   8   4 381  12]
 [  7   9  12  21  18 220]]";0.6543456543456544;0.6124623264663884;"[[ 17  20   5  14  20   4]
 [ 19 113  24   5   9   7]
 [  5  29 124  24  13   6]
 [  7   8  21 148  18   9]
 [  7  10   8   2 146   6]
 [  1   9  12   7  17 107]]";288;[36 60 40 70 32 50]
972;CiteSeer;own;1;0.2;64;0.5;1;0.005;127148386;0.9931972789115646;0.9929044984270505;"[[37  0  0  0  0  0]
 [ 0 61  0  0  0  0]
 [ 0  0 40  0  0  0]
 [ 1  0  0 71  0  0]
 [ 0  0  0  0 33  0]
 [ 0  0  1  0  0 50]]";0.7844488188976378;0.7580458784996184;"[[ 70  27   9  12  21   1]
 [ 12 259  32  15   8  16]
 [  9  30 338  43  11   3]
 [  7  15  26 331  22   4]
 [  4  20   8   4 377  12]
 [  7   9  13  21  17 219]]";0.6573426573426573;0.6154461533760022;"[[ 17  21   5  14  19   4]
 [ 19 113  24   6   9   6]
 [  2  29 127  24  13   6]
 [  5   9  23 149  16   9]
 [  7  10   9   2 145   6]
 [  1   9  12   7  17 107]]";294;[37 61 40 72 33 51]
973;CiteSeer;own;1;0.2;64;0.5;1;0.005;127148386;0.9866666666666667;0.9865898613695293;"[[38  0  0  0  0  0]
 [ 1 61  0  0  0  0]
 [ 0  0 40  0  0  0]
 [ 0  0  0 72  1  0]
 [ 0  0  0  1 33  0]
 [ 0  0  0  1  0 52]]";0.790720631786772;0.7643976324937615;"[[ 74  23   9  15  18   1]
 [ 17 255  31  16   8  14]
 [  8  30 334  45  11   5]
 [  8  12  23 338  19   5]
 [  6  14   6   4 384  10]
 [  7   9  11  20  19 217]]";0.6543456543456544;0.6162850976399543;"[[ 20  17   5  15  20   3]
 [ 20 108  22   8  11   8]
 [  2  30 122  26  13   8]
 [  5   9  21 151  17   8]
 [  7   8   8   2 148   6]
 [  1   8  11   9  18 106]]";300;[38 62 40 73 34 53]
974;CiteSeer;own;1;0.2;64;0.5;1;0.005;127148386;1.0;1.0;"[[39  0  0  0  0  0]
 [ 0 62  0  0  0  0]
 [ 0  0 42  0  0  0]
 [ 0  0  0 73  0  0]
 [ 0  0  0  0 35  0]
 [ 0  0  0  0  0 55]]";0.7945544554455446;0.7675296659350571;"[[ 75  21   9  13  20   1]
 [ 20 253  30  14   8  12]
 [  9  29 332  44  12   6]
 [  6  12  21 339  20   6]
 [  8  11   5   3 390  10]
 [  7   9  10  20  19 216]]";0.6543456543456544;0.615955204974537;"[[ 20  17   5  15  19   4]
 [ 23 106  22   7  13   6]
 [  2  28 122  26  15   8]
 [  5   9  21 152  16   8]
 [  8   8   8   1 149   5]
 [  1   9  11   8  18 106]]";306;[39 62 42 73 35 55]
975;CiteSeer;own;1;0.2;64;0.5;1;0.005;127148386;0.9935897435897436;0.9932697531659579;"[[39  0  0  0  0  0]
 [ 0 62  0  0  0  0]
 [ 0  0 43  0  0  0]
 [ 0  0  1 73  0  0]
 [ 0  1  0  0 35  0]
 [ 0  0  0  0  0 58]]";0.7994041708043694;0.7717576541214707;"[[ 72  22   9  11  20   3]
 [ 17 249  31  13   9  15]
 [  8  30 332  42  11   7]
 [  6  11  25 337  16   7]
 [  7   6   6   3 395  11]
 [  3   9  11  23  12 225]]";0.6533466533466533;0.6153439204524082;"[[ 20  17   5  15  19   4]
 [ 22 105  24   7  12   7]
 [  2  27 124  25  15   8]
 [  5   9  22 152  15   8]
 [  8   8   9   2 145   7]
 [  1   9  12   7  16 108]]";312;[39 62 43 74 36 58]
976;CiteSeer;own;1;0.2;64;0.5;1;0.005;127148386;0.9905660377358491;0.9903150002386644;"[[38  1  0  0  0  0]
 [ 0 64  0  0  0  0]
 [ 0  2 44  0  0  0]
 [ 0  0  0 74  0  0]
 [ 0  0  0  0 37  0]
 [ 0  0  0  0  0 58]]";0.8077689243027888;0.778302769687974;"[[ 68  24  13  12  17   3]
 [ 13 259  28  14  10  13]
 [  7  35 347  33  11   2]
 [  6  11  21 331  17   7]
 [  6   7   6   2 394  10]
 [  2  10  13  21  12 223]]";0.6593406593406593;0.6165966602958114;"[[ 17  20   6  14  19   4]
 [ 17 111  22   7  11   9]
 [  1  36 124  21  13   6]
 [  5   9  21 154  14   8]
 [  7   7   9   3 146   7]
 [  1   9  12   7  16 108]]";318;[39 64 46 74 37 58]
977;CiteSeer;own;1;0.2;64;0.5;1;0.005;127148386;0.9907407407407407;0.9911170015515903;"[[40  0  0  0  0  0]
 [ 1 64  0  0  0  0]
 [ 0  1 48  0  0  0]
 [ 0  0  0 74  0  1]
 [ 0  0  0  0 37  0]
 [ 0  0  0  0  0 58]]";0.7957042957042957;0.7656667400549929;"[[ 68  22  14  12  18   3]
 [ 16 245  29  13  13  15]
 [  7  38 345  30  11   2]
 [  6  13  26 327  19   6]
 [  9   6   6   2 388   9]
 [  3  11  13  20  17 220]]";0.6613386613386614;0.6225197688436026;"[[ 20  17   7  13  19   4]
 [ 22 106  24   7  11   7]
 [  1  34 129  18  14   5]
 [  6   8  20 152  17   8]
 [  7   7   8   2 148   7]
 [  1   8  12   8  17 107]]";324;[40 65 49 75 37 58]
978;CiteSeer;own;1;0.2;64;0.5;1;0.005;127148386;0.9848484848484849;0.9844947376407722;"[[39  1  0  0  0  0]
 [ 2 65  0  0  0  0]
 [ 0  1 50  0  0  0]
 [ 0  0  1 76  0  0]
 [ 0  0  0  0 37  0]
 [ 0  0  0  0  0 58]]";0.7985971943887775;0.7682036861805802;"[[ 65  25  13  14  18   1]
 [ 12 250  29  16  13  11]
 [  6  36 349  30  11   0]
 [  6  14  29 329  15   5]
 [ 10   7   7   2 382   8]
 [  3  11  14  20  16 219]]";0.6663336663336663;0.6228049083546305;"[[ 17  20   7  13  19   4]
 [ 19 111  24   8  10   5]
 [  1  31 132  22  12   3]
 [  5   9  19 153  17   8]
 [  6   7   8   2 149   7]
 [  1   8  12  10  17 105]]";330;[40 67 51 77 37 58]
979;CiteSeer;own;1;0.2;64;0.5;1;0.005;127148386;0.9880952380952381;0.9878261714667845;"[[40  1  0  0  0  1]
 [ 0 67  0  0  0  0]
 [ 0  1 51  0  0  0]
 [ 0  0  1 77  0  0]
 [ 0  0  0  0 37  0]
 [ 0  0  0  0  0 60]]";0.7989949748743719;0.7699334515868886;"[[ 67  22  13  13  17   3]
 [ 14 243  30  16  13  14]
 [  5  33 351  31  11   0]
 [  6  14  30 326  16   5]
 [ 10   6   7   5 378  10]
 [  4   6  11  20  15 225]]";0.6623376623376623;0.6219834564075198;"[[ 19  17   7  14  19   4]
 [ 22 103  26   9   9   8]
 [  0  30 134  22  11   4]
 [  5   8  21 152  17   8]
 [  6   8   9   2 147   7]
 [  1   7  12   9  16 108]]";336;[42 67 52 78 37 60]
980;CiteSeer;own;1;0.2;64;0.5;1;0.005;127148386;0.9912280701754386;0.9911897173641995;"[[41  1  0  0  0  0]
 [ 0 68  0  0  0  0]
 [ 0  2 51  0  0  0]
 [ 0  0  0 78  0  0]
 [ 0  0  0  0 38  0]
 [ 0  0  0  0  0 63]]";0.7973790322580645;0.76952267613847;"[[ 68  22  12  13  18   3]
 [ 16 243  29  18  13  10]
 [  5  34 346  31  11   0]
 [  7  14  39 313  16   5]
 [ 10   6   4   4 380  10]
 [  3   5   6  21  17 232]]";0.6553446553446554;0.6185815863861017;"[[ 20  17   5  15  19   4]
 [ 22 107  25  11   8   4]
 [  1  31 127  21  14   7]
 [  5   8  28 145  17   8]
 [  6   8   8   2 148   7]
 [  1   8  11   8  16 109]]";342;[42 68 53 78 38 63]
981;CiteSeer;own;1;0.2;64;0.5;1;0.005;127148386;0.9913793103448276;0.9905535694012823;"[[41  0  0  1  0  1]
 [ 1 68  0  0  0  0]
 [ 0  0 54  0  0  0]
 [ 0  0  0 80  0  0]
 [ 0  0  0  0 39  0]
 [ 0  0  0  0  0 63]]";0.8028311425682507;0.7763349814577619;"[[ 67  23  11  13  18   2]
 [ 12 244  31  19  13  10]
 [  2  35 346  31  11   1]
 [  6  14  36 315  16   4]
 [ 10   6   3   4 381  10]
 [  1   6   5  21  16 235]]";0.6613386613386614;0.6179414446028595;"[[ 16  19   6  16  19   4]
 [ 19 107  25  12   8   6]
 [  1  27 133  20  14   6]
 [  3   8  27 146  19   8]
 [  6   8   8   4 148   5]
 [  0   7  10   8  16 112]]";348;[43 69 54 80 39 63]
982;CiteSeer;own;1;0.2;64;0.5;1;0.005;127148386;0.9915254237288136;0.9916804852823876;"[[43  0  0  1  0  0]
 [ 1 70  0  0  0  0]
 [ 0  0 54  0  0  0]
 [ 0  0  0 80  0  1]
 [ 0  0  0  0 40  0]
 [ 0  0  0  0  0 64]]";0.8037525354969574;0.7762111612043835;"[[ 67  22  11  13  18   1]
 [ 16 246  31  14  12   9]
 [  4  33 351  24  11   2]
 [  6  14  40 310  17   4]
 [ 11   6   5   5 376  10]
 [  2   6   5  18  17 235]]";0.6693306693306693;0.6259386955579974;"[[ 17  19   6  15  19   4]
 [ 20 111  24   8   7   7]
 [  1  24 140  17  13   6]
 [  3   9  27 144  20   8]
 [  6   8   8   2 148   7]
 [  1   7  11   8  16 110]]";354;[44 71 54 81 40 64]
983;CiteSeer;own;1;0.2;64;0.5;1;0.005;127148386;0.9888888888888889;0.9883739164638041;"[[43  0  0  1  0  0]
 [ 2 70  1  0  0  0]
 [ 0  0 55  0  0  0]
 [ 0  0  0 82  0  0]
 [ 0  0  0  0 41  0]
 [ 0  0  0  0  0 65]]";0.8021363173957273;0.7734167366102606;"[[ 66  23  12  13  18   1]
 [ 14 241  29  16  13  12]
 [  4  32 348  24  11   3]
 [  6  13  38 311  17   5]
 [ 10   7   6   1 381   9]
 [  2   5   8  19  18 230]]";0.6623376623376623;0.61766212108735;"[[ 16  20   6  15  19   4]
 [ 19 107  24  10   8   9]
 [  1  21 141  18  13   7]
 [  5   8  26 144  20   8]
 [  6   8  10   4 146   5]
 [  1   7  12   8  16 109]]";360;[44 73 55 82 41 65]
984;CiteSeer;own;1;0.2;64;0.5;1;0.005;127148386;0.9890710382513661;0.988690413435088;"[[44  1  0  0  0  0]
 [ 1 73  0  0  0  0]
 [ 0  1 57  0  0  0]
 [ 1  0  0 82  0  0]
 [ 0  0  0  0 41  0]
 [ 0  0  0  0  0 65]]";0.8081632653061225;0.7806712183249691;"[[ 68  24  11  14  16   1]
 [ 12 247  26  15  13  11]
 [  2  30 348  25  11   4]
 [  6  12  35 314  18   4]
 [ 10   6   5   1 379  11]
 [  3   5   9  19  17 228]]";0.6693306693306693;0.626943844104401;"[[ 18  21   5  13  19   4]
 [ 24 108  24   8   7   6]
 [  1  22 138  20  13   7]
 [  6   9  24 149  15   8]
 [  6   8   8   4 148   5]
 [  2   5  12   8  17 109]]";366;[45 74 58 83 41 65]
985;CiteSeer;own;1;0.2;64;0.5;1;0.005;127148386;0.9946236559139785;0.9934059262703764;"[[45  0  0  0  0  0]
 [ 0 75  0  0  0  0]
 [ 0  0 59  0  0  0]
 [ 1  0  0 82  0  0]
 [ 1  0  0  0 42  0]
 [ 0  0  0  0  0 67]]";0.8070624360286591;0.7812967151468629;"[[ 70  19  10  13  19   1]
 [ 15 246  26  14  13  10]
 [  3  29 348  25  11   5]
 [  7  12  38 306  18   4]
 [ 10   6   5   1 379  11]
 [  1   4  13  18  16 228]]";0.6663336663336663;0.6252886512806883;"[[ 18  19   6  13  20   4]
 [ 23 109  24   7   9   5]
 [  3  21 139  18  13   7]
 [  9   7  29 143  15   8]
 [  6   8   9   4 147   5]
 [  1   5  13   7  16 111]]";372;[45 75 59 83 43 67]
986;CiteSeer;own;1;0.2;64;0.5;1;0.005;127148386;0.9920634920634921;0.9904714373825487;"[[44  1  0  0  0  0]
 [ 0 77  0  0  0  0]
 [ 0  0 61  0  0  0]
 [ 1  0  0 83  0  0]
 [ 1  0  0  0 42  0]
 [ 0  0  0  0  0 68]]";0.805441478439425;0.7797354533319373;"[[ 72  19   9  13  18   1]
 [ 14 233  31  16  13  13]
 [  3  29 352  22   9   6]
 [  7  12  37 304  18   6]
 [ 10   6   4   1 380  11]
 [  3   4  12  18  14 228]]";0.6693306693306693;0.6287782363993989;"[[ 19  19   5  13  20   4]
 [ 20 106  24  11   9   7]
 [  4  16 144  18  12   7]
 [ 10   6  31 140  16   8]
 [  6   8   7   4 149   5]
 [  2   4  12   7  16 112]]";378;[45 77 61 84 43 68]
987;CiteSeer;own;1;0.2;64;0.5;1;0.005;127148386;0.9947916666666666;0.9951946319913313;"[[46  0  0  1  0  0]
 [ 0 77  0  0  0  0]
 [ 0  0 62  0  0  0]
 [ 0  1  0 85  0  0]
 [ 0  0  0  0 43  0]
 [ 0  0  0  0  0 69]]";0.7991761071060762;0.7720837955085641;"[[ 66  22  12  12  17   1]
 [ 12 231  33  17  13  10]
 [  3  33 347  26   7   5]
 [  7  12  41 304  17   4]
 [  9   8   5   1 378  11]
 [  2   3  15  18  14 226]]";0.6653346653346653;0.6244931081241717;"[[ 18  21   6  12  19   4]
 [ 20 109  26   8   7   7]
 [  4  21 142  16  11   7]
 [  8   6  35 140  14   8]
 [  6   8   9   4 147   5]
 [  1   5  14   8  15 110]]";384;[47 77 62 86 43 69]
988;CiteSeer;own;1;0.2;64;0.5;1;0.005;127148386;0.9897435897435898;0.9895232337259218;"[[45  1  0  1  0  0]
 [ 1 77  0  0  0  0]
 [ 0  0 64  0  0  0]
 [ 0  1  0 86  0  0]
 [ 0  0  0  0 43  0]
 [ 0  0  0  0  0 71]]";0.8037190082644629;0.7792891893147931;"[[ 69  21  11  11  17   1]
 [ 12 230  32  18  13   9]
 [  2  34 345  26   9   6]
 [  7  12  35 307  17   4]
 [  7   7   4   3 376  12]
 [  1   3  13  18  15 229]]";0.6673326673326674;0.6254821335260026;"[[ 18  20   6  13  19   4]
 [ 21 106  26   9   8   7]
 [  4  22 138  18  11   8]
 [  7   6  28 147  15   8]
 [  6   8   8   4 147   6]
 [  1   5  13   7  15 112]]";390;[47 78 64 87 43 71]
989;CiteSeer;own;1;0.2;64;0.5;1;0.005;127148386;0.9873737373737373;0.9870655175658923;"[[47  1  0  0  0  0]
 [ 0 79  0  0  0  0]
 [ 0  1 65  0  1  0]
 [ 1  1  0 86  0  0]
 [ 0  0  0  0 43  0]
 [ 0  0  0  0  0 71]]";0.8062176165803109;0.7823882672920867;"[[ 69  18  12  12  17   1]
 [ 12 234  32  14  13   8]
 [  2  34 345  28   9   4]
 [  7  11  34 304  17   4]
 [  7   9   4   3 375  11]
 [  1   3  15  17  15 229]]";0.6743256743256744;0.6306699686604808;"[[ 17  21   6  13  19   4]
 [ 18 111  27   9   7   5]
 [  4  23 139  15  11   9]
 [  3   9  26 152  13   8]
 [  6   9   8   7 145   4]
 [  1   5  14   6  16 111]]";396;[48 79 67 88 43 71]
990;CiteSeer;own;1;0.2;64;0.5;1;0.005;127148386;0.9900497512437811;0.9894943428018381;"[[45  2  0  1  0  0]
 [ 0 80  0  0  0  0]
 [ 0  0 69  0  0  0]
 [ 0  0  1 88  0  0]
 [ 0  0  0  0 43  0]
 [ 0  0  0  0  0 73]]";0.8134095634095634;0.7889521321949248;"[[ 69  16  14  12  18   1]
 [ 10 233  32  14  13   6]
 [  2  30 351  24   9   3]
 [  7   9  37 305  17   4]
 [  9   6   5   1 376  11]
 [  1   2  16  16  14 231]]";0.6773226773226774;0.633403827241868;"[[ 17  21   6  13  19   4]
 [ 20 110  27   9   7   4]
 [  4  21 142  15  12   7]
 [  4   7  29 151  12   8]
 [  6   8  10   3 147   5]
 [  1   5  14   6  16 111]]";402;[48 80 69 89 43 73]
991;CiteSeer;own;1;0.2;64;0.5;1;0.005;127148386;0.9926470588235294;0.992467122548721;"[[47  0  0  1  0  0]
 [ 1 81  0  0  0  0]
 [ 0  0 71  0  0  0]
 [ 0  0  1 88  0  0]
 [ 0  0  0  0 43  0]
 [ 0  0  0  0  0 75]]";0.8164754953076121;0.7923854295596581;"[[ 71  16  14  10  18   1]
 [ 11 236  29  13  12   6]
 [  3  28 354  22   6   3]
 [  7   9  37 304  18   4]
 [ 10   7   6   1 372  10]
 [  1   3  18  15  14 229]]";0.6813186813186813;0.638787394571659;"[[ 18  20   7  12  19   4]
 [ 21 114  26   5   7   4]
 [  3  20 146  16  10   6]
 [  8   8  28 147  12   8]
 [  6   9  11   1 146   6]
 [  1   5  14   7  15 111]]";408;[48 82 71 89 43 75]
992;CiteSeer;own;1;0.2;64;0.5;1;0.005;127148386;0.9903381642512077;0.9904466723506187;"[[49  0  0  0  0  0]
 [ 1 81  0  0  0  0]
 [ 0  1 71  1  0  0]
 [ 1  0  0 88  0  0]
 [ 0  0  0  0 44  0]
 [ 0  0  0  0  0 77]]";0.8164225941422594;0.791883372827051;"[[ 69  18  13   9  18   1]
 [ 12 238  26  11  13   7]
 [  2  31 350  22   7   3]
 [  8   9  39 301  18   4]
 [  9   7   6   1 366  11]
 [  1   3  16  10  16 237]]";0.6823176823176823;0.6425140427570826;"[[ 20  20   6  11  19   4]
 [ 22 113  25   4   7   6]
 [  3  20 145  16  11   6]
 [  7   8  29 147  12   8]
 [  6  10  10   1 145   7]
 [  1   5  14   5  15 113]]";414;[49 82 73 89 44 77]
993;CiteSeer;own;1;0.2;64;0.5;1;0.005;127148386;0.9904761904761905;0.9890957308799667;"[[48  1  0  1  1  0]
 [ 0 85  0  0  0  0]
 [ 0  0 73  0  0  0]
 [ 0  0  1 88  0  0]
 [ 0  0  0  0 44  0]
 [ 0  0  0  0  0 78]]";0.8237145855194123;0.7993332623723856;"[[ 69  17  10  11  17   1]
 [ 12 240  26  11  12   7]
 [  2  29 352  20   6   3]
 [  7   9  37 302  18   4]
 [  9   7   6   1 366  11]
 [  1   3  18   8  13 241]]";0.6853146853146853;0.645148987738054;"[[ 20  19   6  12  19   4]
 [ 21 116  21   6   7   6]
 [  3  17 147  17  11   6]
 [  6   8  29 147  13   8]
 [  6   8  11   3 142   9]
 [  1   5  14   4  15 114]]";420;[51 85 73 89 44 78]
994;CiteSeer;own;1;0.2;64;0.5;1;0.005;1232306213;0.0;0.0;[[]];0.17927773000859845;0.05069292487235594;"[[  0   0   0   0 184   0]
 [  0   0   0   0 413   0]
 [  0   0   0   0 467   0]
 [  0   0   0   0 490   0]
 [  0   0   0   0 417   0]
 [  1   0   0   0 354   0]]";0.17882117882117882;0.050564971751412426;"[[  0   0   0   0  80   0]
 [  0   0   0   0 177   0]
 [  0   0   0   0 201   0]
 [  0   0   0   0 211   0]
 [  0   0   0   0 179   0]
 [  0   0   0   0 153   0]]";0;[]
995;CiteSeer;own;1;0.2;64;0.5;1;0.005;1232306213;1.0;1.0;"[[2 0 0]
 [0 1 0]
 [0 0 3]]";0.2896551724137931;0.17450675776863953;"[[  3 165   0  17   0   0]
 [  0 388   0  23   0   0]
 [ 29 388   0  43   0   0]
 [  0 233   0 261   0   1]
 [  1 364   0  47   0   5]
 [  1 299   0  32   0  20]]";0.2757242757242757;0.16082058941675012;"[[  0  69   0  11   0   0]
 [  1 160   0  16   0   0]
 [ 14 167   0  20   0   0]
 [  0 103   0 108   0   0]
 [  0 149   0  27   0   3]
 [  0 133   0  12   0   8]]";6;[2 0 0 1 0 3]
996;CiteSeer;own;1;0.2;64;0.5;1;0.005;1232306213;0.8333333333333334;0.7166666666666667;"[[2 0 0 0 0 0]
 [0 0 0 0 0 0]
 [0 0 1 0 0 0]
 [0 0 0 2 1 0]
 [0 1 0 0 1 0]
 [0 0 0 0 0 4]]";0.31028522039757994;0.17284000562959792;"[[  2  19   0   1 161   0]
 [  0  24   0   0 374   0]
 [  1   3   1   8 304   0]
 [  0  21   0  90 371   1]
 [  1  15   0   1 567   0]
 [  0   5   0   0 310  34]]";0.2177822177822178;0.12506340154310636;"[[  0   9   0   1  70   0]
 [  1   3   0   0 173   0]
 [  1   6   0   4 190   0]
 [  0  11   0  33 167   0]
 [  0   9   0   0 170   0]
 [  0   5   0   1 135  12]]";12;[2 0 1 3 2 4]
997;CiteSeer;own;1;0.2;64;0.5;1;0.005;1232306213;0.8333333333333334;0.7285714285714286;"[[2 0 0 0 0 0]
 [0 0 2 0 0 0]
 [0 0 2 0 0 0]
 [0 0 0 4 0 0]
 [0 0 1 0 2 0]
 [0 0 0 0 0 5]]";0.3734835355285962;0.2472514917740474;"[[  2   0  54   1 116   0]
 [  0  14 215   0 164   0]
 [  0   0 316   8 132   0]
 [  0   1  57  69 358   1]
 [  0   0  18   3 433   0]
 [  0   0  20   0 298  28]]";0.34265734265734266;0.22597783032838428;"[[  0   0  17   2  61   0]
 [  1  10  78   0  88   0]
 [  0   1 125   3  72   0]
 [  0   0  32  24 155   0]
 [  0   0   3   1 175   0]
 [  0   0  13   1 130   9]]";18;[2 2 2 4 3 5]
998;CiteSeer;own;1;0.2;64;0.5;1;0.005;1232306213;0.9583333333333334;0.9633699633699634;"[[2 0 0 0 0 0]
 [0 3 0 0 0 0]
 [0 0 3 0 0 0]
 [0 0 0 6 1 0]
 [0 0 0 0 3 0]
 [0 0 0 0 0 6]]";0.4044309296264118;0.29543973225819203;"[[  2   0  60   2 108   0]
 [  0  43 167   3 181   1]
 [  0   1 304  11 133   0]
 [  0   0 109 113 265   0]
 [  0   0  14   4 433   0]
 [  0   0  35   2 275  36]]";0.3626373626373626;0.26380987855947163;"[[  0   2  19   2  57   0]
 [  1  22  61   3  90   0]
 [  0   1 119   5  76   0]
 [  0   0  49  39 123   0]
 [  0   0   6   2 171   0]
 [  0   0  16   0 125  12]]";24;[2 3 3 7 3 6]
999;CiteSeer;own;1;0.2;64;0.5;1;0.005;1232306213;0.9666666666666667;0.9682539682539683;"[[ 2  0  0  0  0  0]
 [ 0  3  0  1  0  0]
 [ 0  0  4  0  0  0]
 [ 0  0  0 10  0  0]
 [ 0  0  0  0  3  0]
 [ 0  0  0  0  0  7]]";0.5143728222996515;0.37258668868127726;"[[  2   0  26 104  38   0]
 [  0  20  64 246  55   1]
 [  0   0 267 140  35   0]
 [  0   0  43 463  17   1]
 [  0   0   8  36 386   1]
 [  0   0  57 189  54  43]]";0.45854145854145856;0.33558323942002555;"[[  0   0  12  42  26   0]
 [  1  10  24 117  25   0]
 [  0   0 102  75  24   0]
 [  0   0  19 185   7   0]
 [  0   0   7  29 143   0]
 [  0   0  31  80  23  19]]";30;[ 2  4  4 10  3  7]
1000;CiteSeer;own;1;0.2;64;0.5;1;0.005;1232306213;1.0;1.0;"[[ 3  0  0  0  0  0]
 [ 0  6  0  0  0  0]
 [ 0  0  4  0  0  0]
 [ 0  0  0 11  0  0]
 [ 0  0  0  0  4  0]
 [ 0  0  0  0  0  8]]";0.5275109170305677;0.4014941943362184;"[[  6   2  17  73  71   0]
 [  0  37  44 192 110   1]
 [  1   1 234 140  59   3]
 [  0   0  25 462  39   1]
 [  0   0   3  26 400   1]
 [  0   0  46 102 125  69]]";0.4865134865134865;0.36484587190395584;"[[  0   0  11  38  31   0]
 [  1  17  23  84  52   0]
 [  2   0  91  62  45   1]
 [  0   0  13 181  17   0]
 [  0   0   2   9 168   0]
 [  0   0  26  43  54  30]]";36;[ 3  6  4 11  4  8]
1001;CiteSeer;own;1;0.2;64;0.5;1;0.005;1232306213;1.0;1.0;"[[ 5  0  0  0  0  0]
 [ 0  7  0  0  0  0]
 [ 0  0  4  0  0  0]
 [ 0  0  0 11  0  0]
 [ 0  0  0  0  4  0]
 [ 0  0  0  0  0 11]]";0.5932574430823118;0.48005036604883355;"[[  6   3  22  67  47  21]
 [  4  42  52 139  92  50]
 [  1   1 226 113  54  41]
 [  0   0  23 440  37  27]
 [  0   2   3  20 392  13]
 [  0   0  19  23  55 249]]";0.5584415584415584;0.44846294109572;"[[  0   1   7  33  28  11]
 [  2  19  22  71  43  20]
 [  3   0  89  52  40  17]
 [  0   0  13 173  14  11]
 [  0   0   2   8 164   5]
 [  0   0  14   4  21 114]]";42;[ 5  7  4 11  4 11]
1002;CiteSeer;own;1;0.2;64;0.5;1;0.005;1232306213;1.0;1.0;"[[ 5  0  0  0  0  0]
 [ 0 11  0  0  0  0]
 [ 0  0  5  0  0  0]
 [ 0  0  0 11  0  0]
 [ 0  0  0  0  5  0]
 [ 0  0  0  0  0 11]]";0.6259877085162423;0.5456744013022522;"[[  6  46  13  33  59   8]
 [  0 205  30  30  88  24]
 [  0  26 245  80  72  14]
 [  0  46  36 372  68   5]
 [  0   6   4   9 408   3]
 [  0   6  29  20  97 190]]";0.5884115884115884;0.510274485490613;"[[  0  16   9  19  29   7]
 [  1  89  16  17  43  11]
 [  1   5  95  48  47   5]
 [  0  21  16 142  27   5]
 [  0   6   0   4 168   1]
 [  0   2  15   2  39  95]]";48;[ 5 11  5 11  5 11]
1003;CiteSeer;own;1;0.2;64;0.5;1;0.005;1232306213;1.0;1.0;"[[ 6  0  0  0  0  0]
 [ 0 13  0  0  0  0]
 [ 0  0  5  0  0  0]
 [ 0  0  0 12  0  0]
 [ 0  0  0  0  6  0]
 [ 0  0  0  0  0 12]]";0.6430457746478874;0.5551638094057422;"[[  5  41  21  35  50  11]
 [  0 181  55  30  66  46]
 [  0  16 257  79  52  22]
 [  0  19  48 387  57  15]
 [  0   7   8   8 409   5]
 [  0   2  34  14  70 222]]";0.5984015984015985;0.5170059121186337;"[[  0  14  10  20  28   8]
 [  1  83  22  19  33  19]
 [  1   4 100  52  36   8]
 [  0  11  23 145  24   8]
 [  0   6   1   4 165   3]
 [  0   0  18   2  27 106]]";54;[ 6 13  5 12  6 12]
1004;CiteSeer;own;1;0.2;64;0.5;1;0.005;1232306213;0.9833333333333333;0.9822222222222222;"[[ 7  0  0  0  0  0]
 [ 0 15  0  0  0  0]
 [ 0  0  6  0  0  0]
 [ 1  0  0 12  0  0]
 [ 0  0  0  0  6  0]
 [ 0  0  0  0  0 13]]";0.6619593998234775;0.5908664726003071;"[[ 15  32  40  36  35   9]
 [  0 182  96  35  32  31]
 [  1  10 294  76  26  19]
 [  7  16  73 391  21  14]
 [  3   5  15  11 389  10]
 [  0   1  54  17  41 229]]";0.6123876123876124;0.5422208927231905;"[[  2  12  17  21  22   6]
 [  1  82  43  19  16  16]
 [  2   3 125  50  16   5]
 [  4   4  36 148  11   8]
 [  5   7   9   4 152   2]
 [  0   1  28   3  17 104]]";60;[ 7 15  6 13  6 13]
1005;CiteSeer;own;1;0.2;64;0.5;1;0.005;1232306213;0.9848484848484849;0.9840232389251997;"[[ 8  0  0  0  0  0]
 [ 0 16  0  0  0  0]
 [ 0  0  7  0  0  0]
 [ 1  0  0 13  0  0]
 [ 0  0  0  0  6  0]
 [ 0  0  0  0  0 15]]";0.6747787610619469;0.6015931454734339;"[[ 14  28  43  33  31   8]
 [  0 186 104  31  41  14]
 [  0   9 308  68  32  13]
 [  0   8  64 418  32   4]
 [  1   6  13  15 373  18]
 [  0   2  56  22  39 226]]";0.6113886113886113;0.5308114727084442;"[[  0  11  18  25  21   5]
 [  2  74  50  23  18  10]
 [  0   4 132  41  20   4]
 [  2   3  32 157  13   4]
 [  0   5   6  12 150   6]
 [  0   1  32   4  17  99]]";66;[ 8 16  7 14  6 15]
1006;CiteSeer;own;1;0.2;64;0.5;1;0.005;1232306213;0.9861111111111112;0.985480943738657;"[[ 9  0  0  1  0  0]
 [ 0 16  0  0  0  0]
 [ 0  0  8  0  0  0]
 [ 0  0  0 14  0  0]
 [ 0  0  0  0  6  0]
 [ 0  0  0  0  0 18]]";0.676131322094055;0.5971287804427877;"[[ 14  23  22  40  29  26]
 [  0 159  77  44  52  44]
 [  0   8 298  65  33  25]
 [  0   5  51 422  29  19]
 [  1   4  10  17 348  39]
 [  0   0  26  15  26 283]]";0.6103896103896104;0.5213855310579453;"[[  0   9  13  26  22  10]
 [  2  60  38  32  22  23]
 [  0   3 127  39  20  12]
 [  2   0  27 160  12  10]
 [  0   4   1  12 146  16]
 [  0   0  15   6  14 118]]";72;[10 16  8 14  6 18]
1007;CiteSeer;own;1;0.2;64;0.5;1;0.005;1232306213;0.9743589743589743;0.9668458781362007;"[[ 9  0  0  1  0  0]
 [ 0 17  0  0  0  0]
 [ 0  0  9  0  0  0]
 [ 0  0  0 15  0  0]
 [ 1  0  0  0  7  0]
 [ 0  0  0  0  0 19]]";0.6752669039145908;0.591881030347219;"[[ 10  22  22  49  26  22]
 [  0 165  65  64  40  41]
 [  1   7 289  83  27  23]
 [  3   3  41 438  19  17]
 [  1   4   8  26 336  48]
 [  1   0  23  25  19 280]]";0.6043956043956044;0.5170879159168164;"[[  0   9   9  33  19  10]
 [  2  58  33  41  21  22]
 [  2   3 121  47  18  10]
 [  2   1  21 171   9   7]
 [  0   4   4  17 137  17]
 [  1   0  12   9  13 118]]";78;[10 17  9 15  8 19]
1008;CiteSeer;own;1;0.2;64;0.5;1;0.005;1232306213;0.9761904761904762;0.9777550659903601;"[[10  0  0  1  0  0]
 [ 0 18  0  1  0  0]
 [ 0  0 10  0  0  0]
 [ 0  0  0 16  0  0]
 [ 0  0  0  0  9  0]
 [ 0  0  0  0  0 19]]";0.6739518287243532;0.605427670545084;"[[ 19  21  19  47  34  14]
 [  5 163  68  57  53  24]
 [  0   7 290  73  41  16]
 [  3   3  42 418  50   5]
 [  1   6   6  19 355  35]
 [  1   0  26  20  35 266]]";0.6203796203796204;0.552351514963272;"[[  6   8   8  29  25   4]
 [  4  62  34  37  30  10]
 [  0   3 124  40  25   9]
 [  2   0  23 162  18   6]
 [  1   2   2  12 151  11]
 [  1   0  12   9  15 116]]";84;[11 19 10 16  9 19]
1009;CiteSeer;own;1;0.2;64;0.5;1;0.005;1232306213;0.9777777777777777;0.9798835145736163;"[[11  0  0  1  0  0]
 [ 0 23  0  0  0  1]
 [ 0  0 10  0  0  0]
 [ 0  0  0 16  0  0]
 [ 0  0  0  0  9  0]
 [ 0  0  0  0  0 19]]";0.7075134168157424;0.6476682202804738;"[[ 25  45   5  41  24  13]
 [ 12 235  48  38  28  11]
 [  0  11 293  75  32  15]
 [  4  17  38 412  42   4]
 [  5  12   4  17 353  30]
 [  3   8  25  16  31 264]]";0.6473526473526473;0.5915902061445432;"[[  9  14   7  26  20   4]
 [  7  96  20  25  22   7]
 [  0   4 127  41  20   9]
 [  3  10  19 159  17   3]
 [  2   8   2  14 143  10]
 [  1   6  12   6  14 114]]";90;[12 24 10 16  9 19]
1010;CiteSeer;own;1;0.2;64;0.5;1;0.005;1232306213;0.9895833333333334;0.9890652557319224;"[[13  0  0  1  0  0]
 [ 0 24  0  0  0  0]
 [ 0  0 11  0  0  0]
 [ 0  0  0 17  0  0]
 [ 0  0  0  0 11  0]
 [ 0  0  0  0  0 19]]";0.705829596412556;0.652292921851724;"[[ 29  52   5  30  32   5]
 [  7 270  30  24  36   5]
 [  0  20 288  61  38  18]
 [  4  40  36 381  49   5]
 [  4  15   3  11 374  16]
 [  2  18  20  15  55 232]]";0.6363636363636364;0.5802707330608917;"[[  8  21   6  22  22   1]
 [  6 106  17  19  24   5]
 [  0  13 122  37  20   9]
 [  2  22  18 146  19   4]
 [  1  10   1  10 148   9]
 [  1   7  10   3  25 107]]";96;[14 24 11 17 11 19]
1011;CiteSeer;own;1;0.2;64;0.5;1;0.005;1232306213;0.9901960784313726;0.9898617511520738;"[[15  0  0  1  0  0]
 [ 0 25  0  0  0  0]
 [ 0  0 14  0  0  0]
 [ 0  0  0 17  0  0]
 [ 0  0  0  0 11  0]
 [ 0  0  0  0  0 19]]";0.6618705035971223;0.6298845769182742;"[[ 47  34  30  25  20   8]
 [ 13 212  87  32  20  13]
 [  0  13 344  47  20  20]
 [  3  17  96 325  41  11]
 [ 16   7  33  12 313  26]
 [  4   9  39  12  44 231]]";0.5834165834165834;0.5430815446717271;"[[ 12  15  20  20  11   2]
 [  8  80  45  17  20   7]
 [  0   8 143  26  14  10]
 [  1   4  51 124  25   6]
 [  8   7  21   8 122  13]
 [  3   4  20   2  21 103]]";102;[16 25 14 17 11 19]
1012;CiteSeer;own;1;0.2;64;0.5;1;0.005;1232306213;0.9907407407407407;0.9901875901875902;"[[16  0  0  0  0  0]
 [ 0 26  0  0  0  0]
 [ 0  0 15  0  0  0]
 [ 1  0  0 17  0  0]
 [ 0  0  0  0 13  0]
 [ 0  0  0  0  0 20]]";0.6537421100090172;0.6163707191611959;"[[ 41  25  36  28  23   4]
 [ 16 167 109  37  31   9]
 [  0  11 365  49  18  15]
 [  3  10 108 326  35   8]
 [  8   5  32  10 334  18]
 [  3   2  54  11  50 217]]";0.5774225774225774;0.536450745964552;"[[ 11  10  21  20  16   2]
 [ 10  72  53  17  19   6]
 [  0   8 144  29  12   8]
 [  2   1  67 123  16   2]
 [  8   4  18   7 134   8]
 [  3   2  26   2  26  94]]";108;[16 26 15 18 13 20]
1013;CiteSeer;own;1;0.2;64;0.5;1;0.005;1232306213;0.9912280701754386;0.9903501516404742;"[[15  0  0  1  0  0]
 [ 0 27  0  0  0  0]
 [ 0  0 17  0  0  0]
 [ 0  0  0 19  0  0]
 [ 0  0  0  0 15  0]
 [ 0  0  0  0  0 20]]";0.6704339963833634;0.6298961834403803;"[[ 45  24  23  29  30   6]
 [ 25 169  81  27  47  12]
 [  1  11 370  46  22  15]
 [  7  11  97 322  41   8]
 [ 12   2  17   9 353  18]
 [  3   0  38  10  57 224]]";0.5794205794205795;0.5349523297247658;"[[ 12  11  15  17  24   1]
 [ 16  66  40  17  31   7]
 [  1   8 140  29  14   9]
 [  3   1  59 127  18   3]
 [  8   2  12   7 140  10]
 [  1   1  23   2  31  95]]";114;[16 27 17 19 15 20]
1014;CiteSeer;own;1;0.2;64;0.5;1;0.005;1232306213;0.9833333333333333;0.9822859935763161;"[[15  0  0  1  0  0]
 [ 0 29  0  0  0  0]
 [ 0  0 17  0  0  0]
 [ 0  0  1 21  0  0]
 [ 0  0  0  0 15  0]
 [ 0  0  0  0  0 21]]";0.6903898458748867;0.6499920969275982;"[[ 41  33  19  29  29   6]
 [ 10 206  56  27  49  10]
 [  0  14 373  45  21  12]
 [  3  15  95 324  39   7]
 [  8   4  17   9 350  22]
 [  2   3  35  12  52 229]]";0.6023976023976024;0.5554866431535351;"[[ 10  13  13  20  22   2]
 [  7  86  26  19  32   7]
 [  0   8 142  29  13   9]
 [  2   5  61 124  16   3]
 [  7   5  10   7 139  11]
 [  1   1  21   2  26 102]]";120;[16 29 17 22 15 21]
1015;CiteSeer;own;1;0.2;64;0.5;1;0.005;1232306213;0.9920634920634921;0.9917917917917918;"[[18  0  0  0  0  0]
 [ 0 30  0  0  0  0]
 [ 0  0 17  0  0  0]
 [ 1  0  0 22  0  0]
 [ 0  0  0  0 16  0]
 [ 0  0  0  0  0 22]]";0.7086363636363636;0.6757921757125825;"[[ 59  35  10  26  27   4]
 [ 19 215  47  16  51  12]
 [  2  19 356  47  27  12]
 [ 13  12  47 347  53   7]
 [ 11   3   8  10 354  20]
 [  5   5  21  12  60 228]]";0.6243756243756243;0.582262995365573;"[[ 15  13  10  16  24   2]
 [ 20  90  25  12  23   7]
 [  1  13 132  26  18  11]
 [  4   5  36 137  24   5]
 [ 10   3   3   9 146   8]
 [  2   3  14   3  26 105]]";126;[18 30 17 23 16 22]
1016;CiteSeer;own;1;0.2;64;0.5;1;0.005;1232306213;0.9924242424242424;0.9920941349512779;"[[18  0  0  1  0  0]
 [ 0 30  0  0  0  0]
 [ 0  0 19  0  0  0]
 [ 0  0  0 24  0  0]
 [ 0  0  0  0 16  0]
 [ 0  0  0  0  0 24]]";0.7101185050136737;0.6820874340677943;"[[ 68  26  16  22  28   3]
 [ 22 195  61  20  47  13]
 [  1  16 369  45  23  13]
 [ 11  14  68 342  33   4]
 [ 11   3  10  11 352  19]
 [  5   3  32  12  44 232]]";0.6073926073926074;0.5704979919276619;"[[ 17  12  13  12  24   2]
 [ 21  78  32  16  23   7]
 [  1  13 135  28  15   9]
 [  5   3  54 130  14   5]
 [ 12   1   6  10 141   9]
 [  1   3  17   4  21 107]]";132;[19 30 19 24 16 24]
1017;CiteSeer;own;1;0.2;64;0.5;1;0.005;1232306213;0.9855072463768116;0.9836865920457253;"[[18  0  1  1  0  0]
 [ 0 33  0  0  0  0]
 [ 0  0 19  0  0  0]
 [ 0  0  0 25  0  0]
 [ 0  0  0  0 17  0]
 [ 0  0  0  0  0 24]]";0.7138939670932358;0.685785442312396;"[[ 71  27  15  23  27   3]
 [ 26 195  56  23  44  10]
 [  2  17 360  50  22  16]
 [ 11  14  55 357  31   3]
 [ 10   3  10  11 352  18]
 [  4   4  31  14  46 227]]";0.6133866133866134;0.5757845524903059;"[[ 17  12  11  12  26   2]
 [ 26  80  28  19  18   6]
 [  1  12 132  32  15   9]
 [  5   3  51 136  13   3]
 [ 12   1   5   9 143   9]
 [  1   3  16   5  22 106]]";138;[20 33 19 25 17 24]
1018;CiteSeer;own;1;0.2;64;0.5;1;0.005;1232306213;0.9930555555555556;0.9928560571515428;"[[21  0  0  0  0  0]
 [ 0 35  0  0  0  0]
 [ 0  0 20  0  0  0]
 [ 1  0  0 25  0  0]
 [ 0  0  0  0 18  0]
 [ 0  0  0  0  0 24]]";0.7277726856095326;0.7015843994272757;"[[ 79  32   6  25  20   3]
 [ 36 211  44  23  30   7]
 [  5  19 355  55  19  12]
 [ 14  13  49 371  24   3]
 [ 15   3   9  13 344  19]
 [  4   2  29  16  45 228]]";0.6293706293706294;0.5999354264858542;"[[ 25  12   8  14  19   2]
 [ 34  86  23  15  14   5]
 [  2  13 130  34  14   8]
 [  7   5  41 145  10   3]
 [ 11   5   5  10 140   8]
 [  2   4  14   6  23 104]]";144;[21 35 20 26 18 24]
1019;CiteSeer;own;1;0.2;64;0.5;1;0.005;1232306213;0.9866666666666667;0.9868811857052314;"[[21  0  0  0  0  0]
 [ 0 37  0  0  0  0]
 [ 0  1 21  0  0  0]
 [ 1  0  0 26  0  0]
 [ 0  0  0  0 18  0]
 [ 0  0  0  0  0 25]]";0.7362132352941176;0.7073038575202396;"[[ 67  40   7  21  26   3]
 [ 17 235  52  20  21   7]
 [  1  23 372  47  16  13]
 [ 13  25  50 350  24   5]
 [ 11   6   8  12 350  15]
 [  2  10  26  19  34 228]]";0.6503496503496503;0.6069003388678872;"[[ 15  20  11  14  16   4]
 [ 23 107  24   7  12   4]
 [  1  13 139  28  12   8]
 [  6   8  43 142   9   3]
 [  6   8   3   9 143  10]
 [  1   9  17   6  15 105]]";150;[21 37 22 27 18 25]
1020;CiteSeer;own;1;0.2;64;0.5;1;0.005;1232306213;0.9935897435897436;0.9929046563192904;"[[20  0  0  1  0  0]
 [ 0 40  0  0  0  0]
 [ 0  0 24  0  0  0]
 [ 0  0  0 27  0  0]
 [ 0  0  0  0 19  0]
 [ 0  0  0  0  0 25]]";0.7433179723502304;0.7152018665440126;"[[ 66  50   6  17  19   4]
 [ 13 252  51  17  13   4]
 [  1  24 377  42  16   9]
 [ 12  27  55 345  25   3]
 [  7  12   7  12 350  15]
 [  2  22  27  19  26 223]]";0.6443556443556444;0.5983006214511258;"[[ 13  29  10  14  12   2]
 [ 21 110  24   6  12   4]
 [  1  12 141  27  12   8]
 [  5   9  45 142   9   1]
 [  7  10   4   9 139  10]
 [  1  16  16   6  14 100]]";156;[21 40 24 27 19 25]
1021;CiteSeer;own;1;0.2;64;0.5;1;0.005;1232306213;0.9814814814814815;0.9814795408963756;"[[20  0  0  1  0  0]
 [ 0 40  1  0  0  0]
 [ 0  0 24  0  0  0]
 [ 0  0  0 28  0  0]
 [ 0  1  0  0 20  0]
 [ 0  0  0  0  0 27]]";0.738909426987061;0.7075401052702092;"[[ 60  47   7  19  20   3]
 [ 13 249  53  17  13   4]
 [  1  22 373  41  15  10]
 [  8  24  55 349  26   5]
 [ 10  13   9  12 348  20]
 [  2  20  31  23  22 220]]";0.6483516483516484;0.6034762911531352;"[[ 14  24  10  15  15   2]
 [ 19 110  24   8  12   4]
 [  1  12 142  26  11   9]
 [  5   9  44 143   9   1]
 [  5  11   4  10 138  11]
 [  1  14  17   6  13 102]]";162;[21 41 24 28 21 27]
1022;CiteSeer;own;1;0.2;64;0.5;1;0.005;1232306213;0.9940476190476191;0.9933723196881091;"[[22  0  0  0  0  0]
 [ 0 42  0  0  0  0]
 [ 0  0 25  0  0  0]
 [ 1  0  0 28  0  0]
 [ 0  0  0  0 22  0]
 [ 0  0  0  0  0 28]]";0.747451343836886;0.7136481821542465;"[[ 56  48   8  16  24   4]
 [  8 258  43  17  17   4]
 [  4  24 371  39  12  11]
 [ 11  24  53 343  25   9]
 [  2  13   9  10 357  21]
 [  1  14  32  19  23 228]]";0.6493506493506493;0.5966229621349658;"[[ 10  23  10  16  18   3]
 [ 15 111  26   9  12   4]
 [  2  12 140  25  12  10]
 [  6  10  41 143   9   2]
 [  1  10   5  11 139  13]
 [  0  12  15   5  14 107]]";168;[22 42 25 29 22 28]
1023;CiteSeer;own;1;0.2;64;0.5;1;0.005;1232306213;0.9942528735632183;0.9933723196881091;"[[22  0  0  0  0  0]
 [ 0 44  0  0  0  0]
 [ 0  0 27  0  0  0]
 [ 1  0  0 28  0  0]
 [ 0  0  0  0 22  0]
 [ 0  0  0  0  0 30]]";0.7527881040892194;0.7207430449431637;"[[ 58  49   7  19  18   5]
 [  7 261  36  16  17   5]
 [  4  26 365  41  12  11]
 [ 10  26  51 348  20   9]
 [  2  10  10  13 353  24]
 [  1  15  30  18  20 235]]";0.6533466533466533;0.6027393594323163;"[[ 11  23  10  15  18   3]
 [ 15 112  27   9  11   3]
 [  1  15 137  26  10  12]
 [  5  13  37 145   7   4]
 [  1  10   5  14 137  12]
 [  0  10  14   4  13 112]]";174;[22 44 27 29 22 30]
1024;CiteSeer;own;1;0.2;64;0.5;1;0.005;1232306213;0.9833333333333333;0.9816750802573008;"[[24  0  0  1  0  0]
 [ 0 44  0  0  0  0]
 [ 1  0 26  0  0  0]
 [ 1  0  0 30  0  0]
 [ 0  0  0  0 22  0]
 [ 0  0  0  0  0 31]]";0.7562907735321528;0.7285764417382422;"[[ 82  37   7  16  12   6]
 [ 19 251  29  20  15   6]
 [ 17  22 355  40  12  10]
 [ 23  21  41 350  18   9]
 [ 14   9   3  12 353  22]
 [ 27   5  18  16  17 232]]";0.6603396603396603;0.6259850053591988;"[[ 22  19   7  14  15   3]
 [ 26 112  17   8  11   3]
 [  6  16 132  26  10  11]
 [ 11  11  29 148   8   4]
 [  8   8   3  14 135  11]
 [  4   8  12   6  11 112]]";180;[25 44 27 31 22 31]
1025;CiteSeer;own;1;0.2;64;0.5;1;0.005;1232306213;0.989247311827957;0.9874198568316216;"[[24  0  0  1  0  0]
 [ 0 45  0  0  0  0]
 [ 0  0 27  0  0  0]
 [ 0  0  0 31  0  0]
 [ 1  0  0  0 25  0]
 [ 0  0  0  0  0 32]]";0.7476635514018691;0.7195058608485067;"[[ 84  34   6  14  14   5]
 [ 27 245  34  18  17   6]
 [ 16  21 352  42  13   8]
 [ 26  18  42 339  24   7]
 [ 16   6   3  12 365  16]
 [ 36   7  17  15  20 215]]";0.6593406593406593;0.6277331995747496;"[[ 24  18   7  13  15   3]
 [ 26 113  16   8  11   3]
 [  7  16 132  25  14   7]
 [ 12  12  29 145  11   2]
 [  8   7   2  14 140   8]
 [  8   7  13   5  14 106]]";186;[25 45 27 31 26 32]
1026;CiteSeer;own;1;0.2;64;0.5;1;0.005;1232306213;0.9947916666666666;0.9942444639547361;"[[25  0  0  0  0  0]
 [ 0 46  0  0  0  0]
 [ 0  0 27  0  0  0]
 [ 1  0  0 33  0  0]
 [ 0  0  0  0 27  0]
 [ 0  0  0  0  0 33]]";0.738987816307404;0.7063075471613427;"[[ 65  40   7  16  22   6]
 [ 18 247  30  21  23   7]
 [  1  34 347  45  15   9]
 [  7  20  46 340  38   4]
 [ 10   5   5   7 366  26]
 [ 23   6  17  17  32 212]]";0.6483516483516484;0.5949927802182088;"[[ 10  21   7  10  28   4]
 [ 25 112  13   9  15   3]
 [  1  19 133  24  15   9]
 [  5  15  27 148  14   2]
 [  5   6   2  11 145  10]
 [  5   8  14   5  20 101]]";192;[25 46 27 34 27 33]
1027;CiteSeer;own;1;0.2;64;0.5;1;0.005;1232306213;0.9848484848484849;0.9833743747522958;"[[25  0  0  1  0  0]
 [ 0 47  0  0  0  0]
 [ 0  0 27  0  0  0]
 [ 1  0  0 33  0  0]
 [ 0  0  0  0 27  1]
 [ 0  0  0  0  0 36]]";0.7546992481203008;0.7207814520553567;"[[ 59  41   9  18  18  10]
 [ 11 250  32  22  24   7]
 [  0  33 352  43  15   8]
 [  5  21  48 351  25   5]
 [  7   6   5   9 368  23]
 [ 11   3  18  16  29 226]]";0.6543456543456544;0.5971987337240549;"[[  9  19   9  12  25   6]
 [ 18 114  16  11  15   3]
 [  0  17 137  25  14   8]
 [  5  11  30 150  12   3]
 [  4   6   4   9 143  13]
 [  4   6  14   3  24 102]]";198;[26 47 27 34 28 36]
1028;CiteSeer;own;1;0.2;64;0.5;1;0.005;1232306213;0.9901960784313726;0.9889520624303233;"[[25  0  0  0  0  1]
 [ 0 47  0  0  0  0]
 [ 0  0 29  0  0  0]
 [ 1  0  0 34  0  0]
 [ 0  0  0  0 30  0]
 [ 0  0  0  0  0 37]]";0.7549481621112158;0.7195034124488453;"[[ 57  43   7  18  19  10]
 [  9 249  32  22  25   6]
 [  1  29 352  45  15  10]
 [  7  20  43 346  33   5]
 [  6   6   5   9 373  18]
 [ 13   3  17  17  27 225]]";0.6633366633366633;0.6047251349971242;"[[  9  20   7  12  25   7]
 [ 17 113  17  10  17   3]
 [  0  15 139  24  15   8]
 [  5  11  28 152  12   3]
 [  4   5   3   8 147  12]
 [  4   6  14   3  22 104]]";204;[26 47 29 35 30 37]
1029;CiteSeer;own;1;0.2;64;0.5;1;0.005;1232306213;0.9952380952380953;0.9944398869747516;"[[26  0  0  0  0  0]
 [ 0 49  0  0  0  0]
 [ 0  0 32  0  0  0]
 [ 1  0  0 34  0  0]
 [ 0  0  0  0 30  0]
 [ 0  0  0  0  0 38]]";0.7589792060491494;0.7240374912257073;"[[ 59  44   5  18  18  10]
 [ 14 254  29  19  19   6]
 [  1  29 354  47  12   8]
 [  7  22  47 341  32   4]
 [  6   6   5   7 374  18]
 [ 13   6  16  16  26 224]]";0.6613386613386614;0.6036343077889522;"[[  9  20   8  13  24   6]
 [ 17 115  17   8  17   3]
 [  0  17 138  24  15   7]
 [  5  11  30 149  13   3]
 [  4   6   3   7 147  12]
 [  5   7  14   5  18 104]]";210;[26 49 32 35 30 38]
1030;CiteSeer;own;1;0.2;64;0.5;1;0.005;1232306213;0.9861111111111112;0.9839463119033011;"[[26  0  0  0  1  0]
 [ 0 50  0  0  0  0]
 [ 0  0 32  0  0  0]
 [ 1  0  0 36  1  0]
 [ 0  0  0  0 30  0]
 [ 0  0  0  0  0 39]]";0.762085308056872;0.7303742388625398;"[[ 65  40   6  17  20   7]
 [ 15 255  31  12  21   4]
 [  2  31 357  41  12   8]
 [  7  25  46 339  29   4]
 [ 10   6   5   7 369  19]
 [ 12  11  17  15  22 223]]";0.6563436563436563;0.6040669760500844;"[[ 11  22   9  13  22   3]
 [ 21 113  16   7  17   3]
 [  0  18 137  23  15   8]
 [  5  12  32 146  13   3]
 [  5   7   3   7 144  13]
 [  4   8  14   6  15 106]]";216;[27 50 32 38 30 39]
1031;CiteSeer;own;1;0.2;64;0.5;1;0.005;1232306213;0.9954954954954955;0.9950184102230887;"[[28  0  0  0  0  0]
 [ 0 50  0  0  0  0]
 [ 0  0 32  0  0  0]
 [ 1  0  0 40  0  0]
 [ 0  0  0  0 31  0]
 [ 0  0  0  0  0 40]]";0.7680608365019012;0.7382893324986348;"[[ 70  38   7  16  13   7]
 [ 20 249  29  19  17   4]
 [  3  28 354  46  11   9]
 [  7  22  44 350  23   4]
 [ 10   5   6   6 368  20]
 [ 15   5  20  16  18 225]]";0.6593406593406593;0.6124112014916638;"[[ 14  18  11  15  19   3]
 [ 24 109  17   9  15   3]
 [  0  16 136  27  12  10]
 [  5  11  32 150  10   3]
 [  8   5   4   8 142  12]
 [  4   8  14   4  14 109]]";222;[28 50 32 41 31 40]
1032;CiteSeer;own;1;0.2;64;0.5;1;0.005;1232306213;0.9912280701754386;0.9896465866039903;"[[28  0  0  0  1  0]
 [ 0 52  0  0  0  0]
 [ 0  0 32  0  0  0]
 [ 1  0  0 42  0  0]
 [ 0  0  0  0 31  0]
 [ 0  0  0  0  0 41]]";0.76930409914204;0.7370388229605864;"[[ 70  36   7  16  16   8]
 [ 19 248  28  21  16   4]
 [  5  30 351  46  11  10]
 [ 12  21  38 356  12   9]
 [ 13   4   4   7 360  19]
 [ 22   5  15  15  15 229]]";0.6623376623376623;0.625057061537883;"[[ 21  17   5  18  16   3]
 [ 28 108  16  10  12   3]
 [  1  18 132  27  12  11]
 [  6  12  28 153   9   3]
 [  8   5   2  11 139  14]
 [  5   8  13   4  13 110]]";228;[29 52 32 43 31 41]
1033;CiteSeer;own;1;0.2;64;0.5;1;0.005;1232306213;0.9914529914529915;0.9905753968253969;"[[27  0  0  2  0  0]
 [ 0 52  0  0  0  0]
 [ 0  0 32  0  0  0]
 [ 0  0  0 47  0  0]
 [ 0  0  0  0 31  0]
 [ 0  0  0  0  0 43]]";0.7739005736137667;0.7373839451579624;"[[ 60  38   7  22  13  11]
 [ 18 247  30  21  17   4]
 [  1  21 354  51  12  11]
 [  6  20  33 369  12   8]
 [ 10   4   5  12 351  18]
 [ 17   3  16  16  16 238]]";0.6713286713286714;0.620742243971931;"[[ 14  16   6  23  16   5]
 [ 21 111  16  12  12   5]
 [  0  17 132  31  11  10]
 [  4  10  18 170   6   3]
 [  8   4   2  13 134  18]
 [  4   9  13   4  12 111]]";234;[29 52 32 47 31 43]
1034;CiteSeer;own;1;0.2;64;0.5;1;0.005;1232306213;0.9916666666666667;0.9901259559154297;"[[29  0  0  0  1  0]
 [ 0 53  0  0  0  0]
 [ 0  0 33  0  0  0]
 [ 1  0  0 47  0  0]
 [ 0  0  0  0 32  0]
 [ 0  0  0  0  0 44]]";0.7732502396931927;0.7373000095763325;"[[ 62  34   6  19  15  10]
 [ 21 242  30  22  18   3]
 [  2  23 354  51  14   9]
 [  9  19  30 366  15   6]
 [ 12   3   4   8 357  19]
 [ 16   1  16  15  23 232]]";0.6803196803196803;0.6393101892769796;"[[ 20  14   6  20  16   4]
 [ 24 109  17  10  13   4]
 [  2  16 131  31  13   8]
 [  4  10  19 167   8   3]
 [  9   4   3  10 141  12]
 [  4   3  13   7  13 113]]";240;[30 53 33 48 32 44]
1035;CiteSeer;own;1;0.2;64;0.5;1;0.005;1232306213;0.9959349593495935;0.9954916395594363;"[[29  0  0  1  0  0]
 [ 0 56  0  0  0  0]
 [ 0  0 33  0  0  0]
 [ 0  0  0 49  0  0]
 [ 0  0  0  0 33  0]
 [ 0  0  0  0  0 45]]";0.7850961538461538;0.7491070771846539;"[[ 58  41   8  15  12  10]
 [ 11 265  28  16  12   5]
 [  3  30 355  43  12   9]
 [  6  24  35 361  13   6]
 [ 14   6   4   7 351  18]
 [  9   3  16  12  19 243]]";0.6803196803196803;0.6300256684435271;"[[ 14  19   7  17  16   7]
 [ 20 117  16   8  11   5]
 [  2  18 136  24  13   8]
 [  4  12  22 164   6   3]
 [ 13   8   2   8 134  14]
 [  1   7  13   2  14 116]]";246;[30 56 33 49 33 45]
1036;CiteSeer;own;1;0.2;64;0.5;1;0.005;1232306213;0.996031746031746;0.9954916395594363;"[[29  0  0  1  0  0]
 [ 0 57  0  0  0  0]
 [ 0  0 34  0  0  0]
 [ 0  0  0 49  0  0]
 [ 0  0  0  0 35  0]
 [ 0  0  0  0  0 47]]";0.7806171648987463;0.7408070160899367;"[[ 53  40   9  15  13  11]
 [ 13 258  29  16  13   6]
 [  3  29 357  36  17  15]
 [  5  22  34 359  15  10]
 [ 13   5   5   7 347  18]
 [ 10   3  16  10  17 245]]";0.6813186813186813;0.6306773203114423;"[[ 14  17   8  18  15   8]
 [ 22 113  18   7  12   5]
 [  1  18 139  21  13   9]
 [  3  10  23 165   6   4]
 [ 13   8   3   9 132  14]
 [  3   5  13   2  11 119]]";252;[30 57 34 49 35 47]
1037;CiteSeer;own;1;0.2;64;0.5;1;0.005;1232306213;0.9922480620155039;0.9919596531009599;"[[32  0  0  0  0  0]
 [ 0 56  1  0  0  0]
 [ 0  0 36  0  0  0]
 [ 1  0  0 48  0  0]
 [ 0  0  0  0 36  0]
 [ 0  0  0  0  0 48]]";0.7906189555125726;0.7597590918998636;"[[ 66  36  11  13  10   6]
 [ 15 256  30  16  11   5]
 [  4  25 362  36  16  14]
 [ 10  20  35 354  15  10]
 [ 11   5   5   5 345  15]
 [  9   2  18  10  15 252]]";0.6803196803196803;0.6399658543249478;"[[ 20  15   9  17  12   7]
 [ 21 112  21   7  10   6]
 [  2  18 139  19  12  11]
 [  4  10  29 156   8   4]
 [ 12   8   3   7 134  15]
 [  4   4  14   3   8 120]]";258;[32 57 36 49 36 48]
1038;CiteSeer;own;1;0.2;64;0.5;1;0.005;1232306213;0.9962121212121212;0.9958663280043827;"[[34  0  0  0  0  0]
 [ 0 57  0  0  0  0]
 [ 0  0 38  0  0  0]
 [ 1  0  0 48  0  0]
 [ 0  0  0  0 37  0]
 [ 0  0  0  0  0 49]]";0.7788554801163918;0.7497308848906448;"[[ 65  35   9  15  10   6]
 [ 16 251  28  20  12   5]
 [  2  24 363  41  16  13]
 [ 10  22  49 334  16   9]
 [ 10   5   4   6 345  16]
 [ 10   2  17  12  16 248]]";0.6683316683316683;0.6292882112648888;"[[ 19  14   8  18  14   7]
 [ 23 110  20  10  11   3]
 [  1  17 137  25  11  10]
 [  3  10  36 149   8   5]
 [ 11   7   6   7 134  14]
 [  4   4  14   3   8 120]]";264;[34 57 38 49 37 49]
1039;CiteSeer;own;1;0.2;64;0.5;1;0.005;1232306213;0.9962962962962963;0.9959664180854556;"[[34  0  0  1  0  0]
 [ 0 58  0  0  0  0]
 [ 0  0 39  0  0  0]
 [ 0  0  0 51  0  0]
 [ 0  0  0  0 38  0]
 [ 0  0  0  0  0 49]]";0.7908560311284046;0.7614237612456872;"[[ 62  34  11  15  10   6]
 [ 15 249  29  20  13   6]
 [  1  24 364  43  16  11]
 [  6  21  38 347  18   7]
 [  7   4   4   6 347  17]
 [  3   2  17  11  15 257]]";0.6793206793206793;0.6394384472670797;"[[ 20  14   7  18  14   7]
 [ 23 110  19  10  11   4]
 [  1  16 138  25  11  10]
 [  2  10  28 158   8   5]
 [  9   7   8   7 134  14]
 [  3   3  15   3   9 120]]";270;[35 58 39 51 38 49]
1040;CiteSeer;own;1;0.2;64;0.5;1;0.005;1232306213;0.9891304347826086;0.9878963262021063;"[[35  0  1  1  0  0]
 [ 0 58  0  0  0  0]
 [ 0  0 39  0  0  0]
 [ 1  0  0 52  0  0]
 [ 0  0  0  0 39  0]
 [ 0  0  0  0  0 50]]";0.7858536585365854;0.7549254614105553;"[[ 58  31  10  18  10   6]
 [ 11 247  32  21  13   8]
 [  1  24 362  44  16  11]
 [  6  21  37 348  16   7]
 [  9   4   5   7 345  23]
 [  3   2  17  12  14 251]]";0.6803196803196803;0.6402380768622331;"[[ 20  14   8  18  14   6]
 [ 22 111  19  12   8   5]
 [  1  16 140  24  11   9]
 [  2  10  25 161   8   5]
 [  8   7   9  11 130  14]
 [  3   4  15   2  10 119]]";276;[37 58 39 53 39 50]
1041;CiteSeer;own;1;0.2;64;0.5;1;0.005;1232306213;0.9929078014184397;0.9927469135802469;"[[39  0  0  0  0  0]
 [ 0 58  0  0  0  0]
 [ 0  0 39  0  0  0]
 [ 2  0  0 53  0  0]
 [ 0  0  0  0 40  0]
 [ 0  0  0  0  0 51]]";0.788160469667319;0.7590662661576624;"[[ 62  27   9  17  10   6]
 [ 12 246  32  21  13   8]
 [  1  24 362  44  17  10]
 [  9  20  35 346  17   7]
 [ 11   4   5   5 346  19]
 [  5   1  17  13  14 249]]";0.6833166833166833;0.6437709958011509;"[[ 21  14   8  18  13   6]
 [ 24 107  19  12  11   4]
 [  1  16 142  24  11   7]
 [  3  10  23 163   7   5]
 [  9   7   7  10 134  12]
 [  3   4  17   2  10 117]]";282;[39 58 39 55 40 51]
1042;CiteSeer;own;1;0.2;64;0.5;1;0.005;1232306213;0.9895833333333334;0.9893750282639172;"[[39  0  0  1  0  0]
 [ 0 58  1  0  0  0]
 [ 0  0 40  0  0  0]
 [ 1  0  0 55  0  0]
 [ 0  0  0  0 41  0]
 [ 0  0  0  0  0 52]]";0.7865554465161924;0.755766177695905;"[[ 60  29   9  15  10   6]
 [ 11 254  33  18  13   8]
 [  1  29 349  46  17  10]
 [ 11  20  30 351  15   7]
 [ 12   4   5   6 343  19]
 [  7   3  14  13  14 246]]";0.6883116883116883;0.6504343739288726;"[[ 23  16   7  16  11   7]
 [ 22 109  20  10  12   4]
 [  2  19 136  26  11   7]
 [  3  12  16 169   6   5]
 [ 11   7   6   9 135  11]
 [  3   6  15   3   9 117]]";288;[40 59 40 56 41 52]
1043;CiteSeer;own;1;0.2;64;0.5;1;0.005;1232306213;0.9863945578231292;0.9866962455100049;"[[41  0  0  1  0  0]
 [ 0 58  1  0  0  0]
 [ 0  0 40  0  0  0]
 [ 1  0  0 56  0  0]
 [ 0  0  0  0 41  0]
 [ 0  1  0  0  0 54]]";0.7878937007874016;0.758295312276457;"[[ 63  28   6  15   8   7]
 [ 17 248  33  20  12   6]
 [  1  28 351  44  17  10]
 [ 10  21  30 351  14   7]
 [ 13   5   5   6 340  20]
 [  7   4  12  13  12 248]]";0.6883116883116883;0.6489025591379044;"[[ 22  16   7  16  11   8]
 [ 24 110  20  10   9   4]
 [  3  19 135  26  11   7]
 [  2  13  15 170   6   5]
 [ 11   7   5  10 133  13]
 [  2   6  14   3   9 119]]";294;[42 59 40 57 41 55]
1044;CiteSeer;own;1;0.2;64;0.5;1;0.005;1232306213;0.9933333333333333;0.9930804066939402;"[[41  0  0  1  0  0]
 [ 0 60  0  0  0  0]
 [ 0  0 42  0  0  0]
 [ 0  0  0 57  0  0]
 [ 0  0  0  0 43  0]
 [ 0  0  1  0  0 55]]";0.7872655478775913;0.7582235094452177;"[[ 60  27   8  13  10   9]
 [ 11 247  39  18  12   8]
 [  1  27 358  42  17  11]
 [  5  19  32 349  18   7]
 [ 11   5   5   6 342  20]
 [  5   3  17  13  12 239]]";0.6733266733266733;0.6365615370245281;"[[ 22  16  10  16  11   5]
 [ 22 104  26   9  11   5]
 [  3  16 133  25  12  12]
 [  2  11  24 162   7   5]
 [  7   8   7   9 135  13]
 [  2   5  16   3   9 118]]";300;[42 60 42 57 43 56]
1045;CiteSeer;own;1;0.2;64;0.5;1;0.005;1232306213;0.9836601307189542;0.9832465056437997;"[[42  0  0  0  0  0]
 [ 1 60  0  0  0  0]
 [ 0  0 43  0  0  0]
 [ 2  0  0 57  0  0]
 [ 0  0  0  0 43  0]
 [ 0  0  1  0  1 56]]";0.7930693069306931;0.7652644680883834;"[[ 64  28   8  11   9   6]
 [ 11 252  39  14  12   7]
 [  2  30 357  38  17  11]
 [  9  17  29 348  18   7]
 [ 11   5   5   4 345  19]
 [  7   3  18  11  12 236]]";0.6763236763236763;0.6411528879845912;"[[ 23  17  10  13  12   5]
 [ 25 105  25   8  10   4]
 [  3  19 134  24  13   8]
 [  2   9  26 163   7   4]
 [ 11   7   8   9 135   9]
 [  2   6  16   3   9 117]]";306;[42 61 43 59 43 58]
1046;CiteSeer;own;1;0.2;64;0.5;1;0.005;1232306213;0.9871794871794872;0.9869506066256548;"[[42  0  0  0  0  0]
 [ 1 60  1  0  1  0]
 [ 0  0 46  0  0  0]
 [ 1  0  0 59  0  0]
 [ 0  0  0  0 43  0]
 [ 0  0  0  0  0 58]]";0.7825223435948362;0.7525518260919082;"[[ 58  25   9  16   8   9]
 [ 12 245  43  15  12   8]
 [  1  26 356  40  16  12]
 [  7  17  38 337  18  10]
 [  9   5   5   5 344  21]
 [  6   3  21  11  10 236]]";0.6743256743256744;0.6395345685948525;"[[ 23  15   8  15  11   8]
 [ 20 108  26   9   9   5]
 [  2  17 134  26  12  10]
 [  3   9  27 160   6   6]
 [  7   7   8  11 132  14]
 [  2   6  15   3   9 118]]";312;[42 63 46 60 43 58]
1047;CiteSeer;own;1;0.2;64;0.5;1;0.005;1232306213;0.9968553459119497;0.996661805217955;"[[42  0  0  0  0  0]
 [ 0 66  0  0  0  0]
 [ 0  0 46  0  0  0]
 [ 1  0  0 60  0  0]
 [ 0  0  0  0 44  0]
 [ 0  0  0  0  0 59]]";0.7908366533864541;0.7583514484361413;"[[ 56  26   7  19   8   7]
 [ 12 253  39  11  13   8]
 [  2  26 354  39  16  11]
 [ 10  19  34 343  12   7]
 [  8   5   5   5 345  20]
 [  5   4  21  11  10 237]]";0.6803196803196803;0.6407601827743047;"[[ 20  14   8  15  15   8]
 [ 16 114  25   5  11   6]
 [  3  17 138  23  12   8]
 [  3  10  27 159   8   4]
 [  8   7   8  10 132  14]
 [  2   6  15   3   9 118]]";318;[42 66 46 61 44 59]
1048;CiteSeer;own;1;0.2;64;0.5;1;0.005;1232306213;0.9845679012345679;0.9839033112585747;"[[41  0  0  1  0  0]
 [ 1 66  0  0  0  0]
 [ 0  0 46  0  0  0]
 [ 1  0  0 63  0  0]
 [ 0  0  0  1 43  0]
 [ 0  0  1  0  0 60]]";0.7967032967032966;0.7641515606967467;"[[ 55  26   7  20   8   6]
 [ 12 253  38  13  13   7]
 [  2  27 352  40  17   9]
 [  6  17  32 355   9   7]
 [  7   6   5   5 344  17]
 [  5   3  19  12  12 236]]";0.6883116883116883;0.646663829622757;"[[ 19  14   8  17  15   7]
 [ 16 117  23   6  10   5]
 [  2  17 138  25  13   6]
 [  4  12  22 162   7   4]
 [  7   8   7  10 136  11]
 [  2   6  16   3   9 117]]";324;[42 67 46 64 44 61]
1049;CiteSeer;own;1;0.2;64;0.5;1;0.005;1232306213;0.9848484848484849;0.9848597729614627;"[[41  0  0  1  0  0]
 [ 0 66  0  0  1  1]
 [ 0  0 48  0  0  0]
 [ 0  0  0 64  1  0]
 [ 0  0  0  1 44  0]
 [ 0  0  0  0  0 62]]";0.7975951903807615;0.7648264878017731;"[[ 54  26   7  19   9   6]
 [ 12 251  38  13  12   7]
 [  1  28 352  40  16  10]
 [  6  18  29 359   8   7]
 [  7   6   5   7 340  18]
 [  3   4  19  11  12 236]]";0.6963036963036963;0.6576567606290994;"[[ 22  14   7  16  14   7]
 [ 17 119  20   8   8   5]
 [  2  17 137  24  12   9]
 [  3  10  22 165   6   5]
 [  6   7   6  10 136  14]
 [  2   7  15   2   9 118]]";330;[42 68 48 65 45 62]
1050;CiteSeer;own;1;0.2;64;0.5;1;0.005;1232306213;0.9821428571428571;0.9826954710567114;"[[43  0  0  0  0  0]
 [ 0 67  0  0  1  1]
 [ 0  0 48  0  0  0]
 [ 1  1  0 64  1  0]
 [ 0  0  0  1 45  0]
 [ 0  0  0  0  0 63]]";0.8;0.7671674145021785;"[[ 55  25   8  19   9   6]
 [ 11 250  36  13  15   7]
 [  1  24 356  40  16  10]
 [  6  16  30 358   8   6]
 [  9   6   6   5 339  17]
 [  4   3  20  11  11 234]]";0.6863136863136863;0.6454905607947661;"[[ 20  14   9  17  15   5]
 [ 22 111  22   5  12   5]
 [  1  15 140  24  13   8]
 [  2  10  24 162   8   5]
 [  8   7   6  10 137  11]
 [  2   8  15   2   9 117]]";336;[43 69 48 67 46 63]
1051;CiteSeer;own;1;0.2;64;0.5;1;0.005;1232306213;0.9883040935672515;0.9875682427406565;"[[42  1  0  0  0  0]
 [ 0 72  0  0  0  0]
 [ 0  0 48  0  0  0]
 [ 2  0  0 66  0  0]
 [ 0  0  0  1 45  0]
 [ 0  0  0  0  0 65]]";0.8039314516129032;0.7725149791042231;"[[ 55  25   8  19   9   6]
 [  8 252  35  17  12   6]
 [  1  22 355  44  16   9]
 [  6  15  29 360   7   6]
 [  8   4   6   6 338  18]
 [  3   2  19  12  11 235]]";0.6873126873126874;0.6455374394158214;"[[ 19  15   7  19  13   7]
 [ 19 115  20  11   8   4]
 [  2  13 136  29  12   9]
 [  2  10  23 164   7   5]
 [  8   8   6  10 136  11]
 [  2   5  15   4   9 118]]";342;[43 72 48 68 46 65]
1052;CiteSeer;own;1;0.2;64;0.5;1;0.005;1232306213;0.985632183908046;0.98561692726847;"[[41  0  0  2  0  0]
 [ 0 72  0  1  0  0]
 [ 0  0 49  1  0  0]
 [ 0  0  0 69  0  0]
 [ 0  0  0  1 47  0]
 [ 0  0  0  0  0 65]]";0.8033367037411526;0.7700660623919884;"[[ 53  24   8  21  10   7]
 [  9 245  39  18  13   6]
 [  1  17 358  42  16   8]
 [  3  11  31 364   8   6]
 [  8   5   6   6 334  18]
 [  3   1  21  12  11 235]]";0.6913086913086913;0.6509101138887858;"[[ 20  13   9  19  13   6]
 [ 20 112  21   9  11   4]
 [  2   9 144  28  12   6]
 [  0   6  28 165   7   5]
 [  8  10   7  10 133  11]
 [  2   4  17   3   9 118]]";348;[43 73 50 69 48 65]
1053;CiteSeer;own;1;0.2;64;0.5;1;0.005;1232306213;0.9887005649717514;0.9878325899056731;"[[41  0  0  2  0  0]
 [ 1 74  0  0  0  0]
 [ 0  0 50  0  0  0]
 [ 0  0  0 71  0  0]
 [ 0  0  0  1 48  0]
 [ 0  0  0  0  0 66]]";0.8032454361054767;0.7706559876723299;"[[ 53  24   8  21  10   7]
 [  8 251  35  17  11   6]
 [  1  22 342  44  16   8]
 [  3  13  33 368   7   5]
 [  8   5   5   5 337  17]
 [  3   2  22  11  11 233]]";0.6963036963036963;0.6572530370023727;"[[ 22  14   7  18  11   8]
 [ 20 115  20   9   9   4]
 [  3  14 138  26  13   7]
 [  0   6  23 170   7   5]
 [  7  10   5  10 136  11]
 [  2   6  18   2   9 116]]";354;[43 75 50 71 49 66]
1054;CiteSeer;own;1;0.2;64;0.5;1;0.005;1232306213;0.9861111111111112;0.9846294689179934;"[[43  0  1  0  0  0]
 [ 0 75  0  0  0  0]
 [ 0  0 51  0  0  0]
 [ 3  0  0 69  0  0]
 [ 0  0  0  1 50  0]
 [ 0  0  0  0  0 67]]";0.8056968463886063;0.7728798498336632;"[[ 53  27   8  18  11   5]
 [  8 250  36  14  12   6]
 [  1  22 349  37  16   7]
 [  5  16  37 360   7   3]
 [  7   6   5   3 345  12]
 [  2   2  22  11  16 227]]";0.7002997002997003;0.659951778885772;"[[ 21  15   7  15  14   8]
 [ 20 118  21   5   9   4]
 [  3  14 138  26  13   7]
 [  1   6  25 167   7   5]
 [  8  10   5   8 140   8]
 [  1   6  18   2   9 117]]";360;[44 75 51 72 51 67]
1055;CiteSeer;own;1;0.2;64;0.5;1;0.005;1232306213;0.9890710382513661;0.9888268306720667;"[[44  0  0  1  0  0]
 [ 0 75  0  0  1  0]
 [ 0  1 52  0  0  0]
 [ 0  0  0 73  0  0]
 [ 0  0  0  1 50  0]
 [ 0  0  0  0  0 68]]";0.8035714285714286;0.7669027864417145;"[[ 48  29   8  20   9   7]
 [  8 247  38  16  10   6]
 [  1  20 342  41  16   7]
 [  3  16  35 369   7   3]
 [  6   6   5   4 344  13]
 [  2   1  22  10  16 225]]";0.6963036963036963;0.6571593994812178;"[[ 21  14   9  16  12   8]
 [ 19 117  24   5   8   4]
 [  3  15 136  27  13   7]
 [  0   6  24 169   7   5]
 [  6  10   7  11 137   8]
 [  1   4  18   4   9 117]]";366;[45 76 53 73 51 68]
1056;CiteSeer;own;1;0.2;64;0.5;1;0.005;1232306213;0.989247311827957;0.9879262623711397;"[[44  0  0  2  0  0]
 [ 0 76  0  0  0  0]
 [ 0  0 54  0  0  0]
 [ 0  0  0 74  0  0]
 [ 1  0  0  1 50  0]
 [ 0  0  0  0  0 70]]";0.8055271238485159;0.7687176826848425;"[[ 48  26   9  19   9   8]
 [  8 248  35  14  11   6]
 [  1  20 342  39  16   7]
 [  3  14  37 367   6   5]
 [  7   7   4   6 340  13]
 [  3   1  23   8  15 229]]";0.7142857142857143;0.6755390047931819;"[[ 23  15   6  15  13   8]
 [ 16 122  22   5   6   6]
 [  3  13 139  27  12   7]
 [  0   5  21 174   6   5]
 [  8   9   6   8 140   8]
 [  0   4  19   4   9 117]]";372;[46 76 54 74 52 70]
1057;CiteSeer;own;1;0.2;64;0.5;1;0.005;1232306213;0.9894179894179894;0.9888073786484157;"[[45  0  0  1  0  0]
 [ 0 78  0  0  0  0]
 [ 0  0 55  0  0  0]
 [ 1  0  0 74  0  0]
 [ 0  0  0  1 53  0]
 [ 0  0  1  0  0 69]]";0.813141683778234;0.7775632424923545;"[[ 50  27   7  18   7   9]
 [  6 249  35  14  11   6]
 [  1  21 343  34  16   9]
 [  3  12  35 368   6   6]
 [  7   7   4   3 346  10]
 [  3   1  21   8  17 228]]";0.7082917082917083;0.6674481482461602;"[[ 21  14   8  15  14   8]
 [ 17 120  22   5   7   6]
 [  2  15 140  24  12   8]
 [  1   5  26 169   6   4]
 [  7   9   6   7 142   8]
 [  1   3  18   4  10 117]]";378;[46 78 55 75 54 70]
1058;CiteSeer;own;1;0.2;64;0.5;1;0.005;1232306213;0.9895833333333334;0.9887650589447364;"[[45  1  0  2  0  0]
 [ 0 78  0  0  0  0]
 [ 0  0 55  0  0  0]
 [ 0  0  0 75  0  0]
 [ 0  0  0  1 54  0]
 [ 0  0  0  0  0 73]]";0.819773429454171;0.7877744655321152;"[[ 52  25   8  18   8   5]
 [  5 249  35  15  11   6]
 [  1  19 344  35  16   8]
 [  3  12  34 370   7   4]
 [  6   7   4   3 348   9]
 [  2   1  20   8  15 229]]";0.7102897102897103;0.6669367100567903;"[[ 20  14   9  15  15   7]
 [ 17 118  23   5   8   6]
 [  1  12 144  24  12   8]
 [  0   5  25 171   5   5]
 [  7   9   5   6 144   8]
 [  1   3  19   4  12 114]]";384;[48 78 55 75 55 73]
1059;CiteSeer;own;1;0.2;64;0.5;1;0.005;1232306213;0.9923076923076923;0.9917969438978821;"[[48  0  0  1  0  0]
 [ 0 79  0  0  0  0]
 [ 0  0 56  0  0  0]
 [ 1  0  0 75  0  0]
 [ 0  0  0  0 56  0]
 [ 0  0  0  0  1 73]]";0.8197314049586777;0.7874911537125099;"[[ 53  27   8  16   7   7]
 [  6 248  35  14  11   6]
 [  0  16 347  36  15   8]
 [  4  13  34 366   5   5]
 [  6   7   4   3 345  11]
 [  2   1  20   8  14 228]]";0.7142857142857143;0.6740611855718561;"[[ 22  14   9  14  14   7]
 [ 14 121  23   5   7   7]
 [  1  12 146  21  12   9]
 [  1   6  23 170   4   7]
 [  6   9   7   6 140  11]
 [  1   3  20   3  10 116]]";390;[49 79 56 76 56 74]
1060;CiteSeer;own;1;0.2;64;0.5;1;0.005;1232306213;0.9924242424242424;0.9923106504447256;"[[48  0  0  2  0  0]
 [ 0 79  0  0  0  1]
 [ 0  0 56  0  0  0]
 [ 0  0  0 76  0  0]
 [ 0  0  0  0 57  0]
 [ 0  0  0  0  0 77]]";0.8233160621761658;0.7937155188203904;"[[ 56  26   6  15   8   3]
 [  8 247  33  13  11   7]
 [  2  20 342  35  15   8]
 [  5  13  29 366   9   4]
 [  6   7   4   2 347  11]
 [  1   1  18   6  15 231]]";0.7192807192807192;0.6821341049584809;"[[ 25  14   6  14  12   9]
 [ 17 119  22   3   8   8]
 [  2  15 142  21  12   9]
 [  0   6  21 172   5   7]
 [  6   9   6   6 144   8]
 [  1   3  18   2  11 118]]";396;[50 80 56 76 57 77]
1061;CiteSeer;own;1;0.2;64;0.5;1;0.005;1232306213;0.9900497512437811;0.9903191478289829;"[[50  0  0  1  0  0]
 [ 0 79  0  0  0  1]
 [ 0  0 58  0  0  0]
 [ 1  1  0 75  0  0]
 [ 0  0  0  0 58  0]
 [ 0  0  0  0  0 78]]";0.8212058212058212;0.7930490450280567;"[[ 57  26   5  14   8   3]
 [  9 248  31  14  10   7]
 [  2  23 339  29  18   8]
 [  5  12  33 362  10   4]
 [  5   7   4   3 347  13]
 [  1   1  18   5  16 227]]";0.7172827172827173;0.6781018129350755;"[[ 24  13   7  14  12  10]
 [ 17 120  21   3   8   8]
 [  3  14 142  20  12  10]
 [  1   6  21 171   6   6]
 [  8   9   4   6 145   7]
 [  1   3  18   2  13 116]]";402;[51 80 58 77 58 78]
1062;CiteSeer;own;1;0.2;64;0.5;1;0.005;1232306213;0.9877450980392157;0.9874765573560754;"[[51  0  0  1  0  0]
 [ 1 82  0  0  0  0]
 [ 0  0 58  0  0  0]
 [ 1  1  0 75  0  0]
 [ 0  0  0  1 58  0]
 [ 0  0  0  0  0 79]]";0.8196037539103233;0.7919833040512212;"[[ 57  27   3  14   8   3]
 [  7 248  33  11  12   7]
 [  3  23 341  29  16   7]
 [  4  12  36 364   7   3]
 [  5   7   4   5 336  14]
 [  3   1  21   5  16 226]]";0.7182817182817183;0.6809497860073509;"[[ 25  15   7  14  10   9]
 [ 16 124  21   2   6   8]
 [  3  14 144  18  12  10]
 [  1  10  19 172   5   4]
 [  7  10   6   8 139   9]
 [  1   3  20   2  12 115]]";408;[52 83 58 77 59 79]
1063;CiteSeer;own;1;0.2;64;0.5;1;0.005;1232306213;0.9903381642512077;0.9891761182228488;"[[50  0  0  2  0  0]
 [ 0 85  0  0  0  0]
 [ 0  0 59  0  0  0]
 [ 0  0  0 78  0  0]
 [ 1  0  0  1 58  0]
 [ 0  0  0  0  0 80]]";0.8221757322175732;0.7936169816498309;"[[ 56  25   5  15   8   3]
 [  7 245  34  12  12   6]
 [  2  19 347  32  13   6]
 [  4  11  33 365   8   4]
 [  5   7   4   5 329  16]
 [  3   1  17   5  18 230]]";0.7142857142857143;0.6777830668213545;"[[ 25  15   7  14  10   9]
 [ 17 119  23   3   8   7]
 [  2  11 146  21  12   9]
 [  0   5  23 171   6   6]
 [  5   9   5   9 138  13]
 [  1   3  20   2  11 116]]";414;[52 85 59 78 60 80]
1064;CiteSeer;own;1;0.2;64;0.5;1;0.005;1232306213;0.9904761904761905;0.9894846691740166;"[[50  0  0  2  0  0]
 [ 0 85  0  0  0  0]
 [ 0  0 61  0  0  0]
 [ 0  0  0 80  0  0]
 [ 0  0  1  1 58  0]
 [ 0  0  0  0  0 82]]";0.8205666316894019;0.7920085831190026;"[[ 54  25   6  15   8   3]
 [  8 245  34  14  12   5]
 [  2  19 344  34  11   5]
 [  4  11  30 366   8   4]
 [  3   8   9   4 324  17]
 [  1   1  21   5  15 231]]";0.7192807192807192;0.6808264653315756;"[[ 24  18   8  13   9   8]
 [ 16 123  23   1   7   7]
 [  2  12 144  22  12   9]
 [  0   6  21 173   6   5]
 [  7   9   5   6 139  13]
 [  1   3  20   2  10 117]]";420;[52 85 61 80 60 82]
1065;CiteSeer;own;1;0.2;64;0.5;1;0.005;1751207849;0.0;0.0;[[]];0.09802235597592433;0.06014489629454784;"[[139  43   0   2   0   0]
 [323  81   0   9   0   0]
 [405  59   0   3   0   0]
 [365 117   0   8   0   0]
 [358  57   0   2   0   0]
 [291  59   0   5   0   0]]";0.10589410589410589;0.06778182659494476;"[[ 64  15   0   1   0   0]
 [136  36   0   5   0   0]
 [179  20   0   2   0   0]
 [159  46   0   6   0   0]
 [161  18   0   0   0   0]
 [125  28   0   0   0   0]]";0;[]
1066;CiteSeer;own;1;0.2;64;0.5;1;0.005;1751207849;1.0;1.0;"[[1 0 0 0]
 [0 1 0 0]
 [0 0 1 0]
 [0 0 0 3]]";0.16594827586206898;0.08779242187373439;"[[ 95   0   4   0   0  85]
 [218   0   3   0   0 191]
 [274   0   1   0   0 191]
 [270   0   0   0   0 219]
 [190   0   0   0   1 225]
 [ 65   0   0   0   0 288]]";0.16683316683316685;0.08696615662789949;"[[ 43   0   0   0   0  37]
 [ 86   0   0   0   0  91]
 [116   0   0   0   0  85]
 [117   0   0   0   0  94]
 [ 90   0   0   0   0  89]
 [ 29   0   0   0   0 124]]";6;[0 0 1 1 1 3]
1067;CiteSeer;own;1;0.2;64;0.5;1;0.005;1751207849;0.75;0.7222222222222222;"[[1 0 0 0 0 0]
 [0 1 1 0 0 0]
 [0 0 1 0 0 0]
 [0 0 0 1 1 0]
 [1 0 0 0 2 0]
 [0 0 0 0 0 3]]";0.19273984442523767;0.08852246050094714;"[[  1  16   0   0 167   0]
 [  0   4   0   0 404   2]
 [  0   2   0   0 462   0]
 [  0  22   0   0 464   0]
 [  1  13   0   0 402   1]
 [  0   1   0   0 313  39]]";0.1968031968031968;0.0932880571410833;"[[  0   4   0   0  76   0]
 [  1   2   0   0 172   2]
 [  0   3   0   0 196   2]
 [  0  12   0   0 197   2]
 [  0   3   0   0 174   2]
 [  0   0   0   0 132  21]]";12;[1 2 1 2 3 3]
1068;CiteSeer;own;1;0.2;64;0.5;1;0.005;1751207849;0.9444444444444444;0.9111111111111111;"[[2 0 0 0 0 0]
 [0 2 1 0 0 0]
 [0 0 1 0 0 0]
 [0 0 0 3 0 0]
 [0 0 0 0 5 0]
 [0 0 0 0 0 4]]";0.23180242634315423;0.1461852324546771;"[[ 19   4   0   2 159   2]
 [ 54   4   0   0 348   2]
 [  3   4   0   0 453   3]
 [ 23   5   0   2 447   1]
 [  2   1   0   0 428   3]
 [  3   1   0   0 253  82]]";0.2087912087912088;0.1123829319692648;"[[  2   2   0   0  75   1]
 [ 13   1   0   0 161   2]
 [  3   2   0   0 193   3]
 [ 12   1   0   2 196   0]
 [  1   0   0   0 177   1]
 [  0   0   0   0 126  27]]";18;[2 3 1 3 5 4]
1069;CiteSeer;own;1;0.2;64;0.5;1;0.005;1751207849;0.9166666666666666;0.9058201058201059;"[[2 0 0 1 0 0]
 [0 4 1 0 0 0]
 [0 0 3 0 0 0]
 [0 0 0 4 0 0]
 [0 0 0 0 5 0]
 [0 0 0 0 0 4]]";0.37271937445699393;0.27214342706996847;"[[  8 127   0   2  46   2]
 [  0 375   0   0  95   2]
 [  0 388   2   0  12   0]
 [  3 392   0  35  43   2]
 [  0  74   0   1 355   2]
 [  0 106   0   0 147  83]]";0.33166833166833165;0.23106075692296338;"[[  0  48   0   1  30   1]
 [  1 133   0   0  41   2]
 [  0 189   1   0   8   3]
 [  3 168   0  16  24   0]
 [  0  25   0   0 153   1]
 [  0  38   0   0  86  29]]";24;[3 5 3 4 5 4]
1070;CiteSeer;own;1;0.2;64;0.5;1;0.005;1751207849;0.9;0.8860389610389611;"[[2 0 0 1 0 0]
 [0 5 1 0 0 0]
 [0 0 3 0 0 0]
 [0 0 1 6 0 0]
 [0 0 0 0 6 0]
 [0 0 0 0 0 5]]";0.40810104529616725;0.313529848373548;"[[  8 115   0   7  53   2]
 [  0 361   0   2 106   2]
 [  0 387   2   1  12   0]
 [  0 298   0 123  49   2]
 [  0  57   0   5 368   1]
 [  0  94   0   5 161  75]]";0.37362637362637363;0.27845430271483534;"[[  0  43   0   3  33   1]
 [  1 132   0   0  42   2]
 [  0 187   1   2   8   3]
 [  2 129   1  58  21   0]
 [  0  20   0   2 156   1]
 [  0  33   0   2  91  27]]";30;[3 6 3 7 6 5]
1071;CiteSeer;own;1;0.2;64;0.5;1;0.005;1751207849;0.8888888888888888;0.8787037037037037;"[[4 0 0 1 0 0]
 [0 5 1 0 0 0]
 [0 1 3 0 0 0]
 [1 0 0 8 0 0]
 [0 0 0 0 6 0]
 [0 0 0 0 0 6]]";0.4375545851528384;0.3510087559448549;"[[  8 100   0   6  67   2]
 [  4 353   0   0 110   4]
 [  0 378   2   3  16   2]
 [  4 271   0 136  56   3]
 [  1  46   0   3 378   3]
 [  0  63   0   1 145 125]]";0.3986013986013986;0.3149235660745169;"[[  1  35   0   2  41   1]
 [  1 125   0   2  46   3]
 [  0 184   1   2  10   4]
 [  4 108   0  71  27   1]
 [  1  17   0   1 158   2]
 [  0  22   0   0  88  43]]";36;[5 6 4 9 6 6]
1072;CiteSeer;own;1;0.2;64;0.5;1;0.005;1751207849;0.9285714285714286;0.924074074074074;"[[4 0 0 1 0 0]
 [0 7 1 0 0 0]
 [0 0 5 0 0 0]
 [0 0 1 8 0 0]
 [0 0 0 0 7 0]
 [0 0 0 0 0 8]]";0.4413309982486865;0.3526671865545194;"[[  8  80   0   4  84   7]
 [  0 339   2   0 115  14]
 [  0 349  11   2  29  12]
 [  0 215   8 116 107  19]
 [  0  35   2   1 389   4]
 [  0  44   0   0 143 145]]";0.4005994005994006;0.316709463266264;"[[  0  28   0   1  47   4]
 [  1 114   0   0  55   7]
 [  0 175   3   0  14   9]
 [  2  85  12  55  49   8]
 [  0  12   0   0 165   2]
 [  0  15   0   0  74  64]]";42;[5 8 5 9 7 8]
1073;CiteSeer;own;1;0.2;64;0.5;1;0.005;1751207849;0.9375;0.9383579383579383;"[[ 5  0  0  1  0  0]
 [ 0  8  1  0  0  0]
 [ 0  0  6  0  0  0]
 [ 0  1  0 10  0  0]
 [ 0  0  0  0  8  0]
 [ 0  0  0  0  0  8]]";0.4354697102721686;0.36370779322273755;"[[  7  60   3   6 103   3]
 [  5 268  17   4 158   5]
 [  0 335  22   5  49   3]
 [  0 199   7 156  97   4]
 [  0  24   0   1 405   2]
 [  0  43   0   0 153 134]]";0.3626373626373626;0.2974830097019243;"[[  1  20   2   3  53   1]
 [  3  71  18   3  79   3]
 [  1 169   2   1  23   5]
 [  3  77  10  74  46   1]
 [  1   8   0   1 167   2]
 [  0  17   0   0  88  48]]";48;[ 6  9  6 11  8  8]
1074;CiteSeer;own;1;0.2;64;0.5;1;0.005;1751207849;0.9814814814814815;0.9801169590643276;"[[ 6  0  0  0  0  0]
 [ 0  9  1  0  0  0]
 [ 0  0  7  0  0  0]
 [ 0  0  0 14  0  0]
 [ 0  0  0  0  8  0]
 [ 0  0  0  0  0  9]]";0.48899647887323944;0.3943557918905319;"[[  7  40   0  39  90   3]
 [  0 216  16  75 142   7]
 [  0 295  19  68  25   5]
 [  1  60   1 363  40   4]
 [  0  14   0  34 378   3]
 [  0  31   0  37 131 128]]";0.4225774225774226;0.3225895087355083;"[[  0  13   1  23  42   1]
 [  2  48  16  34  74   3]
 [  0 153   2  23  18   5]
 [  4  23   4 163  16   1]
 [  1   1   0  13 163   1]
 [  0  13   0  16  77  47]]";54;[ 6 10  7 14  8  9]
1075;CiteSeer;own;1;0.2;64;0.5;1;0.005;1751207849;0.9666666666666667;0.9613719613719613;"[[ 6  0  0  0  0  0]
 [ 0 10  0  0  0  0]
 [ 0  1  6  0  0  0]
 [ 1  0  0 16  0  0]
 [ 0  0  0  0  8  0]
 [ 0  0  0  0  0 12]]";0.5;0.41112475972597;"[[  7  49   0  70  46   7]
 [  0 243  22  95  88   8]
 [  0 299  19  80   8   4]
 [  0  54   0 397  12   5]
 [  0  19   0  97 307   6]
 [  0  31   0  48  85 160]]";0.4305694305694306;0.34437878995986176;"[[  0  16   1  38  24   1]
 [  3  61  17  50  39   7]
 [  0 154   3  32   7   5]
 [  4  23   1 176   5   2]
 [  1   5   0  51 119   3]
 [  0  14   0  20  47  72]]";60;[ 6 10  7 17  8 12]
1076;CiteSeer;own;1;0.2;64;0.5;1;0.005;1751207849;0.9545454545454546;0.948608776844071;"[[ 6  0  0  0  0  0]
 [ 0 12  1  0  0  0]
 [ 0  0  7  0  0  0]
 [ 2  0  0 16  0  0]
 [ 0  0  0  0  9  0]
 [ 0  0  0  0  0 13]]";0.5075221238938054;0.40363296019011763;"[[  4  40   0  51  74   4]
 [  0 236  26  54 130   7]
 [  0 286  19  79  21   5]
 [  2  54   1 376  32   5]
 [  0  13   2  32 382   3]
 [  0  25   0  26 141 130]]";0.43656343656343655;0.3375225311798291;"[[  0  15   1  24  35   5]
 [  1  55  23  33  61   4]
 [  0 148   3  30  15   5]
 [  5  22   2 166  15   1]
 [  1   1   0  16 160   1]
 [  0  12   0  14  74  53]]";66;[ 6 13  7 18  9 13]
1077;CiteSeer;own;1;0.2;64;0.5;1;0.005;1751207849;0.9444444444444444;0.9349562962466189;"[[ 6  0  0  0  0  0]
 [ 0 15  0  0  0  0]
 [ 0  1  6  0  0  0]
 [ 3  0  0 17  0  0]
 [ 0  0  0  0  9  0]
 [ 0  0  0  0  0 15]]";0.5488021295474712;0.43688705173258996;"[[  3  68   1  43  48   8]
 [  0 310  16  40  84  10]
 [  0 283  18  71  11  13]
 [  2  55   0 394  15   6]
 [  0  21   0  53 352   5]
 [  0  38   0  32  94 160]]";0.4825174825174825;0.3862658956540172;"[[  0  22   1  26  26   5]
 [  1  95  19  22  36   4]
 [  0 155   3  24  10   9]
 [  4  26   1 170   6   4]
 [  1  10   0  25 141   2]
 [  0  16   0   9  54  74]]";72;[ 6 15  7 20  9 15]
1078;CiteSeer;own;1;0.2;64;0.5;1;0.005;1751207849;0.9358974358974359;0.92624758753791;"[[ 7  0  1  1  0  0]
 [ 0 15  1  0  0  0]
 [ 0  0  8  0  0  0]
 [ 2  0  0 18  0  0]
 [ 0  0  0  0  9  0]
 [ 0  0  0  0  0 16]]";0.5551601423487544;0.4992009895717171;"[[ 17  67  32  11  44   3]
 [ 11 304  60   7  69   3]
 [  1 236 128  26   5   8]
 [ 12  55  44 326  25   3]
 [  3  35  33  10 345   3]
 [  1  36  49  13  95 128]]";0.47952047952047955;0.43347046490545477;"[[  5  21  20   5  27   2]
 [  6  90  43   8  28   2]
 [  1 125  48  14   9   4]
 [ 12  22  19 148   9   1]
 [  2  13  19  12 132   1]
 [  0  16  26   3  51  57]]";78;[ 9 16  8 20  9 16]
1079;CiteSeer;own;1;0.2;64;0.5;1;0.005;1751207849;0.9761904761904762;0.9741760165380192;"[[10  0  0  0  0  0]
 [ 0 16  1  0  0  0]
 [ 0  0  9  0  0  0]
 [ 1  0  0 20  0  0]
 [ 0  0  0  0 10  0]
 [ 0  0  0  0  0 17]]";0.5847457627118644;0.5357670877551585;"[[ 34  62   9  26  51   7]
 [  2 290  49  16  92   6]
 [  1 206 108  46  25  12]
 [ 10  48  20 353  27   6]
 [  1  15   7  22 368   4]
 [  0  32   3  19 107 158]]";0.5194805194805194;0.4613711720948362;"[[  4  23   6  17  26   4]
 [  6  85  36   7  39   4]
 [  2 100  57  18  14  10]
 [ 13  23   7 158  10   0]
 [  9   8   5  11 143   3]
 [  0  12   4   4  60  73]]";84;[10 17  9 21 10 17]
1080;CiteSeer;own;1;0.2;64;0.5;1;0.005;1751207849;0.9777777777777777;0.9763515067862895;"[[11  0  0  0  0  0]
 [ 0 17  1  0  0  0]
 [ 0  0 10  0  0  0]
 [ 1  0  0 22  0  0]
 [ 0  0  0  0 10  0]
 [ 0  0  0  0  0 18]]";0.6171735241502684;0.5945470393220643;"[[ 77  40  21  41  23  13]
 [ 33 240  73  24  50  20]
 [  5  62 296  43  13  16]
 [ 19  16  46 343  14   7]
 [ 38  22  26  31 249  19]
 [  6  16  26  18  75 175]]";0.5044955044955045;0.4699601881403039;"[[ 13  13  13  20  17   4]
 [ 20  68  46  16  18   9]
 [  4  54 101  21  11  10]
 [ 15  11  24 151   6   4]
 [ 35   9  15  20  95   5]
 [  2   4  21   6  43  77]]";90;[11 18 10 23 10 18]
1081;CiteSeer;own;1;0.2;64;0.5;1;0.005;1751207849;0.96875;0.964914795349578;"[[ 9  0  0  2  0  0]
 [ 0 17  1  0  0  0]
 [ 0  0 11  0  0  0]
 [ 0  0  0 25  0  0]
 [ 0  0  0  0 11  0]
 [ 0  0  0  0  0 20]]";0.6300448430493274;0.6071117002742915;"[[ 77  30  21  44  18  22]
 [ 27 224  84  29  49  26]
 [  6  51 305  43   9  20]
 [ 12  13  49 346  13  10]
 [ 41  14  13  33 248  21]
 [  3  14  24  20  66 205]]";0.5354645354645354;0.49447942127942784;"[[ 12  13  12  23  15   5]
 [ 13  62  50  17  23  12]
 [  3  49 107  21   9  12]
 [ 11   9  24 158   6   3]
 [ 37   7   8  16 101  10]
 [  1   6  15   6  29  96]]";96;[11 18 11 25 11 20]
1082;CiteSeer;own;1;0.2;64;0.5;1;0.005;1751207849;0.9705882352941176;0.966929421341186;"[[10  0  0  1  0  0]
 [ 0 19  0  0  0  0]
 [ 0  1 11  0  0  1]
 [ 0  0  0 25  0  0]
 [ 0  0  0  0 12  0]
 [ 0  0  0  0  0 22]]";0.6326438848920863;0.6096073014202132;"[[ 74  52  13  25  11  35]
 [ 25 239  80  11  36  45]
 [  2  50 308  35   4  34]
 [ 14  24  52 321   5  28]
 [ 35  28   9  14 193  66]
 [  3  18  17  12  34 272]]";0.5194805194805194;0.47963223146999573;"[[ 12  18  12  17   8  13]
 [ 13  71  49   8  15  21]
 [  3  47 100  18   6  27]
 [ 11  16  25 146   2  11]
 [ 38   8   6  14  81  32]
 [  1   7   9   4  22 110]]";102;[11 19 13 25 12 22]
1083;CiteSeer;own;1;0.2;64;0.5;1;0.005;1751207849;0.9814814814814815;0.978301481716116;"[[10  0  0  1  0  0]
 [ 0 20  0  0  0  0]
 [ 0  1 12  0  0  0]
 [ 0  0  0 27  0  0]
 [ 0  0  0  0 14  0]
 [ 0  0  0  0  0 23]]";0.6654643823264202;0.6333699664028541;"[[ 59  45  16  27  28  22]
 [ 15 242  71  21  59  22]
 [  2  47 304  44   4  30]
 [ 13  14  39 348  10  18]
 [ 31  14   6  15 251  52]
 [  7  14  16  11  29 272]]";0.5504495504495505;0.5027504572248177;"[[  9  18  11  18  18   6]
 [ 16  66  49  12  23  11]
 [  3  43 103  25   5  22]
 [ 10  12  21 157   5   6]
 [ 29   6   5  14 106  19]
 [  2   5  10   5  21 110]]";108;[11 20 13 27 14 23]
1084;CiteSeer;own;1;0.2;64;0.5;1;0.005;1751207849;0.9736842105263158;0.9685257335257336;"[[10  0  0  2  0  0]
 [ 0 22  0  0  0  0]
 [ 0  1 12  0  0  0]
 [ 0  0  0 27  0  0]
 [ 0  0  0  0 15  0]
 [ 0  0  0  0  0 25]]";0.6749547920433996;0.6442028827342007;"[[ 61  47   7  29  25  27]
 [ 18 255  58  16  50  31]
 [  2  52 278  43   4  42]
 [ 14  21  24 342   9  27]
 [ 28  12   3  12 268  48]
 [  6  18   9  10  27 289]]";0.5514485514485514;0.5044030432054792;"[[ 10  16   9  17  17  11]
 [ 16  72  41   8  23  17]
 [  3  53  90  24   5  26]
 [ 10  12  16 158   6   9]
 [ 29   5   4  10 109  22]
 [  2   6   9   5  18 113]]";114;[12 22 13 27 15 25]
1085;CiteSeer;own;1;0.2;64;0.5;1;0.005;1751207849;0.9916666666666667;0.9897872340425531;"[[14  0  0  0  0  0]
 [ 0 23  0  0  0  0]
 [ 0  1 12  0  0  0]
 [ 0  0  0 28  0  0]
 [ 0  0  0  0 17  0]
 [ 0  0  0  0  0 25]]";0.6908431550317317;0.6701063033614413;"[[ 87  51   6  15  21  26]
 [ 26 270  40   8  41  40]
 [  8  51 278  35   4  35]
 [ 24  22  35 325  11  21]
 [ 34   9   4   7 275  40]
 [  7  13  14   7  27 289]]";0.5504495504495505;0.5177821515269243;"[[ 19  15   7  11  16  12]
 [ 23  75  31   9  18  21]
 [  6  52  89  21   6  27]
 [ 17  11  18 148   8   9]
 [ 31  10   3   7 111  17]
 [  3   6  10   3  22 109]]";120;[14 23 13 28 17 25]
1086;CiteSeer;own;1;0.2;64;0.5;1;0.005;1751207849;0.9682539682539683;0.9637394055497505;"[[16  0  0  0  0  0]
 [ 0 23  0  0  0  0]
 [ 0  2 12  0  0  0]
 [ 1  0  1 28  0  0]
 [ 0  0  0  0 18  0]
 [ 0  0  0  0  0 25]]";0.6895454545454546;0.6698869020665384;"[[ 88  50   5  26  21  16]
 [ 16 270  37  28  38  30]
 [  7  52 243  59   4  25]
 [ 19  13  50 357  10  12]
 [ 19  17   4  11 280  35]
 [  8  15  13   9  34 279]]";0.5534465534465535;0.5107717415927192;"[[ 13  15   6  20  15  11]
 [ 18  77  29  18  19  16]
 [  6  57  83  30   7  18]
 [ 14   9  14 162   5   7]
 [ 28  12   1   9 114  15]
 [  2   6   8   7  25 105]]";126;[16 23 14 30 18 25]
1087;CiteSeer;own;1;0.2;64;0.5;1;0.005;1751207849;0.9924242424242424;0.9912222953697608;"[[17  0  0  0  0  0]
 [ 0 24  0  0  0  0]
 [ 0  1 15  0  0  0]
 [ 0  0  0 31  0  0]
 [ 0  0  0  0 18  0]
 [ 0  0  0  0  0 26]]";0.6918869644484958;0.6705251862243585;"[[ 90  36   7  37  15  15]
 [ 26 246  36  38  36  35]
 [ 10  35 234  86   4  23]
 [ 19   7  23 395  12   9]
 [ 22  11   4  18 278  36]
 [  7   9  13  19  28 275]]";0.5544455544455544;0.5116020618978268;"[[ 16  10   7  23  15   9]
 [ 27  66  27  22  18  17]
 [ 10  46  75  44   7  19]
 [ 11   7  10 173   5   5]
 [ 29   5   2  16 116  11]
 [  2   4   8  11  19 109]]";132;[17 24 16 31 18 26]
1088;CiteSeer;own;1;0.2;64;0.5;1;0.005;1751207849;0.9855072463768116;0.984623388878708;"[[17  0  0  1  0  0]
 [ 0 23  1  0  0  0]
 [ 0  0 18  0  0  0]
 [ 0  0  0 32  0  0]
 [ 0  0  0  0 19  0]
 [ 0  0  0  0  0 27]]";0.6846435100548446;0.6706452691545941;"[[118  37   9  27  15   8]
 [ 83 238  36  19  24  13]
 [ 33  39 244  60   4   8]
 [ 34   6  27 376  11   4]
 [ 42   8   4  15 267  34]
 [ 29   6  12  13  30 255]]";0.5464535464535465;0.5242642166026329;"[[ 26  12   7  17  14   4]
 [ 46  64  29  13  15  10]
 [ 29  40  84  33   7   8]
 [ 20   9  10 164   4   4]
 [ 39   5   2  11 112  10]
 [ 21   4   6   6  19  97]]";138;[18 24 18 32 19 27]
1089;CiteSeer;own;1;0.2;64;0.5;1;0.005;1751207849;0.9861111111111112;0.9852354549457271;"[[18  0  0  1  0  0]
 [ 0 25  1  0  0  0]
 [ 0  0 18  0  0  0]
 [ 0  0  0 33  0  0]
 [ 0  0  0  0 21  0]
 [ 0  0  0  0  0 27]]";0.7016498625114573;0.6828388139936888;"[[105  39   8  29  21  10]
 [ 48 251  35  22  42  14]
 [ 21  43 245  60   7  12]
 [ 20   6  24 384  19   4]
 [ 19  11   4  14 288  32]
 [ 16   8  13  13  37 258]]";0.5594405594405595;0.5213892790224192;"[[ 15  15   7  21  18   4]
 [ 34  71  30  13  20   9]
 [ 19  45  86  31  10  10]
 [ 12   8   9 168  10   4]
 [ 27   6   1  12 123  10]
 [ 10   5   7   8  26  97]]";144;[19 26 18 33 21 27]
1090;CiteSeer;own;1;0.2;64;0.5;1;0.005;1751207849;0.98;0.9778978503234796;"[[18  0  0  1  0  0]
 [ 1 25  1  0  0  0]
 [ 0  0 18  0  0  0]
 [ 0  0  0 34  0  0]
 [ 0  0  0  0 23  0]
 [ 0  0  0  0  0 29]]";0.6994485294117647;0.681174251311285;"[[109  37   6  29  19  11]
 [ 65 226  33  22  41  13]
 [ 19  46 252  55   7  14]
 [ 22   6  27 377  20   4]
 [ 24   4   2  14 298  33]
 [ 15   6  11  14  35 260]]";0.5614385614385614;0.5276289901508152;"[[ 19  12   6  19  19   5]
 [ 42  67  30  13  16   9]
 [ 20  42  87  30  10  12]
 [ 16   8   9 165  10   3]
 [ 27   5   1  11 124  11]
 [  8   5   7   8  25 100]]";150;[19 27 18 34 23 29]
1091;CiteSeer;own;1;0.2;64;0.5;1;0.005;1751207849;0.9743589743589743;0.9715661051424926;"[[18  0  0  1  0  0]
 [ 1 28  1  0  0  0]
 [ 0  1 18  0  0  0]
 [ 0  0  0 34  0  0]
 [ 0  0  0  0 24  0]
 [ 0  0  0  0  0 30]]";0.7023041474654378;0.6838341456977979;"[[106  40   9  26  14  15]
 [ 53 230  40  20  27  18]
 [ 18  49 260  54   4  16]
 [ 29   6  30 370  15   5]
 [ 28  10   2  11 291  34]
 [ 13  11   9  13  27 267]]";0.5704295704295704;0.5358108751008401;"[[ 15  17   9  16  15   8]
 [ 36  79  27  12  12  11]
 [ 15  38  97  31   7  13]
 [ 18   9  11 161   9   3]
 [ 32   8   3  11 114  11]
 [  8   5   8   7  20 105]]";156;[19 30 19 34 24 30]
1092;CiteSeer;own;1;0.2;64;0.5;1;0.005;1751207849;0.9876543209876543;0.9867222193248305;"[[20  0  0  0  0  0]
 [ 0 30  1  0  0  0]
 [ 0  0 20  0  0  0]
 [ 1  0  0 34  0  0]
 [ 0  0  0  0 25  0]
 [ 0  0  0  0  0 31]]";0.6968576709796673;0.6780745015105318;"[[102  43  10  24  19  14]
 [ 35 220  56  18  37  19]
 [ 15  48 261  54   5  13]
 [ 21   9  27 365  24   9]
 [ 21  11   5   8 284  41]
 [ 10  10  13  13  24 276]]";0.5494505494505495;0.5092086156346484;"[[ 11  18   9  17  16   9]
 [ 33  66  31  12  23  12]
 [ 17  36  98  26   6  18]
 [ 16  10   9 157  14   5]
 [ 30   8   2  13 111  15]
 [  6   5   8   7  20 107]]";162;[20 31 20 35 25 31]
1093;CiteSeer;own;1;0.2;64;0.5;1;0.005;1751207849;0.9821428571428571;0.9814783437806502;"[[21  0  0  0  0  0]
 [ 0 31  1  0  0  0]
 [ 0  0 21  0  0  0]
 [ 1  0  0 34  0  0]
 [ 0  0  0  0 26  1]
 [ 0  0  0  0  0 32]]";0.6890639481000926;0.6715500922925849;"[[105  38   6  22  17  23]
 [ 31 219  38  20  42  35]
 [ 16  49 245  69   5  21]
 [ 17  10  20 360  21  16]
 [ 20   6   2   7 276  60]
 [  8  11   7  11  23 282]]";0.5414585414585414;0.5012409409841531;"[[ 15  17   5  15  15  13]
 [ 31  67  21  13  26  19]
 [ 22  38  82  29   4  26]
 [ 14  11   7 161  12   6]
 [ 25   7   1  10 110  26]
 [  2   5   7   7  25 107]]";168;[21 32 21 35 27 32]
1094;CiteSeer;own;1;0.2;64;0.5;1;0.005;1751207849;0.9827586206896551;0.9799624148461357;"[[21  0  1  0  0  0]
 [ 0 32  1  0  0  0]
 [ 0  1 21  0  0  0]
 [ 0  0  0 37  0  0]
 [ 0  0  0  0 28  0]
 [ 0  0  0  0  0 32]]";0.7016728624535316;0.685082685837319;"[[105  42   5  21  15  22]
 [ 25 232  35  17  40  31]
 [ 16  53 256  62   4  15]
 [ 16  13  25 353  21  15]
 [ 19   7   2   8 285  50]
 [  8  11  10  11  23 279]]";0.5474525474525475;0.50676518060968;"[[ 13  18   7  16  14  12]
 [ 26  74  23  13  23  18]
 [ 20  41  88  24   7  21]
 [ 13  12  11 157  12   6]
 [ 26   7   2  11 111  22]
 [  2   6   7   7  26 105]]";174;[22 33 22 37 28 32]
1095;CiteSeer;own;1;0.2;64;0.5;1;0.005;1751207849;0.9944444444444445;0.9938808373590983;"[[22  0  0  0  0  0]
 [ 0 34  0  0  0  0]
 [ 0  1 22  0  0  0]
 [ 0  0  0 39  0  0]
 [ 0  0  0  0 30  0]
 [ 0  0  0  0  0 32]]";0.7036346691519105;0.6840440697215425;"[[ 97  40   5  23  16  15]
 [ 30 226  34  21  38  25]
 [ 22  47 261  58   5  13]
 [ 21  12  30 346  23   7]
 [ 16   7   4   8 317  41]
 [  6  11  12  11  35 263]]";0.5544455544455544;0.5167000847624805;"[[ 16  15   8  13  18  10]
 [ 27  70  24  15  25  16]
 [ 22  35  94  25   7  18]
 [ 15  11  15 152  14   4]
 [ 21   7   2  10 123  16]
 [  4   4   9   7  29 100]]";180;[22 34 23 39 30 32]
1096;CiteSeer;own;1;0.2;64;0.5;1;0.005;1751207849;0.989247311827957;0.9884506789367139;"[[23  0  0  0  0  0]
 [ 0 35  1  0  0  0]
 [ 0  0 23  0  0  0]
 [ 1  0  0 39  0  0]
 [ 0  0  0  0 32  0]
 [ 0  0  0  0  0 32]]";0.7032710280373832;0.6832137523796873;"[[ 88  52   4  15  17  14]
 [ 22 261  38  13  36  22]
 [ 22  72 231  44   4  15]
 [ 20  25  27 341  24   5]
 [  9  13   3   8 324  35]
 [  4  17   7  11  37 260]]";0.5634365634365635;0.5225853709838982;"[[ 12  21   6  15  20   6]
 [ 22  89  22  11  22  11]
 [ 21  53  83  20   8  16]
 [ 14  15  11 155  12   4]
 [ 19  12   1   8 124  15]
 [  3   8   7   5  29 101]]";186;[23 36 23 40 32 32]
1097;CiteSeer;own;1;0.2;64;0.5;1;0.005;1751207849;0.9791666666666666;0.9781145724688804;"[[24  0  0  0  0  0]
 [ 0 35  1  0  0  0]
 [ 0  0 23  0  1  0]
 [ 1  0  0 41  0  0]
 [ 0  1  0  0 33  0]
 [ 0  0  0  0  0 32]]";0.6893158388003748;0.6700333324129387;"[[ 86  52   3  13  21  13]
 [ 19 251  32  17  40  19]
 [ 19  98 212  41  10  11]
 [ 19  28  21 340  28   4]
 [  8  16   6   6 332  33]
 [  3  18   9  11  45 250]]";0.5644355644355644;0.5220454278705263;"[[ 12  22   4  16  20   6]
 [ 19  89  23  11  23  12]
 [ 18  61  80  22  11   9]
 [ 12  15   9 157  14   4]
 [ 17  10   1   8 129  14]
 [  2  10   6   4  33  98]]";192;[24 36 24 42 34 32]
1098;CiteSeer;own;1;0.2;64;0.5;1;0.005;1751207849;0.9848484848484849;0.9846748308925868;"[[25  0  0  0  0  0]
 [ 0 34  2  1  0  0]
 [ 0  0 25  0  0  0]
 [ 0  0  0 44  0  0]
 [ 0  0  0  0 35  0]
 [ 0  0  0  0  0 32]]";0.6926691729323309;0.67163993762896;"[[ 86  46   1  14  24  13]
 [ 20 248  31  18  43  18]
 [ 21  96 205  40  16  11]
 [ 20  24  16 341  36   3]
 [ 10   6   5   6 345  29]
 [  3  18   8  13  45 249]]";0.5564435564435565;0.5164567457083405;"[[ 13  17   3  17  23   7]
 [ 20  90  23  10  23  11]
 [ 21  60  77  19  16   8]
 [ 14  10  10 154  21   2]
 [ 17  10   1   8 127  16]
 [  3   7   6   6  35  96]]";198;[25 37 25 44 35 32]
1099;CiteSeer;own;1;0.2;64;0.5;1;0.005;1751207849;0.9901960784313726;0.9905145594000083;"[[26  0  0  0  0  0]
 [ 0 37  0  1  0  0]
 [ 0  1 25  0  0  0]
 [ 0  0  0 45  0  0]
 [ 0  0  0  0 36  0]
 [ 0  0  0  0  0 33]]";0.7130065975494816;0.6907897862321409;"[[ 87  41   1  20  21  14]
 [ 18 248  30  20  35  25]
 [ 20  72 231  44  13  10]
 [ 22  17  18 351  27   5]
 [ 10   3   6   8 341  32]
 [  3  18   7  13  36 255]]";0.5714285714285714;0.5297831312733354;"[[ 13  16   3  18  21   9]
 [ 20  84  25  13  24  11]
 [ 19  42  91  21  18  10]
 [ 15   8  12 156  17   3]
 [ 17   8   2  10 127  15]
 [  3   6   6   7  30 101]]";204;[26 38 26 45 36 33]
1100;CiteSeer;own;1;0.2;64;0.5;1;0.005;1751207849;0.9904761904761905;0.9911287838254131;"[[26  0  0  0  0  0]
 [ 0 41  0  0  0  0]
 [ 0  1 27  0  0  0]
 [ 0  1  0 44  0  0]
 [ 0  0  0  0 36  0]
 [ 0  0  0  0  0 34]]";0.7159735349716446;0.6934324045499686;"[[ 91  42   1  18  17  15]
 [ 31 253  32  13  21  25]
 [ 23  82 227  37   6  12]
 [ 29  17  17 349  20   7]
 [ 14   5   6   6 334  35]
 [  5  19   6  10  30 261]]";0.5824175824175825;0.544031687476443;"[[ 16  17   2  17  19   9]
 [ 23  92  24   9  17  12]
 [ 18  43  93  22  10  15]
 [ 16  11  12 154  13   5]
 [ 17   9   2   9 126  16]
 [  4   7   7   6  27 102]]";210;[26 41 28 45 36 34]
1101;CiteSeer;own;1;0.2;64;0.5;1;0.005;1751207849;0.9907407407407407;0.9912163598809306;"[[28  0  0  0  0  0]
 [ 0 39  1  1  0  0]
 [ 0  0 29  0  0  0]
 [ 0  0  0 46  0  0]
 [ 0  0  0  0 37  0]
 [ 0  0  0  0  0 35]]";0.7241706161137441;0.7027091956076239;"[[ 94  38   2  18  16  16]
 [ 26 245  33  19  29  23]
 [ 22  77 225  42   5  14]
 [ 18  16  17 359  21   7]
 [ 10   3   4   6 336  36]
 [  5  17   5  11  26 269]]";0.5874125874125874;0.5441457937952339;"[[ 13  18   2  19  18  10]
 [ 19  90  25  11  20  12]
 [ 21  41  93  21  10  15]
 [ 15  10  11 157  13   5]
 [ 16   7   2   9 128  17]
 [  4   5   7   7  23 107]]";216;[28 41 29 46 37 35]
1102;CiteSeer;own;1;0.2;64;0.5;1;0.005;1751207849;0.9864864864864865;0.9857078728791177;"[[29  0  0  0  1  0]
 [ 0 43  1  0  0  0]
 [ 0  0 29  0  0  0]
 [ 1  0  0 45  0  0]
 [ 0  0  0  0 38  0]
 [ 0  0  0  0  0 35]]";0.7290874524714829;0.7074022069116862;"[[ 97  38   2  15  15  16]
 [ 28 271  18  15  28  23]
 [ 21  85 208  41   5  14]
 [ 20  19  15 355  22   6]
 [ 12   3   3   5 354  29]
 [  4  16   4  12  36 249]]";0.6013986013986014;0.5625115232856484;"[[ 16  15   2  18  18  11]
 [ 21 105  11   8  20  12]
 [ 21  40  94  21  13  12]
 [ 18  10  10 151  16   6]
 [ 16   5   2  10 131  15]
 [  5   5   7   6  25 105]]";222;[30 44 29 46 38 35]
1103;CiteSeer;own;1;0.2;64;0.5;1;0.005;1751207849;0.9868421052631579;0.9868595359758255;"[[31  0  0  0  0  0]
 [ 0 45  1  0  0  1]
 [ 0  0 30  0  0  0]
 [ 1  0  0 46  0  0]
 [ 0  0  0  0 38  0]
 [ 0  0  0  0  0 35]]";0.7316491897044805;0.7107607808873988;"[[ 95  40   2  14  15  16]
 [ 26 276  16  15  26  20]
 [ 17  89 219  37   4  11]
 [ 19  20  14 348  27   5]
 [ 12   3   3   5 353  30]
 [  4  15   7  12  39 244]]";0.5994005994005994;0.5606140572944619;"[[ 16  16   2  18  18  10]
 [ 19 104  14   8  20  12]
 [ 18  45  96  19  13  10]
 [ 19  11  10 151  15   5]
 [ 16   8   2   9 131  13]
 [  4   4   9   7  27 102]]";228;[31 47 30 47 38 35]
1104;CiteSeer;own;1;0.2;64;0.5;1;0.005;1751207849;0.9957264957264957;0.9956709956709956;"[[31  0  0  0  0  0]
 [ 0 49  0  0  0  0]
 [ 0  1 31  0  0  0]
 [ 0  0  0 48  0  0]
 [ 0  0  0  0 38  0]
 [ 0  0  0  0  0 36]]";0.7476099426386233;0.7248777559596332;"[[ 90  39   2  14  14  18]
 [ 18 282  16  13  23  22]
 [ 12  75 239  39   6  11]
 [ 18  14  24 355  20   5]
 [ 13   2   4   4 353  28]
 [  4  13  10  11  36 245]]";0.6083916083916084;0.5663275577673109;"[[ 14  20   2  16  18  10]
 [ 20 106  13   9  18  11]
 [ 15  35 103  26  11  11]
 [ 20   8  11 155  12   5]
 [ 16   7   3  11 129  13]
 [  4   4  11   5  27 102]]";234;[31 49 32 48 38 36]
1105;CiteSeer;own;1;0.2;64;0.5;1;0.005;1751207849;0.9916666666666667;0.9914086646759914;"[[31  0  0  1  0  0]
 [ 0 50  0  0  0  0]
 [ 0  1 31  0  0  0]
 [ 0  0  0 50  0  0]
 [ 0  0  0  0 39  0]
 [ 0  0  0  0  0 37]]";0.74928092042186;0.7250300539386627;"[[ 86  46   3  13  15  12]
 [ 13 302  16   9  20  19]
 [ 10  89 231  38   4   8]
 [ 21  20  15 358  18   3]
 [ 13   3   4   5 358  20]
 [  5  19   8  12  42 228]]";0.6023976023976024;0.5603348783281854;"[[ 14  23   2  16  18   7]
 [ 17 115   9   7  20   9]
 [ 14  50  93  23  13   8]
 [ 17  14  10 157  12   1]
 [ 17  10   2  10 132   8]
 [  6  10  12   5  28  92]]";240;[32 50 32 50 39 37]
1106;CiteSeer;own;1;0.2;64;0.5;1;0.005;1751207849;0.991869918699187;0.991638708384296;"[[31  0  0  1  0  0]
 [ 0 50  1  0  0  0]
 [ 0  0 34  0  0  0]
 [ 0  0  0 50  0  0]
 [ 0  0  0  0 40  0]
 [ 0  0  0  0  0 39]]";0.7403846153846154;0.7209456446991452;"[[ 86  48   2  12  16  11]
 [ 13 322  15   8  22  14]
 [  8 102 229  28   3   7]
 [ 18  34  27 320  19   5]
 [ 11   5   4   4 351  20]
 [  4  27   6   9  38 232]]";0.6043956043956044;0.560999612849236;"[[ 12  27   2  14  18   7]
 [ 16 122   7   7  18   7]
 [ 13  65  90  16   9   8]
 [ 14  17  17 152  10   1]
 [ 17  10   2   8 130  12]
 [  2  15   9   4  24  99]]";246;[32 51 34 50 40 39]
1107;CiteSeer;own;1;0.2;64;0.5;1;0.005;1751207849;0.9880952380952381;0.9873470938602752;"[[31  0  0  1  0  0]
 [ 0 50  1  0  0  0]
 [ 0  0 34  0  0  0]
 [ 0  0  0 52  0  0]
 [ 0  0  0  0 41  0]
 [ 0  0  1  0  0 41]]";0.7502410800385728;0.7291972956453837;"[[ 83  47   3  12  14  15]
 [ 11 321  15   7  23  16]
 [  8  94 235  31   3   8]
 [ 17  29  23 330  18   4]
 [ 11   6   4   5 341  26]
 [  3  22   5   8  30 246]]";0.6113886113886113;0.5668593698327727;"[[ 13  23   2  14  18  10]
 [ 17 115   8   7  21   9]
 [ 12  53  95  20   9  12]
 [ 12  16  15 155  11   2]
 [ 16   9   2   7 131  14]
 [  1  14  10   4  21 103]]";252;[32 51 34 52 41 42]
1108;CiteSeer;own;1;0.2;64;0.5;1;0.005;1751207849;0.9961240310077519;0.9960652805723228;"[[32  0  0  0  0  0]
 [ 0 52  1  0  0  0]
 [ 0  0 35  0  0  0]
 [ 0  0  0 53  0  0]
 [ 0  0  0  0 42  0]
 [ 0  0  0  0  0 43]]";0.7514506769825918;0.7257457288623699;"[[ 74  46   4  12  14  15]
 [ 10 322  16   7  21  17]
 [  8  93 235  28   4   9]
 [ 16  29  24 332  14   5]
 [ 19   3   5   5 337  31]
 [  3  23   6   7  20 254]]";0.6133866133866134;0.5677853259127494;"[[ 12  24   2  14  18  10]
 [ 15 118  11   6  18   9]
 [ 13  53  95  19   8  13]
 [ 14  16  17 150  11   3]
 [ 14   9   2   7 130  17]
 [  1  12   9   4  18 109]]";258;[32 53 35 53 42 43]
1109;CiteSeer;own;1;0.2;64;0.5;1;0.005;1751207849;0.9924242424242424;0.9921738620136539;"[[33  0  0  0  0  0]
 [ 0 54  1  0  0  0]
 [ 0  0 37  0  0  0]
 [ 1  0  0 52  0  0]
 [ 0  0  0  0 42  0]
 [ 0  0  0  0  0 44]]";0.7570320077594569;0.7317253547132165;"[[ 78  41   2  11  17  15]
 [ 13 323  14   6  23  14]
 [ 11  89 232  30   4   9]
 [ 14  26  22 338  12   5]
 [ 19   2   4   5 341  29]
 [  4  24   5   8  23 249]]";0.6143856143856143;0.569155439973518;"[[ 13  23   2  14  18  10]
 [ 16 116   9   7  21   8]
 [ 15  52  94  19   8  13]
 [ 13  14  13 156  11   4]
 [ 14   9   2   7 130  17]
 [  2  11   9   4  21 106]]";264;[33 55 37 53 42 44]
1110;CiteSeer;own;1;0.2;64;0.5;1;0.005;1751207849;0.9925925925925926;0.9915484310221152;"[[32  0  1  0  0  0]
 [ 0 55  0  0  0  0]
 [ 0  1 37  0  0  0]
 [ 0  0  0 54  0  0]
 [ 0  0  0  0 44  0]
 [ 0  0  0  0  0 46]]";0.7577821011673151;0.7294213215604185;"[[ 70  37  10  11  17  14]
 [ 11 302  30   8  24  18]
 [ 11  73 255  26   3   9]
 [ 12  22  30 333  12   4]
 [ 20   2   5   5 347  25]
 [  3  15   6   7  28 251]]";0.6223776223776224;0.5755880740891349;"[[ 12  21   3  15  18  11]
 [ 15 107  18   7  20  10]
 [ 12  44 108  18   9  10]
 [ 11  13  21 151  10   5]
 [ 13   7   3   7 134  15]
 [  1  11  10   4  16 111]]";270;[33 55 38 54 44 46]
1111;CiteSeer;own;1;0.2;64;0.5;1;0.005;1751207849;0.9891304347826086;0.9876995629208017;"[[32  0  1  0  0  0]
 [ 0 56  0  0  0  0]
 [ 0  1 38  0  0  0]
 [ 1  0  0 55  0  0]
 [ 0  0  0  0 45  0]
 [ 0  0  0  0  0 47]]";0.7648780487804878;0.7367196914554727;"[[ 71  38  10  10  16  15]
 [ 10 294  29   9  24  22]
 [ 11  69 264  26   3   9]
 [ 10  19  28 334  14   6]
 [ 19   2   5   3 348  24]
 [  4  12   7   7  21 257]]";0.6303696303696303;0.5808243736737649;"[[ 11  21   4  15  18  11]
 [ 16 108  17   6  18  12]
 [ 14  39 111  18   9  10]
 [  9  13  21 150  13   5]
 [ 10   8   3   6 139  13]
 [  1   8  12   4  16 112]]";276;[33 56 39 56 45 47]
1112;CiteSeer;own;1;0.2;64;0.5;1;0.005;1751207849;0.9858156028368794;0.9844640667436341;"[[33  0  0  0  1  0]
 [ 0 57  0  0  0  0]
 [ 0  1 39  0  0  0]
 [ 2  0  0 55  0  0]
 [ 0  0  0  0 47  0]
 [ 0  0  0  0  0 47]]";0.7597847358121331;0.7334090561941187;"[[ 74  36   9  15  13  15]
 [ 12 287  30   8  24  22]
 [ 11  69 263  28   4   9]
 [ 11  20  27 331  17   6]
 [ 20   2   4   3 340  23]
 [  4  12   6   8  23 258]]";0.6303696303696303;0.5864053154689002;"[[ 14  21   2  14  19  10]
 [ 15 109  17   6  19  11]
 [ 16  39 111  16   9  10]
 [ 13  14  20 147  12   5]
 [ 11   7   3   8 138  12]
 [  1   8  12   4  16 112]]";282;[34 57 40 57 47 47]
1113;CiteSeer;own;1;0.2;64;0.5;1;0.005;1751207849;0.9965277777777778;0.9964931114689568;"[[35  0  0  0  0  0]
 [ 0 57  0  0  0  0]
 [ 0  1 40  0  0  0]
 [ 0  0  0 58  0  0]
 [ 0  0  0  0 48  0]
 [ 0  0  0  0  0 49]]";0.7659470068694799;0.7404611210049574;"[[ 77  40   4  11  12  18]
 [ 10 290  21   8  23  19]
 [ 10  71 268  31   4   9]
 [ 20  23  27 323  12   6]
 [ 20   2   4   3 344  21]
 [  4  15   4   8  17 259]]";0.6333666333666333;0.5906547733944688;"[[ 14  19   3  15  19  10]
 [ 17 115  12   6  18   9]
 [ 16  39 111  16   9  10]
 [ 18  15  21 142  10   5]
 [ 11   7   3   8 138  12]
 [  2   9  10   4  14 114]]";288;[35 57 41 58 48 49]
1114;CiteSeer;own;1;0.2;64;0.5;1;0.005;1751207849;0.9931972789115646;0.9932539682539683;"[[35  0  0  0  0  0]
 [ 0 59  0  0  0  0]
 [ 0  2 41  0  0  0]
 [ 0  0  0 59  0  0]
 [ 0  0  0  0 49  0]
 [ 0  0  0  0  0 49]]";0.7726377952755905;0.7462450542557022;"[[ 76  40   6  14  10  16]
 [  7 294  19   8  20  19]
 [ 11  69 272  26   4   9]
 [ 21  21  28 328  11   4]
 [ 19   7   3   3 343  20]
 [  5  15   4   8  15 257]]";0.6363636363636364;0.5937997772714598;"[[ 15  18   3  16  18  10]
 [ 14 115  14   7  17  10]
 [ 15  36 114  17   9  10]
 [ 14  14  23 145  10   5]
 [ 11   9   3   8 136  12]
 [  2  11  12   4  12 112]]";294;[35 59 43 59 49 49]
1115;CiteSeer;own;1;0.2;64;0.5;1;0.005;1751207849;0.9866666666666667;0.985470853747688;"[[35  0  0  1  0  0]
 [ 0 59  0  0  0  0]
 [ 0  1 42  0  1  0]
 [ 0  0  0 61  0  0]
 [ 1  0  0  0 50  0]
 [ 0  0  0  0  0 49]]";0.7744323790720632;0.7446144932968976;"[[ 70  37   5  14  15  14]
 [  6 291  17   8  23  19]
 [ 13  69 271  26   6   8]
 [ 21  19  22 335  13   4]
 [ 19   6   3   4 347  19]
 [  5  13   4   7  18 255]]";0.6413586413586414;0.5976384678118157;"[[ 15  18   3  16  18  10]
 [ 12 115  15   6  20   9]
 [ 12  33 117  19  10  10]
 [ 14  12  22 148  11   4]
 [ 11  10   3   7 136  12]
 [  2  10  12   4  14 111]]";300;[36 59 44 61 51 49]
1116;CiteSeer;own;1;0.2;64;0.5;1;0.005;1751207849;0.9901960784313726;0.9896610322108997;"[[37  0  0  0  0  0]
 [ 0 60  0  0  0  0]
 [ 0  1 43  0  1  0]
 [ 1  0  0 62  0  0]
 [ 0  0  0  0 51  0]
 [ 0  0  0  0  0 50]]";0.7643564356435644;0.7340303529339519;"[[ 66  39   5  10  15  13]
 [  6 285  22   7  24  17]
 [ 12  66 266  40   5   7]
 [ 20  21  19 333  17   3]
 [ 23  10   3   2 339  19]
 [  5  14   6   8  18 255]]";0.6383616383616384;0.5879596029670124;"[[ 11  21   3  13  22  10]
 [ 11 115  17   4  21   9]
 [ 10  38 110  25  10   8]
 [ 14  15  16 153  10   3]
 [  9  10   3   5 141  11]
 [  1  12  13   4  14 109]]";306;[37 60 45 63 51 50]
1117;CiteSeer;own;1;0.2;64;0.5;1;0.005;1751207849;0.9935897435897436;0.9938808298183298;"[[37  0  0  0  0  0]
 [ 0 63  0  0  0  0]
 [ 0  1 45  0  0  0]
 [ 0  0  0 64  0  0]
 [ 0  0  0  0 52  0]
 [ 0  1  0  0  0 49]]";0.7646474677259185;0.7295850323254888;"[[ 56  41   7  10  14   7]
 [  6 307  21   7  18  15]
 [ 14  83 261  31   4   9]
 [ 20  22  21 335   8   5]
 [ 20  11   3   2 341  18]
 [  6  24   6   5  16 240]]";0.6443556443556444;0.5990323108397991;"[[ 14  23   3  13  19   8]
 [ 11 122  15   5  17   7]
 [  5  39 113  24   9  11]
 [ 15  18  18 150   7   3]
 [ 11   8   3   9 137  11]
 [  0  15  12   4  13 109]]";312;[37 63 46 64 52 50]
1118;CiteSeer;own;1;0.2;64;0.5;1;0.005;1751207849;0.9874213836477987;0.9875401171547503;"[[36  0  0  1  0  0]
 [ 0 64  0  0  0  1]
 [ 0  1 47  0  0  0]
 [ 0  0  0 65  0  0]
 [ 0  0  0  0 53  0]
 [ 0  1  0  0  0 49]]";0.7699203187250996;0.73232991805886;"[[ 52  38   6  10  14  12]
 [  6 293  25   7  20  13]
 [  9  69 287  34   7  11]
 [ 17  18  22 334   8   6]
 [ 19  10   5   2 346  16]
 [  2  22  10   7  17 234]]";0.6533466533466533;0.6041416333580938;"[[ 13  24   3  13  19   8]
 [  9 119  22   5  16   6]
 [  5  35 119  21   9  12]
 [ 11  12  21 155   7   5]
 [  8   8   3   8 139  13]
 [  0  15  12   4  13 109]]";318;[37 65 48 65 53 50]
1119;CiteSeer;own;1;0.2;64;0.5;1;0.005;1751207849;0.9969135802469136;0.9970286541095006;"[[39  0  0  0  0  0]
 [ 0 66  0  0  0  0]
 [ 0  1 48  0  0  0]
 [ 0  0  0 66  0  0]
 [ 0  0  0  0 53  0]
 [ 0  0  0  0  0 51]]";0.7762237762237763;0.7389552599905281;"[[ 53  36   5   7  15  14]
 [  5 286  26   8  20  16]
 [ 10  64 305  27   6   9]
 [ 18  14  27 330   8   5]
 [ 18   9   6   2 348  15]
 [  1  22  13   7  15 232]]";0.6673326673326674;0.6193884487408493;"[[ 15  18   3  14  21   9]
 [ 14 117  19   4  15   8]
 [  6  26 135  17   9   8]
 [ 12  11  23 154   6   5]
 [  9   7   2   8 140  13]
 [  0  15  14   4  13 107]]";324;[39 66 49 66 53 51]
1120;CiteSeer;own;1;0.2;64;0.5;1;0.005;1751207849;0.9939393939393939;0.9941414141414141;"[[39  0  0  0  0  0]
 [ 0 65  2  0  0  0]
 [ 0  0 49  0  0  0]
 [ 0  0  0 68  0  0]
 [ 0  0  0  0 55  0]
 [ 0  0  0  0  0 52]]";0.7845691382765531;0.7448584802620294;"[[ 51  38   3   7  16  15]
 [  3 282  29   9  18  18]
 [  8  56 315  25   6  10]
 [ 15  13  26 335  11   3]
 [ 17   7   5   2 357  10]
 [  1  19  12   8  20 226]]";0.6593406593406593;0.6046857342175832;"[[ 11  19   3  15  23   9]
 [  8 117  20   4  19   9]
 [  5  26 134  16  10  10]
 [ 14  14  17 154   8   4]
 [  7   7   3  12 141   9]
 [  0  15  16   4  15 103]]";330;[39 67 49 68 55 52]
1121;CiteSeer;own;1;0.2;64;0.5;1;0.005;1751207849;0.9970238095238095;0.997133289971333;"[[39  0  0  0  0  0]
 [ 0 68  1  0  0  0]
 [ 0  0 50  0  0  0]
 [ 0  0  0 69  0  0]
 [ 0  0  0  0 56  0]
 [ 0  0  0  0  0 53]]";0.7829145728643216;0.743241265713935;"[[ 51  41   3   8  15  13]
 [  3 281  27   7  18  18]
 [  8  61 313  25   5   8]
 [ 15  16  22 336  11   3]
 [ 17   7   5   2 356  10]
 [  1  21  13   8  21 221]]";0.6633366633366633;0.6099304623687475;"[[ 12  20   3  14  22   9]
 [  7 122  18   4  17   9]
 [  4  28 131  18  10  10]
 [ 12  15  17 156   8   3]
 [  5   7   3  14 140  10]
 [  0  15  14   4  17 103]]";336;[39 69 50 69 56 53]
1122;CiteSeer;own;1;0.2;64;0.5;1;0.005;1751207849;0.9970760233918129;0.9971828362552676;"[[40  0  0  0  0  0]
 [ 0 69  1  0  0  0]
 [ 0  0 51  0  0  0]
 [ 0  0  0 71  0  0]
 [ 0  0  0  0 56  0]
 [ 0  0  0  0  0 54]]";0.7898185483870968;0.7473581833733155;"[[ 48  38   3   9  16  13]
 [  3 289  23   8  13  17]
 [  9  60 313  26   5   7]
 [ 14  16  20 339  11   3]
 [ 17   7   5   2 358   8]
 [  0  22  13   9  20 220]]";0.6693306693306693;0.6172803343845935;"[[ 13  19   3  15  21   9]
 [  6 121  19   8  15   8]
 [  4  30 130  18   9  10]
 [  9  15  17 160   7   3]
 [  5   7   3  14 142   8]
 [  0  14  15   5  15 104]]";342;[40 70 51 71 56 54]
1123;CiteSeer;own;1;0.2;64;0.5;1;0.005;1751207849;0.9971264367816092;0.9971998439257271;"[[40  0  0  0  0  0]
 [ 0 70  1  0  0  0]
 [ 0  0 51  0  0  0]
 [ 0  0  0 73  0  0]
 [ 0  0  0  0 58  0]
 [ 0  0  0  0  0 55]]";0.7896865520728008;0.7496768918399542;"[[ 51  37   3   8  15  12]
 [  6 284  25   7  13  17]
 [  9  56 315  28   5   7]
 [ 13  16  22 335  12   2]
 [ 17   7   5   2 359   8]
 [  1  22  13   9  19 218]]";0.6713286713286714;0.6189337348195426;"[[ 13  19   3  14  22   9]
 [  7 120  20   7  15   8]
 [  5  26 134  17   9  10]
 [  9  15  19 158   7   3]
 [  6   6   3  13 143   8]
 [  1  13  15   5  15 104]]";348;[40 71 51 73 58 55]
1124;CiteSeer;own;1;0.2;64;0.5;1;0.005;1751207849;0.9887005649717514;0.9877907135700444;"[[40  0  0  1  0  0]
 [ 1 71  0  0  0  0]
 [ 0  1 51  0  0  0]
 [ 1  0  0 73  0  0]
 [ 0  0  0  0 58  0]
 [ 0  0  0  0  0 57]]";0.7890466531440162;0.7501350072916563;"[[ 52  36   4   8  16   9]
 [  7 274  24   7  13  18]
 [ 10  57 315  25   5   7]
 [ 12  17  22 332  11   5]
 [ 17   7   5   2 359   8]
 [  0  23  12   9  20 224]]";0.6653346653346653;0.6159728188877908;"[[ 14  18   3  14  22   9]
 [  8 119  20   7  15   8]
 [  5  28 132  17   9  10]
 [ 10  14  21 154   8   4]
 [  8   6   3  12 141   9]
 [  1  11  15   4  16 106]]";354;[41 72 52 74 58 57]
1125;CiteSeer;own;1;0.2;64;0.5;1;0.005;1751207849;0.9888888888888889;0.9879723771522158;"[[40  1  0  0  0  0]
 [ 0 74  1  0  0  0]
 [ 0  0 54  0  0  0]
 [ 2  0  0 73  0  0]
 [ 0  0  0  0 58  0]
 [ 0  0  0  0  0 57]]";0.8006103763987793;0.7602945525276409;"[[ 51  35   4   9  17   8]
 [  4 273  26   8  11  20]
 [ 10  46 326  25   4   7]
 [ 12  13  23 334  10   5]
 [ 16   7   5   2 359   9]
 [  0  15  15   9  17 231]]";0.6723276723276723;0.620006105420632;"[[ 13  17   4  14  23   9]
 [  8 120  21   5  15   8]
 [  5  25 135  17   9  10]
 [ 12  12  20 157   6   4]
 [  8   6   3  10 142  10]
 [  1  11  17   4  14 106]]";360;[41 75 54 75 58 57]
1126;CiteSeer;own;1;0.2;64;0.5;1;0.005;1751207849;0.9863387978142076;0.9855037298024443;"[[40  1  0  0  0  0]
 [ 1 73  2  0  0  0]
 [ 0  0 56  0  0  0]
 [ 1  0  0 75  0  0]
 [ 0  0  0  0 59  0]
 [ 0  0  0  0  0 58]]";0.7954081632653062;0.754313775681124;"[[ 50  36   5   8  15   8]
 [  7 273  26   8  10  18]
 [ 10  49 319  26   4   7]
 [ 11  14  23 338   8   5]
 [ 17   8   5   2 356   7]
 [  1  20  16  10  17 223]]";0.6753246753246753;0.6261876341273721;"[[ 15  18   3  14  21   9]
 [  7 122  20   6  15   7]
 [  7  26 133  18   9   8]
 [ 10  14  17 160   6   4]
 [  7   8   3  10 141  10]
 [  1  11  18   5  13 105]]";366;[41 76 56 76 59 58]
1127;CiteSeer;own;1;0.2;64;0.5;1;0.005;1751207849;0.9811827956989247;0.9801105868644598;"[[37  3  0  1  0  0]
 [ 0 76  1  0  0  0]
 [ 0  0 57  0  0  0]
 [ 0  1  0 77  1  0]
 [ 0  0  0  0 59  0]
 [ 0  0  0  0  0 59]]";0.8024564994882293;0.7652261285770385;"[[ 50  36   5   9  13   9]
 [  0 278  24   7  10  22]
 [  8  53 319  25   4   6]
 [ 10  11  26 336   7   5]
 [  5  16   5   2 360   7]
 [  1  19  15  10  16 225]]";0.6713286713286714;0.6187631004208178;"[[ 13  18   3  15  21  10]
 [  5 122  19   6  15  10]
 [  5  27 132  18   9  10]
 [  9  13  20 159   6   4]
 [  3  11   3  11 141  10]
 [  1  11  18   5  13 105]]";372;[41 77 57 79 59 59]
1128;CiteSeer;own;1;0.2;64;0.5;1;0.005;1751207849;0.9920634920634921;0.9913728355054778;"[[40  2  0  0  0  0]
 [ 0 77  1  0  0  0]
 [ 0  0 60  0  0  0]
 [ 0  0  0 80  0  0]
 [ 0  0  0  0 59  0]
 [ 0  0  0  0  0 59]]";0.8008213552361396;0.7632296130107448;"[[ 48  35   4  10  16   8]
 [  1 276  25   7  10  20]
 [  5  60 317  23   3   6]
 [ 10  15  25 334   6   3]
 [  5  16   5   2 361   6]
 [  0  19  16   9  18 224]]";0.6703296703296703;0.6146438512691973;"[[ 11  18   3  15  23  10]
 [  5 123  19   7  16   7]
 [  7  28 132  17   9   8]
 [  9  13  22 156   7   4]
 [  2  11   3  11 144   8]
 [  0  11  18   5  14 105]]";378;[42 78 60 80 59 59]
1129;CiteSeer;own;1;0.2;64;0.5;1;0.005;1751207849;0.9921875;0.9915709042607516;"[[41  1  0  0  0  0]
 [ 0 79  1  0  0  0]
 [ 0  0 61  0  0  0]
 [ 1  0  0 81  0  0]
 [ 0  0  0  0 60  0]
 [ 0  0  0  0  0 59]]";0.8007209062821833;0.7606878330070309;"[[ 47  35   4  10  16   9]
 [  2 281  26   7  10  12]
 [  6  57 315  26   3   6]
 [ 11  14  24 333   6   3]
 [  8  13   5   2 360   6]
 [  0  24  12  12  18 219]]";0.6773226773226774;0.625253475877644;"[[ 13  19   3  14  22   9]
 [  5 128  18   7  15   4]
 [  4  28 130  22   9   8]
 [  9  13  21 161   4   3]
 [  3  11   3  13 142   7]
 [  0  13  18   5  13 104]]";384;[42 80 61 82 60 59]
1130;CiteSeer;own;1;0.2;64;0.5;1;0.005;1751207849;0.9871794871794872;0.9855960224109276;"[[42  0  0  1  0  0]
 [ 2 77  1  0  0  0]
 [ 1  0 62  0  0  0]
 [ 0  0  0 83  0  0]
 [ 0  0  0  0 61  0]
 [ 0  0  0  0  0 60]]";0.8011363636363636;0.7587218590530794;"[[ 45  35   5  10  14  10]
 [  0 276  28   7  11  15]
 [  7  56 314  24   3   6]
 [ 11  15  22 334   6   3]
 [ 12  10   5   2 358   7]
 [  0  18  13  12  18 224]]";0.6763236763236763;0.6244167934379369;"[[ 13  18   4  14  22   9]
 [  5 127  19   7  15   4]
 [  4  27 131  22   9   8]
 [  8  13  21 159   6   4]
 [  3  10   3  13 142   8]
 [  0  11  17   6  14 105]]";390;[43 80 63 83 61 60]
1131;CiteSeer;own;1;0.2;64;0.5;1;0.005;1751207849;0.9949494949494949;0.9947143420610098;"[[43  0  0  0  0  0]
 [ 1 80  0  0  0  0]
 [ 0  1 63  0  0  0]
 [ 0  0  0 84  0  0]
 [ 0  0  0  0 64  0]
 [ 0  0  0  0  0 60]]";0.8082901554404145;0.7669506319255864;"[[ 46  34   5  10  14  10]
 [  0 274  27   7  12  15]
 [  5  49 321  25   3   6]
 [ 10  14  23 334   6   3]
 [  9  10   4   2 361   8]
 [  0  16  11  12  20 224]]";0.6793206793206793;0.6262163997344011;"[[ 13  17   5  13  22  10]
 [  5 125  20   7  16   4]
 [  4  28 130  22   9   8]
 [  8  12  19 163   5   4]
 [  3   9   3  11 145   8]
 [  0  11  17   6  15 104]]";396;[43 81 64 84 64 60]
1132;CiteSeer;own;1;0.2;64;0.5;1;0.005;1751207849;0.9900497512437811;0.9894625298369214;"[[41  2  0  0  0  0]
 [ 0 81  0  0  0  0]
 [ 0  1 65  0  0  0]
 [ 0  0  0 85  0  0]
 [ 0  0  0  1 64  0]
 [ 0  0  0  0  0 62]]";0.8076923076923077;0.7642757240032192;"[[ 45  36   5  11  15  11]
 [  0 265  29   8  12  17]
 [  5  47 321  26   3   6]
 [  8  11  23 335   6   6]
 [  9   6   4   1 363   9]
 [  0  14  12  12  18 225]]";0.6823176823176823;0.6267050788832061;"[[ 12  17   5  14  22  10]
 [  6 123  21   7  15   5]
 [  4  27 133  20   9   8]
 [  7  10  21 164   5   4]
 [  2   8   4  11 146   8]
 [  0  10  17   6  15 105]]";402;[43 81 66 85 65 62]
1133;CiteSeer;own;1;0.2;64;0.5;1;0.005;1751207849;0.9852941176470589;0.984790603806831;"[[42  2  0  0  0  0]
 [ 1 80  0  0  0  0]
 [ 0  1 67  0  0  0]
 [ 0  1  1 84  0  0]
 [ 0  0  0  0 66  0]
 [ 0  0  0  0  0 63]]";0.8034410844629822;0.7609275962271352;"[[ 48  40   6   9  16  11]
 [  2 265  27   6  14  17]
 [  6  47 321  23   3   6]
 [ 10  13  27 330   6   3]
 [  9   5   4   1 352  10]
 [  5  17  10   8  16 225]]";0.6813186813186813;0.6303806125980882;"[[ 14  18   4  12  22  10]
 [  8 125  21   6  12   5]
 [  5  28 133  18   8   9]
 [  8  11  23 159   6   4]
 [  4   8   4  10 144   9]
 [  1  11  16   5  13 107]]";408;[44 81 68 86 66 63]
1134;CiteSeer;own;1;0.2;64;0.5;1;0.005;1751207849;0.9951690821256038;0.994887694558319;"[[44  0  0  0  0  0]
 [ 1 80  1  0  0  0]
 [ 0  0 70  0  0  0]
 [ 0  0  0 87  0  0]
 [ 0  0  0  0 67  0]
 [ 0  0  0  0  0 64]]";0.8007322175732218;0.7634305405695719;"[[ 53  38   7   9  13  10]
 [  2 262  27   6  15  18]
 [  4  48 315  21   5   7]
 [ 10  14  26 330   6   4]
 [ 11   5   5   1 347  11]
 [  3  17  11   8  19 224]]";0.6823176823176823;0.6352343268950147;"[[ 16  18   4  13  19  10]
 [  7 124  21   7  13   5]
 [  4  27 134  19   9   8]
 [  7  12  22 159   7   4]
 [  4   8   4  11 143   9]
 [  0  11  15   5  15 107]]";414;[44 82 70 87 67 64]
1135;CiteSeer;own;1;0.2;64;0.5;1;0.005;1751207849;0.9880952380952381;0.9870108827858141;"[[44  0  0  1  0  0]
 [ 2 79  1  0  0  1]
 [ 0  0 71  0  0  0]
 [ 0  0  0 88  0  0]
 [ 0  0  0  0 68  0]
 [ 0  0  0  0  0 65]]";0.8032528856243442;0.7652518392915466;"[[ 53  33   7   9  11  16]
 [  5 261  23   6  12  21]
 [  5  49 314  20   5   7]
 [  9  12  24 332   6   6]
 [ 13   7   5   1 342  11]
 [  0  14  10   9  19 229]]";0.6803196803196803;0.6344644845470495;"[[ 17  17   4  13  19  10]
 [ 10 120  21   7  12   7]
 [  4  25 134  19   9  10]
 [  7  12  22 160   6   4]
 [  4   8   4  11 142  10]
 [  1  10  15   4  15 108]]";420;[45 83 71 88 68 65]
1136;CiteSeer;own;1;0.2;64;0.5;1;0.005;1416030975;0.0;0.0;[[]];0.17927773000859845;0.05074844833880978;"[[  0   0   0   0 184   0]
 [  2   0   0   0 411   0]
 [  0   0   0   0 467   0]
 [  2   0   0   0 488   0]
 [  0   0   0   0 417   0]
 [  0   0   0   0 355   0]]";0.17882117882117882;0.05060785976816511;"[[  0   0   0   0  80   0]
 [  0   0   0   0 177   0]
 [  0   0   0   0 201   0]
 [  1   0   0   0 210   0]
 [  0   0   0   0 179   0]
 [  0   0   0   0 153   0]]";0;[]
1137;CiteSeer;own;1;0.2;64;0.5;1;0.005;1416030975;0.8333333333333334;0.7333333333333333;"[[0 0 0 0 0]
 [0 2 0 0 0]
 [1 0 1 0 0]
 [0 0 0 1 0]
 [0 0 0 0 1]]";0.17586206896551723;0.12665537643903718;"[[138   2   0   0  44   0]
 [317  49   0   0  47   0]
 [374   1   0   0  89   0]
 [408   2   0   1  77   0]
 [212   0   0   0 220   0]
 [114   0   0   0 225   0]]";0.17382617382617382;0.12527990954894094;"[[ 59   2   0   0  19   0]
 [135  22   0   0  20   0]
 [152   0   0   0  49   0]
 [164   0   0   0  47   0]
 [ 87   0   0   0  92   0]
 [ 40   0   0   0 112   1]]";6;[0 2 0 2 1 1]
1138;CiteSeer;own;1;0.2;64;0.5;1;0.005;1416030975;1.0;1.0;"[[2 0 0 0 0 0]
 [0 4 0 0 0 0]
 [0 0 1 0 0 0]
 [0 0 0 3 0 0]
 [0 0 0 0 1 0]
 [0 0 0 0 0 1]]";0.2817631806395851;0.16563004195481748;"[[ 22   3 160   0   2   0]
 [  2  46 322   1   3   0]
 [  0   1 535   0   0   0]
 [ 27   0 430   6   1   0]
 [  3   1 376   0  43   0]
 [  0   0 274   0  56   0]]";0.24275724275724275;0.1454212870523201;"[[ 10   2  68   0   0   0]
 [  4  21 150   0   2   0]
 [  0   0 199   0   2   0]
 [ 11   0 199   1   0   0]
 [  4   3 161   0  11   0]
 [  0   0 119   0  33   1]]";12;[2 4 1 3 1 1]
1139;CiteSeer;own;1;0.2;64;0.5;1;0.005;1416030975;0.9444444444444444;0.925925925925926;"[[4 0 0 0 0 0]
 [0 5 0 0 0 0]
 [0 0 2 0 0 0]
 [0 0 0 4 0 0]
 [0 0 0 0 1 0]
 [0 0 0 1 0 1]]";0.30155979202772965;0.19010521150516377;"[[ 57   2 131   0   0   0]
 [ 34  53 280   2   0   1]
 [  3   0 538   0   0   0]
 [ 54   0 397   7   0   1]
 [132   2 246   0  28  11]
 [ 59   0 234   0  23  13]]";0.25874125874125875;0.16532556698016795;"[[ 23   2  55   0   0   0]
 [ 17  25 132   1   2   0]
 [  0   0 198   0   1   2]
 [ 21   1 188   1   0   0]
 [ 67   4 101   0   4   3]
 [ 17   0 105   1  22   8]]";18;[4 5 2 4 1 2]
1140;CiteSeer;own;1;0.2;64;0.5;1;0.005;1416030975;0.7916666666666666;0.7641636141636141;"[[3 0 0 0 1 0]
 [0 6 0 1 0 0]
 [0 0 2 0 0 0]
 [0 0 0 5 0 0]
 [0 0 0 0 2 1]
 [0 0 0 1 1 1]]";0.44917463075586445;0.320543887624902;"[[ 21   2  58   1 101   2]
 [  0  58 162   7 133   2]
 [  0   0 503   0  35   1]
 [  5   0 267  22 160   0]
 [  5   2  15   2 388   9]
 [  0   0  47   0 252  42]]";0.39760239760239763;0.2989547441966343;"[[ 13   2  26   0  38   1]
 [  4  23  74   4  70   2]
 [  0   0 177   0  22   2]
 [  4   1 117   3  85   1]
 [  4   3  10   0 159   3]
 [  0   0  20   1 109  23]]";24;[4 7 2 5 3 3]
1141;CiteSeer;own;1;0.2;64;0.5;1;0.005;1416030975;0.9666666666666667;0.9576719576719577;"[[6 0 0 0 0 0]
 [0 8 0 0 0 0]
 [0 0 3 0 0 0]
 [0 0 0 5 0 0]
 [0 0 0 0 4 0]
 [0 0 0 0 1 3]]";0.5113240418118467;0.4184266059862353;"[[ 40  18  66   7  59   4]
 [  4 120 172   2  59   4]
 [  0   2 513   0  23   0]
 [ 10   3 261  77 103   0]
 [  7   7  13   1 383   0]
 [  1   3  57   0 236  41]]";0.45454545454545453;0.3778093415699509;"[[ 18  12  27   1  20   2]
 [  8  46  81   3  35   4]
 [  0   0 184   0  17   0]
 [  4   0 126  31  48   2]
 [  9   5   7   0 157   1]
 [  1   1  26   0 106  19]]";30;[6 8 3 5 4 4]
1142;CiteSeer;own;1;0.2;64;0.5;1;0.005;1416030975;0.9722222222222222;0.9663865546218487;"[[7 0 0 0 0 0]
 [0 8 1 0 0 0]
 [0 0 3 0 0 0]
 [0 0 0 7 0 0]
 [0 0 0 0 4 0]
 [0 0 0 0 0 6]]";0.5777292576419214;0.5245090475599097;"[[ 51   9  74   6  25  29]
 [  4 108 158   5  34  45]
 [  0   2 515   4   9   5]
 [ 12   3 282  96  46  13]
 [ 14   8  18   0 346  21]
 [  1   0  88   3  49 207]]";0.5294705294705294;0.4771613610223729;"[[ 19   6  26   1  17  11]
 [  8  43  72   7  22  25]
 [  0   0 189   0   9   3]
 [  7   0 138  36  25   5]
 [ 14   6  10   0 143   6]
 [  3   0  33   1  16 100]]";36;[7 9 3 7 4 6]
1143;CiteSeer;own;1;0.2;64;0.5;1;0.005;1416030975;1.0;1.0;"[[ 8  0  0  0  0  0]
 [ 0 10  0  0  0  0]
 [ 0  0  3  0  0  0]
 [ 0  0  0  8  0  0]
 [ 0  0  0  0  5  0]
 [ 0  0  0  0  0  8]]";0.5739929947460596;0.5199103380567378;"[[ 59  20  63   3  26  26]
 [  8 126 147   3  28  38]
 [  2   5 511   1   8   6]
 [ 32   2 257  74  76   9]
 [ 44  10  20   0 304  20]
 [  4   0  63   3  49 237]]";0.5304695304695305;0.479902964802231;"[[ 22   4  26   1  16  11]
 [ 14  55  67   1  21  19]
 [  1   0 188   0   9   3]
 [ 15   0 125  26  39   6]
 [ 19   9  11   0 134   6]
 [  4   0  27   2  14 106]]";42;[ 8 10  3  8  5  8]
1144;CiteSeer;own;1;0.2;64;0.5;1;0.005;1416030975;1.0;1.0;"[[ 8  0  0  0  0  0]
 [ 0 11  0  0  0  0]
 [ 0  0  5  0  0  0]
 [ 0  0  0  9  0  0]
 [ 0  0  0  0  6  0]
 [ 0  0  0  0  0  9]]";0.615891132572432;0.5699089922033785;"[[ 52  26  50  14  28  23]
 [  7 133 127  14  31  36]
 [  1   2 500   8  14   6]
 [ 16   2 212 169  48   9]
 [ 28   9  10   8 315  26]
 [  5   0  50   2  63 234]]";0.5714285714285714;0.5285031149925132;"[[ 20   4  22  10  14  10]
 [ 13  51  61  10  23  19]
 [  1   0 186   0  12   2]
 [  4   1  93  79  29   5]
 [ 16  10   8   6 132   7]
 [  4   0  22   1  22 104]]";48;[ 8 11  5  9  6  9]
1145;CiteSeer;own;1;0.2;64;0.5;1;0.005;1416030975;0.9629629629629629;0.9598890388364073;"[[ 8  0  0  0  0  1]
 [ 0 13  0  0  0  0]
 [ 0  0  7  0  0  0]
 [ 0  0  0  9  0  0]
 [ 1  0  0  0  6  0]
 [ 0  0  0  0  0  9]]";0.5977112676056338;0.5408995918878574;"[[ 40  25  58   8  20  30]
 [  8 139 137   5  26  34]
 [  0   5 508   1  12   6]
 [ 16   3 262 107  50  17]
 [ 24  12  15   1 319  31]
 [  3   1  56   0  48 245]]";0.5424575424575424;0.4966607038502407;"[[ 19   5  24   7  15  10]
 [ 11  59  69   3  17  18]
 [  1   0 185   0  11   4]
 [  6   1 132  36  27   9]
 [ 13   9   9   5 133  10]
 [  3   0  24   0  15 111]]";54;[ 9 13  7  9  7  9]
1146;CiteSeer;own;1;0.2;64;0.5;1;0.005;1416030975;0.9666666666666667;0.9643399810066478;"[[ 9  0  0  1  0  0]
 [ 0 13  0  0  0  0]
 [ 0  0  8  0  0  0]
 [ 0  0  0 13  0  0]
 [ 1  0  0  0  6  0]
 [ 0  0  0  0  0  9]]";0.6094439541041483;0.5682290860119421;"[[ 51  34  53  12  17  17]
 [ 10 144 144  12  21  18]
 [  0   4 510   5  14   4]
 [ 16   3 243 148  30   6]
 [ 22  12  19   6 319  22]
 [  3   2  81   6  49 209]]";0.5514485514485514;0.5152775829191762;"[[ 19   9  22  10  14   6]
 [ 12  59  71   7  17  11]
 [  1   0 184   2  12   2]
 [ 10   1 120  60  17   3]
 [ 14  10   9   5 134   7]
 [  1   1  38   0  17  96]]";60;[10 13  8 13  7  9]
1147;CiteSeer;own;1;0.2;64;0.5;1;0.005;1416030975;1.0;1.0;"[[12  0  0  0  0  0]
 [ 0 14  0  0  0  0]
 [ 0  0  8  0  0  0]
 [ 0  0  0 15  0  0]
 [ 0  0  0  0  8  0]
 [ 0  0  0  0  0  9]]";0.6287610619469026;0.5873969145402165;"[[ 65  29  37   8  33  13]
 [ 14 134 132   9  33  23]
 [  1   4 505   5  18   4]
 [ 26   1 211 152  46   4]
 [ 24   9  11   1 341  21]
 [  7   0  60   3  52 224]]";0.5594405594405595;0.5248631130270568;"[[ 24   7  20   6  16   7]
 [ 16  57  64   4  23  13]
 [  0   0 181   2  16   2]
 [ 11   1 108  60  27   4]
 [ 17   7   7   3 137   8]
 [  1   0  33   0  18 101]]";66;[12 14  8 15  8  9]
1148;CiteSeer;own;1;0.2;64;0.5;1;0.005;1416030975;0.9861111111111112;0.9882491186839012;"[[11  0  0  1  0  0]
 [ 0 15  0  0  0  0]
 [ 0  0  9  0  0  0]
 [ 0  0  0 18  0  0]
 [ 0  0  0  0  8  0]
 [ 0  0  0  0  0 10]]";0.6783496007098492;0.6388439627540772;"[[ 58  35  29  16  34  12]
 [  7 175  99  17  27  19]
 [  1   5 487  13  23   4]
 [ 16   4 117 252  47   5]
 [ 14  14   9   8 343  19]
 [  4   2  54   9  62 214]]";0.6353646353646354;0.5936181345915692;"[[ 18   8  18  13  18   5]
 [ 10  80  47   7  21  12]
 [  0   0 179   4  16   2]
 [  9   2  54 123  20   3]
 [ 10   8   5   9 139   8]
 [  1   0  30   0  25  97]]";72;[12 15  9 18  8 10]
1149;CiteSeer;own;1;0.2;64;0.5;1;0.005;1416030975;1.0;1.0;"[[14  0  0  0  0  0]
 [ 0 15  0  0  0  0]
 [ 0  0 10  0  0  0]
 [ 0  0  0 19  0  0]
 [ 0  0  0  0  8  0]
 [ 0  0  0  0  0 12]]";0.6734875444839857;0.6350283234264054;"[[ 70  19  31  14  36  12]
 [ 11 133 112  19  45  24]
 [  2   2 492   9  23   4]
 [ 18   1 135 244  35   7]
 [ 18   8   6   6 350  19]
 [  7   0  48   8  55 225]]";0.6153846153846154;0.5713549946457387;"[[ 21   6  17  10  19   7]
 [ 14  52  53  12  32  14]
 [  1   0 180   3  15   2]
 [  9   1  66 119  12   4]
 [ 13   7   5   7 139   8]
 [  1   0  27   1  19 105]]";78;[14 15 10 19  8 12]
1150;CiteSeer;own;1;0.2;64;0.5;1;0.005;1416030975;1.0;1.0;"[[16  0  0  0  0  0]
 [ 0 16  0  0  0  0]
 [ 0  0 11  0  0  0]
 [ 0  0  0 20  0  0]
 [ 0  0  0  0  8  0]
 [ 0  0  0  0  0 13]]";0.6891168599464763;0.6531463936587585;"[[ 66  28  28  13  32  12]
 [ 14 175  94  14  34  19]
 [  2   6 485   7  21   4]
 [ 19   2 125 248  40   6]
 [ 19  12   9   5 344  17]
 [  8   2  48   7  50 227]]";0.6323676323676324;0.5972069751698715;"[[ 23  10  18   8  16   5]
 [ 17  73  43   9  24  11]
 [  1   1 177   4  15   3]
 [ 10   3  63 119  13   3]
 [ 17   8   7   6 135   6]
 [  1   1  25   1  19 106]]";84;[16 16 11 20  8 13]
1151;CiteSeer;own;1;0.2;64;0.5;1;0.005;1416030975;1.0;1.0;"[[16  0  0  0  0  0]
 [ 0 17  0  0  0  0]
 [ 0  0 11  0  0  0]
 [ 0  0  0 21  0  0]
 [ 0  0  0  0  9  0]
 [ 0  0  0  0  0 16]]";0.695438282647585;0.6626343518728214;"[[ 64  30  37  11  21  16]
 [  6 172 100  16  28  26]
 [  1  15 481   8  16   4]
 [ 14   3 142 255  13  12]
 [ 16  10  16   6 333  24]
 [  6   0  49   9  26 250]]";0.6313686313686314;0.5956238103192579;"[[ 21  10  24   9  11   5]
 [  9  66  57   9  21  15]
 [  1   6 174   3  14   3]
 [  8   1  68 123   4   7]
 [ 14   8  10   5 134   8]
 [  1   0  27   0  11 114]]";90;[16 17 11 21  9 16]
1152;CiteSeer;own;1;0.2;64;0.5;1;0.005;1416030975;0.9895833333333334;0.9861775651249336;"[[16  0  0  0  1  0]
 [ 0 18  0  0  0  0]
 [ 0  0 11  0  0  0]
 [ 0  0  0 24  0  0]
 [ 0  0  0  0  9  0]
 [ 0  0  0  0  0 17]]";0.7044843049327354;0.6700262915988616;"[[ 65  33  29  12  25  14]
 [  8 180  86  17  30  26]
 [  2  20 472   8  19   4]
 [ 15   4 121 265  22   9]
 [ 16  14   9   3 344  19]
 [  6   2  46  10  30 245]]";0.6473526473526473;0.6104564770293689;"[[ 21  13  20   6  15   5]
 [ 10  78  45   8  21  15]
 [  1   7 172   4  14   3]
 [  9   3  61 126   7   5]
 [ 13   7   7   4 141   7]
 [  1   0  26   1  15 110]]";96;[17 18 11 24  9 17]
1153;CiteSeer;own;1;0.2;64;0.5;1;0.005;1416030975;0.9901960784313726;0.990964590964591;"[[17  0  0  0  0  0]
 [ 1 19  0  0  0  0]
 [ 0  0 11  0  0  0]
 [ 0  0  0 26  0  0]
 [ 0  0  0  0 10  0]
 [ 0  0  0  0  0 18]]";0.7059352517985612;0.6706331317120307;"[[ 60  32  29  16  22  14]
 [  7 187  84  22  29  23]
 [  1  17 466  10  18   4]
 [ 12   4 117 280  17  10]
 [ 14  15  11  12 333  21]
 [  6   3  45  13  26 244]]";0.6523476523476524;0.6126020813620945;"[[ 20  12  17  14  12   5]
 [ 12  79  39  13  19  15]
 [  1   8 172   4  12   4]
 [  8   3  57 133   6   4]
 [  9   9   7   8 139   7]
 [  1   1  26   2  13 110]]";102;[17 20 11 26 10 18]
1154;CiteSeer;own;1;0.2;64;0.5;1;0.005;1416030975;0.9814814814814815;0.9834943639291466;"[[17  1  0  0  0  0]
 [ 1 22  0  0  0  0]
 [ 0  0 11  0  0  0]
 [ 0  0  0 28  0  0]
 [ 0  0  0  0 10  0]
 [ 0  0  0  0  0 18]]";0.7078449053201082;0.6741073729736026;"[[ 61  34  25  16  23  13]
 [  5 203  76  21  23  20]
 [  1  22 450  20  19   4]
 [ 13   8 101 294  17   6]
 [ 15  20   9  10 333  19]
 [  8   4  49  15  32 229]]";0.6693306693306693;0.6348903174868411;"[[ 23  13  15  12  12   5]
 [ 10  92  35  14  17   9]
 [  1   8 171   5  13   3]
 [  8   4  52 139   6   2]
 [  8  14   5   6 139   7]
 [  1   1  28   2  15 106]]";108;[18 23 11 28 10 18]
1155;CiteSeer;own;1;0.2;64;0.5;1;0.005;1416030975;1.0;1.0;"[[18  0  0  0  0  0]
 [ 0 24  0  0  0  0]
 [ 0  0 11  0  0  0]
 [ 0  0  0 31  0  0]
 [ 0  0  0  0 12  0]
 [ 0  0  0  0  0 18]]";0.7084086799276673;0.6749249000673857;"[[ 58  42  26  15  20  11]
 [  5 218  80  18  21  19]
 [  1  25 427  22  18   5]
 [ 11  10  90 310  14   6]
 [ 10  27  13  12 333  14]
 [  7   6  41  17  39 221]]";0.6753246753246753;0.6400081316575812;"[[ 22  19  14  11  11   3]
 [  7 106  33   9  12  10]
 [  1  10 166   8  12   4]
 [  8   8  44 144   4   3]
 [  9  14   6  10 134   6]
 [  1   1  25   2  20 104]]";114;[18 24 11 31 12 18]
1156;CiteSeer;own;1;0.2;64;0.5;1;0.005;1416030975;1.0;1.0;"[[18  0  0  0  0  0]
 [ 0 25  0  0  0  0]
 [ 0  0 11  0  0  0]
 [ 0  0  0 33  0  0]
 [ 0  0  0  0 13  0]
 [ 0  0  0  0  0 20]]";0.7085222121486854;0.6742148011522401;"[[ 59  34  32  16  18  13]
 [  4 190 100  18  22  23]
 [  2  18 430  20  18   6]
 [ 14   2  81 319  18   7]
 [ 10  14  17  16 338  15]
 [  5   3  47  15  35 227]]";0.6663336663336663;0.6265564503533421;"[[ 21  12  16  12  13   6]
 [  8  86  42  13  14  14]
 [  0   8 169   6  12   6]
 [  8   4  39 152   5   3]
 [  7   9   9  11 136   7]
 [  0   1  26   2  21 103]]";120;[18 25 11 33 13 20]
1157;CiteSeer;own;1;0.2;64;0.5;1;0.005;1416030975;1.0;1.0;"[[18  0  0  0  0  0]
 [ 0 28  0  0  0  0]
 [ 0  0 12  0  0  0]
 [ 0  0  0 33  0  0]
 [ 0  0  0  0 13  0]
 [ 0  0  0  0  0 22]]";0.6927272727272727;0.6690129748156523;"[[ 60  46  31   8  12  15]
 [  4 248  87   9  18  22]
 [  1  65 367  12  10  12]
 [ 11  18  90 297  11  10]
 [ 11  39  11   5 324  18]
 [  4  33  29   9  25 228]]";0.6443556443556444;0.6170682133474631;"[[ 23  19  15   9   9   5]
 [  6 113  31   5  10  12]
 [  1  33 143   3  13   8]
 [  7  15  48 133   4   4]
 [ 10  17   5   9 130   8]
 [  1   8  22   2  17 103]]";126;[18 28 12 33 13 22]
1158;CiteSeer;own;1;0.2;64;0.5;1;0.005;1416030975;1.0;1.0;"[[18  0  0  0  0  0]
 [ 0 28  0  0  0  0]
 [ 0  0 14  0  0  0]
 [ 0  0  0 34  0  0]
 [ 0  0  0  0 15  0]
 [ 0  0  0  0  0 23]]";0.7023701002734731;0.6763461721737114;"[[ 64  33  36  10  15  11]
 [  8 207 117  11  20  19]
 [  1  36 395  17  13   9]
 [ 17   1  84 320  11   8]
 [ 14  21  20   8 334  10]
 [  5  19  47   7  25 221]]";0.6563436563436563;0.6271463827259371;"[[ 26  11  19  10   9   5]
 [ 12  88  44   9  11  13]
 [  1  17 156   7  13   7]
 [  8   6  39 148   5   5]
 [ 10  11   9   7 136   6]
 [  1   4  29   1  15 103]]";132;[18 28 14 34 15 23]
1159;CiteSeer;own;1;0.2;64;0.5;1;0.005;1416030975;1.0;1.0;"[[19  0  0  0  0  0]
 [ 0 29  0  0  0  0]
 [ 0  0 15  0  0  0]
 [ 0  0  0 35  0  0]
 [ 0  0  0  0 16  0]
 [ 0  0  0  0  0 24]]";0.7029250457038391;0.6691640662917382;"[[ 54  32  31  15  15  13]
 [ 10 206 111  13  20  22]
 [  0  36 386  23  14  10]
 [ 19   3  74 332  13   9]
 [ 13  19  17  11 332  12]
 [  7  15  40  11  22 228]]";0.6553446553446554;0.6287200393516142;"[[ 27  11  16  11   9   6]
 [  8  90  44  11  11  13]
 [  1  19 149  11  13   8]
 [  6   7  36 154   3   5]
 [  9  10   9  11 133   7]
 [  0   5  26   1  18 103]]";138;[19 29 15 35 16 24]
1160;CiteSeer;own;1;0.2;64;0.5;1;0.005;1416030975;1.0;1.0;"[[20  0  0  0  0  0]
 [ 0 30  0  0  0  0]
 [ 0  0 15  0  0  0]
 [ 0  0  0 37  0  0]
 [ 0  0  0  0 16  0]
 [ 0  0  0  0  0 26]]";0.7085242896425298;0.6757693572703047;"[[ 60  24  22  20  19  16]
 [ 13 196  97  19  22  26]
 [  0  43 356  23  15  22]
 [ 19   2  57 356  15  10]
 [ 12  17  10  14 322  22]
 [  6  10  27  18  16 256]]";0.6443556443556444;0.6074411276394845;"[[ 23  10  10  18  11   8]
 [ 14  79  34  17  18  15]
 [  1  26 133  14  14  13]
 [  4   5  25 168   4   5]
 [  9  10   7  12 128  13]
 [  0   4  17   3  15 114]]";144;[20 30 15 37 16 26]
1161;CiteSeer;own;1;0.2;64;0.5;1;0.005;1416030975;0.9933333333333333;0.9911730545876888;"[[20  0  0  0  0  0]
 [ 0 31  0  0  0  0]
 [ 0  0 16  0  0  0]
 [ 0  0  0 37  0  0]
 [ 1  0  0  0 17  0]
 [ 0  0  0  0  0 28]]";0.6980698529411765;0.6680313910106023;"[[ 61  26  21  13  21  15]
 [  9 196  98  19  25  25]
 [  0  41 349  29  18  19]
 [ 24   2  59 344  21   8]
 [ 13  18  12  13 305  36]
 [  7   7  27  15  16 264]]";0.6403596403596403;0.6059405855747145;"[[ 24   9  10  15  13   9]
 [ 13  81  35  15  20  13]
 [  1  18 134  17  15  16]
 [  4   5  27 163   7   5]
 [  8  10   6  10 123  22]
 [  0   2  16   3  16 116]]";150;[20 31 16 37 18 28]
1162;CiteSeer;own;1;0.2;64;0.5;1;0.005;1416030975;1.0;1.0;"[[22  0  0  0  0  0]
 [ 0 32  0  0  0  0]
 [ 0  0 17  0  0  0]
 [ 0  0  0 38  0  0]
 [ 0  0  0  0 19  0]
 [ 0  0  0  0  0 28]]";0.7253456221198157;0.6912332055885173;"[[ 54  31  24  12  17  12]
 [  9 216  85  13  25  21]
 [  0  33 395  23  11  15]
 [  6   8  60 343  17  11]
 [ 11  21  17   8 303  36]
 [  7  12  24  10  17 263]]";0.6473526473526473;0.614267909725903;"[[ 23  10  17  14  10   6]
 [ 15  91  40   5  14  12]
 [  1  22 143  15  11   9]
 [  2   8  35 157   5   4]
 [  7  11   5   9 122  25]
 [  1   6  19   1  14 112]]";156;[22 32 17 38 19 28]
1163;CiteSeer;own;1;0.2;64;0.5;1;0.005;1416030975;0.9938271604938271;0.9929046563192904;"[[24  0  0  0  0  0]
 [ 0 33  0  0  0  0]
 [ 0  0 20  0  0  0]
 [ 0  0  0 38  0  0]
 [ 0  0  0  0 19  0]
 [ 0  0  1  0  0 27]]";0.7181146025878004;0.6893257348579596;"[[ 60  35  27  12   9   6]
 [ 11 215  96  11  16  18]
 [  0  31 425  18  10   6]
 [  8  17  68 334  14   3]
 [ 13  24  24   8 291  31]
 [  8  10  45   9  22 229]]";0.6243756243756243;0.5949832641603223;"[[ 24  10  19  15   9   3]
 [ 17  87  49   6  10   8]
 [  1  19 149  15  11   6]
 [  4  11  39 153   3   1]
 [ 10  11   7  10 120  21]
 [  0   6  37   1  17  92]]";162;[24 33 20 38 19 28]
1164;CiteSeer;own;1;0.2;64;0.5;1;0.005;1416030975;0.9940476190476191;0.9932000543995647;"[[24  0  0  0  0  0]
 [ 0 34  0  0  0  0]
 [ 0  0 21  0  0  0]
 [ 0  0  0 38  0  0]
 [ 0  0  0  0 22  0]
 [ 0  0  1  0  0 28]]";0.7335495829471733;0.7068261351488241;"[[ 61  27  28  13  11   8]
 [  6 218 101  10  15  16]
 [  0  25 430  16  12   6]
 [  4  13  75 330  16   5]
 [ 11  15  13   9 310  32]
 [  6   8  44   9  21 234]]";0.6233766233766234;0.5914026303950047;"[[ 22   9  22  14   9   4]
 [ 14  82  55   7  12   7]
 [  0  16 151  15  11   8]
 [  2  10  38 154   5   2]
 [ 12  11   6   9 124  17]
 [  0   5  41   1  15  91]]";168;[24 34 21 38 22 29]
1165;CiteSeer;own;1;0.2;64;0.5;1;0.005;1416030975;0.9942528735632183;0.9937085720705539;"[[25  0  0  0  0  0]
 [ 0 34  0  0  0  0]
 [ 0  1 21  0  0  0]
 [ 0  0  0 38  0  0]
 [ 0  0  0  0 24  0]
 [ 0  0  0  0  0 31]]";0.737453531598513;0.708425270407201;"[[ 62  28  25  12  12   7]
 [  6 207  98  14  19  16]
 [  1  27 425  19  14   8]
 [  9   9  64 337  19   5]
 [ 13  14   8   8 315  29]
 [  6   7  35  10  23 241]]";0.6343656343656343;0.6027725532169816;"[[ 24  10  16  15   9   6]
 [ 15  82  49   9  13   9]
 [  1  15 149  15  12   9]
 [  2  10  36 156   6   1]
 [ 12  10   5   9 127  16]
 [  0   4  36   1  15  97]]";174;[25 34 22 38 24 31]
1166;CiteSeer;own;1;0.2;64;0.5;1;0.005;1416030975;1.0;1.0;"[[27  0  0  0  0  0]
 [ 0 36  0  0  0  0]
 [ 0  0 22  0  0  0]
 [ 0  0  0 39  0  0]
 [ 0  0  0  0 24  0]
 [ 0  0  0  0  0 32]]";0.7469711090400746;0.7213240620221738;"[[ 65  26  28   9  11   6]
 [  5 211 101  11  18  14]
 [  0  21 436  16  12   7]
 [  7   7  69 334  18   6]
 [ 15  12   7   7 315  31]
 [  2   6  40  10  21 242]]";0.6403596403596403;0.6102432167260898;"[[ 26   7  18  14  10   5]
 [ 14  80  51   9  13  10]
 [  0   8 159  14  13   7]
 [  3   8  39 153   6   2]
 [ 11  10   5   9 129  15]
 [  0   5  38   1  15  94]]";180;[27 36 22 39 24 32]
1167;CiteSeer;own;1;0.2;64;0.5;1;0.005;1416030975;0.9946236559139785;0.9948051948051949;"[[27  0  0  0  0  0]
 [ 1 38  0  0  0  0]
 [ 0  0 22  0  0  0]
 [ 0  0  0 41  0  0]
 [ 0  0  0  0 24  0]
 [ 0  0  0  0  0 33]]";0.755607476635514;0.730651297747464;"[[ 68  29  22  12   9   5]
 [  7 242  71  12  13  16]
 [  0  25 425  17  13   9]
 [  8   9  65 335  15   8]
 [ 15  18   9   6 305  32]
 [  5   7  37  10  19 242]]";0.6453546453546454;0.6140121739604193;"[[ 26  11  13  15   9   6]
 [ 17  94  40   8   8  10]
 [  0  12 156  14  12   7]
 [  4  11  32 156   6   2]
 [ 14  12   6   9 118  20]
 [  0   5  36   1  15  96]]";186;[27 39 22 41 24 33]
1168;CiteSeer;own;1;0.2;64;0.5;1;0.005;1416030975;0.9947916666666666;0.9943962875404955;"[[27  0  0  0  0  0]
 [ 0 40  0  0  0  0]
 [ 0  1 23  0  0  0]
 [ 0  0  0 42  0  0]
 [ 0  0  0  0 25  0]
 [ 0  0  0  0  0 34]]";0.7642924086223055;0.735795534556721;"[[ 62  32  20  13  10   8]
 [  4 250  66  10  15  17]
 [  0  23 429  17  11   8]
 [  6   7  64 335  16   8]
 [ 13  17   7   7 311  30]
 [  2   7  36   9  20 244]]";0.6643356643356644;0.6314161292199021;"[[ 25  11  13  14  11   6]
 [ 11  97  39   6  12  12]
 [  0  10 159  13  12   7]
 [  3  11  31 158   6   2]
 [ 11  11   5   9 125  18]
 [  0   4  32   1  15 101]]";192;[27 40 24 42 25 34]
1169;CiteSeer;own;1;0.2;64;0.5;1;0.005;1416030975;0.98989898989899;0.9901043458319;"[[28  0  0  0  0  0]
 [ 0 41  0  0  0  0]
 [ 0  0 24  0  0  0]
 [ 1  0  0 44  0  0]
 [ 0  0  0  1 25  0]
 [ 0  0  0  0  0 34]]";0.7758458646616542;0.7508546869276781;"[[ 66  33  17  14   5   6]
 [  4 264  61   9  10  13]
 [  0  25 425  19  11   7]
 [  4  10  57 346  13   7]
 [ 13  17   7   9 309  31]
 [  2  11  34   8  20 241]]";0.6733266733266733;0.6426404563486074;"[[ 27  14  12  14   7   6]
 [ 12 106  34   6  10   9]
 [  0  11 157  13  12   8]
 [  2  10  30 161   6   2]
 [ 11  13   5   9 123  18]
 [  0   8  29   1  15 100]]";198;[28 41 24 45 26 34]
1170;CiteSeer;own;1;0.2;64;0.5;1;0.005;1416030975;0.9950980392156863;0.9950632312166091;"[[29  0  0  0  0  0]
 [ 0 43  0  0  0  0]
 [ 0  0 25  0  0  0]
 [ 0  0  0 46  0  0]
 [ 0  0  0  1 26  0]
 [ 0  0  0  0  0 34]]";0.7747408105560791;0.7517446290064657;"[[ 69  32  22   9   4   4]
 [  4 245  66   8  14  10]
 [  2  30 436  16   8   7]
 [  5  11  53 348  13   5]
 [ 13  15  13  10 310  25]
 [  2   9  40   7  21 236]]";0.6703296703296703;0.6400956920626318;"[[ 26  13  16  14   9   2]
 [ 12  96  47   6  10   6]
 [  0  10 159  13  12   7]
 [  2   9  31 161   6   2]
 [ 11  10   6   9 128  15]
 [  0   6  32   0  14 101]]";204;[29 43 25 46 27 34]
1171;CiteSeer;own;1;0.2;64;0.5;1;0.005;1416030975;0.9952380952380953;0.9953578103333935;"[[30  0  0  0  0  0]
 [ 0 43  0  0  0  0]
 [ 0  0 25  0  0  0]
 [ 0  0  0 48  0  0]
 [ 0  0  0  1 28  0]
 [ 0  0  0  0  0 35]]";0.7764650283553876;0.7502670307963241;"[[ 62  30  23  12   5   3]
 [  3 244  73   8   9  10]
 [  2  26 433  16  10   7]
 [  5  13  54 350  12   5]
 [ 11  13  12   9 327  19]
 [  1   9  41   9  23 227]]";0.6723276723276723;0.6383649121425785;"[[ 24  15  13  14   9   5]
 [ 12  95  47   6   9   8]
 [  0   9 160  13  12   7]
 [  2  10  30 162   5   2]
 [ 10  11   6  10 132  10]
 [  0   5  33   1  14 100]]";210;[30 43 25 48 29 35]
1172;CiteSeer;own;1;0.2;64;0.5;1;0.005;1416030975;1.0;1.0;"[[31  0  0  0  0  0]
 [ 0 45  0  0  0  0]
 [ 0  0 25  0  0  0]
 [ 0  0  0 50  0  0]
 [ 0  0  0  0 30  0]
 [ 0  0  0  0  0 35]]";0.7758293838862559;0.7457510867812686;"[[ 59  29  17  15  11   2]
 [  5 240  67   7  15  13]
 [  2  22 431  17  15   7]
 [  4   6  52 353  21   4]
 [  9  12   9   9 330  20]
 [  3   7  34  11  28 224]]";0.6753246753246753;0.6421703396935595;"[[ 25  14  10  13  14   4]
 [ 11 100  39   6  13   8]
 [  0   9 159  13  14   6]
 [  1   8  32 161   7   2]
 [  9  10   4  10 135  11]
 [  0   5  32   4  16  96]]";216;[31 45 25 50 30 35]
1173;CiteSeer;own;1;0.2;64;0.5;1;0.005;1416030975;0.9954954954954955;0.995205180895448;"[[31  0  0  0  0  0]
 [ 0 47  0  0  0  0]
 [ 0  0 26  0  0  0]
 [ 0  0  1 50  0  0]
 [ 0  0  0  0 31  0]
 [ 0  0  0  0  0 36]]";0.7723384030418251;0.739508717100108;"[[ 54  31  18  16   9   4]
 [  3 241  67  10  17  13]
 [  2  23 433  18  12   6]
 [  4   8  52 345  17   4]
 [  9  14   9  12 328  19]
 [  2   8  38  10  24 224]]";0.6663336663336663;0.6308337428103022;"[[ 23  18  11  12  13   3]
 [ 13  95  42   6  13   8]
 [  0   9 160  13  14   5]
 [  3   8  34 156   8   2]
 [  8  11   5   7 138  10]
 [  0   4  34   4  16  95]]";222;[31 47 26 51 31 36]
1174;CiteSeer;own;1;0.2;64;0.5;1;0.005;1416030975;1.0;1.0;"[[33  0  0  0  0  0]
 [ 0 48  0  0  0  0]
 [ 0  0 27  0  0  0]
 [ 0  0  0 51  0  0]
 [ 0  0  0  0 31  0]
 [ 0  0  0  0  0 38]]";0.7707340324118208;0.7402159256829078;"[[ 56  26  17  16   8   7]
 [  3 236  66  11  16  18]
 [  2  22 428  17  13  12]
 [  5   6  51 331  25   6]
 [  9  14   8   9 330  21]
 [  2   6  35   8  22 236]]";0.6543456543456544;0.6207241435777554;"[[ 24  15   9  11  14   7]
 [ 12  89  44   8  13  11]
 [  0   9 157  13  15   7]
 [  3   9  33 149  10   7]
 [  8  12   5   6 138  10]
 [  0   4  31   5  15  98]]";228;[33 48 27 51 31 38]
1175;CiteSeer;own;1;0.2;64;0.5;1;0.005;1416030975;0.9957264957264957;0.9954748364214517;"[[34  0  0  0  0  0]
 [ 0 49  0  0  0  0]
 [ 0  0 27  0  0  0]
 [ 0  0  0 52  0  0]
 [ 0  0  0  0 32  0]
 [ 1  0  0  0  0 39]]";0.7829827915869981;0.7514009782714388;"[[ 56  30  19  14   8   3]
 [  3 249  63  10  13  12]
 [  2  23 432  16  10   8]
 [  8   8  50 333  18   5]
 [  9  14   8   6 331  17]
 [  2   7  36   9  23 237]]";0.6593406593406593;0.6267921657606412;"[[ 25  17  13  10  11   4]
 [ 14  96  38   9  10  10]
 [  0   9 158  13  14   7]
 [  5   9  32 148  10   7]
 [  9  14   4   5 136  11]
 [  0   4  32   5  15  97]]";234;[34 49 27 52 32 40]
1176;CiteSeer;own;1;0.2;64;0.5;1;0.005;1416030975;0.9916666666666667;0.9911040414751974;"[[34  0  0  0  0  0]
 [ 0 49  0  0  0  0]
 [ 0  0 27  0  0  0]
 [ 0  0  0 54  0  0]
 [ 0  0  0  0 34  0]
 [ 1  0  0  0  1 40]]";0.7722914669223394;0.7408349611372694;"[[ 55  28  18  12  13   3]
 [  3 244  68  11  13  11]
 [  3  20 425  16  10   9]
 [  7   9  51 334  17   5]
 [  8  14  10   5 323  30]
 [  2   5  39   8  27 230]]";0.6513486513486514;0.6137948401934153;"[[ 21  17  11  13  12   6]
 [ 10  95  41   8  10  13]
 [  0   9 158  13  13   8]
 [  4   8  33 146  13   7]
 [  9  12   4   6 135  13]
 [  0   4  32   4  16  97]]";240;[34 49 27 54 34 42]
1177;CiteSeer;own;1;0.2;64;0.5;1;0.005;1416030975;0.9796747967479674;0.9779274526052238;"[[34  0  0  0  1  0]
 [ 0 49  0  0  1  0]
 [ 0  1 28  0  0  0]
 [ 0  0  0 55  0  0]
 [ 0  0  0  0 33  1]
 [ 0  0  0  0  1 42]]";0.7682692307692308;0.735018000247015;"[[ 54  28  19  13  15   4]
 [  4 236  71  10  14  14]
 [  1  21 415  20   9  14]
 [  9   8  47 338  13  11]
 [  8  13  10   4 312  33]
 [  2   4  29   8  26 243]]";0.6523476523476524;0.6184079023917944;"[[ 23  16  10  13  10   8]
 [ 10  94  43   7   8  15]
 [  0   9 154  16  13   9]
 [  3   8  32 147  13   8]
 [  9  12   4   7 134  13]
 [  0   4  28   4  16 101]]";246;[35 50 29 55 34 43]
1178;CiteSeer;own;1;0.2;64;0.5;1;0.005;1416030975;0.9920634920634921;0.9913582044305;"[[35  0  0  0  0  0]
 [ 0 51  0  0  0  0]
 [ 0  1 29  0  0  0]
 [ 0  0  0 56  0  0]
 [ 0  0  0  0 36  0]
 [ 0  0  0  0  1 43]]";0.7743490838958534;0.7399432031954897;"[[ 52  32  15  15  15   3]
 [  3 245  70  10  11  10]
 [  2  21 412  22   9  13]
 [  7   6  46 345  15   5]
 [  8  17  10   5 315  24]
 [  2   8  29   7  28 237]]";0.6583416583416584;0.6224726671552997;"[[ 22  19  10  14  10   5]
 [  9  97  42   6   8  15]
 [  0  10 153  16  13   9]
 [  3   7  31 153   9   8]
 [  8  14   4   6 135  12]
 [  0   5  28   5  16  99]]";252;[35 51 30 56 36 44]
1179;CiteSeer;own;1;0.2;64;0.5;1;0.005;1416030975;0.9883720930232558;0.9883274499611133;"[[35  0  0  0  0  0]
 [ 0 50  1  0  0  0]
 [ 0  0 31  0  0  0]
 [ 0  0  0 58  0  1]
 [ 0  0  0  0 38  0]
 [ 0  0  0  0  1 43]]";0.7736943907156673;0.7410782383994009;"[[ 52  31  18  14  13   2]
 [  2 239  69  11  12  10]
 [  3  27 414  20   8  13]
 [  6  10  50 339  15   5]
 [  7  16  11   4 318  27]
 [  2   7  28   6  21 238]]";0.6543456543456544;0.6144278896753127;"[[ 19  20  11  14  10   6]
 [ 10  98  41   6   9  13]
 [  0   9 154  16  13   9]
 [  3   9  33 149   8   9]
 [  8  15   4   6 135  11]
 [  0   5  29   4  15 100]]";258;[35 51 31 59 38 44]
1180;CiteSeer;own;1;0.2;64;0.5;1;0.005;1416030975;0.9848484848484849;0.9847866090510348;"[[34  0  0  1  0  0]
 [ 0 52  0  0  0  0]
 [ 0  0 33  0  0  0]
 [ 0  0  0 58  0  1]
 [ 1  1  0  0 39  0]
 [ 0  0  0  0  0 44]]";0.7710960232783706;0.7370501492705865;"[[ 51  31  20  14  11   2]
 [  2 229  83  12  12   8]
 [  3  11 432  21   9   7]
 [  5   7  56 332  18   6]
 [  9  14   9   4 324  22]
 [  2   2  36   8  28 222]]";0.6533466533466533;0.6124395312262633;"[[ 19  19  12  14  11   5]
 [ 12  89  47   8   9  12]
 [  0   6 160  16  13   6]
 [  3   6  35 150   8   9]
 [  8  13   5   6 138   9]
 [  0   2  34   5  14  98]]";264;[35 52 33 59 41 44]
1181;CiteSeer;own;1;0.2;64;0.5;1;0.005;1416030975;0.9888888888888889;0.9871748179553127;"[[35  0  0  0  0  0]
 [ 0 54  0  0  0  0]
 [ 0  1 32  0  1  0]
 [ 0  0  0 60  0  0]
 [ 0  0  0  0 42  0]
 [ 0  0  1  0  0 44]]";0.7825875486381323;0.7456075598299776;"[[ 50  31  15  15  12   5]
 [  2 243  60  13  12  12]
 [  4  17 430  19   7  11]
 [  4   8  54 330  18   6]
 [  9  15   7   4 331  18]
 [  2   3  25   8  31 225]]";0.6553446553446554;0.6127821090067639;"[[ 18  19  11  14  13   5]
 [  9  93  43   9  10  13]
 [  0   9 157  16  13   6]
 [  3   7  34 150   8   9]
 [  8  13   4   6 140   8]
 [  0   3  30   5  17  98]]";270;[35 54 34 60 42 45]
1182;CiteSeer;own;1;0.2;64;0.5;1;0.005;1416030975;0.9927536231884058;0.9921516754850087;"[[37  0  0  0  0  0]
 [ 0 53  2  0  0  0]
 [ 0  0 34  0  0  0]
 [ 0  0  0 61  0  0]
 [ 0  0  0  0 44  0]
 [ 0  0  0  0  0 45]]";0.7848780487804878;0.7488188047146179;"[[ 52  30  14  15  12   5]
 [  2 240  60  13  14  11]
 [  6  14 431  20   6  10]
 [  6  10  50 332  15   6]
 [  8  14   7   5 330  19]
 [  1   4  28   8  28 224]]";0.6573426573426573;0.617272966179436;"[[ 20  16  10  14  15   5]
 [ 11  90  43   8  11  14]
 [  0   8 159  16  13   5]
 [  4   7  34 150   8   8]
 [  9  12   5   6 139   8]
 [  0   2  31   4  16 100]]";276;[37 55 34 61 44 45]
1183;CiteSeer;own;1;0.2;64;0.5;1;0.005;1416030975;0.9964539007092199;0.995430359937402;"[[37  0  1  0  0  0]
 [ 0 55  0  0  0  0]
 [ 0  0 35  0  0  0]
 [ 0  0  0 62  0  0]
 [ 0  0  0  0 47  0]
 [ 0  0  0  0  0 45]]";0.7842465753424658;0.7488595780515729;"[[ 50  31  16  14  11   5]
 [  2 235  65  13  13  12]
 [  5  16 429  21   6   9]
 [  4   8  50 333  17   5]
 [  3  14   9   6 337  15]
 [  1   3  30   9  28 219]]";0.6573426573426573;0.61454332281178;"[[ 18  14  11  14  17   6]
 [  8  93  45   7  12  12]
 [  0   8 160  16  12   5]
 [  4   8  34 150   8   7]
 [  9  12   5   6 140   7]
 [  0   3  32   4  17  97]]";282;[38 55 35 62 47 45]
1184;CiteSeer;own;1;0.2;64;0.5;1;0.005;1416030975;1.0;1.0;"[[39  0  0  0  0  0]
 [ 0 57  0  0  0  0]
 [ 0  0 35  0  0  0]
 [ 0  0  0 63  0  0]
 [ 0  0  0  0 48  0]
 [ 0  0  0  0  0 46]]";0.7894995093228655;0.7540117191886919;"[[ 52  28  15  15  10   6]
 [  4 238  62  14  13  12]
 [  5  14 429  21   6  11]
 [  4   7  48 334  19   4]
 [  9  11   8   6 330  15]
 [  2   2  26   9  23 226]]";0.6623376623376623;0.6242113383035013;"[[ 21  12  11  14  16   6]
 [ 12  98  41   7   7  12]
 [  0   9 159  16  12   5]
 [  4   7  34 151   7   8]
 [ 13  15   5   6 135   5]
 [  0   3  31   5  15  99]]";288;[39 57 35 63 48 46]
1185;CiteSeer;own;1;0.2;64;0.5;1;0.005;1416030975;0.9965986394557823;0.9962419687234817;"[[40  0  0  0  0  0]
 [ 0 56  1  0  0  0]
 [ 0  0 36  0  0  0]
 [ 0  0  0 65  0  0]
 [ 0  0  0  0 49  0]
 [ 0  0  0  0  0 47]]";0.7913385826771654;0.758306430859347;"[[ 54  27  17  12  10   5]
 [  4 238  66  14  10  11]
 [  4  12 428  25   6  10]
 [  4   6  44 340  19   3]
 [  9  13   8   6 328  13]
 [  1   1  24  11  29 220]]";0.6683316683316683;0.6315202899620888;"[[ 22  10  12  16  15   5]
 [ 11 100  42   7   6  11]
 [  0   7 160  16  12   6]
 [  5   7  31 155   8   5]
 [ 13  18   5   6 133   4]
 [  0   2  32   5  15  99]]";294;[40 57 36 65 49 47]
1186;CiteSeer;own;1;0.2;64;0.5;1;0.005;1416030975;0.9966666666666667;0.9969492747594088;"[[40  0  0  0  0  0]
 [ 0 59  0  0  1  0]
 [ 0  0 37  0  0  0]
 [ 0  0  0 65  0  0]
 [ 0  0  0  0 50  0]
 [ 0  0  0  0  0 48]]";0.7966436327739388;0.7615716574324054;"[[ 53  29  15  11  12   4]
 [  4 246  59  11   9  11]
 [  4  16 430  19   6  10]
 [  8   7  45 337  17   3]
 [  7  13   8   5 332  12]
 [  1   3  25  10  28 216]]";0.6673326673326674;0.6295615233455573;"[[ 21  16  11  15  13   4]
 [ 10 104  38   7   9   9]
 [  0   7 159  17  12   6]
 [  9   8  30 150   8   6]
 [ 11  19   5   6 134   4]
 [  0   3  29   6  15 100]]";300;[40 60 37 65 50 48]
1187;CiteSeer;own;1;0.2;64;0.5;1;0.005;1416030975;1.0;1.0;"[[43  0  0  0  0  0]
 [ 0 61  0  0  0  0]
 [ 0  0 37  0  0  0]
 [ 0  0  0 66  0  0]
 [ 0  0  0  0 50  0]
 [ 0  0  0  0  0 49]]";0.7980198019801981;0.7622029169550409;"[[ 55  31  12  11  10   4]
 [ 10 243  53  11   9  11]
 [  4  13 433  19   6  10]
 [  8   9  45 337  14   3]
 [  9  14   8   5 328  13]
 [  1   2  25  10  28 216]]";0.6653346653346653;0.6282288097855778;"[[ 22  18  11  14  11   4]
 [ 14  99  38   7  10   9]
 [  1   7 160  16  12   5]
 [  6   9  30 153   7   6]
 [ 13  20   5   5 132   4]
 [  0   2  30   6  15 100]]";306;[43 61 37 66 50 49]
1188;CiteSeer;own;1;0.2;64;0.5;1;0.005;1416030975;0.9935897435897436;0.9939049220894112;"[[43  0  0  0  0  0]
 [ 0 60  1  0  0  0]
 [ 0  0 39  0  0  0]
 [ 0  1  0 66  0  0]
 [ 0  0  0  0 51  0]
 [ 0  0  0  0  0 51]]";0.8003972194637538;0.7670649202626666;"[[ 55  29  13  12  10   5]
 [  7 242  61  10  10   9]
 [  4  13 424  19   6   6]
 [  7   9  45 338  14   4]
 [  4  10  14   5 337  13]
 [  2   3  23   8  27 216]]";0.6673326673326674;0.6298895997818336;"[[ 22  16  11  14  12   5]
 [ 12  99  39   7  10  10]
 [  2   5 160  18  13   3]
 [  5   9  30 153   7   7]
 [ 12  16   5   5 135   6]
 [  0   2  31   6  15  99]]";312;[43 61 39 67 51 51]
1189;CiteSeer;own;1;0.2;64;0.5;1;0.005;1416030975;0.9905660377358491;0.9905723356871552;"[[45  0  0  0  0  0]
 [ 0 61  0  0  0  1]
 [ 0  0 40  0  0  0]
 [ 0  0  0 66  0  1]
 [ 0  0  0  0 52  0]
 [ 0  0  1  0  0 51]]";0.8002988047808764;0.7688258092906949;"[[ 57  29  11  12  10   3]
 [  8 244  56  10  11   9]
 [  4  16 417  20   8   4]
 [  8   9  45 335  15   3]
 [  6  12  10   6 335  13]
 [  2   3  24  10  24 219]]";0.6703296703296703;0.6356266836186069;"[[ 24  17   7  15  12   5]
 [ 12 102  39   5  10   9]
 [  2   7 158  18  13   3]
 [  6   7  31 154   7   6]
 [ 12  17   4   5 135   6]
 [  0   3  31   6  15  98]]";318;[45 62 40 67 52 52]
1190;CiteSeer;own;1;0.2;64;0.5;1;0.005;1416030975;0.9969135802469136;0.9974501216545013;"[[45  0  0  0  0  0]
 [ 0 62  0  1  0  0]
 [ 0  0 40  0  0  0]
 [ 0  0  0 68  0  0]
 [ 0  0  0  0 54  0]
 [ 0  0  0  0  0 54]]";0.7952047952047953;0.7646643652545051;"[[ 57  29  12  11  11   3]
 [  9 238  58  11  11  10]
 [  4  13 414  14   9   6]
 [  7   9  48 329  18   3]
 [  3  13  13   4 333  12]
 [  2   3  31   6  27 221]]";0.6553446553446554;0.6199894696456824;"[[ 23  15   8  14  15   5]
 [ 15  94  41   7  11   9]
 [  2   6 160  16  13   4]
 [ 10   6  35 145   9   6]
 [ 11  17   4   5 135   7]
 [  0   3  32   4  15  99]]";324;[45 63 40 68 54 54]
1191;CiteSeer;own;1;0.2;64;0.5;1;0.005;1416030975;0.996969696969697;0.9974711190298292;"[[46  0  0  0  0  0]
 [ 0 63  0  0  0  0]
 [ 0  0 41  0  0  0]
 [ 0  1  0 68  0  0]
 [ 0  0  0  0 55  0]
 [ 0  0  0  0  0 56]]";0.8016032064128257;0.7707856231233219;"[[ 58  28   8  13  13   3]
 [  8 239  56  12  10  11]
 [  4  13 412  16   8   5]
 [ 10   7  46 330  16   3]
 [  3  14  11   7 334  11]
 [  2   4  22   5  27 227]]";0.6683316683316683;0.6316525332229307;"[[ 22  15   8  14  15   6]
 [ 13 102  38   8   8   8]
 [  1   8 158  16  14   4]
 [ 10   6  32 147  10   6]
 [ 11  17   4   5 137   5]
 [  0   3  27   3  17 103]]";330;[46 63 41 69 55 56]
1192;CiteSeer;own;1;0.2;64;0.5;1;0.005;1416030975;0.9940476190476191;0.9941809640604822;"[[48  0  0  0  0  0]
 [ 0 62  1  1  0  0]
 [ 0  0 41  0  0  0]
 [ 0  0  0 71  0  0]
 [ 0  0  0  0 55  0]
 [ 0  0  0  0  0 57]]";0.807035175879397;0.7773119753409401;"[[ 60  27   8  13  12   4]
 [  6 243  53  10  10  14]
 [  5  13 414  14   7   5]
 [  9   7  45 326  16   3]
 [  4  12  10   7 335  11]
 [  1   3  20   5  30 228]]";0.6723276723276723;0.6377721102082219;"[[ 24  15   7  14  15   5]
 [ 13 103  36   8   9   8]
 [  1   8 158  16  14   4]
 [ 11   7  30 146  10   7]
 [ 11  15   4   5 139   5]
 [  0   3  27   3  17 103]]";336;[48 64 41 71 55 57]
1193;CiteSeer;own;1;0.2;64;0.5;1;0.005;1416030975;0.9970760233918129;0.9975382387546384;"[[51  0  0  0  0  0]
 [ 0 63  0  1  0  0]
 [ 0  0 42  0  0  0]
 [ 0  0  0 72  0  0]
 [ 0  0  0  0 56  0]
 [ 0  0  0  0  0 57]]";0.8074596774193549;0.7781629312127666;"[[ 64  28   7  12  11   3]
 [  8 244  53  10  10  10]
 [ 10  14 401  15   6   6]
 [  8   7  43 329  16   2]
 [  7   7  10   6 338  10]
 [  5   1  22   6  29 226]]";0.6663336663336663;0.6347997453494425;"[[ 26  16   7  14  12   5]
 [ 17 101  38   5  10   6]
 [  5   9 155  15  13   4]
 [  9   7  33 148   8   6]
 [ 14  13   3   8 135   6]
 [  0   3  28   4  16 102]]";342;[51 64 42 72 56 57]
1194;CiteSeer;own;1;0.2;64;0.5;1;0.005;1416030975;0.9942528735632183;0.9943615562884105;"[[51  0  0  0  0  0]
 [ 0 63  1  1  0  0]
 [ 0  0 43  0  0  0]
 [ 0  0  0 74  0  0]
 [ 0  0  0  0 56  0]
 [ 0  0  0  0  0 59]]";0.8088978766430738;0.7813132735654374;"[[ 64  27  11  11   9   3]
 [  8 244  55  10   8   9]
 [  5  12 405  15   6   5]
 [  8   7  45 329  13   3]
 [  7  10  10   7 333  11]
 [  3   1  24   9  26 225]]";0.6703296703296703;0.6390150756266116;"[[ 26  17   7  13  11   6]
 [ 15 106  38   5   8   5]
 [  2   8 158  17  12   4]
 [  8   7  33 149   8   6]
 [ 16  16   4   7 130   6]
 [  0   3  28   5  15 102]]";348;[51 65 43 74 56 59]
1195;CiteSeer;own;1;0.2;64;0.5;1;0.005;1416030975;0.9943502824858758;0.9942615817065773;"[[51  0  0  0  0  0]
 [ 0 65  0  1  0  0]
 [ 0  0 44  0  0  0]
 [ 0  0  0 74  0  0]
 [ 0  0  1  0 56  0]
 [ 0  0  0  0  0 62]]";0.8113590263691683;0.7824599164978713;"[[ 61  27  10  11  11   3]
 [  8 242  55   8   9  10]
 [  5  11 405  16   6   5]
 [  8   6  43 329  15   4]
 [  7   7  12   5 331  12]
 [  0   1  21   7  29 232]]";0.6703296703296703;0.6356924371167233;"[[ 25  15   7  11  14   8]
 [ 15  99  39   7   8   9]
 [  0   7 160  18  12   4]
 [ 11   7  30 148   8   7]
 [ 16  13   4   5 136   5]
 [  0   4  24   5  17 103]]";354;[51 66 44 74 57 62]
1196;CiteSeer;own;1;0.2;64;0.5;1;0.005;1416030975;0.9972222222222222;0.9976468638661032;"[[51  0  0  0  0  0]
 [ 0 67  0  0  0  0]
 [ 0  0 45  0  0  0]
 [ 0  1  0 74  0  0]
 [ 0  0  0  0 58  0]
 [ 0  0  0  0  0 64]]";0.8118006103763988;0.7836178123893439;"[[ 62  26   9  10  11   4]
 [  7 238  56   9  11  12]
 [  7  12 402  15   6   5]
 [  6   7  42 330  15   4]
 [  8   7   9   6 330  11]
 [  0   1  18   6  30 234]]";0.6773226773226774;0.6458126227943264;"[[ 27  14   7  10  14   8]
 [ 14 102  39   7   7   8]
 [  2   7 158  18  12   4]
 [  7   7  31 150   9   7]
 [ 15  13   4   6 136   5]
 [  0   4  23   4  17 105]]";360;[51 67 45 75 58 64]
1197;CiteSeer;own;1;0.2;64;0.5;1;0.005;1416030975;0.994535519125683;0.9946137650169594;"[[53  0  0  0  0  0]
 [ 0 67  1  1  0  0]
 [ 0  0 45  0  0  0]
 [ 0  0  0 75  0  0]
 [ 0  0  0  0 58  0]
 [ 0  0  0  0  0 66]]";0.8168367346938775;0.7909092031244441;"[[ 63  26  11   8   9   4]
 [  4 251  46  11   9  12]
 [  6  16 400  12   6   4]
 [  6   9  45 327  14   3]
 [  9  10  10   5 325  12]
 [  0   3  19   6  24 235]]";0.6783216783216783;0.6479950140578944;"[[ 27  14   8  12  11   8]
 [ 13 111  35   7   4   7]
 [  1  10 158  16  12   4]
 [  8   7  32 148   9   7]
 [ 16  16   6   5 129   7]
 [  0   3  25   4  15 106]]";366;[53 69 45 75 58 66]
1198;CiteSeer;own;1;0.2;64;0.5;1;0.005;1416030975;0.9919354838709677;0.9917530256476796;"[[54  0  0  0  0  0]
 [ 0 68  2  1  0  0]
 [ 0  0 46  0  0  0]
 [ 0  0  0 75  0  0]
 [ 0  0  0  0 59  0]
 [ 0  0  0  0  0 67]]";0.8178096212896623;0.790784481129471;"[[ 63  26   9   8   9   5]
 [  6 247  45  10   9  11]
 [  6  15 399  13   5   6]
 [  5  11  41 330  13   4]
 [  9  11  10   5 325  12]
 [  1   2  18   6  25 234]]";0.6773226773226774;0.6454718637473381;"[[ 26  15   8  12  11   8]
 [ 13 108  36   7   5   8]
 [  1  10 157  17  12   4]
 [  8   8  30 149   9   7]
 [ 16  14   6   5 132   6]
 [  0   3  24   5  15 106]]";372;[54 71 46 75 59 67]
1199;CiteSeer;own;1;0.2;64;0.5;1;0.005;1416030975;0.9973544973544973;0.9977451742157625;"[[55  0  0  0  0  0]
 [ 0 71  0  0  0  0]
 [ 0  0 47  0  0  0]
 [ 0  1  0 76  0  0]
 [ 0  0  0  0 61  0]
 [ 0  0  0  0  0 67]]";0.8198151950718686;0.7933899420045863;"[[ 63  26   5   9  12   4]
 [  6 248  42   9   9  12]
 [  9  17 392  13   7   4]
 [  3  11  42 328  16   4]
 [  9   9  10   4 330  10]
 [  0   2  16   6  25 236]]";0.6773226773226774;0.6469957221021353;"[[ 27  17   5  12  13   6]
 [ 13 109  36   4   7   8]
 [  2  13 151  18  13   4]
 [  7   9  27 151  10   7]
 [ 16  14   6   5 132   6]
 [  0   5  19   6  15 108]]";378;[55 71 47 77 61 67]
1200;CiteSeer;own;1;0.2;64;0.5;1;0.005;1416030975;0.9973958333333334;0.9977753058954395;"[[56  0  0  0  0  0]
 [ 0 72  0  0  0  0]
 [ 0  0 49  0  0  0]
 [ 0  1  0 77  0  0]
 [ 0  0  0  0 61  0]
 [ 0  0  0  0  0 68]]";0.8192584963954685;0.7938030807071152;"[[ 63  26   6   8  11   4]
 [  7 244  45   9   9  11]
 [  5  17 395  13   6   4]
 [  3  10  42 329  16   4]
 [  9   9  10   5 324  14]
 [  0   1  16   7  24 236]]";0.6923076923076923;0.6614809284711219;"[[ 28  16   7  12  10   7]
 [ 14 112  35   4   6   6]
 [  1  11 158  15  12   4]
 [  5   8  27 155   9   7]
 [ 17  13   6   6 131   6]
 [  0   5  19   5  15 109]]";384;[56 72 49 78 61 68]
1201;CiteSeer;own;1;0.2;64;0.5;1;0.005;1416030975;0.9948717948717949;0.9949780212181282;"[[56  0  0  0  0  0]
 [ 0 71  0  1  0  0]
 [ 0  0 50  0  0  0]
 [ 0  0  0 79  0  0]
 [ 1  0  0  0 62  0]
 [ 0  0  0  0  0 70]]";0.8223140495867769;0.796861598374092;"[[ 62  25   7   7  13   4]
 [  4 240  48  10   9  14]
 [  3  14 401  12   3   4]
 [  3   6  42 330  18   4]
 [  8   9  10   4 323  17]
 [  0   0  15   6  25 236]]";0.6943056943056943;0.660222644974187;"[[ 26  16   9  11  11   7]
 [ 14 110  35   5   6   7]
 [  0   6 164  15  12   4]
 [  5   8  27 154  10   7]
 [ 17  12   6   6 131   7]
 [  0   3  21   3  16 110]]";390;[56 72 50 79 63 70]
1202;CiteSeer;own;1;0.2;64;0.5;1;0.005;1416030975;0.9873737373737373;0.9875910558968597;"[[56  0  0  0  0  0]
 [ 0 71  1  0  0  0]
 [ 0  0 52  0  0  0]
 [ 1  1  0 80  0  1]
 [ 1  0  0  0 62  0]
 [ 0  0  0  0  0 70]]";0.8253886010362694;0.7961789941050305;"[[ 59  22   8   8  12   7]
 [  3 235  51  10   9  15]
 [  4  10 407   9   2   5]
 [  3   6  40 331  16   3]
 [  9   9  10   4 326  14]
 [  1   0  16   6  25 235]]";0.6973026973026973;0.6631614844947976;"[[ 26  16   9  11  11   7]
 [ 13 110  35   5   6   8]
 [  1   6 164  14  12   4]
 [  5   6  28 155  10   7]
 [ 15  12   6   6 133   7]
 [  0   2  22   3  16 110]]";396;[56 72 52 83 63 70]
1203;CiteSeer;own;1;0.2;64;0.5;1;0.005;1416030975;0.9875621890547264;0.9870914046036584;"[[56  0  0  0  0  1]
 [ 0 72  1  0  0  0]
 [ 0  1 53  0  0  0]
 [ 0  1  0 83  0  0]
 [ 1  0  0  0 62  0]
 [ 0  0  0  0  0 71]]";0.8248440748440748;0.7931686116708107;"[[ 58  23   9   6  12   6]
 [  5 230  51  10  10  16]
 [  4   6 415   9   2   6]
 [  3   6  39 331  14   3]
 [ 11  10  10   4 322  13]
 [  2   0  17   7  23 231]]";0.6933066933066933;0.6616333929342186;"[[ 29  13   9  11  11   7]
 [ 14 102  43   5   6   7]
 [  1   4 167  13  12   4]
 [  4   7  25 159  10   6]
 [ 17  13   6   6 130   7]
 [  1   2  21   6  16 107]]";402;[57 73 54 84 63 71]
1204;CiteSeer;own;1;0.2;64;0.5;1;0.005;1416030975;0.9877450980392157;0.9870917406834749;"[[55  0  1  1  0  1]
 [ 0 74  0  1  0  0]
 [ 0  0 54  0  0  0]
 [ 0  0  0 84  0  0]
 [ 1  0  0  0 62  0]
 [ 0  0  0  0  0 74]]";0.8269030239833159;0.7974397587766501;"[[ 58  23   9   5  12   6]
 [  4 230  52  10  10  15]
 [  4   9 411  10   3   5]
 [  2  10  34 331  14   4]
 [  9  11   9   4 323  13]
 [  0   1  16   5  23 233]]";0.6973026973026973;0.6630781131788095;"[[ 27  16   8  10  11   8]
 [ 14 103  42   7   4   7]
 [  1   5 167  13  12   3]
 [  4   9  25 158   9   6]
 [ 15  13   4   6 134   7]
 [  0   4  19   3  18 109]]";408;[58 75 54 84 63 74]
1205;CiteSeer;own;1;0.2;64;0.5;1;0.005;1416030975;0.9879227053140096;0.9871207583164935;"[[56  0  1  0  0  1]
 [ 0 74  1  0  0  0]
 [ 0  0 56  0  0  0]
 [ 0  1  0 85  0  0]
 [ 1  0  0  0 64  0]
 [ 0  0  0  0  0 74]]";0.8247907949790795;0.7938696325965293;"[[ 58  25   7   7  11   5]
 [  7 230  52  10   9  13]
 [  4  11 403  13   3   6]
 [  3   8  33 333  12   4]
 [ 10  11   8   4 322  13]
 [  1   1  16   6  22 231]]";0.7032967032967034;0.6683803616376086;"[[ 27  17   8  10  10   8]
 [ 13 104  42   7   4   7]
 [  0   4 168  13  12   4]
 [  4   9  23 160   9   6]
 [ 17  13   4   6 133   6]
 [  1   4  17   4  15 112]]";414;[58 75 56 86 65 74]
1206;CiteSeer;own;1;0.2;64;0.5;1;0.005;1416030975;0.9904761904761905;0.9901867569327848;"[[58  0  0  0  1  0]
 [ 0 76  1  0  0  0]
 [ 0  0 57  0  0  0]
 [ 0  1  0 85  0  0]
 [ 0  0  0  0 65  0]
 [ 0  0  1  0  0 75]]";0.8284365162644282;0.7973072627427299;"[[ 57  23   8   8  11   5]
 [  5 237  50  10   9  11]
 [  4   8 404  12   4   5]
 [  3   6  33 330  12   3]
 [ 11  11   8   5 320  14]
 [  1   2  17   7  21 231]]";0.6963036963036963;0.6615456376361392;"[[ 26  19   8  10  12   5]
 [ 13 103  42   7   5   7]
 [  0   4 167  15  12   3]
 [  4   9  26 156  10   6]
 [ 16  12   4   6 133   8]
 [  1   4  17   4  15 112]]";420;[59 77 57 86 65 76]
1207;CiteSeer;own;1;0.2;64;0.5;1;0.005;1932968203;0.0;0.0;[[]];0.17927773000859845;0.050674444039372955;"[[  0   0   0   0 184   0]
 [  0   0   0   0 413   0]
 [  0   0   0   0 467   0]
 [  0   0   0   0 490   0]
 [  0   0   0   0 417   0]
 [  0   0   0   0 355   0]]";0.17882117882117882;0.050564971751412426;"[[  0   0   0   0  80   0]
 [  0   0   0   0 177   0]
 [  0   0   0   0 201   0]
 [  0   0   0   0 211   0]
 [  0   0   0   0 179   0]
 [  0   0   0   0 153   0]]";0;[]
1208;CiteSeer;own;1;0.2;64;0.5;1;0.005;1932968203;1.0;1.0;"[[1 0 0 0]
 [0 3 0 0]
 [0 0 1 0]
 [0 0 0 1]]";0.15387931034482757;0.09058504441774047;"[[ 88  87   0   0   0   0]
 [190 247   0   1   0   0]
 [315 152   0   0   0   0]
 [355 113   0  20   0   0]
 [115 282   0   0   2   0]
 [178 175   0   0   0   0]]";0.16683316683316685;0.10160027516247871;"[[ 42  38   0   0   0   0]
 [ 65 112   0   0   0   0]
 [144  57   0   0   0   0]
 [151  47   0  13   0   0]
 [ 52 127   0   0   0   0]
 [ 85  68   0   0   0   0]]";6;[0 1 0 3 1 1]
1209;CiteSeer;own;1;0.2;64;0.5;1;0.005;1932968203;1.0;1.0;"[[2 0 0 0 0]
 [0 2 0 0 0]
 [0 0 5 0 0]
 [0 0 0 2 0]
 [0 0 0 0 1]]";0.41789109766637855;0.3129244085772345;"[[ 52   2  63   1  51   0]
 [ 81  36 225   2  86   0]
 [ 45   0 392  10  25   0]
 [ 12   1 193 115 162   0]
 [ 25   4  14   1 372   0]
 [ 75   4 139   1 125   0]]";0.40559440559440557;0.29953730424342107;"[[ 21   7  24   0  28   0]
 [ 31   6  90   0  50   0]
 [ 20   0 161   4  16   0]
 [  7   0  87  60  57   0]
 [ 12   8   1   0 158   0]
 [ 36   1  63   0  53   0]]";12;[0 2 2 5 2 1]
1210;CiteSeer;own;1;0.2;64;0.5;1;0.005;1932968203;0.8888888888888888;0.8647619047619047;"[[2 0 0 0 0]
 [0 3 0 0 0]
 [0 0 7 0 0]
 [1 1 0 2 0]
 [0 0 0 0 2]]";0.44410745233968807;0.3483538095895118;"[[ 28  13  74   4  43  13]
 [ 34  31 252   7  65  27]
 [ 21   1 405  15  22   9]
 [  8   1 134 162 126  47]
 [ 13  14  16   2 368   6]
 [ 29   4 157   4 122  31]]";0.42357642357642356;0.326655583099619;"[[ 10   9  27   1  26   7]
 [ 11   9 107   1  33  16]
 [ 13   0 166   5  15   2]
 [  7   0  59  82  45  18]
 [  9  13   4   0 149   4]
 [ 15   1  71   1  57   8]]";18;[0 2 3 7 4 2]
1211;CiteSeer;own;1;0.2;64;0.5;1;0.005;1932968203;0.875;0.8361904761904763;"[[2 1 0 0 0]
 [0 3 0 0 0]
 [0 0 9 0 0]
 [1 0 0 4 0]
 [0 0 0 1 3]]";0.49869678540399653;0.37817476844823367;"[[ 28  17  42  28  56   0]
 [ 45  43 202  32  91   1]
 [ 34   1 386  28  20   0]
 [ 26   2  74 308  76   0]
 [ 11  17   6   6 377   0]
 [ 31  10 115  24 159   6]]";0.4695304695304695;0.3532893725094765;"[[ 10  11  15  14  30   0]
 [ 13  17  79  13  54   1]
 [ 19   0 155  11  15   1]
 [ 10   0  44 132  25   0]
 [  7  12   4   1 155   0]
 [ 16   2  52   9  73   1]]";24;[0 3 3 9 5 4]
1212;CiteSeer;own;1;0.2;64;0.5;1;0.005;1932968203;0.9666666666666667;0.9629629629629629;"[[ 1  0  0  0  0  0]
 [ 0  4  0  0  0  0]
 [ 0  0  5  0  0  0]
 [ 0  0  0 10  0  0]
 [ 0  1  0  0  4  0]
 [ 0  0  0  0  0  5]]";0.524390243902439;0.41945776734352386;"[[ 48  30  16  45  31   0]
 [ 92  73 111  89  46   0]
 [ 40   5 353  57  12   0]
 [ 31   3  38 376  39   0]
 [ 28  22   2  17 348   0]
 [ 70  27  49  71 121   6]]";0.48151848151848153;0.3830852424840165;"[[ 18  17   5  24  16   0]
 [ 46  25  43  35  28   0]
 [ 21   5 143  23   9   0]
 [ 12   1  23 161  14   0]
 [ 16  19   0  10 134   0]
 [ 40  16  17  31  48   1]]";30;[ 1  4  5 10  5  5]
1213;CiteSeer;own;1;0.2;64;0.5;1;0.005;1932968203;0.9722222222222222;0.9696969696969697;"[[ 1  0  0  0  0  0]
 [ 0  5  0  0  0  0]
 [ 0  0  7  0  0  0]
 [ 0  0  0 10  0  0]
 [ 0  1  0  0  5  0]
 [ 0  0  0  0  0  7]]";0.640174672489083;0.5917605041030303;"[[ 52  56   8  28  21   1]
 [ 64 234  66  34  16   9]
 [ 24  23 360  50   9   0]
 [ 25  12  36 380  31   2]
 [ 48  39   2   6 318   0]
 [ 39  59  35  26  55 122]]";0.5994005994005994;0.5553026812086905;"[[ 20  22   5  18  14   1]
 [ 27  89  24  20  13   4]
 [ 16  11 144  19   9   2]
 [  6  11  21 162  10   1]
 [ 17  25   1   6 129   1]
 [ 22  34  14   2  25  56]]";36;[ 1  5  7 10  6  7]
1214;CiteSeer;own;1;0.2;64;0.5;1;0.005;1932968203;0.9523809523809523;0.9529040404040404;"[[ 1  0  0  0  0  0]
 [ 0  5  0  0  0  0]
 [ 0  0  7  0  1  0]
 [ 0  0  0 11  0  0]
 [ 0  1  0  0  7  0]
 [ 0  0  0  0  0  9]]";0.638353765323993;0.5826732899189451;"[[ 43  46  11  20  40   5]
 [ 73 210  57  38  32  12]
 [ 27  18 348  51  19   1]
 [ 20  12  29 356  62   2]
 [  5  29   1   6 377   0]
 [ 12  45  29  15 109 124]]";0.5894105894105894;0.5418114442453176;"[[ 18  19   6  16  19   2]
 [ 28  81  27  18  19   4]
 [ 14   9 138  20  18   2]
 [  3   8  19 151  29   1]
 [ 10  19   0   3 146   1]
 [  9  31  15   1  41  56]]";42;[ 1  5  8 11  8  9]
1215;CiteSeer;own;1;0.2;64;0.5;1;0.005;1932968203;1.0;1.0;"[[ 1  0  0  0  0  0]
 [ 0  6  0  0  0  0]
 [ 0  0  9  0  0  0]
 [ 0  0  0 12  0  0]
 [ 0  0  0  0  9  0]
 [ 0  0  0  0  0 11]]";0.6575943810359964;0.5761907370899291;"[[  8  48  13  19  56  18]
 [  5 257  51  27  48  34]
 [  0  24 342  50  28  15]
 [  0  14  39 332  84  13]
 [  0  29   2   5 378   7]
 [  0  43  22   7  79 181]]";0.5924075924075924;0.5187216351274874;"[[  3  20   6  15  28   8]
 [  3  94  23  14  25  18]
 [  1  14 130  24  23   9]
 [  0   9  23 137  35   7]
 [  0  19   0   3 155   2]
 [  0  34  11   1  33  74]]";48;[ 1  6  9 12  9 11]
1216;CiteSeer;own;1;0.2;64;0.5;1;0.005;1932968203;1.0;1.0;"[[ 2  0  0  0  0  0]
 [ 0  6  0  0  0  0]
 [ 0  0 10  0  0  0]
 [ 0  0  0 13  0  0]
 [ 0  0  0  0 11  0]
 [ 0  0  0  0  0 12]]";0.6580105633802817;0.6028855742985855;"[[ 33  39  19  20  36  14]
 [ 47 220  59  31  33  32]
 [ 19  18 340  59  16   6]
 [  9  11  41 350  66   4]
 [  2  28   3   6 371   9]
 [  3  34  27  10  76 181]]";0.5974025974025974;0.5489494238241105;"[[ 14  17   7  15  21   6]
 [ 22  82  25  15  15  18]
 [  7  12 134  28  16   4]
 [  3   8  21 143  33   3]
 [  5  16   1   4 146   7]
 [  4  24  13   2  31  79]]";54;[ 2  6 10 13 11 12]
1217;CiteSeer;own;1;0.2;64;0.5;1;0.005;1932968203;1.0;1.0;"[[ 3  0  0  0  0  0]
 [ 0  8  0  0  0  0]
 [ 0  0 11  0  0  0]
 [ 0  0  0 14  0  0]
 [ 0  0  0  0 12  0]
 [ 0  0  0  0  0 12]]";0.6491615180935569;0.5850485435352678;"[[ 23  37  18  21  47  14]
 [ 44 204  59  35  50  28]
 [  9  20 330  73  16   7]
 [  5  11  33 359  68   4]
 [  0  25   3   7 380   5]
 [  1  38  21  12  84 175]]";0.5954045954045954;0.5435961302872059;"[[ 13  16   7  15  23   6]
 [ 23  76  25  17  19  17]
 [  4  13 128  35  18   3]
 [  2   8  18 151  31   1]
 [  2  17   0   4 152   4]
 [  1  23  11   4  38  76]]";60;[ 3  8 11 14 12 12]
1218;CiteSeer;own;1;0.2;64;0.5;1;0.005;1932968203;1.0;1.0;"[[ 3  0  0  0  0  0]
 [ 0 10  0  0  0  0]
 [ 0  0 11  0  0  0]
 [ 0  0  0 15  0  0]
 [ 0  0  0  0 13  0]
 [ 0  0  0  0  0 14]]";0.6685840707964602;0.590512990712213;"[[  8  74   9  10  38  17]
 [  3 383  11  13  33  12]
 [  0 118 238  48   8   9]
 [  2  58  16 332  62   4]
 [  0  32   3   6 356  17]
 [  0  65  15   7  59 194]]";0.5914085914085914;0.524824688274014;"[[  3  37   3  12  24   1]
 [  1 134   8   6  20   8]
 [  0  81  84  19  15   2]
 [  0  19  13 147  30   2]
 [  0  22   0   3 143  11]
 [  0  36   7   1  28  81]]";66;[ 3 10 11 15 13 14]
1219;CiteSeer;own;1;0.2;64;0.5;1;0.005;1932968203;1.0;1.0;"[[ 3  0  0  0  0  0]
 [ 0 13  0  0  0  0]
 [ 0  0 13  0  0  0]
 [ 0  0  0 15  0  0]
 [ 0  0  0  0 14  0]
 [ 0  0  0  0  0 14]]";0.6725820763087844;0.5965802765201934;"[[ 10  67   8  10  42  18]
 [  4 376  16  15  32  11]
 [  0 110 248  43  10   9]
 [  2  47  23 328  68   4]
 [  0  31   1   5 360  16]
 [  0  56  21   6  63 194]]";0.5914085914085914;0.5292919851185394;"[[  4  34   5  10  26   1]
 [  4 128  10   7  20   8]
 [  0  74  91  16  18   2]
 [  0  19  16 142  32   2]
 [  0  20   1   3 145  10]
 [  0  32  11   1  27  82]]";72;[ 3 13 13 15 14 14]
1220;CiteSeer;own;1;0.2;64;0.5;1;0.005;1932968203;1.0;1.0;"[[ 3  0  0  0  0  0]
 [ 0 15  0  0  0  0]
 [ 0  0 14  0  0  0]
 [ 0  0  0 16  0  0]
 [ 0  0  0  0 15  0]
 [ 0  0  0  0  0 15]]";0.6761565836298933;0.5996568790366847;"[[ 10  67   8  12  40  18]
 [  3 378  18  18  24  12]
 [  0 102 248  49  10  10]
 [  2  51  22 328  61   7]
 [  0  30   1   4 357  21]
 [  0  58  17   6  57 199]]";0.6043956043956044;0.5411348508849695;"[[  4  36   5  10  23   2]
 [  2 134   9   5  17  10]
 [  1  72  92  18  15   3]
 [  0  19  16 142  31   3]
 [  0  21   1   3 142  12]
 [  0  30  11   1  20  91]]";78;[ 3 15 14 16 15 15]
1221;CiteSeer;own;1;0.2;64;0.5;1;0.005;1932968203;1.0;1.0;"[[ 5  0  0  0  0  0]
 [ 0 15  0  0  0  0]
 [ 0  0 15  0  0  0]
 [ 0  0  0 18  0  0]
 [ 0  0  0  0 15  0]
 [ 0  0  0  0  0 16]]";0.7011596788581623;0.6469575454402409;"[[ 31  57  11  15  29  11]
 [ 16 352  19  25  28  11]
 [  7  75 266  56   9   6]
 [ 11  29  23 366  36   6]
 [  0  28   4   6 352  23]
 [  4  44  23  13  45 205]]";0.6313686313686314;0.5922308262457779;"[[ 16  29   4  13  16   2]
 [  6 129   9  11  16   6]
 [  2  55 107  23  12   2]
 [  3  14  20 151  21   2]
 [  3  20   2   4 139  11]
 [  3  25  17   2  16  90]]";84;[ 5 15 15 18 15 16]
1222;CiteSeer;own;1;0.2;64;0.5;1;0.005;1932968203;1.0;1.0;"[[ 6  0  0  0  0  0]
 [ 0 17  0  0  0  0]
 [ 0  0 16  0  0  0]
 [ 0  0  0 18  0  0]
 [ 0  0  0  0 15  0]
 [ 0  0  0  0  0 18]]";0.7057245080500895;0.6284489479987488;"[[ 12  69  15  17  26  13]
 [  6 375  18  22  22   9]
 [  0  84 275  45   8   5]
 [  2  34  28 366  37   4]
 [  0  31   5   3 352  22]
 [  0  60  21  11  41 198]]";0.6253746253746254;0.5737029204340853;"[[  9  32   6  12  20   1]
 [  3 134  10  10  15   5]
 [  0  62 107  19  12   1]
 [  0  14  23 149  24   1]
 [  1  22   3   2 141  10]
 [  0  34  16   1  16  86]]";90;[ 6 17 16 18 15 18]
1223;CiteSeer;own;1;0.2;64;0.5;1;0.005;1932968203;1.0;1.0;"[[ 6  0  0  0  0  0]
 [ 0 17  0  0  0  0]
 [ 0  0 18  0  0  0]
 [ 0  0  0 20  0  0]
 [ 0  0  0  0 16  0]
 [ 0  0  0  0  0 19]]";0.6995515695067265;0.6345246525613889;"[[ 18  67  18  13  24  11]
 [  7 374  22  14  16   9]
 [  1  87 303  33   7   5]
 [  3  44  50 320  35   6]
 [  0  41   3   3 346  20]
 [  0  66  26   7  32 199]]";0.6183816183816184;0.5688110206171689;"[[  9  36   8   9  16   2]
 [  5 138  12   7  10   5]
 [  1  59 119   9  12   1]
 [  1  14  36 136  23   1]
 [  1  26   6   2 134  10]
 [  0  35  17   1  17  83]]";96;[ 6 17 18 20 16 19]
1224;CiteSeer;own;1;0.2;64;0.5;1;0.005;1932968203;1.0;1.0;"[[ 7  0  0  0  0  0]
 [ 0 18  0  0  0  0]
 [ 0  0 18  0  0  0]
 [ 0  0  0 22  0  0]
 [ 0  0  0  0 17  0]
 [ 0  0  0  0  0 20]]";0.7077338129496403;0.6398645086086953;"[[ 17  61  15  22  25  10]
 [  5 375  19  16  18   9]
 [  0  93 274  53   6   5]
 [  0  38  31 346  41   6]
 [  0  34   2   4 357  17]
 [  0  59  13  12  36 205]]";0.6163836163836164;0.5579261562440392;"[[  6  36   7  11  18   2]
 [  6 133  10  10  12   6]
 [  0  65 102  21  12   1]
 [  0  16  18 150  24   3]
 [  1  23   4   3 140   8]
 [  0  34  14   2  17  86]]";102;[ 7 18 18 22 17 20]
1225;CiteSeer;own;1;0.2;64;0.5;1;0.005;1932968203;1.0;1.0;"[[ 7  0  0  0  0  0]
 [ 0 19  0  0  0  0]
 [ 0  0 20  0  0  0]
 [ 0  0  0 24  0  0]
 [ 0  0  0  0 17  0]
 [ 0  0  0  0  0 21]]";0.7312894499549143;0.6529430094968727;"[[ 14  52  30  17  28   8]
 [  2 332  31  16  21  11]
 [  0  39 393  32   7   2]
 [  0  19  63 321  41   4]
 [  0  25   6   2 360  18]
 [  0  43  28   9  42 202]]";0.6413586413586414;0.5742976343086132;"[[  5  28  16  12  18   1]
 [  3 120  23  10  14   7]
 [  0  32 146  10  12   1]
 [  0   8  36 142  21   4]
 [  0  18   6   4 142   9]
 [  0  27  20   4  15  87]]";108;[ 7 19 20 24 17 21]
1226;CiteSeer;own;1;0.2;64;0.5;1;0.005;1932968203;0.9912280701754386;0.9926669854933844;"[[ 8  0  0  0  0  0]
 [ 0 20  0  1  0  0]
 [ 0  0 20  0  0  0]
 [ 0  0  0 25  0  0]
 [ 0  0  0  0 17  0]
 [ 0  0  0  0  0 23]]";0.7382459312839059;0.6603944847285506;"[[ 14  57  23  22  21   9]
 [  1 336  29  17  16  11]
 [  0  47 375  41   6   4]
 [  0  20  51 351  25   5]
 [  0  29   6   5 347  22]
 [  0  43  26  12  31 210]]";0.6553446553446554;0.5843554026116564;"[[  4  30  15  16  14   1]
 [  3 130  18  11  10   5]
 [  0  35 145   8  12   1]
 [  0  10  33 153  11   4]
 [  0  23   5   8 134   9]
 [  0  28  17   4  14  90]]";114;[ 8 21 20 25 17 23]
1227;CiteSeer;own;1;0.2;64;0.5;1;0.005;1932968203;0.9916666666666667;0.9918505267342477;"[[10  0  0  0  0  0]
 [ 0 21  0  0  1  0]
 [ 0  0 21  0  0  0]
 [ 0  0  0 25  0  0]
 [ 0  0  0  0 19  0]
 [ 0  0  0  0  0 23]]";0.7121486854034451;0.6400003316475567;"[[ 14  50  12  10  50   7]
 [  1 307  27  12  51  11]
 [  0  37 367  18  37   0]
 [  0  17  46 290  84   4]
 [  0  24   1   5 391  13]
 [  0  31  21   3  63 202]]";0.6143856143856143;0.5498263738768895;"[[  4  27   8  12  28   1]
 [  3 119  16  11  22   6]
 [  0  31 134   4  30   2]
 [  0   9  29 131  39   3]
 [  0  18   4   7 142   8]
 [  0  23  15   1  29  85]]";120;[10 22 21 25 19 23]
1228;CiteSeer;own;1;0.2;64;0.5;1;0.005;1932968203;0.9841269841269841;0.9822471983962667;"[[11  0  0  0  0  0]
 [ 1 22  0  0  0  0]
 [ 0  0 24  0  0  0]
 [ 0  0  1 24  0  0]
 [ 0  0  0  0 19  0]
 [ 0  0  0  0  0 24]]";0.695;0.6267898615235431;"[[ 15  48  40   8  29   5]
 [  2 276  66   8  32   6]
 [  0  41 405  15  21   0]
 [  0  19  93 274  44   6]
 [  0  25  18   3 354  24]
 [  0  30  49   4  35 205]]";0.5894105894105894;0.5314522071156397;"[[  5  25  17  12  18   3]
 [  4 103  38   6  21   5]
 [  0  30 145   2  22   2]
 [  0  10  48 128  22   3]
 [  0  21  13   7 128  10]
 [  0  20  36   0  16  81]]";126;[11 23 24 25 19 24]
1229;CiteSeer;own;1;0.2;64;0.5;1;0.005;1932968203;0.9848484848484849;0.9802350427350427;"[[12  0  0  0  0  0]
 [ 2 23  0  0  0  0]
 [ 0  0 25  0  0  0]
 [ 0  0  0 27  0  0]
 [ 0  0  0  0 19  0]
 [ 0  0  0  0  0 24]]";0.7133090246125797;0.6496300872329575;"[[ 20  54  26  18  24   2]
 [  1 300  46  14  26   6]
 [  0  53 375  31  19   1]
 [  0  18  48 338  41   3]
 [  1  26  16   9 331  25]
 [  0  24  54  11  32 201]]";0.6153846153846154;0.5511720129660641;"[[  5  27  15  15  16   2]
 [  5 118  25  12  12   5]
 [  0  35 135   9  19   3]
 [  0  12  25 152  19   3]
 [  0  23  13   9 125   9]
 [  0  21  30   7  14  81]]";132;[12 25 25 27 19 24]
1230;CiteSeer;own;1;0.2;64;0.5;1;0.005;1932968203;1.0;1.0;"[[14  0  0  0  0  0]
 [ 0 25  0  0  0  0]
 [ 0  0 25  0  0  0]
 [ 0  0  0 27  0  0]
 [ 0  0  0  0 21  0]
 [ 0  0  0  0  0 26]]";0.7148080438756855;0.6495952487032084;"[[ 19  54  23  18  24   4]
 [  1 294  39  18  27  11]
 [  0  48 375  34  15   2]
 [  0  18  61 325  40   4]
 [  1  26  14   5 341  25]
 [  0  16  45  11  40 210]]";0.6303696303696303;0.5612335108302394;"[[  4  27  13  16  16   4]
 [  3 122  22  11  12   7]
 [  0  33 138   8  18   4]
 [  0  11  26 151  19   4]
 [  0  20  13   8 127  11]
 [  0  14  28   5  17  89]]";138;[14 25 25 27 21 26]
1231;CiteSeer;own;1;0.2;64;0.5;1;0.005;1932968203;1.0;1.0;"[[15  0  0  0  0  0]
 [ 0 26  0  0  0  0]
 [ 0  0 26  0  0  0]
 [ 0  0  0 28  0  0]
 [ 0  0  0  0 22  0]
 [ 0  0  0  0  0 27]]";0.7346471127406049;0.6731910359503926;"[[ 24  50  12  17  31   7]
 [  3 298  28  14  29  14]
 [  0  41 385  29  15   5]
 [  1  17  56 320  43   8]
 [  0  23   7   4 352  24]
 [  0  13  35   8  45 224]]";0.6323676323676324;0.5622896121028667;"[[  4  29   9  14  17   7]
 [  3 120  18   9  17  10]
 [  0  30 139   8  18   6]
 [  0  11  26 147  22   5]
 [  0  20   9   6 131  13]
 [  0  10  27   2  22  92]]";144;[15 26 26 28 22 27]
1232;CiteSeer;own;1;0.2;64;0.5;1;0.005;1932968203;1.0;1.0;"[[16  0  0  0  0  0]
 [ 0 27  0  0  0  0]
 [ 0  0 27  0  0  0]
 [ 0  0  0 29  0  0]
 [ 0  0  0  0 23  0]
 [ 0  0  0  0  0 28]]";0.7408088235294118;0.6825331371811049;"[[ 27  44  10  17  32  11]
 [  2 283  34  15  30  21]
 [  0  31 378  38  17   9]
 [  0  15  42 340  41  10]
 [  0  17   8   5 352  26]
 [  0   6  22  19  42 232]]";0.6503496503496503;0.5802872142302453;"[[  5  25   9  14  19   8]
 [  3 119  18  10  15  12]
 [  0  27 141   8  19   6]
 [  0   8  25 154  20   4]
 [  0  16   8   7 135  13]
 [  0   7  20   6  23  97]]";150;[16 27 27 29 23 28]
1233;CiteSeer;own;1;0.2;64;0.5;1;0.005;1932968203;1.0;1.0;"[[18  0  0  0  0  0]
 [ 0 28  0  0  0  0]
 [ 0  0 27  0  0  0]
 [ 0  0  0 31  0  0]
 [ 0  0  0  0 24  0]
 [ 0  0  0  0  0 28]]";0.7442396313364056;0.6885036532452519;"[[ 29  48  12  18  30   3]
 [  1 299  33  13  27  10]
 [  0  39 375  37  15   7]
 [  0  20  36 347  41   4]
 [  0  23   9   6 346  24]
 [  5   9  27  20  38 219]]";0.6433566433566433;0.577162376030052;"[[  6  28  12  17  15   2]
 [  3 121  19  13  14   7]
 [  0  30 139   8  19   5]
 [  0   9  23 157  18   4]
 [  0  21   8   7 132  11]
 [  2  11  21   8  22  89]]";156;[18 28 27 31 24 28]
1234;CiteSeer;own;1;0.2;64;0.5;1;0.005;1932968203;0.9876543209876543;0.9877686759541197;"[[18  0  0  1  0  0]
 [ 0 28  0  0  0  0]
 [ 0  0 28  0  0  0]
 [ 0  0  0 33  0  1]
 [ 0  0  0  0 24  0]
 [ 0  0  0  0  0 29]]";0.7384473197781886;0.6818219332383201;"[[ 27  44  16  15  27   8]
 [  3 280  43  12  25  16]
 [  0  30 384  32  17   4]
 [  1  17  50 336  40  10]
 [  0  22  12   6 339  25]
 [  0   7  30  15  39 232]]";0.6463536463536463;0.5807726424435283;"[[  6  28  13  16  14   3]
 [  3 115  23  10  15  11]
 [  0  21 147   9  19   5]
 [  0  10  25 151  18   7]
 [  0  21  11   5 130  12]
 [  0   6  27   4  18  98]]";162;[19 28 28 34 24 29]
1235;CiteSeer;own;1;0.2;64;0.5;1;0.005;1932968203;0.9761904761904762;0.9763265175689679;"[[18  0  0  1  0  0]
 [ 0 28  0  0  0  0]
 [ 0  0 30  0  0  0]
 [ 1  0  1 33  0  1]
 [ 0  0  0  0 24  0]
 [ 0  0  0  0  0 31]]";0.7437442075996293;0.6847066346170334;"[[ 26  45  17  15  21  11]
 [  3 274  52  11  19  15]
 [  2  28 399  26  11   9]
 [  1  18  51 336  32  14]
 [  0  21  15   6 329  30]
 [  1   7  32  16  24 241]]";0.6503496503496503;0.583092295675759;"[[  6  28  14  16  13   3]
 [  4 114  26   9  10  14]
 [  0  19 155   7  14   6]
 [  0   9  26 151  17   8]
 [  0  19  12   5 126  17]
 [  0   6  28   5  15  99]]";168;[19 28 30 36 24 31]
1236;CiteSeer;own;1;0.2;64;0.5;1;0.005;1932968203;0.9885057471264368;0.985395993755127;"[[18  0  1  0  1  0]
 [ 0 29  0  0  0  0]
 [ 0  0 32  0  0  0]
 [ 0  0  0 36  0  0]
 [ 0  0  0  0 25  0]
 [ 0  0  0  0  0 32]]";0.7532527881040892;0.6917974270485279;"[[ 25  52  15  12  25   5]
 [  5 279  54   9  20  10]
 [  0  22 408  25  12   3]
 [  2  18  52 334  37  10]
 [  0  20   8   4 339  26]
 [  0   8  33  10  34 236]]";0.6593406593406593;0.5852640050732391;"[[  4  28  13  17  16   2]
 [  4 117  27   8  11  10]
 [  0  16 159   7  14   5]
 [  0   8  26 152  20   5]
 [  0  21   9   5 133  11]
 [  1   7  29   4  17  95]]";174;[20 29 32 36 25 32]
1237;CiteSeer;own;1;0.2;64;0.5;1;0.005;1932968203;0.9944444444444445;0.9935195004123955;"[[20  0  1  0  0  0]
 [ 0 30  0  0  0  0]
 [ 0  0 34  0  0  0]
 [ 0  0  0 38  0  0]
 [ 0  0  0  0 25  0]
 [ 0  0  0  0  0 32]]";0.7618825722273999;0.7001655922550021;"[[ 25  49  16  11  25   6]
 [  4 275  57   9  20  12]
 [  0  22 414  22   7   7]
 [  1  15  53 344  26  10]
 [  0  20  12   4 331  30]
 [  0   5  34   8  26 246]]";0.6653346653346653;0.5943365004442015;"[[  5  28  14  18  13   2]
 [  6 114  30   7  10  10]
 [  1  14 162   8  11   5]
 [  0   8  27 153  20   3]
 [  0  20   9   5 132  13]
 [  1   7  27   4  14 100]]";180;[21 30 34 38 25 32]
1238;CiteSeer;own;1;0.2;64;0.5;1;0.005;1932968203;1.0;1.0;"[[23  0  0  0  0  0]
 [ 0 31  0  0  0  0]
 [ 0  0 34  0  0  0]
 [ 0  0  0 39  0  0]
 [ 0  0  0  0 26  0]
 [ 0  0  0  0  0 33]]";0.7649532710280373;0.7148702104076419;"[[ 38  46  11   8  26   5]
 [ 16 275  46   9  15  13]
 [  6  20 410  21   8   5]
 [  5  16  52 338  30   7]
 [  3  25   8   3 329  25]
 [  1   7  26   8  32 247]]";0.6663336663336663;0.6145778273174018;"[[ 13  25   8  16  14   4]
 [ 15 112  26   6   8  10]
 [  5  16 156   7  12   5]
 [  2   8  27 151  20   3]
 [  2  19   8   5 134  11]
 [  2   8  23   4  15 101]]";186;[23 31 34 39 26 33]
1239;CiteSeer;own;1;0.2;64;0.5;1;0.005;1932968203;1.0;1.0;"[[26  0  0  0  0  0]
 [ 0 31  0  0  0  0]
 [ 0  0 34  0  0  0]
 [ 0  0  0 40  0  0]
 [ 0  0  0  0 26  0]
 [ 0  0  0  0  0 35]]";0.746954076850984;0.7036629808571887;"[[ 42  43  12  12  23   9]
 [ 15 256  56  12  19  20]
 [  1  16 392  25  10   6]
 [  1  16  58 337  36   8]
 [  3  24  10   4 314  32]
 [  1   7  27   7  27 253]]";0.6673326673326674;0.6008460675068085;"[[  7  24   9  17  15   8]
 [  7 109  28   8  13  12]
 [  3  10 162   7  11   8]
 [  0   8  25 154  19   5]
 [  6  18   8   6 128  13]
 [  1   7  20   3  14 108]]";192;[26 31 34 40 26 35]
1240;CiteSeer;own;1;0.2;64;0.5;1;0.005;1932968203;1.0;1.0;"[[27  0  0  0  0  0]
 [ 0 33  0  0  0  0]
 [ 0  0 35  0  0  0]
 [ 0  0  0 41  0  0]
 [ 0  0  0  0 26  0]
 [ 0  0  0  0  0 36]]";0.7598684210526315;0.718938613820634;"[[ 45  46  10  12  23   6]
 [ 14 272  52  10  17  14]
 [  2  21 388  24   7   6]
 [  1  16  55 347  27   6]
 [  3  26  12   5 316  24]
 [  1  10  26   7  28 249]]";0.6733266733266733;0.6128709123185664;"[[  9  26   8  18  12   7]
 [  7 119  25   7  10   9]
 [  3  19 154   9  10   6]
 [  0  14  20 155  18   4]
 [  6  19   8   6 129  11]
 [  1   9  18   3  14 108]]";198;[27 33 35 41 26 36]
1241;CiteSeer;own;1;0.2;64;0.5;1;0.005;1932968203;1.0;1.0;"[[27  0  0  0  0  0]
 [ 0 35  0  0  0  0]
 [ 0  0 36  0  0  0]
 [ 0  0  0 42  0  0]
 [ 0  0  0  0 26  0]
 [ 0  0  0  0  0 38]]";0.763430725730443;0.7238815345942956;"[[ 46  50  10  10  22   6]
 [ 10 279  47  10  16  13]
 [  5  29 375  24   6   8]
 [  1  18  53 346  24   6]
 [  2  27   9   4 320  24]
 [  1  12  24   6  25 254]]";0.6793206793206793;0.6178924582335098;"[[  9  27   8  18  11   7]
 [  7 120  24   8   8  10]
 [  4  16 154   8  11   8]
 [  0  14  21 158  14   4]
 [  7  19   6   6 130  11]
 [  1  10  18   2  13 109]]";204;[27 35 36 42 26 38]
1242;CiteSeer;own;1;0.2;64;0.5;1;0.005;1932968203;1.0;1.0;"[[28  0  0  0  0  0]
 [ 0 36  0  0  0  0]
 [ 0  0 38  0  0  0]
 [ 0  0  0 42  0  0]
 [ 0  0  0  0 26  0]
 [ 0  0  0  0  0 40]]";0.7655954631379962;0.726720575976835;"[[ 48  44   9   9  24   9]
 [ 13 277  48   9  16  11]
 [  6  26 384  22   6   7]
 [  2  17  57 337  22  10]
 [  4  21  14   4 316  25]
 [  1   8  23   9  20 258]]";0.6743256743256744;0.6130691191287894;"[[  9  26   8  17  12   8]
 [  9 116  25   7  10  10]
 [  4  15 160   6  11   5]
 [  0  12  25 154  14   6]
 [  7  17   9   6 128  12]
 [  1   8  20   3  13 108]]";210;[28 36 38 42 26 40]
1243;CiteSeer;own;1;0.2;64;0.5;1;0.005;1932968203;1.0;1.0;"[[28  0  0  0  0  0]
 [ 0 39  0  0  0  0]
 [ 0  0 40  0  0  0]
 [ 0  0  0 43  0  0]
 [ 0  0  0  0 26  0]
 [ 0  0  0  0  0 40]]";0.7720379146919432;0.7326453466879229;"[[ 46  46   8  10  26   8]
 [  6 291  41   9  13  11]
 [  5  31 378  24   5   7]
 [  1  18  55 342  22   8]
 [  2  27   9   4 312  25]
 [  1   7  21  12  19 260]]";0.6803196803196803;0.6164341886252153;"[[  8  26   8  18  12   8]
 [  6 124  23   9   7   8]
 [  3  17 159   6  10   6]
 [  0  13  26 153  13   6]
 [  7  20   6   6 127  13]
 [  1   8  18   3  13 110]]";216;[28 39 40 43 26 40]
1244;CiteSeer;own;1;0.2;64;0.5;1;0.005;1932968203;1.0;1.0;"[[28  0  0  0  0  0]
 [ 0 41  0  0  0  0]
 [ 0  0 41  0  0  0]
 [ 0  0  0 44  0  0]
 [ 0  0  0  0 27  0]
 [ 0  0  0  0  0 41]]";0.7737642585551331;0.7353355556501152;"[[ 48  46   8   9  26   7]
 [  8 286  42   9  12  11]
 [  6  29 384  22   4   7]
 [  2  17  60 335  22   8]
 [  2  22   9   3 318  24]
 [  1  10  21   9  20 257]]";0.6803196803196803;0.6198231728829409;"[[  9  27   8  17  12   7]
 [ 10 122  26   7   6   6]
 [  4  17 159   6  11   4]
 [  0  13  27 153  13   5]
 [  7  17   8   6 129  12]
 [  1   8  19   3  13 109]]";222;[28 41 41 44 27 41]
1245;CiteSeer;own;1;0.2;64;0.5;1;0.005;1932968203;1.0;1.0;"[[30  0  0  0  0  0]
 [ 0 42  0  0  0  0]
 [ 0  0 42  0  0  0]
 [ 0  0  0 44  0  0]
 [ 0  0  0  0 28  0]
 [ 0  0  0  0  0 42]]";0.7774070543374643;0.7400888370166768;"[[ 51  45   8   6  27   6]
 [ 10 285  39   7  16  10]
 [  7  27 385  22   5   5]
 [  2  18  54 332  26  10]
 [  4  18   7   3 326  21]
 [  1  10  20   9  24 252]]";0.6773226773226774;0.6232388219540892;"[[ 12  25   7  16  14   6]
 [ 11 118  25   5   9   9]
 [  5  17 158   6  11   4]
 [  0  15  24 150  17   5]
 [  7  17   8   4 132  11]
 [  1   8  20   3  13 108]]";228;[30 42 42 44 28 42]
1246;CiteSeer;own;1;0.2;64;0.5;1;0.005;1932968203;0.9957264957264957;0.9951152390780873;"[[31  0  0  0  0  0]
 [ 0 44  0  0  0  0]
 [ 0  0 42  0  0  0]
 [ 0  0  0 46  0  0]
 [ 0  0  0  0 28  1]
 [ 0  0  0  0  0 42]]";0.7848948374760994;0.7488700944828515;"[[ 53  42   7   7  27   7]
 [  8 285  42   8  13   9]
 [  8  23 390  20   5   5]
 [  2  16  57 334  23   9]
 [  5  17   7   4 325  19]
 [  1   8  21  11  19 255]]";0.6803196803196803;0.6210171735765606;"[[ 10  26   8  17  13   6]
 [ 10 116  26   8   7  10]
 [  4  11 164   6  11   5]
 [  1  12  28 153  13   4]
 [  9  16   9   4 130  11]
 [  1   7  21   3  13 108]]";234;[31 44 42 46 29 42]
1247;CiteSeer;own;1;0.2;64;0.5;1;0.005;1932968203;1.0;1.0;"[[31  0  0  0  0  0]
 [ 0 44  0  0  0  0]
 [ 0  0 43  0  0  0]
 [ 0  0  0 48  0  0]
 [ 0  0  0  0 31  0]
 [ 0  0  0  0  0 43]]";0.7900287631831256;0.7538200892591397;"[[ 52  40   6   9  27   5]
 [  5 283  36  13  14  13]
 [  5  26 378  27   6   9]
 [  3  15  45 348  20   8]
 [  5  16   4   4 329  21]
 [  1   7  17  11  20 258]]";0.6793206793206793;0.6128442832832429;"[[  7  26   6  20  14   7]
 [  9 116  25  12   8   7]
 [  3  15 159   7  12   5]
 [  1  12  20 162  11   5]
 [  8  18   8   6 127  12]
 [  1   8  19   3  13 109]]";240;[31 44 43 48 31 43]
1248;CiteSeer;own;1;0.2;64;0.5;1;0.005;1932968203;1.0;1.0;"[[32  0  0  0  0  0]
 [ 0 45  0  0  0  0]
 [ 0  0 44  0  0  0]
 [ 0  0  0 49  0  0]
 [ 0  0  0  0 32  0]
 [ 0  0  0  0  0 44]]";0.7875;0.7420490681749846;"[[ 42  42   7   8  28   6]
 [  5 283  37  13  11  13]
 [  6  22 384  24   6   9]
 [  1  16  48 346  19   8]
 [  7  18   4   3 330  20]
 [  2   8  21  12  18 253]]";0.6793206793206793;0.6152440530222621;"[[  8  26   7  20  13   6]
 [  8 117  25  12   8   7]
 [  3  12 163   7  11   5]
 [  1  12  24 155  14   5]
 [  7  18   8   5 130  11]
 [  1   8  20   4  13 107]]";246;[32 45 44 49 32 44]
1249;CiteSeer;own;1;0.2;64;0.5;1;0.005;1932968203;0.9920634920634921;0.9919400498540704;"[[32  0  0  0  0  0]
 [ 0 46  0  0  0  0]
 [ 0  0 44  0  0  0]
 [ 0  0  0 50  0  0]
 [ 0  0  0  0 33  0]
 [ 1  0  1  0  0 45]]";0.7883317261330762;0.7405642764233283;"[[ 40  41   7   7  26   8]
 [  6 284  37  11  12  11]
 [  6  23 382  24   6  10]
 [  1  16  47 345  19   9]
 [  7  16   3   3 335  24]
 [  3   8  15  15  18 249]]";0.6803196803196803;0.6180319560957881;"[[  9  26   7  18  14   6]
 [  7 118  25  11   9   7]
 [  3  12 162   7  11   6]
 [  1  13  23 155  14   5]
 [  6  17   8   5 131  12]
 [  1   9  20   4  13 106]]";252;[32 46 44 50 33 47]
1250;CiteSeer;own;1;0.2;64;0.5;1;0.005;1932968203;0.9961240310077519;0.9963729548590577;"[[32  0  0  0  0  0]
 [ 0 48  0  0  0  0]
 [ 0  0 44  0  0  0]
 [ 0  0  0 51  0  0]
 [ 0  0  0  0 35  0]
 [ 0  0  1  0  0 47]]";0.7906189555125726;0.7421159477806728;"[[ 39  42   7   7  26   8]
 [  3 283  37  12  13  10]
 [  5  22 382  24   6   9]
 [  1  16  48 348  19   7]
 [  7  14   2   3 337  24]
 [  3  10  15  15  18 246]]";0.6793206793206793;0.6166718782148145;"[[  9  26   8  17  14   6]
 [  7 119  25   8   8  10]
 [  3  12 162   7  12   5]
 [  0  13  22 157  14   5]
 [  8  17   8   6 128  12]
 [  1   9  19   4  15 105]]";258;[32 48 44 51 35 48]
1251;CiteSeer;own;1;0.2;64;0.5;1;0.005;1932968203;1.0;1.0;"[[32  0  0  0  0  0]
 [ 0 51  0  0  0  0]
 [ 0  0 44  0  0  0]
 [ 0  0  0 52  0  0]
 [ 0  0  0  0 37  0]
 [ 0  0  0  0  0 48]]";0.7909796314258002;0.7408184936666684;"[[ 37  44   7   8  23   8]
 [  2 286  36  10  14   9]
 [  5  23 379  24   6  10]
 [  1  17  46 346  18   9]
 [  8  15   3   3 338  22]
 [  2  11  14  13  20 245]]";0.6893106893106893;0.626022514472442;"[[  9  28   7  17  13   6]
 [  4 124  24   7   8  10]
 [  3  12 161   8  12   5]
 [  0  14  22 154  16   5]
 [  6  17   7   3 136  10]
 [  1  11  16   4  15 106]]";264;[32 51 44 52 37 48]
1252;CiteSeer;own;1;0.2;64;0.5;1;0.005;1932968203;0.9925925925925926;0.992816014313934;"[[32  0  0  0  0  0]
 [ 0 51  0  0  0  1]
 [ 0  0 45  0  0  0]
 [ 0  0  0 54  0  0]
 [ 0  0  0  0 38  1]
 [ 0  0  0  0  0 48]]";0.7947470817120622;0.7472195452971695;"[[ 37  39   6  11  23   8]
 [  1 284  35  13  13   9]
 [  4  21 374  27   7   9]
 [  2  14  47 348  19   9]
 [  3  14   7   3 340  24]
 [  0   7  18  10  19 251]]";0.6833166833166833;0.6157890183303601;"[[  7  27   7  17  15   7]
 [  5 119  23   9  10  11]
 [  3  10 161  12  12   3]
 [  1  11  22 156  16   5]
 [  6  16  10   3 134  10]
 [  1   9  17   4  15 107]]";270;[32 52 45 54 39 48]
1253;CiteSeer;own;1;0.2;64;0.5;1;0.005;1932968203;0.9891304347826086;0.9881806422666438;"[[33  0  0  1  0  0]
 [ 0 52  0  0  0  0]
 [ 0  0 45  1  0  0]
 [ 0  0  0 55  0  0]
 [ 1  0  0  0 39  0]
 [ 0  0  0  0  0 49]]";0.7960975609756098;0.7491613527479214;"[[ 37  35   6  13  24   7]
 [  2 283  33  13  15   9]
 [  2  20 368  33   8  10]
 [  1  14  37 348  29   9]
 [  3  13   4   3 345  21]
 [  1   7  14  12  20 251]]";0.6833166833166833;0.6180249597587776;"[[  8  26   5  19  17   5]
 [  7 116  22  13  10   9]
 [  2   9 157  15  13   5]
 [  1   8  22 159  16   5]
 [  3  15   9   4 137  11]
 [  1   9  17   4  15 107]]";276;[34 52 46 55 40 49]
1254;CiteSeer;own;1;0.2;64;0.5;1;0.005;1932968203;0.9822695035460993;0.9803070599799515;"[[33  0  0  1  0  0]
 [ 0 53  0  0  1  0]
 [ 0  0 46  1  0  0]
 [ 0  0  0 56  0  0]
 [ 2  0  0  0 39  0]
 [ 0  0  0  0  0 50]]";0.7940313111545988;0.7466093336502272;"[[ 37  34   6  11  26   7]
 [  3 280  37  10  16   7]
 [  4  21 365  32   8  10]
 [  2  13  38 348  29   8]
 [  3  15   4   3 344  19]
 [  2   7  13  13  20 249]]";0.6803196803196803;0.6179465644180399;"[[  9  26   5  16  18   6]
 [  9 111  24  11  15   7]
 [  2   9 157  15  13   5]
 [  1  10  20 158  18   4]
 [  4  15   7   4 138  11]
 [  1   9  15   4  16 108]]";282;[34 54 47 56 41 50]
1255;CiteSeer;own;1;0.2;64;0.5;1;0.005;1932968203;0.9826388888888888;0.9820681638756353;"[[34  0  0  0  0  0]
 [ 0 56  0  0  0  0]
 [ 1  0 46  1  0  0]
 [ 0  0  0 56  0  2]
 [ 1  0  0  0 41  0]
 [ 0  0  0  0  0 50]]";0.7939156035328754;0.7447052906032793;"[[ 35  42   6   7  24   6]
 [  3 287  34   7  13   7]
 [  4  25 362  31   9   8]
 [  2  14  40 347  28   6]
 [  3  19   4   2 341  21]
 [  1   7  13  14  20 246]]";0.6893106893106893;0.62676609722512;"[[  9  29   5  16  16   5]
 [  7 123  22   8   9   8]
 [  2  10 156  15  14   4]
 [  0  10  21 157  19   4]
 [  3  16   9   4 136  11]
 [  1  10  14   4  15 109]]";288;[34 56 48 58 42 50]
1256;CiteSeer;own;1;0.2;64;0.5;1;0.005;1932968203;0.9965986394557823;0.9968812267174911;"[[34  0  0  0  0  0]
 [ 0 57  0  0  0  0]
 [ 0  0 48  1  0  0]
 [ 0  0  0 59  0  0]
 [ 0  0  0  0 43  0]
 [ 0  0  0  0  0 52]]";0.7878937007874016;0.7422780248893805;"[[ 35  44   5   9  23   3]
 [  1 302  35   9   9   6]
 [  2  30 361  34   9   6]
 [  2  14  40 345  26   5]
 [  1  31   3   2 319  23]
 [  0  12  12  14  21 239]]";0.6823176823176823;0.6144353305353475;"[[  6  33   5  19  16   1]
 [  6 128  24  11   5   3]
 [  1  12 155  16  14   3]
 [  0  13  19 155  20   4]
 [  3  22   7   3 134  10]
 [  1  11  14   7  15 105]]";294;[34 57 49 59 43 52]
1257;CiteSeer;own;1;0.2;64;0.5;1;0.005;1932968203;0.9966666666666667;0.9970418073771565;"[[34  0  0  0  0  0]
 [ 0 57  0  0  0  0]
 [ 0  0 53  0  0  0]
 [ 0  0  1 59  0  0]
 [ 0  0  0  0 44  0]
 [ 0  0  0  0  0 52]]";0.7931885488647581;0.7431218640564464;"[[ 32  39   7  13  22   5]
 [  1 296  33  10  12   6]
 [  2  21 372  32   9   6]
 [  1  14  45 345  21   5]
 [  0  30   3   2 321  23]
 [  0  10  14  16  17 241]]";0.6803196803196803;0.6114266043857421;"[[  6  29   5  20  15   5]
 [  6 124  25  12   7   3]
 [  1   9 158  16  14   3]
 [  0   8  25 155  19   4]
 [  2  22   6   4 134  11]
 [  1  10  17   8  13 104]]";300;[34 57 53 60 44 52]
1258;CiteSeer;own;1;0.2;64;0.5;1;0.005;1932968203;0.9934640522875817;0.9931588368664351;"[[33  0  1  0  0  0]
 [ 0 58  0  0  0  0]
 [ 0  0 55  1  0  0]
 [ 0  0  0 60  0  0]
 [ 0  0  0  0 46  0]
 [ 0  0  0  0  0 52]]";0.805940594059406;0.757618279099602;"[[ 35  37   6  12  23   5]
 [  1 293  32  11  13   7]
 [  2  18 376  30   9   7]
 [  2  13  43 343  23   5]
 [  1  17   3   2 346  10]
 [  0   9  13  13  25 235]]";0.6763236763236763;0.6075384559881581;"[[  6  24   5  19  21   5]
 [  6 120  24  12  10   5]
 [  3   9 156  16  13   4]
 [  0   8  25 155  19   4]
 [  2  20   6   4 138   9]
 [  1   9  19   6  16 102]]";306;[34 58 56 60 46 52]
1259;CiteSeer;own;1;0.2;64;0.5;1;0.005;1932968203;0.9903846153846154;0.9890784390807603;"[[33  0  1  0  1  0]
 [ 0 59  0  0  0  0]
 [ 0  0 56  1  0  0]
 [ 0  0  0 60  0  0]
 [ 0  0  0  0 48  0]
 [ 0  0  0  0  0 53]]";0.8038728897715988;0.7545992870192751;"[[ 34  36   6  11  25   7]
 [  1 285  34   9  12   6]
 [  2  18 377  29  10   4]
 [  2  14  43 340  23   6]
 [  0  23   3   2 344  14]
 [  0   5  16   9  25 239]]";0.6803196803196803;0.6109261734202417;"[[  6  26   5  18  19   6]
 [  6 121  27   8   9   6]
 [  3   7 158  15  13   5]
 [  0  10  25 154  18   4]
 [  2  18   8   4 139   8]
 [  1   8  18   6  17 103]]";312;[35 59 57 60 48 53]
1260;CiteSeer;own;1;0.2;64;0.5;1;0.005;1932968203;0.9968553459119497;0.9959690804761228;"[[35  0  0  0  1  0]
 [ 0 59  0  0  0  0]
 [ 0  0 58  0  0  0]
 [ 0  0  0 61  0  0]
 [ 0  0  0  0 49  0]
 [ 0  0  0  0  0 55]]";0.8007968127490039;0.7509410129066807;"[[ 33  39   6  10  25   5]
 [  1 282  33   9  11  10]
 [  2  18 377  28  10   3]
 [  2  14  45 336  23   7]
 [  0  27   4   2 339  14]
 [  0   3  15  10  24 241]]";0.6863136863136863;0.6188035551577316;"[[  7  29   5  17  16   6]
 [  6 124  28   5   8   6]
 [  2   7 160  15  13   4]
 [  0   9  25 151  21   5]
 [  2  18   5   4 140  10]
 [  1   8  18   6  15 105]]";318;[36 59 58 61 49 55]
1261;CiteSeer;own;1;0.2;64;0.5;1;0.005;1932968203;0.9907407407407407;0.9885745169890022;"[[35  0  0  0  1  1]
 [ 0 61  0  0  0  0]
 [ 1  0 58  0  0  0]
 [ 0  0  0 62  0  0]
 [ 0  0  0  0 50  0]
 [ 0  0  0  0  0 55]]";0.8026973026973027;0.7557949481366993;"[[ 35  41   7   7  23   5]
 [  1 289  29   9   8   9]
 [  1  20 372  29   9   4]
 [  2  14  44 334  25   7]
 [  0  28   4   2 338  13]
 [  0   4  15   9  26 239]]";0.6833166833166833;0.6129676137818422;"[[  6  29   5  17  16   7]
 [  6 124  27   5   7   8]
 [  2   8 158  15  14   4]
 [  0   8  22 154  21   6]
 [  2  20   5   4 137  11]
 [  1   6  18   5  18 105]]";324;[37 61 59 62 50 55]
1262;CiteSeer;own;1;0.2;64;0.5;1;0.005;1932968203;0.9878787878787879;0.9858731755010824;"[[36  0  0  0  1  0]
 [ 0 62  0  0  0  0]
 [ 0  0 60  0  0  0]
 [ 0  1  0 64  0  0]
 [ 1  0  0  0 49  0]
 [ 1  0  0  0  0 55]]";0.8046092184368737;0.7554466982693478;"[[ 33  41   7   7  21   5]
 [  2 287  28  10   7   7]
 [  1  20 376  28  10   2]
 [  2  15  45 333  25   6]
 [  1  29   3   2 339  12]
 [  0   4  14  11  25 238]]";0.6903096903096904;0.6241771007933358;"[[  8  29   5  18  14   6]
 [  7 124  26   7   7   6]
 [  1   7 163  13  14   3]
 [  0  10  20 154  21   6]
 [  2  20   5   4 137  11]
 [  1   6  18   5  18 105]]";330;[37 62 60 65 50 56]
1263;CiteSeer;own;1;0.2;64;0.5;1;0.005;1932968203;0.9970238095238095;0.9969724245151789;"[[39  0  0  0  0  0]
 [ 0 64  0  0  0  0]
 [ 0  0 60  0  1  0]
 [ 0  0  0 66  0  0]
 [ 0  0  0  0 50  0]
 [ 0  0  0  0  0 56]]";0.799497487437186;0.7545849571437361;"[[ 35  41   6   8  20   3]
 [  1 291  38   8   8   8]
 [  1  21 358  29  10   2]
 [  2  14  48 338  22   4]
 [  3  28   3   2 335  12]
 [  0   4  15  14  24 234]]";0.6873126873126874;0.6172569952717569;"[[  6  32   5  19  15   3]
 [  6 130  24   8   6   3]
 [  1   9 161  13  14   3]
 [  0  11  21 155  20   4]
 [  4  19   5   6 134  11]
 [  1   9  19   6  16 102]]";336;[39 64 61 66 50 56]
1264;CiteSeer;own;1;0.2;64;0.5;1;0.005;1932968203;0.9970760233918129;0.9962721723813034;"[[39  0  0  0  1  0]
 [ 0 64  0  0  0  0]
 [ 0  0 62  0  0  0]
 [ 0  0  0 68  0  0]
 [ 0  0  0  0 51  0]
 [ 0  0  0  0  0 57]]";0.8039314516129032;0.7569301108304395;"[[ 34  40   5   9  21   3]
 [  0 296  35   9   6   7]
 [  1  21 360  27   8   2]
 [  2  15  47 336  23   5]
 [  5  17   3   9 336  12]
 [  0   4  15  15  23 233]]";0.6863136863136863;0.6176070859257129;"[[  6  32   5  20  15   2]
 [  5 129  21  11   8   3]
 [  1  11 160  14  13   2]
 [  0  12  22 154  19   4]
 [  4  19   7   7 135   7]
 [  1   9  18   7  15 103]]";342;[40 64 62 68 51 57]
1265;CiteSeer;own;1;0.2;64;0.5;1;0.005;1932968203;0.9885057471264368;0.9886654910956371;"[[40  0  0  0  0  1]
 [ 0 65  0  0  0  0]
 [ 0  0 61  1  0  0]
 [ 0  0  1 69  0  0]
 [ 0  0  0  1 51  0]
 [ 0  0  0  0  0 58]]";0.8048533872598584;0.7582956166798613;"[[ 34  40   5   9  21   3]
 [  0 292  35   8   6   7]
 [  1  20 358  30   7   2]
 [  1  15  48 335  19   5]
 [  4  19   3   9 341  13]
 [  0   5  18  13  20 232]]";0.6903096903096904;0.6206010843972991;"[[  6  30   5  18  17   4]
 [  5 130  21  11   7   3]
 [  1  10 161  15  12   2]
 [  0  12  21 156  18   4]
 [  5  19   7   6 135   7]
 [  1   7  20   8  14 103]]";348;[41 65 62 70 52 58]
1266;CiteSeer;own;1;0.2;64;0.5;1;0.005;1932968203;0.9915254237288136;0.9912403500638796;"[[42  0  0  0  0  0]
 [ 0 65  0  0  0  0]
 [ 0  0 62  1  0  1]
 [ 0  0  0 71  0  0]
 [ 1  0  0  0 52  0]
 [ 0  0  0  0  0 59]]";0.8123732251521298;0.764981872037648;"[[ 34  39   4   9  20   4]
 [  1 288  34   9   7   7]
 [  1  20 358  29   7   2]
 [  1  12  48 337  19   5]
 [  3  15   3   6 349  13]
 [  1   3  19   8  21 236]]";0.6923076923076923;0.6271301481035124;"[[  8  29   5  18  16   4]
 [  7 124  22  11   9   4]
 [  1   7 163  14  12   4]
 [  1  10  19 157  19   5]
 [  5  18   6   8 134   8]
 [  1   8  20   5  12 107]]";354;[42 65 64 71 53 59]
1267;CiteSeer;own;1;0.2;64;0.5;1;0.005;1932968203;0.9916666666666667;0.991340856469039;"[[42  0  0  0  1  0]
 [ 0 67  0  0  0  1]
 [ 0  1 63  0  0  0]
 [ 0  0  0 72  0  0]
 [ 0  0  0  0 53  0]
 [ 0  0  0  0  0 60]]";0.8102746693794507;0.7638458478866621;"[[ 34  38   5   7  22   4]
 [  0 288  34   8   7   7]
 [  1  24 349  24   8   3]
 [  1  12  45 335  23   6]
 [  2  17   3   4 352  13]
 [  0   3  25   6  21 235]]";0.6923076923076923;0.6210524103229841;"[[  6  28   5  17  18   6]
 [  4 129  20   8  12   4]
 [  1   9 160  12  14   5]
 [  1   9  19 156  20   6]
 [  3  18   4   7 136  11]
 [  2   8  19   5  13 106]]";360;[43 68 64 72 53 60]
1268;CiteSeer;own;1;0.2;64;0.5;1;0.005;1932968203;0.9890710382513661;0.9875105941010117;"[[42  0  0  2  0  1]
 [ 0 69  0  0  0  0]
 [ 1  0 66  0  0  0]
 [ 0  0  0 72  0  0]
 [ 0  0  0  0 53  0]
 [ 0  0  0  0  0 60]]";0.8081632653061225;0.7627571629174121;"[[ 34  38   6   8  20   2]
 [  1 289  33   8   6   6]
 [  0  20 355  24   7   4]
 [  2  13  51 324  21   6]
 [  2  22   3   5 347  13]
 [  0   4  24   7  20 235]]";0.6873126873126874;0.6180265793436329;"[[  6  30   5  19  15   5]
 [  7 131  20   9   8   2]
 [  1  12 158  11  12   7]
 [  1  10  24 150  19   7]
 [  4  18   4   7 136  10]
 [  2   9  18   5  12 107]]";366;[45 69 67 72 53 60]
1269;CiteSeer;own;1;0.2;64;0.5;1;0.005;1932968203;0.989247311827957;0.9883176724274872;"[[44  0  0  1  0  2]
 [ 0 70  0  0  0  0]
 [ 0  0 68  0  0  0]
 [ 0  0  1 72  0  0]
 [ 0  0  0  0 53  0]
 [ 0  0  0  0  0 61]]";0.8101330603889457;0.7685327446676876;"[[ 39  39   7   8  14   3]
 [  2 286  32   6   6   8]
 [  1  15 361  21   9   3]
 [  5  13  60 315  13   6]
 [  4  20   3   7 344  14]
 [  0   4  23   7  18 238]]";0.6903096903096904;0.6287257172309367;"[[  9  30   6  16  13   6]
 [  7 132  22   5   7   4]
 [  1  11 161  12  11   5]
 [  5  11  29 143  17   6]
 [  5  16   5   6 137  10]
 [  2   8  17   5  12 109]]";372;[47 70 68 73 53 61]
1270;CiteSeer;own;1;0.2;64;0.5;1;0.005;1932968203;0.9841269841269841;0.9836325792132575;"[[44  1  1  0  0  1]
 [ 0 70  0  0  0  0]
 [ 0  1 68  0  0  0]
 [ 0  0  1 73  0  0]
 [ 0  0  0  0 55  0]
 [ 0  1  0  0  0 62]]";0.811088295687885;0.7675557875473148;"[[ 37  40   8   8  14   3]
 [  1 285  31   8   6   8]
 [  1  15 362  20   9   2]
 [  4  12  64 311  14   6]
 [  3  15   3   6 351  13]
 [  0   4  24   6  20 234]]";0.6973026973026973;0.6354662499790631;"[[  9  31   6  16  12   6]
 [  7 132  22   6   7   3]
 [  1  10 161  13  11   5]
 [  5  11  29 143  17   6]
 [  4  15   5   6 142   7]
 [  1   8  16   5  12 111]]";378;[47 70 69 74 55 63]
1271;CiteSeer;own;1;0.2;64;0.5;1;0.005;1932968203;0.9895833333333334;0.9901120934146498;"[[48  0  0  0  0  0]
 [ 0 71  0  0  0  0]
 [ 1  0 69  1  0  0]
 [ 0  0  1 74  0  1]
 [ 0  0  0  0 55  0]
 [ 0  0  0  0  0 63]]";0.8146240988671473;0.7729524591208426;"[[ 39  40   7   8  14   3]
 [  2 282  32   8   7   7]
 [  1  14 361  20   9   2]
 [  3  13  60 315  13   5]
 [  3  13   3   7 351  13]
 [  0   5  22  11  15 234]]";0.6973026973026973;0.6372647657617964;"[[ 10  30   6  16  12   6]
 [  8 129  22   6   9   3]
 [  1   9 162  13  11   5]
 [  5  11  25 146  18   6]
 [  4  15   5   7 141   7]
 [  2   8  16   5  12 110]]";384;[48 71 71 76 55 63]
1272;CiteSeer;own;1;0.2;64;0.5;1;0.005;1932968203;0.9871794871794872;0.9880522356002105;"[[48  0  0  0  0  0]
 [ 0 72  0  1  0  0]
 [ 1  0 69  1  0  0]
 [ 0  1  0 76  0  1]
 [ 0  0  0  0 56  0]
 [ 0  0  0  0  0 64]]";0.8099173553719008;0.7682225491446477;"[[ 38  41   6   7  16   3]
 [  1 278  35   8   7   7]
 [  0  14 358  21   9   3]
 [  2  14  59 314  15   5]
 [  3  13   3   7 353  16]
 [  0   5  25  11  12 227]]";0.6933066933066933;0.6332430353761035;"[[ 10  30   6  15  13   6]
 [  6 127  24   7  10   3]
 [  1   9 161  15  11   4]
 [  4   9  26 148  19   5]
 [  4  15   5   5 141   9]
 [  2   8  17   5  14 107]]";390;[48 73 71 78 56 64]
1273;CiteSeer;own;1;0.2;64;0.5;1;0.005;1932968203;0.9873737373737373;0.9872274652857373;"[[48  0  0  0  1  0]
 [ 0 73  0  1  0  0]
 [ 1  0 71  0  0  0]
 [ 0  0  1 76  0  1]
 [ 0  0  0  0 58  0]
 [ 0  0  0  0  0 65]]";0.8170984455958549;0.7760999421342906;"[[ 39  40   5   9  15   3]
 [  2 274  35   6   7   9]
 [  0  16 363  17   8   2]
 [  1  13  57 320  13   4]
 [  1  14   3   7 356  12]
 [  0   5  24   9  16 225]]";0.7032967032967034;0.6435618717753683;"[[ 11  31   4  16  12   6]
 [  6 128  25   6   8   4]
 [  1   9 165  10  12   4]
 [  2   7  25 153  19   5]
 [  4  15   7   5 141   7]
 [  2   8  16   5  16 106]]";396;[49 74 72 78 58 65]
1274;CiteSeer;own;1;0.2;64;0.5;1;0.005;1932968203;0.9825870646766169;0.98137782124344;"[[48  0  0  0  1  0]
 [ 0 74  1  0  0  0]
 [ 1  0 71  0  0  0]
 [ 1  0  1 79  0  0]
 [ 1  1  0  0 58  0]
 [ 0  0  0  0  0 65]]";0.8206860706860707;0.7798496217630321;"[[ 38  39   4  10  15   3]
 [  0 276  35   6   8   8]
 [  0  15 358  19   8   2]
 [  1  13  59 323  12   4]
 [  1  13   3   6 359   8]
 [  0   5  22  10  16 225]]";0.7082917082917083;0.647768517552567;"[[ 11  30   4  17  12   6]
 [  5 128  24   7   9   4]
 [  1   9 165  10  12   4]
 [  2   7  25 157  15   5]
 [  4  15   5   7 142   6]
 [  2   8  16   5  16 106]]";402;[49 75 72 81 60 65]
1275;CiteSeer;own;1;0.2;64;0.5;1;0.005;1932968203;0.9901960784313726;0.9897573418184846;"[[49  0  0  0  0  1]
 [ 0 76  0  0  0  0]
 [ 0  0 73  0  0  0]
 [ 1  0  1 81  0  0]
 [ 0  1  0  0 59  0]
 [ 0  0  0  0  0 66]]";0.8248175182481752;0.7809380998370563;"[[ 36  40   4  10  15   3]
 [  0 276  34   6   7   9]
 [  0  15 357  20   7   2]
 [  1  13  54 327  11   3]
 [  1  14   3   6 359   6]
 [  0   4  21  11  16 227]]";0.7122877122877123;0.6513270226968921;"[[ 11  30   4  17  12   6]
 [  5 130  24   6   8   4]
 [  1   9 165  10  12   4]
 [  2   7  24 159  13   6]
 [  4  15   4  10 141   5]
 [  2   8  15   5  16 107]]";408;[50 76 73 83 60 66]
1276;CiteSeer;own;1;0.2;64;0.5;1;0.005;1932968203;0.9855072463768116;0.983938086360871;"[[49  0  0  0  1  1]
 [ 0 77  0  0  0  0]
 [ 0  0 74  0  0  0]
 [ 1  0  1 81  0  0]
 [ 1  1  0  0 60  0]
 [ 0  0  0  0  0 67]]";0.8206066945606695;0.7760114860158754;"[[ 35  40   5   9  15   3]
 [  1 275  34   5   7   9]
 [  0  15 356  22   7   2]
 [  1  14  57 321  11   3]
 [  2  13   4   7 355   5]
 [  0   4  21  13  14 227]]";0.7122877122877123;0.6533632809159658;"[[ 12  30   4  16  12   6]
 [  6 129  24   6   8   4]
 [  1   8 166  10  12   4]
 [  2   8  23 158  13   7]
 [  5  15   4   9 140   6]
 [  2   8  15   5  15 108]]";414;[51 77 74 83 62 67]
1277;CiteSeer;own;1;0.2;64;0.5;1;0.005;1932968203;0.9904761904761905;0.9894136666315493;"[[50  0  0  0  1  1]
 [ 0 78  0  0  0  0]
 [ 1  0 75  0  0  0]
 [ 0  0  1 82  0  0]
 [ 0  0  0  0 63  0]
 [ 0  0  0  0  0 68]]";0.8242392444910808;0.7815977310421577;"[[ 36  41   5   9  13   2]
 [  0 276  33   5   8   8]
 [  0  14 356  22   7   1]
 [  1  15  57 320  11   2]
 [  2  14   3   6 357   4]
 [  0   4  22   9  17 226]]";0.7162837162837162;0.6549880511204894;"[[ 11  31   4  17  12   5]
 [  5 131  23   4  10   4]
 [  1   9 165  10  13   3]
 [  1   7  25 159  14   5]
 [  4  15   5   5 145   5]
 [  2   9  15   5  16 106]]";420;[52 78 76 83 63 68]
1278;CiteSeer;own;1;0.2;64;0.5;1;0.005;1765720390;0.0;0.0;[[]];0.15262252794496992;0.04413775954245928;"[[  0   0   0   0   0 184]
 [  0   0   0   0   0 413]
 [  0   0   0   0   0 467]
 [  0   0   0   0   0 490]
 [  0   0   0   0   0 417]
 [  0   0   0   0   0 355]]";0.15284715284715283;0.04419410745233968;"[[  0   0   0   0   0  80]
 [  0   0   0   0   0 177]
 [  0   0   0   0   0 201]
 [  0   0   0   0   0 211]
 [  0   0   0   0   0 179]
 [  0   0   0   0   0 153]]";0;[]
1279;CiteSeer;own;1;0.2;64;0.5;1;0.005;1765720390;0.6666666666666666;0.6666666666666666;"[[1 0 0 0 0]
 [0 0 0 0 0]
 [0 1 1 0 0]
 [0 1 0 1 0]
 [0 0 0 0 1]]";0.1875;0.06897370624357194;"[[  0 182   0   0   1   0]
 [  0 410   0   0   3   0]
 [  0 460   0   0   5   0]
 [  0 487   0   1   0   0]
 [  0 392   0   0  24   0]
 [  0 347   0   0   8   0]]";0.1838161838161838;0.06525244731610783;"[[  1  78   0   0   1   0]
 [  0 177   0   0   0   0]
 [  0 199   0   0   2   0]
 [  0 210   0   0   1   0]
 [  0 173   0   0   6   0]
 [  0 148   1   0   4   0]]";6;[1 0 2 2 1]
1280;CiteSeer;own;1;0.2;64;0.5;1;0.005;1765720390;0.9166666666666666;0.8888888888888888;"[[2 0 0 0]
 [0 4 0 0]
 [0 0 1 1]
 [0 0 0 4]]";0.39714779602420053;0.20891959624454368;"[[  1  18  94   0  58   0]
 [  0  17 303   0  62   0]
 [  0   1 497   0  16   0]
 [  0  16 343   1 109   0]
 [  0   6  24   0 403   0]
 [  0  12 183   0 150   0]]";0.35664335664335667;0.196633859539786;"[[  2   9  36   0  33   0]
 [  0   6 130   0  41   0]
 [  0   3 189   0   9   0]
 [  0  10 159   0  42   0]
 [  0   4  15   0 160   0]
 [  0  10  84   0  59   0]]";12;[2 0 4 2 4]
1281;CiteSeer;own;1;0.2;64;0.5;1;0.005;1765720390;0.8888888888888888;0.7388167388167388;"[[3 1 0 0 0 0]
 [0 0 0 0 0 0]
 [0 0 5 0 0 0]
 [0 0 0 3 0 0]
 [0 0 0 0 4 0]
 [0 0 1 0 0 1]]";0.47053726169844023;0.360815089905773;"[[  4  42  72   8  32   9]
 [  0  95 217   0  47  22]
 [  2  24 488   0  10   3]
 [  5  53 307  34  31  31]
 [  1  45  15   5 356   8]
 [  0  42 128   1  62 109]]";0.42357642357642356;0.3427450160090561;"[[  4  24  21   3  22   6]
 [  0  38  98   4  27  10]
 [  0  13 179   0   7   2]
 [  6  31 135  15  14  10]
 [  0  24  11   4 136   4]
 [  0  19  52   0  30  52]]";18;[4 0 5 3 4 2]
1282;CiteSeer;own;1;0.2;64;0.5;1;0.005;1765720390;0.9583333333333334;0.9696969696969697;"[[5 0 0 0 0 0]
 [0 1 0 0 0 0]
 [0 0 5 0 0 0]
 [0 0 1 5 0 0]
 [0 0 0 0 4 0]
 [0 0 0 0 0 3]]";0.44526498696785405;0.30088294872260407;"[[  5   0  93  20  52   1]
 [  0   1 247  23 103   5]
 [  1   0 497   6  16   0]
 [  3   0 336  82  43   1]
 [  0   0  34   6 383   3]
 [  0   0 146  16 122  57]]";0.4035964035964036;0.2893278402712209;"[[  4   0  30  11  34   1]
 [  0   0 114  15  45   3]
 [  0   0 187   3  10   1]
 [  7   0 154  28  20   2]
 [  0   0  20   6 151   2]
 [  0   0  61   3  55  34]]";24;[5 1 5 6 4 3]
1283;CiteSeer;own;1;0.2;64;0.5;1;0.005;1765720390;0.9666666666666667;0.972027972027972;"[[5 0 0 0 0 0]
 [0 3 0 0 0 0]
 [0 0 5 0 0 0]
 [1 0 0 6 0 0]
 [0 0 0 0 4 0]
 [0 0 0 0 0 6]]";0.4930313588850174;0.3650539622414622;"[[ 12   0  70  12  50  24]
 [  3   5 203   9  95  64]
 [  2   0 483   8  16  10]
 [ 15   0 293  60  46  51]
 [  0   0  27   2 382  15]
 [  0   0  71   5  73 190]]";0.4435564435564436;0.3396155960482621;"[[  7   0  21   8  32  12]
 [  1   3  89  10  48  26]
 [  0   0 181   3  10   7]
 [ 14   0 138  20  24  15]
 [  1   0  18   5 146   9]
 [  0   0  32   0  34  87]]";30;[5 3 5 7 4 6]
1284;CiteSeer;own;1;0.2;64;0.5;1;0.005;1765720390;0.9444444444444444;0.9478680361033303;"[[6 0 0 0 1 0]
 [0 4 0 0 0 0]
 [0 0 5 0 0 0]
 [1 0 0 8 0 0]
 [0 0 0 0 4 0]
 [0 0 0 0 0 7]]";0.5266375545851528;0.40823984553546766;"[[  9   0  66  29  53   7]
 [  4   4 197  50 106  17]
 [  0   0 475  23  18   0]
 [ 10   0 231 180  42   5]
 [  2   0  22   9 383  10]
 [  0   0  82  12  89 155]]";0.4825174825174825;0.39088418161578753;"[[  6   0  21  14  35   4]
 [  0   3  89  37  41   7]
 [  0   0 181   8  10   2]
 [  6   0 117  68  17   3]
 [  1   0  18   8 149   3]
 [  0   0  34   3  40  76]]";36;[7 4 5 9 4 7]
1285;CiteSeer;own;1;0.2;64;0.5;1;0.005;1765720390;0.8809523809523809;0.8878787878787878;"[[6 0 0 1 1 0]
 [0 5 0 1 0 0]
 [0 0 5 0 0 0]
 [1 0 0 9 1 0]
 [0 0 0 0 4 0]
 [0 0 0 0 0 8]]";0.5280210157618214;0.4035779659384748;"[[  7   0  68  21  62   4]
 [  4   3 201  39 117  11]
 [  0   0 475  22  19   0]
 [  6   0 216 189  54   3]
 [  0   0  20   5 392   8]
 [  0   0  87   7 104 140]]";0.4855144855144855;0.39041640283585277;"[[  6   0  21  14  36   3]
 [  0   3  91  26  53   4]
 [  0   0 183   6  11   1]
 [  5   0 106  71  26   3]
 [  1   0  17   4 154   3]
 [  0   0  36   0  48  69]]";42;[ 8  6  5 11  4  8]
1286;CiteSeer;own;1;0.2;64;0.5;1;0.005;1765720390;0.9583333333333334;0.9681818181818181;"[[ 9  0  0  0  0  0]
 [ 0 10  0  0  0  0]
 [ 0  0  5  0  0  0]
 [ 2  0  0 10  0  0]
 [ 0  0  0  0  4  0]
 [ 0  0  0  0  0  8]]";0.6009657594381036;0.5468314439572323;"[[ 40  32  49   8  37   3]
 [ 39 124 149  17  39  10]
 [ 11   6 467  23   8   1]
 [ 51   2 179 200  25   3]
 [ 13   6  19   1 374   7]
 [  9  13  71  10  68 164]]";0.5564435564435565;0.5198083449479708;"[[ 24  11  16   4  21   4]
 [ 26  47  75   7  19   3]
 [  2   2 180   6  10   1]
 [ 23   0  92  85   8   3]
 [  8   7  15   2 143   4]
 [  8   5  32   3  27  78]]";48;[ 9 10  5 12  4  8]
1287;CiteSeer;own;1;0.2;64;0.5;1;0.005;1765720390;0.9629629629629629;0.9705128205128205;"[[ 9  0  0  1  0  0]
 [ 0 12  0  0  0  0]
 [ 0  0  5  0  0  0]
 [ 1  0  0 12  0  0]
 [ 0  0  0  0  5  0]
 [ 0  0  0  0  0  9]]";0.6179577464788732;0.5549975383639698;"[[ 32  18  42   9  50  16]
 [  3 115 134  12  56  56]
 [  2   3 461  21  16  11]
 [ 13   1 175 201  49  20]
 [  3   5   9   1 390  14]
 [  0   0  45   8  76 205]]";0.5634365634365635;0.5035614801455027;"[[  9   7  14   5  36   9]
 [  4  54  65   4  29  21]
 [  2   0 174   6  11   8]
 [  9   0  92  80  19  11]
 [  3   3  12   5 149   7]
 [  0   0  20   3  32  98]]";54;[10 12  5 13  5  9]
1288;CiteSeer;own;1;0.2;64;0.5;1;0.005;1765720390;0.9666666666666667;0.9652124695228143;"[[11  0  0  0  0  0]
 [ 0 13  0  0  0  0]
 [ 0  0  5  0  0  0]
 [ 1  0  0 14  0  0]
 [ 1  0  0  0  5  0]
 [ 0  0  0  0  0 10]]";0.6151809355692851;0.5503544322860461;"[[ 29  17  36  12  60  12]
 [  4 117 123  17  72  46]
 [  0   3 435  29  23   9]
 [ 10   1 124 239  70  10]
 [  5   5  14   1 399  11]
 [  0   0  44  11 103 175]]";0.5754245754245755;0.5109337323014151;"[[  8   7  10   8  37  10]
 [  5  55  57   6  29  25]
 [  2   0 171   6  13   9]
 [  9   0  67  98  26  11]
 [  8   3   9   2 154   3]
 [  0   0  21   4  38  90]]";60;[11 13  5 15  6 10]
1289;CiteSeer;own;1;0.2;64;0.5;1;0.005;1765720390;1.0;1.0;"[[11  0  0  0  0  0]
 [ 0 15  0  0  0  0]
 [ 0  0  7  0  0  0]
 [ 0  0  0 16  0  0]
 [ 0  0  0  0  6  0]
 [ 0  0  0  0  0 11]]";0.6070796460176991;0.546003663145004;"[[ 27  23  32  12  59  10]
 [  0 146 121  12  73  27]
 [  0   4 432  23  32   4]
 [  8   3 140 203  91   6]
 [  2   5   9   1 406  10]
 [  0   0  55  10 116 158]]";0.5594405594405595;0.4968726833913338;"[[  6  11  16   8  33   6]
 [  5  66  52   6  31  17]
 [  2   2 169   7  17   4]
 [  8   0  77  86  36   4]
 [  5   4  11   3 155   1]
 [  0   0  25   2  48  78]]";66;[11 15  7 16  6 11]
1290;CiteSeer;own;1;0.2;64;0.5;1;0.005;1765720390;0.9722222222222222;0.978835978835979;"[[13  0  0  0  0  0]
 [ 0 15  0  0  0  0]
 [ 0  0  8  0  0  0]
 [ 2  0  0 17  0  0]
 [ 0  0  0  0  6  0]
 [ 0  0  0  0  0 11]]";0.6264418811002662;0.5661723309866749;"[[ 30  20  36  10  51  14]
 [  6 137 106  21  60  48]
 [  2   3 421  30  25  13]
 [ 13   3 127 232  64  10]
 [  5   5  10   2 399  12]
 [  0   0  43  12  91 193]]";0.5674325674325674;0.5055871412564981;"[[  6   9  20   7  29   9]
 [  6  60  55  10  27  19]
 [  2   1 158  10  14  16]
 [ 10   0  70  99  24   8]
 [  8   3  11   3 151   3]
 [  0   0  19   4  36  94]]";72;[13 15  8 19  6 11]
1291;CiteSeer;own;1;0.2;64;0.5;1;0.005;1765720390;0.9615384615384616;0.9496401163067829;"[[13  0  0  0  0  0]
 [ 0 16  0  0  0  0]
 [ 0  0 10  0  0  0]
 [ 1  0  0 18  0  0]
 [ 1  0  0  0  5  1]
 [ 0  0  0  0  0 13]]";0.6298932384341637;0.5596633025512557;"[[ 17  17  65   4  32  12]
 [  3 145 155   6  32  33]
 [  0   3 462  17  14  10]
 [ 11   6 189 183  43  14]
 [  6   7  18   3 390   8]
 [  1   2  55   6  60 219]]";0.5604395604395604;0.5076333047890424;"[[  6   8  35   3  22   6]
 [  5  65  74   2  19  12]
 [  1   1 168   5  11  15]
 [  8   2 104  83   7   7]
 [  6   6  17   2 143   5]
 [  0   0  30   1  26  96]]";78;[13 16 10 19  7 13]
1292;CiteSeer;own;1;0.2;64;0.5;1;0.005;1765720390;0.9642857142857143;0.945742526603259;"[[13  0  0  0  0  0]
 [ 0 17  0  0  0  0]
 [ 0  0 11  0  0  0]
 [ 0  0  0 21  0  0]
 [ 1  0  0  1  5  1]
 [ 0  0  0  0  0 14]]";0.6382694023193577;0.5638935136169841;"[[ 16  10  66   6  33  15]
 [  2 120 172  13  33  33]
 [  0   3 454  23  13  11]
 [  8   6 140 232  44  14]
 [  2   6  23   5 387  10]
 [  1   0  53   9  57 222]]";0.5764235764235764;0.5130843629577321;"[[  5   7  35   4  23   6]
 [  5  54  77   4  20  17]
 [  0   0 167   6  11  17]
 [  5   2  76 110  10   8]
 [  1   4  18   5 146   5]
 [  0   0  31   3  24  95]]";84;[13 17 11 21  8 14]
1293;CiteSeer;own;1;0.2;64;0.5;1;0.005;1765720390;0.9777777777777777;0.9717625426845284;"[[13  0  0  0  0  0]
 [ 0 19  0  0  0  0]
 [ 0  0 11  0  0  0]
 [ 0  0  0 23  0  0]
 [ 1  0  0  1  8  0]
 [ 0  0  0  0  0 14]]";0.6426654740608229;0.5661186274055664;"[[ 16  16  46   8  44  16]
 [  2 137 139   7  47  43]
 [  0   3 450  20  15  14]
 [  7   8 125 224  67  12]
 [  2   6  14   1 396   9]
 [  1   0  43   3  81 214]]";0.5714285714285714;0.5067566486933648;"[[  5   8  30   3  27   7]
 [  5  61  62   1  24  24]
 [  0   0 163   6  12  20]
 [  4   2  76  96  27   6]
 [  1   7  11   4 151   5]
 [  0   0  25   2  30  96]]";90;[13 19 11 23 10 14]
1294;CiteSeer;own;1;0.2;64;0.5;1;0.005;1765720390;0.96875;0.968511271925906;"[[12  1  0  1  0  0]
 [ 0 20  0  0  0  0]
 [ 0  0 12  0  0  0]
 [ 0  0  0 24  0  0]
 [ 0  0  0  1 10  0]
 [ 0  0  0  0  0 15]]";0.6520179372197309;0.574818397078844;"[[ 15  23  46  10  35  13]
 [  3 152 126   6  33  53]
 [  0   6 448  24  12  12]
 [  9   9 135 230  48  12]
 [  2   8  18   1 400   7]
 [  1   2  47   8  67 209]]";0.5724275724275725;0.5091883047959643;"[[  5  11  27   4  25   8]
 [  3  66  60   0  20  28]
 [  1   1 160   7  11  21]
 [  5   2  73  99  23   9]
 [  0  10  13   3 147   6]
 [  0   1  26   1  29  96]]";96;[14 20 12 24 11 15]
1295;CiteSeer;own;1;0.2;64;0.5;1;0.005;1765720390;0.9901960784313726;0.9879569892473118;"[[15  0  0  0  1  0]
 [ 0 21  0  0  0  0]
 [ 0  0 13  0  0  0]
 [ 0  0  0 25  0  0]
 [ 0  0  0  0 12  0]
 [ 0  0  0  0  0 15]]";0.674910071942446;0.6152992250463681;"[[ 32  29  31   8  42   5]
 [ 11 171 100   6  46  33]
 [ 11   8 434  30  14   3]
 [ 18   8  96 259  49   9]
 [  4   7  10   3 410   5]
 [  3   4  40   7  83 195]]";0.5934065934065934;0.5412561697364827;"[[ 11  14  19   4  26   6]
 [ 10  72  50   1  27  17]
 [  8   2 158   8  12  13]
 [  9   1  55 117  24   5]
 [  1   8   9   4 152   5]
 [  3   2  27   1  36  84]]";102;[16 21 13 25 12 15]
1296;CiteSeer;own;1;0.2;64;0.5;1;0.005;1765720390;0.9907407407407407;0.9894909688013137;"[[17  0  1  0  0  0]
 [ 0 22  0  0  0  0]
 [ 0  0 14  0  0  0]
 [ 0  0  0 26  0  0]
 [ 0  0  0  0 12  0]
 [ 0  0  0  0  0 16]]";0.6749323715058612;0.6223321683972904;"[[ 44  22  31   5  44   9]
 [ 10 152 103   5  51  43]
 [ 15   7 424  29  15  11]
 [ 25   8  73 255  59  10]
 [  3   3   7   2 417   6]
 [  2   1  38   6  78 205]]";0.6003996003996004;0.5574665993422309;"[[ 19  11  11   4  24  11]
 [  8  61  51   1  35  21]
 [ 10   2 154   8  12  15]
 [ 15   1  46 117  26   6]
 [  1   7   8   2 155   6]
 [  0   2  20   1  35  95]]";108;[18 22 14 26 12 16]
1297;CiteSeer;own;1;0.2;64;0.5;1;0.005;1765720390;0.9912280701754386;0.9928025191183085;"[[19  0  0  0  0  0]
 [ 0 23  0  0  0  0]
 [ 0  0 14  0  0  0]
 [ 1  0  0 28  0  0]
 [ 0  0  0  0 13  0]
 [ 0  0  0  0  0 16]]";0.6722423146473779;0.6235677333085817;"[[ 57  15  28   4  41   7]
 [ 33 139  99   7  48  37]
 [ 15   6 425  29  17   6]
 [ 36   5  69 259  57   8]
 [  5   2   8   3 413   5]
 [  6   0  35   9  85 194]]";0.5934065934065934;0.5563094426936909;"[[ 26  10  10   4  20  10]
 [ 25  58  47   0  30  17]
 [ 13   0 155   8  12  13]
 [ 17   0  43 118  28   5]
 [  3   6   8   5 151   6]
 [  1   1  19   5  41  86]]";114;[19 23 14 29 13 16]
1298;CiteSeer;own;1;0.2;64;0.5;1;0.005;1765720390;0.9916666666666667;0.9903501516404742;"[[19  0  1  0  0  0]
 [ 0 25  0  0  0  0]
 [ 0  0 15  0  0  0]
 [ 0  0  0 30  0  0]
 [ 0  0  0  0 13  0]
 [ 0  0  0  0  0 17]]";0.6980961015412511;0.653388464388374;"[[ 52  32  25   7  30  11]
 [ 12 182  85   9  41  37]
 [ 11  10 425  34   9   7]
 [ 20  14  75 262  46  12]
 [  3   4   8   5 405   5]
 [  4   0  41  11  58 214]]";0.6193806193806194;0.5786443119514552;"[[ 20  14  12   5  20   9]
 [ 10  72  42   4  27  22]
 [  6   3 157  14  10  11]
 [ 11   5  47 124  16   8]
 [  1   7   9   5 151   6]
 [  0   1  21   4  31  96]]";120;[20 25 15 30 13 17]
1299;CiteSeer;own;1;0.2;64;0.5;1;0.005;1765720390;0.9841269841269841;0.9798812712528946;"[[20  0  1  0  0  0]
 [ 0 26  0  0  0  0]
 [ 0  0 15  0  0  0]
 [ 0  0  0 32  0  0]
 [ 0  0  0  0 13  0]
 [ 0  0  0  0  1 18]]";0.6990909090909091;0.6576004638548048;"[[ 54  29  24   4  33  11]
 [  9 187  87   6  39  38]
 [ 12   9 417  33  14   9]
 [ 20  14  76 261  50   9]
 [  3   4   7   3 407   5]
 [  4   1  38   6  65 212]]";0.6143856143856143;0.5736491952808223;"[[ 18  13  14   5  21   9]
 [  9  78  43   3  23  21]
 [  6   3 152  16  12  12]
 [ 11   2  49 125  18   6]
 [  1   9   9   4 149   7]
 [  0   2  21   2  35  93]]";126;[21 26 15 32 13 19]
1300;CiteSeer;own;1;0.2;64;0.5;1;0.005;1765720390;1.0;1.0;"[[22  0  0  0  0  0]
 [ 0 27  0  0  0  0]
 [ 0  0 17  0  0  0]
 [ 0  0  0 32  0  0]
 [ 0  0  0  0 14  0]
 [ 0  0  0  0  0 20]]";0.7078395624430265;0.6738996774660069;"[[ 69  25  22   7  29   8]
 [ 25 194  79   6  35  22]
 [ 10   9 421  37  11   9]
 [ 22  14  77 262  39  10]
 [  6   7   8   3 400   4]
 [  3   6  45   7  56 207]]";0.6113886113886113;0.5795691137499542;"[[ 23  12  15   4  21   5]
 [ 18  84  38   1  24  12]
 [  5   5 146  16  15  14]
 [ 17   6  48 121  15   4]
 [  1   9  11   4 148   6]
 [  1   3  23   2  34  90]]";132;[22 27 17 32 14 20]
1301;CiteSeer;own;1;0.2;64;0.5;1;0.005;1765720390;1.0;1.0;"[[23  0  0  0  0  0]
 [ 0 29  0  0  0  0]
 [ 0  0 17  0  0  0]
 [ 0  0  0 34  0  0]
 [ 0  0  0  0 15  0]
 [ 0  0  0  0  0 20]]";0.7193784277879341;0.6856440242153458;"[[ 68  24  23   9  25   8]
 [ 22 197  75  15  31  19]
 [  5   9 432  37   6   7]
 [ 20  18  83 269  29   7]
 [  5   7   8   3 398   6]
 [  2   8  45  11  47 210]]";0.6123876123876124;0.5791327043206896;"[[ 21  13  17   4  20   5]
 [ 18  84  35   8  21  11]
 [  3   3 148  25  12  10]
 [ 15   6  53 121  11   5]
 [  2  11  11   5 145   5]
 [  0   3  24   3  29  94]]";138;[23 29 17 34 15 20]
1302;CiteSeer;own;1;0.2;64;0.5;1;0.005;1765720390;0.9861111111111112;0.9860646599777034;"[[22  0  1  1  0  0]
 [ 0 29  0  0  0  0]
 [ 0  0 19  0  0  0]
 [ 0  0  0 34  0  0]
 [ 0  0  0  0 16  0]
 [ 0  0  0  0  0 22]]";0.7158570119156737;0.6802481222340138;"[[ 59  23  24   6  27   9]
 [ 13 187  86  13  35  23]
 [  4   9 441  41   7   3]
 [ 14  17  89 261  37   7]
 [  3   6   8   1 400   6]
 [  1   5  42  11  50 214]]";0.6073926073926074;0.5725621055660742;"[[ 20  13  16   5  20   6]
 [ 13  76  46   7  23  12]
 [  3   1 151  26  12   8]
 [ 10   6  56 117  17   5]
 [  1   9   9   4 151   5]
 [  0   2  25   3  30  93]]";144;[24 29 19 34 16 22]
1303;CiteSeer;own;1;0.2;64;0.5;1;0.005;1765720390;0.9933333333333333;0.9941707956863888;"[[23  0  0  1  0  0]
 [ 0 29  0  0  0  0]
 [ 0  0 20  0  0  0]
 [ 0  0  0 36  0  0]
 [ 0  0  0  0 16  0]
 [ 0  0  0  0  0 25]]";0.7127757352941176;0.6735180573791011;"[[ 55  25  24   6  27  12]
 [ 13 174  94  15  37  24]
 [  5   8 437  40   9   5]
 [ 14   7  83 265  43  10]
 [  4   5   8   1 397   8]
 [  0   4  40   8  46 223]]";0.6163836163836164;0.5814925480092906;"[[ 22  12  15   5  20   6]
 [ 13  71  50   8  22  13]
 [  2   1 155  25  12   6]
 [ 11   0  47 126  18   9]
 [  2   9   9   4 147   8]
 [  1   2  26   1  27  96]]";150;[24 29 20 36 16 25]
1304;CiteSeer;own;1;0.2;64;0.5;1;0.005;1765720390;0.9871794871794872;0.988474872415197;"[[24  0  0  0  0  0]
 [ 0 31  0  0  0  0]
 [ 0  0 21  0  0  0]
 [ 0  0  1 36  0  0]
 [ 0  0  0  0 16  0]
 [ 0  0  0  1  0 26]]";0.7096774193548387;0.6709881435181692;"[[ 52  26  26   7  19  15]
 [ 11 184 102  13  31  25]
 [  3   8 438  38   8   6]
 [ 13  12  86 261  38  11]
 [  3  11   8   1 388   8]
 [  0   5  43   7  46 217]]";0.6063936063936064;0.5637513885585164;"[[ 16  18  20   4  15   7]
 [ 12  71  56   6  17  15]
 [  1   1 157  24  12   6]
 [  9   1  49 124  17  11]
 [  1  12  10   4 144   8]
 [  1   2  28   1  26  95]]";156;[24 31 21 37 16 27]
1305;CiteSeer;own;1;0.2;64;0.5;1;0.005;1765720390;0.9814814814814815;0.980994429422681;"[[24  0  0  0  0  0]
 [ 0 31  0  0  0  0]
 [ 0  0 23  0  0  0]
 [ 1  0  0 35  1  0]
 [ 0  0  0  0 18  0]
 [ 0  0  1  0  0 28]]";0.711645101663586;0.6676380794821344;"[[ 51  18  25   7  23  14]
 [ 14 168  99   9  33  36]
 [  5   8 449  24   8  14]
 [ 15  10  84 250  37  18]
 [  4  11   7   1 394   8]
 [  4   5  45   3  35 228]]";0.6063936063936064;0.5660430434961653;"[[ 19  17  15   4  16   9]
 [ 14  66  54   3  19  21]
 [  3   1 158  15  12  12]
 [ 12   1  50 120  16  12]
 [  2  12  10   4 142   9]
 [  1   2  26   1  21 102]]";162;[24 31 23 37 18 29]
1306;CiteSeer;own;1;0.2;64;0.5;1;0.005;1765720390;0.9821428571428571;0.9833920493348459;"[[24  0  0  0  0  0]
 [ 0 31  1  0  0  0]
 [ 0  0 25  0  0  0]
 [ 0  0  1 38  0  0]
 [ 0  0  0  0 18  0]
 [ 0  1  0  0  0 29]]";0.7256719184430028;0.6804794753687095;"[[ 50  21  21   9  24  13]
 [  7 165 100  15  39  28]
 [  4   9 457  23   9  11]
 [ 14   7  72 274  31  12]
 [  4   9   7   1 396   7]
 [  3   8  43   6  35 224]]";0.6153846153846154;0.5720530280038112;"[[ 18  17  13   5  18   9]
 [ 12  65  56   5  20  19]
 [  2   1 158  18  11  11]
 [  8   1  47 133  13   9]
 [  1  11  10   5 144   8]
 [  0   7  24   1  23  98]]";168;[24 32 25 39 18 30]
1307;CiteSeer;own;1;0.2;64;0.5;1;0.005;1765720390;0.9942528735632183;0.994703656998739;"[[24  0  0  0  0  0]
 [ 0 32  0  0  0  1]
 [ 0  0 26  0  0  0]
 [ 0  0  0 42  0  0]
 [ 0  0  0  0 19  0]
 [ 0  0  0  0  0 30]]";0.741635687732342;0.6960605858626515;"[[ 51  20  24   8  22  12]
 [ 10 181  88   9  39  21]
 [  5   9 481  16   8   4]
 [ 14   8  82 266  24  11]
 [  6   9   7   0 397   6]
 [  6   4  48   5  31 220]]";0.6453546453546454;0.6047971207869023;"[[ 20  18  10   4  20   8]
 [ 12  76  53   3  20  13]
 [  3   2 173   7  11   5]
 [  8   1  52 132  12   6]
 [  1  10  11   3 146   8]
 [  0   4  27   0  23  99]]";174;[24 33 26 42 19 30]
1308;CiteSeer;own;1;0.2;64;0.5;1;0.005;1765720390;0.9944444444444445;0.9947259802797523;"[[24  0  0  1  0  0]
 [ 0 34  0  0  0  0]
 [ 0  0 26  0  0  0]
 [ 0  0  0 44  0  0]
 [ 0  0  0  0 19  0]
 [ 0  0  0  0  0 32]]";0.7562907735321528;0.7095767782757206;"[[ 49  24  17  11  21  14]
 [  9 193  74  12  38  21]
 [  3   9 479  20   8   4]
 [ 13   8  69 285  22   9]
 [  4   8   7   4 389   9]
 [  3   7  36   8  31 228]]";0.6523476523476524;0.6094139234300009;"[[ 19  17  10   6  19   9]
 [ 12  78  50   5  19  13]
 [  3   3 169  10  11   5]
 [  9   1  44 139  12   6]
 [  1  11  11   4 144   8]
 [  0   5  23   0  21 104]]";180;[25 34 26 44 19 32]
1309;CiteSeer;own;1;0.2;64;0.5;1;0.005;1765720390;0.9946236559139785;0.9949776401788787;"[[25  0  0  1  0  0]
 [ 0 35  0  0  0  0]
 [ 0  0 26  0  0  0]
 [ 0  0  0 47  0  0]
 [ 0  0  0  0 19  0]
 [ 0  0  0  0  0 33]]";0.7630841121495328;0.7190609716539332;"[[ 51  27  19   7  17  14]
 [  9 194  75  15  34  19]
 [  4   8 480  20   8   3]
 [ 11   8  72 287  18   6]
 [  4  10   7   2 389   9]
 [  3   8  40   6  24 232]]";0.6473526473526473;0.6058860835771787;"[[ 19  17  12   6  17   9]
 [ 12  78  51   6  17  13]
 [  3   3 169  10  11   5]
 [  9   3  49 136   9   5]
 [  1  12  11   6 141   8]
 [  0   5  22   2  19 105]]";186;[26 35 26 47 19 33]
1310;CiteSeer;own;1;0.2;64;0.5;1;0.005;1765720390;0.9895833333333334;0.9878111744265596;"[[26  0  0  0  0  0]
 [ 0 36  0  0  0  1]
 [ 0  0 26  0  0  0]
 [ 0  0  0 50  0  0]
 [ 0  0  1  0 19  0]
 [ 0  0  0  0  0 33]]";0.753045923149016;0.7042599144094265;"[[ 47  25  17   8  20  16]
 [  9 171  92  16  37  22]
 [  4   6 479  22   7   4]
 [  9   5  72 290  17   5]
 [  5   7   7   2 392   8]
 [  3   5  40   7  30 228]]";0.6423576423576424;0.6001747365973927;"[[ 20  17  11   6  17   9]
 [ 11  67  58   6  21  14]
 [  2   1 171  11  11   5]
 [  9   2  47 138  10   5]
 [  0  12  10   6 143   8]
 [  0   4  24   1  20 104]]";192;[26 37 26 50 20 33]
1311;CiteSeer;own;1;0.2;64;0.5;1;0.005;1765720390;0.98989898989899;0.9900473058728511;"[[26  0  0  0  0  0]
 [ 1 37  0  0  0  0]
 [ 0  0 26  0  0  0]
 [ 1  0  0 53  0  0]
 [ 0  0  0  0 21  0]
 [ 0  0  0  0  0 33]]";0.7655075187969925;0.717025757774937;"[[ 47  25  18   8  19  16]
 [  7 183  82  14  35  25]
 [  4   8 478  23   6   3]
 [  9   4  61 302  16   2]
 [  4  10   7   2 390   8]
 [  3   6  39  10  25 229]]";0.6533466533466533;0.6136287498996714;"[[ 21  17  10   5  17  10]
 [ 10  75  54   6  17  15]
 [  3   2 168  11  12   5]
 [  9   1  45 142   9   5]
 [  0  12  10   6 143   8]
 [  0   3  24   2  19 105]]";198;[26 38 26 54 21 33]
1312;CiteSeer;own;1;0.2;64;0.5;1;0.005;1765720390;0.9901960784313726;0.9918296892980437;"[[27  0  0  0  0  0]
 [ 0 39  0  1  0  0]
 [ 0  0 26  0  0  0]
 [ 1  0  0 54  0  0]
 [ 0  0  0  0 22  0]
 [ 0  0  0  0  0 34]]";0.7700282752120641;0.7267215228410207;"[[ 52  26  18   6  20  14]
 [  9 199  69  10  33  25]
 [  3   8 468  24   6   4]
 [  9   5  62 300  16   2]
 [  4  13   9   1 388   7]
 [  4   6  39  10  26 227]]";0.6533466533466533;0.6103673436551545;"[[ 19  19  12   4  17   9]
 [ 14  76  53   2  16  16]
 [  2   4 168  11  12   4]
 [  9   2  43 141  11   5]
 [  0  12  10   6 143   8]
 [  0   3  22   3  18 107]]";204;[27 40 26 55 22 34]
1313;CiteSeer;own;1;0.2;64;0.5;1;0.005;1765720390;0.9904761904761905;0.9911127454993057;"[[27  0  0  0  0  0]
 [ 0 41  0  0  0  1]
 [ 0  0 28  0  0  0]
 [ 1  0  0 55  0  0]
 [ 0  0  0  0 22  0]
 [ 0  0  0  0  0 35]]";0.777882797731569;0.7339660174534903;"[[ 52  26  18   6  21  13]
 [  9 218  56  10  30  24]
 [  5   9 460  25   7   4]
 [ 11   5  60 298  18   2]
 [  5   9   4   2 392   6]
 [  4   5  34  10  32 226]]";0.6553446553446554;0.6133950425812084;"[[ 19  19  11   4  17  10]
 [ 15  84  48   2  14  14]
 [  6   4 163  12  12   4]
 [ 10   2  42 141  11   5]
 [  0  13   9   6 144   7]
 [  0   3  22   1  22 105]]";210;[27 42 28 56 22 35]
1314;CiteSeer;own;1;0.2;64;0.5;1;0.005;1765720390;0.9953703703703703;0.9957002149892505;"[[29  0  0  0  0  0]
 [ 0 43  0  0  0  0]
 [ 0  0 29  0  0  0]
 [ 1  0  0 56  0  0]
 [ 0  0  0  0 22  0]
 [ 0  0  0  0  0 36]]";0.776303317535545;0.7331717760186919;"[[ 51  22  19   6  22  13]
 [  6 217  56  10  31  26]
 [  5   9 459  23   8   6]
 [  9   5  61 297  18   3]
 [  4   9   4   2 391   7]
 [  4   7  35  10  32 223]]";0.6483516483516484;0.6042291106893675;"[[ 17  20  12   4  17  10]
 [ 10  83  49   3  14  18]
 [  6   4 163  10  13   5]
 [  7   2  45 139  12   6]
 [  0  14   9   6 143   7]
 [  0   3  23   1  22 104]]";216;[29 43 29 57 22 36]
1315;CiteSeer;own;1;0.2;64;0.5;1;0.005;1765720390;0.9954954954954955;0.9956754631677232;"[[28  0  0  1  0  0]
 [ 0 44  0  0  0  0]
 [ 0  0 31  0  0  0]
 [ 0  0  0 59  0  0]
 [ 0  0  0  0 23  0]
 [ 0  0  0  0  0 36]]";0.780893536121673;0.73728411586723;"[[ 50  24  18   6  19  14]
 [  5 214  61  12  27  26]
 [  4   7 462  24   8   4]
 [  8   5  55 301  18   4]
 [  3  11   5   2 390   6]
 [  4   7  34   9  31 226]]";0.6503496503496503;0.6072176380864664;"[[ 18  18  12   4  17  11]
 [  9  82  50   4  13  19]
 [  5   2 165  11  12   6]
 [  6   3  45 139  12   6]
 [  0  14   8   6 142   9]
 [  0   4  21   2  21 105]]";222;[29 44 31 59 23 36]
1316;CiteSeer;own;1;0.2;64;0.5;1;0.005;1765720390;1.0;1.0;"[[29  0  0  0  0  0]
 [ 0 45  0  0  0  0]
 [ 0  0 32  0  0  0]
 [ 0  0  0 60  0  0]
 [ 0  0  0  0 23  0]
 [ 0  0  0  0  0 39]]";0.7778836987607245;0.7291001251889996;"[[ 46  23  19   5  19  13]
 [  6 198  66  10  31  25]
 [  2   7 482  22   6   3]
 [ 11   6  60 292  15   6]
 [  5   6   8   2 389   6]
 [  7   6  40   6  25 225]]";0.6443556443556444;0.6019322540891519;"[[ 18  17  14   4  17  10]
 [  9  79  54   3  14  18]
 [  5   1 168   9  12   6]
 [  5   4  46 137  11   8]
 [  0  14  10   6 140   9]
 [  0   4  24   1  21 103]]";228;[29 45 32 60 23 39]
1317;CiteSeer;own;1;0.2;64;0.5;1;0.005;1765720390;0.9957264957264957;0.99683047483634;"[[29  0  0  0  0  0]
 [ 0 46  0  1  0  0]
 [ 0  0 32  0  0  0]
 [ 0  0  0 60  0  0]
 [ 0  0  0  0 24  0]
 [ 0  0  0  0  0 42]]";0.7853728489483748;0.7334974530048858;"[[ 43  24  19   5  18  13]
 [  6 199  64  10  28  27]
 [  2   7 480  22   7   4]
 [ 13   6  55 295  15   8]
 [  4   6   8   2 390   6]
 [  6   5  30   6  23 236]]";0.6493506493506493;0.6036042566382326;"[[ 17  18  11   4  17  13]
 [ 10  80  51   3  14  19]
 [  5   1 168   9  12   6]
 [  7   4  43 138  11   8]
 [  0  14  10   6 139  10]
 [  0   4  20   2  19 108]]";234;[29 47 32 60 24 42]
1318;CiteSeer;own;1;0.2;64;0.5;1;0.005;1765720390;0.9916666666666667;0.9909771239832404;"[[31  0  0  1  0  0]
 [ 0 47  0  0  0  0]
 [ 0  0 32  0  0  0]
 [ 0  0  0 61  0  0]
 [ 0  1  0  0 25  0]
 [ 0  0  0  0  0 42]]";0.7909875359539789;0.742598387201808;"[[ 47  24  19   3  18   8]
 [  6 196  59  12  29  24]
 [  1   7 482  22   6   4]
 [ 13   7  53 295  17   7]
 [  5   7   4   3 397   6]
 [  6   4  33   6  23 233]]";0.6543456543456544;0.6123779813315221;"[[ 19  16  11   4  19  11]
 [ 11  80  51   3  16  16]
 [  4   2 168   9  12   6]
 [  5   4  46 138  11   7]
 [  0  12   9   6 142  10]
 [  0   4  21   2  18 108]]";240;[32 47 32 61 26 42]
1319;CiteSeer;own;1;0.2;64;0.5;1;0.005;1765720390;0.9878048780487805;0.9857660941577363;"[[33  0  1  0  0  0]
 [ 1 45  0  0  1  0]
 [ 0  0 32  0  0  0]
 [ 0  0  0 63  0  0]
 [ 0  0  0  0 26  0]
 [ 0  0  0  0  0 44]]";0.7879807692307692;0.7422806081558008;"[[ 45  19  19   5  23   6]
 [  6 185  65  12  34  20]
 [  1   6 481  23   8   3]
 [  6   5  58 304  16   4]
 [  3   4   7   4 386  15]
 [  4   2  38   8  17 238]]";0.6503496503496503;0.6093441192547897;"[[ 19  13  16   7  20   5]
 [ 12  73  56   6  18  12]
 [  1   2 168  13  12   5]
 [  3   2  47 141  11   7]
 [  1  10  10   6 141  11]
 [  0   4  22   2  16 109]]";246;[34 47 32 63 26 44]
1320;CiteSeer;own;1;0.2;64;0.5;1;0.005;1765720390;1.0;1.0;"[[34  0  0  0  0  0]
 [ 0 49  0  0  0  0]
 [ 0  0 32  0  0  0]
 [ 0  0  0 64  0  0]
 [ 0  0  0  0 28  0]
 [ 0  0  0  0  0 45]]";0.7999035679845709;0.7545715358591188;"[[ 46  22  12   6  24   7]
 [  6 200  54   9  33  19]
 [  1   7 474  23   7   7]
 [  6   6  49 311  16   4]
 [  2   4   5   4 389  14]
 [  4   5  34   7  18 239]]";0.6683316683316683;0.6259264411881591;"[[ 19  17   9   9  20   6]
 [ 12  83  48   5  18  11]
 [  2   2 166  14  12   5]
 [  3   4  38 146  13   7]
 [  0  12   9   5 143  10]
 [  0   4  19   0  18 112]]";252;[34 49 32 64 28 45]
1321;CiteSeer;own;1;0.2;64;0.5;1;0.005;1765720390;0.9922480620155039;0.9902871621621622;"[[36  0  1  0  0  0]
 [ 0 50  0  0  0  0]
 [ 1  0 31  0  0  0]
 [ 0  0  0 65  0  0]
 [ 0  0  0  0 29  0]
 [ 0  0  0  0  0 45]]";0.793036750483559;0.7520266593364483;"[[ 55  23  15   6  19   7]
 [  7 203  58  12  26  19]
 [  9   8 455  23   6   5]
 [ 11   9  47 307  15   5]
 [  2   8   4   3 388  14]
 [  6   7  33   5  16 232]]";0.6623376623376623;0.6207806457117345;"[[ 19  18   7   8  21   7]
 [ 14  91  45   4  11  12]
 [  6   2 161  15  12   5]
 [  4   3  42 144   9   9]
 [  2  12   8   5 138  14]
 [  0   7  19   2  15 110]]";258;[37 50 32 65 29 45]
1322;CiteSeer;own;1;0.2;64;0.5;1;0.005;1765720390;0.9924242424242424;0.9905935347111817;"[[36  0  2  0  0  0]
 [ 0 51  0  0  0  0]
 [ 0  0 33  0  0  0]
 [ 0  0  0 66  0  0]
 [ 0  0  0  0 30  0]
 [ 0  0  0  0  0 46]]";0.7890397672162949;0.7440875864719282;"[[ 51  21  15   5  17  13]
 [  7 201  54  13  28  20]
 [  8   7 462  23   8   3]
 [  9   7  46 307  15   7]
 [  2   7   4   2 389  13]
 [  4  20  34   4  19 217]]";0.6553446553446554;0.6142792040102244;"[[ 20  20   6   7  21   6]
 [ 13  86  46   3  16  13]
 [  5   2 164  13  12   5]
 [  4   1  42 145  11   8]
 [  1  12   8   7 141  10]
 [  0  16  19   0  18 100]]";264;[38 51 33 66 30 46]
1323;CiteSeer;own;1;0.2;64;0.5;1;0.005;1765720390;0.9888888888888889;0.9863095238095237;"[[39  0  0  0  0  0]
 [ 0 54  0  0  0  0]
 [ 2  0 31  0  0  0]
 [ 0  0  0 68  0  0]
 [ 0  0  0  0 30  0]
 [ 0  0  1  0  0 45]]";0.791828793774319;0.7493318687500867;"[[ 51  27  13   5  18   8]
 [  8 220  46   8  27  14]
 [  7   8 456  23   6   7]
 [  9  11  47 301  16   8]
 [  3  13   9   2 374  13]
 [  6  14  30   3  19 226]]";0.6543456543456544;0.6141131001596632;"[[ 20  20   8   7  18   7]
 [ 15  90  44   3  14  11]
 [  5   4 162  13  12   5]
 [  5   3  38 146  11   8]
 [  4  15  10   6 137   7]
 [  0  16  20   0  17 100]]";270;[39 54 33 68 30 46]
1324;CiteSeer;own;1;0.2;64;0.5;1;0.005;1765720390;0.9927536231884058;0.9907266260162602;"[[40  0  0  0  0  0]
 [ 0 54  0  0  0  0]
 [ 2  0 31  0  0  0]
 [ 0  0  0 70  0  0]
 [ 0  0  0  0 32  0]
 [ 0  0  0  0  0 47]]";0.8004878048780488;0.7575789800848461;"[[ 53  24   9   6  23   7]
 [  8 207  47  12  27  17]
 [  6   5 455  22   7   8]
 [  9   8  45 314  15   6]
 [  3  12   5   1 382  11]
 [  6  14  23   3  20 230]]";0.6553446553446554;0.6140181867262243;"[[ 20  20   8   8  18   6]
 [ 15  85  43   6  16  12]
 [  5   3 162  12  13   6]
 [  5   3  39 145  12   7]
 [  4  12   8   6 142   7]
 [  0  14  20   0  17 102]]";276;[40 54 33 70 32 47]
1325;CiteSeer;own;1;0.2;64;0.5;1;0.005;1765720390;0.9929078014184397;0.9909313725490195;"[[39  0  2  0  0  0]
 [ 0 56  0  0  0  0]
 [ 0  0 33  0  0  0]
 [ 0  0  0 71  0  0]
 [ 0  0  0  0 32  0]
 [ 0  0  0  0  0 49]]";0.7964774951076321;0.7545018903780515;"[[ 51  25  14   6  22   6]
 [  3 213  54  20  25  14]
 [  6   6 441  22   5  10]
 [ 10   9  45 309  14   5]
 [  3  11   4   2 381  12]
 [  6   9  27   4  17 233]]";0.6593406593406593;0.6142775176128688;"[[ 17  23   7   9  17   7]
 [ 11  92  41   7  16  10]
 [  3   4 162  14  12   6]
 [  5   2  39 145  11   9]
 [  4  13   8   6 141   7]
 [  0  14  22   0  14 103]]";282;[41 56 33 71 32 49]
1326;CiteSeer;own;1;0.2;64;0.5;1;0.005;1765720390;0.9930555555555556;0.9926714787115731;"[[41  0  0  0  0  0]
 [ 0 58  0  0  0  0]
 [ 1  0 33  0  0  0]
 [ 0  0  0 72  0  0]
 [ 0  0  0  0 33  0]
 [ 0  0  0  1  0 49]]";0.7993130520117763;0.7626571240364578;"[[ 56  24  12   3  22   7]
 [  2 223  47  16  27  12]
 [  8   7 436  25   6   6]
 [ 12  11  44 305  14   7]
 [  3  13   5   3 376  13]
 [  4  10  26   7  13 233]]";0.6623376623376623;0.6188678400292811;"[[ 18  23   7   9  17   6]
 [  9  99  39   5  15  10]
 [  4   5 160  14  12   6]
 [  5   6  34 146  11   9]
 [  4  11   9   6 141   8]
 [  0  14  21   3  16  99]]";288;[41 58 34 72 33 50]
1327;CiteSeer;own;1;0.2;64;0.5;1;0.005;1765720390;0.9897959183673469;0.9885547981936355;"[[41  0  0  0  0  0]
 [ 0 58  0  0  1  0]
 [ 1  0 33  0  0  0]
 [ 1  0  0 72  0  0]
 [ 0  0  0  0 34  0]
 [ 0  0  0  0  0 53]]";0.8046259842519685;0.763789139884219;"[[ 53  23  11   6  22   7]
 [  2 218  47  16  28  14]
 [  8   5 439  23   6   7]
 [ 13   6  38 312  14   9]
 [  5  10   5   3 380  12]
 [  3   7  25   8  14 233]]";0.6663336663336663;0.6223784072086033;"[[ 19  22   6   9  17   7]
 [ 10  95  39   6  17  10]
 [  3   4 167  11  12   4]
 [  7   4  34 147  10   9]
 [  4  11   7   6 138  13]
 [  0  14  20   2  16 101]]";294;[41 59 34 73 34 53]
1328;CiteSeer;own;1;0.2;64;0.5;1;0.005;1765720390;0.99;0.9880392598004001;"[[41  0  0  0  0  0]
 [ 0 61  0  0  0  0]
 [ 1  0 33  0  0  0]
 [ 0  0  1 73  0  0]
 [ 0  0  0  0 34  0]
 [ 0  0  0  0  1 55]]";0.8079960513326753;0.7671966437634113;"[[ 52  25  10   5  21   8]
 [  2 225  44  14  27  13]
 [  8   6 441  23   5   5]
 [ 11   8  40 308  15   9]
 [  5  10   5   2 380  12]
 [  2   8  26   7  13 231]]";0.6593406593406593;0.6176578290892817;"[[ 19  23   6  10  17   5]
 [  9  99  40   5  13  11]
 [  4   7 162  11  12   5]
 [  8   7  35 142  10   9]
 [  4  12   7   6 137  13]
 [  0  14  20   2  16 101]]";300;[41 61 34 74 34 56]
1329;CiteSeer;own;1;0.2;64;0.5;1;0.005;1765720390;0.9869281045751634;0.9841981014628072;"[[42  0  0  0  0  0]
 [ 0 62  0  0  0  0]
 [ 1  1 33  0  0  0]
 [ 0  0  0 75  0  0]
 [ 0  0  0  0 35  1]
 [ 0  0  0  0  1 55]]";0.8113861386138614;0.7717730652129399;"[[ 52  26  10   4  19   9]
 [  4 233  39  13  20  14]
 [  7   8 439  20   5   9]
 [ 10   9  44 304  13  10]
 [  3  12   5   3 376  13]
 [  1   9  26   6  10 235]]";0.6543456543456544;0.6137937787930042;"[[ 19  23   6  10  17   5]
 [ 12 103  35   5  14   8]
 [  4   9 158  11  12   7]
 [  8   6  37 141  10   9]
 [  4  13   8   6 132  16]
 [  0  15  19   2  15 102]]";306;[42 62 35 75 36 56]
1330;CiteSeer;own;1;0.2;64;0.5;1;0.005;1765720390;0.9903846153846154;0.9878958027795236;"[[42  0  2  0  0  0]
 [ 0 63  0  0  0  0]
 [ 0  0 36  0  0  0]
 [ 0  0  0 76  0  0]
 [ 0  0  0  0 37  0]
 [ 0  0  0  0  1 55]]";0.8157894736842105;0.779856564975771;"[[ 55  23  11   3  19   6]
 [  4 227  41  14  23  13]
 [  7  10 436  20   6   9]
 [ 10   9  36 312  14   9]
 [  2  12   5   3 377  12]
 [  0  10  20   6  14 236]]";0.6563436563436563;0.6158451314274014;"[[ 19  21   7  10  18   5]
 [ 12 103  36   4  14   8]
 [  4  10 153  14  12   8]
 [  6   6  34 145  10  10]
 [  8  12   7   6 134  12]
 [  0  14  19   2  15 103]]";312;[44 63 36 76 37 56]
1331;CiteSeer;own;1;0.2;64;0.5;1;0.005;1765720390;0.9968553459119497;0.9958210803281226;"[[45  0  0  0  0  0]
 [ 0 65  0  0  0  0]
 [ 1  0 35  0  0  0]
 [ 0  0  0 79  0  0]
 [ 0  0  0  0 37  0]
 [ 0  0  0  0  0 56]]";0.8117529880478087;0.7764293102071483;"[[ 55  24  11   3  17   6]
 [  5 228  41  14  22  12]
 [  7   8 428  20   9   6]
 [ 11  11  42 312  16   6]
 [  2  11   5   3 374  13]
 [  1  11  21   5  15 233]]";0.6493506493506493;0.6106479035039888;"[[ 20  21   7   8  19   5]
 [ 15 102  36   3  13   8]
 [  5   9 155  14  12   6]
 [  9   6  36 141  10   9]
 [  9  12   8   6 132  12]
 [  0  16  20   3  14 100]]";318;[45 65 36 79 37 56]
1332;CiteSeer;own;1;0.2;64;0.5;1;0.005;1765720390;0.9938271604938271;0.9946736792388079;"[[46  0  0  0  0  0]
 [ 0 65  0  0  0  0]
 [ 0  0 37  0  0  0]
 [ 1  0  0 78  0  1]
 [ 0  0  0  0 38  0]
 [ 0  0  0  0  0 58]]";0.8146853146853147;0.7763820241679991;"[[ 54  23  12   3  17   6]
 [  6 234  35  16  21  10]
 [  8   6 428  22   8   5]
 [ 11   7  37 324  13   5]
 [  2   9   4  15 363  13]
 [  7  12  19   5  14 228]]";0.6613386613386614;0.6203218534299596;"[[ 20  21   7   9  18   5]
 [ 16 102  34   6  11   8]
 [  6   7 157  13  12   6]
 [  9   4  29 151   9   9]
 [ 11  14   6   9 130   9]
 [  0  13  20   4  14 102]]";324;[46 65 37 80 38 58]
1333;CiteSeer;own;1;0.2;64;0.5;1;0.005;1765720390;0.9939393939393939;0.9932022084195996;"[[45  0  0  1  0  0]
 [ 0 65  0  0  0  0]
 [ 1  0 38  0  0  0]
 [ 0  0  0 82  0  0]
 [ 0  0  0  0 38  0]
 [ 0  0  0  0  0 60]]";0.8226452905811623;0.7872290891213121;"[[ 53  24  12   4  15   7]
 [  4 238  35  17  17  10]
 [  5   6 429  19   7   9]
 [  9   7  41 322  11   6]
 [  2  10   5  11 362  16]
 [  0   8  19   6  12 238]]";0.6583416583416584;0.6134402370946329;"[[ 17  21   9  10  17   6]
 [ 12 103  37   7  10   8]
 [  4   5 162  11  12   7]
 [  7   4  32 149  10   9]
 [  9  15   9  10 124  12]
 [  0  13  20   3  13 104]]";330;[46 65 39 82 38 60]
1334;CiteSeer;own;1;0.2;64;0.5;1;0.005;1765720390;0.9940476190476191;0.9945197456492636;"[[47  0  0  1  0  0]
 [ 0 66  0  0  0  0]
 [ 0  0 40  0  0  0]
 [ 1  0  0 82  0  0]
 [ 0  0  0  0 39  0]
 [ 0  0  0  0  0 60]]";0.8201005025125628;0.7849851008095055;"[[ 54  25  12   2  16   4]
 [  5 233  35  16  21  10]
 [  7   6 429  22   9   5]
 [ 10   7  40 319  14   4]
 [  2  10   4  10 362  14]
 [  2   9  20   6  11 235]]";0.6623376623376623;0.6242687033051727;"[[ 22  20   7   8  17   6]
 [ 15 104  36   5  10   7]
 [  6   6 158  12  12   7]
 [  8   4  32 148  11   8]
 [  9  13   6   9 130  12]
 [  1  14  19   4  14 101]]";336;[48 66 40 83 39 60]
1335;CiteSeer;own;1;0.2;64;0.5;1;0.005;1765720390;1.0;1.0;"[[49  0  0  0  0  0]
 [ 0 66  0  0  0  0]
 [ 0  0 42  0  0  0]
 [ 0  0  0 84  0  0]
 [ 0  0  0  0 39  0]
 [ 0  0  0  0  0 62]]";0.8240927419354839;0.7869141188209902;"[[ 50  25  12   3  15   4]
 [  4 238  33  15  18   9]
 [  4   7 436  22   8   5]
 [  9   7  41 315  15   6]
 [  2  10   4  10 363  13]
 [  3   8  20   5  12 233]]";0.6643356643356644;0.6239245808412892;"[[ 20  21   8   8  17   6]
 [ 14 105  37   5   8   8]
 [  2   7 163  11  11   7]
 [  6   4  36 147  10   8]
 [  9  14   9   9 127  11]
 [  1  15  17   3  14 103]]";342;[49 66 42 84 39 62]
1336;CiteSeer;own;1;0.2;64;0.5;1;0.005;1765720390;0.9971264367816092;0.9963557140027728;"[[49  0  1  0  0  0]
 [ 0 67  0  0  0  0]
 [ 0  0 42  0  0  0]
 [ 0  0  0 85  0  0]
 [ 0  0  0  0 40  0]
 [ 0  0  0  0  0 64]]";0.8230535894843276;0.7859772732171458;"[[ 50  25  10   4  15   4]
 [  4 233  36  16  22   8]
 [  3   6 437  21   6   6]
 [  9   7  41 314  16   4]
 [  3   9   4   9 362  14]
 [  3   7  21   5  12 232]]";0.6743256743256744;0.6315402827165175;"[[ 19  22   8   9  16   6]
 [ 15 107  33   5   9   8]
 [  2   7 161  13  11   7]
 [  4   4  35 152   9   7]
 [ 12  12   8   7 130  10]
 [  1  14  17   2  13 106]]";348;[50 67 42 85 40 64]
1337;CiteSeer;own;1;0.2;64;0.5;1;0.005;1765720390;0.9887005649717514;0.9875184574488048;"[[48  0  1  1  0  1]
 [ 0 68  0  0  0  0]
 [ 0  0 42  0  0  0]
 [ 0  0  0 85  0  0]
 [ 0  0  0  0 41  1]
 [ 0  0  0  0  0 66]]";0.8220081135902637;0.7843810897033209;"[[ 49  25  10   5  15   4]
 [  4 227  39  15  20   8]
 [  3   6 437  20   4   8]
 [  9   7  41 316  12   6]
 [  2   9   4  11 357  16]
 [  1  10  21   5  11 235]]";0.6713286713286714;0.6291953108510291;"[[ 19  22   9   8  16   6]
 [ 13 105  38   6   8   7]
 [  1   7 164  12  10   7]
 [  4   4  34 151   9   9]
 [ 10  13   9  11 124  12]
 [  0  12  17   2  13 109]]";354;[51 68 42 85 42 66]
1338;CiteSeer;own;1;0.2;64;0.5;1;0.005;1765720390;0.9972222222222222;0.9970967021514182;"[[50  0  0  0  0  1]
 [ 0 69  0  0  0  0]
 [ 0  0 43  0  0  0]
 [ 0  0  0 87  0  0]
 [ 0  0  0  0 44  0]
 [ 0  0  0  0  0 66]]";0.8301119023397762;0.7946007957473117;"[[ 51  25   9   4  15   4]
 [  4 227  37  15  21   8]
 [  3   6 437  20   5   6]
 [  8   7  38 318  13   5]
 [  2   9   4  10 361  12]
 [  1   4  21   5  13 238]]";0.6793206793206793;0.6333442601454057;"[[ 17  22   9   9  17   6]
 [ 14 107  33   5  11   7]
 [  3   8 160  12  11   7]
 [  6   4  31 152   9   9]
 [ 12  13   6   7 130  11]
 [  1   6  17   2  13 114]]";360;[51 69 43 87 44 66]
1339;CiteSeer;own;1;0.2;64;0.5;1;0.005;1765720390;0.9972677595628415;0.9971962421275081;"[[51  0  0  0  0  0]
 [ 0 70  0  0  0  0]
 [ 0  0 43  0  0  0]
 [ 0  0  0 89  0  0]
 [ 0  0  0  1 44  0]
 [ 0  0  0  0  0 68]]";0.8301020408163265;0.794099457214359;"[[ 51  25   8   5  13   4]
 [  5 228  33  16  20  10]
 [  3   5 435  21   7   5]
 [  8   6  38 317  14   5]
 [  1   9   4  14 364   6]
 [  4   4  18   6  16 232]]";0.6763236763236763;0.6318868979879877;"[[ 18  21   7  10  17   7]
 [ 14 104  33   7  11   8]
 [  3   7 157  13  11  10]
 [  6   4  31 151  10   9]
 [ 11  12   6   8 135   7]
 [  1   6  17   2  15 112]]";366;[51 70 43 89 45 68]
1340;CiteSeer;own;1;0.2;64;0.5;1;0.005;1765720390;0.9973118279569892;0.9969618396584689;"[[52  0  0  0  0  0]
 [ 0 71  0  0  0  0]
 [ 0  1 44  0  0  0]
 [ 0  0  0 91  0  0]
 [ 0  0  0  0 45  0]
 [ 0  0  0  0  0 68]]";0.8321392016376663;0.799509152603315;"[[ 52  24  10   4  14   3]
 [  4 224  35  17  23   8]
 [  2   4 433  21   6   6]
 [  8   7  43 314  10   4]
 [  1   9   4  11 367   7]
 [  0   2  20   6  15 236]]";0.6773226773226774;0.6306524255528128;"[[ 16  22   9  11  17   5]
 [ 13 107  34   6  11   6]
 [  3   7 161  13  11   6]
 [  4   4  34 152   9   8]
 [ 12  12   9   8 133   5]
 [  1   8  17   2  16 109]]";372;[52 71 45 91 45 68]
1341;CiteSeer;own;1;0.2;64;0.5;1;0.005;1765720390;0.9973544973544973;0.9975117975117976;"[[52  0  0  1  0  0]
 [ 0 72  0  0  0  0]
 [ 0  0 46  0  0  0]
 [ 0  0  0 92  0  0]
 [ 0  0  0  0 46  0]
 [ 0  0  0  0  0 69]]";0.8228952772073922;0.7958451275713546;"[[ 54  23  10   4  11   3]
 [  4 234  37  19  22   9]
 [  3  19 402  20   6   5]
 [  7  10  42 313  10   4]
 [  1   9   5  12 366   7]
 [  0   3  21   6  13 234]]";0.6733266733266733;0.6253822867801977;"[[ 15  21   7  12  17   8]
 [ 14 104  35   6   9   9]
 [  3  13 154  13  11   7]
 [  5   5  32 154   8   7]
 [ 11  12   9   8 133   6]
 [  1   5  17   2  14 114]]";378;[53 72 46 92 46 69]
1342;CiteSeer;own;1;0.2;64;0.5;1;0.005;1765720390;1.0;1.0;"[[54  0  0  0  0  0]
 [ 0 73  0  0  0  0]
 [ 0  0 48  0  0  0]
 [ 0  0  0 93  0  0]
 [ 0  0  0  0 46  0]
 [ 0  0  0  0  0 70]]";0.8259526261585994;0.799222360300822;"[[ 54  25   9   4  10   2]
 [  6 240  35  18  19   6]
 [  3  22 396  19   5   5]
 [  6  10  44 315  10   3]
 [  1   9   7  12 365   6]
 [  1   2  20   5  14 234]]";0.6683316683316683;0.6257393983180076;"[[ 17  22   7  11  17   6]
 [ 16 108  30   7  10   6]
 [  3  15 150  15  11   7]
 [  5   6  37 152   6   5]
 [ 11  14   9   9 130   6]
 [  1   7  17   2  14 112]]";384;[54 73 48 93 46 70]
1343;CiteSeer;own;1;0.2;64;0.5;1;0.005;1765720390;0.9974358974358974;0.9967527349538132;"[[54  0  0  0  0  0]
 [ 0 74  0  0  0  0]
 [ 1  0 48  0  0  0]
 [ 0  0  0 95  0  0]
 [ 0  0  0  0 47  0]
 [ 0  0  0  0  0 71]]";0.8264462809917356;0.7947416706078991;"[[ 51  25  10   7   9   2]
 [  5 231  35  18  19   9]
 [  3  21 398  18   5   7]
 [  7  10  40 318   9   3]
 [  1   8   5  12 366   6]
 [  2   3  19   5  13 236]]";0.6663336663336663;0.6216440975785581;"[[ 16  20   7  13  17   7]
 [ 13 105  33   8   9   9]
 [  3  14 149  17  11   7]
 [  4   5  35 155   6   6]
 [  9  14   9  12 129   6]
 [  1   6  17   2  14 113]]";390;[54 74 49 95 47 71]
1344;CiteSeer;own;1;0.2;64;0.5;1;0.005;1765720390;0.9949494949494949;0.9939284463515835;"[[55  0  0  0  0  0]
 [ 0 74  0  0  0  0]
 [ 1  0 50  0  0  0]
 [ 0  0  0 97  0  0]
 [ 0  0  0  0 47  1]
 [ 0  0  0  0  0 71]]";0.833678756476684;0.8011858198960011;"[[ 51  22   9  10  10   2]
 [  4 232  36  18  19   9]
 [  2  16 395  20   6   8]
 [  7   9  30 329  11   3]
 [  1   8   5  11 366   5]
 [  3   3  16   4  14 236]]";0.6703296703296703;0.6226493516084953;"[[ 15  19   7  15  17   7]
 [ 12 102  33  12   9   9]
 [  3  12 152  16  11   7]
 [  4   4  32 159   7   5]
 [  9  14   9  12 130   5]
 [  1   5  17   3  14 113]]";396;[55 74 51 97 48 71]
1345;CiteSeer;own;1;0.2;64;0.5;1;0.005;1765720390;0.9950248756218906;0.9953360324381929;"[[55  0  0  0  0  0]
 [ 0 76  0  0  0  0]
 [ 0  0 54  0  0  0]
 [ 0  0  1 96  0  0]
 [ 0  0  0  0 49  0]
 [ 0  1  0  0  0 70]]";0.8367983367983368;0.8047753390646549;"[[ 51  24   8   8  10   1]
 [  5 238  32  17  19   9]
 [  2  15 392  23   5  10]
 [  7   9  28 327  13   3]
 [  1   8   5   7 369   5]
 [  2   3  17   4  14 233]]";0.6773226773226774;0.6301518910019642;"[[ 16  21   7  13  15   8]
 [ 14 107  29  10   9   8]
 [  2  12 150  16  11  10]
 [  4   7  28 160   7   5]
 [  9  14   8  10 132   6]
 [  1   8  15   2  14 113]]";402;[55 76 54 97 49 71]
1346;CiteSeer;own;1;0.2;64;0.5;1;0.005;1765720390;0.9950980392156863;0.9954254025190687;"[[55  0  0  0  0  0]
 [ 0 78  0  0  0  0]
 [ 0  0 55  1  0  0]
 [ 0  0  0 98  0  0]
 [ 0  0  0  0 49  0]
 [ 0  1  0  0  0 71]]";0.843065693430657;0.8119273795102732;"[[ 50  25   8   7   9   2]
 [  5 240  32  15  16   8]
 [  1  16 393  23   5   7]
 [  6   7  31 328  15   2]
 [  1   9   5   6 370   4]
 [  0   4  15   4  13 236]]";0.6843156843156843;0.6369465285121833;"[[ 16  24   7  11  16   6]
 [ 14 113  26   9   8   7]
 [  1  13 153  16  11   7]
 [  4   8  27 161   7   4]
 [  8  15  10   8 133   5]
 [  1   9  16   4  14 109]]";408;[55 78 56 98 49 72]
1347;CiteSeer;own;1;0.2;64;0.5;1;0.005;1765720390;0.9927536231884058;0.9932145465284492;"[[57  0  0  0  0  0]
 [ 0 78  0  0  0  0]
 [ 0  0 58  0  0  0]
 [ 1  0  1 97  0  0]
 [ 0  0  0  0 49  0]
 [ 0  1  0  0  0 72]]";0.8446652719665272;0.814419028521708;"[[ 50  23   8   6  10   2]
 [  5 241  32  14  17   8]
 [  1  15 395  24   3   6]
 [  6   5  33 331  11   2]
 [  1   9   6   8 364   5]
 [  0   3  16   4  14 234]]";0.6803196803196803;0.6315474786085526;"[[ 15  24   8  10  16   7]
 [ 14 111  27   9   9   7]
 [  1  13 153  16  11   7]
 [  5   6  28 161   7   4]
 [  9  15  10   9 130   6]
 [  1   8  16   3  14 111]]";414;[57 78 58 99 49 73]
1348;CiteSeer;own;1;0.2;64;0.5;1;0.005;1765720390;0.9928571428571429;0.9935904429947748;"[[57  0  0  1  0  0]
 [ 0 79  0  1  0  0]
 [ 0  0 58  0  0  0]
 [ 0  0  1 99  0  0]
 [ 0  0  0  0 50  0]
 [ 0  0  0  0  0 74]]";0.8457502623294858;0.8172522748189782;"[[ 51  24   8   6   8   2]
 [  4 240  26  16  16  12]
 [  1  17 390  22   5   8]
 [  5   5  35 329  11   2]
 [  2   9   9   8 360   3]
 [  0   2  10   4  14 242]]";0.6933066933066933;0.6475763196027515;"[[ 17  23   6  11  17   6]
 [ 14 114  27   8   8   6]
 [  1  13 155  14  11   7]
 [  5   7  28 160   7   4]
 [  9  14  11  10 130   5]
 [  1   4  13   3  14 118]]";420;[ 58  80  58 100  50  74]
1349;CiteSeer;own;1;0.2;64;0.5;1;0.005;167894674;0.0;0.0;[[]];0.20077386070507308;0.055734574531567015;"[[  0   0 184   0   0   0]
 [  0   0 413   0   0   0]
 [  0   0 467   0   0   0]
 [  0   0 490   0   0   0]
 [  0   0 417   0   0   0]
 [  0   0 355   0   0   0]]";0.2007992007992008;0.05574043261231282;"[[  0   0  80   0   0   0]
 [  0   0 177   0   0   0]
 [  0   0 201   0   0   0]
 [  0   0 211   0   0   0]
 [  0   0 179   0   0   0]
 [  0   0 153   0   0   0]]";0;[]
1350;CiteSeer;own;1;0.2;64;0.5;1;0.005;167894674;0.8333333333333334;0.6666666666666666;"[[1 0 1 0]
 [0 1 0 0]
 [0 0 0 0]
 [0 0 0 3]]";0.2706896551724138;0.15200313058586623;"[[  0  22  98  62   0   0]
 [  0  45 261 106   0   0]
 [  0  25 280 160   0   0]
 [  0  46 141 303   0   0]
 [  0  39 187 190   0   0]
 [  0  35 213 107   0   0]]";0.25874125874125875;0.14522003474006345;"[[  0   3  42  35   0   0]
 [  0  19 100  58   0   0]
 [  0  16 110  75   0   0]
 [  0  17  64 130   0   0]
 [  0  13  78  88   0   0]
 [  0  16  95  42   0   0]]";6;[2 1 0 3]
1351;CiteSeer;own;1;0.2;64;0.5;1;0.005;167894674;0.9166666666666666;0.9111111111111111;"[[1 0 1 0 0]
 [0 3 0 0 0]
 [0 0 4 0 0]
 [0 0 0 2 0]
 [0 0 0 0 1]]";0.40751944684528957;0.25947235442330874;"[[  0  59  49  69   1   0]
 [  0 220  86  87   1   0]
 [  0  16  30 258   0   0]
 [  0  22  39 614   0   0]
 [  0  47 135 159  73   0]
 [  0  41  89 213   0   6]]";0.3336663336663337;0.2341338401933831;"[[  0  19  27  33   1   0]
 [  0  99  36  42   0   0]
 [  0   7  18 176   0   0]
 [  0   7  18 186   0   0]
 [  0  27  53  70  29   0]
 [  0  26  39  86   0   2]]";12;[2 3 0 4 2 1]
1352;CiteSeer;own;1;0.2;64;0.5;1;0.005;167894674;0.9444444444444444;0.9481481481481481;"[[2 0 0 1 0 0]
 [0 4 0 0 0 0]
 [0 0 1 0 0 0]
 [0 0 0 4 0 0]
 [0 0 0 0 4 0]
 [0 0 0 0 0 2]]";0.5320623916811091;0.36439495104923486;"[[  3  71   0  57  43   1]
 [  0 302  15  81  35   0]
 [  1  60  24 207   4   0]
 [  3  46  11 556  30   0]
 [  0  14   3  78 323   1]
 [  0  56  36  99 128  20]]";0.44555444555444557;0.32430762744429525;"[[  2  28   1  27  22   0]
 [  0 122  11  29  15   0]
 [  0  48  12 137   4   0]
 [  7  20   5 168  11   0]
 [  0  11   1  30 137   0]
 [  0  17  37  38  56   5]]";18;[3 4 1 4 4 2]
1353;CiteSeer;own;1;0.2;64;0.5;1;0.005;167894674;1.0;1.0;"[[3 0 0 0 0 0]
 [0 5 0 0 0 0]
 [0 0 1 0 0 0]
 [0 0 0 6 0 0]
 [0 0 0 0 4 0]
 [0 0 0 0 0 5]]";0.5877497827975673;0.46915103345023673;"[[  6  94   0  22  25  21]
 [  3 366   8  41   9  43]
 [  1 117  27 127   3   3]
 [ 10 100   9 485  14   7]
 [ 14  56   3  47 269  30]
 [  1  54  11  40  36 200]]";0.4915084915084915;0.4189308299999998;"[[  3  44   0  10  12  11]
 [  3 125   7  17   2  23]
 [  2  80  15 100   3   1]
 [  7  44   2 149   4   5]
 [  6  24   0  21 107  21]
 [  1  20   7  18  14  93]]";24;[3 5 1 6 4 5]
1354;CiteSeer;own;1;0.2;64;0.5;1;0.005;167894674;1.0;1.0;"[[4 0 0 0 0 0]
 [0 6 0 0 0 0]
 [0 0 2 0 0 0]
 [0 0 0 7 0 0]
 [0 0 0 0 6 0]
 [0 0 0 0 0 5]]";0.6097560975609756;0.46766037563659796;"[[  2  80   1  16  56   4]
 [  0 345  24  51  34  10]
 [  1  98  34 132  13   0]
 [  6  54  11 489  59   0]
 [  0  19   4  13 404   2]
 [  0  43  26  25 114 126]]";0.5024975024975025;0.4137262596635621;"[[  2  30   2   9  36   1]
 [  0 115  13  22  23   4]
 [  1  71  17  98  13   1]
 [  5  27   5 150  24   0]
 [  0   9   1   6 160   3]
 [  1  12  19  11  51  59]]";30;[4 6 2 7 6 5]
1355;CiteSeer;own;1;0.2;64;0.5;1;0.005;167894674;1.0;1.0;"[[4 0 0 0 0 0]
 [0 6 0 0 0 0]
 [0 0 3 0 0 0]
 [0 0 0 9 0 0]
 [0 0 0 0 7 0]
 [0 0 0 0 0 7]]";0.6349344978165938;0.4958686937950832;"[[  2  77   0  10  60   8]
 [  0 347  15  38  39  25]
 [  0 104  33 123  15   2]
 [  2  57  10 475  72   3]
 [  0  14   1   6 413   6]
 [  0  33  10  24  82 184]]";0.5204795204795205;0.4326387758784338;"[[  2  29   0   6  38   5]
 [  0 119   8  15  22  13]
 [  0  78  17  92  13   1]
 [  4  32   3 141  28   3]
 [  0   9   0   5 157   8]
 [  0  13   9  10  36  85]]";36;[4 6 3 9 7 7]
1356;CiteSeer;own;1;0.2;64;0.5;1;0.005;167894674;0.9523809523809523;0.952629940865235;"[[ 4  0  0  0  0  0]
 [ 0  7  0  0  0  0]
 [ 0  0  4  0  0  0]
 [ 1  0  0 10  0  0]
 [ 0  0  0  0  7  0]
 [ 0  0  0  0  1  8]]";0.6392294220665499;0.5020740671804075;"[[  2  80   0  15  55   5]
 [  0 366  18  43  27   9]
 [  0 100  40 117  16   3]
 [  1  54  19 477  64   2]
 [  0  18   2   6 410   4]
 [  0  46  19  30  71 165]]";0.5224775224775224;0.43896987737502174;"[[  2  33   1   8  34   2]
 [  0 125   9  20  18   5]
 [  0  75  21  91  13   1]
 [  4  27   6 148  25   1]
 [  0  16   2   6 151   4]
 [  0  20  12  14  31  76]]";42;[ 4  7  4 11  7  9]
1357;CiteSeer;own;1;0.2;64;0.5;1;0.005;167894674;0.9375;0.9344700134173819;"[[ 5  0  0  0  0  0]
 [ 0  7  0  0  0  0]
 [ 0  0  4  0  0  0]
 [ 1  0  1 10  0  0]
 [ 0  0  0  0  9  0]
 [ 0  0  0  0  1 10]]";0.6321334503950834;0.49435379271799595;"[[  3  67   0  13  68   5]
 [  0 351  11  38  50  13]
 [  0  96  33 117  26   3]
 [  1  46  12 468  87   2]
 [  0  14   0   6 418   6]
 [  0  34   9  22  92 167]]";0.5244755244755245;0.4388499246474778;"[[  3  28   0   5  40   4]
 [  0 117   8  16  30   6]
 [  0  76  17  93  14   1]
 [  3  23   3 144  37   1]
 [  0   9   0   3 164   3]
 [  0  12   9  13  39  80]]";48;[ 5  7  4 12  9 11]
1358;CiteSeer;own;1;0.2;64;0.5;1;0.005;167894674;0.9814814814814815;0.9827160493827161;"[[ 7  0  0  0  0  0]
 [ 0  8  0  0  0  0]
 [ 0  0  5  0  0  0]
 [ 1  0  0 13  0  0]
 [ 0  0  0  0  9  0]
 [ 0  0  0  0  0 11]]";0.6320422535211268;0.5108205108253673;"[[  8  58   2  22  57   8]
 [  1 336  22  44  43  16]
 [  0  93  49 117  20   1]
 [  2  41  16 475  77   2]
 [  2   9   6   9 410   6]
 [  0  28  15  29  90 158]]";0.5104895104895105;0.43160175328675293;"[[  3  28   1   8  35   5]
 [  4 104  11  21  29   8]
 [  0  75  23  89  12   2]
 [  4  17  11 145  32   2]
 [  1   8   3   1 161   5]
 [  0  10  15  15  38  75]]";54;[ 7  8  5 14  9 11]
1359;CiteSeer;own;1;0.2;64;0.5;1;0.005;167894674;1.0;1.0;"[[ 7  0  0  0  0  0]
 [ 0 11  0  0  0  0]
 [ 0  0  6  0  0  0]
 [ 0  0  0 15  0  0]
 [ 0  0  0  0 10  0]
 [ 0  0  0  0  0 11]]";0.6376875551632833;0.5120588668335554;"[[  7  68   1  19  53   6]
 [  1 360  16  40  32  13]
 [  0  94  44 119  20   2]
 [  0  50  21 478  61   1]
 [  1  10  20   9 395   5]
 [  0  38  15  25  81 161]]";0.5174825174825175;0.43871734063787154;"[[  3  31   1   9  33   3]
 [  3 116   8  20  22   8]
 [  0  75  22  92   9   3]
 [  2  26  11 144  25   3]
 [  1  10   7   1 155   5]
 [  0  12  12  17  34  78]]";60;[ 7 11  6 15 10 11]
1360;CiteSeer;own;1;0.2;64;0.5;1;0.005;167894674;1.0;1.0;"[[ 7  0  0  0  0  0]
 [ 0 14  0  0  0  0]
 [ 0  0  6  0  0  0]
 [ 0  0  0 17  0  0]
 [ 0  0  0  0 10  0]
 [ 0  0  0  0  0 12]]";0.647787610619469;0.5257043810618708;"[[  6  69   1  18  46  11]
 [  0 375  12  41  23  13]
 [  0  92  54 118  12   3]
 [  0  52  40 479  37   3]
 [  1  13  29   9 377   7]
 [  0  37  25  26  58 173]]";0.5224775224775224;0.44745151744299677;"[[  3  32   1  10  29   5]
 [  2 118   9  23  16   9]
 [  0  75  25  89   9   3]
 [  1  23  22 146  15   4]
 [  0  12   9   2 150   6]
 [  0  11  18  13  30  81]]";66;[ 7 14  6 17 10 12]
1361;CiteSeer;own;1;0.2;64;0.5;1;0.005;167894674;0.9722222222222222;0.9690676883780331;"[[ 8  0  0  0  0  1]
 [ 1 14  0  0  0  0]
 [ 0  0  6  0  0  0]
 [ 0  0  0 19  0  0]
 [ 0  0  0  0 11  0]
 [ 0  0  0  0  0 12]]";0.6597160603371783;0.5254909635681169;"[[  7  64   0  26  46   7]
 [  0 382  10  48  22   7]
 [  0  94  39 130   9   2]
 [  1  43  18 522  27   0]
 [  1  11  21  19 376   4]
 [  0  31  15  46  65 161]]";0.5404595404595405;0.45539870400003224;"[[  3  33   0  13  28   3]
 [  3 122   6  24  15   7]
 [  0  76  23  90  10   2]
 [  2  22   8 168  10   1]
 [  1  12   8   3 151   4]
 [  0  10  12  26  31  74]]";72;[ 9 15  6 19 11 12]
1362;CiteSeer;own;1;0.2;64;0.5;1;0.005;167894674;1.0;1.0;"[[10  0  0  0  0  0]
 [ 0 15  0  0  0  0]
 [ 0  0  7  0  0  0]
 [ 0  0  0 20  0  0]
 [ 0  0  0  0 12  0]
 [ 0  0  0  0  0 14]]";0.6708185053380783;0.5520396655995384;"[[ 13  49   2  26  51   7]
 [  2 361  18  49  28  11]
 [  0  82  48 127  12   2]
 [  0  35  25 506  41   4]
 [  1   9   0  16 402   5]
 [  0  20  20  32  66 178]]";0.5384615384615384;0.46282792615555995;"[[  4  29   4  11  32   0]
 [  3 109  13  26  20   6]
 [  0  74  24  88  14   1]
 [  1  16  13 159  19   3]
 [  0  12   3   3 157   4]
 [  0   9  14  16  28  86]]";78;[10 15  7 20 12 14]
1363;CiteSeer;own;1;0.2;64;0.5;1;0.005;167894674;0.9880952380952381;0.9894573643410852;"[[12  0  0  0  0  0]
 [ 0 16  0  0  0  0]
 [ 0  0  8  0  0  0]
 [ 0  0  0 21  1  0]
 [ 0  0  0  0 12  0]
 [ 0  0  0  0  0 14]]";0.6730597680642284;0.5443857882869438;"[[ 12  58   0  21  49   7]
 [  2 380  10  40  27   8]
 [  0  97  35 123  15   0]
 [  0  51  13 503  40   2]
 [  1  13   0  13 402   4]
 [  0  37   8  31  63 177]]";0.5504495504495505;0.46832055132559997;"[[  4  31   2  11  31   1]
 [  5 121   8  21  19   3]
 [  0  77  21  90  11   2]
 [  1  21   6 162  18   3]
 [  0  14   0   3 159   3]
 [  0  15  11  17  26  84]]";84;[12 16  8 22 12 14]
1364;CiteSeer;own;1;0.2;64;0.5;1;0.005;167894674;1.0;1.0;"[[12  0  0  0  0  0]
 [ 0 18  0  0  0  0]
 [ 0  0  8  0  0  0]
 [ 0  0  0 23  0  0]
 [ 0  0  0  0 12  0]
 [ 0  0  0  0  0 17]]";0.6905187835420393;0.569493210743367;"[[ 12  55   0  20  38  17]
 [  0 371  16  34  26  16]
 [  0  82  52 119  12   6]
 [  0  42  21 502  19  23]
 [  1  11   1  14 396   7]
 [  0  25  11  27  49 211]]";0.5384615384615384;0.4628309292681349;"[[  4  30   2  14  25   5]
 [  5 113  11  20  18  10]
 [  0  73  25  87  12   4]
 [  1  22  11 153   9  15]
 [  0  12   3   8 149   7]
 [  0   8  15  13  22  95]]";90;[12 18  8 23 12 17]
1365;CiteSeer;own;1;0.2;64;0.5;1;0.005;167894674;0.9895833333333334;0.9871604938271604;"[[12  0  0  0  0  0]
 [ 0 18  0  0  0  0]
 [ 0  0  9  0  0  0]
 [ 0  0  0 26  0  0]
 [ 1  0  0  0 13  0]
 [ 0  0  0  0  0 17]]";0.690134529147982;0.5630838495744016;"[[ 12  56   0  21  36  16]
 [  0 369  11  36  21  21]
 [  0  75  42 123  13  12]
 [  0  42  13 505  19  35]
 [  1  12   2  13 392   9]
 [  0  24   9  23  48 219]]";0.5494505494505495;0.46966647829357483;"[[  4  32   1  14  23   6]
 [  5 117   8  20  15  12]
 [  0  73  24  88  12   4]
 [  1  18   8 156  10  18]
 [  0  12   1   8 149   9]
 [  0   6  14  13  20 100]]";96;[12 18  9 26 14 17]
1366;CiteSeer;own;1;0.2;64;0.5;1;0.005;167894674;0.9901960784313726;0.9886885825379993;"[[11  1  0  0  0  0]
 [ 0 20  0  0  0  0]
 [ 0  0  9  0  0  0]
 [ 0  0  0 27  0  0]
 [ 0  0  0  0 14  0]
 [ 0  0  0  0  0 20]]";0.6870503597122302;0.555633357070422;"[[ 10  49   0  18  24  39]
 [  0 365   8  34  14  36]
 [  0  77  38 117   8  25]
 [  0  31  13 500  17  51]
 [  1   9   0  15 360  34]
 [  0  14   9  21  32 255]]";0.5394605394605395;0.456698520915283;"[[  4  24   1  14  15  22]
 [  3 117   6  19  11  21]
 [  0  73  20  87  10  11]
 [  1  14   8 155   7  26]
 [  0  12   1   6 137  23]
 [  0   6  11  14  15 107]]";102;[12 20  9 27 14 20]
1367;CiteSeer;own;1;0.2;64;0.5;1;0.005;167894674;1.0;1.0;"[[13  0  0  0  0  0]
 [ 0 22  0  0  0  0]
 [ 0  0 11  0  0  0]
 [ 0  0  0 27  0  0]
 [ 0  0  0  0 15  0]
 [ 0  0  0  0  0 20]]";0.6925157799819658;0.565644841654513;"[[ 10  53   0  24  28  24]
 [  0 368  10  41  16  23]
 [  0  80  45 120   9  11]
 [  0  40  14 505  16  34]
 [  1   9   2  12 357  37]
 [  0  14   9  21  34 251]]";0.5354645354645354;0.45597620694092494;"[[  4  29   1  19  15  12]
 [  3 119   6  22  14  13]
 [  0  76  20  88  10   7]
 [  1  18   9 155   8  20]
 [  0  12   3   8 133  23]
 [  0   6  13  15  14 105]]";108;[13 22 11 27 15 20]
1368;CiteSeer;own;1;0.2;64;0.5;1;0.005;167894674;0.9824561403508771;0.9811077851230867;"[[14  0  0  0  0  0]
 [ 1 22  0  0  0  0]
 [ 0  0 13  0  0  0]
 [ 0  0  0 28  0  0]
 [ 0  0  0  0 15  1]
 [ 0  0  0  0  0 20]]";0.7002712477396021;0.5806856496897085;"[[ 13  53   0  25  28  19]
 [  2 374  12  37  16  16]
 [  0  70  51 126  10   8]
 [  2  39  14 510  19  23]
 [  1  13   2  13 364  25]
 [  2  20  11  23  34 237]]";0.5384615384615384;0.4613050702004766;"[[  4  29   2  21  16   8]
 [  5 117   8  21  16  10]
 [  0  72  23  90  11   5]
 [  1  16  10 160   7  17]
 [  0  13   3   8 133  22]
 [  0   4  15  19  13 102]]";114;[14 23 13 28 16 20]
1369;CiteSeer;own;1;0.2;64;0.5;1;0.005;167894674;0.9916666666666667;0.9908844542990884;"[[14  0  0  0  0  0]
 [ 0 25  0  0  0  0]
 [ 0  0 14  0  0  0]
 [ 0  0  0 30  0  0]
 [ 0  0  0  0 16  1]
 [ 0  0  0  0  0 20]]";0.7048957388939256;0.5835307342467024;"[[ 11  62   0  28  25  11]
 [  0 389  10  41  12  14]
 [  0  68  53 127   9   8]
 [  0  38  14 522  14  15]
 [  1  24   1  16 350  21]
 [  0  29  13  25  25 230]]";0.5514485514485514;0.47327105113100637;"[[  4  38   2  20  12   4]
 [  5 125   8  21  10   8]
 [  0  70  22  94  11   4]
 [  1  13   9 167   7  14]
 [  0  19   4   8 133  15]
 [  0   5  15  19  13 101]]";120;[14 25 14 30 17 20]
1370;CiteSeer;own;1;0.2;64;0.5;1;0.005;167894674;0.9841269841269841;0.9803227597345244;"[[13  1  0  0  0  0]
 [ 0 25  0  0  0  0]
 [ 0  0 16  0  0  0]
 [ 0  0  0 31  0  0]
 [ 1  0  0  0 18  0]
 [ 0  0  0  0  0 21]]";0.7036363636363636;0.5858763115668529;"[[ 11  61   1  18  35  11]
 [  0 380  11  37  18  13]
 [  0  68  61 134  13   5]
 [  0  36  15 505  16  16]
 [  0  23   1  12 371   9]
 [  0  24  15  19  41 220]]";0.5604395604395604;0.4802157969831569;"[[  4  33   2  13  23   5]
 [  3 127  11  19  11   6]
 [  0  70  24  91  12   4]
 [  1  13  11 164  10  12]
 [  0  16   3   8 147   5]
 [  0   5  15  16  22  95]]";126;[14 25 16 31 19 21]
1371;CiteSeer;own;1;0.2;64;0.5;1;0.005;167894674;0.9924242424242424;0.9901191514094739;"[[15  0  0  0  0  0]
 [ 0 26  0  0  0  0]
 [ 0  0 16  0  0  0]
 [ 0  0  0 33  0  0]
 [ 1  0  0  0 18  0]
 [ 0  0  0  0  0 23]]";0.7119416590701915;0.5998191660282168;"[[ 10  58   2  23  29  11]
 [  0 372  12  38  21  11]
 [  0  64  83 122   7   3]
 [  0  34  17 524  12  13]
 [  0  21   1  17 356  15]
 [  0  23  16  18  44 217]]";0.5534465534465535;0.4753965640372651;"[[  4  34   1  21  17   3]
 [  5 120  11  19  16   6]
 [  0  65  27  94  12   3]
 [  1   9  13 169   7  12]
 [  0  16   3   7 140  13]
 [  0   6  14  15  24  94]]";132;[15 26 16 33 19 23]
1372;CiteSeer;own;1;0.2;64;0.5;1;0.005;167894674;0.9927536231884058;0.990964590964591;"[[17  0  0  0  0  0]
 [ 0 27  0  0  0  0]
 [ 0  0 18  0  0  0]
 [ 0  0  0 33  0  0]
 [ 1  0  0  0 19  0]
 [ 0  0  0  0  0 23]]";0.7111517367458866;0.6330673141907278;"[[ 40  62   1  22  19  10]
 [  4 383  11  31  15  12]
 [  1  70  73 126   7   3]
 [  3  32  17 520   9  16]
 [ 15  20   1  18 322  11]
 [  7  21  11  24  33 218]]";0.5534465534465535;0.4924967052211587;"[[ 10  36   1  18  11   4]
 [  5 125  11  19  11   6]
 [  1  70  27  90  10   3]
 [  3  12  12 169   5  10]
 [ 12  16   3   9 129  10]
 [  1   6  13  18  21  94]]";138;[17 27 18 33 20 23]
1373;CiteSeer;own;1;0.2;64;0.5;1;0.005;167894674;0.9861111111111112;0.9844421628041445;"[[17  0  0  0  1  0]
 [ 0 28  0  0  0  0]
 [ 0  0 18  1  0  0]
 [ 0  0  0 34  0  0]
 [ 0  0  0  0 21  0]
 [ 0  0  0  0  0 24]]";0.6846929422548121;0.6214518141376639;"[[ 41  69   4  16  19  10]
 [  2 388  10  26  14  12]
 [  0  70  87 167   7   2]
 [  7  36  27 439  13  14]
 [ 17  25   2  13 325   7]
 [  6  20  18  23  32 214]]";0.5434565434565435;0.4823356543445177;"[[  7  42   3   9  18   1]
 [  5 125  15  15  11   6]
 [  1  70  30  86  11   3]
 [  5  14  16 156  10  10]
 [ 14  17   7   1 132   8]
 [  0   6  17  14  22  94]]";144;[18 28 19 34 21 24]
1374;CiteSeer;own;1;0.2;64;0.5;1;0.005;167894674;0.9866666666666667;0.9850049517602709;"[[18  0  0  0  1  0]
 [ 0 29  0  0  0  0]
 [ 0  0 19  0  0  0]
 [ 0  0  0 36  0  0]
 [ 0  0  0  0 23  0]
 [ 0  0  0  0  1 23]]";0.7003676470588235;0.6069385935987591;"[[ 15  54   1  21  28  13]
 [  0 377  14  29  19  11]
 [  0  66  98 154  10   3]
 [  0  31  15 456  25  16]
 [ 10  17   1   9 365   7]
 [  0  17  12  24  45 213]]";0.5594405594405595;0.48860863337186683;"[[  5  32   3  15  23   2]
 [  5 122  13  19  12   6]
 [  1  65  35  82  14   4]
 [  2  15  13 159  12  10]
 [  3  15   3   5 146   7]
 [  0   6  13  15  26  93]]";150;[19 29 19 36 23 24]
1375;CiteSeer;own;1;0.2;64;0.5;1;0.005;167894674;0.9871794871794872;0.9869100160389359;"[[19  0  0  0  0  0]
 [ 0 30  0  0  0  0]
 [ 0  0 20  1  0  0]
 [ 0  0  0 37  0  0]
 [ 0  0  0  0 24  0]
 [ 0  0  0  0  1 24]]";0.6797235023041475;0.6024619993257069;"[[ 14  58   1  23  26  13]
 [  0 361  16  35  16  12]
 [  0  82 148 159  10   6]
 [  2  34  21 374  16  17]
 [ 13  16   2  11 366   6]
 [  0  19  20  22  39 212]]";0.5734265734265734;0.508685244849914;"[[  5  33   3  13  22   4]
 [  5 122  16  17  11   6]
 [  1  70  55  57  13   5]
 [  2  17  19 153  10  10]
 [  2  15   4   5 145   8]
 [  0   6  17  12  24  94]]";156;[19 30 21 37 24 25]
1376;CiteSeer;own;1;0.2;64;0.5;1;0.005;167894674;0.9814814814814815;0.9792055711173359;"[[20  1  0  0  0  0]
 [ 0 31  0  0  0  0]
 [ 0  0 22  0  0  0]
 [ 0  0  0 38  0  0]
 [ 1  0  0  0 23  1]
 [ 0  0  0  0  0 25]]";0.705637707948244;0.6534445880088852;"[[ 31  55   4  19  28  14]
 [  6 359  25  20  18  11]
 [  3  79 265  51  11   4]
 [  7  34  38 341  14  20]
 [ 35  17   7  14 311  13]
 [  8  19  22  15  26 220]]";0.5834165834165834;0.5329833052449527;"[[  7  33   3  13  21   3]
 [ 13 114  23   9  11   7]
 [  2  67  90  22  13   7]
 [  4  12  30 145   9  11]
 [ 16  14   4   5 129  11]
 [  0   7  21   8  18  99]]";162;[21 31 22 38 25 25]
1377;CiteSeer;own;1;0.2;64;0.5;1;0.005;167894674;0.9880952380952381;0.9869425547996977;"[[22  0  0  0  0  0]
 [ 0 31  0  0  0  0]
 [ 0  0 22  0  0  0]
 [ 0  0  0 40  0  0]
 [ 0  0  1  0 27  0]
 [ 0  0  0  0  1 24]]";0.701112140871177;0.6526972530876892;"[[ 33  54   1  11  46   9]
 [  8 331  28  12  29   8]
 [  2  76 263  48  32   2]
 [ 12  29  31 345  36   4]
 [ 37  16   5   7 332   4]
 [  3  17  20   8  50 209]]";0.5894105894105894;0.5426641884916991;"[[  8  32   2  11  26   1]
 [ 11 117  23   8  14   4]
 [  2  55  95  21  26   2]
 [  9  12  27 146  14   3]
 [ 23  14   1   4 131   6]
 [  0   7  19   6  28  93]]";168;[22 31 22 40 28 25]
1378;CiteSeer;own;1;0.2;64;0.5;1;0.005;167894674;0.9770114942528736;0.9748197780832285;"[[23  0  0  0  0  0]
 [ 1 30  0  0  0  0]
 [ 0  0 25  0  0  0]
 [ 0  0  0 40  0  0]
 [ 1  0  1  0 26  0]
 [ 0  0  0  0  1 26]]";0.7174721189591078;0.6669397632964357;"[[ 33  56   5  13  37  11]
 [  6 321  44  12  21  10]
 [  1  59 313  36  18   2]
 [ 11  23  48 344  24   3]
 [ 37  16   8   6 325   4]
 [  4  19  30   7  37 208]]";0.6023976023976024;0.5541726124272445;"[[  8  32   3  11  23   3]
 [ 10 114  26   9  14   4]
 [  2  49 111  17  18   4]
 [  9  11  30 146  13   2]
 [ 23  14   2   4 131   5]
 [  0   7  22   6  25  93]]";174;[23 31 25 40 28 27]
1379;CiteSeer;own;1;0.2;64;0.5;1;0.005;167894674;0.9944444444444445;0.9940457203615097;"[[26  0  0  0  0  0]
 [ 0 32  0  0  0  0]
 [ 0  0 25  0  0  0]
 [ 0  0  0 41  0  0]
 [ 0  0  0  0 28  1]
 [ 0  0  0  0  0 27]]";0.7241379310344828;0.6759225566382733;"[[ 37  59   2  12  33  10]
 [  7 331  34  10  20  10]
 [  4  64 282  48  25   4]
 [ 17  26  35 348  20   7]
 [ 22  17   3   7 343   4]
 [  6  18  25   6  37 213]]";0.6073926073926074;0.55637021302495;"[[  8  33   3  11  21   4]
 [ 11 119  22   9  10   6]
 [  2  51 100  22  20   6]
 [ 11  15  23 147  12   3]
 [ 16  14   1   4 139   5]
 [  0   7  21   6  24  95]]";180;[26 32 25 41 29 27]
1380;CiteSeer;own;1;0.2;64;0.5;1;0.005;167894674;0.978494623655914;0.9770220385788703;"[[26  0  0  0  0  0]
 [ 1 31  0  0  1  0]
 [ 0  0 27  0  0  0]
 [ 0  0  0 42  0  0]
 [ 1  0  0  0 27  1]
 [ 0  0  0  0  0 29]]";0.7369158878504672;0.6898720387966358;"[[ 39  56   7  11  29  11]
 [  6 312  44  10  21  12]
 [  2  44 320  43  18   7]
 [ 15  19  43 349  15  10]
 [ 23  17   5   8 337   4]
 [  0  14  30  11  28 220]]";0.6273726273726273;0.5724638437806648;"[[  8  30   6  10  21   5]
 [ 10 110  28   9  12   8]
 [  3  37 121  19  15   6]
 [ 11  11  22 151  11   5]
 [ 11  14   2   4 139   9]
 [  0   6  21   7  20  99]]";186;[26 33 27 42 29 29]
1381;CiteSeer;own;1;0.2;64;0.5;1;0.005;167894674;0.984375;0.9830224545046876;"[[26  0  0  0  0  0]
 [ 0 34  0  0  1  0]
 [ 0  0 28  0  0  0]
 [ 0  0  0 43  0  0]
 [ 1  0  0  0 27  1]
 [ 0  0  0  0  0 31]]";0.7366447985004686;0.6857513261808155;"[[ 33  61   5  12  30  10]
 [  5 323  38  11  19  10]
 [  0  55 303  49  22   6]
 [  7  25  40 348  19   8]
 [ 15  15   4   8 350   2]
 [  0  18  30  11  27 215]]";0.6343656343656343;0.5767413848736345;"[[  7  34   4   9  21   5]
 [  9 119  24   9  11   5]
 [  1  45 114  20  15   6]
 [  5  15  24 151  13   3]
 [  7  14   3   4 145   6]
 [  0   7  23   6  18  99]]";192;[26 35 28 43 29 31]
1382;CiteSeer;own;1;0.2;64;0.5;1;0.005;167894674;0.98989898989899;0.9883004926108375;"[[27  0  0  0  0  0]
 [ 0 37  0  0  0  0]
 [ 0  0 28  0  0  0]
 [ 0  0  0 43  0  0]
 [ 2  0  0  0 28  0]
 [ 0  0  0  0  0 33]]";0.731203007518797;0.6813054582574072;"[[ 34  62   8   7  21  10]
 [  5 326  41  10  14   7]
 [  4  58 306  45  15   5]
 [ 19  28  40 335  15   6]
 [ 28  15   5   8 335  11]
 [  1  18  30  12  24 220]]";0.6233766233766234;0.5843407718968746;"[[ 15  37   4   5  14   5]
 [ 10 117  25   9  11   5]
 [  3  47 111  21  13   6]
 [ 12  15  22 146  13   3]
 [ 15  14   2   4 133  11]
 [  0   8  23   7  13 102]]";198;[27 37 28 43 30 33]
1383;CiteSeer;own;1;0.2;64;0.5;1;0.005;167894674;0.9901960784313726;0.9895577789128901;"[[26  1  0  0  0  0]
 [ 0 38  0  0  0  0]
 [ 0  0 30  0  0  0]
 [ 0  0  0 44  0  0]
 [ 0  0  0  0 31  0]
 [ 0  0  0  0  1 33]]";0.7412818096135722;0.6918641812543457;"[[ 35  60  11   7  19  10]
 [  3 322  41   9  16  11]
 [  4  54 319  38  11   5]
 [ 15  26  44 334  16   7]
 [ 16  13   6   7 337  17]
 [  1  15  32  12  23 226]]";0.6333666333666333;0.5897309541000338;"[[ 13  35   6   5  16   5]
 [ 10 115  28   7  11   6]
 [  2  41 119  21  11   7]
 [  6  16  27 144  15   3]
 [  6  14   4   4 139  12]
 [  0   8  22   7  12 104]]";204;[27 38 30 44 31 34]
1384;CiteSeer;own;1;0.2;64;0.5;1;0.005;167894674;1.0;1.0;"[[28  0  0  0  0  0]
 [ 0 38  0  0  0  0]
 [ 0  0 32  0  0  0]
 [ 0  0  0 45  0  0]
 [ 0  0  0  0 33  0]
 [ 0  0  0  0  0 34]]";0.744328922495274;0.6954001914588276;"[[ 35  56  11   8  20  10]
 [  3 321  44   9  18   7]
 [  1  54 318  39  14   5]
 [ 13  25  44 332  18   7]
 [ 13  11   5   5 346  16]
 [  1  14  33  10  27 223]]";0.6373626373626373;0.5986297396348085;"[[ 16  33   7   5  15   4]
 [ 10 113  30   7  13   4]
 [  4  40 120  19  12   6]
 [  9  16  25 142  15   4]
 [  5  14   2   4 144  10]
 [  0   7  22   7  14 103]]";210;[28 38 32 45 33 34]
1385;CiteSeer;own;1;0.2;64;0.5;1;0.005;167894674;0.9861111111111112;0.9858567843336102;"[[28  0  0  0  0  0]
 [ 0 39  0  0  0  1]
 [ 0  0 33  0  0  0]
 [ 1  0  0 46  0  0]
 [ 0  0  0  0 34  0]
 [ 0  0  0  0  1 33]]";0.7483412322274882;0.6999924550232047;"[[ 36  57   8  10  19  10]
 [  4 317  41  11  18  10]
 [  1  44 323  47   9   5]
 [ 14  28  41 333  16   8]
 [  7  11   5   6 347  19]
 [  1  13  32  12  24 223]]";0.6453546453546454;0.6079119570225205;"[[ 18  32   5   6  14   5]
 [ 10 115  26   8  13   5]
 [  4  35 121  22  13   6]
 [ 10  16  24 146  11   4]
 [  4  13   3   4 143  12]
 [  0   7  23   7  13 103]]";216;[28 40 33 47 34 34]
1386;CiteSeer;own;1;0.2;64;0.5;1;0.005;167894674;0.990990990990991;0.9905268924589975;"[[28  0  0  0  0  0]
 [ 0 40  0  0  0  0]
 [ 0  0 36  0  0  0]
 [ 1  0  0 48  0  0]
 [ 0  0  0  0 34  0]
 [ 0  0  0  0  1 34]]";0.754277566539924;0.7045775843211013;"[[ 36  56  10   9  21   9]
 [  4 306  42  10  19  13]
 [  1  32 342  40   8   4]
 [ 13  24  43 333  18  10]
 [  5  11   5   6 344  18]
 [  1  11  35   9  30 226]]";0.6523476523476524;0.6145610733361146;"[[ 18  32   5   6  14   5]
 [ 10 112  28   8  14   5]
 [  4  29 132  20  12   4]
 [  7  17  27 143  13   4]
 [  3  13   3   3 144  13]
 [  0   8  23   6  12 104]]";222;[28 40 36 49 34 35]
1387;CiteSeer;own;1;0.2;64;0.5;1;0.005;167894674;0.9912280701754386;0.9908584543055624;"[[29  0  0  0  0  0]
 [ 0 40  0  0  0  0]
 [ 0  0 36  0  0  0]
 [ 1  0  0 51  0  0]
 [ 0  0  0  0 36  0]
 [ 0  0  0  0  1 34]]";0.7540514775977121;0.7067080033109008;"[[ 39  51   8  12  20  10]
 [  5 306  38  14  18  13]
 [  2  35 331  44   7   7]
 [ 15  22  36 339  15  12]
 [  5  12   5   5 341  27]
 [  2  12  32  10  22 226]]";0.6433566433566433;0.6047389547098679;"[[ 18  31   4   7  14   6]
 [ 11 111  27   9  14   5]
 [  3  31 128  21  12   6]
 [ 10  13  23 146  12   7]
 [  4  13   2   5 138  17]
 [  0   9  22   6  13 103]]";228;[29 40 36 52 36 35]
1388;CiteSeer;own;1;0.2;64;0.5;1;0.005;167894674;0.9957264957264957;0.9948920362201069;"[[29  0  0  0  1  0]
 [ 0 41  0  0  0  0]
 [ 0  0 36  0  0  0]
 [ 0  0  0 54  0  0]
 [ 0  0  0  0 36  0]
 [ 0  0  0  0  0 37]]";0.7571701720841301;0.7093667880014288;"[[ 38  54   9  11  18   9]
 [  3 306  38  15  16  11]
 [  3  38 332  40   6   6]
 [ 14  25  32 342  14  12]
 [  3  15   5   7 344  24]
 [  1  15  32  12  20 222]]";0.6543456543456544;0.6095693704548912;"[[ 15  32   5   9  14   5]
 [  9 114  28  10  11   5]
 [  2  35 127  20  11   6]
 [  9  16  16 155  10   5]
 [  3  12   3   4 141  16]
 [  0   9  22   6  13 103]]";234;[30 41 36 54 36 37]
1389;CiteSeer;own;1;0.2;64;0.5;1;0.005;167894674;1.0;1.0;"[[30  0  0  0  0  0]
 [ 0 42  0  0  0  0]
 [ 0  0 36  0  0  0]
 [ 0  0  0 56  0  0]
 [ 0  0  0  0 37  0]
 [ 0  0  0  0  0 39]]";0.7598274209012464;0.7120615012571118;"[[ 38  54   9  11  18   9]
 [  4 305  36  16  15  11]
 [  2  40 329  42   6   6]
 [ 12  26  32 345  15   7]
 [  3  14   5   8 351  16]
 [  1  13  32  11  27 217]]";0.6543456543456544;0.6089512887093482;"[[ 15  30   6   9  14   6]
 [ 10 112  26  11  12   6]
 [  2  35 125  21  13   5]
 [  8  14  16 158  11   4]
 [  3  12   3   5 143  13]
 [  0   9  21   6  15 102]]";240;[30 42 36 56 37 39]
1390;CiteSeer;own;1;0.2;64;0.5;1;0.005;167894674;0.9878048780487805;0.9867691517934897;"[[30  0  0  1  0  0]
 [ 1 42  0  0  0  0]
 [ 0  0 37  0  0  0]
 [ 0  0  0 57  0  0]
 [ 0  0  1  0 37  0]
 [ 0  0  0  0  0 40]]";0.7658653846153847;0.7168766898328865;"[[ 38  54   9  11  18  10]
 [  4 300  36  18  13  11]
 [  2  35 338  37   6   5]
 [ 12  25  32 344  16   9]
 [  3  12   4   7 353  17]
 [  1  13  33   9  25 220]]";0.6503496503496503;0.6071388100308335;"[[ 16  30   4  11  13   6]
 [ 10 111  27  13  11   5]
 [  2  30 131  21  13   4]
 [  9  17  17 153  10   5]
 [  5  12   2   5 140  15]
 [  0  11  22   6  14 100]]";246;[31 43 37 57 38 40]
1391;CiteSeer;own;1;0.2;64;0.5;1;0.005;167894674;1.0;1.0;"[[33  0  0  0  0  0]
 [ 0 44  0  0  0  0]
 [ 0  0 37  0  0  0]
 [ 0  0  0 58  0  0]
 [ 0  0  0  0 39  0]
 [ 0  0  0  0  0 41]]";0.7729026036644165;0.7285183007317659;"[[ 43  49  12   8  20   9]
 [  5 298  36  17  12  11]
 [  0  34 342  34   6   5]
 [ 12  20  35 346  16   9]
 [  3  11   5   7 353  16]
 [  0  11  35   9  24 221]]";0.6563436563436563;0.6146672024444846;"[[ 17  30   4  11  12   6]
 [ 12 110  30  10  11   4]
 [  3  31 132  18  13   4]
 [  8  15  19 154  11   4]
 [  6  12   2   5 142  12]
 [  0   8  23   6  14 102]]";252;[33 44 37 58 39 41]
1392;CiteSeer;own;1;0.2;64;0.5;1;0.005;167894674;1.0;1.0;"[[33  0  0  0  0  0]
 [ 0 45  0  0  0  0]
 [ 0  0 37  0  0  0]
 [ 0  0  0 62  0  0]
 [ 0  0  0  0 39  0]
 [ 0  0  0  0  0 42]]";0.7717601547388782;0.7254061943529085;"[[ 41  52   7  11  21   9]
 [  4 301  32  15  15  12]
 [  0  39 333  35   6   7]
 [ 10  20  31 349  15  11]
 [  3  11   4   7 354  15]
 [  0  13  30   9  28 218]]";0.6483516483516484;0.6052324104737272;"[[ 16  31   4  10  13   6]
 [ 12 111  27  10  12   5]
 [  3  34 125  21  13   5]
 [  8  16  17 157   9   4]
 [  6  12   2   6 141  12]
 [  0  10  22   7  15  99]]";258;[33 45 37 62 39 42]
1393;CiteSeer;own;1;0.2;64;0.5;1;0.005;167894674;1.0;1.0;"[[34  0  0  0  0  0]
 [ 0 46  0  0  0  0]
 [ 0  0 37  0  0  0]
 [ 0  0  0 64  0  0]
 [ 0  0  0  0 40  0]
 [ 0  0  0  0  0 43]]";0.7725509214354995;0.7268230567948915;"[[ 40  52   8  11  18  10]
 [  4 297  37  19  12   8]
 [  0  39 325  44   6   6]
 [  9  22  29 361   7   8]
 [  3  11   2  12 348  17]
 [  0  12  33  12  18 222]]";0.6523476523476524;0.6083480262201313;"[[ 16  30   4  11  13   6]
 [ 11 111  26  14  11   4]
 [  2  34 124  25  12   4]
 [  7  14  16 164   6   4]
 [  5  12   2   6 139  15]
 [  0  10  23   8  13  99]]";264;[34 46 37 64 40 43]
1394;CiteSeer;own;1;0.2;64;0.5;1;0.005;167894674;1.0;1.0;"[[36  0  0  0  0  0]
 [ 0 47  0  0  0  0]
 [ 0  0 39  0  0  0]
 [ 0  0  0 64  0  0]
 [ 0  0  0  0 41  0]
 [ 0  0  0  0  0 43]]";0.7757782101167315;0.7307858339312515;"[[ 41  50   9   9  19   9]
 [  5 293  36  18  12   8]
 [  0  38 332  41   8   6]
 [  9  18  32 357  10   6]
 [  3  12   2  11 352  13]
 [  0  11  31  13  22 220]]";0.6513486513486514;0.6039230144346396;"[[ 14  33   4  10  13   6]
 [ 12 111  27  13  11   3]
 [  4  30 124  25  13   5]
 [  8  13  17 162   7   4]
 [  5  11   2   7 142  12]
 [  0  10  22   8  14  99]]";270;[36 47 39 64 41 43]
1395;CiteSeer;own;1;0.2;64;0.5;1;0.005;167894674;0.9891304347826086;0.9889104803317906;"[[38  0  0  0  0  0]
 [ 1 46  0  0  0  0]
 [ 0  0 40  0  0  0]
 [ 0  0  0 64  0  0]
 [ 0  0  0  1 41  1]
 [ 0  0  0  0  0 44]]";0.7804878048780488;0.7382729182422937;"[[ 47  45   8   9  20   9]
 [ 10 282  36  15  15  11]
 [  2  28 346  34   8   6]
 [ 10  18  31 352  10   9]
 [  3  12   2   7 351  16]
 [  0  10  33  12  21 222]]";0.6623376623376623;0.6180877251489852;"[[ 17  32   3  10  12   6]
 [ 15 106  29  11  13   3]
 [  6  24 136  18  12   5]
 [  8  13  17 162   7   4]
 [  3  11   4   6 140  15]
 [  0   7  23   7  14 102]]";276;[38 47 40 64 43 44]
1396;CiteSeer;own;1;0.2;64;0.5;1;0.005;167894674;0.9929078014184397;0.9930671974050479;"[[38  0  0  0  0  0]
 [ 0 48  0  0  0  0]
 [ 0  0 42  0  0  0]
 [ 0  0  0 65  0  0]
 [ 0  0  0  1 43  1]
 [ 0  0  0  0  0 44]]";0.7803326810176126;0.7325132057749735;"[[ 40  48   9   9  19   9]
 [ 10 282  37  17  14  10]
 [  2  25 348  37   7   5]
 [  7  19  33 354   9   8]
 [  3  12   3   5 350  15]
 [  0  10  36  10  21 221]]";0.6613386613386614;0.6137699270891676;"[[ 15  32   5   9  13   6]
 [ 15 107  29  11  12   3]
 [  6  23 139  17  12   4]
 [  5  14  19 162   7   4]
 [  2  12   4   6 139  16]
 [  0   9  23   7  14 100]]";282;[38 48 42 65 45 44]
1397;CiteSeer;own;1;0.2;64;0.5;1;0.005;167894674;1.0;1.0;"[[39  0  0  0  0  0]
 [ 0 49  0  0  0  0]
 [ 0  0 43  0  0  0]
 [ 0  0  0 67  0  0]
 [ 0  0  0  0 45  0]
 [ 0  0  0  0  0 45]]";0.7821393523061825;0.7390565357871953;"[[ 45  49   7   7  18   7]
 [ 10 287  32  15  15  10]
 [  4  31 343  35   7   5]
 [  7  18  31 356  10   6]
 [  3  12   3   6 346  13]
 [  0  12  32  12  27 217]]";0.6613386613386614;0.6166574324824594;"[[ 16  32   5   8  13   6]
 [ 15 109  30  10  10   3]
 [  6  28 138  14  12   3]
 [  6  14  19 161   7   4]
 [  6  13   4   6 139  11]
 [  0  11  23   6  14  99]]";288;[39 49 43 67 45 45]
1398;CiteSeer;own;1;0.2;64;0.5;1;0.005;167894674;0.9965986394557823;0.9966557274574152;"[[39  0  0  0  0  0]
 [ 0 50  0  0  0  0]
 [ 0  0 44  0  0  0]
 [ 1  0  0 67  0  0]
 [ 0  0  0  0 48  0]
 [ 0  0  0  0  0 45]]";0.7849409448818898;0.7379460452984294;"[[ 41  46   9   7  18   5]
 [ 11 290  31  13  16   6]
 [  3  29 347  33   9   6]
 [ 11  18  30 354  11   7]
 [  2  11   3   7 347  13]
 [  1  12  29   9  31 216]]";0.6623376623376623;0.618326435911279;"[[ 17  31   5   9  14   4]
 [ 15 105  30   8  16   3]
 [  6  26 140  14  12   3]
 [  6  14  17 163   7   4]
 [  6  12   4   6 139  12]
 [  0  10  23   6  15  99]]";294;[39 50 44 68 48 45]
1399;CiteSeer;own;1;0.2;64;0.5;1;0.005;167894674;1.0;1.0;"[[40  0  0  0  0  0]
 [ 0 52  0  0  0  0]
 [ 0  0 45  0  0  0]
 [ 0  0  0 69  0  0]
 [ 0  0  0  0 48  0]
 [ 0  0  0  0  0 46]]";0.7922013820335637;0.7434377513495737;"[[ 39  47   7   8  18   5]
 [  8 293  31  13  15   6]
 [  2  31 347  32   8   6]
 [  9  18  21 364  11   8]
 [  2  11   3   6 345  15]
 [  0  13  30  11  26 217]]";0.6653346653346653;0.6202791886725133;"[[ 16  33   5   8  14   4]
 [ 13 108  30   8  15   3]
 [  5  29 138  14  12   3]
 [  6  15  16 165   5   4]
 [  6  13   4   7 139  10]
 [  1  11  21   6  14 100]]";300;[40 52 45 69 48 46]
1400;CiteSeer;own;1;0.2;64;0.5;1;0.005;167894674;0.9934640522875817;0.9933960065766785;"[[41  0  0  0  0  0]
 [ 1 52  0  0  0  0]
 [ 0  0 46  0  0  0]
 [ 0  0  1 68  0  0]
 [ 0  0  0  0 50  0]
 [ 0  0  0  0  0 47]]";0.7995049504950495;0.7508654989722475;"[[ 39  45   6   8  18   6]
 [ 10 290  31  13  14   8]
 [  2  30 353  29   9   5]
 [  4  17  26 363  10   7]
 [  2  11   3   6 354   7]
 [  1  12  32   6  27 216]]";0.6643356643356644;0.6183130861236438;"[[ 15  32   7   8  14   4]
 [ 14 107  29   7  16   4]
 [  5  29 138  14  12   3]
 [  5  14  21 161   5   5]
 [  7  12   4   7 144   5]
 [  1  10  23   3  16 100]]";306;[41 53 46 69 50 47]
1401;CiteSeer;own;1;0.2;64;0.5;1;0.005;167894674;0.9935897435897436;0.9936972275430799;"[[43  0  0  0  0  0]
 [ 0 53  1  0  0  0]
 [ 0  0 46  0  0  0]
 [ 0  0  1 69  0  0]
 [ 0  0  0  0 50  0]
 [ 0  0  0  0  0 49]]";0.7929493545183715;0.7473401716328549;"[[ 40  41   9   7  17   6]
 [  9 289  34  12  13  10]
 [  4  38 344  24   9   4]
 [  5  18  34 354  10   6]
 [  2  11   4   5 354   7]
 [  1  11  38   6  22 216]]";0.6633366633366633;0.6178847128806174;"[[ 15  32   6   8  14   5]
 [ 15 108  28   7  15   4]
 [  5  31 137  13  12   3]
 [  5  14  22 160   5   5]
 [  7  13   4   7 143   5]
 [  1  10  23   4  14 101]]";312;[43 54 46 70 50 49]
1402;CiteSeer;own;1;0.2;64;0.5;1;0.005;167894674;0.9968553459119497;0.9966093649340522;"[[43  1  0  0  0  0]
 [ 0 56  0  0  0  0]
 [ 0  0 48  0  0  0]
 [ 0  0  0 70  0  0]
 [ 0  0  0  0 51  0]
 [ 0  0  0  0  0 49]]";0.795816733067729;0.7520932822217107;"[[ 41  44   5   8  17   5]
 [  6 296  30  14  12   7]
 [  3  46 333  26   8   7]
 [  4  19  26 362  10   6]
 [  2  11   3   6 353   8]
 [  1  13  36   6  21 213]]";0.6533466533466533;0.6115254783915826;"[[ 16  33   5   7  15   4]
 [ 14 110  27   7  15   4]
 [  5  40 126  15  12   3]
 [  5  16  20 161   5   4]
 [  8  12   4   7 140   8]
 [  1  10  23   4  14 101]]";318;[44 56 48 70 51 49]
1403;CiteSeer;own;1;0.2;64;0.5;1;0.005;167894674;0.9969135802469136;0.9967192228061794;"[[45  0  0  0  0  0]
 [ 1 57  0  0  0  0]
 [ 0  0 50  0  0  0]
 [ 0  0  0 70  0  0]
 [ 0  0  0  0 52  0]
 [ 0  0  0  0  0 49]]";0.7972027972027972;0.7527966108358402;"[[ 40  45   8   7  14   5]
 [  4 297  31  11  13   8]
 [  3  44 333  27  10   4]
 [  4  19  24 364  10   6]
 [  2  11   3   6 351   9]
 [  1  12  38   6  21 211]]";0.6593406593406593;0.6170477230216985;"[[ 16  33   5   7  15   4]
 [ 14 110  28   5  14   6]
 [  4  40 129  13  12   3]
 [  4  17  19 163   5   3]
 [  7  13   5   7 139   8]
 [  1   8  23   4  14 103]]";324;[45 58 50 70 52 49]
1404;CiteSeer;own;1;0.2;64;0.5;1;0.005;167894674;0.996969696969697;0.9965183331519966;"[[45  0  0  0  0  0]
 [ 0 59  0  0  0  0]
 [ 1  0 50  0  0  0]
 [ 0  0  0 71  0  0]
 [ 0  0  0  0 53  0]
 [ 0  0  0  0  0 51]]";0.8001002004008017;0.7552122141294624;"[[ 42  43   7   8  14   5]
 [  9 291  33   9  12   9]
 [  2  41 338  22  10   4]
 [ 10  18  25 363   8   4]
 [  2  11   3   6 351   8]
 [  1  12  37   5  21 212]]";0.6643356643356644;0.622557238498214;"[[ 17  32   5   7  14   5]
 [ 16 110  28   5  13   5]
 [  4  38 132  13  12   2]
 [  6  15  17 164   5   4]
 [  8  12   6   7 139   7]
 [  1   8  23   4  14 103]]";330;[45 59 51 71 53 51]
1405;CiteSeer;own;1;0.2;64;0.5;1;0.005;167894674;1.0;1.0;"[[45  0  0  0  0  0]
 [ 0 60  0  0  0  0]
 [ 0  0 52  0  0  0]
 [ 0  0  0 74  0  0]
 [ 0  0  0  0 53  0]
 [ 0  0  0  0  0 52]]";0.8020100502512563;0.7577316776539739;"[[ 40  44   9   6  14   5]
 [  3 294  30  12  14   6]
 [  1  46 338  23  11   4]
 [  7  16  24 364  10   3]
 [  2  11   4   7 350   6]
 [  1  13  33   7  22 210]]";0.6673326673326674;0.623731089003076;"[[ 16  32   6   8  13   5]
 [ 14 113  26   5  14   5]
 [  4  40 131  12  12   2]
 [  6  14  17 165   5   4]
 [  8  12   5   9 141   4]
 [  1   8  23   5  14 102]]";336;[45 60 52 74 53 52]
1406;CiteSeer;own;1;0.2;64;0.5;1;0.005;167894674;1.0;1.0;"[[47  0  0  0  0  0]
 [ 0 60  0  0  0  0]
 [ 0  0 53  0  0  0]
 [ 0  0  0 75  0  0]
 [ 0  0  0  0 54  0]
 [ 0  0  0  0  0 53]]";0.8034274193548387;0.7594486001202396;"[[ 41  41  10   8  15   4]
 [  3 295  31  12  11   7]
 [  1  43 338  27   8   4]
 [  6  18  22 366   6   4]
 [  5  10   6   6 342   9]
 [  1  11  31   8  22 212]]";0.6663336663336663;0.6208247421146663;"[[ 15  32   6   9  13   5]
 [ 15 112  27   5  13   5]
 [  4  40 130  12  12   3]
 [  5  14  16 167   5   4]
 [  9  12   5   7 139   7]
 [  1   8  22   6  12 104]]";342;[47 60 53 75 54 53]
1407;CiteSeer;own;1;0.2;64;0.5;1;0.005;167894674;0.9971264367816092;0.9968450538109982;"[[47  0  0  0  0  0]
 [ 1 59  0  0  0  0]
 [ 0  0 55  0  0  0]
 [ 0  0  0 76  0  0]
 [ 0  0  0  0 56  0]
 [ 0  0  0  0  0 54]]";0.8008088978766431;0.7583534915635289;"[[ 44  35  12   7  15   4]
 [  8 287  35  10   9  10]
 [  1  38 341  29   8   4]
 [ 10  14  23 363   8   3]
 [  8  10   6   6 337  10]
 [  0   9  32   8  22 212]]";0.6673326673326674;0.6239064768739836;"[[ 17  28   9   8  13   5]
 [ 19 105  29   5  14   5]
 [  4  32 138  12  12   3]
 [  6  13  17 167   4   4]
 [ 11  12   5   7 138   6]
 [  1   7  24   4  14 103]]";348;[47 60 55 76 56 54]
1408;CiteSeer;own;1;0.2;64;0.5;1;0.005;167894674;0.9971751412429378;0.9970235722448111;"[[48  0  0  0  0  0]
 [ 0 62  0  0  0  0]
 [ 0  0 56  0  0  0]
 [ 0  0  0 76  0  0]
 [ 0  0  0  0 56  1]
 [ 0  0  0  0  0 55]]";0.7991886409736308;0.7534701062563874;"[[ 40  36  14   7  14   5]
 [  5 286  35   9   9  11]
 [  1  39 340  28   8   5]
 [ 12  15  25 357   8   4]
 [  8  10   7   6 337   9]
 [  0  10  30   3  23 216]]";0.6703296703296703;0.6231242282777174;"[[ 15  27  10   8  13   7]
 [ 15 109  29   4  14   6]
 [  3  32 139  12  12   3]
 [  7  13  17 166   4   4]
 [  9  12   5   7 138   8]
 [  1   8  23   4  13 104]]";354;[48 62 56 76 57 55]
1409;CiteSeer;own;1;0.2;64;0.5;1;0.005;167894674;0.9944444444444445;0.9947205333803272;"[[48  0  0  1  0  0]
 [ 0 63  0  0  0  0]
 [ 0  0 56  0  0  0]
 [ 0  0  0 77  1  0]
 [ 0  0  0  0 58  0]
 [ 0  0  0  0  0 56]]";0.8016276703967447;0.756583859500643;"[[ 39  40  12   8  12   5]
 [  3 291  32  12  10   6]
 [  1  44 334  29   8   5]
 [  5  15  23 360  10   4]
 [  8  10   7   5 338   8]
 [  1  11  30   4  22 214]]";0.6713286713286714;0.6214965479241609;"[[ 13  29  10   9  13   6]
 [ 13 114  28   5  12   5]
 [  3  39 132  12  12   3]
 [  5  13  16 169   4   4]
 [  9  12   5   7 139   7]
 [  1   8  22   5  12 105]]";360;[49 63 56 78 58 56]
1410;CiteSeer;own;1;0.2;64;0.5;1;0.005;167894674;0.994535519125683;0.9943264589732338;"[[49  0  0  0  0  0]
 [ 1 64  0  0  0  0]
 [ 0  0 57  0  0  0]
 [ 1  0  0 79  0  0]
 [ 0  0  0  0 59  0]
 [ 0  0  0  0  0 56]]";0.8035714285714286;0.7594923787039942;"[[ 40  39  12   7  14   4]
 [  5 287  31  11  12   6]
 [  1  43 334  29   8   4]
 [  4  16  23 359   9   4]
 [  8  10   7   5 338   8]
 [  1  11  27   3  23 217]]";0.6653346653346653;0.6159713436911591;"[[ 13  28  11  10  13   5]
 [ 14 112  29   3  14   5]
 [  4  39 130  12  12   4]
 [  2  14  18 169   4   4]
 [  9  12   5   7 139   7]
 [  1   8  22   7  12 103]]";366;[49 65 57 80 59 56]
1411;CiteSeer;own;1;0.2;64;0.5;1;0.005;167894674;0.9973118279569892;0.9972465902542101;"[[48  0  0  1  0  0]
 [ 0 66  0  0  0  0]
 [ 0  0 59  0  0  0]
 [ 0  0  0 80  0  0]
 [ 0  0  0  0 60  0]
 [ 0  0  0  0  0 58]]";0.8019447287615148;0.7570642602695439;"[[ 39  37  12   8  15   5]
 [  4 278  37  10  15   7]
 [  1  37 339  28   8   4]
 [  4  16  24 359   8   4]
 [  7  10   7   6 336   9]
 [  1  10  29   3  21 216]]";0.6663336663336663;0.613847137308132;"[[ 12  27  11  10  13   7]
 [ 15 109  30   3  15   5]
 [  3  34 135  13  12   4]
 [  3  13  17 170   4   4]
 [  9  12   5   7 137   9]
 [  1   7  22   7  12 104]]";372;[49 66 59 80 60 58]
1412;CiteSeer;own;1;0.2;64;0.5;1;0.005;167894674;0.9920634920634921;0.9916641902299307;"[[47  1  0  1  0  0]
 [ 0 67  0  0  1  0]
 [ 0  0 61  0  0  0]
 [ 0  0  0 80  0  0]
 [ 0  0  0  0 60  0]
 [ 0  0  0  0  0 60]]";0.8059548254620124;0.7597835971498372;"[[ 38  37  12   8  16   5]
 [  3 277  37   9  15   6]
 [  2  38 342  23   9   4]
 [  4  16  24 358   9   4]
 [  7  10   7   6 336   8]
 [  1  10  26   3  19 219]]";0.6733266733266733;0.6198569570550009;"[[ 12  28  11  10  13   6]
 [ 13 110  30   3  16   5]
 [  3  29 141  12  12   4]
 [  1  14  19 169   4   4]
 [  9  12   5   7 139   7]
 [  1   6  23   7  13 103]]";378;[49 68 61 80 60 60]
1413;CiteSeer;own;1;0.2;64;0.5;1;0.005;167894674;0.9973958333333334;0.997016501650165;"[[50  0  0  0  0  0]
 [ 0 68  0  0  0  0]
 [ 1  0 62  0  0  0]
 [ 0  0  0 81  0  0]
 [ 0  0  0  0 61  0]
 [ 0  0  0  0  0 61]]";0.8053553038105047;0.7596347556608963;"[[ 38  36  11   8  17   5]
 [  3 279  35   8  15   6]
 [  2  38 341  22   9   4]
 [  4  17  28 355   8   4]
 [  6  10   7   5 334  10]
 [  1  10  25   3  21 217]]";0.6713286713286714;0.618962372495624;"[[ 12  29  10  10  13   6]
 [ 13 111  31   3  15   4]
 [  3  31 140  13  11   3]
 [  1  12  24 167   4   3]
 [  9  11   5   7 139   8]
 [  1   6  23   7  13 103]]";384;[50 68 63 81 61 61]
1414;CiteSeer;own;1;0.2;64;0.5;1;0.005;167894674;0.9923076923076923;0.9915951481860117;"[[51  0  0  0  0  0]
 [ 1 69  0  0  0  0]
 [ 1  0 63  0  0  0]
 [ 0  0  0 81  0  0]
 [ 0  0  0  0 61  0]
 [ 0  0  0  0  1 62]]";0.8073347107438017;0.7600876244481535;"[[ 37  37  10   8  17   6]
 [  4 283  33   6  13   7]
 [  1  39 342  22   9   4]
 [  4  18  29 350   6   5]
 [  6  10   4   7 335   9]
 [  1  10  25   3  20 216]]";0.6673326673326674;0.6166295844470994;"[[ 12  29  10  10  13   6]
 [ 13 113  29   4  13   5]
 [  3  34 137  13  11   3]
 [  1  16  23 162   6   3]
 [  8  11   7   6 139   8]
 [  1   6  23   5  13 105]]";390;[51 70 64 81 61 63]
1415;CiteSeer;own;1;0.2;64;0.5;1;0.005;167894674;0.9873737373737373;0.9869495843689805;"[[50  0  1  0  0  0]
 [ 0 70  0  0  0  0]
 [ 1  1 66  0  0  0]
 [ 0  0  1 82  0  0]
 [ 0  0  0  0 61  0]
 [ 0  0  0  0  1 62]]";0.8103626943005181;0.7602700111128765;"[[ 35  38  11   8  16   5]
 [  4 281  32   6  13   7]
 [  2  35 346  21   9   4]
 [  4  18  25 353   6   4]
 [  6  11   4   9 333   9]
 [  1   9  29   3  17 216]]";0.6693306693306693;0.618140901370538;"[[ 12  29  10  10  13   6]
 [ 13 110  31   3  15   5]
 [  2  30 144  13  11   1]
 [  1  15  24 161   7   3]
 [  8  12   7   6 138   8]
 [  1   6  23   6  12 105]]";396;[51 70 68 83 61 63]
1416;CiteSeer;own;1;0.2;64;0.5;1;0.005;167894674;0.9975124378109452;0.9971507942161123;"[[50  0  1  0  0  0]
 [ 0 72  0  0  0  0]
 [ 0  0 69  0  0  0]
 [ 0  0  0 84  0  0]
 [ 0  0  0  0 62  0]
 [ 0  0  0  0  0 64]]";0.8139293139293139;0.7633983591969237;"[[ 35  37   9   8  15   7]
 [  4 282  31   7  11   7]
 [  2  31 349  25   8   3]
 [  5  16  26 352   6   4]
 [  6  11   3   9 333   9]
 [  1   8  26   6  17 215]]";0.6713286713286714;0.6191036915927915;"[[ 12  27  10  10  14   7]
 [ 11 110  32   5  14   5]
 [  2  25 144  15  11   4]
 [  2  15  23 161   7   3]
 [  8  11   6   8 140   6]
 [  1   7  22   6  12 105]]";402;[51 72 69 84 62 64]
1417;CiteSeer;own;1;0.2;64;0.5;1;0.005;167894674;0.9926470588235294;0.9921728978615564;"[[49  0  1  1  0  0]
 [ 0 72  1  0  0  0]
 [ 0  0 69  0  0  0]
 [ 0  0  0 86  0  0]
 [ 0  0  0  0 64  0]
 [ 0  0  0  0  0 65]]";0.8164754953076121;0.7670454483797395;"[[ 36  37   7   8  16   6]
 [  5 279  30   8  12   7]
 [  1  30 351  26   7   3]
 [  4  14  25 355   6   4]
 [  6  10   3  10 334   8]
 [  1   9  26   5  18 211]]";0.6813186813186813;0.6271662815396662;"[[ 12  27  10  11  13   7]
 [ 13 111  31   4  13   5]
 [  2  24 145  15  11   4]
 [  1  14  20 167   6   3]
 [  8  10   6   8 143   4]
 [  1   8  22   5  13 104]]";408;[51 73 69 86 64 65]
1418;CiteSeer;own;1;0.2;64;0.5;1;0.005;167894674;0.9903381642512077;0.9895978791964016;"[[52  0  1  0  0  0]
 [ 0 73  1  0  0  0]
 [ 1  0 68  0  0  0]
 [ 0  0  0 86  0  0]
 [ 0  0  0  0 64  1]
 [ 0  0  0  0  0 67]]";0.8179916317991632;0.7674076030052689;"[[ 36  38   7   8  15   6]
 [  7 273  29   8  15   7]
 [  2  28 352  23   7   3]
 [  4  14  26 353   7   4]
 [  6   9   3   6 337   9]
 [  1   8  26   4  18 213]]";0.6783216783216783;0.6310990809335998;"[[ 15  27   9   9  13   7]
 [ 14 111  30   4  12   6]
 [  4  25 143  14  11   4]
 [  1  14  24 162   7   3]
 [  9   8   7   9 142   4]
 [  1   6  23   4  13 106]]";414;[53 74 69 86 65 67]
1419;CiteSeer;own;1;0.2;64;0.5;1;0.005;167894674;0.9880952380952381;0.9867706981573324;"[[53  0  2  0  0  0]
 [ 1 73  0  0  0  0]
 [ 1  0 69  0  0  0]
 [ 0  0  0 87  0  0]
 [ 0  0  0  0 65  1]
 [ 0  0  0  0  0 68]]";0.8200419727177335;0.7694589645798301;"[[ 36  34   9   9  15   5]
 [  7 272  31   9  12   6]
 [  4  24 359  21   7   2]
 [  5  18  27 347   5   4]
 [  6   9   3   6 335  11]
 [  1   8  26   4  15 214]]";0.6783216783216783;0.6326542108833934;"[[ 16  27   8   9  13   7]
 [ 15 110  29   5  13   5]
 [  6  20 147  14  11   3]
 [  1  14  25 160   8   3]
 [ 10  10   7   7 140   5]
 [  1   7  23   4  12 106]]";420;[55 74 70 87 66 68]
