;dataset_name;sampler_name;entropy_pagerank_weighting;label_propagation_uncertainty_treshold;hidden_dim_size;dropout;distance_loss_weight;learning_rate;seed;labeled accuracy;labeled macro-f1;labeled confusion;unlabeled accuracy;unlabeled macro-f1;unlabeled confusion;test accuracy;test macro-f1;test confusion;budget used;class distrubution
0;Cora;own;0.5;0.2;64;0.5;1;0.005;20795212;0.0;0.0;[[]];0.1427815970386039;0.09455894499607427;"[[ 95  16   1  16 113   2   2]
 [ 41  37   0   2  61   9   1]
 [ 29  69   0  22 145  23   4]
 [175  81   3   6 276  19  12]
 [ 85  46   4   9 132   3  19]
 [ 46  18   8   0 135   0   1]
 [ 20  11   7   3  84   0   0]]";0.1419828641370869;0.0925337535462661;"[[ 36  10   1   8  48   1   2]
 [ 19  15   0   0  26   4   2]
 [ 13  36   0   5  61  10   1]
 [ 75  27   2   4 122   8   8]
 [ 30  18   1  11  61   0   7]
 [ 25   8   1   0  56   0   0]
 [  9   5   4   0  37   0   0]]";0;[]
1;Cora;own;0.5;0.2;64;0.5;1;0.005;20795212;0.7142857142857143;0.5833333333333334;"[[0 1 0 0 0 0]
 [0 1 0 0 0 0]
 [0 1 0 0 0 0]
 [0 0 0 2 0 0]
 [0 0 0 0 1 0]
 [0 0 0 0 0 1]]";0.32643312101910826;0.1924007001373918;"[[  0   0  64   0   0 154   0]
 [  0   0 120   0   0   5   0]
 [  0   0 326   0   0   7   0]
 [  0   0 453   5   0  99   0]
 [  0   0  88   0  53 148   0]
 [  0   0  23   0   0 225   0]
 [  0   0  21   0   0  87   6]]";0.27539779681762544;0.1533914540666095;"[[  0   0  33   0   0  73   0]
 [  0   0  65   0   0   1   0]
 [  0   0 124   0   0   2   0]
 [  0   0 195   2   0  49   0]
 [  0   0  52   0  18  58   0]
 [  0   0   9   0   0  81   0]
 [  0   0  13   0   0  42   0]]";7;[0 1 1 1 2 1 1]
2;Cora;own;0.5;0.2;64;0.5;1;0.005;20795212;0.6428571428571429;0.5;"[[0 1 0 0 0 0]
 [0 1 0 0 0 0]
 [0 1 0 2 1 0]
 [0 0 0 5 0 0]
 [0 0 0 0 1 0]
 [0 0 0 0 0 2]]";0.4384656366542355;0.292029275162196;"[[  0   0  28   0  80  89   0]
 [  0   0 114   0   6   5   0]
 [  0   0 318   0   1   7   0]
 [  0   0 212   0 284  57   0]
 [  0   0  12   0 273  34   0]
 [  0   0  26   0   7 213   0]
 [  0   0   6   0   3  83  19]]";0.37576499388004897;0.2388860575598532;"[[  0   0  16   0  40  50   0]
 [  0   0  61   0   3   2   0]
 [  0   0 122   0   0   4   0]
 [  0   0  90   0 135  21   0]
 [  0   0   7   0 106  15   0]
 [  0   0  12   0   2  76   0]
 [  0   0  10   0   1  41   3]]";14;[0 1 1 4 5 1 2]
3;Cora;own;0.5;0.2;64;0.5;1;0.005;20795212;0.5238095238095238;0.3984126984126985;"[[0 1 0 0 0 0]
 [0 1 0 0 0 0]
 [0 2 0 3 3 0]
 [0 0 0 6 0 0]
 [0 0 0 0 1 0]
 [0 0 0 0 1 3]]";0.4219251336898396;0.2941697287895072;"[[  0   0  37   0  23 136   0]
 [  0   0 112   0   1   9   0]
 [  0   0 318   0   0   7   0]
 [  0   0 250   0 173 141   2]
 [  0   0  16   0 226  64   0]
 [  0   0  25   0   1 220   0]
 [  0   0   2   0   0  82  25]]";0.36964504283965727;0.2690276684311892;"[[  0   0  23   0   7  76   0]
 [  0   0  63   0   1   2   0]
 [  0   0 121   0   0   5   0]
 [  0   0 109   0  82  55   0]
 [  0   0   8   0  92  28   0]
 [  0   0  12   0   1  77   0]
 [  0   0   1   0   0  42  12]]";21;[0 1 1 8 6 1 4]
4;Cora;own;0.5;0.2;64;0.5;1;0.005;20795212;0.8214285714285714;0.6609686609686609;"[[ 0  0  0  1  0  0  0]
 [ 0  0  0  2  0  0  0]
 [ 0  0  1  0  0  0  0]
 [ 0  0  0 11  0  0  0]
 [ 0  0  0  1  6  0  0]
 [ 0  0  0  0  0  1  0]
 [ 0  0  0  1  0  0  4]]";0.5942028985507246;0.4361923688982334;"[[  0   0   4 177   0  12   0]
 [  0   0  55 107   0   7   0]
 [  0   0 276  21   0   3   0]
 [  0   0   6 540   2   5   0]
 [  0   0   0 178 118   4   0]
 [  0   0  11  76   0 152   0]
 [  0   0   0  73   0  15  21]]";0.5520195838433293;0.38866776293856997;"[[  0   0   2  95   0   9   0]
 [  0   0  21  44   0   1   0]
 [  0   0 112  11   0   3   0]
 [  0   0   2 242   2   0   0]
 [  0   0   0  83  44   1   0]
 [  0   0   6  37   0  47   0]
 [  0   0   0  37   0  12   6]]";28;[ 1  2  1 11  7  1  5]
5;Cora;own;0.5;0.2;64;0.5;1;0.005;20795212;0.8285714285714286;0.5917748917748916;"[[ 0  0  0  0  2  1  0]
 [ 0  0  2  0  0  0  0]
 [ 0  0  2  0  0  0  0]
 [ 0  0  0 11  0  0  0]
 [ 0  0  0  0  9  0  0]
 [ 0  0  0  0  0  2  0]
 [ 0  0  0  0  0  1  5]]";0.6551724137931034;0.4670977369915968;"[[  0   0  29  28  54  92   0]
 [  0   0 122  18  11  15   0]
 [  0   0 294   2   0   3   0]
 [  0   0  18 421  72  34   2]
 [  0   0   0   6 273  20   0]
 [  0   0  21   6   1 206   0]
 [  0   0   4   6   0  76  22]]";0.616891064871481;0.44369067010159496;"[[  0   0  21  20  15  50   0]
 [  0   0  54   6   3   3   0]
 [  0   0 122   1   0   3   0]
 [  0   0   9 181  44  12   0]
 [  0   0   2   3 114   9   0]
 [  0   0  11   2   1  76   0]
 [  0   0   2   4   2  36  11]]";35;[ 3  2  2 11  9  2  6]
6;Cora;own;0.5;0.2;64;0.5;1;0.005;20795212;0.7857142857142857;0.5763125763125763;"[[ 0  0  0  0  2  2  0]
 [ 0  0  2  0  0  2  0]
 [ 0  0  3  0  0  0  0]
 [ 0  0  0 11  0  0  0]
 [ 0  0  0  0 11  0  0]
 [ 0  0  0  0  0  2  0]
 [ 0  0  0  0  0  1  6]]";0.6652244456462953;0.47492668481417677;"[[  0   0  11  63  53  70   0]
 [  0   0  83  40  21  28   0]
 [  0   0 282   8   1   2   0]
 [  0   0   9 436  67  21   2]
 [  0   0   0   9 287  16   0]
 [  0   0  12  16   1 204   0]
 [  0   0   1  18   0  67  21]]";0.6291309669522643;0.4536873840445269;"[[  0   0  10  34  20  42   0]
 [  0   0  40  16   4   6   0]
 [  0   0 120   1   0   5   0]
 [  0   0   4 189  47   6   0]
 [  0   0   0   3 118   7   0]
 [  0   0   7   6   1  76   0]
 [  0   0   1   9   2  32  11]]";42;[ 4  4  3 11 11  2  7]
7;Cora;own;0.5;0.2;64;0.5;1;0.005;20795212;0.8571428571428571;0.7628066378066378;"[[ 0  0  1  4  0  0  0]
 [ 0  5  0  0  0  0  0]
 [ 0  0  4  0  0  0  0]
 [ 0  0  0 13  0  0  0]
 [ 0  0  0  0 11  0  0]
 [ 0  0  0  0  0  2  0]
 [ 0  1  0  0  0  1  7]]";0.7242128121606949;0.6008229573261605;"[[  0  10   8 115  21  41   0]
 [  0 130  17  13   1   7   0]
 [  0   3 279   8   1   3   0]
 [  0  11   6 469  47  13   2]
 [  0   5   0  15 270  15   0]
 [  0   8  21  25   1 166   0]
 [  0   0   5  37   0  49  20]]";0.6842105263157895;0.5777362949089703;"[[  0   9   6  55   4  32   0]
 [  0  53   7   5   0   1   0]
 [  0   1 120   2   0   3   0]
 [  0   5   3 202  35   1   0]
 [  0   4   1   7 111   5   0]
 [  0   6   8  13   1  62   0]
 [  0   0   4  14   0  26  11]]";49;[ 5  5  4 13 11  2  9]
8;Cora;own;0.5;0.2;64;0.5;1;0.005;20795212;0.9642857142857143;0.9627366097954333;"[[ 8  0  0  0  0  0  0]
 [ 0  5  0  0  0  0  0]
 [ 0  0  5  0  0  0  0]
 [ 0  0  0 13  0  0  0]
 [ 0  0  0  0 12  0  0]
 [ 0  0  0  0  0  3  0]
 [ 1  1  0  0  0  0  8]]";0.7885558583106267;0.73937591917412;"[[177   2   4  21   4  10   0]
 [  5 144  13   5   0   1   0]
 [  2   8 273   8   0   2   0]
 [ 56  12  11 417  38   4   2]
 [ 25   6   0   4 250   7   0]
 [ 29  13   8   7   1 160   0]
 [ 58   2   0   3   0  17  26]]";0.7258261933904528;0.6763749756514105;"[[ 75   3   3  13   2  10   0]
 [  4  53   6   3   0   0   0]
 [  3   7 113   3   0   0   0]
 [ 21  10   4 182  29   0   0]
 [ 10   6   1   6 102   3   0]
 [ 16   8   4   6   1  55   0]
 [ 23   0   0   3   0  16  13]]";56;[ 8  5  5 13 12  3 10]
9;Cora;own;0.5;0.2;64;0.5;1;0.005;20795212;0.9682539682539683;0.9665360031492755;"[[ 8  0  0  0  0  0  0]
 [ 0  5  0  0  0  0  0]
 [ 0  0  6  0  0  0  0]
 [ 0  0  0 18  0  0  0]
 [ 0  0  0  1 11  0  0]
 [ 0  0  0  0  0  4  0]
 [ 0  0  0  0  0  1  9]]";0.7986870897155361;0.7614665472569782;"[[163   2   8  20   2  24   0]
 [  3 117  13   8   0   2   0]
 [  1   6 282   9   0   5   0]
 [ 26  11  22 472  31  13   1]
 [ 22   7   0  15 217   8   0]
 [ 18   4  12  12   1 169   0]
 [ 20   1   3   5   0  33  40]]";0.7466340269277846;0.706573754623683;"[[ 71   3   3  13   1  15   0]
 [  0  52   8   5   0   1   0]
 [  1   2 116   6   0   1   0]
 [ 12   6   8 196  20   4   0]
 [ 10   6   1   9  99   3   0]
 [ 14   5   8   6   0  57   0]
 [  6   0   2   4   0  24  19]]";63;[ 8  5  6 18 12  4 10]
10;Cora;own;0.5;0.2;64;0.5;1;0.005;20795212;0.9428571428571428;0.9479401110245664;"[[ 8  0  0  1  0  0  0]
 [ 0  5  0  0  0  0  0]
 [ 0  0  7  0  0  0  0]
 [ 1  0  0 20  0  0  0]
 [ 0  0  0  1 12  0  0]
 [ 0  0  0  0  0  5  0]
 [ 0  0  0  0  0  1  9]]";0.7979132344865458;0.751409997384633;"[[149   1   7  39   2  30   0]
 [  2 105  16  12   0   4   0]
 [  1   3 293  15   1   2   0]
 [ 21   5  10 475  21  13   1]
 [ 14   7   0  27 212  10   0]
 [  6   4  12  10   2 187   0]
 [  9   0   1  18   0  42  32]]";0.7490820073439413;0.7018091617457627;"[[ 62   1   5  21   1  16   0]
 [  0  44  13   7   0   2   0]
 [  0   0 118   8   0   0   0]
 [  8   2  10 205  18   3   0]
 [  6   6   1   8 100   7   0]
 [  6   2   8   7   0  67   0]
 [  3   0   1  10   0  25  16]]";70;[ 9  5  7 21 13  5 10]
11;Cora;own;0.5;0.2;64;0.5;1;0.005;20795212;0.948051948051948;0.9576313729626217;"[[11  0  0  0  0  0  0]
 [ 0  6  0  0  0  0  0]
 [ 0  0  8  0  0  0  0]
 [ 2  0  0 20  0  0  0]
 [ 0  0  0  1 13  0  0]
 [ 0  0  0  0  0  5  0]
 [ 0  0  1  0  0  0 10]]";0.7883131201764058;0.7452150041575659;"[[201   1  14  21   3   7   0]
 [  5 104  16   7   0   1   0]
 [ 13   3 327  11   1   7   0]
 [ 49  10  13 420  24   0   1]
 [ 32   9   0  13 216   0   0]
 [ 30   5  18   4   1 132   0]
 [ 44   0   5   7   0   9  30]]";0.7392900856793145;0.6934054856316457;"[[ 79   1   9   8   2   7   0]
 [  4  45  14   3   0   0   0]
 [  1   0 122   3   0   0   0]
 [ 19   4  15 186  22   0   0]
 [ 13   8   0   2 103   2   0]
 [ 19   4   9   5   0  53   0]
 [ 27   0   1   3   0   8  16]]";77;[11  6  8 22 14  5 11]
12;Cora;own;0.5;0.2;64;0.5;1;0.005;20795212;0.9761904761904762;0.9829103305490111;"[[11  0  0  0  0  0  0]
 [ 0  7  0  0  0  0  0]
 [ 0  0  9  0  0  0  0]
 [ 1  0  0 23  0  0  0]
 [ 0  0  0  1 14  0  0]
 [ 0  0  0  0  0  6  0]
 [ 0  0  0  0  0  0 12]]";0.8096292197011622;0.7613743506493299;"[[193   1  15  20   4  16   0]
 [  5 110  14   8   0   3   0]
 [  7   0 327  11   0   6   0]
 [ 32   8  13 435  16   5   1]
 [ 19   7   0  13 222  10   0]
 [ 18   4  17   5   1 146   0]
 [ 41   0   4   4   0  16  30]]";0.7478580171358629;0.696360560059987;"[[ 71   1   9  11   2  12   0]
 [  2  46  12   6   0   0   0]
 [  1   0 123   2   0   0   0]
 [ 14   2  14 199  17   0   0]
 [ 11  10   0   2  99   6   0]
 [ 20   3   8   2   0  57   0]
 [ 23   0   2   2   0  12  16]]";84;[11  7  9 24 15  6 12]
13;Cora;own;0.5;0.2;64;0.5;1;0.005;20795212;0.967032967032967;0.9766756513926326;"[[12  0  0  0  0  0  0]
 [ 0  7  0  0  0  0  0]
 [ 0  0 10  0  0  0  0]
 [ 1  0  0 25  1  0  0]
 [ 0  0  0  1 14  0  0]
 [ 0  0  0  0  0  7  0]
 [ 0  0  0  0  0  0 13]]";0.8177777777777778;0.7665604817390659;"[[224   1  11  12   4   8   0]
 [  5 108  14   9   0   2   0]
 [  2   0 324   5   0   4   0]
 [ 52   4  15 436   8   5   1]
 [ 28   8   0  13 210   9   0]
 [ 22   3  13   5   1 145   0]
 [ 46   0   3   3   0  12  25]]";0.7405140758873929;0.6852864947459647;"[[ 77   1   8  11   1   8   0]
 [  3  44  13   6   0   0   0]
 [  1   0 123   2   0   0   0]
 [ 21   1  14 197  13   0   0]
 [ 13   8   1   3  98   5   0]
 [ 28   2   6   1   0  53   0]
 [ 30   0   1   1   0  10  13]]";91;[12  7 10 27 15  7 13]
14;Cora;own;0.5;0.2;64;0.5;1;0.005;20795212;0.9795918367346939;0.9847513109804545;"[[12  0  0  0  0  0  0]
 [ 0  8  0  0  0  0  0]
 [ 0  0 11  0  0  0  0]
 [ 1  0  0 28  0  0  0]
 [ 0  0  0  1 15  0  0]
 [ 0  0  0  0  0  8  0]
 [ 0  0  0  0  0  0 14]]";0.8120468488566648;0.7722815115829075;"[[198   5  10  14   5  12   0]
 [  3 124  11   9   0   1   0]
 [  1   0 316   8   1   2   0]
 [ 38  12  15 433  10   7   2]
 [ 24  10   0  17 209   9   0]
 [ 22   4  15   6   1 138   1]
 [ 41   0   3   4   0  14  38]]";0.7600979192166463;0.7195767740262232;"[[ 72   3   8  11   2  10   0]
 [  2  52   8   4   0   0   0]
 [  1   0 124   1   0   0   0]
 [ 16   8  11 201  10   0   0]
 [ 10  12   2   4  95   5   0]
 [ 24   5   4   2   0  55   0]
 [ 19   0   2   1   0  11  22]]";98;[12  8 11 29 16  8 14]
15;Cora;own;0.5;0.2;64;0.5;1;0.005;20795212;0.9714285714285714;0.978601944503584;"[[12  0  0  0  0  0  0]
 [ 0  9  0  0  0  0  0]
 [ 0  0 12  0  0  0  0]
 [ 1  0  0 29  0  0  0]
 [ 0  0  0  1 16  0  0]
 [ 0  0  0  0  0  8  0]
 [ 0  0  0  1  0  0 16]]";0.8253079507278835;0.8008139294975003;"[[184   5   6  14   5   9   6]
 [  3 125  11   8   0   2   0]
 [  1   0 314   8   1   3   0]
 [ 40  11  15 442   4   5   3]
 [ 21   8   0  17 205   7   3]
 [ 25   4  10   4   1 134   6]
 [ 29   0   2   3   2  10  70]]";0.773561811505508;0.741598727147832;"[[ 69   3   8  11   2   7   6]
 [  1  52   8   4   0   0   1]
 [  1   0 124   1   0   0   0]
 [ 15   8  10 205   8   0   0]
 [ 10  12   2   6  94   4   0]
 [ 22   5   2   2   0  53   6]
 [ 10   0   2   1   0   7  35]]";105;[12  9 12 30 17  8 17]
16;Cora;own;0.5;0.2;64;0.5;1;0.005;20795212;0.9732142857142857;0.9797258604934511;"[[12  0  0  0  0  0  0]
 [ 0 10  0  0  0  0  0]
 [ 0  0 12  0  0  0  0]
 [ 0  0  1 32  0  0  0]
 [ 0  0  0  1 17  0  0]
 [ 0  0  0  0  0  9  0]
 [ 0  0  0  1  0  0 17]]";0.836424957841484;0.8145710350017279;"[[152   5   9  23   3  11   9]
 [  1 121  11   9   0   2   2]
 [  0   0 312   7   0   2   0]
 [ 17   6  18 467   7   7   4]
 [ 21   6   0  15 205   7   6]
 [ 30   3  10   3   1 135   9]
 [ 11   0   1   6   2   7  96]]";0.7906976744186046;0.759603812033905;"[[ 63   3  10  13   1   6  10]
 [  0  51   8   5   0   0   2]
 [  0   0 125   1   0   0   0]
 [  7   6  10 213   9   1   0]
 [  8  10   3   7  95   4   1]
 [ 18   3   3   2   0  55   9]
 [  2   0   2   1   0   6  44]]";112;[12 10 12 33 18  9 18]
17;Cora;own;0.5;0.2;64;0.5;1;0.005;20795212;0.9831932773109243;0.984199629508554;"[[13  0  0  0  0  0  0]
 [ 0 11  0  0  0  0  0]
 [ 0  0 13  0  0  0  0]
 [ 0  0  0 34  0  0  0]
 [ 0  1  0  1 18  0  0]
 [ 0  0  0  0  0 10  0]
 [ 0  0  0  0  0  0 18]]";0.8448081264108352;0.8250749081998938;"[[158   8   8  25   5   4  12]
 [  4 124  11   3   1   0   0]
 [  0   2 309   7   0   2   0]
 [ 14   7  19 474   5   0   7]
 [ 19  15   1  19 190   6   7]
 [ 24   7   6   3   1 130  14]
 [  3   0   1   4   0   1 112]]";0.7821297429620563;0.7512242236739434;"[[ 62   3   9  15   1   5  11]
 [  2  51   9   3   0   0   1]
 [  0   0 124   2   0   0   0]
 [  7   8  11 210   7   0   3]
 [  6  14   2   9  92   4   1]
 [ 14   5   2   3   0  53  13]
 [  1   0   0   4   0   3  47]]";119;[13 11 13 34 20 10 18]
18;Cora;own;0.5;0.2;64;0.5;1;0.005;20795212;0.9841269841269841;0.9893362750505608;"[[14  0  0  0  0  0  0]
 [ 0 11  0  0  0  0  0]
 [ 0  0 13  0  0  0  0]
 [ 0  0  0 36  0  0  0]
 [ 0  0  0  2 20  0  0]
 [ 0  0  0  0  0 12  0]
 [ 0  0  0  0  0  0 18]]";0.854957507082153;0.8390333472264659;"[[161   8   8  24   5   4  10]
 [  3 119  11   3   2   0   0]
 [  0   0 307  10   0   3   0]
 [ 14   6  12 474   8   1   9]
 [ 19   7   0  19 204   6   5]
 [ 26   3   7   2   1 132  11]
 [  4   0   0   4   0   1 112]]";0.7968176254589964;0.7674730719717596;"[[ 64   3   8  14   1   5  11]
 [  2  51   9   3   0   0   1]
 [  0   0 124   2   0   0   0]
 [  8   7   7 212   9   0   3]
 [  5   6   1   9 101   5   1]
 [ 15   4   2   5   0  53  11]
 [  1   0   0   4   0   4  46]]";126;[14 11 13 36 22 12 18]
19;Cora;own;0.5;0.2;64;0.5;1;0.005;20795212;0.9774436090225563;0.9801318976474256;"[[17  0  0  0  0  0  0]
 [ 0 11  0  0  0  0  0]
 [ 0  0 14  0  0  0  0]
 [ 0  0  0 36  0  1  0]
 [ 1  0  0  1 22  0  0]
 [ 0  0  0  0  0 12  0]
 [ 0  0  0  0  0  0 18]]";0.850967007963595;0.8357623922488788;"[[172   9  10  23   3   3   8]
 [  3 118  11   4   2   0   0]
 [  1   0 312   7   0   1   0]
 [ 17   8  16 447  11   1   9]
 [ 18   7   0  17 212   6   4]
 [ 24   7   6   3   0 128  11]
 [  5   0   1   3   0   3 107]]";0.791921664626683;0.7682611210797896;"[[ 69   3   8  12   1   3  10]
 [  2  51   9   3   0   0   1]
 [  0   0 124   2   0   0   0]
 [ 10   8  12 203  11   0   2]
 [  6   4   4   7 102   4   1]
 [ 18   6   2   4   0  53   7]
 [  3   0   0   4   0   3  45]]";133;[17 11 14 37 24 12 18]
20;Cora;own;0.5;0.2;64;0.5;1;0.005;20795212;0.9785714285714285;0.9810011515274673;"[[18  0  0  0  0  0  1]
 [ 0 12  0  0  0  0  0]
 [ 0  0 15  0  0  0  0]
 [ 0  0  0 37  0  0  0]
 [ 1  0  0  1 24  0  0]
 [ 0  0  0  0  0 13  0]
 [ 0  0  0  0  0  0 18]]";0.8418046830382638;0.823052518247496;"[[177   7   9  23   4   3   8]
 [  3 115  12   4   2   0   0]
 [  1   0 308  10   0   0   0]
 [ 18  10  13 450  11   0   7]
 [ 23   7   0  18 208   4   5]
 [ 27   8   5   3   0 127   9]
 [ 12   0   1   7   0   3  89]]";0.791921664626683;0.7678632319905017;"[[ 72   3   7  12   2   3   7]
 [  2  52   9   3   0   0   0]
 [  1   0 123   2   0   0   0]
 [ 10   8   9 205  13   0   1]
 [  7   4   4   7 102   4   0]
 [ 20   6   2   3   0  53   6]
 [  7   0   0   5   0   3  40]]";140;[19 12 15 37 26 13 18]
21;Cora;own;0.5;0.2;64;0.5;1;0.005;20795212;0.9659863945578231;0.9691867177493008;"[[20  0  0  0  0  0  1]
 [ 0 13  0  0  0  0  0]
 [ 0  0 16  0  0  0  0]
 [ 0  0  1 37  0  0  0]
 [ 1  0  0  1 24  0  1]
 [ 0  0  0  0  0 14  0]
 [ 0  0  0  0  0  0 18]]";0.8331422018348624;0.814297654101769;"[[179   7  11  30   1   2   7]
 [  3 112  13   4   2   0   0]
 [  1   0 298   9   0   0   0]
 [ 22   9  13 447   6   1   8]
 [ 26   7   0  18 203   6   5]
 [ 29   8   7   2   0 130   9]
 [ 13   0   2   6   0   4  84]]";0.7894736842105263;0.7636250894795164;"[[ 72   3   7  12   1   4   7]
 [  2  52   9   3   0   0   0]
 [  1   0 123   2   0   0   0]
 [ 10   8   9 207  11   0   1]
 [  9   5   4   7  98   4   1]
 [ 19   5   2   4   0  53   7]
 [  6   0   1   4   0   4  40]]";147;[21 13 16 38 27 14 18]
22;Cora;own;0.5;0.2;64;0.5;1;0.005;20795212;0.948051948051948;0.9449965285073401;"[[20  0  0  0  0  0  1]
 [ 0 14  0  0  0  0  0]
 [ 0  0 16  0  0  0  0]
 [ 0  0  0 39  0  0  0]
 [ 0  1  0  2 25  0  1]
 [ 0  0  1  0  0 14  1]
 [ 0  0  0  0  0  1 18]]";0.8341968911917098;0.8133547007735998;"[[181   7  11  26   1   4   4]
 [  2 113  12   4   2   0   0]
 [  1   0 299   7   0   0   0]
 [ 21  10  14 442   9   1   9]
 [ 26  10   0  15 201   6   5]
 [ 30   9   5   1   0 130   8]
 [ 13   0   2   4   0   9  83]]";0.7906976744186046;0.7648660772517751;"[[ 76   3   5  10   1   6   5]
 [  1  53   9   3   0   0   0]
 [  1   2 121   2   0   0   0]
 [  8   7  12 206  11   0   2]
 [  9   6   4   6  95   7   1]
 [ 20   6   1   2   0  55   6]
 [  5   0   1   2   0   7  40]]";154;[21 14 16 39 29 16 19]
23;Cora;own;0.5;0.2;64;0.5;1;0.005;20795212;0.9440993788819876;0.9452752234225804;"[[20  0  0  1  0  0  1]
 [ 0 15  0  0  0  0  0]
 [ 0  0 17  0  0  0  0]
 [ 1  0  0 39  0  0  0]
 [ 0  1  0  2 26  0  1]
 [ 0  0  1  0  0 15  1]
 [ 0  0  0  0  0  0 20]]";0.8410404624277457;0.825032583696153;"[[185   7   9  27   1   5   2]
 [  1 112  11   4   1   0   0]
 [  1   0 298   7   0   0   0]
 [ 20  10  14 437  16   0   8]
 [ 26   9   0  12 207   6   4]
 [ 29   9   4   1   0 129   8]
 [ 14   0   1   4   0   4  87]]";0.799265605875153;0.7792720081219205;"[[ 76   3   4  12   1   6   4]
 [  1  54   8   3   0   0   0]
 [  1   2 121   2   0   0   0]
 [  9   6  10 206  13   0   2]
 [  9   7   3   6  98   5   0]
 [ 18   5   1   4   0  55   7]
 [  6   0   0   4   0   2  43]]";161;[22 15 17 40 30 17 20]
24;Cora;own;0.5;0.2;64;0.5;1;0.005;20795212;0.9404761904761905;0.9428966961801403;"[[21  0  0  0  0  0  1]
 [ 0 15  0  0  0  0  0]
 [ 0  0 17  1  0  0  0]
 [ 1  1  0 41  0  0  0]
 [ 1  1  0  2 26  0  1]
 [ 0  0  0  0  0 18  1]
 [ 0  0  0  0  0  0 20]]";0.8438769587928032;0.8253355429842871;"[[182   6   9  28   1   5   3]
 [  2 108  10   4   0   0   1]
 [  1   0 298   5   0   0   0]
 [ 20   8  15 447  10   0   7]
 [ 24   9   0  15 205   6   6]
 [ 31   7   3   1   0 133   7]
 [ 16   0   0   5   0   4  81]]";0.8053855569155447;0.7881495982738055;"[[ 76   3   5  12   1   5   4]
 [  1  54   8   3   0   0   0]
 [  1   2 122   1   0   0   0]
 [  9   6  11 208  10   0   2]
 [  9   6   4   7  97   5   0]
 [ 19   4   2   4   0  55   6]
 [  5   0   0   3   0   1  46]]";168;[22 15 18 43 31 19 20]
25;Cora;own;0.5;0.2;64;0.5;1;0.005;20795212;0.9485714285714286;0.9517582561060822;"[[21  0  0  0  0  0  1]
 [ 0 16  0  0  0  0  0]
 [ 0  0 18  1  0  0  0]
 [ 1  0  0 43  0  0  0]
 [ 1  0  0  2 28  0  1]
 [ 0  0  0  0  0 19  1]
 [ 1  0  0  0  0  0 21]]";0.8426573426573427;0.8254062266375586;"[[180   7  10  23   3   6   2]
 [  2 108   9   4   0   1   0]
 [  1   0 294   6   0   3   0]
 [ 26   5  16 445  12   1   5]
 [ 22   7   0  15 208   6   5]
 [ 30   6   2   1   0 133   7]
 [ 18   0   1   2   0   6  78]]";0.806609547123623;0.7885764926177158;"[[ 76   3   5  11   1   5   5]
 [  1  54   8   3   0   0   0]
 [  1   0 124   1   0   0   0]
 [  8   4  11 206  13   2   2]
 [  8   5   4   6 100   5   0]
 [ 19   4   3   4   0  54   6]
 [  5   0   0   3   0   2  45]]";175;[22 16 19 44 32 20 22]
26;Cora;own;0.5;0.2;64;0.5;1;0.005;20795212;0.945054945054945;0.9458675458201747;"[[21  0  0  0  0  0  1]
 [ 0 17  0  0  0  0  0]
 [ 0  0 18  1  0  0  0]
 [ 1  0  0 44  0  0  0]
 [ 2  0  0  1 29  0  1]
 [ 0  0  0  0  0 20  1]
 [ 1  0  1  0  0  0 23]]";0.8513750731421884;0.8356075267795129;"[[186   7  10  14   4   6   3]
 [  3 108   8   4   0   1   0]
 [  1   1 293   6   0   3   0]
 [ 22   7  16 440  16   1   7]
 [ 20   5   0  14 211   6   6]
 [ 28   7   1   1   0 133   8]
 [ 13   0   0   2   0   3  84]]";0.8090575275397797;0.7902945534718592;"[[ 76   3   4  10   1   6   6]
 [  1  54   8   3   0   0   0]
 [  1   2 122   1   0   0   0]
 [ 12   3   9 203  13   3   3]
 [  7   5   2   5 104   5   0]
 [ 18   5   2   2   0  55   8]
 [  5   0   0   2   0   1  47]]";182;[22 17 19 45 33 21 25]
27;Cora;own;0.5;0.2;64;0.5;1;0.005;20795212;0.9629629629629629;0.9644476454804162;"[[21  0  0  0  0  0  1]
 [ 0 18  0  0  0  0  0]
 [ 0  0 19  0  0  0  0]
 [ 1  0  0 46  0  0  0]
 [ 1  0  0  2 31  0  0]
 [ 0  0  0  0  0 22  1]
 [ 0  0  1  0  0  0 25]]";0.8584018801410106;0.8466207329454843;"[[181   8   8  14   7   6   3]
 [  3 109   8   4   0   1   0]
 [  1   0 293   4   0   3   0]
 [ 23   8  15 438  16   1   8]
 [ 18   3   0  15 219   5   1]
 [ 28   4   1   3   0 135   6]
 [ 10   0   0   2   0   4  86]]";0.817625458996328;0.801253427569321;"[[ 76   3   5  10   2   5   5]
 [  1  54   8   3   0   0   0]
 [  1   2 122   1   0   0   0]
 [ 14   3   9 205  11   2   2]
 [  6   3   3   6 107   3   0]
 [ 17   5   2   2   0  56   8]
 [  5   0   0   1   0   1  48]]";189;[22 18 19 47 34 23 26]
28;Cora;own;0.5;0.2;64;0.5;1;0.005;20795212;0.9591836734693877;0.9582379764940716;"[[23  0  0  0  0  0  0]
 [ 0 18  0  0  0  0  0]
 [ 0  0 20  0  0  0  0]
 [ 1  0  1 47  0  0  0]
 [ 1  0  0  1 32  0  0]
 [ 1  1  0  0  0 23  1]
 [ 0  0  0  0  0  1 25]]";0.855457227138643;0.8386862837017975;"[[180   8   8  16   7   6   3]
 [  3 105   9   4   0   1   0]
 [  1   0 293   3   0   3   0]
 [ 23   7  14 442  12   1   8]
 [ 20   2   0  16 216   5   1]
 [ 26   4   1   3   0 138   4]
 [ 15   0   0   2   0   9  76]]";0.813953488372093;0.7979248906666807;"[[ 74   3   4  13   2   5   5]
 [  1  53   8   3   0   0   1]
 [  1   2 122   1   0   0   0]
 [ 14   3   9 207  10   2   1]
 [  7   3   2   6 105   5   0]
 [ 18   3   2   3   0  59   5]
 [  6   0   0   1   0   3  45]]";196;[23 18 20 49 34 26 26]
29;Cora;own;0.5;0.2;64;0.5;1;0.005;20795212;0.9556650246305419;0.9546148161256749;"[[24  0  0  0  0  0  0]
 [ 0 18  0  0  0  0  0]
 [ 0  0 20  0  0  0  0]
 [ 1  1  1 50  0  0  0]
 [ 0  0  0  1 33  1  0]
 [ 1  1  0  0  0 24  1]
 [ 0  0  0  0  0  1 25]]";0.8619668246445498;0.844160487976254;"[[180   5   8  19  10   9   3]
 [  3 105   9   5   0   1   0]
 [  1   0 292   4   0   3   0]
 [ 16   3  11 457   9   1   4]
 [ 18   2   0  17 213   6   0]
 [ 27   4   1   3   0 133   4]
 [ 15   0   0   2   1   9  75]]";0.8212974296205631;0.805274949575006;"[[ 75   3   3  13   2   6   4]
 [  1  53   7   5   0   0   0]
 [  1   2 122   1   0   0   0]
 [ 12   3   9 212   8   1   1]
 [  6   3   3   6 105   5   0]
 [ 16   3   2   5   0  59   5]
 [  5   0   0   2   0   3  45]]";203;[24 18 20 53 35 27 26]
30;Cora;own;0.5;0.2;64;0.5;1;0.005;20795212;0.9619047619047619;0.9595599059498567;"[[27  0  0  0  0  0  0]
 [ 0 18  0  0  0  0  0]
 [ 0  0 21  0  0  0  0]
 [ 1  1  0 53  0  0  0]
 [ 0  0  0  1 34  1  0]
 [ 1  1  0  0  0 24  1]
 [ 0  0  1  0  0  0 25]]";0.8530636525877454;0.8334760725733659;"[[187  11   6  11  11   6   2]
 [  3 103  10   4   0   1   1]
 [  1   0 292   4   0   3   0]
 [ 25   4  13 441  12   1   4]
 [ 21   2   0  14 208   6   0]
 [ 32   4   1   0   0 132   3]
 [ 21   0   0   1   1   8  71]]";0.8115055079559363;0.7982990472380551;"[[ 79   3   3  10   2   5   4]
 [  2  53   8   3   0   0   0]
 [  1   2 122   1   0   0   0]
 [ 19   3   9 205   9   0   1]
 [  9   3   4   6 102   4   0]
 [ 20   3   2   3   0  59   3]
 [  9   0   0   0   0   3  43]]";210;[27 18 21 55 36 27 26]
31;Cora;own;0.5;0.2;64;0.5;1;0.005;20795212;0.9723502304147466;0.9743306711401728;"[[27  0  0  0  0  0  0]
 [ 0 19  0  0  0  0  0]
 [ 0  0 22  0  0  0  0]
 [ 2  0  0 55  0  0  0]
 [ 0  0  0  1 35  1  0]
 [ 1  0  0  0  0 26  1]
 [ 0  0  0  0  0  0 27]]";0.8560334528076463;0.8351287687365279;"[[172  10   6  24   6   9   4]
 [  2 103   8   7   0   1   1]
 [  1   0 290   5   0   3   0]
 [ 14   1  12 459  10   1   4]
 [ 21   2   0  14 205   6   1]
 [ 28   3   1   3   0 131   5]
 [ 19   0   0   1   1   7  73]]";0.817625458996328;0.8056511313761042;"[[ 75   3   3  14   2   4   5]
 [  0  52   7   7   0   0   0]
 [  1   2 122   1   0   0   0]
 [ 15   3   9 209   9   0   1]
 [  9   3   3   6 102   5   0]
 [ 15   2   2   5   0  60   6]
 [  6   0   0   0   0   1  48]]";217;[27 19 22 57 37 28 27]
32;Cora;own;0.5;0.2;64;0.5;1;0.005;20795212;0.9776785714285714;0.9790418743471953;"[[29  0  0  0  0  0  0]
 [ 0 20  0  0  0  0  0]
 [ 0  0 22  0  0  0  0]
 [ 1  0  0 57  0  0  0]
 [ 1  0  0  1 36  0  0]
 [ 1  0  0  0  0 27  1]
 [ 0  0  0  0  0  0 28]]";0.856628674265147;0.8350611098896901;"[[177  11   5  20  10   5   2]
 [  2 102   8   7   0   1   1]
 [  1   0 291   4   0   3   0]
 [ 15   2  10 454  13   1   4]
 [ 21   2   0  14 205   5   1]
 [ 30   2   1   3   0 130   4]
 [ 23   0   0   1   1   6  69]]";0.8151774785801713;0.8023738892355315;"[[ 76   3   3  15   2   3   4]
 [  0  52   7   7   0   0   0]
 [  1   2 122   1   0   0   0]
 [ 15   3   7 210  10   0   1]
 [ 10   3   3   5 103   4   0]
 [ 20   2   2   4   0  58   4]
 [  9   0   0   0   0   1  45]]";224;[29 20 22 58 38 29 28]
33;Cora;own;0.5;0.2;64;0.5;1;0.005;20795212;0.974025974025974;0.9769921047364324;"[[32  0  0  0  0  0  0]
 [ 0 20  0  0  0  0  0]
 [ 0  0 22  0  0  0  0]
 [ 1  0  0 57  0  0  0]
 [ 1  0  0  2 38  0  0]
 [ 1  0  0  0  0 27  1]
 [ 0  0  0  0  0  0 29]]";0.8590361445783132;0.8370966469462581;"[[185   5   2  19   9   6   2]
 [  2  97   8  10   0   2   1]
 [  1   0 292   3   0   3   0]
 [ 17   2  10 453   9   1   4]
 [ 25   0   1  14 202   4   3]
 [ 30   2   1   3   0 128   7]
 [ 22   0   0   1   1   4  69]]";0.8200734394124847;0.8061902829058792;"[[ 82   2   0  12   1   4   5]
 [  0  49   7   9   0   0   1]
 [  1   2 122   1   0   0   0]
 [ 17   3   9 209   8   0   0]
 [  9   3   5   4 102   5   0]
 [ 18   1   2   4   0  58   7]
 [  7   0   0   0   0   0  48]]";231;[32 20 22 58 41 29 29]
34;Cora;own;0.5;0.2;64;0.5;1;0.005;20795212;0.9705882352941176;0.9738244082256985;"[[33  0  0  0  1  0  0]
 [ 0 21  0  0  0  0  0]
 [ 0  0 23  0  0  0  0]
 [ 1  0  0 58  0  0  0]
 [ 1  0  0  2 38  0  0]
 [ 1  0  0  0  0 28  1]
 [ 0  0  0  0  0  0 30]]";0.8608590441621294;0.8405374350714576;"[[186   5   2  19   7   4   0]
 [  2 101   8   7   0   1   0]
 [  1   0 291   3   0   3   0]
 [ 19   2  11 447  12   1   2]
 [ 23   1   1  14 206   4   0]
 [ 34   2   1   3   0 129   5]
 [ 22   0   0   1   1   9  63]]";0.8164014687882497;0.8040236064014408;"[[ 82   3   0  12   1   4   4]
 [  0  52   7   6   0   0   1]
 [  1   2 122   1   0   0   0]
 [ 19   3   9 204  11   0   0]
 [  8   3   4   4 104   5   0]
 [ 20   2   2   3   0  59   4]
 [  8   0   0   0   1   2  44]]";238;[34 21 23 59 41 30 30]
35;Cora;own;0.5;0.2;64;0.5;1;0.005;20795212;0.963265306122449;0.96666250112706;"[[33  1  0  0  1  0  0]
 [ 0 21  0  0  0  0  0]
 [ 0  0 24  0  0  0  0]
 [ 1  0  0 59  1  0  0]
 [ 1  0  0  2 38  0  0]
 [ 2  0  0  0  0 30  0]
 [ 0  0  0  0  0  0 31]]";0.8633049817739976;0.8412890438822169;"[[190   2   2  18   5   3   0]
 [  2  98   8   7   0   3   1]
 [  1   0 290   3   0   3   0]
 [ 20   2  11 450   8   1   2]
 [ 26   1   1  13 203   5   0]
 [ 33   2   1   3   0 128   5]
 [ 23   0   0   1   1   8  62]]";0.8151774785801713;0.8029508574027792;"[[ 84   2   0  12   1   4   3]
 [  1  49   7   8   0   0   1]
 [  1   2 122   1   0   0   0]
 [ 18   3   9 208   8   0   0]
 [  9   3   5   6  99   6   0]
 [ 20   0   2   4   0  61   3]
 [  8   0   0   0   1   3  43]]";245;[35 21 24 61 41 32 31]
36;Cora;own;0.5;0.2;64;0.5;1;0.005;20795212;0.9603174603174603;0.9646408996558721;"[[34  0  0  0  1  0  0]
 [ 0 23  0  0  0  0  0]
 [ 0  0 24  0  0  0  0]
 [ 2  0  0 61  1  0  0]
 [ 1  0  0  2 38  0  0]
 [ 1  0  0  0  0 30  1]
 [ 0  0  0  0  0  1 32]]";0.8657718120805369;0.842199992629961;"[[186   2   2  17   6   3   1]
 [  2  98   8   8   0   2   1]
 [  1   0 289   3   0   3   0]
 [ 17   2  11 449   8   1   3]
 [ 24   1   1  12 208   4   1]
 [ 32   2   1   4   0 128   5]
 [ 23   0   0   1   1   7  61]]";0.8164014687882497;0.8015743043986027;"[[ 80   2   0  13   2   4   5]
 [  0  51   7   7   0   0   1]
 [  1   2 122   1   0   0   0]
 [ 17   3   9 207  10   0   0]
 [  7   3   4   5 103   6   0]
 [ 17   0   2   4   0  60   7]
 [  7   0   0   0   1   3  44]]";252;[35 23 24 64 41 32 33]
37;Cora;own;0.5;0.2;64;0.5;1;0.005;20795212;0.9652509652509652;0.9697051356979463;"[[36  0  0  0  1  0  0]
 [ 0 24  0  0  0  0  0]
 [ 0  0 25  0  0  0  0]
 [ 2  0  0 61  1  0  0]
 [ 0  0  0  2 39  0  1]
 [ 1  0  0  0  0 31  1]
 [ 0  0  0  0  0  0 34]]";0.8700980392156863;0.8514554662253861;"[[185   3   2  15   6   3   3]
 [  3  98   6   7   0   2   1]
 [  1   0 289   3   0   3   0]
 [ 20   2  11 442   9   2   3]
 [ 26   1   0  11 207   4   2]
 [ 27   2   1   3   0 133   4]
 [ 20   0   0   1   1   4  66]]";0.8298653610771114;0.8166443809676858;"[[ 83   3   0  11   2   2   5]
 [  0  53   5   6   0   1   1]
 [  1   2 122   1   0   0   0]
 [ 17   3   9 208   9   0   0]
 [  7   3   3   5 104   6   0]
 [ 15   0   2   3   0  63   7]
 [  7   0   0   0   1   2  45]]";259;[37 24 25 64 42 33 34]
38;Cora;own;0.5;0.2;64;0.5;1;0.005;20795212;0.9624060150375939;0.9651235261096351;"[[38  0  0  0  0  0  0]
 [ 0 25  1  0  0  0  0]
 [ 0  0 25  0  0  0  0]
 [ 2  0  0 62  1  0  0]
 [ 1  0  0  2 38  0  1]
 [ 1  0  0  0  0 33  0]
 [ 1  0  0  0  0  0 35]]";0.8713846153846154;0.8508070917630292;"[[184   4   2  11   9   2   3]
 [  4 100   7   5   0   1   0]
 [  1   0 287   2   1   3   0]
 [ 24   2  11 438   9   2   3]
 [ 22   1   0  10 213   4   1]
 [ 28   5   1   0   0 132   3]
 [ 21   0   0   1   0   6  62]]";0.8261933904528764;0.814560184644013;"[[ 82   3   0  10   2   5   4]
 [  1  52   6   7   0   0   0]
 [  1   2 122   1   0   0   0]
 [ 18   4   9 205   9   0   1]
 [  6   3   1   5 107   6   0]
 [ 17   1   2   3   1  63   3]
 [  9   0   0   0   0   2  44]]";266;[38 26 25 65 42 34 36]
39;Cora;own;0.5;0.2;64;0.5;1;0.005;20795212;0.9816849816849816;0.9839641150805676;"[[39  0  0  0  0  0  0]
 [ 0 26  0  0  0  0  0]
 [ 0  0 25  1  0  0  0]
 [ 1  0  0 64  1  0  0]
 [ 0  0  0  1 42  0  0]
 [ 1  0  0  0  0 35  0]
 [ 0  0  0  0  0  0 37]]";0.8720642768850433;0.853360130605768;"[[178   3   2  14  11   3   3]
 [  2 102   3   7   0   2   1]
 [  1   0 285   4   1   2   0]
 [ 22   3  11 436   8   2   3]
 [ 19   0   0  12 216   4   1]
 [ 28   1   2   1   0 133   5]
 [ 19   0   0   1   0   6  61]]";0.824969400244798;0.8161203041497643;"[[ 81   3   0  12   2   4   4]
 [  0  52   3   9   0   2   0]
 [  1   3 121   1   0   0   0]
 [ 19   4  10 204   8   0   1]
 [  6   2   2   6 107   5   0]
 [ 15   0   2   4   1  65   3]
 [  9   0   0   0   0   2  44]]";273;[39 26 26 66 43 36 37]
40;Cora;own;0.5;0.2;64;0.5;1;0.005;20795212;0.9785714285714285;0.9808401567800064;"[[39  0  0  0  1  0  0]
 [ 0 27  0  0  0  0  0]
 [ 0  0 27  0  0  0  0]
 [ 1  0  0 65  1  0  0]
 [ 0  0  0  1 44  0  0]
 [ 1  0  0  0  0 34  1]
 [ 0  0  0  0  0  0 38]]";0.8770949720670391;0.8563175894939361;"[[180   2   2  13  10   2   4]
 [  2 104   3   5   0   1   1]
 [  1   0 283   4   0   3   0]
 [ 21   2  10 437  10   2   3]
 [ 18   0   0  10 219   2   2]
 [ 25   3   2   1   1 131   6]
 [ 21   0   0   1   1   4  59]]";0.828641370869033;0.8146095777933865;"[[ 79   3   0  12   3   4   5]
 [  0  54   3   7   0   1   1]
 [  1   3 121   1   0   0   0]
 [ 16   4   9 208   8   0   1]
 [  5   3   4   6 107   3   0]
 [ 11   2   2   4   1  64   6]
 [  7   0   0   1   1   2  44]]";280;[40 27 27 67 45 36 38]
41;Cora;own;0.5;0.2;64;0.5;1;0.005;20795212;0.975609756097561;0.9786186881943513;"[[40  0  0  0  1  0  0]
 [ 0 28  0  0  0  0  0]
 [ 0  0 28  0  0  0  0]
 [ 1  0  1 65  1  0  1]
 [ 0  0  0  1 45  0  0]
 [ 1  0  0  0  0 36  0]
 [ 0  0  0  0  0  0 38]]";0.871571072319202;0.8498773424529535;"[[182   2   1  11  10   2   3]
 [  1 102   3   6   0   1   1]
 [  1   0 282   3   0   3   0]
 [ 23   2  13 429  15   2   2]
 [ 19   0   1  10 218   2   0]
 [ 25   2   2   1   1 132   5]
 [ 23   0   0   1   3   6  53]]";0.8261933904528764;0.8124578619926595;"[[ 81   3   0  11   3   4   4]
 [  0  53   3   7   0   3   0]
 [  1   3 121   1   0   0   0]
 [ 16   4  10 204  12   0   0]
 [  5   3   4   6 110   0   0]
 [ 13   1   2   2   1  66   5]
 [ 10   0   0   1   2   2  40]]";287;[41 28 28 69 46 37 38]
42;Cora;own;0.5;0.2;64;0.5;1;0.005;20795212;0.9659863945578231;0.9684652398860191;"[[42  0  0  0  0  0  0]
 [ 0 30  0  0  0  0  0]
 [ 0  0 29  1  0  0  0]
 [ 1  0  1 65  1  0  1]
 [ 0  0  0  1 44  0  2]
 [ 1  0  0  0  0 35  1]
 [ 0  0  0  0  0  0 39]]";0.873512836568566;0.8540518731417237;"[[181   2   1  11   8   2   5]
 [  1 100   3   7   0   1   0]
 [  1   0 281   2   0   3   0]
 [ 25   2  10 436  11   2   2]
 [ 23   0   1  11 210   1   1]
 [ 27   3   2   1   0 128   7]
 [ 21   0   0   1   0   4  59]]";0.8323133414932681;0.8186743276588283;"[[ 83   2   0  11   2   3   5]
 [  1  53   4   7   0   0   1]
 [  1   3 121   1   0   0   0]
 [ 17   4   8 209   7   0   1]
 [  6   3   4   6 108   1   0]
 [ 17   1   2   2   1  61   6]
 [  7   0   0   1   0   2  45]]";294;[42 30 30 69 47 37 39]
43;Cora;own;0.5;0.2;64;0.5;1;0.005;20795212;0.9700996677740864;0.9719920292093288;"[[44  0  0  0  1  0  0]
 [ 0 30  0  0  0  0  0]
 [ 0  0 29  1  0  0  0]
 [ 1  0  2 67  1  0  0]
 [ 0  0  0  1 47  0  0]
 [ 1  0  0  0  0 35  1]
 [ 0  0  0  0  0  0 40]]";0.8660377358490566;0.8473652308383579;"[[186   2   1  13  11   1   1]
 [  1  99   3   6   1   1   0]
 [  1   0 278   3   0   3   0]
 [ 28   3  10 427  14   2   1]
 [ 22   0   0  11 208   1   1]
 [ 31   2   2   1   0 127   4]
 [ 26   0   0   1   1   4  52]]";0.8274173806609547;0.8179793703709833;"[[ 88   2   0  11   2   1   2]
 [  2  53   3   8   0   0   0]
 [  1   1 121   1   0   2   0]
 [ 19   4   8 202  12   0   1]
 [  5   3   2   6 111   1   0]
 [ 19   2   2   3   1  61   2]
 [ 12   0   0   0   1   2  40]]";301;[45 30 30 71 48 37 40]
44;Cora;own;0.5;0.2;64;0.5;1;0.005;20795212;0.9642857142857143;0.9672381771809659;"[[45  0  0  1  0  0  0]
 [ 0 31  0  0  0  0  0]
 [ 0  0 30  1  0  0  0]
 [ 2  0  2 68  0  0  0]
 [ 0  0  0  1 46  0  2]
 [ 0  0  0  1  0 36  1]
 [ 0  0  0  0  0  0 41]]";0.8723941882501579;0.8535141245909436;"[[182   2   1  11   9   1   6]
 [  2  95   3   9   1   1   0]
 [  1   0 277   3   0   3   0]
 [ 25   2   8 438   8   2   2]
 [ 22   0   1  13 201   2   3]
 [ 24   2   2   4   0 128   4]
 [ 19   0   0   2   0   4  60]]";0.8372093023255814;0.824983111322384;"[[ 85   2   0  12   2   0   5]
 [  0  50   3  11   0   2   0]
 [  1   1 121   1   0   2   0]
 [ 14   6   8 211   6   0   1]
 [  7   3   3   7 107   1   0]
 [ 14   1   2   3   0  65   5]
 [  6   0   0   2   0   2  45]]";308;[46 31 31 72 49 38 41]
45;Cora;own;0.5;0.2;64;0.5;1;0.005;20795212;0.9682539682539683;0.9696780951050032;"[[46  0  0  0  0  0  0]
 [ 0 33  0  0  0  0  0]
 [ 0  0 31  1  0  0  0]
 [ 2  0  1 69  0  0  0]
 [ 0  0  0  1 47  0  2]
 [ 2  0  0  0  0 37  1]
 [ 0  0  0  0  0  0 42]]";0.866751269035533;0.8509050880137313;"[[188   2   1  10   5   1   5]
 [  2  95   3   7   1   1   0]
 [  1   0 277   2   0   3   0]
 [ 38   3   9 422   9   2   2]
 [ 27   0   1  11 199   1   2]
 [ 27   2   2   0   0 128   3]
 [ 21   0   0   1   1   4  57]]";0.8274173806609547;0.8157595895767635;"[[ 88   2   0  10   2   0   4]
 [  0  50   4  11   0   1   0]
 [  1   1 121   1   0   2   0]
 [ 19   6   8 203   9   0   1]
 [  7   3   3   6 108   1   0]
 [ 15   1   2   3   0  64   5]
 [  9   0   0   1   1   2  42]]";315;[46 33 32 72 50 40 42]
46;Cora;own;0.5;0.2;64;0.5;1;0.005;20795212;0.9782608695652174;0.9809487420391986;"[[46  0  0  0  0  0  0]
 [ 0 33  0  0  0  0  0]
 [ 0  0 32  1  0  0  0]
 [ 3  0  0 72  0  0  0]
 [ 0  0  0  1 50  0  0]
 [ 0  0  0  1  0 39  1]
 [ 0  0  0  0  0  0 43]]";0.8725302740599108;0.8546246815454489;"[[184   2   1  11   7   1   5]
 [  1  95   3   8   1   1   0]
 [  1   0 275   3   0   3   0]
 [ 32   2   8 428   9   2   2]
 [ 22   0   0  12 205   1   0]
 [ 23   2   2   3   0 127   4]
 [ 22   0   0   1   1   4  55]]";0.8421052631578947;0.8311907015084328;"[[ 88   2   0  11   2   0   3]
 [  0  50   4  11   0   1   0]
 [  1   1 121   1   0   2   0]
 [ 18   6   7 209   6   0   0]
 [  5   3   2   7 111   0   0]
 [ 12   1   2   4   0  67   4]
 [  9   0   0   1   1   2  42]]";322;[46 33 33 75 51 41 43]
47;Cora;own;0.5;0.2;64;0.5;1;0.005;20795212;0.9726443768996961;0.9746800349574444;"[[47  0  0  0  0  0  0]
 [ 0 34  0  0  0  0  0]
 [ 0  0 33  1  0  0  0]
 [ 2  0  0 73  0  0  0]
 [ 1  0  0  2 50  0  0]
 [ 1  0  0  0  0 39  2]
 [ 0  0  0  0  0  0 44]]";0.8745198463508322;0.8549482622510263;"[[187   2   1  10   5   1   5]
 [  2  93   3   8   1   1   0]
 [  1   0 276   2   0   2   0]
 [ 32   2   8 429   7   2   2]
 [ 24   0   1  11 201   1   0]
 [ 26   2   2   0   0 126   4]
 [ 22   0   0   1   1   4  54]]";0.8421052631578947;0.8305394941345651;"[[ 91   3   0   8   1   0   3]
 [  0  50   4  10   0   1   1]
 [  1   1 121   1   0   2   0]
 [ 20   6   7 209   4   0   0]
 [  6   3   3   7 109   0   0]
 [ 15   1   2   4   0  65   3]
 [  9   0   0   0   1   2  43]]";329;[47 34 34 75 53 42 44]
48;Cora;own;0.5;0.2;64;0.5;1;0.005;20795212;0.9732142857142857;0.9747313599553735;"[[47  1  0  0  0  0  0]
 [ 0 34  0  0  0  0  0]
 [ 0  0 34  1  0  0  0]
 [ 3  0  1 73  0  0  0]
 [ 0  0  0  1 53  0  0]
 [ 1  0  0  0  0 42  0]
 [ 0  0  0  0  0  1 44]]";0.8752411575562701;0.8564534446829887;"[[181   1   1  10   7   2   5]
 [  3  93   3   7   1   1   0]
 [  1   0 273   2   0   3   0]
 [ 32   1   9 429   9   2   2]
 [ 22   0   0   9 206   0   0]
 [ 27   1   2   0   0 126   3]
 [ 22   0   0   1   1   4  53]]";0.8433292533659731;0.8333488480107932;"[[ 89   2   0   8   4   0   3]
 [  0  51   4   9   0   1   1]
 [  1   1 121   1   0   2   0]
 [ 17   6   7 207   8   1   0]
 [  6   3   2   6 110   1   0]
 [ 13   0   2   4   0  68   3]
 [  9   0   0   0   1   2  43]]";336;[48 34 35 77 54 43 45]
49;Cora;own;0.5;0.2;64;0.5;1;0.005;20795212;0.9766763848396501;0.9779355855450602;"[[49  1  0  0  0  0  0]
 [ 0 35  0  0  0  0  0]
 [ 0  0 35  1  0  0  0]
 [ 2  0  1 75  0  0  0]
 [ 0  0  0  1 52  0  1]
 [ 1  0  0  0  0 43  0]
 [ 0  0  0  0  0  0 46]]";0.872093023255814;0.853540678404466;"[[178   2   1  12   6   1   5]
 [  3  90   3   8   2   1   0]
 [  1   0 271   3   0   3   0]
 [ 32   1   9 429   9   2   2]
 [ 23   0   0   9 204   0   0]
 [ 27   2   2   0   0 124   3]
 [ 21   0   0   1   0   4  54]]";0.8421052631578947;0.8319567678688349;"[[ 88   2   0  10   2   0   4]
 [  0  51   4  10   0   1   0]
 [  3   1 121   1   0   0   0]
 [ 17   6   7 209   6   1   0]
 [  6   3   2   6 110   1   0]
 [ 13   0   2   5   0  66   4]
 [  9   0   0   1   0   2  43]]";343;[50 35 36 78 54 44 46]
50;Cora;own;0.5;0.2;64;0.5;1;0.005;20795212;0.9657142857142857;0.9669100915492747;"[[50  1  1  0  0  0  0]
 [ 0 35  0  0  0  0  0]
 [ 0  0 35  1  0  0  0]
 [ 2  0  0 77  1  1  0]
 [ 1  0  0  1 51  0  1]
 [ 1  1  0  0  0 43  0]
 [ 0  0  0  0  0  0 47]]";0.8715120051914341;0.8503722666429206;"[[178   2   1  12   5   1   7]
 [  1  90   4   8   3   1   0]
 [  1   0 271   3   0   1   0]
 [ 30   1  10 427  10   1   2]
 [ 24   0   1   9 202   0   0]
 [ 24   2   3   0   0 123   5]
 [ 21   0   0   1   0   4  52]]";0.8384332925336597;0.828045352241842;"[[ 88   3   0   9   2   0   4]
 [  0  52   4   9   0   1   0]
 [  3   1 121   1   0   0   0]
 [ 19   5   7 207   7   0   1]
 [  6   3   3   7 108   1   0]
 [ 11   1   2   5   0  64   7]
 [  7   0   0   1   0   2  45]]";350;[52 35 36 81 54 45 47]
51;Cora;own;0.5;0.2;64;0.5;1;0.005;20795212;0.969187675070028;0.9701457504154349;"[[53  1  0  0  0  0  0]
 [ 0 36  0  0  1  0  0]
 [ 0  0 35  1  0  0  0]
 [ 2  0  0 77  1  1  0]
 [ 0  0  0  1 54  0  0]
 [ 1  1  0  0  0 44  0]
 [ 0  0  0  0  0  1 47]]";0.878748370273794;0.8616807605292701;"[[177   1   1  11   7   2   4]
 [  3  86   4   8   2   2   0]
 [  1   0 269   4   0   2   0]
 [ 28   1   8 431  10   1   2]
 [ 22   0   0  10 203   0   0]
 [ 22   0   3   0   0 125   6]
 [ 14   0   0   2   1   4  57]]";0.8421052631578947;0.8294699004684111;"[[ 89   1   0  10   2   0   4]
 [  1  48   3  11   0   3   0]
 [  3   1 121   1   0   0   0]
 [ 15   4   7 212   7   1   0]
 [  6   3   2   7 109   1   0]
 [ 12   0   2   5   0  65   6]
 [  6   0   0   2   1   2  44]]";357;[54 37 36 81 55 46 48]
52;Cora;own;0.5;0.2;64;0.5;1;0.005;20795212;0.967032967032967;0.9664426096036276;"[[55  1  0  0  0  0  0]
 [ 0 37  0  0  1  0  0]
 [ 0  0 36  1  0  0  0]
 [ 1  0  0 79  1  1  0]
 [ 0  0  0  1 54  0  0]
 [ 1  1  1  0  0 44  1]
 [ 0  0  0  0  0  1 47]]";0.879502292075966;0.8634781373926474;"[[180   1   1   9   3   1   5]
 [  4  87   5   6   1   1   0]
 [  1   0 269   4   0   1   0]
 [ 32   1   8 425  12   1   2]
 [ 22   0   0  11 202   0   0]
 [ 22   1   3   0   0 124   6]
 [ 14   0   0   1   1   4  56]]";0.847001223990208;0.8370717528979027;"[[ 92   1   0   8   1   0   4]
 [  3  50   3  10   0   0   0]
 [  3   1 121   1   0   0   0]
 [ 18   5   7 207   8   1   0]
 [  6   3   2   5 111   1   0]
 [ 12   0   3   3   0  66   6]
 [  7   0   0   0   1   2  45]]";364;[56 38 37 82 55 48 48]
53;Cora;own;0.5;0.2;64;0.5;1;0.005;20795212;0.9730458221024259;0.9738427265971419;"[[55  1  0  0  0  0  0]
 [ 1 39  0  0  0  0  0]
 [ 0  0 38  0  0  0  0]
 [ 2  0  0 80  0  1  0]
 [ 1  0  0  1 54  0  0]
 [ 1  1  0  0  0 46  1]
 [ 0  0  0  0  0  0 49]]";0.8802631578947369;0.8692078671818892;"[[182   1   1   7   7   2   0]
 [  3  87   6   5   0   1   0]
 [  1   0 268   7   0   2   0]
 [ 31   1   9 419  12   3   1]
 [ 22   0   0  11 201   0   0]
 [ 22   0   2   0   0 127   4]
 [ 15   0   0   1   1   4  54]]";0.8555691554467564;0.8459384739885918;"[[ 94   1   0   7   1   0   3]
 [  1  51   3  10   0   1   0]
 [  3   0 122   1   0   0   0]
 [ 19   6   7 208   5   1   0]
 [  7   3   1   5 111   1   0]
 [ 11   1   2   2   0  69   5]
 [  8   0   0   0   1   2  44]]";371;[56 40 38 83 56 49 49]
54;Cora;own;0.5;0.2;64;0.5;1;0.005;20795212;0.9788359788359788;0.9805195814669101;"[[56  1  0  0  0  0  0]
 [ 0 41  0  0  0  0  0]
 [ 0  0 39  0  0  0  0]
 [ 2  0  0 82  0  1  0]
 [ 1  0  0  1 54  0  0]
 [ 0  1  0  1  0 48  0]
 [ 0  0  0  0  0  0 50]]";0.8783873099801719;0.8599205341746903;"[[176   1   1   9   4   2   5]
 [  4  83   6   6   1   1   0]
 [  1   0 267   6   0   2   0]
 [ 28   2   8 427   8   2   1]
 [ 24   0   0  11 199   0   0]
 [ 18   0   3   3   0 124   6]
 [ 14   0   0   2   1   4  53]]";0.8457772337821298;0.8341971488822517;"[[ 92   1   0   8   1   0   4]
 [  0  48   4  12   0   1   1]
 [  3   0 122   1   0   0   0]
 [ 17   5   7 211   5   1   0]
 [  6   3   2  10 107   0   0]
 [ 11   0   3   3   0  67   6]
 [  7   0   0   1   1   2  44]]";378;[57 41 39 85 56 50 50]
55;Cora;own;0.5;0.2;64;0.5;1;0.005;20795212;0.9766233766233766;0.9777463069040649;"[[57  1  0  0  0  0  0]
 [ 0 42  0  0  0  0  0]
 [ 0  0 40  0  0  0  0]
 [ 2  0  0 83  0  1  0]
 [ 1  0  0  1 55  0  0]
 [ 1  1  0  0  0 49  1]
 [ 0  0  0  0  0  0 50]]";0.8784860557768924;0.8616650782606536;"[[178   1   1   6   5   2   4]
 [  4  84   6   5   0   1   0]
 [  1   1 265   6   0   2   0]
 [ 31   5   8 419   9   3   0]
 [ 22   0   0  11 200   0   0]
 [ 20   1   3   0   0 125   4]
 [ 16   0   0   1   1   3  52]]";0.8494492044063647;0.8381425794304868;"[[ 93   2   0   8   2   0   1]
 [  0  52   3   9   0   2   0]
 [  1   3 121   1   0   0   0]
 [ 18   7   7 207   5   2   0]
 [  6   3   1   6 111   1   0]
 [ 11   1   3   2   0  69   4]
 [ 10   0   0   1   1   2  41]]";385;[58 42 40 86 57 52 50]
56;Cora;own;0.5;0.2;64;0.5;1;0.005;20795212;0.9770408163265306;0.9779790776880467;"[[57  2  0  0  0  0  0]
 [ 0 42  0  0  0  0  0]
 [ 0  0 41  0  0  0  0]
 [ 1  0  0 85  0  1  0]
 [ 2  0  0  1 56  0  0]
 [ 0  1  0  1  0 51  0]
 [ 0  0  0  0  0  0 51]]";0.8812541694462975;0.8655314889137375;"[[176   1   0   9   4   1   4]
 [  4  82   6   5   1   1   0]
 [  1   0 265   7   0   2   0]
 [ 28   3   8 422   9   3   1]
 [ 21   1   0  11 199   0   0]
 [ 18   0   3   3   0 125   3]
 [ 15   0   0   1   1   3  52]]";0.8543451652386781;0.844179524513906;"[[ 93   1   0   9   1   0   2]
 [  0  51   3  10   0   2   0]
 [  3   1 121   1   0   0   0]
 [ 17   6   7 212   4   0   0]
 [  6   3   2   6 110   1   0]
 [ 11   0   2   4   0  70   3]
 [ 10   0   0   1   1   2  41]]";392;[59 42 41 87 59 53 51]
57;Cora;own;0.5;0.2;64;0.5;1;0.005;20795212;0.974937343358396;0.9759394869759622;"[[59  1  0  0  0  0  1]
 [ 0 43  0  0  0  0  0]
 [ 0  0 43  0  0  0  0]
 [ 2  0  1 83  1  0  0]
 [ 0  0  0  1 59  0  0]
 [ 1  1  0  0  0 52  0]
 [ 0  0  0  0  0  1 50]]";0.881367292225201;0.8651218181793151;"[[172   1   0  10   5   1   4]
 [  4  79   6   5   3   1   0]
 [  1   0 264   6   0   2   0]
 [ 30   3   8 423   7   2   1]
 [ 19   1   0  10 201   0   0]
 [ 23   0   3   0   0 123   2]
 [ 14   0   0   1   1   3  53]]";0.8543451652386781;0.8431354052003913;"[[ 90   1   1   9   1   0   4]
 [  2  49   3   9   0   2   1]
 [  3   1 121   1   0   0   0]
 [ 19   6   7 210   3   0   1]
 [  3   3   2   6 113   1   0]
 [ 11   0   2   3   0  71   3]
 [  8   0   0   0   1   2  44]]";399;[61 43 43 87 60 54 51]
58;Cora;own;0.5;0.2;64;0.5;1;0.005;20795212;0.9679802955665024;0.9688666063333093;"[[60  1  0  0  0  0  0]
 [ 1 44  0  0  0  0  0]
 [ 0  0 44  0  0  0  0]
 [ 3  0  1 85  0  0  0]
 [ 1  1  0  1 58  0  0]
 [ 2  1  0  0  0 52  0]
 [ 0  0  0  0  0  1 50]]";0.8841750841750842;0.8679009058544517;"[[176   1   0   9   4   1   2]
 [  3  79   6   6   1   1   0]
 [  1   0 262   6   0   3   0]
 [ 31   3   8 421   7   2   0]
 [ 18   1   0   9 202   0   0]
 [ 23   0   2   0   0 122   3]
 [ 16   0   0   1   1   3  51]]";0.8555691554467564;0.8447675013541047;"[[ 94   1   1   7   1   0   2]
 [  2  50   3   9   0   1   1]
 [  3   1 121   1   0   0   0]
 [ 19   6   7 208   5   0   1]
 [  3   3   2   6 114   0   0]
 [ 11   0   1   4   0  71   3]
 [ 10   0   0   1   1   2  41]]";406;[61 45 44 89 61 55 51]
59;Cora;own;0.5;0.2;64;0.5;1;0.005;20795212;0.9806295399515739;0.981197174243866;"[[61  0  0  0  0  0  0]
 [ 0 46  0  0  0  0  0]
 [ 0  0 44  0  0  0  0]
 [ 2  0  1 89  0  0  0]
 [ 0  1  0  1 60  0  0]
 [ 1  1  0  0  0 54  0]
 [ 0  0  0  0  0  1 51]]";0.8843031123139378;0.8681708169152625;"[[175   1   0   9   4   1   3]
 [  3  77   6   6   1   2   0]
 [  1   0 258   6   0   3   0]
 [ 30   3  10 421   6   3   0]
 [ 18   1   0  10 200   0   0]
 [ 19   0   2   0   0 125   3]
 [ 16   0   0   1   0   3  51]]";0.8543451652386781;0.8412814239832069;"[[ 90   1   1   8   1   1   4]
 [  2  49   4  10   0   1   0]
 [  1   2 122   1   0   0   0]
 [ 18   6   5 212   4   1   0]
 [  4   3   2   6 112   1   0]
 [ 10   0   2   4   0  72   2]
 [ 10   0   0   1   0   3  41]]";413;[61 46 44 92 62 56 52]
60;Cora;own;0.5;0.2;64;0.5;1;0.005;20795212;0.9833333333333333;0.983846053081394;"[[61  0  0  0  0  0  0]
 [ 0 47  0  0  0  0  0]
 [ 0  0 45  0  0  0  0]
 [ 2  0  0 92  0  0  0]
 [ 0  1  0  1 61  0  0]
 [ 1  1  0  0  0 55  0]
 [ 0  0  0  0  0  1 52]]";0.8837525492861998;0.8650047258450836;"[[174   1   0   9   4   2   3]
 [  3  75   6   6   3   1   0]
 [  1   1 256   6   0   2   0]
 [ 30   4   5 422   7   3   0]
 [ 18   1   0  10 200   0   0]
 [ 19   0   3   0   0 123   3]
 [ 15   0   0   1   1   3  50]]";0.8543451652386781;0.8402110695488714;"[[ 91   1   1   8   2   0   3]
 [  2  47   4  11   1   1   0]
 [  3   1 120   1   1   0   0]
 [ 18   6   3 213   5   1   0]
 [  4   3   0   6 115   0   0]
 [ 10   1   2   3   0  71   3]
 [  9   0   0   2   1   2  41]]";420;[61 47 45 94 63 57 53]
61;Cora;own;0.5;0.2;64;0.5;1;0.005;649695571;0.0;0.0;[[]];0.14119513484928609;0.0674658898285896;"[[  9   4   9   4 211   0   8]
 [  1   2  13   1 132   0   2]
 [  9   5  16  15 235   0  12]
 [  5   5  42   4 506   0  10]
 [  6   9  30   4 231   0  18]
 [  3   0  12   0 188   0   5]
 [  0   6   9   1 104   0   5]]";0.1383108935128519;0.07731715181305877;"[[  2   4   2   0  96   0   2]
 [  2   1   5   0  58   0   0]
 [  3   2   6   2 108   0   5]
 [  2   2  11   4 226   0   1]
 [  3  15  10   2  94   0   4]
 [  0   0   4   0  83   0   3]
 [  0   3   5   0  41   0   6]]";0;[]
62;Cora;own;0.5;0.2;64;0.5;1;0.005;649695571;0.8571428571428571;0.7;"[[2 0 0 0]
 [0 2 0 0]
 [0 0 2 0]
 [1 0 0 0]]";0.5143312101910829;0.28849035323644234;"[[267   0   4   6   0   0   0]
 [ 65   0  13  62   0   0   0]
 [ 23   0 256   9   0   0   0]
 [134   0   4 446   0   0   0]
 [104   0   2 174   0   0   0]
 [156   0  10  33   0   0   0]
 [101   0  13   2   0   0   0]]";0.4749082007343941;0.27194380096540505;"[[100   0   2   4   0   0   0]
 [ 24   0   4  38   0   0   0]
 [ 14   0 108   4   0   0   0]
 [ 65   0   1 180   0   0   0]
 [ 55   0   1  72   0   0   0]
 [ 67   0   5  18   0   0   0]
 [ 46   0   9   0   0   0   0]]";7;[2 0 2 2 0 0 1]
63;Cora;own;0.5;0.2;64;0.5;1;0.005;649695571;0.8571428571428571;0.5666666666666667;"[[3 0 0 0 0]
 [0 4 0 0 0]
 [0 0 5 0 0]
 [0 0 1 0 0]
 [0 0 1 0 0]]";0.5903036760788493;0.3240125899853449;"[[255   0   9  30   0   0   0]
 [  3   0  16 105   0   0   0]
 [  2   0 272  10   0   0   0]
 [ 19   0   8 581   0   0   0]
 [ 15   0   1 257   0   0   0]
 [ 27   0  34 119   0   0   0]
 [ 67   0  13  34   0   0   0]]";0.5336597307221542;0.2995380503255582;"[[ 85   0   3  18   0   0   0]
 [  0   0  10  56   0   0   0]
 [  1   0 121   4   0   0   0]
 [ 13   0   3 230   0   0   0]
 [  8   0   0 120   0   0   0]
 [ 20   0  14  56   0   0   0]
 [ 38   0   9   8   0   0   0]]";14;[3 0 4 5 1 0 1]
64;Cora;own;0.5;0.2;64;0.5;1;0.005;649695571;0.7619047619047619;0.436918201624084;"[[4 0 0 0 0 0]
 [0 5 0 0 0 0]
 [0 0 7 0 0 0]
 [0 0 2 0 0 0]
 [0 1 1 0 0 0]
 [1 0 0 0 0 0]]";0.5213903743315508;0.27721601709873417;"[[282   0  10   8   0   0   0]
 [  7   0  33  15   0   0   0]
 [  6   0 299   5   0   0   0]
 [ 79   0  47 394   0   0   0]
 [ 90   0  41 127   0   0   0]
 [107   0 161  60   0   0   0]
 [ 73   0  26   0   0   0   0]]";0.47123623011015914;0.2520307506317114;"[[ 96   0   7   3   0   0   0]
 [  6   0  40  20   0   0   0]
 [  2   0 123   1   0   0   0]
 [ 50   0  30 166   0   0   0]
 [ 50   0  31  47   0   0   0]
 [ 47   0  43   0   0   0   0]
 [ 42   0  13   0   0   0   0]]";21;[4 0 5 7 2 2 1]
65;Cora;own;0.5;0.2;64;0.5;1;0.005;649695571;0.7142857142857143;0.4306156806156807;"[[ 4  0  0  0  0  0]
 [ 0  5  0  0  0  0]
 [ 0  0 11  0  0  0]
 [ 0  0  4  0  0  0]
 [ 0  1  2  0  0  0]
 [ 1  0  0  0  0  0]]";0.5614600107353731;0.30040167555892905;"[[269   0   7  13   0   0   0]
 [  8   0  17  33   0   0   0]
 [  3   0 294   9   0   0   0]
 [ 42   0  22 483   0   0   0]
 [ 44   0   6 200   0   0   0]
 [ 99   0 105 109   0   0   0]
 [ 68   0  11  21   0   0   0]]";0.5165238678090576;0.27617826109113514;"[[ 91   0   7   8   0   0   0]
 [  6   0  16  44   0   0   0]
 [  2   0 122   2   0   0   0]
 [ 27   0  10 209   0   0   0]
 [ 29   0   5  94   0   0   0]
 [ 48   0  37   5   0   0   0]
 [ 42   0  12   1   0   0   0]]";28;[ 4  0  5 11  4  3  1]
66;Cora;own;0.5;0.2;64;0.5;1;0.005;649695571;0.6571428571428571;0.3505135387488329;"[[ 4  0  0  0  0  0  0]
 [ 0  0  1  0  0  0  0]
 [ 0  0  6  0  0  0  0]
 [ 0  0  0 13  0  0  0]
 [ 0  0  0  5  0  0  0]
 [ 1  0  2  2  0  0  0]
 [ 0  0  0  1  0  0  0]]";0.556573275862069;0.3026614839784703;"[[245   0   7  15   0   0   0]
 [  5   0  19  39   0   0   0]
 [  1   0 290  14   0   0   0]
 [ 24   0  16 498   0   0   0]
 [ 27   0   5 210   0   0   0]
 [123   0  92 151   0   0   0]
 [ 40   0   8  27   0   0   0]]";0.5324357405140759;0.28609391165070874;"[[ 88   0   5  13   0   0   0]
 [  3   0  13  50   0   0   0]
 [  1   0 123   2   0   0   0]
 [ 14   0   8 224   0   0   0]
 [ 17   0   5 106   0   0   0]
 [ 41   0  36  13   0   0   0]
 [ 41   0   9   5   0   0   0]]";35;[ 4  1  6 13  5  5  1]
67;Cora;own;0.5;0.2;64;0.5;1;0.005;649695571;0.6190476190476191;0.322011322011322;"[[ 5  0  0  0  0  0  0]
 [ 0  0  1  0  0  0  0]
 [ 0  0  7  0  0  0  0]
 [ 0  0  0 14  0  0  0]
 [ 1  0  1  4  0  0  0]
 [ 1  0  5  1  0  0  0]
 [ 1  0  1  0  0  0  0]]";0.5489453758788534;0.2907747245769237;"[[234   0  11  14   0   0   0]
 [  6   0  31  36   0   0   0]
 [  7   0 330  12   0   0   0]
 [ 28   0  38 451   0   0   0]
 [ 43   0  45 160   0   0   0]
 [ 65   0 158  70   0   0   0]
 [ 59   0  46   5   0   0   0]]";0.49326805385556916;0.2597061350371369;"[[ 83   0  13  10   0   0   0]
 [  0   0  37  29   0   0   0]
 [  1   0 123   2   0   0   0]
 [ 19   0  30 197   0   0   0]
 [ 27   0  32  69   0   0   0]
 [ 41   0  47   2   0   0   0]
 [ 32   0  22   1   0   0   0]]";42;[ 5  1  7 14  6  7  2]
68;Cora;own;0.5;0.2;64;0.5;1;0.005;649695571;0.5918367346938775;0.2992014196983141;"[[ 6  0  0  0  0  0  0]
 [ 0  0  2  0  0  0  0]
 [ 0  0  7  0  0  0  0]
 [ 0  0  1 16  0  0  0]
 [ 4  0  1  1  0  0  0]
 [ 3  0  4  1  0  0  0]
 [ 2  0  1  0  0  0  0]]";0.5401737242128122;0.28331166865903856;"[[223   0  10  18   0   0   0]
 [ 14   0  47  38   0   0   0]
 [  9   0 323  11   0   0   0]
 [ 29   0  48 449   0   0   0]
 [ 92   0  18 140   0   0   0]
 [112   0  88  59   0   0   0]
 [ 66   0  43   5   0   0   0]]";0.4969400244798042;0.2624544917840326;"[[ 88   0   6  12   0   0   0]
 [  7   0  32  27   0   0   0]
 [  1   0 124   1   0   0   0]
 [ 18   0  34 194   0   0   0]
 [ 56   0  11  61   0   0   0]
 [ 49   0  35   6   0   0   0]
 [ 33   0  21   1   0   0   0]]";49;[ 6  2  7 17  6  8  3]
69;Cora;own;0.5;0.2;64;0.5;1;0.005;649695571;0.5714285714285714;0.331203007518797;"[[ 6  0  0  0  0  0  0]
 [ 0  0  1  1  0  0  0]
 [ 0  0  7  0  0  0  0]
 [ 0  0  0 18  0  0  0]
 [ 2  0  1  5  1  0  0]
 [ 2  0  3  5  0  0  0]
 [ 3  0  0  1  0  0  0]]";0.5438692098092643;0.287988568471235;"[[209   0  11  23   0   0   0]
 [  8   0  40  53   0   0   0]
 [  3   0 323  12   0   0   0]
 [ 20   0  36 466   0   0   0]
 [ 75   0  12 166   0   0   0]
 [113   0  66  81   0   0   0]
 [ 63   0  29  26   0   0   0]]";0.5079559363525091;0.2693457787415072;"[[ 85   0   5  16   0   0   0]
 [  4   0  26  36   0   0   0]
 [  1   0 124   1   0   0   0]
 [ 18   0  22 206   0   0   0]
 [ 52   0   6  70   0   0   0]
 [ 50   0  24  16   0   0   0]
 [ 29   0  20   6   0   0   0]]";56;[ 6  2  7 18  9 10  4]
70;Cora;own;0.5;0.2;64;0.5;1;0.005;649695571;0.8571428571428571;0.6569980542105978;"[[ 6  0  0  0  0  0  0]
 [ 0  0  0  1  0  1  0]
 [ 0  0  8  0  0  0  0]
 [ 0  0  0 20  0  0  0]
 [ 0  0  0  0 10  2  0]
 [ 0  0  0  0  0 10  0]
 [ 0  0  0  0  0  5  0]]";0.6652078774617067;0.48318562583404284;"[[202   0   7  15   1  19   0]
 [  2   0  10   8   0  82   0]
 [  2   0 321   5   0   7   0]
 [ 24   0  33 423   0  42   0]
 [ 30   0   1  95  79  49   0]
 [ 28   0   8  18   1 191   0]
 [ 28   0  18   3   0  76   0]]";0.602203182374541;0.4473573067600044;"[[ 74   0   4  10   1  17   0]
 [  0   0   8   5   0  53   0]
 [  1   0 124   1   0   0   0]
 [ 23   0  20 180   0  23   0]
 [ 16   0   2  36  44  30   0]
 [ 17   0   2   1   0  70   0]
 [  9   0  15   1   0  30   0]]";63;[ 6  2  8 20 12 10  5]
71;Cora;own;0.5;0.2;64;0.5;1;0.005;649695571;0.8857142857142857;0.6646825396825397;"[[ 7  0  0  0  0  0  0]
 [ 0  0  0  1  0  2  0]
 [ 0  0  9  0  0  0  0]
 [ 0  0  0 22  0  0  0]
 [ 0  0  0  0 14  0  0]
 [ 0  0  0  0  0 10  0]
 [ 2  0  0  0  0  3  0]]";0.7084019769357496;0.5269941349344963;"[[200   0  12  16   3  12   0]
 [  2   0  20  12   8  78   0]
 [  1   0 322   3   0   5   0]
 [ 22   0  48 454   5  12   0]
 [ 22   0   1  74 153  13   0]
 [ 25   0   8   5   1 161   0]
 [ 48   0  22  11   1  41   0]]";0.6413708690330477;0.48040434134368504;"[[ 74   0   9  12   2   9   0]
 [  0   0  17   8   6  35   0]
 [  1   0 124   1   0   0   0]
 [ 20   0  27 189   3   7   0]
 [ 12   0   1  38  75   2   0]
 [ 23   0   3   2   0  62   0]
 [ 14   0  18   1   0  22   0]]";70;[ 7  3  9 22 14 10  5]
72;Cora;own;0.5;0.2;64;0.5;1;0.005;649695571;0.8831168831168831;0.6692446449947319;"[[ 9  0  0  0  0  0  0]
 [ 0  0  0  1  0  2  0]
 [ 0  0 10  0  0  0  0]
 [ 0  0  0 23  0  0  0]
 [ 0  0  0  0 15  0  0]
 [ 0  0  0  0  0 11  0]
 [ 1  0  0  0  0  5  0]]";0.7298787210584344;0.5489371317583294;"[[197   0  11  15   4  14   0]
 [  2   0  17  10  13  77   0]
 [  1   0 318   4   0   3   0]
 [ 21   0  46 438  11  14   0]
 [ 17   0   1  36 207  10   0]
 [ 22   0   7   4   1 164   0]
 [ 39   0  21  12   2  55   0]]";0.6719706242350061;0.5065609482868945;"[[ 70   0   6  12   2  16   0]
 [  0   0  11   6   8  41   0]
 [  1   0 123   1   1   0   0]
 [ 20   0  24 187   5  10   0]
 [  4   0   1  20 103   0   0]
 [ 20   0   2   1   1  66   0]
 [ 13   0  17   1   0  24   0]]";77;[ 9  3 10 23 15 11  6]
73;Cora;own;0.5;0.2;64;0.5;1;0.005;649695571;0.8333333333333334;0.6312271944350863;"[[ 9  0  0  1  0  0  0]
 [ 0  0  0  1  0  2  0]
 [ 0  0 10  0  0  0  0]
 [ 0  0  1 24  0  0  0]
 [ 0  0  0  0 16  0  0]
 [ 0  0  0  0  0 11  0]
 [ 4  0  1  0  0  4  0]]";0.7349197565024903;0.552009739487412;"[[202   0  10  15   4  11   0]
 [  2   0  19  17  14  67   0]
 [  1   0 312   4   0   3   0]
 [ 25   0  43 449   9   8   0]
 [ 21   0   1  36 206   6   0]
 [ 23   0  10   4   1 159   0]
 [ 51   0  20  15   0  39   0]]";0.6744186046511628;0.5068132764311034;"[[ 75   0   8  11   2  10   0]
 [  3   0  17  12   8  26   0]
 [  1   0 122   2   1   0   0]
 [ 22   0  21 194   3   6   0]
 [  9   0   1  19  99   0   0]
 [ 23   0   3   2   1  61   0]
 [ 15   0  18   1   0  21   0]]";84;[10  3 10 25 16 11  9]
74;Cora;own;0.5;0.2;64;0.5;1;0.005;649695571;0.8131868131868132;0.6283498460917816;"[[11  0  0  0  0  0  0]
 [ 0  0  0  2  0  3  0]
 [ 0  0 11  0  0  0  0]
 [ 0  0  1 24  0  0  0]
 [ 1  0  0  0 16  0  0]
 [ 0  0  0  0  0 12  0]
 [ 4  0  1  1  0  4  0]]";0.7327777777777778;0.5491016009478699;"[[194   0   9  14   6  14   0]
 [  1   0  16  21  11  77   0]
 [  0   0 308   5   0   2   0]
 [ 26   0  31 464   9   6   0]
 [ 21   0   1  36 193   7   0]
 [ 28   0  10   4   3 160   0]
 [ 48   0  23  13   0  39   0]]";0.6878824969400245;0.5166336457077827;"[[ 74   0   8  10   2  12   0]
 [  3   0  13  12   5  33   0]
 [  1   0 122   2   1   0   0]
 [ 20   0  14 203   2   7   0]
 [ 10   0   1  20  96   1   0]
 [ 18   0   3   1   1  67   0]
 [ 14   0  18   1   0  22   0]]";91;[11  5 11 25 17 12 10]
75;Cora;own;0.5;0.2;64;0.5;1;0.005;649695571;0.8163265306122449;0.6363522305923673;"[[11  0  0  0  0  0  0]
 [ 0  0  0  2  0  3  0]
 [ 0  0 12  0  0  0  0]
 [ 0  0  0 27  0  0  0]
 [ 1  0  0  0 17  0  0]
 [ 0  0  0  0  0 13  0]
 [ 2  0  2  3  0  5  0]]";0.739542665923034;0.5547338247918402;"[[186   0   8  20   4  15   0]
 [  1   0  14  27  15  67   0]
 [  0   0 310   5   0   2   0]
 [ 17   0  22 477   9  11   0]
 [ 14   0   1  48 190   8   0]
 [ 24   0   7   6   1 163   0]
 [ 39   0  16  25   0  41   0]]";0.6903304773561811;0.5178100083191042;"[[ 69   0   8  15   2  12   0]
 [  2   0  13  12   5  34   0]
 [  0   0 123   2   1   0   0]
 [ 16   0  12 208   3   7   0]
 [  7   0   1  23  97   0   0]
 [ 15   0   3   4   1  67   0]
 [ 13   0  15   3   0  24   0]]";98;[11  5 12 27 18 13 12]
76;Cora;own;0.5;0.2;64;0.5;1;0.005;649695571;0.8;0.6262725556460166;"[[12  0  0  0  0  0  0]
 [ 0  0  0  2  1  3  0]
 [ 0  0 13  0  0  0  0]
 [ 0  0  0 28  0  0  0]
 [ 1  0  0  0 18  0  0]
 [ 0  0  0  0  0 13  0]
 [10  0  1  1  0  2  0]]";0.7441209406494961;0.5573542757790712;"[[205   0   9  16   4  11   0]
 [  8   0  25  27  17  53   0]
 [  0   0 307   5   0   2   0]
 [ 16   0  22 476   8  10   0]
 [ 21   0   1  48 186   2   0]
 [ 24   0   8   5   1 155   0]
 [ 50   0  24  11   0  29   0]]";0.6988984088127295;0.5229809107341626;"[[ 77   0   6  12   2   9   0]
 [  5   0  16  12   9  24   0]
 [  1   0 122   2   1   0   0]
 [ 13   0  13 211   4   5   0]
 [  7   0   1  21  99   0   0]
 [ 20   0   3   4   1  62   0]
 [ 21   0  16   1   0  17   0]]";105;[12  6 13 28 19 13 14]
77;Cora;own;0.5;0.2;64;0.5;1;0.005;649695571;0.7946428571428571;0.6238645966999109;"[[13  0  0  0  0  0  0]
 [ 1  0  0  2  0  3  0]
 [ 0  0 13  0  0  0  0]
 [ 0  0  0 30  0  0  0]
 [ 1  0  0  0 19  0  0]
 [ 0  0  0  0  0 14  0]
 [10  0  1  0  0  5  0]]";0.7419898819561551;0.5550757853079457;"[[206   0  10  13   3  13   0]
 [ 14   0  24  20  15  57   0]
 [  1   0 306   5   0   2   0]
 [ 22   0  18 470   7  11   0]
 [ 23   0   1  52 178   4   0]
 [ 26   0   5   2   0 160   0]
 [ 52   0   8  13   0  38   0]]";0.6964504283965728;0.5234847917601847;"[[ 80   0   4  11   2   9   0]
 [  4   0  14  10   7  31   0]
 [  1   0 123   1   1   0   0]
 [ 19   0  12 205   4   6   0]
 [  9   0   1  22  96   0   0]
 [ 21   0   3   1   0  65   0]
 [ 21   0  11   1   0  22   0]]";112;[13  6 13 30 20 14 16]
78;Cora;own;0.5;0.2;64;0.5;1;0.005;649695571;0.8487394957983193;0.7292587029933131;"[[14  0  0  0  0  0  0]
 [ 1  0  0  2  2  2  0]
 [ 0  0 14  0  0  0  0]
 [ 0  0  0 31  0  0  0]
 [ 1  0  0  0 20  0  0]
 [ 0  0  0  0  0 14  0]
 [ 4  0  2  1  0  3  8]]";0.7533860045146726;0.6072898580056573;"[[198   0  11  10   5  14   0]
 [ 17   0  34  24  19  38   0]
 [  1   0 309   4   0   1   0]
 [ 22   0  18 466  11   8   0]
 [ 19   0   0  54 191   2   0]
 [ 27   0   9   3   0 148   0]
 [ 47   0  10   4   0  25  23]]";0.7086903304773562;0.575725591858759;"[[ 81   0   3  10   3   9   0]
 [  5   0  19  12  11  19   0]
 [  1   0 123   1   1   0   0]
 [ 19   0  15 200   8   4   0]
 [  5   0   0  23 100   0   0]
 [ 19   0   3   3   1  64   0]
 [ 19   0   6   1   0  18  11]]";119;[14  7 14 31 21 14 18]
79;Cora;own;0.5;0.2;64;0.5;1;0.005;649695571;0.9126984126984127;0.8045263488888531;"[[14  0  0  0  0  1  0]
 [ 2  0  1  3  0  1  1]
 [ 0  0 14  0  0  0  0]
 [ 0  0  0 32  0  0  0]
 [ 1  0  0  0 21  0  0]
 [ 0  0  0  0  0 14  0]
 [ 1  0  0  0  0  0 20]]";0.7779036827195468;0.665274103737773;"[[193   0  10  13   6   7  11]
 [ 11   0  26  31  15  20  26]
 [  0   0 309   4   0   2   0]
 [ 18   0  17 477   7   5   9]
 [ 14   0   0  62 179   1   1]
 [ 29   0   6   2   0 140   8]
 [ 19   0   2   3   0   7  75]]";0.7307221542227662;0.6316177715156787;"[[ 74   0   4  11   2   8   7]
 [  3   0  18  14   6   9  16]
 [  1   0 123   1   1   0   0]
 [ 16   0  12 207   4   4   3]
 [  6   0   0  30  91   1   0]
 [ 20   0   2   2   1  60   5]
 [  2   0   5   1   0   5  42]]";126;[15  8 14 32 22 14 21]
80;Cora;own;0.5;0.2;64;0.5;1;0.005;649695571;0.8947368421052632;0.7968916744262368;"[[16  0  0  0  0  0  0]
 [ 3  0  1  4  0  3  0]
 [ 0  0 15  0  0  0  0]
 [ 0  0  0 33  0  0  0]
 [ 1  0  0  0 22  0  0]
 [ 0  0  0  0  0 14  0]
 [ 1  0  0  0  0  1 19]]";0.7741751990898749;0.6750366537789334;"[[199   0  14  13   6   9   3]
 [ 18   0  35  32  17  27   2]
 [  0   0 301   5   0   2   0]
 [ 22   0  23 467   7   7   5]
 [ 17   0   0  58 179   2   0]
 [ 32   0   6   1   0 138   5]
 [ 17   0   3   2   0   7  77]]";0.7331701346389229;0.6429709587595617;"[[ 76   0   4  11   3   7   5]
 [  8   0  21  16   8  12   1]
 [  1   0 123   1   1   0   0]
 [ 17   0  14 206   5   3   1]
 [  7   0   0  28  92   1   0]
 [ 22   0   2   1   0  61   4]
 [  5   0   4   1   0   4  41]]";133;[16 11 15 33 23 14 21]
81;Cora;own;0.5;0.2;64;0.5;1;0.005;649695571;0.8928571428571429;0.80249400358096;"[[17  0  0  0  0  0  0]
 [ 4  0  1  4  1  4  0]
 [ 0  0 16  0  0  0  0]
 [ 0  0  0 34  0  0  0]
 [ 1  0  0  0 22  0  0]
 [ 0  0  0  0  0 14  0]
 [ 0  0  0  0  0  0 22]]";0.7784123358081096;0.6768754768935271;"[[189   0  14  15   5   8   6]
 [ 17   0  36  36  17  23   4]
 [  1   0 300   4   0   1   0]
 [ 14   0  21 476   7   7   9]
 [ 12   0   0  55 180   2   0]
 [ 32   0   6   1   0 136   8]
 [ 15   0   3   6   0   3  82]]";0.7343941248470012;0.6420737595009859;"[[ 74   0   4  11   3   7   7]
 [  8   0  21  16   8  12   1]
 [  1   0 123   1   1   0   0]
 [ 15   0  14 206   5   3   3]
 [  6   0   0  28  94   0   0]
 [ 21   0   2   1   0  60   6]
 [  4   0   4   1   0   3  43]]";140;[17 14 16 34 23 14 22]
82;Cora;own;0.5;0.2;64;0.5;1;0.005;649695571;0.8707482993197279;0.7839023900604406;"[[17  0  0  0  1  1  0]
 [ 4  0  2  4  1  5  0]
 [ 0  0 16  0  0  0  0]
 [ 0  0  0 36  0  0  0]
 [ 1  0  0  0 22  0  0]
 [ 0  0  0  0  0 15  0]
 [ 0  0  0  0  0  0 22]]";0.7712155963302753;0.6697960571825331;"[[184   0  11  17  11   7  11]
 [ 18   0  36  37  18  24   5]
 [  1   0 296   5   0   1   0]
 [ 14   0  21 471   6   6  11]
 [ 14   0   0  54 176   2   2]
 [ 29   0   6   1   0 135  12]
 [ 12   0   3   2   0   2  83]]";0.7392900856793145;0.6452260399928712;"[[ 74   0   4  11   3   5   9]
 [  6   0  18  17  10  12   3]
 [  1   0 123   1   1   0   0]
 [ 15   0  14 206   5   3   3]
 [  7   0   0  25  96   0   0]
 [ 19   0   2   1   0  60   8]
 [  3   0   4   1   0   2  45]]";147;[19 16 16 36 23 15 22]
83;Cora;own;0.5;0.2;64;0.5;1;0.005;649695571;0.8571428571428571;0.7744752191000791;"[[18  0  0  0  1  0  1]
 [ 6  0  3  2  2  6  0]
 [ 0  0 17  0  0  0  0]
 [ 0  0  0 37  0  0  0]
 [ 1  0  0  0 22  0  0]
 [ 0  0  0  0  0 15  0]
 [ 0  0  0  0  0  0 23]]";0.7760506620610248;0.6689940492866533;"[[180   0  11  18   7   6  13]
 [ 23   0  33  36  14  24   5]
 [  1   0 294   5   0   1   0]
 [ 14   0  12 488   4   5   6]
 [ 15   0   0  59 173   2   2]
 [ 27   0   5   1   0 129  12]
 [ 12   0   5   2   0   9  84]]";0.7441860465116279;0.652149835802578;"[[ 76   0   3  11   4   4   8]
 [ 11   0  17  19   7  10   2]
 [  1   0 121   3   1   0   0]
 [ 15   0  10 214   6   1   0]
 [  7   0   0  29  92   0   0]
 [ 18   0   2   2   0  59   9]
 [  2   0   4   1   0   2  46]]";154;[20 19 17 37 23 15 23]
84;Cora;own;0.5;0.2;64;0.5;1;0.005;649695571;0.8509316770186336;0.7784635307575238;"[[20  0  0  0  1  0  0]
 [11  0  3  2  3  1  1]
 [ 0  0 18  0  0  0  0]
 [ 0  0  0 38  0  0  0]
 [ 1  0  0  0 22  1  0]
 [ 0  0  0  0  0 15  0]
 [ 0  0  0  0  0  0 24]]";0.7757225433526012;0.6695254197223417;"[[187   0  11  13   5   5  14]
 [ 35   0  34  22  10  20   7]
 [  0   0 294   4   0   1   0]
 [ 22   0  18 479   4   3   6]
 [ 14   0   0  66 166   2   2]
 [ 28   0   5   0   0 128  14]
 [ 12   0   2   2   0   7  88]]";0.7392900856793145;0.6530667262669626;"[[ 83   0   3  11   1   0   8]
 [ 18   0  18  16   4   8   2]
 [  4   0 120   1   1   0   0]
 [ 18   0  13 205   7   1   2]
 [  7   0   0  31  90   0   0]
 [ 20   0   2   0   0  59   9]
 [  4   0   2   1   0   1  47]]";161;[21 21 18 38 24 15 24]
85;Cora;own;0.5;0.2;64;0.5;1;0.005;649695571;0.8392857142857143;0.7623224173390286;"[[22  0  0  0  0  0  0]
 [ 4  0  7  3  4  4  1]
 [ 0  0 18  0  0  0  0]
 [ 1  0  0 40  0  0  0]
 [ 1  0  0  0 23  0  0]
 [ 0  0  0  0  0 14  2]
 [ 0  0  0  0  0  0 24]]";0.787579802669762;0.6804712921463458;"[[187   0  10  13   2   3  15]
 [ 23   0  33  32  13  21   9]
 [  0   0 295   4   0   0   0]
 [ 12   0  24 483   7   2   4]
 [ 17   0   0  50 181   0   3]
 [ 28   0   5   1   0 125  15]
 [ 12   0   1   3   0   4  86]]";0.7490820073439413;0.661632907029568;"[[ 84   0   2  11   1   0   8]
 [  6   0  23  19   7   8   3]
 [  2   0 120   3   1   0   0]
 [ 13   0  15 207   8   0   3]
 [  9   0   0  26  93   0   0]
 [ 18   0   2   2   0  59   9]
 [  3   0   1   1   0   1  49]]";168;[22 23 18 41 24 16 24]
86;Cora;own;0.5;0.2;64;0.5;1;0.005;649695571;0.8228571428571428;0.753596879311165;"[[23  0  0  0  1  0  0]
 [ 6  0  3  3  2 12  0]
 [ 0  0 18  0  0  0  0]
 [ 1  0  0 40  0  0  0]
 [ 1  0  0  0 23  0  0]
 [ 0  0  0  0  0 15  2]
 [ 0  0  0  0  0  0 25]]";0.784965034965035;0.6796849301569877;"[[195   0   9  11   1   4  11]
 [ 29   0  26  24   9  33   4]
 [  0   0 294   5   0   1   0]
 [ 22   0  21 471   8   4   6]
 [ 23   0   0  48 174   2   2]
 [ 31   0   4   1   0 128  10]
 [ 12   0   1   2   0   5  85]]";0.7490820073439413;0.6626964848955356;"[[ 88   0   2  11   0   0   5]
 [ 10   0  17  14   5  18   2]
 [  2   0 120   3   1   0   0]
 [ 17   0  14 204   8   1   2]
 [  9   0   0  26  93   0   0]
 [ 21   0   2   1   0  60   6]
 [  4   0   1   1   0   2  47]]";175;[24 26 18 41 24 17 25]
87;Cora;own;0.5;0.2;64;0.5;1;0.005;649695571;0.978021978021978;0.9762962327788259;"[[25  0  0  0  0  0  0]
 [ 0 27  0  1  0  0  0]
 [ 0  0 19  0  0  0  0]
 [ 0  0  0 42  0  0  0]
 [ 1  0  0  0 24  0  0]
 [ 0  1  0  0  0 16  1]
 [ 0  0  0  0  0  0 25]]";0.8314803978935049;0.809774499961558;"[[191  20   3   8   1   1   3]
 [  6 101   7   7   1   2   0]
 [  2   2 290   5   0   0   0]
 [ 22  19  17 468   3   0   2]
 [ 20   6   0  50 172   0   1]
 [ 32  20   3   0   0 122   5]
 [ 13   4   0   1   0   2  77]]";0.7870257037943696;0.7722854954013953;"[[ 84   9   1   9   1   0   2]
 [  1  55   6   3   1   0   0]
 [  2   3 119   1   1   0   0]
 [ 18  10   9 204   4   1   0]
 [  9   3   0  27  89   0   0]
 [ 18  14   2   2   0  51   3]
 [  8   4   0   1   0   1  41]]";182;[25 28 19 42 25 18 25]
88;Cora;own;0.5;0.2;64;0.5;1;0.005;649695571;0.9682539682539683;0.9640817506790181;"[[26  0  0  0  0  0  0]
 [ 0 28  0  1  0  0  0]
 [ 0  0 19  0  0  0  0]
 [ 0  0  0 43  0  0  0]
 [ 1  0  0  0 26  0  0]
 [ 0  1  0  0  0 16  3]
 [ 0  0  0  0  0  0 25]]";0.8572267920094007;0.8399543711869167;"[[191   9   5   9   2   2   8]
 [  3 103   7   7   0   0   0]
 [  2   1 284   5   0   1   0]
 [ 22  13  11 476   8   0   5]
 [ 19   1   0  32 192   0   2]
 [ 33  10   5   0   0 129   7]
 [ 10   0   1   1   0   2  84]]";0.8164014687882497;0.8065443447630026;"[[ 83   4   1  10   1   0   7]
 [  0  56   6   3   1   0   0]
 [  2   2 119   2   1   0   0]
 [ 16  11   5 205   8   1   0]
 [  8   2   0  17 101   0   0]
 [ 20   6   2   3   0  55   4]
 [  4   0   1   1   0   1  48]]";189;[26 29 19 43 27 20 25]
89;Cora;own;0.5;0.2;64;0.5;1;0.005;649695571;0.9744897959183674;0.9753243571009358;"[[26  0  0  0  0  0  0]
 [ 0 28  0  1  0  0  0]
 [ 0  0 20  0  0  0  0]
 [ 1  0  0 44  1  0  0]
 [ 0  0  0  0 28  0  0]
 [ 0  1  0  0  0 19  1]
 [ 0  0  0  0  0  0 26]]";0.8595870206489675;0.8440602743314963;"[[192  10   5   9   3   3   3]
 [  3 101   7   8   1   0   0]
 [  1   1 284   5   0   1   0]
 [ 20  10  10 478   9   1   1]
 [ 17   0   0  38 191   1   1]
 [ 35   6   5   0   0 134   4]
 [ 12   1   1   1   0   5  77]]";0.8200734394124847;0.8112861636228382;"[[ 85   4   1  11   2   0   3]
 [  0  56   6   3   1   0   0]
 [  4   0 119   2   1   0   0]
 [ 13   9   6 208   9   1   0]
 [  7   2   0  18 101   0   0]
 [ 20   4   2   3   0  58   3]
 [  7   0   1   1   0   3  43]]";196;[26 29 20 46 28 21 26]
90;Cora;own;0.5;0.2;64;0.5;1;0.005;649695571;0.9802955665024631;0.9815803382663848;"[[27  1  0  0  0  0  0]
 [ 0 28  0  2  0  0  0]
 [ 0  0 21  0  0  0  0]
 [ 0  0  0 47  0  0  0]
 [ 0  0  0  0 28  0  0]
 [ 0  1  0  0  0 21  0]
 [ 0  0  0  0  0  0 27]]";0.8696682464454977;0.8537026921206579;"[[189   4   4  12   3   4   4]
 [  3  97   7  10   0   1   0]
 [  1   1 280   6   0   1   0]
 [ 13   6   5 500   6   2   1]
 [ 19   0   0  38 191   1   2]
 [ 37   2   5   0   0 135   3]
 [ 11   0   1   2   0   5  76]]";0.8310893512851897;0.8228883942896719;"[[ 84   3   1  14   1   1   2]
 [  0  55   6   4   1   0   0]
 [  4   0 119   2   1   0   0]
 [ 12   4   3 218   7   2   0]
 [  7   2   0  19 100   0   0]
 [ 19   2   2   4   0  60   3]
 [  7   0   0   1   0   4  43]]";203;[28 30 21 47 28 22 27]
91;Cora;own;0.5;0.2;64;0.5;1;0.005;649695571;0.9714285714285714;0.9703701226974937;"[[27  1  0  0  0  0  1]
 [ 0 30  0  1  0  0  0]
 [ 0  0 22  0  0  0  0]
 [ 0  0  0 48  0  0  0]
 [ 0  0  0  0 29  0  0]
 [ 1  1  0  0  0 22  0]
 [ 1  0  0  0  0  0 26]]";0.8566329565734682;0.8339883663988227;"[[184   8   2   9   3   5   6]
 [  2  93   8   8   0   1   0]
 [  1   1 280   5   0   1   0]
 [ 18  10  10 482   8   2   4]
 [ 19   0   0  34 195   1   2]
 [ 35   6   5   0   0 133   4]
 [ 12   1   1   0   0   9  73]]";0.8335373317013464;0.8246748185953997;"[[ 85   5   1  11   0   1   3]
 [  0  55   6   3   1   1   0]
 [  4   0 120   1   1   0   0]
 [ 15   6   3 212   8   2   0]
 [  7   2   0  16 103   0   0]
 [ 18   3   2   3   0  61   3]
 [  6   0   1   0   0   3  45]]";210;[29 31 22 48 29 24 27]
92;Cora;own;0.5;0.2;64;0.5;1;0.005;649695571;0.9539170506912442;0.9538644286157485;"[[28  0  0  1  0  1  1]
 [ 0 31  0  1  0  0  0]
 [ 0  0 23  0  0  0  0]
 [ 0  1  0 48  0  0  0]
 [ 0  0  0  1 29  0  0]
 [ 1  1  0  0  0 22  1]
 [ 1  0  0  0  0  0 26]]";0.8643966547192353;0.84054256289144;"[[175   8   4  12   2   4  10]
 [  1  93   8   7   0   2   0]
 [  0   1 281   5   0   1   0]
 [ 13   6   7 495   6   2   4]
 [ 17   0   0  38 193   1   1]
 [ 31   5   4   0   0 136   5]
 [  8   1   1   2   0  10  74]]";0.835985312117503;0.8295295138010746;"[[ 85   5   1  11   0   1   3]
 [  0  54   6   4   1   1   0]
 [  4   0 119   2   1   0   0]
 [ 13   5   3 217   6   2   0]
 [  8   2   0  20  98   0   0]
 [ 16   1   2   4   0  64   3]
 [  4   0   1   1   0   3  46]]";217;[31 32 23 49 30 25 27]
93;Cora;own;0.5;0.2;64;0.5;1;0.005;649695571;0.96875;0.9677442653183893;"[[29  0  0  0  0  2  0]
 [ 0 32  0  0  1  0  0]
 [ 0  0 24  0  0  0  0]
 [ 0  0  0 49  1  0  0]
 [ 1  0  0  0 31  0  0]
 [ 1  0  0  0  0 25  0]
 [ 1  0  0  0  0  0 27]]";0.8638272345530894;0.8437616727527669;"[[180   9   3  10   3   6   3]
 [  1  91   8   8   0   3   0]
 [  0   1 280   4   0   1   0]
 [ 23   9   8 479  10   2   2]
 [ 14   0   0  33 202   1   0]
 [ 30   4   4   0   0 138   2]
 [ 11   1   0   1   0  12  70]]";0.8323133414932681;0.8250851273247647;"[[ 86   3   2  10   1   1   3]
 [  0  54   6   3   1   2   0]
 [  4   0 119   2   1   0   0]
 [ 15   7   3 209  10   2   0]
 [  6   2   0  16 104   0   0]
 [ 15   1   2   4   1  65   2]
 [  7   0   0   0   0   5  43]]";224;[31 33 24 50 32 26 28]
94;Cora;own;0.5;0.2;64;0.5;1;0.005;649695571;0.9696969696969697;0.969390756302521;"[[30  0  0  0  0  0  2]
 [ 0 33  0  0  1  0  0]
 [ 0  0 25  0  0  0  0]
 [ 1  0  0 50  1  0  0]
 [ 0  0  0  0 33  0  0]
 [ 1  1  0  0  0 24  0]
 [ 0  0  0  0  0  0 29]]";0.8650602409638555;0.8395013304994109;"[[161   9   4  10   7   5  13]
 [  2  92   8   8   0   1   0]
 [  0   1 279   3   0   1   0]
 [ 16   8   8 488   9   2   5]
 [  7   0   0  34 206   1   1]
 [ 28   4   4   0   0 137   6]
 [  7   1   0   1   1   9  73]]";0.8347613219094248;0.8267039889344042;"[[ 74   4   6  12   3   1   6]
 [  0  56   6   3   1   0   0]
 [  4   0 119   2   1   0   0]
 [ 12   5   3 215  10   1   0]
 [  5   2   0  16 105   0   0]
 [ 11   2   2   4   2  64   5]
 [  2   0   0   0   1   3  49]]";231;[32 34 25 52 33 26 29]
95;Cora;own;0.5;0.2;64;0.5;1;0.005;649695571;0.9621848739495799;0.9619724586553448;"[[30  0  0  0  0  0  2]
 [ 0 34  0  1  0  0  0]
 [ 0  0 25  0  0  0  0]
 [ 1  0  1 51  0  0  0]
 [ 0  0  0  1 34  0  0]
 [ 2  1  0  0  0 25  0]
 [ 0  0  0  0  0  0 30]]";0.868118572292801;0.8423164399665487;"[[165   7   5  10   3   5  13]
 [  2  92   7   8   0   1   0]
 [  0   1 279   3   0   1   0]
 [ 16   8   6 492   5   2   5]
 [  4   1   0  42 199   2   1]
 [ 24   6   4   1   0 137   5]
 [  6   1   0   1   1  11  71]]";0.8433292533659731;0.8314167530356354;"[[ 73   5   6  14   1   1   6]
 [  0  56   6   3   1   0   0]
 [  2   0 119   4   1   0   0]
 [  9   5   2 224   5   1   0]
 [  5   2   0  16 105   0   0]
 [ 11   3   2   4   2  64   4]
 [  3   0   0   0   1   3  48]]";238;[32 35 25 53 35 28 30]
96;Cora;own;0.5;0.2;64;0.5;1;0.005;649695571;0.9510204081632653;0.9518883728077583;"[[31  0  0  0  0  0  1]
 [ 0 35  1  1  0  0  0]
 [ 0  0 25  0  0  0  0]
 [ 2  0  0 51  0  0  0]
 [ 1  0  0  2 35  0  0]
 [ 2  1  0  0  0 26  0]
 [ 1  0  0  0  0  0 30]]";0.8645200486026732;0.8386764873886293;"[[171   5   4   9   5   3   7]
 [  2  90   9   8   0   1   0]
 [  0   2 274   3   0   1   0]
 [ 23  11   7 485   5   2   2]
 [  8   0   0  38 203   1   1]
 [ 25   6   4   1   1 137   2]
 [  8   1   0   2   0  16  63]]";0.8457772337821298;0.838390690258518;"[[ 87   3   1  11   1   1   2]
 [  0  55   5   3   1   2   0]
 [  4   0 119   2   1   0   0]
 [ 16   7   3 214   4   2   0]
 [  5   2   0  15 106   0   0]
 [ 12   1   2   4   2  67   2]
 [  6   0   0   1   0   5  43]]";245;[32 37 25 53 38 29 31]
97;Cora;own;0.5;0.2;64;0.5;1;0.005;649695571;0.9642857142857143;0.9629905057024466;"[[31  0  0  0  1  0  1]
 [ 0 37  1  0  0  0  0]
 [ 0  0 26  0  0  0  0]
 [ 1  0  0 54  0  0  0]
 [ 1  0  0  1 37  0  0]
 [ 2  1  0  0  0 27  0]
 [ 0  0  0  0  0  0 31]]";0.8773642464917633;0.856024313843811;"[[161   3   5  12   8   4  10]
 [  1  91   7   9   0   0   0]
 [  0   2 271   4   2   1   0]
 [ 10  10   6 494   8   2   3]
 [  7   0   0  30 211   1   1]
 [ 16   5   4   6   2 139   3]
 [  8   0   0   2   1   8  71]]";0.8506731946144431;0.8385967329735695;"[[ 76   2   3  13   4   1   7]
 [  0  56   5   3   1   1   0]
 [  2   2 119   2   1   0   0]
 [  8   8   1 221   8   0   0]
 [  4   2   0  12 110   0   0]
 [  8   1   2   7   2  65   5]
 [  3   0   0   1   0   3  48]]";252;[33 38 26 55 39 30 31]
98;Cora;own;0.5;0.2;64;0.5;1;0.005;649695571;0.9691119691119691;0.9675265607482839;"[[34  0  0  0  0  0  1]
 [ 0 39  0  0  0  0  0]
 [ 0  0 27  0  0  0  0]
 [ 1  0  0 55  0  0  0]
 [ 1  0  0  0 38  0  0]
 [ 2  1  0  0  1 28  0]
 [ 1  0  0  0  0  0 30]]";0.8731617647058824;0.8481396363183216;"[[163   3   4  11   7   6   6]
 [  1  89   7  10   0   0   0]
 [  1   2 270   4   2   1   0]
 [ 12  10   6 490   7   2   4]
 [  8   0   0  29 211   1   1]
 [ 20   5   4   5   1 138   1]
 [ 11   0   0   2   0  13  64]]";0.8518971848225214;0.844298048885513;"[[ 85   2   1  12   2   1   3]
 [  0  55   5   3   1   2   0]
 [  2   2 119   2   1   0   0]
 [ 14   6   2 217   7   0   0]
 [  5   2   0  12 109   0   0]
 [ 10   1   2   7   2  66   2]
 [  5   0   0   1   0   4  45]]";259;[35 39 27 56 39 32 31]
99;Cora;own;0.5;0.2;64;0.5;1;0.005;649695571;0.9624060150375939;0.9608274491077264;"[[34  0  0  0  1  0  1]
 [ 0 40  0  0  0  0  0]
 [ 0  0 27  0  0  0  0]
 [ 1  0  1 56  0  0  0]
 [ 1  0  0  0 39  0  0]
 [ 2  1  0  0  1 29  0]
 [ 1  0  0  0  0  0 31]]";0.8750769230769231;0.84763064302659;"[[156   3   4  11  10   6   8]
 [  1  89   7  10   0   0   0]
 [  1   2 270   4   2   1   0]
 [ 10  10   5 490   8   2   4]
 [  6   0   0  27 215   1   1]
 [ 15   5   4   6   1 140   1]
 [  8   0   0   3   0  16  62]]";0.847001223990208;0.8387059973663276;"[[ 74   2   3  16   6   2   3]
 [  0  57   5   3   1   0   0]
 [  2   2 119   2   1   0   0]
 [  7   6   2 220  11   0   0]
 [  4   2   0  12 110   0   0]
 [  7   1   2   8   2  66   4]
 [  2   0   0   1   1   5  46]]";266;[36 40 27 58 40 33 32]
100;Cora;own;0.5;0.2;64;0.5;1;0.005;649695571;0.967032967032967;0.9645344073915503;"[[36  0  0  0  1  1  0]
 [ 0 41  1  0  0  0  0]
 [ 0  0 27  0  0  0  0]
 [ 0  0  0 59  0  0  0]
 [ 1  0  0  0 39  0  0]
 [ 2  1  0  0  1 30  0]
 [ 1  0  0  0  0  0 32]]";0.8739184177997528;0.8490247172882456;"[[157   5   3  11   8   5   8]
 [  1  87   9  10   0   0   0]
 [  0   2 268   4   2   1   0]
 [ 12  10   4 491   6   2   4]
 [  7   0   0  30 210   1   1]
 [ 17   8   4   7   1 132   2]
 [  8   0   0   2   0   9  69]]";0.847001223990208;0.8359662403054042;"[[ 73   2   2  17   4   2   6]
 [  0  57   5   3   1   0   0]
 [  2   2 119   2   1   0   0]
 [  9   6   1 224   6   0   0]
 [  5   2   0  13 108   0   0]
 [  9   1   2   8   2  64   4]
 [  3   0   0   1   0   4  47]]";273;[38 42 27 59 40 34 33]
101;Cora;own;0.5;0.2;64;0.5;1;0.005;649695571;0.9607142857142857;0.9582175361731372;"[[35  0  0  0  1  2  1]
 [ 0 42  1  0  0  0  0]
 [ 0  0 28  0  0  0  0]
 [ 0  1  0 59  0  0  0]
 [ 1  0  0  0 40  0  0]
 [ 2  1  0  0  1 30  0]
 [ 0  0  0  0  0  0 35]]";0.8721291123525761;0.8440974888199514;"[[155   3   5   5  12   6   9]
 [  2  87   9   8   0   0   0]
 [  0   2 268   3   2   1   0]
 [ 15  12   2 474  17   2   3]
 [  6   0   0  22 222   1   0]
 [ 16   6   4   5   1 137   2]
 [  7   0   0   3   0  15  62]]";0.8506731946144431;0.8402962891490224;"[[ 79   2   2  10   7   2   4]
 [  0  57   5   3   1   0   0]
 [  1   2 120   2   1   0   0]
 [  9   7   2 215  12   1   0]
 [  4   2   0   9 113   0   0]
 [  9   2   2   6   2  65   4]
 [  3   0   0   1   1   4  46]]";280;[39 43 28 60 41 34 35]
102;Cora;own;0.5;0.2;64;0.5;1;0.005;649695571;0.9651567944250871;0.9638616212978527;"[[36  0  0  1  1  0  1]
 [ 0 44  0  0  0  0  0]
 [ 0  0 29  0  0  0  0]
 [ 0  0  0 61  0  0  1]
 [ 1  0  0  0 41  0  0]
 [ 2  1  0  0  1 31  0]
 [ 1  0  0  0  0  0 35]]";0.8721945137157108;0.8439365590234694;"[[144   3   5  12  16   6  11]
 [  2  86   9   8   0   0   0]
 [  0   1 263   4   3   1   0]
 [  9  10   3 485  10   2   1]
 [  5   0   0  25 223   1   0]
 [ 15   6   4   7   1 136   1]
 [  5   0   0   4   0  15  62]]";0.8567931456548348;0.8443139587639317;"[[ 73   2   1  16   8   1   5]
 [  0  57   4   3   1   1   0]
 [  1   2 120   2   1   0   0]
 [  6   6   1 223  10   0   0]
 [  3   2   0   8 114   0   1]
 [  6   1   2   8   2  67   4]
 [  2   0   0   1   1   5  46]]";287;[39 44 29 62 42 35 36]
103;Cora;own;0.5;0.2;64;0.5;1;0.005;649695571;0.9659863945578231;0.9643847062855861;"[[37  0  0  1  0  0  1]
 [ 0 45  0  0  0  0  0]
 [ 0  0 30  0  0  0  0]
 [ 0  0  0 63  0  0  1]
 [ 1  0  0  0 41  0  0]
 [ 3  1  0  0  1 32  0]
 [ 1  0  0  0  0  0 36]]";0.8710081402629931;0.845550365470859;"[[153   4   3   9  13   5   9]
 [  3  89   5   7   0   1   0]
 [  1   2 264   4   0   1   0]
 [ 14  11   3 469  16   2   2]
 [  8   0   0  24 222   0   0]
 [ 17   6   4   6   1 133   1]
 [  7   0   0   3   0  14  61]]";0.8604651162790697;0.8484233229851775;"[[ 81   2   0  12   4   1   6]
 [  0  59   3   2   1   1   0]
 [  1   2 120   2   1   0   0]
 [ 11   7   1 216  11   0   0]
 [  3   2   0   6 117   0   0]
 [ 10   2   2   6   2  64   4]
 [  2   0   0   1   1   5  46]]";294;[39 45 30 64 42 37 37]
104;Cora;own;0.5;0.2;64;0.5;1;0.005;649695571;0.9700996677740864;0.9681136697280533;"[[38  0  0  1  0  0  0]
 [ 0 46  0  0  0  0  0]
 [ 0  0 31  0  0  1  0]
 [ 0  0  0 64  0  0  1]
 [ 1  0  0  0 43  0  0]
 [ 2  1  0  0  1 33  0]
 [ 1  0  0  0  0  0 37]]";0.8735849056603774;0.8476791629712562;"[[146   3   3  11  14   5  13]
 [  3  88   5   7   0   1   0]
 [  0   2 264   4   0   0   0]
 [ 12  11   3 471  16   2   2]
 [  5   0   0  23 223   0   1]
 [ 15   6   4   7   1 134   1]
 [  6   0   0   3   0  12  63]]";0.8580171358629131;0.8460779024953621;"[[ 76   2   0  14   6   1   7]
 [  0  58   4   2   1   1   0]
 [  1   2 120   2   1   0   0]
 [  6   7   2 217  14   0   0]
 [  1   2   0   6 118   0   1]
 [  9   2   2   7   2  64   4]
 [  3   0   0   1   0   3  48]]";301;[39 46 32 65 44 37 38]
105;Cora;own;0.5;0.2;64;0.5;1;0.005;649695571;0.9642857142857143;0.9630427018921511;"[[39  0  0  0  2  0  0]
 [ 0 47  0  0  0  0  0]
 [ 0  0 33  0  0  0  0]
 [ 1  0  0 65  0  0  1]
 [ 1  0  0  0 43  0  0]
 [ 2  1  0  0  1 34  0]
 [ 2  0  0  0  0  0 36]]";0.8755527479469362;0.8528901016752091;"[[150   3   3  11  13   5   9]
 [  1  88   5   7   0   1   0]
 [  0   2 261   4   0   0   0]
 [ 11  10   5 467  20   2   2]
 [  5   1   0  22 224   0   0]
 [ 14   6   4   7   1 134   1]
 [  5   0   0   3   0  14  62]]";0.8518971848225214;0.8425522888943927;"[[ 74   3   0  15   7   1   6]
 [  0  60   2   2   1   1   0]
 [  1   2 119   3   1   0   0]
 [  6   6   1 213  19   1   0]
 [  1   2   0   6 118   0   1]
 [  7   2   2   7   2  66   4]
 [  3   0   0   1   1   4  46]]";308;[41 47 33 67 44 38 38]
106;Cora;own;0.5;0.2;64;0.5;1;0.005;649695571;0.9746031746031746;0.9733256777415041;"[[43  0  0  0  0  0  0]
 [ 0 47  0  1  0  0  0]
 [ 0  0 34  0  0  0  0]
 [ 0  0  0 68  0  0  0]
 [ 1  0  0  0 44  0  0]
 [ 2  2  0  0  1 34  0]
 [ 1  0  0  0  0  0 37]]";0.8769035532994924;0.8566634155711224;"[[154   3   3  12  12   5   3]
 [  1  86   5   8   0   0   0]
 [  1   2 259   4   0   0   0]
 [ 11  11   5 469  17   2   2]
 [  6   1   0  23 221   0   0]
 [ 16   6   5   7   0 131   1]
 [  6   0   0   3   0  13  62]]";0.8506731946144431;0.8429388757837563;"[[ 75   2   0  17   6   1   5]
 [  0  59   3   3   1   0   0]
 [  1   2 119   3   1   0   0]
 [  6   6   1 213  19   1   0]
 [  2   2   0   6 118   0   0]
 [  9   2   2   7   1  65   4]
 [  3   0   0   1   1   4  46]]";315;[43 48 34 68 45 39 38]
107;Cora;own;0.5;0.2;64;0.5;1;0.005;649695571;0.9720496894409938;0.9702125140636345;"[[41  1  0  0  0  0  1]
 [ 0 48  0  0  0  0  0]
 [ 0  0 35  0  0  0  0]
 [ 0  0  0 70  0  0  0]
 [ 1  0  0  0 45  0  0]
 [ 1  1  0  1  1 35  0]
 [ 2  0  0  0  0  0 39]]";0.8776290630975143;0.8580703887062421;"[[155   3   2  11  12   5   4]
 [  1  84   7   8   0   0   0]
 [  1   1 259   4   0   0   0]
 [ 12  11   4 466  20   2   1]
 [  6   1   0  21 220   0   1]
 [ 16   6   5   7   0 131   1]
 [  5   0   0   3   0  11  62]]";0.8518971848225214;0.8426516844024868;"[[ 74   3   0  17   6   1   5]
 [  0  60   3   2   1   0   0]
 [  1   2 120   2   1   0   0]
 [  5   6   1 214  19   1   0]
 [  1   2   0   7 117   0   1]
 [  6   2   2   8   1  67   4]
 [  2   0   0   3   1   5  44]]";322;[43 48 35 70 46 39 41]
108;Cora;own;0.5;0.2;64;0.5;1;0.005;649695571;0.9756838905775076;0.9743536511889633;"[[43  0  0  0  0  0  1]
 [ 0 48  0  1  0  0  0]
 [ 0  0 36  0  0  0  0]
 [ 0  0  0 72  0  0  0]
 [ 1  0  0  0 46  0  0]
 [ 1  1  0  0  1 37  0]
 [ 2  0  0  0  0  0 39]]";0.881562099871959;0.8628654520694624;"[[151   3   2  11  15   5   3]
 [  1  81   8   9   0   0   0]
 [  1   1 257   4   0   1   0]
 [ 12   8   3 470  20   2   1]
 [  8   0   0  19 220   0   0]
 [ 12   5   5   6   0 136   1]
 [  4   0   0   3   0  12  62]]";0.8506731946144431;0.8428120362963892;"[[ 75   2   0  15   8   1   5]
 [  1  57   3   2   2   1   0]
 [  1   2 120   2   1   0   0]
 [  5   6   1 213  20   1   0]
 [  1   2   0   7 117   0   1]
 [  6   1   2   9   1  69   2]
 [  2   0   0   3   1   5  44]]";329;[44 49 36 72 47 40 41]
109;Cora;own;0.5;0.2;64;0.5;1;0.005;649695571;0.9702380952380952;0.9696333031452388;"[[44  1  0  0  0  0  0]
 [ 0 48  0  1  0  0  0]
 [ 0  0 36  0  0  0  0]
 [ 1  0  0 73  0  0  0]
 [ 1  0  0  0 47  0  0]
 [ 1  2  0  0  1 38  0]
 [ 2  0  0  0  0  0 40]]";0.8823151125401929;0.8605270034676954;"[[153   3   2  10  14   5   3]
 [  3  81   6   8   0   0   0]
 [  1   1 255   4   1   0   1]
 [ 13  10   2 469  17   2   3]
 [  6   0   0  19 220   0   1]
 [ 14   5   3   5   0 132   1]
 [  8   0   0   2   0  10  62]]";0.847001223990208;0.8368215453984147;"[[ 75   2   0  16   7   0   6]
 [  1  58   3   2   2   0   0]
 [  1   2 120   2   1   0   0]
 [  7   6   2 213  17   1   0]
 [  3   2   0   7 116   0   0]
 [  8   1   2   7   1  66   5]
 [  2   0   0   3   1   5  44]]";336;[45 49 36 74 48 42 42]
110;Cora;own;0.5;0.2;64;0.5;1;0.005;649695571;0.9825072886297376;0.9810987662059888;"[[44  0  1  0  0  0  0]
 [ 0 50  0  0  0  0  0]
 [ 0  0 37  0  0  0  0]
 [ 0  0  0 75  0  0  0]
 [ 0  0  0  0 49  0  0]
 [ 1  1  0  1  1 40  0]
 [ 1  0  0  0  0  0 42]]";0.8804909560723514;0.8596429220974243;"[[145   3   2  11  18   6   5]
 [  3  82   4   8   0   0   0]
 [  0   1 256   4   0   0   1]
 [ 11  11   4 462  22   2   2]
 [  6   0   0  16 223   0   1]
 [  6   3   3   9   1 135   1]
 [  6   0   1   2   0  12  60]]";0.8384332925336597;0.8297091628260398;"[[ 68   2   0  19  10   1   6]
 [  1  58   3   2   2   0   0]
 [  0   2 120   3   1   0   0]
 [  5   6   5 210  19   1   0]
 [  1   2   0   6 119   0   0]
 [  4   1   2  11   1  67   4]
 [  3   0   0   3   1   5  43]]";343;[45 50 37 75 49 44 43]
111;Cora;own;0.5;0.2;64;0.5;1;0.005;649695571;0.9771428571428571;0.976174257479647;"[[45  0  1  0  0  0  0]
 [ 0 51  0  0  0  0  0]
 [ 0  0 38  0  0  0  0]
 [ 0  0  0 75  0  0  0]
 [ 0  0  0  1 49  0  0]
 [ 1  1  0  1  2 41  0]
 [ 1  0  0  0  0  0 43]]";0.8773523685918235;0.8589626314550352;"[[147   3   2  11  15   6   5]
 [  3  81   5   8   0   0   0]
 [  1   1 253   4   0   0   1]
 [ 13  12   3 454  25   2   3]
 [  9   0   0  15 221   0   1]
 [  6   3   3   9   1 134   1]
 [  3   0   0   3   0  12  62]]";0.8335373317013464;0.8258428535129793;"[[ 72   2   0  15   7   2   8]
 [  2  56   3   2   2   1   0]
 [  2   0 120   3   1   0   0]
 [  6   6   5 204  23   2   0]
 [  3   2   0   6 117   0   0]
 [  2   1   2  11   1  68   5]
 [  3   0   0   3   0   5  44]]";350;[46 51 38 75 50 46 44]
112;Cora;own;0.5;0.2;64;0.5;1;0.005;649695571;0.9719887955182073;0.9719610141742316;"[[46  2  0  1  0  0  0]
 [ 0 51  0  0  0  0  0]
 [ 0  0 39  0  0  0  0]
 [ 0  0  0 76  0  0  0]
 [ 0  0  0  1 50  0  0]
 [ 1  1  0  1  2 42  0]
 [ 1  0  0  0  0  0 43]]";0.8767926988265972;0.858264866054549;"[[144   2   2  20  13   5   5]
 [  3  80   5   8   0   0   0]
 [  1   1 250   5   1   0   1]
 [ 12   8   1 461  23   2   1]
 [  8   0   0  15 221   0   1]
 [  8   4   3  10   1 129   1]
 [  5   0   0   3   0  11  60]]";0.8384332925336597;0.8305325523787223;"[[ 68   2   0  20   9   1   6]
 [  2  56   2   3   2   1   0]
 [  2   0 120   3   1   0   0]
 [  6   5   1 215  18   1   0]
 [  2   2   0   7 117   0   0]
 [  4   1   2  15   0  65   3]
 [  4   0   0   3   0   4  44]]";357;[49 51 39 76 51 47 44]
113;Cora;own;0.5;0.2;64;0.5;1;0.005;649695571;0.9752747252747253;0.9753069810954665;"[[48  1  0  1  0  0  0]
 [ 0 51  0  0  0  0  0]
 [ 0  0 40  0  0  0  0]
 [ 0  0  0 78  0  0  0]
 [ 0  0  0  1 51  0  0]
 [ 1  1  0  1  2 43  0]
 [ 1  0  0  0  0  0 44]]";0.876882776686313;0.8584752296298545;"[[138   2   2  18  19   5   5]
 [  3  80   5   7   0   0   0]
 [  0   1 250   4   1   0   2]
 [ 11  11   1 453  27   3   1]
 [  6   0   0  13 224   0   1]
 [  5   3   3   9   1 134   1]
 [  3   0   0   2   0  13  60]]";0.835985312117503;0.8291783766189003;"[[ 69   2   0  17  10   1   7]
 [  2  57   2   2   2   1   0]
 [  3   0 121   1   1   0   0]
 [  7   6   4 205  22   2   0]
 [  1   2   0   6 119   0   0]
 [  2   1   2  12   1  68   4]
 [  2   0   0   3   1   5  44]]";364;[50 51 40 78 52 48 45]
114;Cora;own;0.5;0.2;64;0.5;1;0.005;649695571;0.9703504043126685;0.9703464013375457;"[[48  0  1  2  1  0  0]
 [ 0 52  0  0  0  0  0]
 [ 0  0 41  0  0  0  0]
 [ 0  0  0 79  0  0  0]
 [ 0  0  0  1 51  0  0]
 [ 1  1  0  1  2 44  0]
 [ 1  0  0  0  0  0 45]]";0.8881578947368421;0.8675506940845384;"[[147   3   2  15  12   4   5]
 [  3  79   4   7   0   0   0]
 [  0   1 249   4   0   0   2]
 [ 12   7   2 463  20   2   1]
 [  6   0   0  15 221   0   1]
 [  6   3   4   8   0 133   2]
 [  5   0   0   2   0  12  58]]";0.8445532435740514;0.8357532669047278;"[[ 72   2   0  16   8   2   6]
 [  2  57   2   2   2   1   0]
 [  3   0 120   2   1   0   0]
 [  7   6   2 213  17   1   0]
 [  2   2   0   7 116   0   1]
 [  4   1   2  11   1  68   3]
 [  3   0   0   3   0   5  44]]";371;[52 52 41 79 52 49 46]
115;Cora;own;0.5;0.2;64;0.5;1;0.005;649695571;0.9761904761904762;0.9756453718008358;"[[51  1  0  1  0  0  1]
 [ 0 53  0  0  0  0  0]
 [ 0  0 42  0  0  0  0]
 [ 0  0  0 80  0  0  0]
 [ 0  0  0  0 53  0  0]
 [ 1  1  0  1  2 45  0]
 [ 1  0  0  0  0  0 45]]";0.8777263714474554;0.8600742582062588;"[[144   2   2  15  15   3   4]
 [  3  79   4   7   0   0   0]
 [  1   1 247   4   1   0   1]
 [ 12  10   2 449  28   3   1]
 [  7   0   0  13 221   0   1]
 [  6   4   4  10   1 130   1]
 [  5   0   0   2   0  12  58]]";0.847001223990208;0.8418937309282974;"[[ 74   2   0  16   8   1   5]
 [  2  58   2   2   2   0   0]
 [  1   2 120   2   1   0   0]
 [  7   6   2 210  20   1   0]
 [  2   2   0   6 118   0   0]
 [  5   2   2  11   1  67   2]
 [  4   0   0   3   0   3  45]]";378;[54 53 42 80 53 50 46]
116;Cora;own;0.5;0.2;64;0.5;1;0.005;649695571;0.974025974025974;0.9736766833537345;"[[53  1  0  1  1  0  0]
 [ 0 53  0  0  0  0  0]
 [ 0  0 43  0  0  0  0]
 [ 0  0  0 81  0  0  0]
 [ 0  0  0  0 53  0  0]
 [ 1  2  0  1  2 46  0]
 [ 1  0  0  0  0  0 46]]";0.8844621513944223;0.8657301874663389;"[[144   2   2  15  13   4   3]
 [  3  77   5   8   0   0   0]
 [  1   1 247   4   0   0   1]
 [ 11   6   2 456  24   4   1]
 [  7   0   0  13 221   0   1]
 [  5   2   4  10   1 131   1]
 [  6   0   0   2   0  12  56]]";0.8433292533659731;0.8385602360376386;"[[ 75   2   0  16   7   2   4]
 [  2  56   3   2   2   1   0]
 [  3   0 120   2   1   0   0]
 [  7   6   2 210  20   1   0]
 [  3   2   0   7 116   0   0]
 [  5   1   2  11   1  68   2]
 [  5   0   0   3   0   3  44]]";385;[56 53 43 81 53 52 47]
117;Cora;own;0.5;0.2;64;0.5;1;0.005;649695571;0.9744897959183674;0.974488446653108;"[[54  0  1  1  0  0  0]
 [ 0 53  0  0  0  0  0]
 [ 0  0 43  0  0  0  0]
 [ 0  0  0 83  0  0  0]
 [ 0  0  0  1 53  0  0]
 [ 2  1  0  1  2 49  0]
 [ 1  0  0  0  0  0 47]]";0.8905937291527685;0.8696195725432686;"[[146   2   2  17   9   4   3]
 [  3  76   7   7   0   0   0]
 [  1   1 247   4   0   0   1]
 [ 11   5   1 462  16   4   3]
 [  7   0   0  14 218   0   1]
 [  5   0   4  10   0 131   1]
 [  6   0   0   3   0  12  55]]";0.847001223990208;0.8374637701254012;"[[ 76   2   0  16   7   2   3]
 [  2  55   3   2   2   2   0]
 [  3   0 120   2   1   0   0]
 [  6   5   2 215  17   1   0]
 [  2   2   0   7 117   0   0]
 [  4   1   2  12   1  67   3]
 [  4   0   0   3   0   6  42]]";392;[56 53 43 83 54 55 48]
118;Cora;own;0.5;0.2;64;0.5;1;0.005;649695571;0.9674185463659147;0.967037062228116;"[[56  1  0  0  0  1  0]
 [ 0 54  0  0  0  0  0]
 [ 0  0 43  0  0  0  0]
 [ 0  1  0 84  0  0  0]
 [ 0  0  0  1 53  0  0]
 [ 2  1  1  1  2 49  0]
 [ 2  0  0  0  0  0 47]]";0.8873994638069705;0.8666824803611662;"[[145   2   2  16  11   3   2]
 [  3  76   6   7   0   0   0]
 [  1   1 243   4   1   0   1]
 [ 11   8   1 459  15   3   3]
 [  7   0   0  14 218   0   1]
 [  7   0   6  11   0 128   1]
 [  6   0   1   2   0  11  55]]";0.8531211750305998;0.8438361721143518;"[[ 75   2   0  16   8   1   4]
 [  2  57   3   2   2   0   0]
 [  3   0 120   2   1   0   0]
 [  6   6   1 219  13   1   0]
 [  2   2   0   7 117   0   0]
 [  6   1   2  13   1  64   3]
 [  4   0   0   1   0   5  45]]";399;[58 54 43 85 54 56 49]
119;Cora;own;0.5;0.2;64;0.5;1;0.005;649695571;0.9679802955665024;0.9673734793571903;"[[57  1  0  0  0  1  0]
 [ 0 55  0  0  0  0  0]
 [ 0  0 43  0  0  0  0]
 [ 0  0  1 86  0  0  0]
 [ 0  0  0  1 53  0  0]
 [ 2  1  1  1  2 51  0]
 [ 2  0  0  0  0  0 48]]";0.8922558922558923;0.8716973937646613;"[[145   2   2  16  12   2   2]
 [  2  75   6   8   0   0   0]
 [  1   1 241   5   1   0   1]
 [ 10   7   1 463  12   4   1]
 [  6   0   0  14 219   0   1]
 [  5   0   6  10   1 128   1]
 [  6   0   0   2   0  12  54]]";0.8580171358629131;0.8479604511501282;"[[ 76   2   0  16   8   1   3]
 [  2  56   3   2   2   1   0]
 [  3   0 120   2   1   0   0]
 [  6   6   1 219  12   2   0]
 [  2   2   0   6 118   0   0]
 [  4   1   2  11   1  68   3]
 [  4   0   0   1   0   6  44]]";406;[59 55 43 87 54 58 50]
120;Cora;own;0.5;0.2;64;0.5;1;0.005;649695571;0.9757869249394673;0.9756452623961722;"[[60  0  0  0  0  0  0]
 [ 0 55  0  1  0  0  0]
 [ 0  0 45  0  0  0  0]
 [ 0  0  0 88  0  0  0]
 [ 0  0  0  1 53  0  0]
 [ 2  1  1  1  2 52  0]
 [ 1  0  0  0  0  0 50]]";0.8930987821380244;0.874655358449578;"[[146   2   2  18   9   2   2]
 [  2  75   4   8   0   0   0]
 [  1   1 238   7   0   0   1]
 [ 12   4   1 464  10   4   2]
 [  6   0   0  17 216   0   1]
 [  5   0   6   9   1 128   1]
 [  7   0   0   2   0  11  53]]";0.8616891064871481;0.8511652610892678;"[[ 74   2   0  16   9   1   4]
 [  2  56   3   4   1   0   0]
 [  3   0 120   2   1   0   0]
 [  6   5   1 223  10   1   0]
 [  2   2   0   7 117   0   0]
 [  3   1   2  10   1  69   4]
 [  4   0   0   1   0   5  45]]";413;[60 56 45 88 54 59 51]
121;Cora;own;0.5;0.2;64;0.5;1;0.005;649695571;0.9714285714285714;0.9708000578766498;"[[60  0  0  0  0  0  1]
 [ 0 55  0  1  0  0  0]
 [ 0  0 46  0  0  0  0]
 [ 0  0  0 89  0  0  0]
 [ 0  0  0  1 55  0  0]
 [ 1  1  1  1  2 53  0]
 [ 2  0  0  0  0  1 50]]";0.8953093133922502;0.8824527770451692;"[[147   2   2  17   9   2   1]
 [  2  76   2   7   0   0   0]
 [  1   1 236  10   0   0   1]
 [ 14   3   1 457  13   5   0]
 [  7   0   0  18 215   0   1]
 [  4   0   6   5   0 134   1]
 [  6   0   0   2   0  11  52]]";0.8592411260709915;0.8506431281723442;"[[ 78   2   0  15   6   2   3]
 [  2  56   3   3   1   1   0]
 [  3   0 118   4   1   0   0]
 [  8   4   1 219  12   2   0]
 [  3   2   0   7 116   0   0]
 [  3   1   2   8   1  72   3]
 [  5   0   0   1   0   6  43]]";420;[61 56 46 89 56 59 53]
122;Cora;own;0.5;0.2;64;0.5;1;0.005;831763849;0.0;0.0;[[]];0.07932310946589106;0.05716074796130333;"[[ 95  96  25   0   7   0  22]
 [111  25   6   0   3   0   6]
 [119 133  21   1   9   0   9]
 [207 274  26   4  23   0  38]
 [ 61 204   4  11   3   0  15]
 [ 73  80   9   2  27   0  17]
 [ 55  52   7   0   9   0   2]]";0.07466340269277846;0.05458606447491704;"[[ 42  42  10   0   4   0   8]
 [ 51   8   1   0   1   0   5]
 [ 50  58   9   0   3   0   6]
 [ 95 120  10   0  13   0   8]
 [ 19  97   5   2   0   0   5]
 [ 37  31   4   0  10   1   7]
 [ 29  18   3   0   3   1   1]]";0;[]
123;Cora;own;0.5;0.2;64;0.5;1;0.005;831763849;0.14285714285714285;0.03571428571428571;"[[0 0 1 0 0 0 0]
 [0 0 1 0 0 0 0]
 [0 0 1 0 0 0 0]
 [0 0 1 0 0 0 0]
 [0 0 1 0 0 0 0]
 [0 0 1 0 0 0 0]
 [0 0 1 0 0 0 0]]";0.2531847133757962;0.05772372481394082;"[[  0   0 250   0   0   0   0]
 [  0   0 134   0   0   0   0]
 [  0   0 477   0   0   0   0]
 [  0   0 469   0   0   0   0]
 [  0   0 271   0   0   0   0]
 [  0   0 136   0   0   0   0]
 [  0   0 147   0   0   0   0]]";0.15422276621787026;0.03817603393425239;"[[  0   0 106   0   0   0   0]
 [  0   0  66   0   0   0   0]
 [  0   0 126   0   0   0   0]
 [  0   0 246   0   0   0   0]
 [  0   0 128   0   0   0   0]
 [  0   0  90   0   0   0   0]
 [  0   0  55   0   0   0   0]]";7;[1 1 1 1 1 1 1]
124;Cora;own;0.5;0.2;64;0.5;1;0.005;831763849;0.07142857142857142;0.019047619047619046;"[[0 0 2 0 0 0 0]
 [0 0 1 0 0 0 0]
 [0 0 1 0 0 0 0]
 [0 0 5 0 0 0 0]
 [0 0 2 0 0 0 0]
 [0 0 1 0 0 0 0]
 [0 0 2 0 0 0 0]]";0.24613745338305806;0.057613546060272636;"[[  1   0 226   0   0   0   0]
 [  0   0 134   0   0   0   0]
 [  0   0 461   0   0   0   0]
 [  0   0 456   0   0   0   0]
 [  0   0 261   0   0   0   0]
 [  0   0 129   0   0   0   0]
 [  0   0 209   0   0   0   0]]";0.15422276621787026;0.03817603393425239;"[[  0   0 106   0   0   0   0]
 [  0   0  66   0   0   0   0]
 [  0   0 126   0   0   0   0]
 [  0   0 246   0   0   0   0]
 [  0   0 128   0   0   0   0]
 [  0   0  90   0   0   0   0]
 [  0   0  55   0   0   0   0]]";14;[2 1 1 5 2 1 2]
125;Cora;own;0.5;0.2;64;0.5;1;0.005;831763849;0.5714285714285714;0.49350649350649356;"[[5 0 0 0 0 0 0]
 [0 1 0 0 0 0 0]
 [0 0 1 0 0 0 0]
 [1 0 4 3 0 0 0]
 [0 0 1 0 2 0 0]
 [0 0 1 0 0 0 0]
 [0 0 2 0 0 0 0]]";0.39786096256684494;0.2772126260165396;"[[169   2  53   0   0   0   0]
 [  3 104  26   0   0   0   0]
 [  2   1 449   0   0   0   0]
 [ 59   3 391  20   0   0   0]
 [161   8  84   0   2   0   0]
 [  4   4 121   0   0   0   0]
 [ 37   0 167   0   0   0   0]]";0.29253365973072215;0.22077510106629458;"[[ 67   1  38   0   0   0   0]
 [  1  43  22   0   0   0   0]
 [  0   0 126   0   0   0   0]
 [ 31   6 207   2   0   0   0]
 [ 76   7  44   0   1   0   0]
 [  2   2  86   0   0   0   0]
 [  5   0  50   0   0   0   0]]";21;[5 1 1 8 3 1 2]
126;Cora;own;0.5;0.2;64;0.5;1;0.005;831763849;0.9285714285714286;0.7789115646258503;"[[ 7  0  0  0  0  0  0]
 [ 0  2  0  0  0  0  0]
 [ 0  0  1  0  0  0  0]
 [ 0  0  1 10  0  0  0]
 [ 0  0  0  0  4  0  0]
 [ 0  0  1  0  0  0  0]
 [ 0  0  0  0  0  0  2]]";0.5308641975308642;0.43488514650887866;"[[180   1  44   3   0   0   7]
 [  1 115  20   0   0   0   2]
 [  0   1 438   0   0   0   0]
 [ 59  10 227 170   0   0  10]
 [131   9  78  27   7   0   8]
 [  2   4  76   1   0   0  48]
 [ 17   1  87   0   0   0  79]]";0.37576499388004897;0.3074056748194681;"[[ 66   2  30   2   0   0   6]
 [  0  47  17   0   0   0   2]
 [  0   0 126   0   0   0   0]
 [ 35   8 138  59   0   0   6]
 [ 61   6  42   9   3   0   7]
 [  2   3  47   0   0   0  38]
 [  2   1  46   0   0   0   6]]";28;[ 7  2  1 11  4  1  2]
127;Cora;own;0.5;0.2;64;0.5;1;0.005;831763849;0.8285714285714286;0.6979853479853481;"[[ 7  0  0  0  0  0  0]
 [ 0  2  0  0  0  0  0]
 [ 0  0  2  0  0  0  0]
 [ 0  0  1 11  0  0  0]
 [ 1  1  0  1  5  0  0]
 [ 0  0  0  0  0  0  2]
 [ 0  0  0  0  0  0  2]]";0.5070043103448276;0.42942390382465845;"[[171   2  29   5   0   0  18]
 [  2 115  12   0   0   0   2]
 [  1   2 386   0   0   0   0]
 [ 59   7 181 166   0   0  17]
 [148  22  83  95  10   0  15]
 [  2   6  61   1   0   0  67]
 [ 17   2  58   1   0   0  93]]";0.4259485924112607;0.35760966428806595;"[[ 67   2  27   2   0   0   8]
 [  0  51  13   0   0   0   2]
 [  0   0 126   0   0   0   0]
 [ 40   7 107  82   0   0  10]
 [ 58   7  26  22   4   0  11]
 [  1   3  43   0   0   0  43]
 [  7   1  29   0   0   0  18]]";35;[ 7  2  2 12  8  2  2]
128;Cora;own;0.5;0.2;64;0.5;1;0.005;831763849;0.7619047619047619;0.6394406345534164;"[[ 7  0  0  0  0  0  0]
 [ 0  3  0  0  0  0  0]
 [ 0  0  2  0  0  0  0]
 [ 0  0  0 12  0  0  0]
 [ 1  1  2  2  6  0  1]
 [ 0  1  0  0  0  0  2]
 [ 0  0  0  0  0  0  2]]";0.4975662520281233;0.41865317674153035;"[[158   3  38   2   0   0  18]
 [  2 123  44   0   0   0   1]
 [  1   3 367   1   0   0   0]
 [ 56  15 195 173   0   0  11]
 [104  36  76  72  27   0  14]
 [  2   9  83   1   0   0  78]
 [ 10   5  47   2   0   0  72]]";0.4320685434516524;0.3721036640459007;"[[ 65   3  28   2   0   0   8]
 [  0  53  11   0   0   0   2]
 [  0   0 126   0   0   0   0]
 [ 37  11 112  76   0   0  10]
 [ 34  15  37  18  18   0   6]
 [  0   5  43   0   0   0  42]
 [  4   3  33   0   0   0  15]]";42;[ 7  3  2 12 13  3  2]
129;Cora;own;0.5;0.2;64;0.5;1;0.005;831763849;0.8979591836734694;0.765975800776373;"[[ 7  0  0  0  0  0  0]
 [ 0  3  0  0  0  0  0]
 [ 0  0  3  0  0  0  0]
 [ 0  0  0 14  1  0  0]
 [ 0  0  0  0 15  0  0]
 [ 0  1  0  0  0  0  3]
 [ 0  0  0  0  0  0  2]]";0.6123778501628665;0.5368381988539697;"[[144   3  27   1  36   0   9]
 [  0 136  20   0  14   0   0]
 [  1   2 370   1   1   0   0]
 [ 27  10 103 121 192   0   9]
 [  6   6   0   2 296   0   3]
 [  2  11  68   0  32   0  64]
 [  5   9  21   0  29   0  61]]";0.5042839657282742;0.44191371627904846;"[[ 62   3  24   2  10   0   5]
 [  0  53  10   1   2   0   0]
 [  0   0 124   0   2   0   0]
 [ 22   7  58  41 115   0   3]
 [  0   3   2   3 120   0   0]
 [  0   7  40   0  10   0  33]
 [  4   4  20   0  15   0  12]]";49;[ 7  3  3 15 15  4  2]
130;Cora;own;0.5;0.2;64;0.5;1;0.005;831763849;0.9107142857142857;0.7648392690409498;"[[ 8  0  0  0  0  0  1]
 [ 0  4  0  0  0  0  0]
 [ 0  0  3  0  0  0  0]
 [ 0  0  0 18  0  0  0]
 [ 0  0  0  0 15  0  0]
 [ 0  1  1  0  0  0  2]
 [ 0  0  0  0  0  0  3]]";0.6632152588555859;0.5863131934113323;"[[160   8  19   2  12   0  28]
 [  2 137  12   0   2   0   2]
 [  1   2 357   1   0   0   2]
 [ 54  30  93 194  83   0  15]
 [ 12   7   4  11 265   0   6]
 [ 11  10  71   0   7   0  71]
 [  4  17   5  12   2   0 104]]";0.5679314565483476;0.5128832771855146;"[[ 61   3  19   2   5   0  16]
 [  0  53   9   2   0   0   2]
 [  0   0 124   0   2   0   0]
 [ 37  15  59  79  48   0   8]
 [  3   5   5   5 107   0   3]
 [  4   8  39   0   1   0  38]
 [  0   8   4   2   1   0  40]]";56;[ 9  4  3 18 15  4  3]
131;Cora;own;0.5;0.2;64;0.5;1;0.005;831763849;0.9047619047619048;0.7754571680614167;"[[10  0  0  0  1  0  0]
 [ 0  5  0  0  0  0  0]
 [ 0  0  4  0  0  0  0]
 [ 1  0  0 20  0  0  0]
 [ 0  0  0  0 15  0  0]
 [ 0  1  0  0  0  0  3]
 [ 0  0  0  0  0  0  3]]";0.6761487964989059;0.606479575468687;"[[201   4   8   3  12   0  17]
 [  3 137   8   0   3   0   1]
 [  1   0 355   1   0   0   1]
 [120  28  56 219  43   0   7]
 [ 29   9   4  17 223   0   5]
 [ 49   9  65   0   0   0  49]
 [ 14   4   0  21   1   0 101]]";0.5887392900856793;0.5361148998344687;"[[ 79   3  10   3   3   0   8]
 [  0  53   9   2   0   0   2]
 [  2   0 123   1   0   0   0]
 [ 72  13  35  95  30   0   1]
 [ 16   7   5   6  94   0   0]
 [ 13   7  37   0   1   0  32]
 [  4   3   3   7   1   0  37]]";63;[11  5  4 21 15  4  3]
132;Cora;own;0.5;0.2;64;0.5;1;0.005;831763849;0.8857142857142857;0.7660166630754865;"[[11  0  0  0  2  0  0]
 [ 0  5  0  0  0  0  0]
 [ 0  0  4  0  0  0  0]
 [ 0  0  0 22  0  0  0]
 [ 0  0  0  0 16  0  0]
 [ 0  0  1  0  0  0  5]
 [ 0  0  0  0  0  0  4]]";0.6666666666666666;0.5983267039230291;"[[192   5   7   4  16   0  24]
 [  3 132   7   0   3   0   2]
 [  2   0 345   0   0   0   1]
 [106  25  59 204  68   0  13]
 [ 22   6   2  18 229   0   5]
 [ 32   8  60   0   0   0  79]
 [  5   7   0  17   1   0 112]]";0.591187270501836;0.5338424091622832;"[[ 71   3  10   2   5   0  15]
 [  0  54   8   2   0   0   2]
 [  0   2 124   0   0   0   0]
 [ 67  13  33  88  43   0   2]
 [  6   5   4   6 105   0   2]
 [ 11   7  27   0   2   0  43]
 [  2   5   2   4   1   0  41]]";70;[13  5  4 22 16  6  4]
133;Cora;own;0.5;0.2;64;0.5;1;0.005;831763849;0.8831168831168831;0.7684049284049285;"[[11  0  0  0  2  0  0]
 [ 0  5  0  0  0  0  0]
 [ 0  0  5  0  0  0  0]
 [ 0  0  0 24  0  0  0]
 [ 1  0  0  0 18  0  0]
 [ 0  0  1  0  0  0  5]
 [ 0  0  0  0  0  0  5]]";0.675303197353914;0.6083187695444311;"[[195   4   6   4  15   0  20]
 [  3 130   5   1   5   0   1]
 [  2   1 343   1   0   0   1]
 [114  17  37 218  79   0  13]
 [ 22   2   1  18 233   0   4]
 [ 44   9  55   1   2   0  67]
 [  9   4   0  21   1   0 106]]";0.6107711138310894;0.5498831674540785;"[[ 77   3   5   3   3   0  15]
 [  0  54   7   2   1   0   2]
 [  0   0 123   1   2   0   0]
 [ 71  12  21  95  44   0   3]
 [  6   3   1   6 112   0   0]
 [ 11   7  27   0   3   0  42]
 [  4   6   1   5   1   0  38]]";77;[13  5  5 24 19  6  5]
134;Cora;own;0.5;0.2;64;0.5;1;0.005;831763849;0.8809523809523809;0.7640137322403333;"[[13  0  0  0  0  0  1]
 [ 0  6  0  0  0  0  0]
 [ 0  0  5  0  0  0  0]
 [ 1  0  0 27  0  0  0]
 [ 1  0  0  0 18  0  0]
 [ 0  3  0  1  0  0  3]
 [ 0  0  0  0  0  0  5]]";0.7194244604316546;0.6377840248494737;"[[196   5   7   3   7   0  23]
 [  1 134   6   2   3   0   1]
 [  2   0 339   2   0   0   1]
 [ 74  23  40 312  32   0  11]
 [ 27   2   1  22 222   0   3]
 [ 26  25  56  12   1   0  55]
 [  5   6   0  23   0   0  97]]";0.6401468788249693;0.5698732791396113;"[[ 76   3   7   3   2   0  15]
 [  0  54   8   2   1   0   1]
 [  0   2 123   1   0   0   0]
 [ 60  14  19 127  24   0   2]
 [  6   3   4   8 107   0   0]
 [ 10   9  27   6   2   0  36]
 [  2   6   3   8   0   0  36]]";84;[14  6  5 28 19  7  5]
135;Cora;own;0.5;0.2;64;0.5;1;0.005;831763849;0.967032967032967;0.9638860693276394;"[[14  0  0  0  0  0  0]
 [ 0  6  0  0  0  0  0]
 [ 0  0  6  0  0  0  0]
 [ 1  0  0 29  0  0  0]
 [ 1  0  0  0 19  0  0]
 [ 0  0  0  0  0  9  0]
 [ 0  0  0  0  0  1  5]]";0.8038888888888889;0.7974779946633807;"[[198   3   6  10   3   9  10]
 [  1 127   6   4   4   3   1]
 [  1   0 336   2   0   1   1]
 [ 72  13  28 336  27  18   2]
 [ 23   2   0  15 229   5   2]
 [ 10   6  13  11   0 128   9]
 [  5   0   0   5   1  21  93]]";0.7184822521419829;0.7142901941755584;"[[ 77   3   4   7   2   9   4]
 [  0  54   8   2   1   1   0]
 [  0   0 123   1   0   2   0]
 [ 49   9  18 140  23   7   0]
 [  5   3   5   9 104   2   0]
 [  4   4  10   7   1  57   7]
 [  5   0   0   6   2  10  32]]";91;[14  6  6 30 20  9  6]
136;Cora;own;0.5;0.2;64;0.5;1;0.005;831763849;0.9387755102040817;0.9330281765662114;"[[14  1  0  0  0  0  0]
 [ 0  6  0  0  0  0  0]
 [ 0  0  6  0  0  0  0]
 [ 1  0  0 31  0  0  0]
 [ 1  0  0  0 20  0  0]
 [ 0  0  0  2  0  8  1]
 [ 0  0  0  0  0  0  7]]";0.8064696040156163;0.7962276593271594;"[[199   2   3  14   4   3  17]
 [  0 122   9   7   4   0   1]
 [  1   2 323   2   0   2   0]
 [ 71  12  23 362  25   1   5]
 [ 23   2   0  16 231   1   5]
 [ 13   8  13  14   0  99  24]
 [  7   0   1  10   0   2 110]]";0.7282741738066095;0.7232143442221711;"[[ 74   3   3  11   2   0  13]
 [  0  54   7   2   1   0   2]
 [  0   2 123   1   0   0   0]
 [ 48   7  16 150  25   0   0]
 [  6   4   2  10 106   0   0]
 [  7   5   9   8   2  46  13]
 [  5   0   0   6   1   1  42]]";98;[15  6  6 32 21 11  7]
137;Cora;own;0.5;0.2;64;0.5;1;0.005;831763849;0.9809523809523809;0.9839397542127573;"[[16  0  0  0  0  0  0]
 [ 0  7  0  0  0  0  0]
 [ 0  0  7  0  0  0  0]
 [ 0  0  0 32  0  0  0]
 [ 1  0  0  0 21  0  0]
 [ 0  0  0  1  0 11  0]
 [ 0  0  0  0  0  0  9]]";0.8096304591265397;0.8013615118190004;"[[186   3   7  10   2   6  25]
 [  0 127   7   5   1   0   2]
 [  2   2 321   3   0   0   0]
 [ 59  12  23 356  31   6  10]
 [ 23   3   0  15 225   3   5]
 [ 11   7  16   6   0 108  23]
 [  4   0   2   3   1   2 123]]";0.7319461444308446;0.7284424620835578;"[[ 71   3   5   9   1   0  17]
 [  0  54   7   2   0   0   3]
 [  0   2 123   1   0   0   0]
 [ 46   8  15 147  23   4   3]
 [  4   4   4  10 104   2   0]
 [  5   6  11   6   1  50  11]
 [  2   0   0   2   1   1  49]]";105;[16  7  7 32 22 12  9]
138;Cora;own;0.5;0.2;64;0.5;1;0.005;831763849;0.9732142857142857;0.9735418398226313;"[[16  0  0  0  0  0  1]
 [ 0  8  0  0  0  0  0]
 [ 0  0  7  0  0  0  0]
 [ 0  0  0 34  0  0  0]
 [ 1  0  0  0 22  0  0]
 [ 0  0  0  1  0 13  0]
 [ 0  0  0  0  0  0  9]]";0.821247892074199;0.8164556619614556;"[[188   3   6  13   2   8  15]
 [  0 124   7   8   2   0   1]
 [  1   3 312   3   0   1   0]
 [ 61   9  19 367  24   9   8]
 [ 22   3   0  16 222   5   5]
 [  8   4   6   7   0 139  24]
 [  4   0   1   8   0   2 109]]";0.7441860465116279;0.7437580610290039;"[[ 70   4   4  12   0   5  11]
 [  0  54   7   2   1   1   1]
 [  0   2 123   1   0   0   0]
 [ 44   6  12 153  24   5   2]
 [  4   4   4  10 103   3   0]
 [  2   6   2   8   1  64   7]
 [  4   0   0   8   1   1  41]]";112;[17  8  7 34 23 14  9]
139;Cora;own;0.5;0.2;64;0.5;1;0.005;831763849;0.957983193277311;0.9545227314520635;"[[18  1  0  0  0  0  1]
 [ 0  8  0  0  0  0  0]
 [ 0  0  7  0  0  0  0]
 [ 0  0  0 36  0  0  0]
 [ 1  0  0  0 23  0  0]
 [ 1  0  0  1  0 12  0]
 [ 0  0  0  0  0  0 10]]";0.8081264108352144;0.8034097812336417;"[[188   3   8  13   1   7  14]
 [  1 120   9   9   1   0   1]
 [  1   2 314   3   0   0   0]
 [ 69   9  24 356  24   8   8]
 [ 27   2   0  14 219   3   5]
 [ 10   7   9   8   0 128  25]
 [  8   0   1   6   0   0 107]]";0.7466340269277846;0.7490253749011843;"[[ 77   3   6  10   0   2   8]
 [  0  55   7   3   0   0   1]
 [  0   2 123   1   0   0   0]
 [ 46   5  16 150  24   4   1]
 [  8   3   5   7 104   1   0]
 [  4   6   2   7   1  61   9]
 [  5   0   1   7   1   1  40]]";119;[20  8  7 36 24 14 10]
140;Cora;own;0.5;0.2;64;0.5;1;0.005;831763849;0.9523809523809523;0.9554814857062339;"[[20  0  0  0  0  0  1]
 [ 0  8  0  0  0  0  0]
 [ 0  0  7  0  0  0  0]
 [ 1  0  0 38  0  0  1]
 [ 1  0  0  0 24  0  0]
 [ 1  0  0  1  0 13  0]
 [ 0  0  0  0  0  0 10]]";0.8169971671388102;0.8082303498889496;"[[199   4   5  13   3   5  10]
 [  1 118   8   9   1   0   1]
 [  1   0 314   3   0   0   0]
 [ 57   7  16 390  25   4   5]
 [ 30   2   0  20 201   2   5]
 [ 10   6   8  14   0 121  27]
 [  8   0   0  13   0   0  99]]";0.7539779681762546;0.7541250637854338;"[[ 77   3   3  15   0   0   8]
 [  0  54   7   4   0   0   1]
 [  0   2 123   1   0   0   0]
 [ 42   4  11 165  23   1   0]
 [ 12   3   4  10  99   0   0]
 [  3   6   2   9   1  59  10]
 [  5   0   0   9   1   1  39]]";126;[21  8  7 40 25 15 10]
141;Cora;own;0.5;0.2;64;0.5;1;0.005;831763849;0.9624060150375939;0.9624021701703939;"[[20  0  0  0  0  0  1]
 [ 0  9  0  0  0  0  0]
 [ 0  0  8  0  0  0  0]
 [ 0  0  0 41  0  0  1]
 [ 1  0  0  0 25  0  0]
 [ 1  0  0  1  0 14  0]
 [ 0  0  0  0  0  0 11]]";0.8327645051194539;0.8255350399556886;"[[188   3   9  13   5   6  11]
 [  1 120   6   7   2   0   1]
 [  1   2 311   3   0   0   0]
 [ 45   7  14 391  34   6   9]
 [ 26   2   0  12 214   3   3]
 [  6   6   8   7   0 132  25]
 [  7   0   0   2   1   1 108]]";0.7711138310893513;0.7695992485023471;"[[ 76   3   3  11   1   1  11]
 [  0  54   7   2   1   0   2]
 [  0   2 123   1   0   0   0]
 [ 33   5  11 166  26   4   1]
 [ 11   4   3   8 101   1   0]
 [  5   5   2   5   1  61  11]
 [  2   0   0   1   2   1  49]]";133;[21  9  8 42 26 16 11]
142;Cora;own;0.5;0.2;64;0.5;1;0.005;831763849;0.9785714285714285;0.9788427015683135;"[[21  0  0  0  0  0  1]
 [ 0  9  0  0  0  0  0]
 [ 0  0  9  0  0  0  0]
 [ 0  0  0 45  0  0  0]
 [ 1  0  0  0 25  0  0]
 [ 0  0  0  1  0 17  0]
 [ 0  0  0  0  0  0 11]]";0.8303826384922901;0.8252712304501164;"[[182   3  10  16   3   6  10]
 [  1 118   6  11   1   0   1]
 [  2   2 309   5   0   0   0]
 [ 48   5  12 401  25   6   5]
 [ 28   2   0  22 203   4   3]
 [  6   5   8   7   0 137  19]
 [  8   0   0   5   0   2 104]]";0.7821297429620563;0.7793532667566518;"[[ 77   3   4  13   0   1   8]
 [  0  54   7   4   0   0   1]
 [  0   2 122   2   0   0   0]
 [ 26   5  10 179  23   3   0]
 [ 11   4   3  10  99   1   0]
 [  5   6   2   6   1  63   7]
 [  5   0   0   2   1   2  45]]";140;[22  9  9 45 26 18 11]
143;Cora;own;0.5;0.2;64;0.5;1;0.005;831763849;0.9727891156462585;0.97345219636653;"[[23  0  0  0  0  0  0]
 [ 0 10  0  0  0  0  0]
 [ 0  0  9  0  0  0  0]
 [ 0  0  0 47  1  0  0]
 [ 1  0  0  0 25  0  0]
 [ 0  0  1  1  0 18  0]
 [ 0  0  0  0  0  0 11]]";0.8256880733944955;0.8217646611663251;"[[186   3  10  14   3   5  10]
 [  1 113   7  10   2   0   1]
 [  2   0 307   5   0   0   0]
 [ 53   5  16 394  26   6   3]
 [ 30   2   0  19 201   3   3]
 [  7   7   9   9   0 136  17]
 [  7   0   0   6   0   3 103]]";0.7760097919216646;0.7758777868677255;"[[ 78   3   4  13   0   0   8]
 [  0  54   7   3   1   0   1]
 [  0   2 122   2   0   0   0]
 [ 29   5  13 175  21   3   0]
 [ 13   3   4   9  98   1   0]
 [  6   6   2   7   1  61   7]
 [  5   0   0   2   1   1  46]]";147;[23 10  9 48 26 20 11]
144;Cora;own;0.5;0.2;64;0.5;1;0.005;831763849;0.9805194805194806;0.9804791896586252;"[[24  0  0  0  0  0  0]
 [ 0 11  0  0  0  0  0]
 [ 0  0  9  0  0  0  0]
 [ 0  0  1 50  0  0  0]
 [ 1  0  0  0 25  0  0]
 [ 0  0  0  1  0 20  0]
 [ 0  0  0  0  0  0 12]]";0.8388025331030512;0.8325052515208476;"[[179   3   9  16   3   5  12]
 [  2 112   7  11   1   3   2]
 [  2   3 297   6   0   1   0]
 [ 40   5  11 416  22   7   3]
 [ 27   2   0  20 200   4   3]
 [  7   3   3  10   0 147  16]
 [  3   0   0   5   0   3 106]]";0.8090575275397797;0.804378345020755;"[[ 79   3   1  11   0   1  11]
 [  0  54   5   4   0   1   2]
 [  0   2 121   3   0   0   0]
 [ 25   5   7 190  16   3   0]
 [ 11   4   3   8  99   3   0]
 [  3   2   2   5   1  70   7]
 [  3   0   0   2   1   1  48]]";154;[24 11  9 51 26 21 12]
145;Cora;own;0.5;0.2;64;0.5;1;0.005;831763849;0.9751552795031055;0.979403081987512;"[[24  0  0  0  0  0  0]
 [ 0 12  0  0  0  0  0]
 [ 0  0 10  0  0  0  0]
 [ 1  0  0 52  0  0  0]
 [ 1  0  0  0 26  0  0]
 [ 1  0  0  1  0 20  0]
 [ 0  0  0  0  0  0 13]]";0.838728323699422;0.8320613538977341;"[[185   3   9   9   2   6  10]
 [  3 113   9   8   3   3   1]
 [  2   3 295   6   0   1   0]
 [ 41   5   9 409  30   6   3]
 [ 31   1   0  16 202   3   3]
 [ 10   2   4   8   0 142  18]
 [  8   0   0   2   0   1 105]]";0.799265605875153;0.798723585981339;"[[ 85   3   3   8   0   0   7]
 [  0  54   6   3   1   1   1]
 [  2   2 120   2   0   0   0]
 [ 29   5   8 182  19   3   0]
 [ 13   4   3   8  98   2   0]
 [  6   3   1   5   1  68   6]
 [  5   0   0   2   1   1  46]]";161;[24 12 10 53 27 22 13]
146;Cora;own;0.5;0.2;64;0.5;1;0.005;831763849;0.9702380952380952;0.9720316720316721;"[[24  0  0  1  0  0  1]
 [ 0 13  0  0  0  0  0]
 [ 0  0 11  0  0  0  0]
 [ 0  0  0 54  0  0  0]
 [ 1  0  0  0 27  0  0]
 [ 1  0  0  1  0 21  0]
 [ 0  0  0  0  0  0 13]]";0.8432965757399884;0.8354994759718452;"[[184   5   8  13   1   5  11]
 [  3 113   9   9   1   2   2]
 [  2   3 294   7   0   1   0]
 [ 37   5   8 416  19   4   3]
 [ 30   2   0  20 202   4   3]
 [ 10   2   4  11   0 138  17]
 [  4   0   0   4   0   1 106]]";0.8017135862913096;0.7957525197012832;"[[ 83   3   3   8   0   0   9]
 [  0  54   6   3   0   1   2]
 [  1   2 121   2   0   0   0]
 [ 24   6   8 189  16   3   0]
 [ 13   5   3   8  98   1   0]
 [  6   4   1   9   1  63   6]
 [  5   0   0   2   0   1  47]]";168;[26 13 11 54 28 23 13]
147;Cora;own;0.5;0.2;64;0.5;1;0.005;831763849;0.9771428571428571;0.9772772367580226;"[[26  0  0  0  0  1  1]
 [ 0 13  0  0  0  0  0]
 [ 0  0 13  0  0  0  0]
 [ 0  0  0 55  0  0  0]
 [ 1  0  0  0 28  0  0]
 [ 0  0  0  1  0 22  0]
 [ 0  0  0  0  0  0 14]]";0.8385780885780886;0.8314245666923534;"[[186   4   6  12   1   4  12]
 [  4 110   9   9   1   3   2]
 [  2   1 295   9   0   0   0]
 [ 44   5  10 406  19   4   3]
 [ 30   2   0  20 199   5   3]
 [ 11   3   3   8   0 141  17]
 [  5   0   0   5   0   1 102]]";0.7980416156670747;0.796693225759342;"[[ 86   3   3   8   0   0   6]
 [  0  54   6   3   0   1   2]
 [  2   2 120   2   0   0   0]
 [ 29   6   9 184  15   3   0]
 [ 15   4   3   8  97   1   0]
 [  6   4   1   8   1  64   6]
 [  5   0   0   2   0   1  47]]";175;[28 13 13 55 29 23 14]
148;Cora;own;0.5;0.2;64;0.5;1;0.005;831763849;0.9725274725274725;0.9767586338728177;"[[27  0  0  0  0  1  0]
 [ 0 14  0  0  0  0  0]
 [ 0  0 14  0  0  0  0]
 [ 0  0  0 56  1  0  0]
 [ 2  0  0  0 28  0  0]
 [ 0  0  0  1  0 23  0]
 [ 0  0  0  0  0  0 15]]";0.8361614979520188;0.8285235654251224;"[[180   4   7  17   2   4  11]
 [  2 110  10  11   3   2   1]
 [  2   1 294   7   0   0   0]
 [ 37   5   9 408  27   4   2]
 [ 26   1   0  18 204   4   5]
 [  9   3   3  14   0 136  16]
 [  5   0   0   7   0   1  97]]";0.8041615667074663;0.7990238212152806;"[[ 84   4   3   9   0   0   6]
 [  0  54   6   3   1   1   1]
 [  2   2 121   1   0   0   0]
 [ 22   5   9 191  16   3   0]
 [ 13   4   3   8  99   1   0]
 [  5   4   2  10   1  62   6]
 [  5   0   0   3   0   1  46]]";182;[28 14 14 57 30 24 15]
149;Cora;own;0.5;0.2;64;0.5;1;0.005;831763849;0.9788359788359788;0.9787684049975486;"[[29  0  0  0  0  0  0]
 [ 0 15  0  0  0  1  0]
 [ 0  0 15  0  0  0  0]
 [ 0  0  0 58  0  0  0]
 [ 2  0  0  0 28  0  0]
 [ 0  0  0  1  0 24  0]
 [ 0  0  0  0  0  0 16]]";0.8401880141010576;0.831751840524263;"[[180   4   8  16   1   4  13]
 [  2 112  10   9   1   3   0]
 [  2   1 293   4   0   1   0]
 [ 38   6  10 413  20   4   1]
 [ 27   1   0  20 201   4   3]
 [ 10   4   4  12   0 139  13]
 [  8   0   0   7   0   1  92]]";0.806609547123623;0.8003665377058916;"[[ 83   4   4   9   0   0   6]
 [  0  54   6   3   0   2   1]
 [  2   2 121   1   0   0   0]
 [ 21   5   9 194  14   3   0]
 [ 13   4   3   9  98   1   0]
 [  6   4   2   8   1  64   5]
 [  6   0   0   3   0   1  45]]";189;[29 16 15 58 30 25 16]
150;Cora;own;0.5;0.2;64;0.5;1;0.005;831763849;0.9795918367346939;0.9796058102916331;"[[30  0  0  0  0  0  0]
 [ 0 16  0  0  0  1  0]
 [ 0  0 16  0  0  0  0]
 [ 0  0  0 59  0  0  0]
 [ 2  0  0  0 29  0  0]
 [ 0  0  0  1  0 25  0]
 [ 0  0  0  0  0  0 17]]";0.8395280235988201;0.8286443428035895;"[[179   5   7  15   2   3  15]
 [  2 110  10   9   2   3   0]
 [  2   1 292   4   0   1   0]
 [ 34   5  10 412  22   3   3]
 [ 24   2   0  23 200   3   3]
 [ 10   2   4  10   0 139  15]
 [  7   0   0   7   0   4  91]]";0.8017135862913096;0.7942133498265298;"[[ 77   4   3  11   0   1  10]
 [  0  54   6   3   0   2   1]
 [  2   2 121   1   0   0   0]
 [ 21   5   9 194  14   3   0]
 [ 12   4   3   9  98   2   0]
 [  6   4   2   8   1  64   5]
 [  5   0   0   2   0   1  47]]";196;[30 17 16 59 31 26 17]
151;Cora;own;0.5;0.2;64;0.5;1;0.005;831763849;0.9605911330049262;0.9594672473094811;"[[31  0  0  0  0  0  0]
 [ 0 17  0  0  0  1  0]
 [ 0  0 17  0  0  0  0]
 [ 0  0  0 59  1  0  0]
 [ 3  0  0  0 29  0  0]
 [ 0  0  0  1  0 26  1]
 [ 1  0  0  0  0  0 16]]";0.8447867298578199;0.8339766018643937;"[[182   5   7  13   2   3  14]
 [  2 111  10   7   2   2   0]
 [  3   1 292   2   0   1   0]
 [ 35   7  10 407  23   2   2]
 [ 28   1   0  16 203   3   3]
 [ 12   3   4   7   0 143  11]
 [  9   0   0   7   0   5  88]]";0.8102815177478581;0.806212952733835;"[[ 85   4   3   9   0   0   5]
 [  0  55   6   2   0   2   1]
 [  2   2 121   1   0   0   0]
 [ 25   5   9 190  14   3   0]
 [ 12   5   3   7  99   2   0]
 [  8   4   1   5   1  66   5]
 [  6   0   0   2   0   1  46]]";203;[31 18 17 60 32 28 17]
152;Cora;own;0.5;0.2;64;0.5;1;0.005;831763849;0.9761904761904762;0.9795799105055767;"[[33  0  0  0  0  0  0]
 [ 0 19  0  0  0  0  0]
 [ 0  0 18  0  0  0  0]
 [ 0  0  0 61  0  1  0]
 [ 3  0  0  0 30  0  0]
 [ 0  0  0  1  0 27  0]
 [ 0  0  0  0  0  0 17]]";0.8488994646044021;0.8387508862499843;"[[183   6   9  10   1   4  12]
 [  2 111  10   7   1   2   0]
 [  2   1 293   2   0   1   0]
 [ 31   5  10 411  20   4   2]
 [ 26   1   0  24 196   3   3]
 [ 12   3   4   6   0 145   9]
 [  8   0   0   8   0   5  88]]";0.8090575275397797;0.8049092391318479;"[[ 83   4   3  10   0   1   5]
 [  0  55   6   3   0   1   1]
 [  2   2 121   1   0   0   0]
 [ 21   6  10 194  11   4   0]
 [ 11   5   3  11  95   3   0]
 [  7   4   1   6   1  67   4]
 [  6   0   0   2   0   1  46]]";210;[33 19 18 62 33 28 17]
153;Cora;own;0.5;0.2;64;0.5;1;0.005;831763849;0.9723502304147466;0.9742353873049686;"[[35  0  0  0  0  0  1]
 [ 0 20  0  0  0  0  0]
 [ 0  0 18  0  0  0  0]
 [ 0  0  0 63  0  1  0]
 [ 3  0  0  0 30  0  0]
 [ 0  0  0  1  0 28  0]
 [ 0  0  0  0  0  0 17]]";0.8446833930704899;0.837163850144636;"[[185   6   7   9   1   4  10]
 [  2 110   9   8   1   2   0]
 [  2   1 293   2   0   1   0]
 [ 37   6  10 402  22   2   2]
 [ 26   1   0  25 195   3   3]
 [ 12   3   4  10   0 139  10]
 [  8   0   0   9   0   2  90]]";0.806609547123623;0.8032309233986782;"[[ 85   4   2  10   0   0   5]
 [  0  55   6   3   0   1   1]
 [  2   2 121   1   0   0   0]
 [ 23   5  10 193  12   3   0]
 [ 13   4   3  11  96   1   0]
 [  8   4   1   8   1  64   4]
 [  6   0   0   2   0   2  45]]";217;[36 20 18 64 33 29 17]
154;Cora;own;0.5;0.2;64;0.5;1;0.005;831763849;0.9732142857142857;0.974587314988723;"[[36  0  0  0  0  0  1]
 [ 0 21  0  0  0  0  0]
 [ 0  0 18  0  0  0  0]
 [ 0  0  1 64  0  0  0]
 [ 2  0  0  1 32  0  0]
 [ 0  0  0  1  0 28  0]
 [ 0  0  0  0  0  0 19]]";0.8470305938812237;0.8394669162010923;"[[186   6   5   9   2   4  11]
 [  2 109   9   7   2   2   0]
 [  2   1 292   2   0   1   0]
 [ 37   7  10 394  23   2   2]
 [ 23   1   0  22 201   3   3]
 [ 12   2   4  10   0 139  11]
 [  9   0   0   8   0   1  91]]";0.8115055079559363;0.8076179289897946;"[[ 83   4   2   8   2   1   6]
 [  0  57   5   2   0   1   1]
 [  2   2 121   1   0   0   0]
 [ 24   5  10 189  15   3   0]
 [ 10   4   3   7 102   2   0]
 [  8   4   1   6   1  66   4]
 [  5   0   0   2   1   2  45]]";224;[37 21 18 65 35 29 19]
155;Cora;own;0.5;0.2;64;0.5;1;0.005;831763849;0.9696969696969697;0.9698756327013347;"[[37  0  0  0  0  0  2]
 [ 0 22  0  0  0  0  0]
 [ 0  0 19  0  0  0  0]
 [ 0  0  1 66  0  0  0]
 [ 2  0  0  1 32  0  0]
 [ 0  0  0  1  0 29  0]
 [ 0  0  0  0  0  0 19]]";0.8506024096385543;0.8399093484472308;"[[187   7   4   6   1   4  13]
 [  2 107   9   9   1   2   0]
 [  2   1 292   2   0   1   0]
 [ 36   5  10 399  20   2   2]
 [ 23   1   0  21 201   3   3]
 [ 12   2   4   9   0 138  12]
 [ 10   0   0   8   0   1  88]]";0.8102815177478581;0.8059157672598507;"[[ 87   4   0   7   0   1   7]
 [  0  55   6   3   0   1   1]
 [  2   2 121   1   0   0   0]
 [ 27   5   9 188  14   3   0]
 [ 12   3   3   7 100   3   0]
 [  8   4   1   6   1  66   4]
 [  5   0   0   2   1   2  45]]";231;[39 22 19 67 35 30 19]
156;Cora;own;0.5;0.2;64;0.5;1;0.005;831763849;0.9663865546218487;0.9645179608132766;"[[38  1  0  0  0  0  2]
 [ 0 22  0  0  0  0  0]
 [ 0  0 20  0  0  0  0]
 [ 0  0  1 67  0  0  1]
 [ 2  0  0  0 34  0  0]
 [ 0  0  0  1  0 30  0]
 [ 0  0  0  0  0  0 19]]";0.853599516031458;0.8423653184122478;"[[188   5   5   6   2   4  11]
 [  2 104  10   9   2   2   0]
 [  2   1 290   2   0   1   0]
 [ 34   5  10 399  22   2   3]
 [ 22   1   0  16 206   3   3]
 [ 12   3   4   9   0 137  11]
 [ 10   0   0   7   0   1  87]]";0.8115055079559363;0.8033134681481519;"[[ 86   4   0   6   2   1   7]
 [  0  55   6   3   0   1   1]
 [  2   2 121   1   0   0   0]
 [ 24   4   9 190  16   3   0]
 [ 11   3   3   7 102   2   0]
 [  8   4   1   4   1  65   7]
 [  6   0   0   2   1   2  44]]";238;[41 22 20 69 36 31 19]
157;Cora;own;0.5;0.2;64;0.5;1;0.005;831763849;0.9551020408163265;0.9532138187778807;"[[40  0  0  0  0  1  1]
 [ 0 24  0  0  0  0  0]
 [ 0  0 21  0  0  0  0]
 [ 0  0  1 67  0  0  1]
 [ 2  0  0  0 34  0  0]
 [ 1  0  0  2  0 30  0]
 [ 1  0  0  0  0  1 18]]";0.8529769137302552;0.8422212098213;"[[191   5   4   8   1   5   9]
 [  2 102   8   8   1   1   0]
 [  4   1 288   2   0   1   0]
 [ 34   6   9 398  22   1   3]
 [ 24   0   0  18 204   3   3]
 [ 12   4   4   7   0 135  12]
 [ 11   1   0   7   0   1  86]]";0.8212974296205631;0.8134130313684718;"[[ 90   3   0   6   0   2   5]
 [  0  57   5   2   0   1   1]
 [  2   2 121   1   0   0   0]
 [ 22   5   8 193  16   2   0]
 [ 12   4   2   7 101   2   0]
 [  7   4   1   5   1  65   7]
 [  7   0   0   1   1   2  44]]";245;[42 24 21 69 36 33 20]
158;Cora;own;0.5;0.2;64;0.5;1;0.005;831763849;0.9642857142857143;0.9652721258827922;"[[43  0  0  0  0  0  0]
 [ 0 24  0  0  0  0  0]
 [ 0  0 21  0  0  0  0]
 [ 0  0  0 71  0  0  0]
 [ 2  0  0  1 34  0  0]
 [ 2  1  0  2  0 30  0]
 [ 0  0  0  0  0  1 20]]";0.8633312995729103;0.8520807142912951;"[[192   3   3   8   1   6  10]
 [  2  98   9   7   2   1   0]
 [  3   1 289   2   0   1   0]
 [ 28   6   7 408  18   1   3]
 [ 23   0   0  19 204   3   3]
 [ 13   1   4   8   0 137  10]
 [ 11   0   0   5   0   2  87]]";0.828641370869033;0.8201805212194527;"[[ 90   3   1   7   0   1   4]
 [  0  55   6   3   0   1   1]
 [  2   2 121   1   0   0   0]
 [ 19   4   8 198  15   2   0]
 [ 10   3   3   7 103   2   0]
 [  6   3   1   6   1  66   7]
 [  7   0   0   1   1   2  44]]";252;[43 24 21 71 37 35 21]
159;Cora;own;0.5;0.2;64;0.5;1;0.005;831763849;0.9536679536679536;0.9546793570001715;"[[43  0  0  0  0  0  0]
 [ 0 25  0  0  0  0  0]
 [ 0  0 22  0  0  0  0]
 [ 1  0  1 70  0  0  0]
 [ 2  0  0  1 36  0  0]
 [ 2  1  0  2  0 32  0]
 [ 1  0  0  0  0  1 19]]";0.8621323529411765;0.8508676891749017;"[[198   3   3   6   1   6   4]
 [  3  96   9   7   2   2   0]
 [  3   1 287   2   0   1   0]
 [ 30   7   8 404  20   1   2]
 [ 24   0   0  18 202   3   3]
 [ 13   1   4   7   0 137   9]
 [ 12   0   0   6   0   4  83]]";0.828641370869033;0.8233352395982327;"[[ 95   2   0   6   0   0   3]
 [  0  56   5   3   0   1   1]
 [  1   2 122   1   0   0   0]
 [ 22   4   8 192  18   2   0]
 [ 12   3   3   6 102   2   0]
 [  7   1   1   5   1  68   7]
 [  9   0   0   1   1   2  42]]";259;[43 25 22 72 39 37 21]
160;Cora;own;0.5;0.2;64;0.5;1;0.005;831763849;0.9661654135338346;0.969569388954576;"[[43  0  0  0  0  0  0]
 [ 0 26  0  0  0  0  0]
 [ 0  0 23  0  0  0  0]
 [ 2  0  1 70  0  0  0]
 [ 2  0  0  0 39  0  0]
 [ 1  0  0  2  0 35  0]
 [ 0  0  0  0  0  1 21]]";0.8578461538461538;0.8466684827259198;"[[194   3   3   6   2   6   4]
 [  3  93   9   7   2   3   0]
 [  3   1 286   2   0   1   0]
 [ 35   7   8 390  26   2   2]
 [ 21   1   0  15 209   3   3]
 [ 11   0   4   5   0 141   9]
 [ 11   0   0   6   0   7  81]]";0.8212974296205631;0.8158053048550179;"[[ 92   2   0   4   2   2   4]
 [  0  54   6   3   0   2   1]
 [  1   2 122   1   0   0   0]
 [ 20   4   9 184  26   3   0]
 [  7   3   3   5 107   3   0]
 [  7   0   1   4   1  70   7]
 [  8   0   0   1   1   3  42]]";266;[43 26 23 73 41 38 22]
161;Cora;own;0.5;0.2;64;0.5;1;0.005;831763849;0.978021978021978;0.9816487770974358;"[[44  0  0  0  0  0  0]
 [ 0 27  0  0  0  0  0]
 [ 0  0 23  1  0  0  0]
 [ 2  0  0 73  0  0  0]
 [ 2  0  0  1 39  0  0]
 [ 0  0  0  0  0 39  0]
 [ 0  0  0  0  0  0 22]]";0.865265760197775;0.8525262761027227;"[[193   3   3   8   2   6   3]
 [  2  92   9   9   1   3   0]
 [  2   1 284   2   0   2   0]
 [ 27   6   9 401  20   3   2]
 [ 21   0   0  17 207   3   3]
 [  9   0   4   4   0 143   9]
 [  9   0   0   7   0   9  80]]";0.8347613219094248;0.8262331195287252;"[[ 90   2   0   7   1   2   4]
 [  0  55   5   3   0   2   1]
 [  1   2 122   1   0   0   0]
 [ 15   6   9 196  15   5   0]
 [  8   3   3   6 105   3   0]
 [  5   0   1   5   1  71   7]
 [  8   0   0   1   1   2  43]]";273;[44 27 24 75 42 39 22]
162;Cora;own;0.5;0.2;64;0.5;1;0.005;831763849;0.9785714285714285;0.9792717996289425;"[[45  0  0  0  0  0  1]
 [ 0 28  0  0  0  0  0]
 [ 0  0 25  0  0  0  0]
 [ 2  0  0 74  0  0  0]
 [ 2  0  0  0 41  0  0]
 [ 0  0  0  0  0 40  0]
 [ 1  0  0  0  0  0 21]]";0.8559900682805711;0.8403407690036719;"[[193   4   3   5   3   6   1]
 [  2  91   9   8   2   3   0]
 [  3   1 283   2   0   1   0]
 [ 29   9   8 393  22   5   3]
 [ 21   0   0  17 206   3   3]
 [ 13   1   4   3   0 138  10]
 [ 14   0   0   7   0   7  75]]";0.8298653610771114;0.8201295973292728;"[[ 93   2   0   3   3   3   2]
 [  1  56   5   2   0   1   1]
 [  1   2 122   1   0   0   0]
 [ 19   5   9 193  17   3   0]
 [  8   3   4   5 105   3   0]
 [  7   1   1   4   1  68   8]
 [ 10   0   0   1   1   2  41]]";280;[46 28 25 76 43 40 22]
163;Cora;own;0.5;0.2;64;0.5;1;0.005;831763849;0.9721254355400697;0.973818796085576;"[[45  0  0  0  0  1  0]
 [ 0 29  0  0  0  0  0]
 [ 0  0 25  1  0  0  0]
 [ 1  0  0 76  0  0  0]
 [ 2  0  0  1 41  0  0]
 [ 1  0  0  0  0 42  0]
 [ 1  0  0  0  0  0 21]]";0.8609725685785536;0.8453462550545379;"[[187   4   3   8   3   7   1]
 [  2  89   9   9   1   4   0]
 [  2   1 282   2   0   2   0]
 [ 26   4   9 402  21   4   3]
 [ 20   0   0  18 204   2   3]
 [  9   0   4   4   1 142  11]
 [  9   0   0   6   0  11  75]]";0.8323133414932681;0.8212549164084845;"[[ 88   2   1   8   2   2   3]
 [  1  53   6   3   0   2   1]
 [  1   0 122   1   0   2   0]
 [ 14   4  10 200  16   2   0]
 [  7   3   4   5 105   4   0]
 [  4   1   1   5   1  70   8]
 [  9   0   0   1   1   2  42]]";287;[46 29 26 77 44 43 22]
164;Cora;own;0.5;0.2;64;0.5;1;0.005;831763849;0.9727891156462585;0.9710198008219187;"[[45  1  0  0  0  1  0]
 [ 0 29  0  0  0  0  0]
 [ 0  0 26  0  0  0  0]
 [ 1  0  0 77  0  0  0]
 [ 2  0  0  0 43  0  0]
 [ 0  0  1  0  0 44  0]
 [ 2  0  0  0  0  0 22]]";0.8597370068879149;0.8435979829625101;"[[187   3   3   7   4   7   1]
 [  2  90  12   8   2   3   0]
 [  1   1 276   3   0   2   0]
 [ 25   7  10 403  23   5   3]
 [ 21   0   0  12 203   3   3]
 [  9   0   4   4   1 139  11]
 [ 10   0   0   4   0  10  75]]";0.8310893512851897;0.8210458605905678;"[[ 88   2   0   7   3   2   4]
 [  1  54   6   3   0   1   1]
 [  1   0 122   1   0   2   0]
 [ 14   5   9 198  18   2   0]
 [  8   3   3   5 105   4   0]
 [  5   1   1   5   1  69   8]
 [  9   0   0   1   0   2  43]]";294;[47 29 26 78 45 45 24]
165;Cora;own;0.5;0.2;64;0.5;1;0.005;831763849;0.9667774086378738;0.9637710871374019;"[[45  1  0  0  0  1  0]
 [ 0 30  0  0  0  0  0]
 [ 0  0 27  0  0  0  0]
 [ 0  0  1 78  1  0  0]
 [ 2  0  0  0 43  0  0]
 [ 0  0  1  0  0 45  0]
 [ 3  0  0  0  0  0 23]]";0.8654088050314466;0.8501738186990577;"[[187   2   3   8   2   5   1]
 [  3  90  11   7   2   2   0]
 [  1   1 277   3   0   2   0]
 [ 24   6   9 405  20   5   3]
 [ 25   0   0  12 201   3   3]
 [  9   0   3   4   1 142  11]
 [ 12   0   0   4   0   7  74]]";0.8372093023255814;0.8261587173736198;"[[ 92   2   0   6   1   2   3]
 [  1  55   6   2   0   1   1]
 [  1   2 122   1   0   0   0]
 [ 15   5   9 198  17   2   0]
 [  8   3   3   5 105   4   0]
 [  7   1   1   2   1  70   8]
 [ 10   0   0   1   0   2  42]]";301;[47 30 27 80 45 46 26]
166;Cora;own;0.5;0.2;64;0.5;1;0.005;831763849;0.9675324675324676;0.9658121620334971;"[[46  0  0  0  1  1  1]
 [ 0 30  0  0  0  0  0]
 [ 0  0 28  0  0  0  0]
 [ 0  1  0 80  1  0  0]
 [ 2  0  0  0 43  0  0]
 [ 0  0  1  0  0 46  0]
 [ 2  0  0  0  0  0 25]]";0.866708780795957;0.8518475062399445;"[[184   2   3   9   2   6   1]
 [  2  87  11   9   1   4   0]
 [  1   1 275   3   0   3   0]
 [ 25   4  10 407  18   5   2]
 [ 22   0   0  13 203   3   3]
 [  8   0   4   3   1 141  11]
 [ 10   0   0   4   0   7  75]]";0.8347613219094248;0.8256620760670726;"[[ 88   2   0  10   1   2   3]
 [  1  53   6   3   0   2   1]
 [  1   0 122   1   0   2   0]
 [ 13   4  10 199  18   2   0]
 [  8   3   3   5 105   4   0]
 [  5   0   1   3   1  72   8]
 [  8   0   0   1   0   3  43]]";308;[49 30 28 82 45 47 27]
167;Cora;own;0.5;0.2;64;0.5;1;0.005;831763849;0.9777777777777777;0.9776337592355544;"[[48  0  0  0  0  1  1]
 [ 0 31  0  0  0  0  0]
 [ 0  0 29  0  0  0  0]
 [ 0  1  0 81  1  0  0]
 [ 2  0  0  0 44  0  0]
 [ 0  0  0  0  0 48  0]
 [ 1  0  0  0  0  0 27]]";0.8623096446700508;0.8491346402727568;"[[188   2   3   7   1   4   1]
 [  2  86  11   8   2   4   0]
 [  1   1 273   3   0   4   0]
 [ 30   5   9 395  24   5   2]
 [ 24   0   0  11 202   3   3]
 [  8   0   4   3   1 140  11]
 [ 11   0   0   3   0   6  75]]";0.8310893512851897;0.8222439687482799;"[[ 92   2   0   5   1   2   4]
 [  3  53   6   2   0   1   1]
 [  1   0 122   1   0   2   0]
 [ 17   5   9 194  19   2   0]
 [  9   3   2   5 105   4   0]
 [  9   0   1   2   1  69   8]
 [  8   0   0   1   0   2  44]]";315;[50 31 29 83 46 48 28]
168;Cora;own;0.5;0.2;64;0.5;1;0.005;831763849;0.968944099378882;0.9696550282681428;"[[47  0  0  0  1  1  1]
 [ 0 33  0  0  0  0  0]
 [ 0  0 29  0  0  0  0]
 [ 1  1  1 81  1  0  0]
 [ 2  0  0  0 45  0  0]
 [ 0  0  0  0  0 49  0]
 [ 1  0  0  0  0  0 28]]";0.8712555768005099;0.8562918953003281;"[[186   4   2   7   2   4   1]
 [  2  87  10   9   1   2   0]
 [  1   1 272   3   0   5   0]
 [ 25   5   9 403  20   4   2]
 [ 20   0   0  11 206   3   3]
 [  8   0   4   3   0 139  11]
 [  9   0   0   3   0   8  74]]";0.8347613219094248;0.8242410721289452;"[[ 88   2   0   7   2   1   6]
 [  3  55   4   2   0   1   1]
 [  1   2 122   1   0   0   0]
 [ 14   5   9 198  18   2   0]
 [  9   3   2   6 105   3   0]
 [  7   1   0   2   1  71   8]
 [  9   0   0   1   0   2  43]]";322;[50 33 29 85 47 49 29]
169;Cora;own;0.5;0.2;64;0.5;1;0.005;831763849;0.9756838905775076;0.9773597675789729;"[[49  0  0  0  0  1  0]
 [ 0 34  0  0  0  0  0]
 [ 0  0 30  0  0  0  0]
 [ 2  0  1 83  0  0  0]
 [ 2  0  0  0 46  0  0]
 [ 1  0  0  0  0 49  0]
 [ 1  0  0  0  0  0 30]]";0.8706786171574904;0.8557069974772814;"[[183   4   2   7   2   7   1]
 [  2  87   9   8   2   2   0]
 [  1   1 271   3   0   5   0]
 [ 24   5   9 402  22   5   0]
 [ 20   0   0  11 206   3   2]
 [  7   0   4   3   0 142   8]
 [  9   0   0   3   0  11  69]]";0.8445532435740514;0.837311679487714;"[[ 89   2   1   6   2   3   3]
 [  4  55   4   2   0   1   0]
 [  1   2 122   1   0   0   0]
 [ 15   5   9 198  17   2   0]
 [  6   3   2   5 108   4   0]
 [  3   1   0   4   1  74   7]
 [  9   0   0   1   0   1  44]]";329;[50 34 30 86 48 50 31]
170;Cora;own;0.5;0.2;64;0.5;1;0.005;831763849;0.9821428571428571;0.9821242263573248;"[[49  0  0  0  0  0  1]
 [ 0 34  0  0  0  0  0]
 [ 0  0 31  0  0  0  0]
 [ 1  1  0 87  0  0  0]
 [ 1  0  0  0 47  0  0]
 [ 1  0  0  0  0 50  0]
 [ 1  0  0  0  0  0 32]]";0.8778135048231511;0.8641316927799175;"[[185   2   3   9   1   5   1]
 [  3  87   8   8   1   3   0]
 [  2   1 276   3   0   1   0]
 [ 27   3  10 406  16   4   2]
 [ 21   0   0  12 199   3   3]
 [  5   0   1   3   0 143   8]
 [  8   0   0   3   0  10  69]]";0.8274173806609547;0.8146404107060177;"[[ 86   2   0   6   3   3   6]
 [  4  52   4   3   0   1   2]
 [  1   2 122   1   0   0   0]
 [ 18   4  12 199  11   2   0]
 [  8   3   2   8 103   4   0]
 [  6   0   0   3   1  71   9]
 [  7   0   0   1   1   3  43]]";336;[50 34 31 89 48 51 33]
171;Cora;own;0.5;0.2;64;0.5;1;0.005;831763849;0.9825072886297376;0.9829433517346988;"[[51  0  0  0  0  0  0]
 [ 0 35  0  0  0  0  0]
 [ 0  0 31  1  0  0  0]
 [ 1  1  0 88  0  0  0]
 [ 1  0  0  0 48  0  0]
 [ 1  0  0  0  0 51  0]
 [ 1  0  0  0  0  0 33]]";0.875968992248062;0.8616928995330086;"[[183   3   2   8   3   5   0]
 [  4  86   8   7   1   3   0]
 [  2   1 273   3   0   3   0]
 [ 30   4   9 407  15   4   1]
 [ 22   0   0  12 197   3   1]
 [  3   0   1   3   0 144   8]
 [  8   0   0   4   1  10  66]]";0.8372093023255814;0.8243428184624423;"[[ 88   2   0   5   3   3   5]
 [  4  52   3   4   0   1   2]
 [  1   2 122   1   0   0   0]
 [ 17   5   8 202  11   3   0]
 [  7   3   2   9 105   2   0]
 [  6   0   0   3   1  72   8]
 [  7   0   0   1   1   3  43]]";343;[51 35 32 90 49 52 34]
172;Cora;own;0.5;0.2;64;0.5;1;0.005;831763849;0.9828571428571429;0.982585908814222;"[[52  0  0  0  0  0  0]
 [ 0 36  0  0  0  0  0]
 [ 0  0 32  1  0  0  0]
 [ 1  1  0 88  0  0  0]
 [ 1  0  0  0 49  0  0]
 [ 0  0  0  0  0 53  1]
 [ 1  0  0  0  0  0 34]]";0.8754055807916937;0.862572137157794;"[[179   2   3   8   3   8   0]
 [  3  84   8   8   1   3   0]
 [  1   1 272   3   0   4   0]
 [ 27   5  10 406  16   4   1]
 [ 21   1   0  12 197   3   1]
 [  3   0   1   4   0 143   7]
 [  8   0   0   3   1   8  68]]";0.8335373317013464;0.8230439483684957;"[[ 88   2   0   6   2   3   5]
 [  4  52   4   3   0   1   2]
 [  1   2 122   1   0   0   0]
 [ 16   5  12 197  12   4   0]
 [  7   3   2   8 104   4   0]
 [  4   0   0   3   1  75   7]
 [  6   0   0   2   1   3  43]]";350;[52 36 33 90 50 54 35]
173;Cora;own;0.5;0.2;64;0.5;1;0.005;831763849;0.988795518207283;0.9885855889340481;"[[53  0  0  0  0  0  0]
 [ 0 37  0  0  0  0  0]
 [ 0  0 34  0  0  0  0]
 [ 1  0  0 90  0  0  0]
 [ 1  0  0  0 50  0  0]
 [ 0  0  0  0  0 54  0]
 [ 1  0  0  0  0  1 35]]";0.8735332464146024;0.8571483545498882;"[[182   2   3   7   3   6   0]
 [  5  77   9   9   3   3   0]
 [  2   1 271   3   0   3   0]
 [ 28   3   9 407  16   4   1]
 [ 21   1   0  12 196   3   0]
 [  5   0   1   3   0 143   6]
 [ 10   0   0   2   1   9  64]]";0.8384332925336597;0.8295545079436136;"[[ 91   2   0   6   2   3   2]
 [  4  51   4   4   0   1   2]
 [  1   2 122   1   0   0   0]
 [ 15   5  10 198  15   3   0]
 [  6   3   2   9 106   2   0]
 [  6   0   0   3   1  75   5]
 [  8   0   0   1   1   3  42]]";357;[53 37 34 91 51 54 37]
174;Cora;own;0.5;0.2;64;0.5;1;0.005;831763849;0.9835164835164835;0.9821063248292489;"[[53  0  0  0  0  0  0]
 [ 0 38  0  0  0  0  0]
 [ 0  0 35  0  0  0  0]
 [ 0  0  1 91  0  0  0]
 [ 2  0  0  0 51  0  0]
 [ 0  0  0  0  0 55  1]
 [ 1  0  0  0  0  1 35]]";0.8840864440078585;0.8724962723984601;"[[181   3   2   7   3   6   1]
 [  2  84   8   9   1   2   0]
 [  1   1 272   3   0   2   0]
 [ 25   5   9 404  19   4   1]
 [ 18   0   0  11 197   3   1]
 [  3   0   1   2   0 144   6]
 [  8   0   0   2   1   7  68]]";0.8298653610771114;0.81909419534034;"[[ 88   2   0   6   2   2   6]
 [  4  51   4   4   0   1   2]
 [  1   2 122   1   0   0   0]
 [ 16   5  11 194  17   3   0]
 [  7   3   3   7 105   3   0]
 [  4   0   0   2   1  75   8]
 [  8   0   0   1   0   3  43]]";364;[53 38 35 92 53 56 37]
175;Cora;own;0.5;0.2;64;0.5;1;0.005;831763849;0.9865229110512129;0.9852501415333274;"[[54  0  0  0  0  0  0]
 [ 0 39  0  0  0  0  0]
 [ 0  0 36  0  0  0  0]
 [ 0  0  0 93  0  0  0]
 [ 1  0  0  0 53  1  0]
 [ 0  0  0  0  0 55  1]
 [ 1  0  0  0  0  1 36]]";0.8855263157894737;0.8729932100347015;"[[178   2   3   9   2   7   1]
 [  3  81   8  10   0   3   0]
 [  1   1 271   3   0   2   0]
 [ 27   3   9 412  12   3   1]
 [ 19   0   0  11 195   2   0]
 [  2   0   1   5   0 143   5]
 [  8   0   0   2   1   8  66]]";0.8323133414932681;0.8222260610168298;"[[ 87   2   0   8   2   2   5]
 [  4  50   4   5   0   1   2]
 [  1   2 121   2   0   0   0]
 [ 15   4  10 202  12   3   0]
 [  7   3   3   9 104   2   0]
 [  6   0   1   4   1  73   5]
 [  7   0   0   2   0   3  43]]";371;[54 39 36 93 55 56 38]
176;Cora;own;0.5;0.2;64;0.5;1;0.005;831763849;0.9814814814814815;0.9809043045988858;"[[54  0  0  1  0  1  0]
 [ 0 40  0  0  0  0  0]
 [ 0  0 37  0  0  0  0]
 [ 0  0  0 94  0  0  0]
 [ 1  0  0  0 54  1  0]
 [ 0  0  0  0  0 56  1]
 [ 1  0  0  0  0  1 36]]";0.8777263714474554;0.8659035766864508;"[[176   2   3   9   3   8   1]
 [  3  81   8   9   0   3   0]
 [  1   1 270   3   0   2   0]
 [ 30   5   9 404  12   4   1]
 [ 22   0   0  13 189   2   0]
 [  3   0   1   3   0 143   4]
 [  8   0   0   2   1   9  65]]";0.828641370869033;0.8214798534063563;"[[ 85   2   0   9   2   4   4]
 [  3  53   5   3   0   0   2]
 [  1   2 122   1   0   0   0]
 [ 19   5  10 197  12   3   0]
 [  7   3   3   9 103   3   0]
 [  6   0   1   3   1  74   5]
 [  7   0   0   2   0   3  43]]";378;[56 40 37 94 56 57 38]
177;Cora;own;0.5;0.2;64;0.5;1;0.005;831763849;0.9766233766233766;0.974306865532461;"[[56  0  0  1  0  0  0]
 [ 0 41  1  0  0  0  0]
 [ 0  0 37  0  0  0  0]
 [ 0  0  0 94  0  0  1]
 [ 1  0  0  0 55  1  0]
 [ 0  0  0  0  0 58  1]
 [ 1  0  0  0  0  2 35]]";0.8831341301460823;0.8722334188637293;"[[175   3   2   8   4   7   1]
 [  3  82   7   9   0   2   0]
 [  1   1 270   2   0   2   0]
 [ 29   6   9 402  14   4   1]
 [ 19   0   0  11 193   2   0]
 [  3   0   1   3   0 143   2]
 [  8   0   0   2   1   9  65]]";0.8335373317013464;0.8268844616802558;"[[ 87   2   0   8   2   3   4]
 [  2  54   4   3   0   1   2]
 [  1   2 122   1   0   0   0]
 [ 17   7  10 195  14   3   0]
 [  6   3   3   9 105   2   0]
 [  6   0   0   3   1  75   5]
 [  6   0   0   2   1   3  43]]";385;[57 42 37 95 57 59 38]
178;Cora;own;0.5;0.2;64;0.5;1;0.005;831763849;0.9668367346938775;0.9637770125331702;"[[56  0  0  1  0  0  0]
 [ 0 42  2  1  0  0  0]
 [ 0  0 36  1  0  0  0]
 [ 0  0  0 94  0  0  1]
 [ 2  0  0  0 57  0  0]
 [ 1  0  0  0  0 58  0]
 [ 1  0  0  0  0  3 36]]";0.8879252835223482;0.8768359563626998;"[[177   3   2   7   4   6   1]
 [  3  81   5   9   0   2   0]
 [  1   1 270   2   0   2   0]
 [ 28   5   9 406  14   2   1]
 [ 17   0   0  11 193   2   0]
 [  3   0   1   5   0 141   2]
 [  9   0   0   2   1   8  63]]";0.8347613219094248;0.8262565930196001;"[[ 88   2   0   8   2   2   4]
 [  1  53   4   5   0   1   2]
 [  1   2 122   1   0   0   0]
 [ 17   6  10 197  13   3   0]
 [  5   3   3   9 106   2   0]
 [  4   0   0   5   1  75   5]
 [  8   0   0   2   0   4  41]]";392;[57 45 37 95 59 59 40]
179;Cora;own;0.5;0.2;64;0.5;1;0.005;831763849;0.974937343358396;0.9734514744057943;"[[57  0  0  0  1  0  0]
 [ 0 45  1  0  0  0  0]
 [ 0  0 37  1  0  0  0]
 [ 0  0  0 95  0  0  0]
 [ 1  0  0  1 59  0  0]
 [ 2  0  0  0  0 58  0]
 [ 1  0  0  0  0  2 38]]";0.8900804289544236;0.8791298302754365;"[[175   2   3   8   4   6   1]
 [  3  82   5   7   0   2   0]
 [  1   1 269   2   0   2   0]
 [ 27   6   9 394  17   3   1]
 [ 16   0   0   7 205   1   0]
 [  4   1   1   2   0 141   2]
 [  9   0   0   2   1   8  62]]";0.8408812729498164;0.8345967842821068;"[[ 86   2   0   9   2   2   5]
 [  0  56   4   6   0   0   0]
 [  1   3 121   1   0   0   0]
 [ 17   8   9 198  12   2   0]
 [  7   3   3   6 109   0   0]
 [  6   0   0   4   1  74   5]
 [  7   0   0   1   0   4  43]]";399;[58 46 38 95 61 60 41]
180;Cora;own;0.5;0.2;64;0.5;1;0.005;831763849;0.9753694581280788;0.9735780622681626;"[[55  0  0  0  1  2  0]
 [ 0 46  0  0  0  1  0]
 [ 0  0 38  1  0  0  0]
 [ 0  0  0 95  0  0  0]
 [ 1  0  0  0 63  0  0]
 [ 0  0  0  0  0 61  0]
 [ 1  0  0  0  0  3 38]]";0.8888888888888888;0.8779692654075291;"[[172   2   3   7   4   9   2]
 [  3  84   5   4   0   2   0]
 [  0   1 268   2   0   3   0]
 [ 26   6  10 387  22   4   1]
 [ 14   0   0   5 207   1   0]
 [  3   1   1   2   0 141   2]
 [  7   0   0   2   1  10  61]]";0.8261933904528764;0.8186677338919488;"[[ 85   2   1   8   2   3   5]
 [  0  54   4   5   0   1   2]
 [  1   3 121   1   0   0   0]
 [ 17   7  10 187  22   3   0]
 [  7   3   3   4 110   1   0]
 [  4   0   0   3   1  77   5]
 [  7   0   0   1   0   6  41]]";406;[58 47 39 95 64 61 42]
181;Cora;own;0.5;0.2;64;0.5;1;0.005;831763849;0.9709443099273608;0.9708407220092801;"[[57  0  0  0  0  2  0]
 [ 0 48  0  0  0  0  0]
 [ 0  0 39  1  0  0  0]
 [ 0  0  0 96  0  1  1]
 [ 1  0  0  0 64  0  0]
 [ 2  0  0  1  0 58  0]
 [ 1  0  0  0  0  2 39]]";0.8930987821380244;0.8870521103409662;"[[175   3   2   8   4   5   1]
 [  3  85   4   4   0   1   0]
 [  1   1 267   2   0   2   0]
 [ 29   7   9 388  20   2   0]
 [ 17   0   0   6 202   0   0]
 [  4   1   1   2   0 140   2]
 [  9   0   0   2   1   5  63]]";0.8421052631578947;0.8384374157540272;"[[ 90   2   0   7   2   1   4]
 [  0  58   3   5   0   0   0]
 [  1   3 121   1   0   0   0]
 [ 19   8   9 192  16   2   0]
 [  7   3   2   5 110   1   0]
 [  6   1   0   3   1  74   5]
 [  6   0   0   2   0   4  43]]";413;[59 48 40 98 65 61 42]
182;Cora;own;0.5;0.2;64;0.5;1;0.005;831763849;0.9738095238095238;0.9735161578797988;"[[57  1  0  1  0  2  0]
 [ 0 48  0  0  0  0  0]
 [ 0  0 41  0  0  0  0]
 [ 0  0  0 97  0  2  0]
 [ 1  0  0  0 65  0  0]
 [ 0  0  0  0  0 62  0]
 [ 1  0  0  0  0  3 39]]";0.8851121685927941;0.8783710484343424;"[[171   1   3   8   6   7   0]
 [  3  83   4   4   0   2   0]
 [  1   1 264   2   0   4   0]
 [ 28   5  12 382  23   4   0]
 [ 15   0   0   6 202   1   0]
 [  3   1   1   2   0 140   2]
 [  7   0   1   2   2   8  60]]";0.8310893512851897;0.8260987456735057;"[[ 83   2   1   8   2   5   5]
 [  0  54   4   5   0   2   1]
 [  1   1 121   1   2   0   0]
 [ 17   7  14 189  17   2   0]
 [  6   3   2   5 111   1   0]
 [  4   1   0   2   1  78   4]
 [  6   0   0   2   0   4  43]]";420;[61 48 41 99 66 62 43]
183;Cora;own;0.5;0.2;64;0.5;1;0.005;615395017;0.0;0.0;[[]];0.05446853516657853;0.042351650193456054;"[[  0  91  42   1   1  14  96]
 [  0  31  40   3   1   5  71]
 [  3  49  10   4   1  40 185]
 [  0 217  71   5   7  22 250]
 [  1  70  39   0   4  32 152]
 [  1  62  16   1   1   7 120]
 [  3  51  21   0   2   2  46]]";0.05752753977968176;0.044055241420239595;"[[ 0 46 15  0  0  4 41]
 [ 0 16 26  0  1  0 23]
 [ 3 27  4  3  0 16 73]
 [ 1 94 41  3  3 12 92]
 [ 0 24 19  0  2 12 71]
 [ 0 24  7  0  0  2 57]
 [ 1 18 12  0  2  2 20]]";0;[]
184;Cora;own;0.5;0.2;64;0.5;1;0.005;615395017;0.8571428571428571;0.7;"[[2 0 0 0]
 [0 2 0 0]
 [0 0 0 1]
 [0 0 0 2]]";0.5047770700636943;0.2673708572225363;"[[  0   0  49  33   0   0 112]
 [  0   0 116   5   0   0   2]
 [  0   0 341   5   0   0   2]
 [  0   0  67 448   0   0  38]
 [  0   0  96 166   0   0  36]
 [  0   0 142   1   0   0  28]
 [  0   0  27   8   0   0 162]]";0.412484700122399;0.21593616425549197;"[[  0   0  32  11   0   0  63]
 [  0   0  60   6   0   0   0]
 [  0   0 124   1   0   0   1]
 [  0   0  48 176   0   0  22]
 [  0   0  50  67   0   0  11]
 [  0   0  61   2   0   0  27]
 [  0   0  17   1   0   0  37]]";7;[0 0 2 2 1 0 2]
185;Cora;own;0.5;0.2;64;0.5;1;0.005;615395017;0.7142857142857143;0.4666666666666666;"[[2 0 0 0 0]
 [0 6 0 0 0]
 [1 0 0 0 2]
 [1 0 0 0 0]
 [0 0 0 0 2]]";0.4938732019179542;0.25961379736961676;"[[  0   0  47  25   0   0 117]
 [  0   0 109   9   0   0   2]
 [  0   0 339   2   0   0   1]
 [  0   0  74 441   0   0  47]
 [  0   0 105 150   0   0  59]
 [  0   0 144   1   0   0  25]
 [  0   0  27   6   0   0 147]]";0.4112607099143207;0.2160829480062651;"[[  0   0  34   9   0   0  63]
 [  0   0  60   6   0   0   0]
 [  0   0 124   1   0   0   1]
 [  0   0  47 174   0   0  25]
 [  0   0  52  62   0   0  14]
 [  0   0  61   0   0   0  29]
 [  0   0  17   0   0   0  38]]";14;[0 0 2 6 3 1 2]
186;Cora;own;0.5;0.2;64;0.5;1;0.005;615395017;0.5714285714285714;0.32671957671957674;"[[0 1 2 0 0 1]
 [0 2 0 0 0 0]
 [0 0 8 0 0 0]
 [0 1 0 0 0 2]
 [0 2 0 0 0 0]
 [0 0 0 0 0 2]]";0.5106951871657754;0.2664609311531185;"[[  0   0  44  66   0   0 112]
 [  0   0  81  32   0   0   2]
 [  0   0 324   3   0   0   1]
 [  0   0  34 496   0   0  34]
 [  0   0  58 187   0   0  45]
 [  0   0 147   8   0   0  28]
 [  0   0  10  23   0   0 135]]";0.43451652386780903;0.22396568948293089;"[[  0   0  27  22   0   0  57]
 [  0   0  45  20   0   0   1]
 [  0   0 123   1   0   0   2]
 [  0   0  29 195   0   0  22]
 [  0   0  39  81   0   0   8]
 [  0   0  59   5   0   0  26]
 [  0   0  16   2   0   0  37]]";21;[4 0 2 8 3 2 2]
187;Cora;own;0.5;0.2;64;0.5;1;0.005;615395017;0.5357142857142857;0.2957142857142857;"[[0 0 0 4 0 0 1]
 [0 0 1 0 0 0 0]
 [0 0 3 0 0 0 0]
 [0 0 0 9 0 0 0]
 [0 0 1 2 0 0 1]
 [0 0 2 1 0 0 0]
 [0 0 0 0 0 0 3]]";0.5265700483091788;0.282886393767962;"[[  0   0  14 117   0   0  67]
 [  0   0  26  91   0   0   3]
 [  0   0 299   7   0   0   2]
 [  0   0  13 547   0   0  22]
 [  0   0  11 238   0   0  32]
 [  0   0 110  39   0   0  58]
 [  0   0   5  27   0   0 135]]";0.4638922888616891;0.244409815738779;"[[  0   0  10  50   0   0  46]
 [  0   0  17  46   0   0   3]
 [  0   0 119   4   0   0   3]
 [  0   0  11 223   0   0  12]
 [  0   0   7 116   0   0   5]
 [  0   0  44  20   0   0  26]
 [  0   0  12   6   0   0  37]]";28;[5 1 3 9 4 3 3]
188;Cora;own;0.5;0.2;64;0.5;1;0.005;615395017;0.6571428571428571;0.4392551892551892;"[[ 0  0  1  4  0  0  0]
 [ 0  0  1  0  0  0  0]
 [ 0  0  5  0  0  0  0]
 [ 0  0  0 12  0  0  0]
 [ 0  0  0  2  2  0  0]
 [ 0  0  1  2  0  0  1]
 [ 0  0  0  0  0  0  4]]";0.5280172413793104;0.2847178445226664;"[[  0   0  21 110   0   0  71]
 [  0   0  34  83   0   0   3]
 [  0   0 295   6   0   0   2]
 [  0   0  15 544   0   0  14]
 [  0   0  13 231   2   0  33]
 [  0   0  67  45   0   0  92]
 [  0   0   6  30   0   0 139]]";0.4724602203182375;0.2522264475343414;"[[  0   0  11  48   0   0  47]
 [  0   0  20  43   0   0   3]
 [  0   0 120   2   0   0   4]
 [  0   0   7 226   0   0  13]
 [  0   0  10 110   1   0   7]
 [  0   0  23  27   0   0  40]
 [  0   0   8   8   0   0  39]]";35;[ 5  1  5 12  4  4  4]
189;Cora;own;0.5;0.2;64;0.5;1;0.005;615395017;0.5952380952380952;0.3764775140825561;"[[ 0  0  2  3  0  0  0]
 [ 0  0  1  0  0  0  0]
 [ 0  0  5  0  0  0  0]
 [ 0  0  0 14  0  0  0]
 [ 0  0  1  2  2  0  0]
 [ 0  0  2  1  0  0  5]
 [ 0  0  0  0  0  0  4]]";0.5229853975121688;0.2798338020339064;"[[  0   0  22 105   0   0  75]
 [  0   0  44  71   0   0   4]
 [  0   0 296   5   0   0   2]
 [  0   0  15 531   0   0  21]
 [  0   0  21 215   2   0  36]
 [  0   0  58  33   0   0 124]
 [  0   0   4  27   0   0 138]]";0.4724602203182375;0.25054225079457265;"[[  0   0  12  44   0   0  50]
 [  0   0  23  38   0   0   5]
 [  0   0 120   2   0   0   4]
 [  0   0   8 223   0   0  15]
 [  0   0  19  99   1   0   9]
 [  0   0  19  21   0   0  50]
 [  0   0   9   4   0   0  42]]";42;[ 5  1  5 14  5  8  4]
190;Cora;own;0.5;0.2;64;0.5;1;0.005;615395017;0.5306122448979592;0.34010584010584005;"[[ 0  0  2  3  0  0  1]
 [ 0  0  2  0  0  0  0]
 [ 0  0  5  0  0  0  0]
 [ 0  0  0 15  0  0  0]
 [ 0  0  2  2  2  0  0]
 [ 0  0  6  1  0  0  3]
 [ 0  0  0  1  0  0  4]]";0.5173724212812161;0.27645858296810216;"[[  0   0  30  97   0   0  75]
 [  0   0  49  77   0   0   4]
 [  0   0 293   5   0   0   1]
 [  0   0  15 530   0   0  18]
 [  0   0  25 217   2   0  29]
 [  0   0  85  40   0   0  91]
 [  0   0   4  27   0   0 128]]";0.47368421052631576;0.25071975534558183;"[[  0   0  14  48   0   0  44]
 [  0   0  26  36   0   0   4]
 [  0   0 121   2   0   0   3]
 [  0   0   9 223   0   0  14]
 [  0   0  22  97   1   0   8]
 [  0   0  34  18   0   0  38]
 [  0   0   5   8   0   0  42]]";49;[ 6  2  5 15  6 10  5]
191;Cora;own;0.5;0.2;64;0.5;1;0.005;615395017;0.9285714285714286;0.8178953399541635;"[[ 9  0  0  0  0  0  0]
 [ 0  0  0  2  0  0  0]
 [ 0  0  6  0  0  0  0]
 [ 0  0  0 14  1  0  1]
 [ 0  0  0  0  8  0  0]
 [ 0  0  0  0  0 10  0]
 [ 0  0  0  0  0  0  5]]";0.7264305177111716;0.624536421165356;"[[ 90   0   1  62   3   7  41]
 [  1   0  12  98   0   7   0]
 [  0   0 289   8   1   2   2]
 [ 10   0   5 546   2   6  16]
 [ 10   0   0 114 132   9   6]
 [  0   0   5  19   4 143  19]
 [  1   0   2  26   0   3 133]]";0.6829865361077111;0.595174014081971;"[[ 43   0   2  33   2   5  21]
 [  0   0   8  54   0   1   3]
 [  0   0 120   2   0   2   2]
 [  4   0   3 220   2   2  15]
 [  5   0   0  56  63   3   1]
 [  0   0   2   9   0  67  12]
 [  4   0   1   4   0   1  45]]";56;[ 9  2  6 16  8 10  5]
192;Cora;own;0.5;0.2;64;0.5;1;0.005;615395017;0.9523809523809523;0.8424036281179139;"[[ 9  0  0  0  0  0  0]
 [ 0  0  0  2  0  1  0]
 [ 0  0  7  0  0  0  0]
 [ 0  0  0 17  0  0  0]
 [ 0  0  0  0 10  0  0]
 [ 0  0  0  0  0 10  0]
 [ 0  0  0  0  0  0  7]]";0.7450765864332604;0.6549311639305234;"[[ 80   0   1  63   9   5  35]
 [  0   0  20 123   2   8   8]
 [  0   0 266  11   1   3   3]
 [  8   0   5 529  10   1  16]
 [  1   0   0  50 206   2  12]
 [  0   0   5  15   4 140  19]
 [  0   0   0  24   1   1 141]]";0.7086903304773562;0.6144306271967348;"[[ 36   0   1  40   2   5  22]
 [  0   0   6  52   3   2   3]
 [  0   0 114   4   1   2   5]
 [  5   0   1 220   3   2  15]
 [  0   0   0  26  96   2   4]
 [  0   0   1   9   0  61  19]
 [  0   0   0   3   0   0  52]]";63;[ 9  3  7 17 10 10  7]
193;Cora;own;0.5;0.2;64;0.5;1;0.005;615395017;0.9285714285714286;0.816129123714263;"[[ 9  0  0  0  0  0  1]
 [ 0  0  1  1  0  2  0]
 [ 0  0  8  0  0  0  0]
 [ 0  0  0 19  0  0  0]
 [ 0  0  0  0 11  0  0]
 [ 0  0  0  0  0 11  0]
 [ 0  0  0  0  0  0  7]]";0.7495881383855024;0.6479848978305213;"[[ 90   0   1  51  11   6  40]
 [ 14   0  32  64  13  22  15]
 [  0   0 276   3   1   2   2]
 [ 12   0   8 512  12   1  20]
 [  5   0   0  45 206   2  12]
 [  0   0   5   5   4 142  29]
 [  0   0   1  16   1   1 139]]";0.7135862913096696;0.6120387499502712;"[[ 42   0   1  30   2   4  27]
 [  8   0   9  28   6   9   6]
 [  0   0 116   2   1   3   4]
 [  9   0   3 214   5   2  13]
 [  1   0   0  23  98   2   4]
 [  0   0   2   7   0  60  21]
 [  1   0   0   1   0   0  53]]";70;[10  4  8 19 11 11  7]
194;Cora;own;0.5;0.2;64;0.5;1;0.005;615395017;0.8961038961038961;0.7980959727754472;"[[10  0  0  0  0  0  1]
 [ 0  0  1  2  1  2  0]
 [ 0  0  9  0  0  0  0]
 [ 0  0  0 19  0  0  1]
 [ 0  0  0  0 11  0  0]
 [ 0  0  0  0  0 13  0]
 [ 0  0  0  0  0  0  7]]";0.74696802646086;0.6407912700093219;"[[ 89   0   1  52  13   6  42]
 [ 11   0  33  54  11  38   9]
 [  0   0 278   2   1   3   2]
 [  7   0   6 515  11   2  19]
 [  4   0   0  49 202   2  11]
 [  0   0   4   7   4 145  27]
 [  1   0   1  24   1   1 126]]";0.7172582619339045;0.6138299573803955;"[[ 43   0   1  32   2   5  23]
 [  6   0  11  25   6  13   5]
 [  0   0 117   2   1   3   3]
 [  5   0   3 218   4   3  13]
 [  0   0   0  26  96   3   3]
 [  0   0   2   7   0  61  20]
 [  1   0   0   2   0   1  51]]";77;[11  6  9 20 11 13  7]
195;Cora;own;0.5;0.2;64;0.5;1;0.005;615395017;0.8690476190476191;0.7844911660815637;"[[10  0  0  0  0  0  1]
 [ 1  0  2  2  1  3  0]
 [ 0  0  9  0  0  0  0]
 [ 0  0  0 20  0  0  1]
 [ 0  0  0  0 12  0  0]
 [ 0  0  0  0  0 14  0]
 [ 0  0  0  0  0  0  8]]";0.7360265633646929;0.6292968566784124;"[[ 89   0   1  47  13   9  48]
 [ 10   0  29  39   9  59  11]
 [  0   0 274   2   1   7   2]
 [  8   0   6 495   9   4  27]
 [  2   0   0  53 201   2  11]
 [  0   0   4   3   4 144  28]
 [  0   0   1  24   1   3 127]]";0.7123623011015912;0.6080997206015212;"[[ 43   0   0  26   2   5  30]
 [  2   0   8  17   6  28   5]
 [  0   0 116   2   1   3   4]
 [  5   0   2 211   4   4  20]
 [  0   0   0  24  97   4   3]
 [  0   0   2   5   0  64  19]
 [  1   0   0   2   0   1  51]]";84;[11  9  9 21 12 14  8]
196;Cora;own;0.5;0.2;64;0.5;1;0.005;615395017;0.8681318681318682;0.7795544546320944;"[[11  0  0  0  0  0  1]
 [ 1  0  3  2  1  2  0]
 [ 0  0 10  0  0  0  0]
 [ 0  0  0 21  0  0  2]
 [ 0  0  0  0 13  0  0]
 [ 0  0  0  0  0 15  0]
 [ 0  0  0  0  0  0  9]]";0.7405555555555555;0.6377051466434059;"[[ 97   0   1  37  15   6  51]
 [ 15   0  49  36  16  18  21]
 [  0   0 272   5   1   5   4]
 [  9   0   4 481  15   2  32]
 [  1   0   0  39 215   2  11]
 [  0   0   4   6   4 141  31]
 [  1   0   1  23   0   2 127]]";0.7160342717258262;0.6127256637082527;"[[ 46   0   0  18   5   5  32]
 [  8   0  16  20   9   6   7]
 [  0   0 116   2   1   3   4]
 [  6   0   3 207   6   2  22]
 [  0   0   0  19 104   2   3]
 [  0   0   2   3   1  61  23]
 [  2   0   0   2   0   0  51]]";91;[12  9 10 23 13 15  9]
197;Cora;own;0.5;0.2;64;0.5;1;0.005;615395017;0.8775510204081632;0.7923344174575703;"[[13  0  0  0  0  0  0]
 [ 2  0  2  2  1  3  0]
 [ 0  0 11  0  0  0  0]
 [ 0  0  0 22  0  0  2]
 [ 0  0  0  0 14  0  0]
 [ 0  0  0  0  0 17  0]
 [ 0  0  0  0  0  0  9]]";0.747350808700502;0.6470942950202287;"[[110   0   1  35  11   6  44]
 [ 29   0  41  44   8  25   9]
 [  0   0 268   9   1   5   3]
 [ 14   0   4 486   9   3  26]
 [  2   0   0  43 209   2   9]
 [  0   0   5   4   4 145  29]
 [  1   0   1  24   0   2 122]]";0.7160342717258262;0.6142110510231583;"[[ 50   0   0  21   3   4  28]
 [ 14   0  13  21   4  10   4]
 [  0   0 115   2   1   4   4]
 [  7   0   2 211   3   4  19]
 [  2   0   0  23  99   2   2]
 [  0   0   2   6   0  62  20]
 [  4   0   0   3   0   0  48]]";98;[13 10 11 24 14 17  9]
198;Cora;own;0.5;0.2;64;0.5;1;0.005;615395017;0.9809523809523809;0.9810606060606062;"[[15  0  0  0  0  0  0]
 [ 0 12  0  0  0  0  0]
 [ 0  0 11  0  0  0  0]
 [ 0  0  0 23  0  0  2]
 [ 0  0  0  0 14  0  0]
 [ 0  0  0  0  0 18  0]
 [ 0  0  0  0  0  0 10]]";0.7933930571108623;0.772554189198772;"[[126  18   0  11   7   4  46]
 [  0 135   8   8   1   2   1]
 [  0  14 258   7   1   1   3]
 [  9  49   2 438  11   4  19]
 [  4   9   0  36 203   3   9]
 [  5  19   4   0   2 143  21]
 [  2   6   0  21   0   2 114]]";0.7539779681762546;0.7367293356026546;"[[ 54  12   0  12   3   4  21]
 [  0  61   2   3   0   0   0]
 [  0   7 113   2   1   0   3]
 [  5  36   1 176   8   4  16]
 [  1   3   0  19 103   1   1]
 [  3   8   1   2   0  63  13]
 [  2   4   0   2   0   1  46]]";105;[15 12 11 25 14 18 10]
199;Cora;own;0.5;0.2;64;0.5;1;0.005;615395017;0.9821428571428571;0.9823809523809525;"[[16  0  0  0  0  0  0]
 [ 0 13  0  0  0  0  0]
 [ 0  0 12  0  0  0  0]
 [ 0  0  0 24  0  0  2]
 [ 0  0  0  0 15  0  0]
 [ 0  0  0  0  0 19  0]
 [ 0  0  0  0  0  0 11]]";0.8066329398538504;0.7920230417038324;"[[140   1   1  10   6   8  46]
 [  0 126  12   8   1   3   1]
 [  4   7 273  17  11   2   4]
 [ 15  15   3 418   8  14  31]
 [  9   4   0  25 206   4  10]
 [  6   2   5   0   2 155  23]
 [  1   0   1  21   0   3 117]]";0.773561811505508;0.7600999845770299;"[[ 61   4   1   9   3   5  23]
 [  0  56   4   3   0   1   2]
 [  0   2 118   1   1   0   4]
 [ 16  13   2 173  12  10  20]
 [  1   3   0  13 108   1   2]
 [  5   1   2   2   0  67  13]
 [  1   0   0   4   0   1  49]]";112;[16 13 12 26 15 19 11]
200;Cora;own;0.5;0.2;64;0.5;1;0.005;615395017;0.9663865546218487;0.9685296782070976;"[[17  0  0  0  0  0  0]
 [ 0 13  0  0  0  0  0]
 [ 0  0 13  0  0  0  0]
 [ 0  1  0 25  1  0  2]
 [ 0  0  0  0 15  0  0]
 [ 0  0  0  0  0 20  0]
 [ 0  0  0  0  0  0 12]]";0.7974040632054176;0.7815733725487906;"[[140   3   3  13   5   8  44]
 [  0 123  12   8   0   3   1]
 [  4   7 271  15  11   2   3]
 [ 18  21   6 404   9  15  27]
 [ 10   6   0  20 206   4  12]
 [  7   6   5   1   2 152  22]
 [  2   0   1  20   0   3 117]]";0.769889840881273;0.7560416920114549;"[[ 62   4   1   7   3   5  24]
 [  0  58   3   3   0   1   1]
 [  0   2 118   1   1   0   4]
 [ 17  17   2 170  10  10  20]
 [  2   3   0  13 106   2   2]
 [  6   2   2   2   0  66  12]
 [  2   1   0   2   0   1  49]]";119;[17 13 13 29 15 20 12]
201;Cora;own;0.5;0.2;64;0.5;1;0.005;615395017;0.9603174603174603;0.9627438198866771;"[[18  0  0  0  0  0  0]
 [ 0 13  0  0  0  0  0]
 [ 0  0 14  0  0  0  0]
 [ 1  2  0 25  0  0  2]
 [ 0  0  0  0 17  0  0]
 [ 0  0  0  0  0 21  0]
 [ 0  0  0  0  0  0 13]]";0.7892351274787536;0.7837149415770043;"[[154   4   0  11   7   9  45]
 [  1 127   8   2   1   4   0]
 [  4   3 269   8   1   3   2]
 [ 60  23   5 347  19  17  24]
 [ 16   4   1  17 219   4  11]
 [  4   3   5   0   4 157  21]
 [  3   0   0  15   0   3 120]]";0.7466340269277846;0.7414488319796139;"[[ 64   3   0   8   3   6  22]
 [  1  59   2   2   0   1   1]
 [  0   2 117   1   1   1   4]
 [ 36  16   4 143  20  11  16]
 [  3   3   0   5 111   4   2]
 [  8   2   1   0   0  67  12]
 [  3   0   0   1   0   2  49]]";126;[18 13 14 30 17 21 13]
202;Cora;own;0.5;0.2;64;0.5;1;0.005;615395017;0.9624060150375939;0.9661184725062623;"[[18  0  0  0  0  0  0]
 [ 0 14  0  0  0  0  0]
 [ 0  0 15  0  0  0  0]
 [ 1  1  0 28  1  0  2]
 [ 0  0  0  0 18  0  0]
 [ 0  0  0  0  0 21  0]
 [ 0  0  0  0  0  0 14]]";0.7952218430034129;0.7855110207876106;"[[141   3   1  15  10  10  48]
 [  0 122  11   3   1   3   0]
 [  2   1 271   9   2   4   2]
 [ 27  14  16 372  25  14  29]
 [  6   6   1  16 223   3  15]
 [  4   4   5   2   4 150  23]
 [  2   0   1  17   0   1 119]]";0.7576499388004896;0.7457518122436612;"[[ 56   3   1  10   3   6  27]
 [  0  54   6   3   0   0   3]
 [  0   2 119   1   1   1   2]
 [ 23  10   4 160  23   8  18]
 [  3   3   0   6 112   2   2]
 [  4   2   2   2   0  66  14]
 [  2   0   0   1   0   0  52]]";133;[18 14 15 33 18 21 14]
203;Cora;own;0.5;0.2;64;0.5;1;0.005;615395017;0.9642857142857143;0.9651139202331348;"[[18  0  0  0  0  0  1]
 [ 0 14  0  0  0  0  0]
 [ 0  0 16  0  0  0  0]
 [ 1  0  0 33  0  0  2]
 [ 1  0  0  0 18  0  0]
 [ 0  0  0  0  0 22  0]
 [ 0  0  0  0  0  0 14]]";0.7926898914905768;0.7815705459676411;"[[148   3   1  11   5   9  49]
 [  1 118   8   3   0   6   0]
 [  2   2 274   5   4   1   2]
 [ 42  11  18 379  24  10  23]
 [ 16   6   1  17 215   2  15]
 [  5   5   6   2   2 142  22]
 [  4   0   1  16   0   3 112]]";0.769889840881273;0.758112631485689;"[[ 63   3   4   6   3   5  22]
 [  0  54   3   6   0   2   1]
 [  0   2 118   3   1   0   2]
 [ 21  10   9 168  16   6  16]
 [  3   3   0   8 110   1   3]
 [  8   2   2   1   0  65  12]
 [  3   0   0   1   0   0  51]]";140;[19 14 16 36 19 22 14]
204;Cora;own;0.5;0.2;64;0.5;1;0.005;615395017;0.9659863945578231;0.9674934635843423;"[[19  0  0  0  0  1  0]
 [ 0 15  0  0  0  0  0]
 [ 0  0 17  0  0  0  0]
 [ 1  0  0 35  0  0  2]
 [ 1  0  0  0 20  0  0]
 [ 0  0  0  0  0 22  0]
 [ 0  0  0  0  0  0 14]]";0.7930045871559633;0.7803025149331033;"[[141   3   3   8   5   7  51]
 [  0 114  10   5   0   4   1]
 [  2   2 271   4   2   1   2]
 [ 40  12  20 380  31  11  25]
 [ 12   4   1  16 230   2   8]
 [  4   6   7   2   2 141  22]
 [  3   0   1  18   1   3 106]]";0.7600979192166463;0.7484790455944862;"[[ 61   4   4   7   3   5  22]
 [  0  53   4   6   0   2   1]
 [  0   2 118   3   1   0   2]
 [ 21  11   9 161  22   6  16]
 [  2   3   0   8 113   1   1]
 [  7   3   2   1   0  64  13]
 [  3   0   0   1   0   0  51]]";147;[20 15 17 38 21 22 14]
205;Cora;own;0.5;0.2;64;0.5;1;0.005;615395017;0.9675324675324676;0.9673023395908711;"[[20  0  0  0  0  1  1]
 [ 0 16  0  0  0  0  0]
 [ 0  0 18  0  0  0  0]
 [ 1  0  0 38  0  0  1]
 [ 1  0  0  0 20  0  0]
 [ 0  0  0  0  0 23  0]
 [ 0  0  0  0  0  0 14]]";0.8019573978123201;0.784620785287867;"[[144   4   3   8   4   6  50]
 [  0 115   9   5   1   4   1]
 [  2   1 276   2   1   1   2]
 [ 33  11  24 401  15   6  24]
 [ 15   6   1  20 220   2   8]
 [  6   6   7   2   2 137  23]
 [  4   0   1  21   0   3 100]]";0.7796817625458996;0.7614479832769112;"[[ 62   3   4   9   2   5  21]
 [  0  54   4   5   0   2   1]
 [  0   2 120   2   1   0   1]
 [ 17   9  11 177  13   4  15]
 [  2   3   0   7 114   1   1]
 [  7   4   2   1   0  62  14]
 [  4   0   0   2   0   1  48]]";154;[22 16 18 40 21 23 14]
206;Cora;own;0.5;0.2;64;0.5;1;0.005;615395017;0.9813664596273292;0.9798976412085951;"[[21  0  0  0  0  0  1]
 [ 0 17  0  0  0  0  0]
 [ 0  0 19  0  0  0  0]
 [ 0  0  0 41  0  0  1]
 [ 1  0  0  0 20  0  0]
 [ 0  0  0  0  0 24  0]
 [ 0  0  0  0  0  0 16]]";0.8069364161849711;0.7895336624451946;"[[148   2   3  11   3   7  45]
 [  0 110   9   8   1   5   1]
 [  3   1 274   3   6   1   2]
 [ 27   7  24 418  11   6  21]
 [ 16   5   0  23 210   2   8]
 [  5   4   7   3   2 139  22]
 [  2   0   1  24   0   3  97]]";0.7931456548347613;0.7744229141556558;"[[ 62   3   4  11   1   5  20]
 [  0  53   4   7   0   1   1]
 [  0   2 120   2   1   0   1]
 [ 14   7   7 190  12   3  13]
 [  1   3   0  12 111   0   1]
 [  6   3   2   1   0  64  14]
 [  4   0   0   2   0   1  48]]";161;[22 17 19 42 21 24 16]
207;Cora;own;0.5;0.2;64;0.5;1;0.005;615395017;0.9880952380952381;0.9864203018689606;"[[22  0  0  0  0  0  1]
 [ 0 17  0  0  0  0  0]
 [ 0  0 19  0  0  0  0]
 [ 0  0  0 44  0  0  0]
 [ 1  0  0  0 23  0  0]
 [ 0  0  0  0  0 25  0]
 [ 0  0  0  0  0  0 16]]";0.8270458502611724;0.8064186916465095;"[[143   2   2  18   6   6  43]
 [  0 113   7   6   1   1   1]
 [  2   1 270   2   2   1   2]
 [ 20   8  11 451  15   6  13]
 [ 13   2   0  23 215   1   5]
 [  5   6   7   2   4 138  24]
 [  3   0   1  23   0   3  95]]";0.8053855569155447;0.7844777214024383;"[[ 61   2   3  13   2   5  20]
 [  0  54   3   7   0   0   2]
 [  0   2 118   3   1   0   2]
 [ 13   8   3 200  10   3   9]
 [  1   3   0  11 112   0   1]
 [  4   3   2   1   0  65  15]
 [  3   0   0   2   1   1  48]]";168;[23 17 19 44 24 25 16]
208;Cora;own;0.5;0.2;64;0.5;1;0.005;615395017;0.9828571428571429;0.9796711728169528;"[[22  0  0  0  0  0  1]
 [ 0 18  0  0  0  0  0]
 [ 0  0 19  0  0  0  0]
 [ 0  0  0 47  0  0  0]
 [ 1  0  0  0 24  0  1]
 [ 0  0  0  0  0 26  0]
 [ 0  0  0  0  0  0 16]]";0.8304195804195804;0.8095151521044253;"[[144   2   2  21   5   7  38]
 [  0 113   7   5   1   1   1]
 [  3   1 270   3   1   1   1]
 [ 19   8   5 462   9   7  13]
 [ 14   2   0  31 204   2   4]
 [  5   4   7   3   3 140  23]
 [  3   0   1  23   0   5  92]]";0.8151774785801713;0.7929594100207069;"[[ 61   2   3  15   1   5  19]
 [  0  54   3   7   0   1   1]
 [  0   2 119   2   1   0   2]
 [ 10   9   1 212   4   3   7]
 [  2   3   0  17 104   1   1]
 [  3   3   2   1   0  66  15]
 [  2   0   0   1   1   1  50]]";175;[23 18 19 47 26 26 16]
209;Cora;own;0.5;0.2;64;0.5;1;0.005;615395017;0.9725274725274725;0.9704839078488539;"[[23  0  0  0  0  0  1]
 [ 0 19  0  0  0  0  0]
 [ 0  0 20  0  0  0  0]
 [ 0  0  0 48  1  0  1]
 [ 1  0  0  0 24  0  1]
 [ 0  0  0  0  0 27  0]
 [ 0  0  0  0  0  0 16]]";0.8314803978935049;0.8105543177547618;"[[150   1   2  22   5   8  33]
 [  2 109   7   6   1   3   0]
 [  3   1 269   3   1   1   1]
 [ 20   5   6 462   8   7  12]
 [ 14   2   0  32 203   2   4]
 [  7   3   7   4   3 142  20]
 [  4   0   1  23   0   4  86]]";0.8261933904528764;0.8044489088932361;"[[ 64   2   3  17   1   4  15]
 [  0  53   4   7   0   0   2]
 [  0   2 121   1   1   0   1]
 [ 11   7   2 214   4   2   6]
 [  1   3   0  14 108   1   1]
 [  5   3   2   1   0  66  13]
 [  2   0   0   2   1   1  49]]";182;[24 19 20 50 26 27 16]
210;Cora;own;0.5;0.2;64;0.5;1;0.005;615395017;0.9629629629629629;0.9635250463821893;"[[24  0  0  1  0  0  0]
 [ 0 20  0  0  0  0  0]
 [ 0  0 21  0  0  0  0]
 [ 0  0  0 48  1  1  1]
 [ 1  0  0  0 26  0  2]
 [ 0  0  0  0  0 27  0]
 [ 0  0  0  0  0  0 16]]";0.8378378378378378;0.8151147119890252;"[[151   2   2  23   6   6  31]
 [  1 110   7   7   1   2   0]
 [  3   1 269   3   1   1   1]
 [ 19   5   6 460  12   7  13]
 [ 12   2   0  22 213   2   3]
 [  7   2   6   3   3 143  21]
 [  5   0   1  22   0   5  80]]";0.8298653610771114;0.8067419718058148;"[[ 64   2   3  17   1   4  15]
 [  0  52   4   7   1   0   2]
 [  0   2 121   1   1   0   1]
 [ 12   8   2 212   6   2   4]
 [  1   3   0   9 113   1   1]
 [  5   3   2   0   0  67  13]
 [  2   0   0   2   1   1  49]]";189;[25 20 21 51 29 27 16]
211;Cora;own;0.5;0.2;64;0.5;1;0.005;615395017;0.9642857142857143;0.9660928698964967;"[[25  0  0  1  0  0  0]
 [ 0 21  0  0  0  0  0]
 [ 0  0 22  0  0  0  0]
 [ 1  0  0 49  1  0  1]
 [ 2  0  0  0 26  0  1]
 [ 0  0  0  0  0 28  0]
 [ 0  0  0  0  0  0 18]]";0.8460176991150442;0.8292266590076627;"[[155   3   1  22   4   6  27]
 [  1 109   7   7   0   1   0]
 [  3   1 270  19   1   1   2]
 [ 13   4   6 461   7   7   8]
 [ 17   1   0  28 202   5   2]
 [  8   2   6   1   3 141  22]
 [  7   0   1   2   0   5  96]]";0.8310893512851897;0.8092172553180091;"[[ 67   2   3  18   0   4  12]
 [  0  53   4   7   0   0   2]
 [  0   2 123   1   0   0   0]
 [  7   8   4 215   6   3   3]
 [  1   3   0  14 108   1   1]
 [  6   3   2   1   0  67  11]
 [  5   0   1   1   0   2  46]]";196;[26 21 22 52 29 28 18]
212;Cora;own;0.5;0.2;64;0.5;1;0.005;615395017;0.9704433497536946;0.9713206901299614;"[[27  0  0  0  0  0  0]
 [ 0 22  0  0  0  0  0]
 [ 0  0 23  0  0  0  0]
 [ 0  0  0 50  1  1  1]
 [ 2  0  0  0 27  0  1]
 [ 0  0  0  0  0 29  0]
 [ 0  0  0  0  0  0 19]]";0.851303317535545;0.8393361373853679;"[[162   3   4  20   5   7  15]
 [  1 110   6   6   0   1   0]
 [  4   1 272  16   1   1   1]
 [ 12   6  14 451  10   7   7]
 [ 16   1   0  26 206   3   2]
 [ 10   2   6   3   3 145  15]
 [  8   0   1   2   0   5  91]]";0.8323133414932681;0.8144805880142549;"[[ 69   2   4  18   0   5   8]
 [  0  52   4   7   1   1   1]
 [  0   2 123   1   0   0   0]
 [  6   9  10 211   4   4   2]
 [  2   3   0  12 110   1   0]
 [  7   3   2   1   0  69   8]
 [  5   0   1   1   0   2  46]]";203;[27 22 23 53 30 29 19]
213;Cora;own;0.5;0.2;64;0.5;1;0.005;615395017;0.9714285714285714;0.9712025757428637;"[[27  0  0  0  0  1  0]
 [ 0 23  0  0  0  0  0]
 [ 0  0 24  0  0  0  0]
 [ 1  0  0 52  0  0  1]
 [ 2  0  0  0 29  0  1]
 [ 0  0  0  0  0 29  0]
 [ 0  0  0  0  0  0 20]]";0.8483045806067817;0.833535577810809;"[[164   3   2  17   4   7  18]
 [  1 110   7   7   0   1   0]
 [  4   2 274  14   1   1   1]
 [ 14   7  13 448   8   7   8]
 [ 20   1   0  28 199   4   2]
 [ 10   2   3   2   3 141  17]
 [  8   0   1   2   0   5  90]]";0.8384332925336597;0.81929400430434;"[[ 73   2   3  16   0   4   8]
 [  0  52   4   7   1   0   2]
 [  0   2 123   1   0   0   0]
 [  8   9   8 214   3   2   2]
 [  2   3   0  12 110   1   0]
 [  5   4   2   3   0  67   9]
 [  5   0   1   1   0   2  46]]";210;[28 23 24 54 32 29 20]
214;Cora;own;0.5;0.2;64;0.5;1;0.005;615395017;0.967741935483871;0.9705924342456939;"[[28  0  0  0  0  1  0]
 [ 0 24  0  0  0  0  0]
 [ 0  0 25  0  0  0  0]
 [ 1  0  0 52  1  0  1]
 [ 2  0  0  1 30  0  0]
 [ 0  0  0  0  0 30  0]
 [ 0  0  0  0  0  0 21]]";0.8542413381123058;0.8362373631904702;"[[157   3   2  18   4  12  19]
 [  1 104   4   6   0   2   0]
 [  5   1 281  10   1   1   1]
 [ 12   5  12 457   5   7   9]
 [ 17   1   0  27 202   3   3]
 [ 10   3   3   2   3 140  16]
 [  8   0   1   2   0   5  89]]";0.8433292533659731;0.8243753347398916;"[[ 71   2   3  16   0   5   9]
 [  0  52   4   7   1   0   2]
 [  0   2 123   1   0   0   0]
 [  8   9   6 216   3   2   2]
 [  1   3   0  12 110   1   1]
 [  4   3   2   3   0  70   8]
 [  4   0   1   1   0   2  47]]";217;[29 24 25 55 33 30 21]
215;Cora;own;0.5;0.2;64;0.5;1;0.005;615395017;0.9642857142857143;0.9686952191477546;"[[30  0  0  0  0  0  0]
 [ 0 25  0  0  0  0  0]
 [ 0  0 25  0  0  0  0]
 [ 0  0  1 52  2  1  1]
 [ 2  0  0  1 31  0  0]
 [ 0  0  0  0  0 31  0]
 [ 0  0  0  0  0  0 22]]";0.8620275944811038;0.844752888168826;"[[155   3   1  21   5  11  16]
 [  1 103   5   6   0   2   0]
 [  5   0 282   8   1   1   1]
 [  8   2  14 461   7   7   7]
 [ 13   1   0  26 206   2   3]
 [ 10   3   4   1   3 141  16]
 [  8   0   1   2   0   5  89]]";0.847001223990208;0.82845898762492;"[[ 71   2   3  17   0   4   9]
 [  0  52   5   7   1   0   1]
 [  0   2 123   1   0   0   0]
 [  7   7   6 220   3   2   1]
 [  1   3   0  12 110   1   1]
 [  4   3   2   4   0  69   8]
 [  5   0   1   1   0   1  47]]";224;[30 25 25 57 34 31 22]
216;Cora;own;0.5;0.2;64;0.5;1;0.005;615395017;0.9826839826839827;0.9833856529592923;"[[31  0  0  0  0  0  0]
 [ 0 25  0  0  0  0  0]
 [ 0  0 25  0  0  0  0]
 [ 1  0  0 58  1  0  0]
 [ 0  0  0  0 33  0  2]
 [ 0  0  0  0  0 31  0]
 [ 0  0  0  0  0  0 24]]";0.8674698795180723;0.8490123010207461;"[[151   3   1  23   6   8  17]
 [  0  96   7   8   0   2   1]
 [  2   0 276   4   1   1   1]
 [ 11   3  11 480   4   2   8]
 [ 10   1   0  31 204   2   3]
 [ 10   3   4   2   3 139  15]
 [  7   0   0   2   0   3  94]]";0.8433292533659731;0.8246459747302912;"[[ 66   2   2  20   0   4  12]
 [  0  51   4   8   1   0   2]
 [  0   2 121   2   1   0   0]
 [  7   6   4 223   3   2   1]
 [  1   3   0  13 110   0   1]
 [  4   2   2   5   0  69   8]
 [  4   0   0   1   0   1  49]]";231;[31 25 25 60 35 31 24]
217;Cora;own;0.5;0.2;64;0.5;1;0.005;615395017;0.9789915966386554;0.9795255693943276;"[[30  0  0  0  1  0  0]
 [ 0 26  0  0  0  0  0]
 [ 0  0 26  0  0  0  0]
 [ 1  0  0 60  0  0  0]
 [ 1  0  0  0 34  1  0]
 [ 1  0  0  0  0 32  0]
 [ 0  0  0  0  0  0 25]]";0.8638838475499092;0.8457482346142827;"[[152   3   1  21   5  10  16]
 [  1  95   8   7   0   2   0]
 [  2   0 275   4   1   1   1]
 [ 11   4  13 475   4   3   9]
 [ 11   1   0  33 199   3   3]
 [  9   2   4   2   2 141  14]
 [  7   0   0   2   0   5  91]]";0.8408812729498164;0.820534102103841;"[[ 63   2   3  20   0   6  12]
 [  0  53   4   7   0   0   2]
 [  0   2 123   1   0   0   0]
 [  7   7   5 219   3   4   1]
 [  1   3   0  13 110   0   1]
 [  2   3   2   3   0  71   9]
 [  5   0   0   0   0   2  48]]";238;[31 26 26 61 36 33 25]
218;Cora;own;0.5;0.2;64;0.5;1;0.005;615395017;0.9795918367346939;0.9802930525636411;"[[30  0  0  1  1  0  0]
 [ 0 26  0  0  0  0  0]
 [ 0  0 27  0  0  0  0]
 [ 1  0  0 62  0  0  0]
 [ 0  0  0  0 35  1  1]
 [ 0  0  0  0  0 34  0]
 [ 0  0  0  0  0  0 26]]";0.8663426488456865;0.8489572567328999;"[[146   3   1  28   6   9  16]
 [  1  91   7  11   0   0   1]
 [  2   0 274   5   1   1   1]
 [ 10   2   7 486   3   2   6]
 [ 10   1   0  36 198   2   2]
 [  4   3   4   7   3 139  13]
 [  7   0   0   2   0   3  92]]";0.8323133414932681;0.8145663576867086;"[[ 61   2   2  24   0   6  11]
 [  0  49   5   9   1   0   2]
 [  0   0 121   4   1   0   0]
 [  7   3   4 226   3   2   1]
 [  1   3   0  16 107   0   1]
 [  2   2   2   9   0  65  10]
 [  3   0   0   0   0   1  51]]";245;[32 26 27 63 37 34 26]
219;Cora;own;0.5;0.2;64;0.5;1;0.005;615395017;0.9841269841269841;0.9854804081853766;"[[32  0  0  1  0  0  0]
 [ 0 27  0  0  0  0  0]
 [ 0  0 27  0  0  0  0]
 [ 1  0  0 64  0  0  0]
 [ 1  0  0  0 35  1  0]
 [ 0  0  0  0  0 36  0]
 [ 0  0  0  0  0  0 27]]";0.8694325808419768;0.852022638534324;"[[151   3   1  23   6  11  13]
 [  1  92   5  10   0   2   0]
 [  2   0 273   5   1   1   1]
 [ 10   1   8 484   3   3   7]
 [ 10   1   0  35 198   2   2]
 [ 10   3   4   3   2 137  12]
 [  7   0   0   2   0   4  90]]";0.8396572827417381;0.8216544425449609;"[[ 63   2   1  22   0   7  11]
 [  0  50   4   9   1   0   2]
 [  0   0 120   4   1   0   1]
 [  7   3   3 226   4   2   1]
 [  2   3   0  14 109   0   0]
 [  3   2   2   6   0  69   8]
 [  4   0   0   0   1   1  49]]";252;[33 27 27 65 37 36 27]
220;Cora;own;0.5;0.2;64;0.5;1;0.005;615395017;0.9806949806949807;0.982057958749688;"[[34  0  0  0  0  0  0]
 [ 0 28  0  0  0  0  0]
 [ 0  0 28  0  0  0  0]
 [ 1  0  0 65  0  0  0]
 [ 1  0  0  1 34  1  0]
 [ 0  0  0  0  1 37  0]
 [ 0  0  0  0  0  0 28]]";0.8645833333333334;0.8471060120721694;"[[143   3   1  28   5  13  14]
 [  1  90   5  11   0   3   0]
 [  2   0 273   8   1   1   1]
 [ 10   1   7 481   3   3   6]
 [ 11   1   0  35 197   3   1]
 [  6   3   2   7   1 139  11]
 [  8   0   0   0   0   5  88]]";0.8384332925336597;0.8188413071609583;"[[ 62   2   1  23   0   7  11]
 [  0  50   3   9   1   1   2]
 [  0   0 121   4   0   0   1]
 [  7   3   1 227   4   3   1]
 [  2   3   0  14 109   0   0]
 [  2   2   2   8   0  69   7]
 [  5   0   0   0   0   3  47]]";259;[34 28 28 66 37 38 28]
221;Cora;own;0.5;0.2;64;0.5;1;0.005;615395017;0.9736842105263158;0.9730507921819302;"[[35  0  0  0  0  0  0]
 [ 0 28  1  0  0  0  0]
 [ 0  0 28  0  0  0  0]
 [ 0  0  0 67  0  0  0]
 [ 2  0  0  2 34  0  0]
 [ 0  1  0  0  1 38  0]
 [ 0  0  0  0  0  0 29]]";0.8646153846153846;0.8484394016667934;"[[146   3   1  29   6   9  13]
 [  1  90   4  14   0   1   0]
 [  2   0 272   8   1   1   1]
 [ 11   1   5 480   3   2   6]
 [ 12   1   0  36 194   2   1]
 [  6   3   2   9   1 135  13]
 [  8   0   0   0   0   4  88]]";0.8408812729498164;0.8206494880405684;"[[ 67   2   1  21   0   5  10]
 [  0  51   3   9   1   0   2]
 [  0   0 121   4   0   0   1]
 [  7   3   1 230   3   1   1]
 [  2   3   0  15 108   0   0]
 [  2   3   2  10   0  63  10]
 [  7   0   0   0   0   1  47]]";266;[35 29 28 67 38 40 29]
222;Cora;own;0.5;0.2;64;0.5;1;0.005;615395017;0.9706959706959707;0.969799176728071;"[[35  0  0  0  1  0  0]
 [ 0 30  0  0  0  0  0]
 [ 1  0 29  0  0  0  0]
 [ 0  0  0 68  0  0  0]
 [ 1  0  0  2 34  0  1]
 [ 0  1  0  0  1 39  0]
 [ 0  0  0  0  0  0 30]]";0.8646477132262052;0.8474606786177883;"[[138   3   1  30   6  13  16]
 [  1  91   4  12   0   2   0]
 [  1   0 272   7   1   1   1]
 [  8   1   7 478   3   2   6]
 [  9   1   0  37 196   2   2]
 [  5   3   2   9   1 136  11]
 [  7   0   0   0   0   4  88]]";0.8421052631578947;0.820695423135625;"[[ 63   2   2  22   0   5  12]
 [  0  51   3   9   1   0   2]
 [  0   3 120   1   1   0   1]
 [  6   4   1 228   3   3   1]
 [  1   3   0  13 110   0   1]
 [  2   2   2   8   0  67   9]
 [  3   0   0   1   0   2  49]]";273;[36 30 30 68 38 41 30]
223;Cora;own;0.5;0.2;64;0.5;1;0.005;615395017;0.9821428571428571;0.9808764808764809;"[[36  1  0  0  1  0  0]
 [ 0 31  0  0  0  0  0]
 [ 0  0 30  0  0  0  0]
 [ 0  0  0 69  0  0  0]
 [ 0  0  0  0 37  1  1]
 [ 0  0  0  0  1 41  0]
 [ 0  0  0  0  0  0 31]]";0.8659217877094972;0.8492166562447393;"[[138   2   1  29   6  11  17]
 [  1  90   3  15   0   2   0]
 [  1   0 270   7   1   1   1]
 [ 11   1   7 473   4   2   6]
 [ 11   1   0  31 200   2   2]
 [  4   1   2   9   2 138  10]
 [  7   0   0   0   0   5  86]]";0.8457772337821298;0.8254678911946408;"[[ 64   2   2  21   1   5  11]
 [  0  51   3   9   1   0   2]
 [  0   3 120   1   1   0   1]
 [  7   3   1 228   4   2   1]
 [  1   2   0  12 112   0   1]
 [  2   1   2   9   0  67   9]
 [  3   0   0   0   1   2  49]]";280;[38 31 30 69 39 42 31]
224;Cora;own;0.5;0.2;64;0.5;1;0.005;615395017;0.9860627177700348;0.9855269079394172;"[[39  0  0  0  0  1  0]
 [ 0 32  0  0  0  0  0]
 [ 0  0 31  0  0  0  0]
 [ 0  0  0 70  0  0  0]
 [ 0  0  0  0 38  1  1]
 [ 0  0  0  0  1 41  0]
 [ 0  0  0  0  0  0 32]]";0.8672069825436409;0.8529954053053419;"[[144   2   1  27   5   9  13]
 [  1  90   2  16   0   1   0]
 [  1   0 268   8   1   1   1]
 [ 14   1   7 468   5   3   7]
 [ 13   1   0  29 199   2   2]
 [ 10   1   2   5   1 137   8]
 [  7   0   1   0   0   5  85]]";0.8494492044063647;0.8316997335460393;"[[ 69   2   2  19   1   5   8]
 [  0  52   2   9   1   0   2]
 [  0   1 121   3   1   0   0]
 [  7   4   1 228   3   2   1]
 [  2   3   0  13 110   0   0]
 [  2   0   2   9   0  68   9]
 [  7   0   0   0   0   2  46]]";287;[40 32 31 70 40 42 32]
225;Cora;own;0.5;0.2;64;0.5;1;0.005;615395017;0.9795918367346939;0.9784385189661468;"[[40  0  0  0  1  1  1]
 [ 0 33  0  0  0  0  0]
 [ 0  0 32  0  0  0  0]
 [ 0  0  0 71  0  0  0]
 [ 0  0  0  0 38  1  1]
 [ 0  0  0  0  1 42  0]
 [ 0  0  0  0  0  0 32]]";0.8647463994990607;0.8478143537248789;"[[142   2   1  26   3  10  15]
 [  1  88   2  17   0   1   0]
 [  1   0 267   9   1   1   1]
 [ 12   1   7 468   5   3   7]
 [ 12   1   0  32 197   2   2]
 [  6   1   2   5   1 136  12]
 [  7   0   1   0   0   6  83]]";0.8494492044063647;0.831810321414515;"[[ 67   2   3  19   1   5   9]
 [  0  52   3   9   1   0   1]
 [  0   1 122   3   0   0   0]
 [  7   3   1 230   2   2   1]
 [  3   3   0  14 108   0   0]
 [  2   0   2   9   0  68   9]
 [  6   0   0   0   0   2  47]]";294;[43 33 32 71 40 43 32]
226;Cora;own;0.5;0.2;64;0.5;1;0.005;615395017;0.973421926910299;0.9715954153485599;"[[42  0  0  0  0  2  0]
 [ 0 34  0  0  0  0  0]
 [ 0  0 32  0  0  0  0]
 [ 0  0  0 72  0  0  0]
 [ 1  0  0  0 39  1  0]
 [ 0  0  0  0  1 42  1]
 [ 1  0  1  0  0  0 32]]";0.8735849056603774;0.8566591954623071;"[[147   2   1  22   4   7  16]
 [  1  90   2  12   0   2   1]
 [  0   0 269   8   1   1   1]
 [ 13   1   7 465   5   3   8]
 [ 12   1   0  27 200   2   3]
 [  7   1   2   5   1 135  11]
 [  6   0   0   0   0   5  83]]";0.8494492044063647;0.8305647908169453;"[[ 71   2   2  18   0   5   8]
 [  0  52   2   9   1   0   2]
 [  0   1 120   3   1   0   1]
 [  7   4   1 227   4   2   1]
 [  3   3   0  12 110   0   0]
 [  2   0   2   7   0  67  12]
 [  6   0   0   0   0   2  47]]";301;[44 34 32 72 41 44 34]
227;Cora;own;0.5;0.2;64;0.5;1;0.005;615395017;0.9707792207792207;0.9707218395936069;"[[43  0  0  1  0  1  0]
 [ 0 35  0  0  0  0  0]
 [ 0  0 33  0  0  0  0]
 [ 0  0  0 73  0  0  1]
 [ 2  0  0  0 39  1  0]
 [ 0  0  0  0  1 42  1]
 [ 1  0  0  0  0  0 34]]";0.8692356285533797;0.8565213258488392;"[[150   2   1  25   3   7  10]
 [  1  89   2  14   0   1   1]
 [  0   0 269   7   1   1   1]
 [ 11   1  11 465   4   3   6]
 [ 13   0   0  37 188   2   3]
 [  6   1   2   7   1 134  11]
 [  7   0   0   0   0   4  81]]";0.8421052631578947;0.8283863498446947;"[[ 70   2   1  21   0   5   7]
 [  0  53   2   9   0   0   2]
 [  0   1 121   3   0   0   1]
 [  8   3   4 228   2   1   0]
 [  3   3   0  19 103   0   0]
 [  2   0   2   9   0  67  10]
 [  6   0   0   1   0   2  46]]";308;[45 35 33 74 42 44 35]
228;Cora;own;0.5;0.2;64;0.5;1;0.005;615395017;0.9746031746031746;0.9734512610820644;"[[45  0  0  0  0  1  1]
 [ 0 36  0  0  0  0  0]
 [ 0  0 34  0  0  0  0]
 [ 0  0  0 74  0  0  0]
 [ 2  0  0  0 41  1  0]
 [ 0  0  0  0  1 43  1]
 [ 1  0  0  0  0  0 34]]";0.881979695431472;0.8684121679142445;"[[149   2   1  25   4   7   8]
 [  1  89   2  13   0   2   0]
 [  0   0 267   8   1   1   1]
 [  8   1   8 472   5   3   4]
 [ 10   0   0  28 199   2   2]
 [  7   1   2   6   2 134  10]
 [  6   0   0   0   0   5  80]]";0.8543451652386781;0.8416801724228498;"[[ 71   2   1  21   0   5   6]
 [  0  54   2   8   0   0   2]
 [  0   1 120   3   1   0   1]
 [  7   3   1 231   3   1   0]
 [  3   3   0  16 106   0   0]
 [  2   0   2   9   0  70   7]
 [  6   0   0   1   0   2  46]]";315;[47 36 34 74 44 45 35]
229;Cora;own;0.5;0.2;64;0.5;1;0.005;615395017;0.9813664596273292;0.980676017341125;"[[47  0  0  0  0  0  1]
 [ 0 37  0  0  0  0  0]
 [ 0  0 34  0  0  0  0]
 [ 0  0  1 75  0  0  0]
 [ 1  0  0  0 43  1  0]
 [ 0  0  0  0  1 45  0]
 [ 1  0  0  0  0  0 35]]";0.8833652007648184;0.8694580842826227;"[[148   2   1  24   4   7  10]
 [  1  89   2  13   0   1   0]
 [  0   0 265   8   1   1   1]
 [  7   1   8 474   4   3   3]
 [  9   0   0  29 198   2   2]
 [  8   1   3   5   2 132  10]
 [  6   0   0   0   0   4  80]]";0.8543451652386781;0.837624535058355;"[[ 71   2   1  19   0   5   8]
 [  0  53   2   9   0   0   2]
 [  0   1 120   3   1   0   1]
 [  7   3   1 231   3   1   0]
 [  3   3   0  14 108   0   0]
 [  2   0   2   8   0  69   9]
 [  7   0   0   0   0   2  46]]";322;[48 37 34 76 45 46 36]
230;Cora;own;0.5;0.2;64;0.5;1;0.005;615395017;0.9817629179331308;0.9801957767981835;"[[48  1  0  0  0  0  1]
 [ 0 38  0  0  0  0  0]
 [ 0  0 35  0  0  0  0]
 [ 0  0  0 77  0  0  0]
 [ 0  0  0  0 44  1  1]
 [ 0  0  0  0  1 46  0]
 [ 1  0  0  0  0  0 35]]";0.882842509603073;0.8681632394445601;"[[148   2   1  23   4   8   8]
 [  1  87   2  14   0   2   0]
 [  0   0 265   7   1   1   1]
 [  7   1   8 468   7   3   4]
 [  9   0   0  28 198   2   2]
 [  5   1   2   5   2 135  11]
 [  6   0   0   0   0   5  78]]";0.8592411260709915;0.8405300817473045;"[[ 73   2   1  19   0   5   6]
 [  0  54   3   8   0   0   1]
 [  2   1 120   1   1   0   1]
 [  6   4   1 231   3   1   0]
 [  3   3   0  12 109   1   0]
 [  1   1   2   5   1  70  10]
 [  8   0   0   0   0   2  45]]";329;[50 38 35 77 46 47 36]
231;Cora;own;0.5;0.2;64;0.5;1;0.005;615395017;0.9821428571428571;0.9804779996978066;"[[49  1  0  0  0  0  1]
 [ 0 39  0  0  0  0  0]
 [ 0  0 36  0  0  0  0]
 [ 0  0  0 78  0  0  0]
 [ 0  0  0  0 45  0  2]
 [ 0  0  0  0  1 46  0]
 [ 1  0  0  0  0  0 37]]";0.8816720257234727;0.8689595509097989;"[[153   2   1  19   4   7   7]
 [  1  87   2  14   0   1   0]
 [  0   0 264   6   1   1   1]
 [ 10   1  11 460   7   2   5]
 [ 13   0   0  26 196   2   2]
 [  5   1   3   7   1 132  12]
 [  6   0   0   0   0   3  79]]";0.847001223990208;0.8321037986844486;"[[ 75   2   1  17   1   4   6]
 [  0  53   2   9   0   0   2]
 [  2   1 119   2   1   0   1]
 [  9   4   5 221   4   1   2]
 [  4   3   0  11 109   1   0]
 [  1   1   2   6   1  67  12]
 [  7   0   0   0   0   0  48]]";336;[51 39 36 78 47 47 38]
232;Cora;own;0.5;0.2;64;0.5;1;0.005;615395017;0.9883381924198251;0.9875541402048811;"[[51  0  0  0  0  0  1]
 [ 0 40  0  0  0  0  0]
 [ 0  0 37  0  0  0  0]
 [ 0  0  0 79  0  0  0]
 [ 0  0  0  0 46  1  1]
 [ 0  0  0  0  1 47  0]
 [ 0  0  0  0  0  0 39]]";0.8804909560723514;0.8674603993139903;"[[147   2   1  23   5   8   8]
 [  1  86   2  13   0   2   0]
 [  0   0 259   9   1   1   1]
 [  7   1  11 462   7   2   3]
 [  8   0   0  28 199   2   1]
 [  5   1   3   6   1 134  11]
 [  6   0   0   0   0   5  76]]";0.8494492044063647;0.8342002907836796;"[[ 73   2   1  18   0   6   6]
 [  0  53   2   9   0   0   2]
 [  0   1 119   4   1   0   1]
 [  7   6   5 223   4   1   0]
 [  3   3   0  11 110   1   0]
 [  1   1   1   7   1  70   9]
 [  6   0   0   0   0   3  46]]";343;[52 40 37 79 48 48 39]
233;Cora;own;0.5;0.2;64;0.5;1;0.005;615395017;0.9714285714285714;0.9695728365322785;"[[52  1  0  0  0  1  1]
 [ 0 39  1  0  0  0  0]
 [ 0  0 38  0  0  0  0]
 [ 0  0  0 80  0  0  0]
 [ 2  0  0  0 46  1  0]
 [ 0  0  0  0  1 47  1]
 [ 1  0  0  0  0  0 38]]";0.8792991563919533;0.8661160491628662;"[[146   1   1  25   5   6   8]
 [  1  86   2  14   0   1   0]
 [  0   0 260   6   1   1   1]
 [  6   1  12 462   7   2   3]
 [ 12   0   0  29 193   2   1]
 [  5   1   3   5   1 133  12]
 [  6   0   0   0   0   5  75]]";0.847001223990208;0.8311134362899234;"[[ 74   2   1  19   0   5   5]
 [  0  53   2   9   0   0   2]
 [  0   1 119   4   1   0   1]
 [  8   4   5 223   3   1   2]
 [  3   3   0  12 109   1   0]
 [  1   1   1   6   1  69  11]
 [  8   0   0   0   0   2  45]]";350;[55 40 38 80 49 49 39]
234;Cora;own;0.5;0.2;64;0.5;1;0.005;615395017;0.9803921568627451;0.9795373977787962;"[[55  1  0  0  0  0  0]
 [ 0 41  0  0  0  0  0]
 [ 0  0 38  0  0  0  0]
 [ 0  0  0 82  0  0  1]
 [ 1  0  0  0 48  1  0]
 [ 0  0  0  0  1 48  1]
 [ 1  0  0  0  0  0 38]]";0.8833116036505867;0.8667940331229556;"[[145   1   1  23   5   6   9]
 [  1  83   2  15   0   0   1]
 [  0   0 258   6   1   1   1]
 [  7   1   4 468   6   3   4]
 [ 12   1   0  28 193   2   1]
 [  5   1   3   5   1 133  11]
 [  7   0   0   0   0   4  75]]";0.8506731946144431;0.8333356492739871;"[[ 75   2   1  18   0   4   6]
 [  0  53   2   9   0   0   2]
 [  2   1 119   2   1   0   1]
 [  7   4   1 226   4   2   2]
 [  3   3   0  13 108   1   0]
 [  1   0   1   6   1  68  13]
 [  8   0   0   0   0   1  46]]";357;[56 41 38 83 50 50 39]
235;Cora;own;0.5;0.2;64;0.5;1;0.005;615395017;0.978021978021978;0.9788464591118288;"[[54  1  0  1  0  0  0]
 [ 0 42  0  0  0  0  0]
 [ 0  0 39  0  0  0  0]
 [ 1  0  0 83  0  0  1]
 [ 1  0  0  0 49  1  0]
 [ 0  0  0  0  1 50  0]
 [ 1  0  0  0  0  0 39]]";0.8893254747871644;0.8759415271714932;"[[146   1   3  25   6   5   4]
 [  1  82   2  15   0   1   0]
 [  0   0 257   6   1   1   1]
 [  3   1   4 471   6   3   3]
 [ 11   1   0  27 194   2   1]
 [  6   1   3   5   1 135   7]
 [  7   0   0   1   0   4  73]]";0.8555691554467564;0.8397530310207919;"[[ 75   2   1  18   0   5   5]
 [  0  53   2   9   0   0   2]
 [  0   3 119   2   1   0   1]
 [  7   4   1 227   4   1   2]
 [  3   3   0  13 108   1   0]
 [  1   0   1   7   1  72   8]
 [  8   0   0   0   0   2  45]]";364;[56 42 39 85 51 51 40]
236;Cora;own;0.5;0.2;64;0.5;1;0.005;615395017;0.9784366576819407;0.9787290351264121;"[[56  0  0  0  0  0  0]
 [ 0 43  0  0  0  0  0]
 [ 0  0 40  0  0  0  0]
 [ 1  0  0 84  0  0  1]
 [ 1  0  0  0 50  1  0]
 [ 1  0  0  0  1 50  0]
 [ 2  0  0  0  0  0 40]]";0.8894736842105263;0.8762103163029896;"[[149   1   3  22   6   6   3]
 [  1  81   3  15   0   1   0]
 [  0   0 255   6   1   1   1]
 [  3   1   4 470   5   3   4]
 [ 12   1   0  27 192   2   1]
 [  6   1   3   6   2 132   7]
 [  5   0   0   1   1   3  73]]";0.8543451652386781;0.8354861232918299;"[[ 76   2   1  17   1   4   5]
 [  0  53   2   9   0   0   2]
 [  0   3 120   2   1   0   0]
 [  8   4   2 226   3   1   2]
 [  3   3   0  12 109   1   0]
 [  1   1   1   5   1  70  11]
 [  9   0   0   0   0   2  44]]";371;[56 43 40 86 52 52 42]
237;Cora;own;0.5;0.2;64;0.5;1;0.005;615395017;0.9814814814814815;0.980645229338114;"[[56  0  0  0  0  0  0]
 [ 0 44  0  0  0  0  0]
 [ 0  0 42  0  0  0  0]
 [ 0  0  0 86  0  0  0]
 [ 1  0  0  0 52  0  0]
 [ 2  0  0  0  1 51  1]
 [ 2  0  0  0  0  0 40]]";0.8909451421017845;0.8794859001525285;"[[148   1   1  23   7   6   5]
 [  1  82   2  12   0   2   0]
 [  0   0 255   5   1   1   1]
 [  5   1   3 465   9   3   3]
 [ 13   1   0  25 193   2   0]
 [  5   1   3   5   3 131   6]
 [  5   0   0   0   1   3  74]]";0.8592411260709915;0.839494848217773;"[[ 77   2   0  15   3   4   5]
 [  0  53   2   8   1   0   2]
 [  0   3 119   2   1   0   1]
 [  7   4   1 227   4   1   2]
 [  3   3   0  10 111   1   0]
 [  1   1   1   5   2  71   9]
 [  9   0   0   0   0   2  44]]";378;[56 44 42 86 53 55 42]
238;Cora;own;0.5;0.2;64;0.5;1;0.005;615395017;0.974025974025974;0.9722401319559701;"[[56  0  0  0  0  0  0]
 [ 0 43  1  0  0  0  0]
 [ 0  0 43  0  0  0  0]
 [ 0  0  0 87  0  0  0]
 [ 1  0  0  0 53  1  0]
 [ 2  1  0  0  1 52  1]
 [ 2  0  0  0  0  0 41]]";0.8911022576361222;0.8788377993302301;"[[145   1   3  25   5   5   6]
 [  1  80   2  15   0   1   0]
 [  0   0 253   6   1   1   1]
 [  3   1   3 470   6   3   2]
 [ 13   1   0  26 191   2   1]
 [  6   0   3   6   0 131   5]
 [  5   0   0   1   0   4  72]]";0.8604651162790697;0.8410949004767361;"[[ 77   2   0  16   2   4   5]
 [  0  50   3  10   1   0   2]
 [  0   1 119   4   1   0   1]
 [  5   3   1 230   4   1   2]
 [  3   3   0  10 110   2   0]
 [  1   1   1   5   1  72   9]
 [  8   0   0   0   0   2  45]]";385;[56 44 43 87 55 57 43]
239;Cora;own;0.5;0.2;64;0.5;1;0.005;615395017;0.9795918367346939;0.9784733254832274;"[[57  0  0  0  0  0  0]
 [ 0 45  0  0  0  0  0]
 [ 0  0 44  0  0  0  0]
 [ 0  0  0 88  0  0  0]
 [ 1  0  0  0 54  1  0]
 [ 1  1  0  0  1 55  0]
 [ 2  0  0  0  0  1 41]]";0.8932621747831888;0.8810300362537803;"[[147   1   1  24   5   5   6]
 [  1  79   2  14   1   1   0]
 [  0   0 252   6   1   1   1]
 [  5   1   3 466   6   3   3]
 [ 13   1   0  24 192   2   1]
 [  5   0   3   6   0 131   5]
 [  5   0   0   0   0   4  72]]";0.8629130966952264;0.8434795290772146;"[[ 78   2   0  16   3   2   5]
 [  0  52   2   8   2   0   2]
 [  0   3 119   2   1   0   1]
 [  5   4   1 228   4   2   2]
 [  3   3   0   9 111   2   0]
 [  1   1   1   5   1  72   9]
 [  8   0   0   0   0   2  45]]";392;[57 45 44 88 56 58 44]
240;Cora;own;0.5;0.2;64;0.5;1;0.005;615395017;0.9774436090225563;0.9769362048079275;"[[58  0  0  0  1  0  0]
 [ 0 46  0  0  0  0  0]
 [ 0  0 45  0  0  0  0]
 [ 1  0  0 88  0  0  0]
 [ 1  0  0  0 56  0  0]
 [ 1  1  0  0  1 56  0]
 [ 2  0  0  0  0  1 41]]";0.8914209115281502;0.87959459894143;"[[148   1   1  20   9   4   4]
 [  1  77   2  14   1   2   0]
 [  0   0 252   5   1   1   1]
 [  6   1   3 459  11   4   2]
 [ 12   1   0  22 195   2   0]
 [  5   0   3   6   2 128   5]
 [  5   0   0   0   1   4  71]]";0.8567931456548348;0.838700548661575;"[[ 79   2   0  15   3   2   5]
 [  0  51   3   8   2   0   2]
 [  0   3 120   1   1   0   1]
 [  8   4   2 222   6   2   2]
 [  3   3   0   9 112   1   0]
 [  1   1   2   5   2  72   7]
 [  7   0   0   0   2   2  44]]";399;[59 46 45 89 57 59 44]
241;Cora;own;0.5;0.2;64;0.5;1;0.005;615395017;0.9778325123152709;0.9769319111509963;"[[59  0  0  0  1  0  0]
 [ 0 47  0  0  0  1  0]
 [ 0  0 46  0  0  0  0]
 [ 1  0  0 90  0  0  0]
 [ 1  0  0  0 56  0  0]
 [ 0  1  0  0  1 57  0]
 [ 2  0  0  0  0  1 42]]";0.8902356902356903;0.8787499685403631;"[[141   1   1  25   7   4   6]
 [  1  78   2  13   0   1   0]
 [  0   0 248   7   1   1   1]
 [  3   1   2 466   9   3   2]
 [ 12   1   0  26 191   2   0]
 [  5   1   3   6   2 127   5]
 [  4   0   0   0   1   4  71]]";0.8592411260709915;0.8409009161560286;"[[ 79   2   0  16   2   2   5]
 [  0  53   2   8   0   1   2]
 [  0   3 119   2   1   0   1]
 [  6   4   1 228   3   2   2]
 [  3   3   0  13 108   1   0]
 [  1   2   2   5   1  69  10]
 [  5   0   0   0   1   3  46]]";406;[60 48 46 91 57 59 45]
242;Cora;own;0.5;0.2;64;0.5;1;0.005;615395017;0.9757869249394673;0.9754907815499553;"[[60  0  0  0  1  0  0]
 [ 0 48  0  0  0  1  0]
 [ 0  0 46  1  0  0  0]
 [ 1  0  0 91  0  0  0]
 [ 2  0  0  0 56  0  0]
 [ 0  1  0  0  1 58  0]
 [ 2  0  0  0  0  0 44]]";0.8924221921515562;0.8823854199006663;"[[144   1   3  25   7   3   2]
 [  1  77   2  14   0   0   0]
 [  1   0 249   5   1   1   0]
 [  4   1   3 464   8   3   2]
 [ 11   1   0  25 191   2   0]
 [  5   2   3   6   2 125   5]
 [  6   0   0   0   2   2  69]]";0.8580171358629131;0.839859807387754;"[[ 78   2   0  17   3   1   5]
 [  0  52   2   9   1   0   2]
 [  0   3 121   1   1   0   0]
 [  6   4   1 228   3   2   2]
 [  3   3   0  12 109   1   0]
 [  2   1   1   7   2  69   8]
 [  8   0   0   0   2   1  44]]";413;[61 49 47 92 58 60 46]
243;Cora;own;0.5;0.2;64;0.5;1;0.005;615395017;0.9738095238095238;0.9734771492961151;"[[62  0  1  0  1  0  0]
 [ 0 49  0  0  0  1  0]
 [ 0  0 46  1  0  0  0]
 [ 0  0  0 93  1  0  0]
 [ 1  0  0  1 56  0  0]
 [ 0  1  0  0  1 59  0]
 [ 2  0  0  0  0  0 44]]";0.8905506458191706;0.8788341279935353;"[[141   1   2  25   8   4   2]
 [  1  76   3  13   0   1   0]
 [  1   0 248   6   1   1   0]
 [  4   1   3 464   5   3   2]
 [ 11   1   0  28 188   2   0]
 [  6   2   3   4   2 125   5]
 [  5   0   0   0   1   4  68]]";0.8604651162790697;0.8415312564512912;"[[ 78   2   0  17   3   1   5]
 [  0  52   2   9   1   1   1]
 [  0   3 120   1   1   0   1]
 [  5   4   1 229   3   2   2]
 [  3   3   0  11 109   2   0]
 [  1   1   1   6   2  71   8]
 [  7   0   0   0   2   2  44]]";420;[64 50 47 94 58 61 46]
244;Cora;own;0.5;0.2;64;0.5;1;0.005;2140929057;0.0;0.0;[[]];0.15441565309360128;0.07458944536418546;"[[200   8   3  18  16   0   0]
 [126   0   2   7  11   4   1]
 [247  12   6  13   4   8   2]
 [404  39   9  80  21  12   7]
 [219  27  11  32   6   1   2]
 [153  22  17   6   7   0   3]
 [111   5   3   1   0   5   0]]";0.1664626682986536;0.08456575958558235;"[[ 91   5   0   8   2   0   0]
 [ 61   0   0   1   4   0   0]
 [106   6   5   7   1   1   0]
 [167  22   6  37   5   6   3]
 [ 93   6   7  13   3   3   3]
 [ 64  17   9   0   0   0   0]
 [ 43   4   0   2   0   6   0]]";0;[]
245;Cora;own;0.5;0.2;64;0.5;1;0.005;2140929057;0.8571428571428571;0.7;"[[0 1 0 0]
 [0 2 0 0]
 [0 0 2 0]
 [0 0 0 2]]";0.3492569002123142;0.18879628090524228;"[[  0   0  51   1   0 174   0]
 [  0   0 140   0   0   3   0]
 [  0   0 300   0   0   2   0]
 [  0   0 299 167   0  89   0]
 [  0   0 162  24   0 108   0]
 [  0   0  54   0   0 191   0]
 [  0   0  44   0   0  75   0]]";0.31334149326805383;0.17000807018068237;"[[  0   0  26   2   0  78   0]
 [  0   0  66   0   0   0   0]
 [  0   0 125   0   0   1   0]
 [  0   0 137  63   0  46   0]
 [  0   0  82   5   0  41   0]
 [  0   0  22   0   0  68   0]
 [  0   0  16   0   0  39   0]]";7;[0 1 2 2 0 2]
246;Cora;own;0.5;0.2;64;0.5;1;0.005;2140929057;0.7142857142857143;0.4583333333333333;"[[0 0 0 1 0 0]
 [0 0 0 1 0 0]
 [0 0 2 0 0 0]
 [0 0 0 6 0 0]
 [0 0 0 2 0 0]
 [0 0 0 0 0 2]]";0.5263718700053277;0.28423198563131874;"[[  0   0  16 125   0 137   0]
 [  0   0 107  27   0   2   0]
 [  0   0 289   7   0   4   0]
 [  0   0  21 496   0  23   0]
 [  0   0  10 224   0  33   0]
 [  0   0  23  10   0 203   0]
 [  0   0   5  25   0  90   0]]";0.5091799265605875;0.2705721053001936;"[[  0   0   8  33   0  65   0]
 [  0   0  47  18   0   1   0]
 [  0   0 119   3   0   4   0]
 [  0   0  16 221   0   9   0]
 [  0   0   9 106   0  13   0]
 [  0   0  11   3   0  76   0]
 [  0   0   8   4   0  43   0]]";14;[1 1 2 6 2 2]
247;Cora;own;0.5;0.2;64;0.5;1;0.005;2140929057;0.6190476190476191;0.39740259740259737;"[[0 0 0 1 0 0]
 [0 0 1 1 0 0]
 [0 0 3 0 0 0]
 [0 0 0 8 0 0]
 [0 0 0 4 0 1]
 [0 0 0 0 0 2]]";0.4914438502673797;0.2691648745435071;"[[  0   0  16  89   0 143   0]
 [  0   0 148  31   0  28   0]
 [  0   0 258   5   0   2   0]
 [  0   0  26 466   0  30   0]
 [  0   0  11 204   0  93   0]
 [  0   0  15   5   0 195   0]
 [  0   0   6  22   0  77   0]]";0.5055079559363526;0.2691387042313937;"[[  0   0  10  19   0  77   0]
 [  0   0  46  15   0   5   0]
 [  0   0 120   2   0   4   0]
 [  0   0  18 212   0  16   0]
 [  0   0  10  92   0  26   0]
 [  0   0   8   1   0  81   0]
 [  0   0   9   3   0  43   0]]";21;[1 2 3 8 5 2]
248;Cora;own;0.5;0.2;64;0.5;1;0.005;2140929057;0.6785714285714286;0.48214285714285715;"[[ 0  0  0  2  0  1]
 [ 0  0  1  1  0  0]
 [ 0  0  3  0  0  0]
 [ 0  0  0 11  0  0]
 [ 0  0  0  3  2  1]
 [ 0  0  0  0  0  3]]";0.49382716049382713;0.2749310946504466;"[[  0   0  16  91   0 165   0]
 [  0   0  97  49   0  49   0]
 [  0   0 260   5   0   3   0]
 [  0   0  14 472   0  42   0]
 [  0   0   2 186   0 104   0]
 [  0   0   7   6   0 188   0]
 [  0   0   4  24   0  79   0]]";0.5165238678090576;0.28027502419476125;"[[  0   0   7  20   0  79   0]
 [  0   0  29  26   0  11   0]
 [  0   0 118   3   0   5   0]
 [  0   0  11 216   0  19   0]
 [  0   0   6  86   0  36   0]
 [  0   0   2   0   0  88   0]
 [  0   0   8   4   0  43   0]]";28;[ 3  2  3 11  6  3]
249;Cora;own;0.5;0.2;64;0.5;1;0.005;2140929057;0.6857142857142857;0.41996753246753254;"[[ 0  0  0  3  0  1  0]
 [ 0  0  1  1  0  0  0]
 [ 0  0  4  0  0  0  0]
 [ 0  0  0 13  0  0  0]
 [ 0  0  1  2  3  1  0]
 [ 0  0  0  0  0  4  0]
 [ 0  0  0  0  0  1  0]]";0.49191810344827586;0.26911588453722585;"[[  0   0  26 146   0  80   0]
 [  0   0 107  44   0  13   0]
 [  0   0 295   6   0   9   0]
 [  0   0  38 454   0  15   0]
 [  0   0  44 187   1  44   0]
 [  0   0  15   8   0 163   0]
 [  0   0  18  42   0 101   0]]";0.5116279069767442;0.2744349461427785;"[[  0   0  12  55   0  39   0]
 [  0   0  45  17   0   4   0]
 [  0   0 122   2   0   2   0]
 [  0   0  25 214   0   7   0]
 [  0   0  39  75   0  14   0]
 [  0   0   6   2   0  82   0]
 [  0   0  11   7   0  37   0]]";35;[ 4  2  4 13  7  4  1]
250;Cora;own;0.5;0.2;64;0.5;1;0.005;2140929057;0.6190476190476191;0.38965201465201466;"[[ 0  0  0  5  0  1  0]
 [ 0  0  3  0  0  1  0]
 [ 0  0  5  0  0  0  0]
 [ 0  0  0 13  0  0  0]
 [ 0  0  3  2  3  0  0]
 [ 0  0  0  0  0  5  0]
 [ 0  0  0  0  0  1  0]]";0.46511627906976744;0.2571305987836983;"[[  0   0  59 110   0  73   0]
 [  0   0 127  26   0  24   0]
 [  0   0 288   4   0   8   0]
 [  0   0  65 411   0  15   0]
 [  0   0  95 169   1  36   0]
 [  0   0  19   6   0 160   0]
 [  0   0  60  26   0  67   0]]";0.49938800489596086;0.27307972356276444;"[[  0   0  27  44   0  35   0]
 [  0   0  54  10   0   2   0]
 [  0   0 124   1   0   1   0]
 [  0   0  38 201   0   7   0]
 [  0   0  51  60   1  16   0]
 [  0   0   8   0   0  82   0]
 [  0   0  29   4   0  22   0]]";42;[ 6  4  5 13  8  5  1]
251;Cora;own;0.5;0.2;64;0.5;1;0.005;2140929057;0.5510204081632653;0.34932306255835666;"[[ 0  0  0  5  0  3  0]
 [ 0  0  3  0  0  2  0]
 [ 0  0  5  0  0  0  0]
 [ 0  0  0 13  0  0  0]
 [ 0  0  3  3  4  2  0]
 [ 0  0  0  0  0  5  0]
 [ 0  0  0  0  0  1  0]]";0.47014115092290987;0.25709511553814435;"[[  0   0  44  94   0 112   0]
 [  0   0  87  30   0  62   0]
 [  0   0 289   3   0   4   0]
 [  0   0  61 408   0  18   0]
 [  0   0  73 145   0  78   0]
 [  0   0  10   5   0 169   0]
 [  0   0  45  35   0  70   0]]";0.5104039167686658;0.2741321696143822;"[[  0   0  23  35   0  48   0]
 [  0   0  38  13   0  15   0]
 [  0   0 123   2   0   1   0]
 [  0   0  34 205   0   7   0]
 [  0   0  40  53   1  34   0]
 [  0   0   2   0   0  88   0]
 [  0   0  25   5   0  25   0]]";49;[ 8  5  5 13 12  5  1]
252;Cora;own;0.5;0.2;64;0.5;1;0.005;2140929057;0.5;0.314703425229741;"[[ 0  0  0  6  0  3  0]
 [ 0  0  3  0  0  2  0]
 [ 0  0  5  0  0  0  0]
 [ 0  0  1 14  0  0  0]
 [ 0  0  4  5  4  2  0]
 [ 0  0  0  0  0  5  0]
 [ 0  0  0  0  0  2  0]]";0.46920980926430517;0.2580765461102365;"[[  0   0  40 132   0  74   0]
 [  0   0  60  46   0  65   0]
 [  0   0 290   3   0   3   0]
 [  0   0  53 421   0  16   0]
 [  0   0  60 168   0  66   0]
 [  0   0  10   9   0 150   0]
 [  0   0  53  58   0  58   0]]";0.5140758873929009;0.2798522844498464;"[[  0   0  19  53   0  34   0]
 [  0   0  28  23   0  15   0]
 [  0   0 123   2   0   1   0]
 [  0   0  30 210   0   6   0]
 [  0   0  33  66   1  28   0]
 [  0   0   3   1   0  86   0]
 [  0   0  31  12   0  12   0]]";56;[ 9  5  5 15 15  5  2]
253;Cora;own;0.5;0.2;64;0.5;1;0.005;2140929057;0.6984126984126984;0.4895924728547979;"[[ 0  0  0  1  8  0  0]
 [ 0  0  2  0  4  1  0]
 [ 0  0  5  0  0  0  0]
 [ 0  0  0 15  0  0  0]
 [ 0  0  0  0 19  0  0]
 [ 0  0  0  0  0  5  0]
 [ 0  0  0  0  3  0  0]]";0.5388402625820569;0.39826107072231853;"[[  1   0   7  11 214  10   0]
 [  0   0  26  13 132  13   0]
 [  0   0 287   2   5   1   0]
 [  0   0  25 289 156   5   0]
 [  0   0   0   8 281   1   0]
 [  0   0   7   2  32 127   0]
 [  0   0   9  11 135  18   0]]";0.5324357405140759;0.39029691585512755;"[[  0   0   3   3  95   5   0]
 [  0   0   8   3  55   0   0]
 [  0   0 120   1   5   0   0]
 [  0   0  12 124 107   3   0]
 [  0   0   0   1 126   1   0]
 [  0   0   2   0  23  65   0]
 [  0   0  11   0  44   0   0]]";63;[ 9  7  5 15 19  5  3]
254;Cora;own;0.5;0.2;64;0.5;1;0.005;2140929057;0.8285714285714286;0.637048087048087;"[[12  0  0  0  0  0  0]
 [ 4  0  2  1  0  1  0]
 [ 0  0  5  0  0  0  0]
 [ 0  0  0 16  0  0  0]
 [ 1  0  0  0 18  0  0]
 [ 0  0  0  0  0  7  0]
 [ 3  0  0  0  0  0  0]]";0.6727073036792971;0.5366709176666029;"[[211   0   7  20   2   5   0]
 [ 98   0  30  31   3  14   0]
 [  2   0 288   2   0   1   0]
 [ 60   0  25 382  18   3   0]
 [ 54   0   0  20 210   1   0]
 [ 24   0   8   6   1 134   0]
 [ 94   0  14  36   0  17   0]]";0.6719706242350061;0.5316104496411829;"[[ 87   0   2  13   2   2   0]
 [ 38   0  12  14   2   0   0]
 [  3   0 121   2   0   0   0]
 [ 48   0  12 174  10   2   0]
 [ 18   0   0   6 102   2   0]
 [ 22   0   2   1   0  65   0]
 [ 34   0  14   7   0   0   0]]";70;[12  8  5 16 19  7  3]
255;Cora;own;0.5;0.2;64;0.5;1;0.005;2140929057;0.8311688311688312;0.6451716350876014;"[[13  0  0  1  0  0  0]
 [ 4  0  1  2  0  1  0]
 [ 0  0  5  0  0  0  0]
 [ 0  0  0 18  0  0  0]
 [ 0  0  0  0 20  0  0]
 [ 0  0  0  0  0  8  0]
 [ 4  0  0  0  0  0  0]]";0.6808158765159867;0.5358224167727671;"[[192   0   7  29  11   3   0]
 [ 63   0  24  51  16  15   0]
 [  2   0 278   3   0   1   0]
 [ 52   0  19 394  32   5   0]
 [ 25   0   0  19 241   1   0]
 [ 20   0  13   9   1 130   0]
 [ 74   0  12  43   7  22   0]]";0.6854345165238678;0.5369460924729932;"[[ 82   0   2  15   5   2   0]
 [ 29   0   9  23   5   0   0]
 [  3   0 119   3   1   0   0]
 [ 36   0   6 177  24   3   0]
 [  5   0   0   5 117   1   0]
 [ 19   0   2   3   1  65   0]
 [ 31   0  11  10   3   0   0]]";77;[14  8  5 18 20  8  4]
256;Cora;own;0.5;0.2;64;0.5;1;0.005;2140929057;0.8452380952380952;0.6601087699485869;"[[16  0  0  0  0  0  0]
 [ 3  0  0  4  0  2  0]
 [ 0  0  5  0  0  0  0]
 [ 0  0  0 20  0  0  0]
 [ 0  0  0  0 20  0  0]
 [ 0  0  0  0  0 10  0]
 [ 3  0  0  0  0  1  0]]";0.6889872717210846;0.5448523979736785;"[[207   0   3  26   6   2   0]
 [ 60   0  18  60  12  19   0]
 [  7   0 246  15   0   5   0]
 [ 49   0   9 422  22   5   0]
 [ 29   0   0  23 229   2   0]
 [ 21   0   5   9   1 141   0]
 [ 73   0   1  49   3  28   0]]";0.6842105263157895;0.5401193400787582;"[[ 89   0   0  13   2   2   0]
 [ 28   0   5  28   3   2   0]
 [  6   0 108  11   1   0   0]
 [ 35   0   4 187  17   3   0]
 [  6   0   0  10 109   3   0]
 [ 19   0   2   3   0  66   0]
 [ 36   0   1  17   0   1   0]]";84;[16  9  5 20 20 10  4]
257;Cora;own;0.5;0.2;64;0.5;1;0.005;2140929057;0.8351648351648352;0.6517924873955652;"[[17  0  0  0  0  0  0]
 [ 1  0  0  4  0  5  0]
 [ 0  0  5  0  0  0  0]
 [ 0  0  0 21  0  0  0]
 [ 0  0  0  0 21  0  0]
 [ 0  0  0  1  0 12  0]
 [ 3  0  0  0  0  1  0]]";0.6838888888888889;0.532797252023377;"[[195   0   3  26  10   6   0]
 [ 35   0  18  61   8  34   0]
 [  5   0 231  29   0   6   0]
 [ 42   0   5 456  29   8   0]
 [ 33   0   0  25 203   5   0]
 [ 11   0   5  11   1 146   0]
 [ 50   0   1  52   2  48   0]]";0.6903304773561811;0.5384229296456954;"[[ 86   0   0  14   2   4   0]
 [ 11   0   3  38   2  12   0]
 [  4   0 101  17   1   3   0]
 [ 26   0   3 197  16   4   0]
 [  6   0   0  10 107   5   0]
 [ 11   0   2   4   0  73   0]
 [ 28   0   1  18   1   7   0]]";91;[17 10  5 21 21 13  4]
258;Cora;own;0.5;0.2;64;0.5;1;0.005;2140929057;0.9285714285714286;0.8162718433132007;"[[19  0  0  1  0  0  0]
 [ 0 10  0  1  0  0  0]
 [ 0  0  6  0  0  0  0]
 [ 0  0  0 21  0  0  0]
 [ 0  0  0  0 22  0  0]
 [ 0  0  0  0  0 13  0]
 [ 2  2  0  0  0  1  0]]";0.7451199107640826;0.6551993227970337;"[[204  17   2  19   7   1   0]
 [  3 127   9   8   2   3   0]
 [  3  11 228  31   0   3   0]
 [ 48  11   1 446  24   3   0]
 [ 28  14   0  19 202   1   0]
 [ 18  22   1   4   1 129   0]
 [ 51  46   3  21   2  20   0]]";0.7246022031823746;0.6336033487687945;"[[ 85   9   0   8   2   2   0]
 [  2  56   1   7   0   0   0]
 [  2  10  99  14   1   0   0]
 [ 30   8   2 192  13   1   0]
 [  6   8   0  10 103   1   0]
 [ 16  14   1   2   0  57   0]
 [ 24  15   2   8   0   6   0]]";98;[20 11  6 21 22 13  5]
259;Cora;own;0.5;0.2;64;0.5;1;0.005;2140929057;0.9238095238095239;0.8154076373344054;"[[22  0  0  0  0  0  0]
 [ 0 11  0  1  0  0  0]
 [ 0  0  7  0  0  0  0]
 [ 0  0  0 22  0  0  0]
 [ 1  0  0  0 21  0  0]
 [ 0  0  0  0  0 14  0]
 [ 4  0  1  0  0  1  0]]";0.7597984322508399;0.6790455927446712;"[[226   4   2  12   3   4   0]
 [  6 119   7  10   2   6   0]
 [  5   4 227  33   0   5   0]
 [ 61   1   1 450  14   5   0]
 [ 36   2   0  22 197   5   0]
 [ 26   6   2   3   1 138   0]
 [ 67   3   4  33   2  32   0]]";0.7343941248470012;0.6551791182909701;"[[ 92   2   0   7   2   3   0]
 [  4  52   1   8   0   1   0]
 [  4   3 103  14   1   1   0]
 [ 43   3   1 188  10   1   0]
 [  6   3   0  11 103   5   0]
 [ 20   6   1   1   0  62   0]
 [ 32   0   5  11   0   7   0]]";105;[22 12  7 22 22 14  6]
260;Cora;own;0.5;0.2;64;0.5;1;0.005;2140929057;0.9196428571428571;0.8155024383256377;"[[23  0  0  0  0  0  0]
 [ 0 12  0  1  0  0  0]
 [ 0  0  8  0  0  0  0]
 [ 0  0  0 22  0  0  0]
 [ 0  0  0  0 23  0  0]
 [ 0  0  0  0  0 15  0]
 [ 4  1  1  1  0  1  0]]";0.7785272625070264;0.6938328401220538;"[[220   5   4   8   3   4   0]
 [  4 128   7   5   2   3   0]
 [  3   5 241  22   0   3   0]
 [ 58   4   2 442  14   7   0]
 [ 30   2   0  20 200   8   0]
 [ 22   7   2   3   1 154   0]
 [ 66   4   8  22   2  34   0]]";0.7417380660954712;0.6595965048830406;"[[ 93   4   0   3   2   4   0]
 [  3  57   1   5   0   0   0]
 [  4   3 107  10   1   1   0]
 [ 42   4   2 183  10   5   0]
 [  7   3   0  10 104   4   0]
 [ 21   6   1   0   0  62   0]
 [ 30   0  10   5   0  10   0]]";112;[23 13  8 22 23 15  8]
261;Cora;own;0.5;0.2;64;0.5;1;0.005;2140929057;0.8991596638655462;0.8071709453011974;"[[23  0  0  0  0  0  0]
 [ 0 13  0  1  0  0  0]
 [ 0  0  9  0  0  0  0]
 [ 0  0  0 23  0  0  0]
 [ 1  0  0  0 24  0  0]
 [ 1  0  0  0  0 15  0]
 [ 4  1  0  1  2  1  0]]";0.7714446952595937;0.6870503265090336;"[[226   6   4   4   1   2   0]
 [  4 128   7   4   2   3   0]
 [  3  11 232  24   0   3   0]
 [ 71   7   1 426  15   5   0]
 [ 29   3   0  18 204   5   0]
 [ 25   9   2   2   1 151   0]
 [ 69   9   5  17   6  28   0]]";0.7380660954712362;0.6572104395031328;"[[ 94   4   0   2   2   4   0]
 [  3  59   1   3   0   0   0]
 [  2   6 106  10   1   1   0]
 [ 49   5   2 178   9   3   0]
 [  8   3   0   9 105   3   0]
 [ 21   7   1   0   0  61   0]
 [ 30   1   8   5   2   9   0]]";119;[23 14  9 23 25 16  9]
262;Cora;own;0.5;0.2;64;0.5;1;0.005;2140929057;0.9682539682539683;0.95739324876886;"[[23  0  0  0  0  0  0]
 [ 0 14  0  1  0  0  0]
 [ 0  0 10  0  0  0  0]
 [ 0  0  0 27  0  0  0]
 [ 0  0  0  0 25  0  0]
 [ 0  0  0  0  0 16  0]
 [ 1  0  0  1  0  1  7]]";0.8220963172804533;0.8102257917062161;"[[219   6   2   3   3   7   1]
 [  4 123   2   6   1   4   0]
 [  3   7 243  24   0   3   0]
 [ 69   6   1 442   8   5   1]
 [ 26   4   0  20 198   4   0]
 [ 18   5   2   5   2 156   2]
 [ 35   2   0   8   2  13  70]]";0.7711138310893513;0.7577611214422078;"[[ 88   3   0   5   2   6   2]
 [  3  57   1   5   0   0   0]
 [  2   6 108   9   1   0   0]
 [ 38   5   2 189   7   4   1]
 [ 10   3   0  13  98   4   0]
 [ 20   5   1   0   0  62   2]
 [ 16   0   0   5   0   6  28]]";126;[23 15 10 27 25 16 10]
263;Cora;own;0.5;0.2;64;0.5;1;0.005;2140929057;0.9774436090225563;0.9747104831043124;"[[23  0  0  0  0  0  1]
 [ 0 14  0  1  0  0  0]
 [ 0  0 11  0  0  0  0]
 [ 0  0  0 28  0  0  0]
 [ 0  0  0  0 27  0  0]
 [ 0  0  0  0  0 16  0]
 [ 1  0  0  0  0  0 11]]";0.8270762229806599;0.8228807350505367;"[[202   5   2   2   1   5  21]
 [  3 124   2   6   0   1   3]
 [  3   9 237  27   0   3   0]
 [ 62   4   1 422  15   5  10]
 [ 25   2   0  21 215   2   2]
 [ 13   8   2   4   1 148  13]
 [ 11   1   0   3   1   5 106]]";0.791921664626683;0.7839291566172731;"[[ 81   3   0   6   2   5   9]
 [  3  57   1   5   0   0   0]
 [  1   7 107   9   1   0   1]
 [ 35   5   1 190   9   2   4]
 [  9   3   0   7 107   2   0]
 [ 15   5   1   1   0  60   8]
 [  7   0   0   2   0   1  45]]";133;[24 15 11 28 27 16 12]
264;Cora;own;0.5;0.2;64;0.5;1;0.005;2140929057;0.9571428571428572;0.9474067053096175;"[[25  0  0  0  0  0  1]
 [ 0 14  0  1  0  0  0]
 [ 0  0 12  0  0  0  0]
 [ 0  0  0 29  0  0  0]
 [ 0  1  0  0 28  0  0]
 [ 0  0  0  0  0 17  0]
 [ 2  0  0  0  0  1  9]]";0.8258138206739006;0.8250613184167476;"[[216   5   2   4   1   9   4]
 [  6 118   2  10   0   2   1]
 [  3   5 240  27   0   2   0]
 [ 74   2   1 428  11   5   3]
 [ 30   1   0  15 208   2   2]
 [ 22   4   2   5   1 145   7]
 [ 22   1   0   5   1   6  91]]";0.7796817625458996;0.7827800920570022;"[[ 89   3   0   5   2   4   3]
 [  3  57   1   5   0   0   0]
 [  4   4 108   9   1   0   0]
 [ 49   3   2 183   7   1   1]
 [ 14   3   0   8 100   3   0]
 [ 18   4   1   1   0  62   4]
 [ 11   0   0   4   0   2  38]]";140;[26 15 12 29 29 17 12]
265;Cora;own;0.5;0.2;64;0.5;1;0.005;2140929057;0.9659863945578231;0.9628827849532114;"[[24  1  0  0  0  0  2]
 [ 0 15  0  1  0  0  0]
 [ 0  0 13  0  0  0  0]
 [ 0  0  0 29  0  0  0]
 [ 0  0  0  0 30  0  0]
 [ 0  0  0  0  0 18  0]
 [ 1  0  0  0  0  0 13]]";0.8342889908256881;0.8278394969644755;"[[203   7   2   3   1   9  16]
 [  5 117   2   8   0   3   2]
 [  1   4 262  14   0   1   0]
 [ 63   5   7 411  15   5  11]
 [ 26   3   0  14 208   3   3]
 [ 10   5   2   4   1 146  17]
 [  6   2   1   1   1   6 108]]";0.7796817625458996;0.7741269783195844;"[[ 80   3   1   5   2   5  10]
 [  3  58   1   4   0   0   0]
 [  1   6 113   5   1   0   0]
 [ 40   5   5 172  12   4   8]
 [  8   3   0   5 107   4   1]
 [ 14   5   2   0   0  60   9]
 [  4   0   1   1   0   2  47]]";147;[27 16 13 29 30 18 14]
266;Cora;own;0.5;0.2;64;0.5;1;0.005;2140929057;0.9675324675324676;0.9642723115249492;"[[26  0  0  0  0  0  2]
 [ 1 16  0  1  0  0  0]
 [ 0  0 14  0  0  0  0]
 [ 0  0  0 30  0  0  0]
 [ 0  0  0  0 31  0  0]
 [ 0  0  0  0  0 19  0]
 [ 1  0  0  0  0  0 13]]";0.8255613126079447;0.8274094768234365;"[[213   4   2   5   2   5   8]
 [  8 117   3   8   0   1   2]
 [  1   2 262  14   0   1   0]
 [ 89   2   9 395  12   4   5]
 [ 27   3   0  14 208   3   2]
 [ 21   6   2   4   1 132  16]
 [ 11   0   0   1   1   4 107]]";0.7711138310893513;0.7782156103309948;"[[ 88   2   0   5   2   5   4]
 [  2  56   2   5   0   0   1]
 [  2   6 110   7   1   0   0]
 [ 54   4   5 164  14   1   4]
 [ 10   3   0   6 104   4   1]
 [ 17   3   2   0   0  60   8]
 [  5   0   0   1   0   1  48]]";154;[28 18 14 30 31 19 14]
267;Cora;own;0.5;0.2;64;0.5;1;0.005;2140929057;0.9813664596273292;0.9789091533822213;"[[29  0  0  0  0  0  1]
 [ 1 18  0  0  0  0  0]
 [ 0  0 15  0  0  0  0]
 [ 0  0  0 31  0  0  0]
 [ 0  0  0  0 32  0  0]
 [ 0  0  0  0  0 20  0]
 [ 1  0  0  0  0  0 13]]";0.8248554913294798;0.8206512819937039;"[[204   4   2   6   2   8   9]
 [  5 118   4   8   1   1   1]
 [  1   2 262  18   0   1   0]
 [ 70   5  10 404  17   5   4]
 [ 25   3   0  13 207   4   3]
 [ 17   9   2   4   2 128  17]
 [ 10   1   0   3   1   5 104]]";0.784577723378213;0.7851349368888407;"[[ 83   2   2   5   2   5   7]
 [  1  57   3   5   0   0   0]
 [  1   6 110   8   1   0   0]
 [ 37   6   5 176  17   3   2]
 [  8   3   0   6 107   4   0]
 [ 17   5   2   0   0  60   6]
 [  5   0   0   2   0   0  48]]";161;[30 19 15 31 32 20 14]
268;Cora;own;0.5;0.2;64;0.5;1;0.005;2140929057;0.9702380952380952;0.9695321494895165;"[[29  0  0  0  0  0  1]
 [ 0 18  0  1  0  0  0]
 [ 0  0 16  0  0  0  0]
 [ 0  0  0 32  0  0  0]
 [ 1  1  0  0 33  0  0]
 [ 0  0  0  0  0 21  0]
 [ 1  0  0  0  0  0 14]]";0.8293673824724318;0.825380690987139;"[[208   6   2   2   1   3  11]
 [  3 122   7   5   1   1   1]
 [  2   3 255  17   0   1   0]
 [ 66   9  13 399  16   5   9]
 [ 23   3   0  11 210   4   3]
 [ 17   7   2   4   3 129  19]
 [  9   0   0   3   1   1 106]]";0.7821297429620563;0.7828411867028349;"[[ 86   3   1   5   2   1   8]
 [  0  58   3   4   0   0   1]
 [  2   5 109   9   1   0   0]
 [ 40   8   5 177  12   2   2]
 [ 11   3   0   8 102   4   0]
 [ 17   6   1   0   0  59   7]
 [  5   0   0   2   0   0  48]]";168;[30 19 16 32 35 21 15]
269;Cora;own;0.5;0.2;64;0.5;1;0.005;2140929057;0.9771428571428571;0.9741914927974836;"[[30  0  0  0  0  0  1]
 [ 0 18  0  1  0  0  0]
 [ 0  0 16  0  0  0  0]
 [ 0  0  1 34  0  0  0]
 [ 0  0  0  0 36  0  0]
 [ 0  0  0  0  0 22  0]
 [ 1  0  0  0  0  0 15]]";0.8420745920745921;0.8386727906202368;"[[208   4   2   1   2   3   7]
 [  3 122   7   4   1   2   1]
 [  2   3 255  11   0   1   0]
 [ 60   8  13 410  19   6   6]
 [ 22   3   0  11 212   5   1]
 [ 17   4   2   5   3 135  16]
 [ 10   0   0   3   2   1 103]]";0.7906976744186046;0.7945415356854165;"[[ 86   3   1   6   3   2   5]
 [  0  58   3   3   1   1   0]
 [  1   5 110   9   1   0   0]
 [ 38   6   5 182  12   2   1]
 [ 11   3   0   8 102   4   0]
 [ 19   4   1   1   0  61   4]
 [  5   0   0   2   1   0  47]]";175;[31 19 16 35 36 22 16]
270;Cora;own;0.5;0.2;64;0.5;1;0.005;2140929057;0.9835164835164835;0.9820933926197084;"[[32  0  0  0  0  0  0]
 [ 0 18  0  1  0  0  0]
 [ 0  0 17  0  0  0  0]
 [ 0  1  0 36  0  0  0]
 [ 0  0  0  0 37  0  0]
 [ 0  0  0  0  0 23  0]
 [ 1  0  0  0  0  0 16]]";0.8461088355763604;0.8432420209914123;"[[207   4   2   2   2   1   9]
 [  3 118   7   5   0   1   1]
 [  3   1 257  11   0   1   0]
 [ 60   7  13 412  20   6   6]
 [ 19   1   0  11 219   4   0]
 [ 16   3   2   6   3 133  18]
 [ 10   0   0   3   1   1 100]]";0.7821297429620563;0.7854696189524295;"[[ 85   2   1   7   4   1   6]
 [  0  53   5   6   1   0   1]
 [  1   3 112   9   1   0   0]
 [ 34   8   5 177  19   1   2]
 [ 12   2   0   7 104   3   0]
 [ 19   3   1   2   0  60   5]
 [  4   0   0   2   1   0  48]]";182;[32 19 17 37 37 23 17]
271;Cora;own;0.5;0.2;64;0.5;1;0.005;2140929057;0.9788359788359788;0.9786332714904143;"[[32  0  0  0  0  0  0]
 [ 0 19  0  1  0  0  0]
 [ 0  0 18  0  0  0  0]
 [ 1  1  0 37  0  0  0]
 [ 0  0  0  0 38  0  0]
 [ 0  0  0  0  0 25  0]
 [ 1  0  0  0  0  0 16]]";0.8472385428907168;0.8418982290500089;"[[205   4   3   2   1   1  10]
 [  3 118   6   5   0   2   2]
 [  3   1 253  13   0   1   0]
 [ 57   8   7 423  17   6   6]
 [ 23   2   0  13 209   4   2]
 [ 16   5   2   3   2 136  15]
 [  9   0   0   3   1   2  98]]";0.7833537331701347;0.7884495153336102;"[[ 86   2   1   7   4   2   4]
 [  0  54   6   3   1   1   1]
 [  1   3 112   9   1   0   0]
 [ 37   8   5 176  16   3   1]
 [ 13   2   0   7 102   4   0]
 [ 17   4   1   2   0  61   5]
 [  4   0   0   2   0   0  49]]";189;[32 20 18 39 38 25 17]
272;Cora;own;0.5;0.2;64;0.5;1;0.005;2140929057;0.9693877551020408;0.9650767015213956;"[[33  0  0  0  0  0  0]
 [ 0 20  1  1  0  0  0]
 [ 0  0 19  0  0  0  0]
 [ 1  1  0 37  0  0  0]
 [ 0  0  0  0 39  0  0]
 [ 0  0  0  0  0 27  0]
 [ 1  0  0  0  0  1 15]]";0.8383480825958702;0.8384763858913047;"[[204   4   4   2   1   6   4]
 [  3 119   6   5   0   3   1]
 [  3   3 253  15   0   1   0]
 [ 65   7   7 403  20  10   5]
 [ 23   2   0  13 210   4   1]
 [ 17   8   2   4   2 139   5]
 [ 10   0   1   2   0   5  93]]";0.7821297429620563;0.7881868225047041;"[[ 84   2   2   7   4   3   4]
 [  0  58   4   2   1   1   0]
 [  1   3 115   6   1   0   0]
 [ 42   8   4 173  15   3   1]
 [ 13   2   0   7 102   4   0]
 [ 18   4   1   1   0  63   3]
 [  7   0   0   2   0   2  44]]";196;[33 22 19 39 39 27 17]
273;Cora;own;0.5;0.2;64;0.5;1;0.005;2140929057;0.9802955665024631;0.9783818355159221;"[[34  0  0  0  0  0  0]
 [ 0 22  1  0  0  0  0]
 [ 0  0 20  0  0  0  0]
 [ 1  1  0 37  0  0  0]
 [ 0  0  0  0 41  0  0]
 [ 0  0  0  0  0 28  0]
 [ 1  0  0  0  0  0 17]]";0.8489336492890995;0.8484344806453941;"[[198   4   5   3   5   4   6]
 [  3 118   6   5   0   3   1]
 [  3   2 254  14   0   1   0]
 [ 59   7   5 407  25   8   7]
 [ 13   2   0  10 222   3   1]
 [ 18   5   2   4   3 134   8]
 [  5   0   2   0   0   3 100]]";0.7882496940024479;0.7950495469868742;"[[ 82   2   3   8   5   2   4]
 [  0  57   4   2   1   1   1]
 [  1   2 117   5   1   0   0]
 [ 38   8   6 168  22   1   3]
 [ 10   2   0   5 108   3   0]
 [ 17   3   1   1   0  63   5]
 [  3   0   1   1   0   1  49]]";203;[34 23 20 39 41 28 18]
274;Cora;own;0.5;0.2;64;0.5;1;0.005;2140929057;0.9761904761904762;0.9756495671045212;"[[35  0  0  0  0  0  0]
 [ 0 23  1  0  0  0  0]
 [ 0  0 21  0  0  0  0]
 [ 1  1  0 37  0  0  0]
 [ 0  0  0  1 42  0  0]
 [ 0  0  0  0  0 29  0]
 [ 1  0  0  0  0  0 18]]";0.8465199286139203;0.8470553441321265;"[[196   4   4   3   7   5   5]
 [  4 119   3   4   1   3   0]
 [  1   2 258  16   0   1   0]
 [ 65   7   5 398  25   4   7]
 [ 12   2   0  10 225   3   1]
 [ 19   7   2   4   3 130   7]
 [  9   0   1   0   0   2  97]]";0.7894736842105263;0.7975727281089904;"[[ 82   2   3   8   6   1   4]
 [  0  57   5   2   1   1   0]
 [  2   2 118   3   1   0   0]
 [ 39   8   6 169  22   1   1]
 [  9   2   0   5 109   3   0]
 [ 19   5   1   1   0  61   3]
 [  4   0   0   1   0   1  49]]";210;[35 24 21 39 43 29 19]
275;Cora;own;0.5;0.2;64;0.5;1;0.005;2140929057;0.9769585253456221;0.9755260488990354;"[[36  0  0  0  0  0  0]
 [ 0 23  1  0  0  0  0]
 [ 0  0 22  0  0  0  0]
 [ 0  2  0 39  0  0  0]
 [ 0  0  0  1 43  0  0]
 [ 0  0  0  0  0 30  0]
 [ 1  0  0  0  0  0 19]]";0.8512544802867383;0.8502429381572522;"[[193   3   6   3   5   6   4]
 [  3 118   4   3   1   3   0]
 [  1   2 275   7   1   2   0]
 [ 64   6  13 390  18   5   7]
 [ 15   2   0  10 219   3   2]
 [ 14   7   2   4   3 134   7]
 [  8   0   2   0   0   3  96]]";0.7882496940024479;0.790904874025107;"[[ 79   2   6   7   6   2   4]
 [  0  55   7   2   1   1   0]
 [  0   2 122   2   0   0   0]
 [ 37   8   9 173  17   1   1]
 [ 11   2   1   6 105   3   0]
 [ 13   5   2   3   0  63   4]
 [  4   0   1   1   0   2  47]]";217;[36 24 22 41 44 30 20]
276;Cora;own;0.5;0.2;64;0.5;1;0.005;2140929057;0.9866071428571429;0.9841242606190772;"[[36  0  0  0  0  0  0]
 [ 0 24  1  0  0  0  0]
 [ 0  0 23  0  0  0  0]
 [ 0  1  0 42  0  0  0]
 [ 0  0  0  0 45  0  0]
 [ 0  0  0  0  0 31  0]
 [ 1  0  0  0  0  0 20]]";0.8572285542891421;0.8534269472282408;"[[190   3   5   3  10   4   3]
 [  3 110   7   5   2   2   1]
 [  1   2 269   7   1   2   0]
 [ 50   2  15 408  22   2   7]
 [ 12   2   0  10 223   2   0]
 [ 17   6   1   4   3 132   9]
 [  8   0   2   1   0   2  97]]";0.7931456548347613;0.7949548765028467;"[[ 81   1   3   9   7   1   4]
 [  0  52   7   4   1   1   1]
 [  1   2 120   2   1   0   0]
 [ 31   5   9 177  22   1   1]
 [  8   2   0   8 108   2   0]
 [ 14   4   2   3   0  62   5]
 [  2   0   1   1   1   2  48]]";224;[36 25 23 43 45 31 21]
277;Cora;own;0.5;0.2;64;0.5;1;0.005;2140929057;0.9696969696969697;0.9673785756669854;"[[36  0  0  0  0  0  0]
 [ 0 25  1  0  0  0  0]
 [ 1  0 23  0  0  0  0]
 [ 0  2  0 43  1  0  1]
 [ 0  0  0  0 45  0  0]
 [ 0  0  0  0  0 32  0]
 [ 1  0  0  0  0  0 20]]";0.8626506024096385;0.8596309604074789;"[[185   5   4   3   8   6   4]
 [  3 113   4   2   2   2   1]
 [  3   2 267   7   1   2   1]
 [ 48   1  17 410  20   3   7]
 [ 10   2   0  10 220   3   1]
 [ 12   5   2   4   3 137   9]
 [  6   0   1   1   0   3 100]]";0.8017135862913096;0.7978515387873105;"[[ 77   2   3   9   6   2   7]
 [  0  54   6   3   1   1   1]
 [  0   2 120   2   1   0   1]
 [ 28   5   9 183  19   1   1]
 [  6   2   0   8 109   2   1]
 [ 11   3   2   3   0  64   7]
 [  2   0   1   1   1   2  48]]";231;[36 26 24 47 45 32 21]
278;Cora;own;0.5;0.2;64;0.5;1;0.005;2140929057;0.9747899159663865;0.9723266034652919;"[[37  0  0  0  0  0  0]
 [ 0 25  1  1  0  0  0]
 [ 0  0 24  0  0  1  0]
 [ 0  0  0 48  0  0  1]
 [ 0  0  0  1 44  0  0]
 [ 0  0  0  0  0 33  0]
 [ 1  0  0  0  0  0 21]]";0.8602540834845736;0.8569896858515004;"[[188   4   5   3   6   9   2]
 [  3 111   4   4   1   3   0]
 [  3   2 266   7   1   3   0]
 [ 50   1  15 412  17   4   8]
 [ 13   2   0  10 216   3   0]
 [ 12   4   2   4   3 134   9]
 [ 10   0   0   1   0   3  95]]";0.8090575275397797;0.8100878309826539;"[[ 84   1   3  10   3   2   3]
 [  0  54   4   5   1   1   1]
 [  1   2 120   2   1   0   0]
 [ 29   5   9 185  15   2   1]
 [  9   2   0   8 107   2   0]
 [ 13   3   2   3   0  65   4]
 [  5   0   0   1   1   2  46]]";238;[37 27 25 49 45 33 22]
279;Cora;own;0.5;0.2;64;0.5;1;0.005;2140929057;0.9795918367346939;0.9772278036862591;"[[37  0  0  0  0  0  0]
 [ 0 26  1  1  0  0  0]
 [ 0  0 26  0  0  0  0]
 [ 0  0  0 51  0  0  0]
 [ 0  0  0  1 45  0  0]
 [ 0  0  0  0  0 34  1]
 [ 1  0  0  0  0  0 21]]";0.8693803159173754;0.8661336628928499;"[[179   4   6   4  11   6   1]
 [  4 114   1   2   2   3   0]
 [  1   1 271   7   1   0   0]
 [ 43   1  15 416  19   9   6]
 [ 10   2   0   6 219   3   1]
 [ 12   4   3   3   2 137   8]
 [  8   0   1   2   0   3  95]]";0.817625458996328;0.8167402704912116;"[[ 79   2   4   8   7   2   4]
 [  0  55   4   5   1   1   0]
 [  2   0 121   2   1   0   0]
 [ 22   5   7 194  13   5   0]
 [  8   2   1   9 106   2   0]
 [ 14   4   2   2   0  65   3]
 [  2   0   1   1   2   1  48]]";245;[37 28 26 51 46 35 22]
280;Cora;own;0.5;0.2;64;0.5;1;0.005;2140929057;0.9801587301587301;0.9772264008179139;"[[37  0  0  0  0  0  0]
 [ 0 27  1  1  0  0  0]
 [ 0  0 27  0  0  0  0]
 [ 0  0  0 52  0  0  0]
 [ 0  0  0  0 47  0  1]
 [ 1  0  0  0  0 36  0]
 [ 1  0  0  0  0  0 21]]";0.8706528370957901;0.8662584721845841;"[[174   4   6   7  14   6   3]
 [  4 111   2   2   3   2   0]
 [  1   1 270   7   1   0   0]
 [ 41   1  12 424  18   7   4]
 [  9   2   0   7 217   4   0]
 [ 10   4   3   3   2 138   9]
 [  8   0   1   2   0   2  93]]";0.8151774785801713;0.8133564285207439;"[[ 76   1   5  10   8   2   4]
 [  0  55   4   5   1   1   0]
 [  2   0 122   1   1   0   0]
 [ 23   5   7 194  13   4   0]
 [  8   2   0   9 107   2   0]
 [ 13   4   2   2   0  65   4]
 [  3   0   1   1   2   1  47]]";252;[37 29 27 52 48 37 22]
281;Cora;own;0.5;0.2;64;0.5;1;0.005;2140929057;0.9768339768339769;0.9755782356926075;"[[39  0  0  0  0  0  0]
 [ 0 28  1  1  0  0  0]
 [ 0  0 28  1  0  0  0]
 [ 0  0  0 52  0  0  0]
 [ 1  0  0  0 47  0  0]
 [ 1  0  0  0  0 37  0]
 [ 1  0  0  0  0  0 22]]";0.866421568627451;0.8639209580395077;"[[190   4   5   6   5   5   1]
 [  4 112   1   2   2   2   0]
 [  1   1 268   6   1   1   0]
 [ 54   4  14 406  16   6   4]
 [ 13   2   0   6 212   4   0]
 [ 11   4   3   2   2 141   8]
 [ 10   0   1   2   0   5  85]]";0.8041615667074663;0.8042638309919197;"[[ 79   2   4   9   6   2   4]
 [  0  56   4   4   1   1   0]
 [  3   0 121   1   1   0   0]
 [ 27   6   9 186  16   2   0]
 [  9   2   0   9 106   2   0]
 [ 14   4   2   2   0  65   3]
 [  4   0   1   2   1   3  44]]";259;[39 30 29 52 48 38 23]
282;Cora;own;0.5;0.2;64;0.5;1;0.005;2140929057;0.981203007518797;0.9792585911063447;"[[40  0  0  0  0  0  0]
 [ 0 30  1  0  0  0  0]
 [ 0  0 30  0  0  0  0]
 [ 0  0  0 53  0  0  1]
 [ 1  0  0  0 49  0  0]
 [ 1  0  0  0  0 37  0]
 [ 1  0  0  0  0  0 22]]";0.8670769230769231;0.8618386302596067;"[[174   5   3   9  14   6   4]
 [  4 111   2   2   2   2   0]
 [  1   1 274   4   1   0   0]
 [ 39   4  15 407  22   5   5]
 [ 10   1   0   6 216   3   0]
 [ 10   4   3   4   2 143   7]
 [  7   0   1   3   0   5  84]]";0.7968176254589964;0.7926898514645522;"[[ 78   2   2   9   8   2   5]
 [  0  56   4   4   1   1   0]
 [  0   2 122   1   1   0   0]
 [ 22   6  12 180  20   4   2]
 [  7   2   0   9 108   2   0]
 [ 13   4   2   2   0  65   4]
 [  3   0   1   3   1   5  42]]";266;[40 31 30 54 50 38 23]
283;Cora;own;0.5;0.2;64;0.5;1;0.005;2140929057;0.9706959706959707;0.9718667851075873;"[[40  0  0  1  0  0  0]
 [ 0 31  1  0  0  0  0]
 [ 0  0 30  0  0  0  0]
 [ 1  0  1 54  0  0  0]
 [ 1  0  0  1 49  0  0]
 [ 1  0  0  0  0 38  0]
 [ 1  0  0  0  0  0 23]]";0.869592088998764;0.8626073341021652;"[[178   5   2   9   8   5   4]
 [  4 108   1   5   2   2   0]
 [  1   3 269   5   1   1   0]
 [ 41   3  11 418  19   2   4]
 [ 10   3   0   8 211   3   0]
 [ 11   5   4   4   2 140   7]
 [  7   0   1   5   0   3  83]]";0.813953488372093;0.8052382521825121;"[[ 79   2   2  10   5   2   6]
 [  0  55   4   5   1   1   0]
 [  0   2 122   1   1   0   0]
 [ 22   7   9 196  10   2   0]
 [  6   2   0  12 107   1   0]
 [ 14   5   2   2   0  64   3]
 [  3   0   0   4   1   5  42]]";273;[41 32 30 56 51 39 24]
284;Cora;own;0.5;0.2;64;0.5;1;0.005;2140929057;0.975;0.9738328544079158;"[[41  1  0  0  0  0  0]
 [ 0 31  1  0  0  0  0]
 [ 0  0 32  0  0  0  0]
 [ 0  0  2 55  0  0  0]
 [ 1  0  0  0 51  0  0]
 [ 1  0  0  0  0 39  0]
 [ 1  0  0  0  0  0 24]]";0.8541278708876474;0.8475894870067723;"[[173   7   3   7  11   8   4]
 [  3 104   3   7   2   2   0]
 [  1   3 270   3   1   2   0]
 [ 45   2  17 394  23   9   3]
 [ 10   3   0   5 213   3   0]
 [ 11   3   3   4   2 140   8]
 [  8   0   1   2   0   6  82]]";0.7943696450428397;0.7892110325814634;"[[ 80   3   2   8   6   2   5]
 [  0  53   4   5   1   3   0]
 [  0   2 122   1   1   0   0]
 [ 26   7  15 174  17   5   2]
 [  5   2   0   7 112   2   0]
 [ 14   3   2   2   0  66   3]
 [  3   0   0   1   1   8  42]]";280;[42 32 32 57 52 40 25]
285;Cora;own;0.5;0.2;64;0.5;1;0.005;2140929057;0.9825783972125436;0.980225879404198;"[[41  1  0  0  0  0  0]
 [ 0 32  1  0  0  0  0]
 [ 0  0 33  0  0  0  0]
 [ 0  0  0 58  0  0  0]
 [ 0  0  0  0 52  0  1]
 [ 1  0  0  0  0 39  0]
 [ 1  0  0  0  0  0 27]]";0.864713216957606;0.858715913222553;"[[173   6   3   7  12   7   5]
 [  3 105   1   7   2   2   0]
 [  1   3 269   3   1   2   0]
 [ 36   1  20 402  21   8   4]
 [  8   3   0   5 214   3   0]
 [ 10   4   3   4   2 139   9]
 [  5   0   1   2   0   3  85]]";0.806609547123623;0.8006866215924398;"[[ 80   2   2   9   6   2   5]
 [  0  55   4   5   1   1   0]
 [  0   2 122   1   0   0   1]
 [ 21   7  14 182  17   5   0]
 [  4   2   0   8 112   2   0]
 [ 13   4   2   2   0  65   4]
 [  3   0   0   1   1   7  43]]";287;[42 33 33 58 53 40 28]
286;Cora;own;0.5;0.2;64;0.5;1;0.005;2140929057;0.9795918367346939;0.9796119013892157;"[[41  1  0  0  0  1  0]
 [ 0 33  1  0  0  0  0]
 [ 0  0 33  0  0  0  0]
 [ 0  0  0 62  0  0  0]
 [ 1  0  0  1 52  0  0]
 [ 1  0  0  0  0 39  0]
 [ 0  0  0  0  0  0 28]]";0.8747651847213526;0.8658304161389683;"[[174   7   2   7  11   6   4]
 [  3 106   1   6   2   1   0]
 [  1   4 266   4   1   2   0]
 [ 33   1   9 416  20   6   4]
 [  8   3   0   6 215   2   0]
 [ 13   5   3   4   2 137   6]
 [  6   0   0   1   0   6  83]]";0.8188494492044064;0.8137895897199285;"[[ 80   2   1   9   7   2   5]
 [  0  56   3   6   1   0   0]
 [  2   0 120   2   1   0   1]
 [ 22   7   8 190  15   4   0]
 [  4   2   0   7 114   1   0]
 [ 14   4   2   2   0  65   3]
 [  3   0   0   1   1   6  44]]";294;[43 34 33 62 54 40 28]
287;Cora;own;0.5;0.2;64;0.5;1;0.005;2140929057;0.9767441860465116;0.9767039201225377;"[[41  1  0  0  0  1  0]
 [ 0 34  1  0  0  0  0]
 [ 0  0 34  0  0  0  0]
 [ 0  0  0 63  0  0  0]
 [ 1  0  0  1 53  0  0]
 [ 2  0  0  0  0 40  0]
 [ 0  0  0  0  0  0 29]]";0.8729559748427673;0.8625931811684087;"[[170   6   3   9  11   6   6]
 [  3 104   1   6   2   1   0]
 [  1   2 267   4   1   2   0]
 [ 32   1  11 421  19   3   3]
 [  8   4   0   8 211   3   0]
 [ 12   5   3   4   1 135   7]
 [  7   0   0   1   0   6  80]]";0.8200734394124847;0.8137856891496299;"[[ 80   2   2   9   6   2   5]
 [  0  54   4   6   1   1   0]
 [  2   0 123   1   0   0   0]
 [ 23   7   8 192  13   3   0]
 [  6   2   0   8 111   1   0]
 [ 13   3   2   2   0  66   4]
 [  3   0   0   1   1   6  44]]";301;[43 35 34 63 55 42 29]
288;Cora;own;0.5;0.2;64;0.5;1;0.005;2140929057;0.9707792207792207;0.9713308231326898;"[[42  0  0  0  1  1  0]
 [ 0 34  1  0  0  0  0]
 [ 0  1 34  0  0  0  0]
 [ 1  0  1 64  0  0  0]
 [ 1  0  0  1 53  0  0]
 [ 1  0  0  0  0 42  0]
 [ 0  0  0  0  0  0 30]]";0.8704990524320909;0.8626519161471318;"[[169   4   3   9  11   7   4]
 [  2 102   1   8   2   1   0]
 [  1   1 266   4   1   2   0]
 [ 34   2   9 414  22   4   3]
 [  9   3   0  10 212   2   0]
 [ 13   3   4   3   1 137   6]
 [  8   0   0   1   0   7  78]]";0.8127294981640147;0.8080323824661236;"[[ 82   2   1   9   6   2   4]
 [  0  53   4   6   1   2   0]
 [  2   0 123   1   0   0   0]
 [ 23   7   9 187  18   2   0]
 [  4   2   0  10 111   1   0]
 [ 14   3   2   2   0  66   3]
 [  5   0   0   1   1   6  42]]";308;[44 35 35 66 55 43 30]
289;Cora;own;0.5;0.2;64;0.5;1;0.005;2140929057;0.9714285714285714;0.9714082263763567;"[[44  0  0  0  0  0  0]
 [ 0 34  1  0  0  0  0]
 [ 0  1 35  0  0  0  0]
 [ 2  1  0 67  0  0  0]
 [ 1  0  0  1 53  0  0]
 [ 1  0  0  0  0 42  1]
 [ 0  0  0  0  0  0 31]]";0.8718274111675127;0.8649055257283363;"[[168   4   3  10   9   7   4]
 [  2  99   1   8   2   1   0]
 [  2   1 264   4   1   1   1]
 [ 28   3   9 421  21   3   3]
 [ 16   0   0  12 207   2   0]
 [ 11   4   4   5   1 133   8]
 [  5   0   0   2   0   4  82]]";0.8115055079559363;0.8071696860559677;"[[ 81   1   0  11   4   2   7]
 [  0  53   4   6   1   1   1]
 [  2   0 122   1   0   0   1]
 [ 21   7   9 188  19   2   0]
 [  4   2   0  12 110   0   0]
 [ 10   2   2   5   0  66   5]
 [  5   0   0   3   1   3  43]]";315;[44 35 36 70 55 44 31]
290;Cora;own;0.5;0.2;64;0.5;1;0.005;2140929057;0.9782608695652174;0.9782072978607506;"[[44  0  0  0  0  0  0]
 [ 0 35  1  0  0  0  0]
 [ 0  0 37  0  0  0  0]
 [ 2  0  0 69  0  0  0]
 [ 1  0  0  1 55  0  0]
 [ 0  0  0  0  0 43  2]
 [ 0  0  0  0  0  0 32]]";0.8725302740599108;0.8669894377701812;"[[165   4   3  11   9   7   5]
 [  2  98   1   8   2   1   0]
 [  2   0 264   4   1   1   1]
 [ 31   2   9 417  23   3   3]
 [ 16   0   0   9 209   1   0]
 [ 12   3   4   3   1 137   5]
 [  7   0   0   2   0   4  79]]";0.8053855569155447;0.801109263968218;"[[ 81   1   0  12   6   2   4]
 [  0  51   4   7   2   2   0]
 [  2   0 122   1   1   0   0]
 [ 22   5   9 183  22   3   2]
 [  3   2   0   8 114   1   0]
 [ 12   2   2   4   0  66   4]
 [  5   0   0   3   1   5  41]]";322;[44 36 37 71 57 45 32]
291;Cora;own;0.5;0.2;64;0.5;1;0.005;2140929057;0.9787234042553191;0.9773329055424214;"[[45  0  0  1  0  0  0]
 [ 0 36  1  0  0  0  0]
 [ 0  1 36  0  0  0  0]
 [ 0  0  0 72  0  0  0]
 [ 1  0  0  1 56  0  0]
 [ 0  0  0  0  0 44  1]
 [ 0  0  0  0  0  1 33]]";0.8860435339308579;0.8779054899710064;"[[168   4   1   9   9   7   5]
 [  2 101   1   4   2   1   0]
 [  2   1 263   4   1   1   1]
 [ 23   2   8 428  18   4   3]
 [ 14   0   0  10 210   0   0]
 [ 12   4   4   3   1 137   4]
 [  7   0   0   2   0   4  77]]";0.8274173806609547;0.8191496823467295;"[[ 80   2   1  10   6   3   4]
 [  0  56   3   5   1   1   0]
 [  0   2 122   1   0   0   1]
 [ 16   6   7 196  17   2   2]
 [  3   2   0   9 112   2   0]
 [ 11   3   2   3   0  67   4]
 [  5   0   0   2   1   4  43]]";329;[46 37 37 72 58 45 34]
292;Cora;own;0.5;0.2;64;0.5;1;0.005;2140929057;0.9761904761904762;0.9749213300420808;"[[47  0  0  0  1  0  1]
 [ 0 37  1  0  0  0  0]
 [ 0  1 37  0  0  0  0]
 [ 0  1  0 72  0  0  0]
 [ 1  0  0  1 56  0  0]
 [ 0  0  0  0  0 45  1]
 [ 0  0  0  0  0  0 34]]";0.8842443729903537;0.8767169113137508;"[[168   4   1   8   9   6   5]
 [  2 100   1   4   2   1   0]
 [  2   1 262   4   1   1   1]
 [ 23   2   8 427  21   4   3]
 [ 14   0   0  11 206   0   0]
 [ 11   4   4   4   1 134   5]
 [  6   0   0   2   0   4  78]]";0.824969400244798;0.8165926681746166;"[[ 79   2   1  10   7   3   4]
 [  0  54   4   6   1   1   0]
 [  0   2 122   1   0   0   1]
 [ 16   6   7 197  16   2   2]
 [  4   2   0  10 112   0   0]
 [ 12   3   2   3   0  66   4]
 [  5   0   0   2   0   4  44]]";336;[49 38 38 73 58 46 34]
293;Cora;own;0.5;0.2;64;0.5;1;0.005;2140929057;0.9766763848396501;0.9766653299403698;"[[51  1  0  0  0  0  0]
 [ 0 37  1  0  0  0  0]
 [ 0  0 39  0  0  0  0]
 [ 0  0  0 74  0  1  0]
 [ 2  0  0  1 55  0  0]
 [ 1  0  0  0  0 45  0]
 [ 0  0  0  0  0  1 34]]";0.8856589147286822;0.8794861286590848;"[[173   3   1   8   5   7   2]
 [  2  97   1   7   2   1   0]
 [  2   0 262   4   1   1   1]
 [ 24   1  10 427  18   3   3]
 [ 16   0   0  11 202   2   0]
 [ 12   2   4   4   1 136   3]
 [  9   0   0   2   0   4  74]]";0.8261933904528764;0.8174395326098113;"[[ 83   2   1  10   3   3   4]
 [  0  52   4   7   1   2   0]
 [  2   0 123   1   0   0   0]
 [ 17   6   8 198  15   2   0]
 [  5   2   0  10 111   0   0]
 [ 12   3   2   3   0  66   4]
 [  6   0   0   2   1   4  42]]";343;[52 38 39 75 58 46 35]
294;Cora;own;0.5;0.2;64;0.5;1;0.005;2140929057;0.98;0.9800484933882302;"[[52  1  0  0  0  0  0]
 [ 0 38  1  0  0  0  0]
 [ 0  0 40  0  0  0  0]
 [ 0  0  0 75  1  1  0]
 [ 0  0  0  1 57  0  0]
 [ 1  0  0  0  0 45  0]
 [ 0  0  0  0  0  1 36]]";0.8825438027255029;0.8744604423261956;"[[163   3   1   8  11   7   5]
 [  2  98   1   5   1   2   0]
 [  2   0 259   4   1   1   1]
 [ 20   1  11 427  20   4   3]
 [ 14   0   0  11 204   2   0]
 [ 10   3   4   4   1 131   9]
 [  6   0   0   1   0   2  78]]";0.8396572827417381;0.8325350057431524;"[[ 84   2   1   9   4   2   4]
 [  0  53   5   5   1   1   1]
 [  0   2 123   1   0   0   0]
 [ 12   6   7 199  20   2   0]
 [  2   2   0  10 114   0   0]
 [ 11   3   2   3   0  66   5]
 [  4   0   0   1   0   3  47]]";350;[53 39 40 77 58 46 37]
295;Cora;own;0.5;0.2;64;0.5;1;0.005;2140929057;0.9775910364145658;0.9790355630812705;"[[53  1  0  0  0  0  0]
 [ 0 39  1  0  0  0  0]
 [ 0  0 41  0  0  0  0]
 [ 0  0  0 77  2  0  0]
 [ 2  0  0  1 55  0  0]
 [ 1  0  0  0  0 46  0]
 [ 0  0  0  0  0  0 38]]";0.8891786179921773;0.8787668557070729;"[[170   3   1   8   5   6   4]
 [  2  97   1   5   1   2   0]
 [  2   0 259   4   0   1   1]
 [ 20   2   5 434  16   3   3]
 [ 16   0   0  13 200   2   0]
 [ 12   4   4   5   1 127   9]
 [  6   0   0   1   0   2  77]]";0.8323133414932681;0.8249501657028697;"[[ 85   2   1   9   2   3   4]
 [  0  53   5   5   1   1   1]
 [  0   2 122   2   0   0   0]
 [ 15   6   6 201  14   1   3]
 [  3   3   3  13 106   0   0]
 [ 12   3   2   3   0  66   4]
 [  5   0   0   1   0   2  47]]";357;[54 40 41 79 58 47 38]
296;Cora;own;0.5;0.2;64;0.5;1;0.005;2140929057;0.9862637362637363;0.9870911206538528;"[[55  0  0  0  0  0  0]
 [ 0 40  1  0  0  0  0]
 [ 0  0 42  0  0  0  0]
 [ 0  0  0 78  1  0  0]
 [ 1  0  0  1 58  0  0]
 [ 1  0  0  0  0 47  0]
 [ 0  0  0  0  0  0 39]]";0.8906352324819908;0.8809477114293076;"[[172   3   1   5   7   6   3]
 [  3  97   1   2   2   2   0]
 [  2   0 256   5   0   1   1]
 [ 20   2   5 428  22   3   3]
 [ 13   0   0   8 206   2   0]
 [ 13   3   4   6   1 129   5]
 [  9   0   0   1   0   3  72]]";0.8335373317013464;0.8259151646391663;"[[ 85   2   1   8   4   2   4]
 [  0  54   5   4   1   2   0]
 [  0   2 122   2   0   0   0]
 [ 13   6   5 198  22   1   1]
 [  2   2   3   9 112   0   0]
 [ 14   3   2   2   0  65   4]
 [  5   0   0   1   1   3  45]]";364;[55 41 42 79 60 48 39]
297;Cora;own;0.5;0.2;64;0.5;1;0.005;2140929057;0.9811320754716981;0.980862709406547;"[[55  0  0  0  0  0  0]
 [ 0 40  1  0  0  0  0]
 [ 0  0 43  0  0  0  0]
 [ 0  1  0 79  0  0  0]
 [ 1  0  0  1 59  0  0]
 [ 2  0  0  0  0 49  1]
 [ 0  0  0  0  0  0 39]]";0.8835526315789474;0.8752649715737805;"[[168   3   1   4   8   8   5]
 [  2  95   1   2   2   2   0]
 [  2   0 252   7   0   1   1]
 [ 22   3   7 423  22   3   3]
 [ 13   0   0  12 201   2   0]
 [ 10   4   4   5   1 131   5]
 [  8   0   0   1   0   3  73]]";0.8372093023255814;0.8293406685935235;"[[ 85   2   1   6   6   2   4]
 [  0  55   5   4   1   1   0]
 [  0   2 123   1   0   0   0]
 [ 14   6   5 200  19   1   1]
 [  3   3   3   9 109   1   0]
 [ 12   3   2   3   0  65   5]
 [  5   0   0   0   0   3  47]]";371;[55 41 43 80 61 52 39]
298;Cora;own;0.5;0.2;64;0.5;1;0.005;2140929057;0.9761904761904762;0.9766931422167514;"[[55  0  0  0  0  0  0]
 [ 0 40  1  0  0  0  0]
 [ 0  0 44  0  0  0  0]
 [ 0  0  0 79  2  0  0]
 [ 1  0  0  1 60  0  0]
 [ 2  0  0  0  0 51  2]
 [ 0  0  0  0  0  0 40]]";0.8876404494382022;0.8772881377177775;"[[169   3   1   5   7   7   5]
 [  4  92   3   2   2   2   0]
 [  2   0 253   5   0   1   1]
 [ 21   1   7 428  19   3   3]
 [ 16   0   0  11 198   2   0]
 [  9   1   4   3   1 132   6]
 [  9   0   0   1   0   3  71]]";0.8421052631578947;0.8359381769274826;"[[ 85   2   1   6   6   2   4]
 [  0  54   5   4   1   1   1]
 [  0   2 123   1   0   0   0]
 [ 14   6   5 200  19   1   1]
 [  3   2   3   8 112   0   0]
 [ 13   0   2   4   0  67   4]
 [  4   0   0   1   0   3  47]]";378;[55 41 44 81 62 55 40]
299;Cora;own;0.5;0.2;64;0.5;1;0.005;2140929057;0.9766233766233766;0.9761472235047683;"[[56  0  0  0  0  0  0]
 [ 0 41  1  0  0  0  0]
 [ 0  0 45  0  0  0  0]
 [ 0  1  0 82  0  0  0]
 [ 2  0  0  1 59  0  0]
 [ 2  0  0  0  0 52  2]
 [ 0  0  0  0  0  0 41]]";0.8904382470119522;0.8807916037571121;"[[167   3   1   6   6   6   7]
 [  4  92   1   5   1   1   0]
 [  2   0 253   4   0   1   1]
 [ 21   2   6 429  16   3   3]
 [ 18   0   0  11 196   2   0]
 [  8   1   4   4   1 131   6]
 [  6   0   0   1   0   3  73]]";0.8433292533659731;0.8369964409948307;"[[ 86   2   1   7   3   3   4]
 [  0  54   4   6   1   1   0]
 [  0   2 123   1   0   0   0]
 [ 14   6   5 203  16   1   1]
 [  5   3   2  10 108   0   0]
 [ 12   1   2   3   0  67   5]
 [  3   0   0   1   0   3  48]]";385;[56 42 45 83 62 56 41]
300;Cora;own;0.5;0.2;64;0.5;1;0.005;2140929057;0.9719387755102041;0.9717310455739525;"[[57  0  0  0  0  0  0]
 [ 0 41  2  0  0  0  0]
 [ 0  0 46  0  0  0  0]
 [ 0  0  0 83  0  1  1]
 [ 2  0  0  1 60  0  0]
 [ 3  0  0  0  0 54  0]
 [ 0  0  0  0  0  1 40]]";0.8925950633755837;0.885357502003909;"[[168   3   1   6   7   7   3]
 [  4  89   2   5   1   2   0]
 [  2   0 252   4   0   1   1]
 [ 22   2   7 423  18   3   2]
 [ 13   0   0  11 201   2   0]
 [  8   1   4   3   1 135   2]
 [  9   0   0   1   0   3  70]]";0.8347613219094248;0.8241880861849865;"[[ 85   2   1   7   4   3   4]
 [  1  52   5   5   1   2   0]
 [  0   2 123   1   0   0   0]
 [ 14   6   6 201  17   1   1]
 [  2   3   2  11 110   0   0]
 [ 11   0   2   4   0  69   4]
 [  7   0   0   1   0   5  42]]";392;[57 43 46 85 63 57 41]
301;Cora;own;0.5;0.2;64;0.5;1;0.005;2140929057;0.974937343358396;0.9749305527452309;"[[58  0  0  0  0  0  0]
 [ 0 43  1  0  0  0  0]
 [ 0  0 46  1  0  0  0]
 [ 0  0  0 84  1  0  1]
 [ 1  0  0  1 62  0  0]
 [ 2  0  0  0  0 56  0]
 [ 0  0  0  0  0  2 40]]";0.8900804289544236;0.8810851585783662;"[[160   3   1   6   9   9   6]
 [  4  89   1   4   2   2   0]
 [  2   0 251   4   0   2   0]
 [ 21   1   7 424  19   2   2]
 [ 11   0   0  10 202   3   0]
 [  8   1   4   4   1 130   5]
 [  7   0   0   1   0   2  72]]";0.8408812729498164;0.8334368298790918;"[[ 84   2   0   8   4   3   5]
 [  0  53   5   5   1   2   0]
 [  0   2 122   2   0   0   0]
 [ 13   6   5 200  18   1   3]
 [  3   3   2   9 110   1   0]
 [  7   1   2   4   0  71   5]
 [  3   0   0   1   0   4  47]]";399;[58 44 47 86 64 58 42]
302;Cora;own;0.5;0.2;64;0.5;1;0.005;2140929057;0.9729064039408867;0.9724283478439801;"[[58  0  0  0  0  0  0]
 [ 0 44  1  0  0  0  0]
 [ 0  0 47  1  0  0  0]
 [ 1  0  0 86  0  0  1]
 [ 1  0  0  1 63  0  0]
 [ 2  0  0  0  0 56  1]
 [ 0  0  0  0  0  2 41]]";0.8909090909090909;0.8813345978844221;"[[158   3   1   7   9   9   7]
 [  4  89   1   4   1   2   0]
 [  1   0 251   4   0   2   0]
 [ 18   2   7 426  17   2   2]
 [ 11   0   0  12 199   3   0]
 [  8   1   4   5   1 129   4]
 [  7   0   0   1   0   2  71]]";0.8408812729498164;0.8331500182510528;"[[ 82   2   0   8   5   4   5]
 [  0  55   5   4   1   1   0]
 [  0   2 122   2   0   0   0]
 [ 16   6   5 201  13   2   3]
 [  2   3   3   9 109   2   0]
 [  7   1   2   4   0  72   4]
 [  3   0   0   1   0   5  46]]";406;[58 45 48 88 65 59 43]
303;Cora;own;0.5;0.2;64;0.5;1;0.005;2140929057;0.9733656174334141;0.9733885159821413;"[[58  0  0  0  0  1  0]
 [ 0 45  1  0  0  0  0]
 [ 0  0 49  0  0  0  0]
 [ 0  0  0 87  0  1  1]
 [ 2  0  0  1 63  0  0]
 [ 2  0  0  0  0 58  0]
 [ 0  0  0  0  0  2 42]]";0.8917456021650879;0.8828831016203031;"[[160   3   1   7   8   9   4]
 [  4  89   1   3   1   2   0]
 [  2   0 249   4   0   2   0]
 [ 18   1   6 427  17   2   2]
 [ 13   0   0  14 196   2   0]
 [  8   1   4   4   1 130   3]
 [  9   0   0   1   0   3  67]]";0.8408812729498164;0.8322172132360219;"[[ 83   2   1   9   3   4   4]
 [  1  53   5   4   1   2   0]
 [  0   3 122   1   0   0   0]
 [ 13   4   5 204  17   2   1]
 [  3   3   3   9 108   2   0]
 [  7   1   2   4   0  72   4]
 [  4   0   0   1   0   5  45]]";413;[59 46 49 89 66 60 44]
304;Cora;own;0.5;0.2;64;0.5;1;0.005;2140929057;0.9714285714285714;0.9710470467262278;"[[60  1  0  0  0  1  0]
 [ 0 45  1  0  0  0  0]
 [ 0  0 50  0  0  0  0]
 [ 0  1  0 87  0  1  1]
 [ 1  0  0  1 65  0  0]
 [ 2  0  0  0  0 58  0]
 [ 0  0  0  0  0  2 43]]";0.8898708361658736;0.8799796429980754;"[[154   2   1   9   7   9   8]
 [  4  89   1   3   1   2   0]
 [  2   0 248   4   0   1   1]
 [ 18   1   6 424  19   2   2]
 [ 12   0   0  13 197   2   0]
 [  7   1   4   4   1 129   4]
 [  7   0   0   1   0   3  68]]";0.8445532435740514;0.8390066112006628;"[[ 82   2   1   9   4   3   5]
 [  0  55   5   3   1   2   0]
 [  0   3 122   1   0   0   0]
 [ 12   4   5 204  19   1   1]
 [  3   3   2  11 109   0   0]
 [  8   1   2   4   0  71   4]
 [  4   0   0   1   0   3  47]]";420;[62 46 50 90 67 60 45]
305;Cora;own;0.5;0.2;64;0.5;1;0.005;1240197975;0.0;0.0;[[]];0.177683765203596;0.11284749717364194;"[[  8  43   0  44   1 149   0]
 [  4  50   3  37   0  56   1]
 [ 16 148   1  40   0  86   1]
 [ 12  99  13 186   0 253   9]
 [ 28  60   0  60   2 144   4]
 [  8  73   1  35   0  87   4]
 [ 14  23   1  19   0  66   2]]";0.18482252141982863;0.11644476334963375;"[[  4  24   1  16   0  59   2]
 [  0  28   2  15   0  21   0]
 [ 10  58   1  15   0  41   1]
 [  7  39   5  76   0 116   3]
 [ 19  22   2  22   0  62   1]
 [  4  21   0  22   0  42   1]
 [  3  16   1  11   0  24   0]]";0;[]
306;Cora;own;0.5;0.2;64;0.5;1;0.005;1240197975;0.7142857142857143;0.5333333333333333;"[[2 0 0 0 0]
 [1 0 0 0 0]
 [1 0 0 0 0]
 [0 0 0 2 0]
 [0 0 0 0 1]]";0.19532908704883228;0.11952255690294782;"[[294   0   0   0   0   0   0]
 [145   0   0   0   0   2   0]
 [289   0   0   0   0   0   0]
 [547   0   0   0   0   4   0]
 [291   0   0   0   0   0   0]
 [112   0   0   0   0  74   0]
 [126   0   0   0   0   0   0]]";0.17258261933904528;0.11292267924748682;"[[106   0   0   0   0   0   0]
 [ 65   0   0   0   0   1   0]
 [126   0   0   0   0   0   0]
 [245   0   0   0   0   1   0]
 [128   0   0   0   0   0   0]
 [ 55   0   0   0   0  35   0]
 [ 55   0   0   0   0   0   0]]";7;[2 0 0 1 1 2 1]
307;Cora;own;0.5;0.2;64;0.5;1;0.005;1240197975;0.8571428571428571;0.8476190476190476;"[[3 0 0 0 0]
 [0 3 0 1 0]
 [1 0 1 0 0]
 [0 0 0 3 0]
 [0 0 0 0 2]]";0.2749067661161428;0.18120765504953304;"[[217   0   0   0   0  18  35]
 [  8   0   0   0   0  92   1]
 [113   0   0   0   0 157  10]
 [350   0   0   2   0 107  86]
 [213   0   0   0   1  55  25]
 [ 22   0   0   0   0 204  14]
 [ 12   0   0   0   0  43  92]]";0.204406364749082;0.137717885718676;"[[ 78   0   0   0   0   9  19]
 [  4   0   0   0   0  62   0]
 [ 42   0   0   0   0  72  12]
 [168   0   0   0   0  43  35]
 [ 85   0   0   0   0  29  14]
 [ 21   0   0   0   0  57  12]
 [  5   0   0   0   0  18  32]]";14;[3 0 0 4 2 3 2]
308;Cora;own;0.5;0.2;64;0.5;1;0.005;1240197975;0.9047619047619048;0.9133333333333333;"[[3 0 0 0 0]
 [0 9 0 0 0]
 [0 2 2 0 0]
 [0 0 0 3 0]
 [0 0 0 0 2]]";0.4502673796791444;0.27580203297539213;"[[ 53   0   0 165   0   8   1]
 [  0   0   0  50   0  31   0]
 [  0   0   0 269   0   2   0]
 [  2   0   0 613   0   4   0]
 [  1   0   0 296   3  20   0]
 [  4   0   0  66   0 149   1]
 [  2   0   0 101   0   5  24]]";0.37821297429620565;0.1971900365605587;"[[ 11   0   0  91   0   4   0]
 [  0   0   0  30   0  36   0]
 [  0   0   0 125   0   1   0]
 [  0   0   0 243   0   3   0]
 [  0   0   0 124   0   4   0]
 [  3   0   0  35   0  50   2]
 [  0   0   0  45   0   5   5]]";21;[3 0 0 9 4 3 2]
309;Cora;own;0.5;0.2;64;0.5;1;0.005;1240197975;0.9285714285714286;0.9333333333333332;"[[ 5  0  0  0  0]
 [ 0 11  0  0  0]
 [ 0  2  3  0  0]
 [ 0  0  0  4  0]
 [ 0  0  0  0  3]]";0.5190552871712292;0.3413181984990756;"[[223   0   0  12   0  12   7]
 [  8   0   0  17   0  57   0]
 [ 54   0   0 150   0  65   1]
 [ 78   0   0 510   0  15   3]
 [ 70   0   0 172   3  64   2]
 [ 23   0   0   3   0 181   8]
 [ 23   0   0  25   0  27  50]]";0.43818849449204406;0.27001249341618416;"[[ 80   0   0  11   0  10   5]
 [  3   0   0   9   0  54   0]
 [ 19   0   0  74   0  33   0]
 [ 30   0   0 207   0   7   2]
 [ 23   0   0  86   1  18   0]
 [ 26   0   0   1   0  58   5]
 [ 21   0   0   3   0  19  12]]";28;[ 5  0  0 11  5  4  3]
310;Cora;own;0.5;0.2;64;0.5;1;0.005;1240197975;0.8;0.7045855379188714;"[[ 6  0  0  0  0  0]
 [ 0  0  2  0  0  0]
 [ 0  0 11  0  0  0]
 [ 1  0  3  4  0  0]
 [ 1  0  0  0  4  0]
 [ 0  0  0  0  0  3]]";0.4989224137931034;0.3318845055639751;"[[244   0   0   7   0   9   6]
 [ 15   0   0  17   0  54   0]
 [ 88   0   0 145   0  54   1]
 [100   0   0 475   0   7   5]
 [ 87   0   0 160   2  46   2]
 [ 42   0   0   5   0 155   6]
 [ 44   0   0  23   0   7  50]]";0.42105263157894735;0.2558543118820792;"[[ 87   0   0   8   0   5   6]
 [  7   0   0  10   0  49   0]
 [ 38   0   0  64   0  23   1]
 [ 47   0   0 193   0   4   2]
 [ 51   0   0  66   1  10   0]
 [ 31   0   0   1   0  53   5]
 [ 30   0   0   3   0  12  10]]";35;[ 6  0  2 11  8  5  3]
311;Cora;own;0.5;0.2;64;0.5;1;0.005;1240197975;0.9047619047619048;0.6922015182884749;"[[ 7  0  0  0  0  0  0]
 [ 0  0  0  1  0  0  0]
 [ 0  0  0  2  1  0  0]
 [ 0  0  0 12  0  0  0]
 [ 0  0  0  0 11  0  0]
 [ 0  0  0  0  0  5  0]
 [ 0  0  0  0  0  0  3]]";0.5949161709031909;0.45005535743429853;"[[240   0   0  11   7   6   5]
 [ 14   0   0  53   8  81   0]
 [ 64   0   0 114  41  67   1]
 [ 71   0   0 445  24   6   2]
 [ 11   0   0  25 242   8   1]
 [ 33   0   0   6   1 133   4]
 [ 38   0   0  29   2  16  40]]";0.5348837209302325;0.3801295851009476;"[[ 83   0   0  11   3   5   4]
 [  4   0   0  16   4  42   0]
 [ 25   0   0  45  30  24   2]
 [ 34   0   0 177  30   3   2]
 [  2   0   0  12 113   1   0]
 [ 26   0   0   3   1  55   5]
 [ 28   0   0   2   2  14   9]]";42;[ 7  1  3 12 11  5  3]
312;Cora;own;0.5;0.2;64;0.5;1;0.005;1240197975;0.8163265306122449;0.6433047801060223;"[[ 7  0  0  0  1  0  0]
 [ 0  0  0  1  0  0  0]
 [ 1  0  1  2  0  2  0]
 [ 0  0  0 13  0  0  0]
 [ 0  0  0  0 11  0  0]
 [ 0  0  0  0  0  5  1]
 [ 0  0  0  1  0  0  3]]";0.5998914223669924;0.4731840219682928;"[[217   0   0  16   5   9  13]
 [ 13   0   0  30  11  73   2]
 [ 32   0  13 140   5  87  48]
 [ 62   0   0 463   9   4   8]
 [ 13   0   0  40 216   5   2]
 [ 26   0   0   9   1 122  16]
 [ 15   0   0  29   0  14  74]]";0.5458996328029376;0.4101658775830433;"[[ 74   0   0  12   1   8  11]
 [  4   0   0  19   6  36   1]
 [  9   0   1  60   7  25  24]
 [ 32   0   0 194  12   4   4]
 [  6   0   0  20 101   1   0]
 [ 22   0   0   4   0  53  11]
 [ 13   0   0   3   0  16  23]]";49;[ 8  1  6 13 11  6  4]
313;Cora;own;0.5;0.2;64;0.5;1;0.005;1240197975;0.9285714285714286;0.8103697069214311;"[[ 8  0  0  0  0  0  0]
 [ 0  0  2  1  0  0  0]
 [ 0  0  8  0  0  0  0]
 [ 0  0  0 14  0  0  0]
 [ 0  0  0  0 12  0  0]
 [ 0  0  0  0  0  5  1]
 [ 0  0  0  0  0  0  5]]";0.740599455040872;0.6428232229093735;"[[218   0   5  21   3   3   7]
 [ 14   0  62  29  10  28   2]
 [  6   0 273   9   0   2   2]
 [ 57   0  15 471  13   2   2]
 [ 18   0   1  47 202   2   1]
 [ 36   0   8   7   1 116   8]
 [ 13   0  20  18   0   4  79]]";0.6829865361077111;0.5869260578050169;"[[ 72   0   5  22   2   4   1]
 [  2   0  30  20   7   7   0]
 [  1   0 120   5   0   0   0]
 [ 26   0   8 196  14   1   1]
 [  7   0   1  25  95   0   0]
 [ 23   0   7   5   0  45  10]
 [ 10   0  12   1   0   2  30]]";56;[ 8  3  8 14 12  6  5]
314;Cora;own;0.5;0.2;64;0.5;1;0.005;1240197975;0.9206349206349206;0.8094058136074943;"[[ 8  0  0  0  0  0  0]
 [ 0  0  1  2  0  1  0]
 [ 0  0  8  0  0  0  0]
 [ 0  0  0 17  0  0  0]
 [ 0  0  0  0 13  0  0]
 [ 0  0  0  0  0  6  1]
 [ 0  0  0  0  0  0  6]]";0.7434354485776805;0.6416850390745035;"[[195   0   5  27   4   2  13]
 [ 12   0  16  61  17  38   2]
 [  4   0 270  12   0   3   3]
 [ 39   0   9 483  23  24   5]
 [  8   0   0  36 224   2   1]
 [ 22   0   5   7   1  92  22]
 [  6   0  13  23   0   4  95]]";0.7001223990208079;0.5975637239633599;"[[ 60   0   2  29   2   4   9]
 [  1   0   4  32  10  18   1]
 [  0   0 116   6   1   0   3]
 [ 19   0   2 206  16   1   2]
 [  3   0   0  17 108   0   0]
 [ 19   0   2   8   1  49  11]
 [  7   0   9   2   0   4  33]]";63;[ 8  4  8 17 13  7  6]
315;Cora;own;0.5;0.2;64;0.5;1;0.005;1240197975;0.9142857142857143;0.8124361939897911;"[[ 8  0  0  0  0  0  1]
 [ 0  0  1  3  0  1  0]
 [ 0  0 10  0  0  0  0]
 [ 0  0  0 19  0  0  0]
 [ 0  0  0  0 13  0  0]
 [ 0  0  0  0  0  7  0]
 [ 0  0  0  0  0  0  7]]";0.728171334431631;0.6305681233250459;"[[198   0  11  30   2   3   8]
 [ 19   0  43  55  18  23   3]
 [  3   0 285   5   0   0   4]
 [ 36   0  23 468  18   5   4]
 [ 12   0   1  47 203   2   1]
 [ 25   0   6  29   1  80  21]
 [  8   0  12  15   0   2  92]]";0.6707466340269278;0.5757145278795992;"[[ 66   0   4  18   2   4  12]
 [  7   0  18  33   4   4   0]
 [  0   0 121   5   0   0   0]
 [ 16   0  16 193  18   1   2]
 [  4   0   2  24  98   0   0]
 [ 16   0   2  30   1  31  10]
 [  8   0   4   2   0   2  39]]";70;[ 9  5 10 19 13  7  7]
316;Cora;own;0.5;0.2;64;0.5;1;0.005;1240197975;0.8831168831168831;0.780238640078457;"[[ 8  0  0  0  0  0  2]
 [ 0  0  1  3  0  2  0]
 [ 0  0 11  0  0  0  0]
 [ 1  0  0 21  0  0  0]
 [ 0  0  0  0 14  0  0]
 [ 0  0  0  0  0  7  0]
 [ 0  0  0  0  0  0  7]]";0.7276736493936052;0.6264510568423726;"[[203   0   9  23   2   6  10]
 [ 18   0  28  45  21  47   3]
 [  3   0 283   5   0   1   6]
 [ 40   0  22 460  25   5   5]
 [ 15   0   1  36 212   1   0]
 [ 34   0   4  30   1  82  12]
 [  9   0  11  14   0   2  80]]";0.6756425948592412;0.5849904628987187;"[[ 69   0   4  17   2   5   9]
 [  8   0  12  30   6  10   0]
 [  1   0 121   4   0   0   0]
 [ 17   0  14 187  24   2   2]
 [  5   0   2  19 102   0   0]
 [ 17   0   2  29   1  34   7]
 [  9   0   3   2   0   2  39]]";77;[10  6 11 22 14  7  7]
317;Cora;own;0.5;0.2;64;0.5;1;0.005;1240197975;0.8690476190476191;0.7719496371391322;"[[ 9  0  0  0  0  0  1]
 [ 1  0  1  3  0  2  0]
 [ 0  0 11  0  0  0  0]
 [ 1  0  0 23  0  0  0]
 [ 1  0  0  0 14  0  0]
 [ 0  0  1  0  0  8  0]
 [ 0  0  0  0  0  0  8]]";0.7299391256225789;0.632637107973618;"[[189   0   9  25   2   6   9]
 [ 18   0  34  66  12  29   3]
 [  3   0 283   5   0   1   2]
 [ 33   0  21 480   9   3   5]
 [ 22   0   1  53 196   3   1]
 [ 30   0   3  27   1  89  13]
 [  7   0  11  18   0   3  82]]";0.6878824969400245;0.5990683655141208;"[[ 69   0   5  15   1   6  10]
 [  8   0  13  36   2   7   0]
 [  1   0 120   5   0   0   0]
 [ 15   0  12 200  17   2   0]
 [  3   0   2  28  95   0   0]
 [ 17   0   2  25   1  39   6]
 [  9   0   3   2   0   2  39]]";84;[10  7 11 24 15  9  8]
318;Cora;own;0.5;0.2;64;0.5;1;0.005;1240197975;0.978021978021978;0.9805714912693188;"[[11  0  0  0  0  0  0]
 [ 0  8  0  0  0  0  0]
 [ 0  0 12  0  0  0  0]
 [ 1  0  0 24  0  0  0]
 [ 1  0  0  0 15  0  0]
 [ 0  0  0  0  0 10  0]
 [ 0  0  0  0  0  0  9]]";0.7977777777777778;0.7778376404022171;"[[196   8   5  26   3   5   2]
 [  1 133   8  15   2   1   0]
 [  4   5 276   5   0   0   0]
 [ 31  19  20 463   4   3   2]
 [ 20   6   0  47 198   2   0]
 [ 32  12   2  26   2  92   5]
 [ 11  15   1  11   0   3  78]]";0.7527539779681762;0.7347536746518714;"[[ 74   7   2  12   1   5   5]
 [  0  57   5   4   0   0   0]
 [  1   0 121   4   0   0   0]
 [ 19  17  11 189   9   1   0]
 [  3   8   0  21  96   0   0]
 [ 20   9   1  18   0  38   4]
 [  9   3   1   1   0   1  40]]";91;[11  8 12 25 16 10  9]
319;Cora;own;0.5;0.2;64;0.5;1;0.005;1240197975;0.9795918367346939;0.9766635181421798;"[[11  0  0  0  0  0  0]
 [ 0  8  0  0  0  0  0]
 [ 0  0 13  0  0  0  0]
 [ 0  0  0 27  0  0  0]
 [ 1  0  0  0 15  0  0]
 [ 0  0  0  0  0 12  1]
 [ 0  0  0  0  0  0 10]]";0.8237590630228667;0.8118447118730179;"[[179   5   8  32   3   5   6]
 [  0 125   8   7   2   1   1]
 [  3   3 275   3   0   1   1]
 [ 26  10  19 496   4   3   5]
 [ 12   4   0  51 198   3   1]
 [ 29   4   3  20   2 109  10]
 [  9   0   2   6   0   4  95]]";0.7674418604651163;0.7495528816685343;"[[ 69   4   3  14   1   8   7]
 [  0  52   5   8   0   0   1]
 [  1   0 121   4   0   0   0]
 [ 14   7  12 201  10   1   1]
 [  2   6   1  21  97   1   0]
 [ 16   4   2  17   1  43   7]
 [  7   0   0   2   0   2  44]]";98;[11  8 13 27 16 13 10]
320;Cora;own;0.5;0.2;64;0.5;1;0.005;1240197975;0.9809523809523809;0.9821757190178243;"[[12  0  0  0  0  0  0]
 [ 0  9  0  0  0  0  0]
 [ 0  0 14  0  0  0  0]
 [ 1  0  0 28  0  0  0]
 [ 1  0  0  0 16  0  0]
 [ 0  0  0  0  0 14  0]
 [ 0  0  0  0  0  0 10]]";0.8219484882418813;0.8118793960830935;"[[181   9   6  34   5   7   1]
 [  0 129   7   6   0   1   1]
 [  3   4 268   4   0   1   0]
 [ 25  11  20 498   3   3   6]
 [  9   9   0  55 190   4   0]
 [ 30   7   2  14   2 110   4]
 [ 11   1   1   8   0   4  92]]";0.7723378212974297;0.754788523147452;"[[ 70   4   2  17   1   7   5]
 [  0  58   2   6   0   0   0]
 [  1   2 121   2   0   0   0]
 [ 16  10  11 202   6   1   0]
 [  2   8   1  18  95   4   0]
 [ 17   5   2  15   1  46   4]
 [ 11   0   0   2   0   3  39]]";105;[12  9 14 29 17 14 10]
321;Cora;own;0.5;0.2;64;0.5;1;0.005;1240197975;0.9732142857142857;0.9736574123608683;"[[12  0  0  0  0  0  0]
 [ 0 10  0  0  0  0  0]
 [ 0  0 15  0  0  0  0]
 [ 0  0  0 30  1  0  0]
 [ 1  0  0  0 16  0  0]
 [ 1  0  0  0  0 15  0]
 [ 0  0  0  0  0  0 11]]";0.8229342327150084;0.8108682569104895;"[[180   7   5  33   6   6   1]
 [  0 126   8   8   0   1   1]
 [  2   4 268   3   0   2   0]
 [ 27   8  19 501   4   4   4]
 [  9   7   0  49 194   4   0]
 [ 32   5   2  19   2 106   2]
 [ 16   1   0   8   0   6  89]]";0.773561811505508;0.757088242815194;"[[ 74   4   2  15   2   5   4]
 [  1  55   2   7   0   1   0]
 [  1   2 121   2   0   0   0]
 [ 18   8  11 201   7   1   0]
 [  2   6   1  18  98   3   0]
 [ 18   4   1  18   1  44   4]
 [ 11   0   0   2   0   3  39]]";112;[12 10 15 31 17 16 11]
322;Cora;own;0.5;0.2;64;0.5;1;0.005;1240197975;0.9831932773109243;0.9841514041514042;"[[12  0  0  0  0  0  0]
 [ 0 11  0  0  0  0  0]
 [ 0  0 16  0  0  0  0]
 [ 0  0  0 32  0  0  0]
 [ 0  0  0  0 18  0  0]
 [ 1  0  0  1  0 17  0]
 [ 0  0  0  0  0  0 11]]";0.8199774266365688;0.8051829342538351;"[[178   7   5  28   7   6   5]
 [  0 124   8   9   0   1   1]
 [  3   3 268   3   0   2   0]
 [ 26  10  19 498   4   4   5]
 [ 10   7   0  49 191   5   0]
 [ 33   8   2  17   2 102   2]
 [ 12   0   1   8   0   7  92]]";0.7662178702570379;0.7516103187790107;"[[ 71   4   3  16   1   6   5]
 [  1  54   3   7   0   1   0]
 [  1   0 121   4   0   0   0]
 [ 22   9  11 198   5   1   0]
 [  3   6   1  18  97   3   0]
 [ 14   5   2  18   1  46   4]
 [ 11   0   0   2   0   3  39]]";119;[12 11 16 32 18 19 11]
323;Cora;own;0.5;0.2;64;0.5;1;0.005;1240197975;0.9841269841269841;0.9835271940535099;"[[13  0  0  0  0  0  0]
 [ 0 11  0  0  0  0  0]
 [ 0  0 17  0  0  0  0]
 [ 0  0  0 34  0  0  0]
 [ 0  0  0  0 19  1  0]
 [ 1  0  0  0  0 18  0]
 [ 0  0  0  0  0  0 12]]";0.826628895184136;0.8110748315915005;"[[164   7   5  28  11   6   4]
 [  0 126   4   6   1   1   0]
 [  3   3 286   8   1   7   0]
 [ 24  10  11 489   7   5   5]
 [  7   6   0  45 198  10   0]
 [ 16  10   1  20   3 106   3]
 [ 11   0   1   8   0   8  90]]";0.773561811505508;0.7605252229198394;"[[ 66   5   4  15   4   6   6]
 [  1  55   3   6   0   1   0]
 [  0   0 122   4   0   0   0]
 [ 19   8  11 199   8   1   0]
 [  2   6   1  17  99   3   0]
 [  7   5   2  21   1  50   4]
 [  7   0   0   3   1   3  41]]";126;[13 11 17 34 20 19 12]
324;Cora;own;0.5;0.2;64;0.5;1;0.005;1240197975;0.9774436090225563;0.9728613841411798;"[[14  0  0  0  0  0  0]
 [ 0 11  0  0  0  0  0]
 [ 0  0 18  0  0  0  0]
 [ 0  0  0 35  0  0  0]
 [ 0  0  0  0 20  1  0]
 [ 0  1  0  0  0 20  0]
 [ 1  0  0  0  0  0 12]]";0.8225255972696246;0.8063129970699597;"[[160   6   5  34   8   7   4]
 [  0 115   4  11   0   2   0]
 [  4   1 284  10   1   5   0]
 [ 23   6   8 496   6   6   4]
 [  8   7   0  45 196  10   0]
 [ 17   7   1  26   2 109   3]
 [ 12   0   1   7   0  11  86]]";0.7784577723378213;0.7652503295760837;"[[ 68   4   2  17   4   7   4]
 [  1  52   3   9   0   1   0]
 [  0   0 122   4   0   0   0]
 [ 17   6  11 206   5   1   0]
 [  3   6   1  17  96   5   0]
 [  7   3   2  21   1  53   3]
 [  8   0   1   3   1   3  39]]";133;[14 11 18 35 21 21 13]
325;Cora;own;0.5;0.2;64;0.5;1;0.005;1240197975;0.9928571428571429;0.9911111111111112;"[[15  0  0  0  0  0  0]
 [ 0 12  0  0  0  0  0]
 [ 0  0 19  0  0  0  0]
 [ 0  0  0 35  0  0  0]
 [ 0  0  0  0 22  0  0]
 [ 0  1  0  0  0 22  0]
 [ 0  0  0  0  0  0 14]]";0.8383780696744717;0.8257248448807996;"[[171   7   4  24   7  13   4]
 [  0 117   5  10   0   2   0]
 [  1   3 277   8   1   3   0]
 [ 24  11  11 486   3   6   5]
 [  6   7   0  38 201  10   0]
 [  9   7   2  23   1 127   3]
 [ 10   0   0   5   1   9  89]]";0.7833537331701347;0.7736435834663367;"[[ 69   4   2  13   4   9   5]
 [  1  54   3   8   0   0   0]
 [  1   0 121   4   0   0   0]
 [ 18   9  11 199   7   2   0]
 [  3   6   0  14 100   5   0]
 [  8   4   2  18   2  53   3]
 [  3   0   0   3   0   5  44]]";140;[15 12 19 35 22 23 14]
326;Cora;own;0.5;0.2;64;0.5;1;0.005;1240197975;0.9931972789115646;0.9916694810311831;"[[16  0  0  0  0  0  0]
 [ 0 13  0  0  0  0  0]
 [ 0  0 20  0  0  0  0]
 [ 0  0  0 35  0  0  0]
 [ 0  0  0  0 24  0  0]
 [ 0  1  0  0  0 23  0]
 [ 0  0  0  0  0  0 15]]";0.8428899082568807;0.8306725058112033;"[[163   5   7  25  13  13   4]
 [  0 114   5  12   0   2   0]
 [  1   1 280   8   1   1   0]
 [ 18   8  13 488   5   7   6]
 [  4   4   0  36 211   4   0]
 [  8   6   2  21   7 126   3]
 [  9   0   1   5   3   6  88]]";0.7882496940024479;0.7761094421797342;"[[ 67   4   3  13   6   8   5]
 [  1  53   3   9   0   0   0]
 [  0   2 122   2   0   0   0]
 [ 16   8  12 200   8   2   0]
 [  1   4   0  15 104   4   0]
 [  6   3   2  17   2  57   3]
 [  3   0   0   3   2   6  41]]";147;[16 13 20 35 24 24 15]
327;Cora;own;0.5;0.2;64;0.5;1;0.005;1240197975;0.987012987012987;0.9826747720364742;"[[17  1  0  0  0  0  0]
 [ 0 13  0  0  0  0  0]
 [ 0  0 20  0  0  0  0]
 [ 0  0  0 38  0  0  0]
 [ 0  0  0  0 25  0  0]
 [ 0  1  0  0  0 23  0]
 [ 0  0  0  0  0  0 16]]";0.8451352907311457;0.8325562207666481;"[[164   4   7  26   8  15   4]
 [  0 107   6  11   1   3   0]
 [  1   1 279   9   1   1   0]
 [ 19   7  10 496   3   6   6]
 [  7   8   0  40 203   3   0]
 [  9   2   2  17   5 132   2]
 [ 10   0   1   5   3   6  87]]";0.795593635250918;0.7848829448824669;"[[ 70   3   2  14   3  11   3]
 [  1  52   3   9   0   1   0]
 [  1   2 121   2   0   0   0]
 [ 16   6  11 206   5   2   0]
 [  2   4   1  16 101   4   0]
 [  8   1   2  16   1  59   3]
 [  3   0   0   3   1   7  41]]";154;[18 13 20 38 25 24 16]
328;Cora;own;0.5;0.2;64;0.5;1;0.005;1240197975;0.9875776397515528;0.9838977349181431;"[[19  1  0  0  0  0  0]
 [ 0 14  0  0  0  0  0]
 [ 0  0 20  0  0  0  0]
 [ 0  0  0 39  0  0  0]
 [ 0  0  0  0 26  0  0]
 [ 0  1  0  0  0 24  0]
 [ 0  0  0  0  0  0 17]]";0.8479768786127168;0.8331740132474138;"[[170   5   2  27  10   7   7]
 [  0 107   6  10   1   3   0]
 [  1   1 278  10   1   1   0]
 [ 24   3   9 497   3   3   7]
 [  7   8   0  36 207   1   0]
 [ 17   3   2  13   6 124   3]
 [ 10   0   1   7   3   5  84]]";0.799265605875153;0.7895563181165999;"[[ 76   3   0  14   4   7   2]
 [  1  52   3   9   0   1   0]
 [  1   2 121   2   0   0   0]
 [ 19   6  11 204   5   1   0]
 [  2   3   1  15 104   3   0]
 [ 10   1   2  16   2  56   3]
 [  4   0   1   3   2   5  40]]";161;[20 14 20 39 26 25 17]
329;Cora;own;0.5;0.2;64;0.5;1;0.005;1240197975;0.9821428571428571;0.978434065934066;"[[19  1  0  0  0  0  0]
 [ 0 15  0  0  0  0  0]
 [ 0  0 21  0  0  0  0]
 [ 0  0  0 41  0  0  0]
 [ 0  0  0  0 27  0  0]
 [ 1  1  0  0  0 25  0]
 [ 0  0  0  0  0  0 17]]";0.8496807893209518;0.8332282770070218;"[[163   5   2  27  15   9   7]
 [  0 107   6  12   0   2   0]
 [  1   1 277   9   1   1   0]
 [ 15   4   9 504   7   3   4]
 [  5   6   0  37 210   1   0]
 [ 12   6   3  13   8 122   2]
 [ 10   0   1   7   3   5  81]]";0.7980416156670747;0.7867870319075329;"[[ 74   3   1  14   5   7   2]
 [  1  54   3   8   0   0   0]
 [  1   2 121   2   0   0   0]
 [ 15   6  11 205   8   1   0]
 [  1   4   0  16 105   2   0]
 [  9   2   2  18   2  54   3]
 [  4   0   1   3   3   5  39]]";168;[20 15 21 41 27 27 17]
330;Cora;own;0.5;0.2;64;0.5;1;0.005;1240197975;0.9828571428571429;0.9791627762215996;"[[19  1  0  0  0  0  0]
 [ 0 16  0  0  0  0  0]
 [ 0  0 22  0  0  0  0]
 [ 0  0  0 43  0  0  0]
 [ 0  0  0  0 28  0  0]
 [ 1  1  0  0  0 26  0]
 [ 0  0  0  0  0  0 18]]";0.8490675990675991;0.8336377971127539;"[[160   5   1  27  10  15   6]
 [  1 104   5  10   0   2   0]
 [  1   1 274   9   1   2   0]
 [ 17   6   9 505   3   6   4]
 [  7   7   0  40 203   2   0]
 [ 12   3   4  11   5 131   1]
 [  7   0   1   7   3   8  80]]";0.7858017135862914;0.771969962512862;"[[ 68   3   0  15   5  12   3]
 [  1  52   3   9   0   1   0]
 [  1   2 121   2   0   0   0]
 [ 13   6  11 205   5   6   0]
 [  2   4   1  18 100   3   0]
 [  8   1   2  16   2  58   3]
 [  2   0   0   2   3  10  38]]";175;[20 16 22 43 28 28 18]
331;Cora;own;0.5;0.2;64;0.5;1;0.005;1240197975;0.978021978021978;0.9743045068626464;"[[20  1  0  0  0  1  0]
 [ 0 17  0  0  0  0  0]
 [ 0  0 23  0  0  0  0]
 [ 0  0  0 44  0  0  0]
 [ 0  0  0  0 29  0  0]
 [ 1  1  0  0  0 26  0]
 [ 0  0  0  0  0  0 19]]";0.8425980105324752;0.8262504742642556;"[[159   4   1  28  13   9   7]
 [  1  99   5  15   0   2   0]
 [  1   1 271  11   1   2   0]
 [ 20   4   9 505   5   3   4]
 [  8   3   0  36 211   2   0]
 [ 15   3   3  17   7 116   3]
 [  8   0   1   9   4   4  79]]";0.7882496940024479;0.775693733982261;"[[ 67   3   1  16   6   8   5]
 [  3  51   3   9   0   0   0]
 [  1   0 121   4   0   0   0]
 [ 13   6  11 207   9   0   0]
 [  1   3   1  19 104   0   0]
 [  9   2   2  18   2  54   3]
 [  3   0   1   2   4   5  40]]";182;[22 17 23 44 29 28 19]
332;Cora;own;0.5;0.2;64;0.5;1;0.005;1240197975;0.9788359788359788;0.9749302388434324;"[[20  1  0  0  0  1  0]
 [ 0 18  0  0  0  0  0]
 [ 0  0 24  0  0  0  0]
 [ 0  0  0 45  0  0  0]
 [ 0  0  0  0 30  0  0]
 [ 0  1  0  0  0 28  0]
 [ 0  0  0  0  0  1 20]]";0.8507638072855465;0.8380308985447184;"[[156   4   1  27  10  16   7]
 [  1 101   5  12   0   1   0]
 [  1   1 271  10   1   2   0]
 [ 17   3   9 494   3   5   4]
 [  8   4   0  36 207   4   0]
 [  8   2   3  19   5 139   2]
 [  8   0   0   4   3   8  80]]";0.802937576499388;0.7875802333608668;"[[ 66   3   1  15   6  12   3]
 [  3  50   3   9   0   1   0]
 [  1   0 121   4   0   0   0]
 [  9   6  11 213   4   3   0]
 [  2   3   1  16 103   3   0]
 [  8   1   2  11   2  63   3]
 [  2   0   0   2   2   9  40]]";189;[22 18 24 45 30 29 21]
333;Cora;own;0.5;0.2;64;0.5;1;0.005;1240197975;0.9897959183673469;0.9885791715060008;"[[22  0  0  0  0  1  0]
 [ 0 20  0  0  0  0  0]
 [ 0  0 25  0  0  0  0]
 [ 0  0  0 45  0  0  0]
 [ 0  0  0  0 31  0  0]
 [ 0  1  0  0  0 29  0]
 [ 0  0  0  0  0  0 22]]";0.856637168141593;0.8416018934394973;"[[173   5   1  19  11   8   6]
 [  1 105   5   8   0   1   0]
 [  1   1 273   7   1   2   0]
 [ 22   4   8 485   3   3   4]
 [  8   4   0  32 211   3   0]
 [ 14   5   3  20   6 126   4]
 [ 10   0   0   4   3   6  79]]";0.8261933904528764;0.8117849154020471;"[[ 79   3   1  11   4   6   2]
 [  2  56   3   5   0   0   0]
 [  1   2 122   1   0   0   0]
 [ 10   6  10 215   5   0   0]
 [  3   3   0  15 105   2   0]
 [ 12   3   2  11   2  57   3]
 [  4   0   0   2   3   5  41]]";196;[23 20 25 45 31 30 22]
334;Cora;own;0.5;0.2;64;0.5;1;0.005;1240197975;0.9852216748768473;0.9834988415016586;"[[23  0  0  0  0  1  0]
 [ 0 20  0  0  0  0  0]
 [ 0  0 27  0  0  0  0]
 [ 0  0  0 46  0  0  0]
 [ 0  0  0  0 32  0  0]
 [ 0  1  0  0  0 30  1]
 [ 0  0  0  0  0  0 22]]";0.8501184834123223;0.8371880176453537;"[[166   4   2  26  12   8   6]
 [  1 104   5   9   0   1   0]
 [  2   0 274   6   1   2   0]
 [ 16   4  11 477   4   3   4]
 [  8   2   0  36 208   3   0]
 [ 10   2   3  25   7 130   7]
 [ 10   0   0   4   3   6  76]]";0.8237454100367197;0.810610452380611;"[[ 77   3   1  12   5   4   4]
 [  3  53   3   7   0   0   0]
 [  1   0 122   3   0   0   0]
 [  8   5  10 217   5   1   0]
 [  2   3   0  18 105   0   0]
 [  8   1   2  15   2  58   4]
 [  4   0   0   2   3   5  41]]";203;[24 20 27 46 32 32 22]
335;Cora;own;0.5;0.2;64;0.5;1;0.005;1240197975;0.9857142857142858;0.984733972128223;"[[25  0  0  0  0  0  1]
 [ 0 21  0  0  0  0  0]
 [ 0  0 28  0  0  0  0]
 [ 0  0  0 47  0  1  0]
 [ 0  0  0  0 33  0  0]
 [ 0  1  0  0  0 31  0]
 [ 0  0  0  0  0  0 22]]";0.8530636525877454;0.8415938436727072;"[[168   4   2  25  10   9   5]
 [  1 101   6  10   0   1   0]
 [  1   0 273   6   1   3   0]
 [ 16   3  11 476   4   4   5]
 [  8   2   0  38 204   4   0]
 [ 13   0   3  19   6 138   4]
 [ 10   0   0   3   3   7  74]]";0.8212974296205631;0.807378190499346;"[[ 79   3   1  12   5   4   2]
 [  4  50   4   6   0   2   0]
 [  1   0 122   3   0   0   0]
 [  9   3  11 216   5   2   0]
 [  3   3   1  16 103   2   0]
 [  8   0   2  13   2  62   3]
 [  4   0   0   2   3   7  39]]";210;[26 21 28 48 33 32 22]
336;Cora;own;0.5;0.2;64;0.5;1;0.005;1240197975;0.9769585253456221;0.9743430077612424;"[[25  0  0  0  0  0  1]
 [ 0 22  0  0  0  0  0]
 [ 0  0 29  0  0  0  0]
 [ 0  0  0 48  0  1  0]
 [ 0  0  0  0 34  0  0]
 [ 0  1  0  0  0 32  0]
 [ 1  0  0  0  0  1 22]]";0.8566308243727598;0.8465328779866154;"[[168   4   4  23  12   7   5]
 [  2 102   4   9   0   1   0]
 [  1   0 273   9   1   2   0]
 [ 18   3  12 469   6   3   4]
 [  8   2   0  32 210   3   0]
 [ 10   3   3  17   7 137   3]
 [  9   0   0   3   4   6  75]]";0.8212974296205631;0.8086977808574835;"[[ 80   3   1  12   6   2   2]
 [  4  53   3   5   0   1   0]
 [  1   1 120   3   1   0   0]
 [ 13   5  10 209   6   3   0]
 [  2   3   0  14 108   1   0]
 [ 10   0   3   9   2  63   3]
 [  4   0   0   2   3   8  38]]";217;[26 22 29 49 34 33 24]
337;Cora;own;0.5;0.2;64;0.5;1;0.005;1240197975;0.9866071428571429;0.9843491021458765;"[[26  0  0  0  0  0  1]
 [ 0 23  0  0  0  0  0]
 [ 0  0 30  0  0  0  0]
 [ 0  0  0 50  0  0  0]
 [ 0  0  0  0 35  0  0]
 [ 0  1  0  0  0 33  0]
 [ 0  0  0  0  0  1 24]]";0.8572285542891421;0.8478606302468075;"[[165   4   4  24  10  10   4]
 [  2  98   5   9   0   3   0]
 [  1   0 273   7   1   2   0]
 [ 16   2  15 470   6   4   3]
 [  8   2   0  37 204   3   0]
 [  9   1   3  12   6 143   5]
 [  7   0   0   3   3   7  76]]";0.8212974296205631;0.8086506083557589;"[[ 79   3   1  12   5   3   3]
 [  4  49   5   5   0   3   0]
 [  1   0 122   3   0   0   0]
 [ 12   3  11 213   5   2   0]
 [  5   3   0  16 102   2   0]
 [  7   0   3  10   1  65   4]
 [  3   0   0   2   2   7  41]]";224;[27 23 30 50 35 34 25]
338;Cora;own;0.5;0.2;64;0.5;1;0.005;1240197975;0.987012987012987;0.986794731402644;"[[28  0  0  0  0  1  0]
 [ 0 24  0  0  0  0  0]
 [ 0  0 31  0  0  0  0]
 [ 0  0  0 51  0  0  0]
 [ 0  0  0  0 36  0  0]
 [ 0  1  0  1  0 32  0]
 [ 0  0  0  0  0  0 26]]";0.8493975903614458;0.8406738995534232;"[[167   5   3  24  10   7   4]
 [  2  97   5  11   0   3   0]
 [  1   0 270   9   1   2   0]
 [ 17   3  13 465   6   2   3]
 [  8   2   0  42 201   3   0]
 [ 16   1   3  14   6 136   3]
 [  9   0   1   5   3   3  74]]";0.8212974296205631;0.8112501026865708;"[[ 80   3   1  11   6   2   3]
 [  4  51   5   5   0   1   0]
 [  1   0 122   3   0   0   0]
 [ 12   3  11 214   4   2   0]
 [  4   3   0  21 100   0   0]
 [  8   0   3  10   2  63   4]
 [  5   0   0   2   2   5  41]]";231;[29 24 31 51 36 34 26]
339;Cora;own;0.5;0.2;64;0.5;1;0.005;1240197975;0.9915966386554622;0.9916366546618648;"[[30  0  0  0  0  0  0]
 [ 0 25  0  0  0  0  0]
 [ 0  0 32  0  0  0  0]
 [ 0  0  0 52  0  0  0]
 [ 0  0  0  0 37  0  0]
 [ 0  1  0  1  0 33  0]
 [ 0  0  0  0  0  0 27]]";0.852389594676346;0.8433932968473589;"[[167   3   2  23  14   5   4]
 [  2 100   4   9   0   3   0]
 [  1   0 269   9   1   2   0]
 [ 19   3  13 462   6   2   3]
 [  8   2   0  36 205   4   0]
 [ 17   1   3  13   7 132   4]
 [  9   0   0   4   4   4  74]]";0.8237454100367197;0.8127223145843997;"[[ 80   3   1  11   6   2   3]
 [  3  54   3   4   0   1   1]
 [  1   1 120   3   1   0   0]
 [ 12   3  12 211   7   1   0]
 [  3   3   0  16 105   1   0]
 [  9   0   3   9   2  63   4]
 [  6   0   0   1   3   5  40]]";238;[30 25 32 52 37 35 27]
340;Cora;own;0.5;0.2;64;0.5;1;0.005;1240197975;0.9795918367346939;0.9792477502205061;"[[33  0  0  0  0  0  0]
 [ 0 25  0  0  0  1  0]
 [ 0  0 33  0  0  0  0]
 [ 0  0  0 52  0  0  0]
 [ 0  1  0  1 37  0  0]
 [ 0  1  0  1  0 33  0]
 [ 0  0  0  0  0  0 27]]";0.8639125151883353;0.8580232726187715;"[[174   1   2  23   8   2   4]
 [  2  99   3  10   0   2   0]
 [  1   0 274   4   1   2   0]
 [ 22   2  13 461   6   2   3]
 [  9   2   0  38 202   3   0]
 [ 17   0   3  12   4 137   3]
 [  8   0   0   3   2   7  75]]";0.8212974296205631;0.8091866586721588;"[[ 84   3   1  10   3   1   4]
 [  3  51   6   4   0   2   0]
 [  1   0 122   3   0   0   0]
 [ 14   3  12 210   5   2   0]
 [  4   3   0  17 102   2   0]
 [ 10   0   2  10   2  62   4]
 [  7   0   0   1   2   5  40]]";245;[33 26 33 52 39 35 27]
341;Cora;own;0.5;0.2;64;0.5;1;0.005;1240197975;0.9761904761904762;0.9753199682145123;"[[33  0  0  0  0  0  0]
 [ 0 27  0  0  0  0  0]
 [ 0  0 34  0  0  0  0]
 [ 0  0  0 53  0  0  0]
 [ 0  1  0  1 38  0  0]
 [ 0  1  0  1  0 33  0]
 [ 1  0  0  0  0  1 28]]";0.8676021964612569;0.861169736565186;"[[173   1   2  22  10   1   5]
 [  2  99   3   9   0   2   0]
 [  1   0 273   6   1   2   0]
 [ 18   3  14 465   6   2   3]
 [  8   2   0  36 202   3   0]
 [ 17   0   3  10   3 136   3]
 [  7   0   0   4   3   5  74]]";0.8261933904528764;0.8200691873655032;"[[ 83   3   2  10   4   0   4]
 [  2  53   6   4   0   1   0]
 [  1   0 121   3   1   0   0]
 [ 14   3  13 208   7   1   0]
 [  4   3   0  15 105   1   0]
 [  9   0   3  11   2  61   4]
 [  3   0   0   2   2   4  44]]";252;[33 27 34 53 40 35 30]
342;Cora;own;0.5;0.2;64;0.5;1;0.005;1240197975;0.9806949806949807;0.9802642895446068;"[[34  0  0  0  0  0  0]
 [ 0 28  0  0  0  0  0]
 [ 0  0 34  0  0  0  0]
 [ 0  0  1 54  0  0  0]
 [ 0  1  0  0 40  0  0]
 [ 0  1  0  1  0 34  0]
 [ 0  0  0  0  0  1 30]]";0.8682598039215687;0.8604972858841501;"[[166   1   2  20  15   3   6]
 [  2  99   3   8   0   2   0]
 [  1   0 272   5   1   3   0]
 [ 19   3  16 453  14   2   3]
 [  6   2   0  24 215   3   0]
 [ 12   1   2   8   6 138   4]
 [  5   0   0   3   3   7  74]]";0.828641370869033;0.8233197144785345;"[[ 81   3   1  10   5   1   5]
 [  1  55   3   5   0   2   0]
 [  1   0 121   3   1   0   0]
 [ 15   4  12 201  12   2   0]
 [  2   3   0   9 112   2   0]
 [  7   0   3  11   2  63   4]
 [  2   0   0   2   3   4  44]]";259;[34 28 34 55 41 36 31]
343;Cora;own;0.5;0.2;64;0.5;1;0.005;1240197975;0.9774436090225563;0.9772247157426802;"[[34  0  0  0  0  0  0]
 [ 0 29  0  0  0  0  0]
 [ 0  0 35  0  0  1  0]
 [ 1  0  0 56  0  0  1]
 [ 0  0  0  0 42  0  0]
 [ 0  1  0  1  0 34  0]
 [ 0  0  0  0  0  1 30]]";0.8658461538461538;0.8612213588246226;"[[168   0   2  23  13   1   5]
 [  2  97   3   8   0   3   0]
 [  1   0 271   5   1   4   0]
 [ 18   3  17 459   7   2   2]
 [  8   1   0  34 205   2   0]
 [ 14   1   2  12   4 133   2]
 [  7   0   0   4   3   4  74]]";0.8323133414932681;0.8253652976845889;"[[ 81   2   1  11   5   1   5]
 [  3  53   3   5   0   2   0]
 [  1   0 121   3   1   0   0]
 [ 13   4  13 207   8   1   0]
 [  2   3   0  11 111   1   0]
 [  6   0   3  12   2  63   4]
 [  2   0   0   2   3   4  44]]";266;[34 29 36 58 42 36 31]
344;Cora;own;0.5;0.2;64;0.5;1;0.005;1240197975;0.978021978021978;0.9785924522999988;"[[34  0  0  0  0  0  0]
 [ 0 30  0  0  0  0  0]
 [ 0  0 36  0  0  1  0]
 [ 1  0  0 57  0  0  0]
 [ 0  0  0  1 43  0  0]
 [ 1  1  0  1  0 35  0]
 [ 0  0  0  0  0  0 32]]";0.8665018541409147;0.8634467505498397;"[[165   0   2  24  14   2   3]
 [  2  97   3   8   0   2   0]
 [  1   0 272   4   1   3   0]
 [ 18   3  19 455   7   2   2]
 [  6   1   1  34 205   2   1]
 [ 11   1   4  10   5 131   4]
 [  6   0   1   4   3   2  77]]";0.8335373317013464;0.8251728137119109;"[[ 80   2   1  12   5   1   5]
 [  2  55   3   4   0   2   0]
 [  1   1 120   3   1   0   0]
 [ 13   4  13 210   5   1   0]
 [  2   3   1  11 110   1   0]
 [  7   1   3  11   2  62   4]
 [  2   0   0   2   3   4  44]]";273;[34 30 37 58 44 38 32]
345;Cora;own;0.5;0.2;64;0.5;1;0.005;1240197975;0.9857142857142858;0.9860199793374119;"[[35  0  0  0  0  0  0]
 [ 0 31  0  0  0  0  0]
 [ 0  0 38  0  0  0  0]
 [ 0  0  0 59  0  0  0]
 [ 0  0  0  1 44  0  0]
 [ 1  1  0  1  0 36  0]
 [ 0  0  0  0  0  0 33]]";0.8659217877094972;0.8592459058854983;"[[162   0   3  24  15   3   3]
 [  2  95   3   9   0   3   0]
 [  1   0 272   4   1   3   0]
 [ 14   3  21 452   8   2   2]
 [  6   1   1  29 208   3   1]
 [ 10   0   5   8   5 134   3]
 [  6   0   1   4   3   6  72]]";0.8408812729498164;0.8353494600152266;"[[ 80   2   1  11   5   2   5]
 [  1  56   3   4   0   2   0]
 [  1   0 121   3   1   0   0]
 [ 12   3  15 210   5   1   0]
 [  2   3   1  10 110   2   0]
 [  5   0   3  11   2  66   3]
 [  2   0   0   2   3   4  44]]";280;[35 31 38 59 45 39 33]
346;Cora;own;0.5;0.2;64;0.5;1;0.005;1240197975;0.9860627177700348;0.9857586264214918;"[[35  0  0  1  0  0  0]
 [ 0 32  0  0  0  0  0]
 [ 0  0 39  0  0  0  0]
 [ 0  0  0 60  0  0  0]
 [ 0  0  0  0 45  0  0]
 [ 0  1  0  1  0 38  0]
 [ 1  0  0  0  0  0 34]]";0.8684538653366584;0.8626631350833971;"[[165   0   2  21  14   3   3]
 [  2  95   3   9   0   3   0]
 [  1   0 270   5   1   3   0]
 [ 17   2  19 452   7   3   2]
 [  6   1   1  29 207   3   1]
 [ 11   0   5   8   5 132   3]
 [  7   0   0   4   3   4  72]]";0.835985312117503;0.826459480826874;"[[ 82   2   1  10   4   2   5]
 [  3  54   3   4   0   2   0]
 [  1   1 120   3   1   0   0]
 [ 12   4  14 209   6   1   0]
 [  2   3   1   9 111   2   0]
 [  6   0   3  11   2  64   4]
 [  4   0   0   2   2   4  43]]";287;[36 32 39 60 45 40 35]
347;Cora;own;0.5;0.2;64;0.5;1;0.005;1240197975;0.9863945578231292;0.986924846219206;"[[35  0  0  1  0  0  0]
 [ 0 33  0  0  0  0  0]
 [ 0  0 40  0  0  0  0]
 [ 1  0  0 61  0  0  0]
 [ 0  0  0  0 46  0  0]
 [ 0  0  0  1  0 40  0]
 [ 1  0  0  0  0  0 35]]";0.8672510958046337;0.8614354735262266;"[[164   0   2  19  15   2   4]
 [  2  93   3   9   0   4   0]
 [  1   0 269   4   1   4   0]
 [ 17   3  21 447   7   4   3]
 [  7   1   1  28 206   3   1]
 [ 11   1   5   7   5 131   3]
 [  5   0   0   2   3   4  75]]";0.8372093023255814;0.828527255661165;"[[ 80   2   1  10   5   1   7]
 [  3  54   3   4   0   2   0]
 [  1   0 121   3   1   0   0]
 [ 12   4  15 209   5   1   0]
 [  2   3   1   9 111   2   0]
 [  6   0   3  11   2  64   4]
 [  2   0   0   2   2   4  45]]";294;[36 33 40 62 46 41 36]
348;Cora;own;0.5;0.2;64;0.5;1;0.005;1240197975;0.9900332225913622;0.9902949102493185;"[[37  0  0  0  0  0  0]
 [ 0 34  0  0  0  0  0]
 [ 0  0 41  0  0  0  0]
 [ 1  0  0 62  0  0  0]
 [ 0  0  0  0 47  0  0]
 [ 0  0  0  1  0 41  0]
 [ 1  0  0  0  0  0 36]]";0.8679245283018868;0.8604740869550478;"[[163   0   2  19  15   2   4]
 [  4  90   3   8   0   5   0]
 [  1   0 268   4   1   4   0]
 [ 17   2  21 449   7   3   2]
 [  7   1   1  27 206   3   1]
 [ 11   0   4   7   5 133   2]
 [  7   0   0   3   3   4  71]]";0.835985312117503;0.8287124861132545;"[[ 82   2   1  10   6   1   4]
 [  3  53   4   4   0   2   0]
 [  1   0 121   3   1   0   0]
 [ 12   4  15 209   5   1   0]
 [  2   3   1  11 110   1   0]
 [  6   0   3  11   2  65   3]
 [  4   0   0   2   2   4  43]]";301;[37 34 41 63 47 42 37]
349;Cora;own;0.5;0.2;64;0.5;1;0.005;1240197975;0.987012987012987;0.9876558135897299;"[[38  0  0  0  0  0  0]
 [ 0 35  0  0  0  0  0]
 [ 0  0 41  0  0  0  0]
 [ 1  0  1 62  0  0  0]
 [ 0  0  0  0 49  0  0]
 [ 0  0  0  1  0 42  0]
 [ 1  0  0  0  0  0 37]]";0.8654453569172458;0.8572049718976311;"[[160   0   2  20  17   2   4]
 [  4  91   3   8   0   4   0]
 [  1   0 267   3   1   4   0]
 [ 18   4  19 441  11   3   3]
 [  9   2   0  22 207   3   1]
 [ 11   0   3   7   5 133   3]
 [  7   0   0   2   3   4  71]]";0.8421052631578947;0.8334012023587137;"[[ 83   2   1   9   5   0   6]
 [  3  55   3   3   0   2   0]
 [  1   1 120   3   1   0   0]
 [ 13   5  13 208   6   1   0]
 [  2   3   0   9 113   1   0]
 [  6   0   3  10   2  65   4]
 [  3   0   0   2   2   4  44]]";308;[38 35 41 64 49 43 38]
350;Cora;own;0.5;0.2;64;0.5;1;0.005;1240197975;0.9904761904761905;0.9907703452245987;"[[39  0  0  0  0  0  0]
 [ 0 36  0  0  0  0  0]
 [ 0  0 42  0  0  0  0]
 [ 1  0  0 64  0  0  0]
 [ 0  0  0  0 49  0  0]
 [ 0  0  0  1  0 44  0]
 [ 1  0  0  0  0  0 38]]";0.8718274111675127;0.8639053683906194;"[[159   0   2  20  17   3   3]
 [  4  89   3   8   0   5   0]
 [  1   0 265   3   1   4   0]
 [ 17   2  17 446  11   3   2]
 [  5   1   0  22 212   3   1]
 [ 11   0   5   7   3 133   2]
 [  5   0   0   3   3   5  70]]";0.8372093023255814;0.8302272502718376;"[[ 82   2   1   9   6   2   4]
 [  3  54   4   3   0   2   0]
 [  1   1 120   3   1   0   0]
 [ 12   4  14 207   8   1   0]
 [  2   3   0  10 112   1   0]
 [  5   0   3  11   2  66   3]
 [  3   0   0   2   3   4  43]]";315;[39 36 42 65 49 45 39]
351;Cora;own;0.5;0.2;64;0.5;1;0.005;1240197975;0.9906832298136646;0.9907648691179771;"[[40  0  0  0  0  0  0]
 [ 0 37  0  0  0  0  0]
 [ 0  0 43  0  0  0  0]
 [ 0  0  0 66  0  0  0]
 [ 0  0  0  0 50  1  0]
 [ 0  0  0  1  0 44  0]
 [ 1  0  0  0  0  0 39]]";0.8667941363926067;0.8599938923877748;"[[159   0   2  21  16   2   3]
 [  4  89   3   8   0   4   0]
 [  1   0 263   3   0   4   0]
 [ 17   4  19 444   9   3   2]
 [  8   1   1  28 203   1   1]
 [ 11   0   5   6   3 132   4]
 [  6   0   0   3   2   4  70]]";0.8421052631578947;0.8339723638105294;"[[ 83   2   1   9   5   0   6]
 [  3  54   4   3   0   2   0]
 [  1   1 120   3   1   0   0]
 [ 13   4  13 209   6   1   0]
 [  2   3   1  10 111   1   0]
 [  5   0   2  10   2  67   4]
 [  3   0   0   2   2   4  44]]";322;[40 37 43 66 51 45 40]
352;Cora;own;0.5;0.2;64;0.5;1;0.005;1240197975;0.9878419452887538;0.9874945521134757;"[[41  0  0  0  1  0  0]
 [ 0 38  0  0  0  0  0]
 [ 0  0 44  0  0  0  0]
 [ 0  0  0 67  0  0  0]
 [ 0  0  0  0 51  0  0]
 [ 0  0  0  1  0 44  0]
 [ 1  0  0  0  0  1 40]]";0.8719590268886044;0.861409263217774;"[[156   2   1  20  16   2   4]
 [  4  88   3   8   0   4   0]
 [  1   0 262   4   0   3   1]
 [ 15   2  16 447  10   3   3]
 [  7   1   0  24 208   1   1]
 [ 11   0   4   6   4 132   4]
 [  6   0   0   2   2   5  69]]";0.847001223990208;0.8378606935328322;"[[ 82   2   1   9   5   0   7]
 [  2  56   3   3   0   2   0]
 [  1   1 120   3   1   0   0]
 [ 10   4  13 211   6   2   0]
 [  2   3   0   9 113   1   0]
 [  5   0   2  11   2  66   4]
 [  3   0   0   2   2   4  44]]";329;[42 38 44 67 51 45 42]
353;Cora;own;0.5;0.2;64;0.5;1;0.005;1240197975;0.9851190476190477;0.9848897737172242;"[[43  0  0  0  1  0  0]
 [ 0 38  0  0  0  0  0]
 [ 0  0 45  0  0  0  0]
 [ 0  0  0 67  0  0  0]
 [ 0  0  0  1 53  0  0]
 [ 0  0  1  0  0 45  0]
 [ 1  0  0  0  0  1 40]]";0.8720257234726688;0.8626366389013301;"[[158   0   2  19  16   3   2]
 [  4  86   3   8   0   4   0]
 [  1   0 263   3   0   3   0]
 [ 17   2  18 443  11   3   2]
 [  7   1   1  22 208   2   0]
 [ 11   0   4   5   4 133   2]
 [  7   0   0   2   2   8  65]]";0.8408812729498164;0.8343603049424698;"[[ 82   2   2  10   6   0   4]
 [  2  54   5   3   0   2   0]
 [  1   0 121   3   1   0   0]
 [ 10   4  15 208   7   2   0]
 [  2   3   1   9 112   1   0]
 [  5   0   2  11   2  67   3]
 [  4   0   0   2   2   4  43]]";336;[44 38 45 67 54 46 42]
354;Cora;own;0.5;0.2;64;0.5;1;0.005;1240197975;0.9825072886297376;0.9826118470678679;"[[44  0  0  0  0  0  0]
 [ 0 39  0  0  0  0  0]
 [ 0  0 46  0  0  0  0]
 [ 0  0  0 68  0  0  0]
 [ 1  0  0  1 54  0  0]
 [ 0  0  1  1  0 45  0]
 [ 1  0  0  0  0  1 41]]";0.8688630490956072;0.8575795206338831;"[[161   0   1  19  13   3   3]
 [  4  86   3   8   0   3   0]
 [  1   0 261   3   0   3   1]
 [ 18   3  18 441   9   3   3]
 [  7   1   1  25 203   1   1]
 [ 12   0   4   6   3 129   4]
 [  8   0   0   3   2   6  64]]";0.8445532435740514;0.8384602444024899;"[[ 83   2   1  10   4   0   6]
 [  2  56   3   3   0   2   0]
 [  1   1 120   3   1   0   0]
 [ 11   3  14 210   6   2   0]
 [  3   3   1  10 110   1   0]
 [  5   0   2  11   2  66   4]
 [  3   0   0   2   1   4  45]]";343;[44 39 46 68 56 47 43]
355;Cora;own;0.5;0.2;64;0.5;1;0.005;1240197975;0.9857142857142858;0.9866474636786516;"[[45  0  0  0  1  0  0]
 [ 0 40  0  0  0  0  0]
 [ 0  0 47  1  0  0  0]
 [ 0  0  0 68  0  0  0]
 [ 0  0  0  1 55  0  0]
 [ 0  0  0  1  0 46  1]
 [ 0  0  0  0  0  0 44]]";0.8669695003244646;0.8548009318057531;"[[153   1   1  20  15   5   3]
 [  4  83   3   8   1   4   0]
 [  1   0 260   3   0   3   1]
 [ 15   3  21 436  12   4   3]
 [  2   2   1  22 208   2   2]
 [ 11   0   3   5   4 132   2]
 [  6   0   0   3   2   7  64]]";0.8421052631578947;0.837982080610529;"[[ 81   2   1  10   5   1   6]
 [  2  55   3   3   1   2   0]
 [  1   1 120   3   1   0   0]
 [ 10   4  16 205   7   4   0]
 [  2   3   1   9 112   1   0]
 [  4   0   2  10   2  69   3]
 [  2   0   0   2   1   4  46]]";350;[46 40 48 68 56 48 44]
356;Cora;own;0.5;0.2;64;0.5;1;0.005;1240197975;0.9859943977591037;0.9863631982689204;"[[46  0  0  0  1  0  0]
 [ 0 41  0  0  1  0  0]
 [ 0  0 49  0  0  0  0]
 [ 0  0  0 69  0  0  0]
 [ 0  0  0  1 55  0  0]
 [ 0  0  0  1  0 47  1]
 [ 0  0  0  0  0  0 45]]";0.8676662320730117;0.8557504806241308;"[[156   1   1  19  14   3   3]
 [  4  83   3   8   0   3   0]
 [  1   0 260   2   0   3   1]
 [ 16   3  22 436  10   3   3]
 [  5   1   1  23 206   2   1]
 [ 11   0   4   6   4 127   4]
 [  7   0   0   3   2   6  63]]";0.8457772337821298;0.8408022431996024;"[[ 81   2   1  10   5   1   6]
 [  2  56   3   3   0   2   0]
 [  1   0 121   3   1   0   0]
 [ 11   3  16 209   6   1   0]
 [  2   3   1   9 112   1   0]
 [  5   0   2  11   2  66   4]
 [  3   0   0   2   1   3  46]]";357;[47 42 49 69 56 49 45]
357;Cora;own;0.5;0.2;64;0.5;1;0.005;1240197975;0.9862637362637363;0.9864254311592414;"[[47  0  0  0  1  0  1]
 [ 0 43  0  0  0  0  0]
 [ 0  0 50  0  0  0  0]
 [ 0  0  0 69  0  0  1]
 [ 0  0  0  1 56  0  0]
 [ 0  0  0  0  0 49  1]
 [ 0  0  0  0  0  0 45]]";0.8664047151277013;0.8547849378652532;"[[152   2   1  17  15   6   2]
 [  4  83   2   7   0   3   0]
 [  1   0 260   2   0   3   1]
 [ 17   3  21 431  12   4   4]
 [  5   1   1  22 206   2   1]
 [ 11   0   4   5   4 127   4]
 [  6   0   0   2   2   7  64]]";0.8408812729498164;0.8404491671343387;"[[ 81   2   1  10   5   1   6]
 [  2  57   3   2   0   2   0]
 [  1   0 121   3   1   0   0]
 [ 13   3  16 201   9   4   0]
 [  2   3   1   9 112   1   0]
 [  5   0   2  10   2  67   4]
 [  2   0   0   2   1   2  48]]";364;[49 43 50 70 57 50 45]
358;Cora;own;0.5;0.2;64;0.5;1;0.005;1240197975;0.9892183288409704;0.9896279311003858;"[[49  0  0  0  1  0  0]
 [ 0 44  0  0  0  0  0]
 [ 0  0 51  0  0  0  0]
 [ 0  0  0 70  1  0  1]
 [ 0  0  0  0 57  0  0]
 [ 0  0  0  0  0 50  1]
 [ 0  0  0  0  0  0 46]]";0.8730263157894737;0.8624660665001017;"[[157   1   1  18  13   3   1]
 [  4  80   2   8   0   4   0]
 [  1   0 259   2   0   3   1]
 [ 17   2  21 435  11   3   2]
 [  5   1   1  21 207   2   0]
 [ 12   0   3   5   4 128   2]
 [  7   0   0   3   2   7  61]]";0.8457772337821298;0.8411428079607594;"[[ 83   2   1   9   5   0   6]
 [  2  55   3   4   0   2   0]
 [  1   0 121   3   1   0   0]
 [ 12   3  15 207   7   2   0]
 [  2   3   1   9 112   1   0]
 [  5   0   2  10   2  68   3]
 [  3   0   0   2   1   4  45]]";371;[50 44 51 72 57 51 46]
359;Cora;own;0.5;0.2;64;0.5;1;0.005;1240197975;0.9814814814814815;0.9826012195622716;"[[48  0  0  0  2  0  0]
 [ 0 45  0  0  0  0  0]
 [ 0  0 52  0  0  0  0]
 [ 0  0  1 69  2  0  1]
 [ 0  0  0  0 58  0  0]
 [ 0  0  0  0  0 52  1]
 [ 0  0  0  0  0  0 47]]";0.8691341705221415;0.8569552027806411;"[[152   2   2  18  13   5   1]
 [  3  80   2   8   1   4   0]
 [  0   0 258   3   0   3   2]
 [ 16   4  22 426  14   3   4]
 [  3   2   1  17 210   2   1]
 [  8   0   4   6   4 126   4]
 [  5   0   0   3   2   6  63]]";0.847001223990208;0.8444030345804743;"[[ 81   2   1  10   6   0   6]
 [  0  59   3   2   0   2   0]
 [  1   1 120   3   1   0   0]
 [ 10   5  18 203   8   2   0]
 [  2   3   1   6 115   1   0]
 [  5   0   2  10   2  67   4]
 [  2   0   0   2   1   3  47]]";378;[50 45 52 73 58 53 47]
360;Cora;own;0.5;0.2;64;0.5;1;0.005;1240197975;0.9896103896103896;0.9901568812090337;"[[51  0  0  0  1  0  0]
 [ 0 46  0  0  0  0  0]
 [ 0  0 52  0  0  0  0]
 [ 0  0  0 72  1  1  0]
 [ 0  0  0  0 59  0  0]
 [ 0  0  0  0  0 53  1]
 [ 0  0  0  0  0  0 48]]";0.8691899070385126;0.8575402061731582;"[[154   2   1  18  11   4   1]
 [  4  76   2   8   1   5   0]
 [  1   0 258   3   0   3   1]
 [ 17   3  17 430  11   4   2]
 [  8   1   1  22 202   2   0]
 [ 10   0   3   9   3 129   1]
 [  6   0   0   2   2   8  60]]";0.8494492044063647;0.8455905554354063;"[[ 81   2   1  10   5   2   5]
 [  0  59   3   2   0   2   0]
 [  1   1 120   3   1   0   0]
 [ 11   4  13 207   7   4   0]
 [  2   3   1   9 112   1   0]
 [  5   0   2   8   2  70   3]
 [  3   0   0   2   1   4  45]]";385;[52 46 52 74 59 54 48]
361;Cora;own;0.5;0.2;64;0.5;1;0.005;1240197975;0.9795918367346939;0.9800789183307526;"[[51  0  0  0  1  0  0]
 [ 1 46  0  0  0  0  0]
 [ 0  0 53  0  0  0  0]
 [ 0  1  0 72  2  1  0]
 [ 0  0  0  0 60  0  0]
 [ 0  0  0  0  0 53  1]
 [ 0  0  0  0  0  1 49]]";0.8712474983322215;0.8615741867814233;"[[148   3   1  18  14   5   2]
 [  3  79   2   7   1   3   0]
 [  1   0 256   3   0   2   1]
 [ 15   2  24 422  14   4   3]
 [  4   1   1  16 210   2   1]
 [  8   0   4   6   4 130   3]
 [  5   0   0   3   2   5  61]]";0.8372093023255814;0.8343485083651124;"[[ 81   2   1  10   6   1   5]
 [  0  59   3   2   0   2   0]
 [  1   1 120   3   1   0   0]
 [ 11   4  18 200  10   3   0]
 [  2   3   1   8 113   1   0]
 [  5   0   2  10   2  67   4]
 [  2   0   0   2   2   5  44]]";392;[52 47 53 76 60 54 50]
362;Cora;own;0.5;0.2;64;0.5;1;0.005;1240197975;0.9824561403508771;0.9826568489255657;"[[52  0  0  0  1  0  0]
 [ 0 48  0  0  0  0  0]
 [ 0  0 53  1  0  0  0]
 [ 0  1  0 76  0  0  0]
 [ 1  0  0  0 60  0  0]
 [ 0  0  0  1  0 53  1]
 [ 0  0  0  0  0  1 50]]";0.871313672922252;0.8606396858626428;"[[152   2   1  19  13   2   2]
 [  3  76   2   7   0   5   0]
 [  1   0 254   3   0   3   1]
 [ 12   2  20 429   9   8   3]
 [  5   1   1  24 200   2   1]
 [  9   0   4   5   4 129   3]
 [  5   0   0   3   2   5  60]]";0.8445532435740514;0.839395509667887;"[[ 82   2   1   9   5   1   6]
 [  1  57   3   3   0   2   0]
 [  1   1 120   3   1   0   0]
 [ 11   3  16 207   3   6   0]
 [  3   3   1   9 111   1   0]
 [  5   0   2  10   2  67   4]
 [  1   0   0   2   1   5  46]]";399;[53 48 54 77 61 55 51]
363;Cora;own;0.5;0.2;64;0.5;1;0.005;1240197975;0.9852216748768473;0.9857675972740736;"[[53  0  0  0  1  0  0]
 [ 0 48  0  0  0  0  0]
 [ 0  0 53  1  0  0  0]
 [ 0  2  0 79  0  0  0]
 [ 0  0  0  0 61  0  0]
 [ 0  0  0  1  0 54  1]
 [ 0  0  0  0  0  0 52]]";0.8767676767676768;0.8619668449363543;"[[151   3   1  17  13   2   2]
 [  2  75   2   8   0   5   0]
 [  1   0 253   3   0   3   1]
 [ 14   2   8 434  15   6   3]
 [  8   2   0  18 204   1   1]
 [ 11   0   3   6   4 126   3]
 [  5   0   0   3   2   5  59]]";0.8482252141982864;0.8419008069811454;"[[ 82   2   1   9   5   1   6]
 [  1  55   3   4   1   2   0]
 [  1   0 121   3   1   0   0]
 [ 10   4  11 207  10   4   0]
 [  1   3   0   8 115   1   0]
 [  5   0   2  10   2  67   4]
 [  1   0   0   2   1   5  46]]";406;[54 48 54 81 61 56 52]
364;Cora;own;0.5;0.2;64;0.5;1;0.005;1240197975;0.9854721549636803;0.9852342706976852;"[[53  0  0  0  1  0  0]
 [ 0 49  0  0  0  0  0]
 [ 0  0 55  0  0  0  0]
 [ 0  1  0 81  0  0  0]
 [ 0  0  0  0 62  0  0]
 [ 1  0  0  1  0 53  2]
 [ 0  0  0  0  0  0 54]]";0.878213802435724;0.865876444444521;"[[150   3   1  18  13   2   2]
 [  2  75   2   8   0   4   0]
 [  0   0 252   3   0   2   2]
 [ 14   1  13 433  13   4   4]
 [  6   1   1  19 204   1   1]
 [ 10   0   4   6   4 124   4]
 [  5   0   0   2   2   3  60]]";0.8506731946144431;0.8448294226865822;"[[ 82   2   1  10   5   0   6]
 [  1  55   4   4   1   1   0]
 [  1   0 121   3   1   0   0]
 [ 11   4  12 210   6   3   0]
 [  3   3   1   7 113   1   0]
 [  5   0   2  10   2  65   6]
 [  1   0   0   2   1   2  49]]";413;[54 49 55 82 62 57 54]
365;Cora;own;0.5;0.2;64;0.5;1;0.005;1240197975;0.9833333333333333;0.9827151104829245;"[[53  0  0  0  2  0  0]
 [ 0 50  0  0  0  0  0]
 [ 0  0 55  0  0  0  1]
 [ 0  0  0 85  0  0  0]
 [ 0  0  0  0 62  0  0]
 [ 1  0  0  1  0 54  2]
 [ 0  0  0  0  0  0 54]]";0.8851121685927941;0.8717337274125682;"[[147   3   1  21  11   3   2]
 [  2  74   2   8   0   4   0]
 [  1   0 250   3   0   3   0]
 [ 11   1  10 443   9   8   2]
 [  4   1   0  20 205   2   1]
 [  8   0   3   5   3 125   3]
 [  6   0   0   2   2   4  58]]";0.8494492044063647;0.8428928394992317;"[[ 79   2   1  12   6   2   4]
 [  2  53   3   5   1   2   0]
 [  1   1 119   4   1   0   0]
 [ 10   3  10 215   5   3   0]
 [  2   3   0   9 113   1   0]
 [  4   0   2  10   2  68   4]
 [  3   0   0   2   0   3  47]]";420;[55 50 56 85 62 58 54]
366;Cora;own;0.5;0.2;64;0.5;1;0.005;784866329;0.0;0.0;[[]];0.09201480698043363;0.04470214125639683;"[[  0 211   0   2   9  12  11]
 [  0 145   0   0   3   1   2]
 [  0 200   0   3  21  27  41]
 [  0 423   0   7  37  20  85]
 [  5 224   0  10  18  33   8]
 [  1 172   0   0  31   2   2]
 [  0 114   0   1   7   1   2]]";0.09179926560587515;0.04913027806801792;"[[  0  91   0   1   1   6   7]
 [  0  60   0   0   2   1   3]
 [  0  88   0   0  13  13  12]
 [  0 178   1   2  18  12  35]
 [  1  89   0  10  10  16   2]
 [  0  74   0   0  12   1   3]
 [  0  49   0   0   1   3   2]]";0;[]
367;Cora;own;0.5;0.2;64;0.5;1;0.005;784866329;1.0;1.0;"[[1 0 0 0]
 [0 1 0 0]
 [0 0 3 0]
 [0 0 0 2]]";0.46549893842887474;0.2502991000857366;"[[286   0   0  17   3   0   0]
 [ 56   0   0  86   0   0   0]
 [151   0   4 132   0   0   0]
 [115   0   0 465   3   0   0]
 [ 64   0   0  92 122   0   0]
 [180   0   0   0   4   0   0]
 [103   0   0   1   0   0   0]]";0.40269277845777235;0.2242234035335417;"[[ 96   0   0   8   2   0   0]
 [ 21   0   0  45   0   0   0]
 [ 79   0   0  47   0   0   0]
 [ 66   0   0 178   2   0   0]
 [ 35   0   0  38  55   0   0]
 [ 89   0   0   0   1   0   0]
 [ 55   0   0   0   0   0   0]]";7;[1 0 1 3 2]
368;Cora;own;0.5;0.2;64;0.5;1;0.005;784866329;0.7857142857142857;0.6047619047619047;"[[2 0 0 1 0]
 [1 1 0 0 0]
 [0 0 5 0 0]
 [0 0 0 3 0]
 [0 1 0 0 0]]";0.3830580713905168;0.20697251401445743;"[[380   0   0   1   2   0   0]
 [119   0   0  15   0   0   0]
 [242   0   1  48   0   0   0]
 [290   0   0 261   2   0   0]
 [144   0   0  38  77   0   0]
 [167   0   2   0   0   0   0]
 [ 88   0   0   0   0   0   0]]";0.2937576499388005;0.17714194373401534;"[[103   0   0   2   1   0   0]
 [ 55   0   0  11   0   0   0]
 [108   0   0  18   0   0   0]
 [146   0   0  98   2   0   0]
 [ 73   0   0  16  39   0   0]
 [ 90   0   0   0   0   0   0]
 [ 55   0   0   0   0   0   0]]";14;[3 0 2 5 3 1]
369;Cora;own;0.5;0.2;64;0.5;1;0.005;784866329;0.7142857142857143;0.57;"[[3 0 0 1 0]
 [1 2 2 0 0]
 [0 0 6 1 0]
 [0 0 0 4 0]
 [0 1 0 0 0]]";0.4032085561497326;0.23765633528746782;"[[327   0   0   2   4   0   0]
 [ 38   0   0  25   0   0   0]
 [292   0   0 185  23   0   0]
 [210   0   0 265  23   0   0]
 [ 76   0   0  14 162   0   0]
 [130   0   2   0   4   0   0]
 [ 86   0   0   0   2   0   0]]";0.3561811505507956;0.21285281974261563;"[[101   0   0   3   2   0   0]
 [ 39   0   0  27   0   0   0]
 [ 79   0   0  37  10   0   0]
 [114   0   0 116  16   0   0]
 [ 44   0   0  10  74   0   0]
 [ 87   0   0   2   1   0   0]
 [ 55   0   0   0   0   0   0]]";21;[4 0 5 7 4 1]
370;Cora;own;0.5;0.2;64;0.5;1;0.005;784866329;0.8214285714285714;0.6855555555555555;"[[3 1 0 0 0]
 [0 7 0 0 0]
 [0 2 9 0 0]
 [0 0 0 4 0]
 [1 1 0 0 0]]";0.45786366076221147;0.27628461844856955;"[[215   0  96   0   0   0   0]
 [  1   0  64   0   0   0   0]
 [ 10   0 457   0   0   0   0]
 [ 14   0 386 125   1   0   0]
 [ 22   0 169   6  56   0   0]
 [ 20   0 132   0   0   0   0]
 [ 27   0  62   0   0   0   0]]";0.3023255813953488;0.2109514171928483;"[[ 56   0  48   2   0   0   0]
 [  0   0  66   0   0   0   0]
 [  0   0 126   0   0   0   0]
 [  7   0 201  36   2   0   0]
 [  8   0  86   5  29   0   0]
 [ 10   0  80   0   0   0   0]
 [ 23   0  32   0   0   0   0]]";28;[ 4  0  7 11  4  2]
371;Cora;own;0.5;0.2;64;0.5;1;0.005;784866329;0.8571428571428571;0.5123560535325241;"[[ 4  0  0  0  0  0  0]
 [ 0  0  1  0  0  0  0]
 [ 0  0  7  0  0  0  0]
 [ 0  0  1 13  0  0  0]
 [ 0  0  0  0  6  0  0]
 [ 1  0  1  0  0  0  0]
 [ 1  0  0  0  0  0  0]]";0.5797413793103449;0.3823971051885931;"[[203   0  44   1   1   0   0]
 [  5   0 132   4   0   0   0]
 [  1   0 398   1   0   0   0]
 [ 30   0 147 337   4   0   0]
 [ 43   0  47  30 138   0   0]
 [ 25   0 133   0   1   0   0]
 [ 66   0  63   1   1   0   0]]";0.48592411260709917;0.3291490954911577;"[[ 68   0  34   3   1   0   0]
 [  1   0  62   3   0   0   0]
 [  0   0 125   1   0   0   0]
 [ 19   0  84 140   3   0   0]
 [ 28   0  25  11  64   0   0]
 [ 11   0  79   0   0   0   0]
 [ 35   0  20   0   0   0   0]]";35;[ 4  1  7 14  6  2  1]
372;Cora;own;0.5;0.2;64;0.5;1;0.005;784866329;0.8333333333333334;0.49591952165481573;"[[ 5  0  0  0  0  0  0]
 [ 0  0  1  0  0  0  0]
 [ 0  0  7  0  0  0  0]
 [ 1  0  1 15  0  0  0]
 [ 0  0  0  0  8  0  0]
 [ 1  0  1  0  0  0  0]
 [ 1  0  0  0  1  0  0]]";0.5759870200108167;0.38138321823045523;"[[212   0  37   2   1   0   0]
 [ 13   0 125   3   0   0   0]
 [  0   0 399   0   0   0   0]
 [ 49   0 163 290  13   0   0]
 [ 54   0  26  16 164   0   0]
 [ 33   0 127   0   1   0   0]
 [ 74   0  47   0   0   0   0]]";0.4749082007343941;0.3241466970375259;"[[ 73   0  29   3   1   0   0]
 [  3   0  60   3   0   0   0]
 [  0   0 126   0   0   0   0]
 [ 33   0  89 115   9   0   0]
 [ 32   0  15   7  74   0   0]
 [ 15   0  75   0   0   0   0]
 [ 38   0  17   0   0   0   0]]";42;[ 5  1  7 17  8  2  2]
373;Cora;own;0.5;0.2;64;0.5;1;0.005;784866329;0.7959183673469388;0.47702589807852963;"[[ 5  0  0  0  0  0  0]
 [ 1  0  1  0  0  0  0]
 [ 0  0  7  0  0  0  0]
 [ 1  0  1 18  0  0  0]
 [ 0  0  0  0  9  0  0]
 [ 1  0  2  0  0  0  0]
 [ 2  0  0  0  1  0  0]]";0.5846905537459284;0.38137831663707367;"[[212   0  28   2   1   0   0]
 [ 27   0 104  11   1   0   0]
 [  0   0 385   1   0   0   0]
 [ 52   0 123 334   7   0   0]
 [ 71   0  11  28 146   0   0]
 [ 47   0 108   0   1   0   0]
 [101   0  40   1   0   0   0]]";0.5030599755201959;0.33475616793545326;"[[ 80   0  22   3   1   0   0]
 [  9   0  53   4   0   0   0]
 [  2   0 123   1   0   0   0]
 [ 30   0  68 143   5   0   0]
 [ 41   0  11  11  65   0   0]
 [ 26   0  64   0   0   0   0]
 [ 41   0  14   0   0   0   0]]";49;[ 5  2  7 20  9  3  3]
374;Cora;own;0.5;0.2;64;0.5;1;0.005;784866329;0.7857142857142857;0.4716745781504453;"[[ 5  0  0  0  0  0  0]
 [ 0  0  2  0  1  0  0]
 [ 0  0  7  0  0  0  0]
 [ 1  0  1 18  0  0  0]
 [ 0  0  0  0 14  0  0]
 [ 1  0  1  0  1  0  0]
 [ 2  0  1  0  1  0  0]]";0.5956403269754769;0.39168965864191563;"[[193   0  29   2  11   0   0]
 [ 25   0  93   6  22   0   0]
 [  0   0 380   0   0   0   0]
 [ 33   0 138 291  43   0   0]
 [ 19   0  12  12 229   0   0]
 [ 48   0 107   0   2   0   0]
 [ 87   0  48   2   3   0   0]]";0.5238678090575275;0.3518770799840786;"[[ 71   0  26   3   6   0   0]
 [  5   0  52   3   6   0   0]
 [  2   0 124   0   0   0   0]
 [ 19   0  76 128  23   0   0]
 [  9   0   9   5 105   0   0]
 [ 25   0  64   0   1   0   0]
 [ 39   0  16   0   0   0   0]]";56;[ 5  3  7 20 14  3  4]
375;Cora;own;0.5;0.2;64;0.5;1;0.005;784866329;0.7936507936507936;0.4831331469482982;"[[ 7  0  0  0  0  0  0]
 [ 2  0  2  1  0  0  0]
 [ 0  0  7  0  0  0  0]
 [ 1  0  0 22  0  0  0]
 [ 0  0  0  0 14  0  0]
 [ 2  0  1  0  0  0  0]
 [ 3  0  0  0  1  0  0]]";0.6072210065645515;0.39665436723343533;"[[205   0  22   5   6   0   0]
 [ 56   0  62  16  11   0   0]
 [  1   0 375   1   0   0   0]
 [ 47   0 105 337  18   0   0]
 [ 48   0   8  17 193   0   0]
 [ 57   0  98   1   1   0   0]
 [106   0  24   8   0   0   0]]";0.5471236230110159;0.36629864493338654;"[[ 85   0  16   3   2   0   0]
 [ 24   0  34   5   3   0   0]
 [  2   0 123   1   0   0   0]
 [ 26   0  64 145  11   0   0]
 [ 21   0   7   6  94   0   0]
 [ 32   0  58   0   0   0   0]
 [ 44   0  10   1   0   0   0]]";63;[ 7  5  7 23 14  3  4]
376;Cora;own;0.5;0.2;64;0.5;1;0.005;784866329;0.7714285714285715;0.47020562770562774;"[[ 8  0  1  0  0  0  0]
 [ 2  0  2  2  0  0  0]
 [ 0  0  7  0  0  0  0]
 [ 0  0  0 24  0  0  0]
 [ 0  0  0  0 15  0  0]
 [ 1  0  2  0  0  0  0]
 [ 2  0  2  0  2  0  0]]";0.6309719934102141;0.41000072173118834;"[[203   0  21  10   6   0   0]
 [ 42   0  62  29  14   0   0]
 [  0   0 371   2   0   0   0]
 [ 33   0  81 379  10   0   0]
 [ 40   0   9  23 196   0   0]
 [ 43   0 111   2   1   0   0]
 [ 92   0  33   8   0   0   0]]";0.5703794369645043;0.37878467884912065;"[[ 79   0  19   6   2   0   0]
 [ 19   0  36   8   3   0   0]
 [  2   0 123   1   0   0   0]
 [ 18   0  53 168   7   0   0]
 [ 18   0   7   7  96   0   0]
 [ 26   0  63   1   0   0   0]
 [ 40   0  14   1   0   0   0]]";70;[ 9  6  7 24 15  3  6]
377;Cora;own;0.5;0.2;64;0.5;1;0.005;784866329;0.7532467532467533;0.482941213375996;"[[ 9  0  0  0  0  0  0]
 [ 1  0  1  3  1  0  0]
 [ 0  0  8  0  0  0  0]
 [ 1  0  0 25  0  0  0]
 [ 0  0  0  0 16  0  0]
 [ 1  0  1  0  1  0  0]
 [ 2  0  0  1  6  0  0]]";0.6681367144432194;0.42574279822549516;"[[191   0  20  15   8   0   0]
 [ 23   0  42  43  29   0   0]
 [  2   0 364   3   0   0   0]
 [ 21   0  51 436  21   0   0]
 [ 14   0   3  29 221   0   0]
 [ 36   0 101   9   4   0   0]
 [ 75   0  25  14  14   0   0]]";0.6303549571603427;0.4088445308943509;"[[ 79   0  17   6   4   0   0]
 [ 10   0  24  21  11   0   0]
 [  2   0 122   2   0   0   0]
 [  8   0  28 201   9   0   0]
 [  4   0   3   8 113   0   0]
 [ 24   0  60   5   1   0   0]
 [ 37   0  11   2   5   0   0]]";77;[ 9  6  8 26 16  3  9]
378;Cora;own;0.5;0.2;64;0.5;1;0.005;784866329;0.8452380952380952;0.6332439490334227;"[[10  0  0  0  0  0  0]
 [ 2  0  2  3  0  0  0]
 [ 0  0  8  0  0  0  0]
 [ 1  0  0 26  0  0  0]
 [ 0  0  0  0 17  0  0]
 [ 1  0  1  1  0  0  0]
 [ 2  0  0  0  0  0 10]]";0.6828998339789707;0.4625567035274937;"[[210   0  14  14   7   0   0]
 [ 37   0  34  34  24   0   0]
 [  0   0 365   3   0   0   0]
 [ 28   0  53 435  13   0   0]
 [ 27   0   0  28 209   0   0]
 [ 46   0  84  16   2   0   0]
 [ 82   0  19   8   0   0  15]]";0.620563035495716;0.43940634930531575;"[[ 81   0  16   7   2   0   0]
 [ 16   0  23  18   9   0   0]
 [  2   0 123   1   0   0   0]
 [ 12   0  31 192  11   0   0]
 [ 13   0   3  10 102   0   0]
 [ 26   0  54  10   0   0   0]
 [ 38   0   7   1   0   0   9]]";84;[10  7  8 27 17  3 12]
379;Cora;own;0.5;0.2;64;0.5;1;0.005;784866329;0.8461538461538461;0.6314350673956586;"[[11  0  0  0  0  0  0]
 [ 2  0  2  2  1  0  0]
 [ 0  0  9  0  0  0  0]
 [ 1  0  0 27  0  0  0]
 [ 0  0  0  1 18  0  0]
 [ 1  0  1  0  1  0  0]
 [ 2  0  0  0  0  0 12]]";0.6944444444444444;0.4686968918654707;"[[210   0  10  15   6   0   0]
 [ 30   0  20  35  43   0   0]
 [  1   0 358   3   0   0   0]
 [ 24   0  46 442  18   0   0]
 [ 21   0   0  24 225   0   0]
 [ 49   0  74  21   4   0   0]
 [ 74   0  15  12   5   0  15]]";0.631578947368421;0.4513887888701201;"[[ 82   0  14   8   2   0   0]
 [ 16   0  17  16  17   0   0]
 [  2   0 121   3   0   0   0]
 [ 13   0  26 193  14   0   0]
 [  8   0   2   9 109   0   0]
 [ 27   0  49  12   2   0   0]
 [ 37   0   6   1   0   0  11]]";91;[11  7  9 28 19  3 14]
380;Cora;own;0.5;0.2;64;0.5;1;0.005;784866329;0.8673469387755102;0.6503527297075685;"[[11  0  0  0  0  0  0]
 [ 2  0  2  3  0  0  1]
 [ 0  0  9  0  0  0  0]
 [ 0  0  0 29  0  0  0]
 [ 0  0  0  1 19  0  0]
 [ 1  0  2  0  0  0  1]
 [ 0  0  0  0  0  0 17]]";0.739542665923034;0.5534682430208565;"[[186   0   4  12   8   0  19]
 [ 25   0  30  34  17   0  19]
 [  0   0 347   5   0   0   1]
 [ 18   0  38 445  19   0  10]
 [ 18   0   0  15 224   0   8]
 [ 24   0  50  10   1   0  49]
 [ 19   0  10   4   0   0 124]]";0.6634026927784578;0.5016936162408869;"[[ 76   0   9  10   2   0   9]
 [ 11   0  22  22   6   0   5]
 [  2   0 121   3   0   0   0]
 [  9   0  20 197  14   0   6]
 [  5   0   3   7 109   0   4]
 [  5   0  36   7   0   0  42]
 [ 13   0   2   1   0   0  39]]";98;[11  8  9 29 20  4 17]
381;Cora;own;0.5;0.2;64;0.5;1;0.005;784866329;0.8571428571428571;0.6435374149659864;"[[12  0  0  0  0  0  0]
 [ 5  0  3  2  0  0  0]
 [ 0  0 10  0  0  0  0]
 [ 0  0  0 30  0  0  0]
 [ 0  0  0  1 20  0  0]
 [ 1  0  2  0  1  0  0]
 [ 0  0  0  0  0  0 18]]";0.7390817469204927;0.5576731420358377;"[[192   0   8   9   9   0  12]
 [ 39   0  45  26  18   0   0]
 [  0   0 346   4   0   0   1]
 [ 21   0  43 437  20   0   3]
 [ 20   0   0  12 224   0   9]
 [ 23   0  56  12   1   0  41]
 [ 16   0  14   4   0   0 121]]";0.6621787025703795;0.5032732292784763;"[[ 78   0  10   9   2   0   7]
 [ 15   0  25  18   7   0   1]
 [  2   0 121   3   0   0   0]
 [ 11   0  22 194  16   0   3]
 [  5   0   3   7 110   0   3]
 [ 10   0  43   5   0   0  32]
 [ 12   0   4   1   0   0  38]]";105;[12 10 10 30 21  4 18]
382;Cora;own;0.5;0.2;64;0.5;1;0.005;784866329;0.8125;0.6242796898447217;"[[12  0  0  0  0  0  0]
 [ 5  0  4  3  1  0  0]
 [ 0  0 10  0  0  0  0]
 [ 0  0  0 31  0  0  0]
 [ 0  0  0  1 20  0  0]
 [ 3  0  2  1  0  0  1]
 [ 0  0  0  0  0  0 18]]";0.7380550871275998;0.5584682790458801;"[[182   0   7   9   7   0  17]
 [ 34   0  40  41  15   0   2]
 [  0   0 343   3   0   0   2]
 [ 17   0  35 442  25   0   8]
 [ 18   0   1  16 217   0  10]
 [ 20   0  48  19   1   0  49]
 [  8   0   8   6   0   0 129]]";0.6731946144430845;0.5156770111586548;"[[ 75   0   9  10   2   0  10]
 [ 15   0  23  21   5   0   2]
 [  2   0 122   2   0   0   0]
 [  9   0  20 200  14   0   3]
 [  5   0   3   8 109   0   3]
 [  5   0  38  15   0   0  32]
 [  7   0   3   1   0   0  44]]";112;[12 13 10 31 21  7 18]
383;Cora;own;0.5;0.2;64;0.5;1;0.005;784866329;0.7983193277310925;0.621461391509507;"[[12  0  0  0  0  0  0]
 [ 5  0  5  6  0  0  0]
 [ 0  0 11  0  0  0  0]
 [ 0  0  0 33  0  0  0]
 [ 0  0  0  1 21  0  0]
 [ 3  0  2  1  0  0  1]
 [ 0  0  0  0  0  0 18]]";0.7460496613995485;0.5652459034489737;"[[176   0   6  14   7   0  17]
 [ 45   0  39  38   7   0   4]
 [  0   0 336   5   0   0   2]
 [ 17   0  33 458  13   0   8]
 [ 13   0   1  19 223   0   3]
 [ 21   0  47  19   1   0  49]
 [ 10   0   7   5   0   0 129]]";0.6817625458996328;0.5213116633339229;"[[ 75   0   9  10   2   0  10]
 [ 18   0  23  21   3   0   1]
 [  2   0 122   2   0   0   0]
 [  8   0  20 206   8   0   4]
 [  5   0   2  10 111   0   0]
 [  7   0  36  14   0   0  33]
 [  7   0   4   1   0   0  43]]";119;[12 16 11 33 22  7 18]
384;Cora;own;0.5;0.2;64;0.5;1;0.005;784866329;0.7698412698412699;0.6044889627572141;"[[12  0  0  0  0  0  0]
 [ 9  0  5  5  0  0  0]
 [ 0  0 12  0  0  0  0]
 [ 0  0  0 34  1  0  0]
 [ 1  0  0  0 21  0  0]
 [ 3  0  2  1  0  0  2]
 [ 0  0  0  0  0  0 18]]";0.7337110481586402;0.5569368450835507;"[[177   0  10  16   6   0  17]
 [ 43   0  55  25   3   0   5]
 [  0   0 333   4   0   0   2]
 [ 15   0  37 457  10   0   7]
 [ 17   0   3  24 208   0   3]
 [ 25   0  62  18   1   0  36]
 [ 12   0   9   5   0   0 120]]";0.6731946144430845;0.5152104436017947;"[[ 79   0  10   9   2   0   6]
 [ 20   0  26  17   0   0   3]
 [  0   0 124   2   0   0   0]
 [ 10   0  24 202   7   0   3]
 [  6   0   4  11 107   0   0]
 [  8   0  45  11   0   0  26]
 [ 11   0   5   1   0   0  38]]";126;[12 19 12 35 22  8 18]
385;Cora;own;0.5;0.2;64;0.5;1;0.005;784866329;0.924812030075188;0.8171549976813136;"[[12  0  0  0  0  0  0]
 [ 0 22  0  1  0  0  0]
 [ 0  0 12  0  0  0  0]
 [ 0  0  0 36  0  0  0]
 [ 0  0  0  0 23  0  0]
 [ 1  3  2  1  0  0  2]
 [ 0  0  0  0  0  0 18]]";0.78839590443686;0.6858123209900161;"[[176   6   5  14   7   0  18]
 [  2 112   7   7   0   0   0]
 [  0   0 330   3   0   0   2]
 [ 12  14  33 451   8   0   7]
 [ 16   7   1  31 196   0   3]
 [ 15  25  47  14   1   0  42]
 [ 11   6   6   2   0   0 121]]";0.7221542227662179;0.6306429099839032;"[[ 72   9   4  12   2   0   7]
 [  0  53   8   4   0   0   1]
 [  0   2 122   2   0   0   0]
 [  6  11  20 200   6   0   3]
 [  2   8   2  13 103   0   0]
 [  5  17  32  12   0   0  24]
 [ 10   1   3   1   0   0  40]]";133;[12 23 12 36 23  9 18]
386;Cora;own;0.5;0.2;64;0.5;1;0.005;784866329;0.9214285714285714;0.8095784673124939;"[[13  0  0  0  0  0  0]
 [ 0 24  0  0  0  0  0]
 [ 0  0 13  0  0  0  0]
 [ 0  0  0 37  0  0  0]
 [ 0  1  0  0 23  0  0]
 [ 4  0  2  1  0  0  3]
 [ 0  0  0  0  0  0 19]]";0.7984009137635637;0.7002725966082398;"[[181   5   3  14   7   0  19]
 [  6 110   5   5   0   0   1]
 [  0   2 321   3   0   0   2]
 [ 13   5  29 457  10   0  12]
 [ 14   2   1  28 203   0   3]
 [ 19   8  51  12   1   0  53]
 [ 11   2   4   3   0   0 126]]";0.7441860465116279;0.6525420275976265;"[[ 78   4   5   9   2   0   8]
 [  1  51   9   4   0   0   1]
 [  0   0 124   2   0   0   0]
 [  8   6  15 204   9   0   4]
 [  1   5   3  10 109   0   0]
 [  7   7  36  10   0   0  30]
 [  9   0   3   1   0   0  42]]";140;[13 24 13 37 24 10 19]
387;Cora;own;0.5;0.2;64;0.5;1;0.005;784866329;0.9115646258503401;0.8073508784419602;"[[14  0  0  0  0  0  0]
 [ 0 24  0  0  0  0  0]
 [ 0  0 13  0  0  0  0]
 [ 0  0  0 39  0  0  0]
 [ 0  2  0  0 24  0  0]
 [ 3  1  1  2  0  0  4]
 [ 0  0  0  0  0  0 20]]";0.7952981651376146;0.6948117329744167;"[[177   5   3  16   6   0  20]
 [  6 107   5   5   0   0   1]
 [  0   2 317   3   0   0   2]
 [ 13   6  24 462  10   0  13]
 [ 13   4   1  30 202   0   3]
 [ 17  10  48  16   1   0  53]
 [ 10   4   3   4   0   0 122]]";0.7441860465116279;0.651505556765571;"[[ 78   4   4  10   2   0   8]
 [  2  51   8   4   0   0   1]
 [  0   0 124   2   0   0   0]
 [  8   6  13 208   7   0   4]
 [  1   5   3  13 106   0   0]
 [  9   8  32  13   0   0  28]
 [  8   0   4   2   0   0  41]]";147;[14 24 13 39 26 11 20]
388;Cora;own;0.5;0.2;64;0.5;1;0.005;784866329;0.922077922077922;0.8159501456854856;"[[15  0  0  0  0  0  0]
 [ 0 25  0  0  0  0  0]
 [ 0  0 14  0  0  0  0]
 [ 0  0  0 40  0  0  0]
 [ 0  0  0  0 27  0  0]
 [ 3  0  2  2  0  0  5]
 [ 0  0  0  0  0  0 21]]";0.7990788716177317;0.7012275514508771;"[[174   3   3  15   7   0  18]
 [  7 105   5   5   0   0   2]
 [  0   0 317   3   0   0   1]
 [ 14   7  20 461  10   0  14]
 [ 12   2   0  30 206   0   3]
 [ 18   5  48  16   1   0  58]
 [ 12   0   6   4   0   0 125]]";0.7417380660954712;0.6487630611689517;"[[ 76   3   6   7   2   0  12]
 [  3  50   9   3   0   0   1]
 [  0   0 124   2   0   0   0]
 [  9   6  13 203  11   0   4]
 [  1   5   2  10 110   0   0]
 [ 11   6  26  13   0   0  34]
 [  6   0   4   2   0   0  43]]";154;[15 25 14 40 27 12 21]
389;Cora;own;0.5;0.2;64;0.5;1;0.005;784866329;0.9130434782608695;0.8146856354106696;"[[17  0  0  0  0  0  0]
 [ 0 25  0  0  0  0  0]
 [ 0  0 14  0  0  0  0]
 [ 0  0  0 41  0  0  0]
 [ 0  0  0  0 28  0  0]
 [ 3  1  2  4  0  0  4]
 [ 0  0  0  0  0  0 22]]";0.792485549132948;0.6967704310720075;"[[169   3   3  16   7   0  20]
 [  7 102   5   5   0   0   2]
 [  0   0 308   3   0   0   1]
 [ 14   7  21 459  10   0  14]
 [ 12   1   0  27 209   0   3]
 [ 15   7  53  17   1   0  62]
 [ 14   0   5   4   0   0 124]]";0.7490820073439413;0.6535318870860024;"[[ 76   3   6   7   2   0  12]
 [  4  49   9   3   0   0   1]
 [  0   0 124   2   0   0   0]
 [  7   6  11 208   9   0   5]
 [  1   4   2  10 111   0   0]
 [  9   6  24  13   0   0  38]
 [  6   0   3   2   0   0  44]]";161;[17 25 14 41 28 14 22]
390;Cora;own;0.5;0.2;64;0.5;1;0.005;784866329;0.8988095238095238;0.8056730980883523;"[[18  0  0  0  0  0  0]
 [ 0 25  0  0  0  0  0]
 [ 0  0 15  0  0  0  0]
 [ 0  1  0 42  0  0  0]
 [ 0  0  0  0 29  0  0]
 [ 3  1  2  3  1  0  6]
 [ 0  0  0  0  0  0 22]]";0.7887405687753918;0.6932729466493056;"[[171   2   3  15   7   0  21]
 [  7  99   5   5   0   0   2]
 [  0   0 303   3   0   0   1]
 [ 16   9  17 460  10   0  13]
 [ 13   1   0  27 208   0   2]
 [ 18   8  46  14   4   0  78]
 [ 10   0   3   4   0   0 118]]";0.7441860465116279;0.6478778249602529;"[[ 73   3   3   7   2   0  18]
 [  4  49   8   4   0   0   1]
 [  0   0 124   2   0   0   0]
 [ 10   6   9 208   9   0   4]
 [  2   3   2  12 109   0   0]
 [  9   7  21  10   4   0  39]
 [  6   0   2   2   0   0  45]]";168;[18 25 15 43 29 16 22]
391;Cora;own;0.5;0.2;64;0.5;1;0.005;784866329;0.8914285714285715;0.7980054141989882;"[[19  0  0  0  1  0  0]
 [ 0 24  0  1  0  0  0]
 [ 0  0 16  0  0  0  0]
 [ 0  0  0 46  0  0  0]
 [ 0  0  0  0 29  0  0]
 [ 4  3  1  1  2  0  6]
 [ 0  0  0  0  0  0 22]]";0.7948717948717948;0.697169458611776;"[[170   2   4  15   8   0  21]
 [  6  99   5   4   0   0   2]
 [  0   0 298   3   0   0   1]
 [ 12   5  19 466  10   0  12]
 [ 12   1   0  28 206   0   3]
 [ 17  20  41  11   9   0  68]
 [  5   1   2   5   0   0 125]]";0.7515299877600979;0.6539110869769943;"[[ 71   3   3   8   2   0  19]
 [  3  51   8   3   0   0   1]
 [  0   0 123   3   0   0   0]
 [  9   4   9 213   7   0   4]
 [  2   5   2  10 109   0   0]
 [  8  10  20   9   8   0  35]
 [  4   0   2   2   0   0  47]]";175;[20 25 16 46 29 17 22]
392;Cora;own;0.5;0.2;64;0.5;1;0.005;784866329;0.8791208791208791;0.7905153331173739;"[[21  0  0  0  0  0  0]
 [ 0 25  0  1  0  0  0]
 [ 0  0 16  0  0  0  0]
 [ 0  0  0 47  0  0  0]
 [ 0  0  0  0 29  0  0]
 [ 6  3  4  1  2  0  5]
 [ 0  0  0  0  0  0 22]]";0.7870099473376243;0.6894100592690638;"[[175   2   3  14   7   0  20]
 [  5 100   6   3   0   0   2]
 [  0   2 292   3   0   0   1]
 [ 15   5  17 465  10   0  11]
 [ 19   1   0  28 197   0   3]
 [ 24  23  46  12   8   0  57]
 [ 12   0   1   4   0   0 116]]";0.7466340269277846;0.6502983570642725;"[[ 77   3   3   8   2   0  13]
 [  3  51   8   3   0   0   1]
 [  0   0 123   3   0   0   0]
 [ 15   4   9 208   6   0   4]
 [  3   4   3  11 107   0   0]
 [ 11  16  21   9   3   0  30]
 [  8   0   2   1   0   0  44]]";182;[21 26 16 47 29 21 22]
393;Cora;own;0.5;0.2;64;0.5;1;0.005;784866329;0.9576719576719577;0.9560939671555193;"[[21  0  0  0  0  0  0]
 [ 0 26  0  1  0  0  0]
 [ 0  0 16  0  0  0  0]
 [ 0  0  0 46  0  1  0]
 [ 2  0  0  1 28  0  0]
 [ 1  1  1  0  0 20  0]
 [ 0  0  0  0  0  0 24]]";0.8501762632197415;0.8318141368173473;"[[170   1   2  15   5   4  22]
 [  5  96   6   3   0   3   1]
 [  0   2 288   3   0   1   1]
 [ 13   4  13 463  10   9  11]
 [ 20   1   0  30 188   4   3]
 [ 10   3   7   3   2 127  24]
 [  6   0   0   2   0   6 115]]";0.817625458996328;0.7963315180706486;"[[ 71   3   2   7   2   4  17]
 [  3  52   6   3   0   1   1]
 [  0   0 123   3   0   0   0]
 [ 11   2   9 208   6   6   4]
 [  6   4   2  10  98   8   0]
 [  3   3   2   3   0  70   9]
 [  7   0   0   1   0   1  46]]";189;[21 27 16 47 31 23 24]
394;Cora;own;0.5;0.2;64;0.5;1;0.005;784866329;0.9540816326530612;0.9524983642996067;"[[22  0  0  0  0  0  0]
 [ 0 26  0  1  0  0  0]
 [ 0  0 17  0  0  0  0]
 [ 0  0  0 48  0  0  0]
 [ 1  0  0  2 30  0  0]
 [ 1  3  1  0  0 20  0]
 [ 0  0  0  0  0  0 24]]";0.8477876106194691;0.8286673734515494;"[[171   2   3  10   6   2  22]
 [  5  96   6   4   0   0   1]
 [  0   2 287   3   0   0   2]
 [ 14   6  17 453  11   4  11]
 [ 17   1   0  31 204   2   2]
 [ 14   5  10   4   2 119  22]
 [ 10   0   1   4   0   2 107]]";0.8188494492044064;0.7972553853694524;"[[ 74   3   3   8   2   1  15]
 [  3  52   7   3   0   0   1]
 [  0   0 123   3   0   0   0]
 [ 11   4  10 205   9   3   4]
 [  1   4   3  10 108   2   0]
 [  5   4   2   5   0  63  11]
 [ 10   0   0   1   0   0  44]]";196;[22 27 17 48 33 25 24]
395;Cora;own;0.5;0.2;64;0.5;1;0.005;784866329;0.9704433497536946;0.9711105406766194;"[[23  0  0  0  0  0  0]
 [ 0 26  0  1  0  0  0]
 [ 0  0 18  0  0  0  0]
 [ 0  0  0 50  0  0  0]
 [ 0  0  0  2 32  0  0]
 [ 0  2  1  0  0 23  0]
 [ 0  0  0  0  0  0 25]]";0.8453791469194313;0.8255793107227282;"[[162   2   3  10   7   3  25]
 [  4  95   7   4   0   0   1]
 [  0   2 286   3   0   0   1]
 [ 16   4  19 456  12   3   9]
 [ 16   1   0  31 205   2   2]
 [ 10   5  12   4   2 118  25]
 [  7   0   2   5   0   2 105]]";0.813953488372093;0.7922997334454622;"[[ 71   3   5   8   2   1  16]
 [  3  51   7   4   0   0   1]
 [  0   0 123   3   0   0   0]
 [  9   3  11 204  10   4   5]
 [  1   3   3  10 109   2   0]
 [  4   4   2   6   0  64  10]
 [  8   0   2   2   0   0  43]]";203;[23 27 18 50 34 26 25]
396;Cora;own;0.5;0.2;64;0.5;1;0.005;784866329;0.9619047619047619;0.9618479067696788;"[[23  0  0  1  0  0  1]
 [ 0 27  0  1  0  0  0]
 [ 0  0 19  0  0  0  0]
 [ 0  0  0 50  0  0  0]
 [ 0  0  0  2 34  0  0]
 [ 0  2  1  0  0 23  0]
 [ 0  0  0  0  0  0 26]]";0.8477096966091612;0.8277397892529449;"[[156   2   4  10   7   1  32]
 [  4  94   6   4   0   1   1]
 [  0   2 284   3   0   0   1]
 [ 17   4  18 452  15   5   8]
 [ 13   0   0  26 212   2   3]
 [  8   4   9   3   3 120  27]
 [  6   0   2   2   0   3 107]]";0.8164014687882497;0.7919978488765409;"[[ 69   2   2   9   2   4  18]
 [  3  50   7   5   0   0   1]
 [  0   0 124   2   0   0   0]
 [  8   3   8 206  11   5   5]
 [  0   3   1  10 111   2   1]
 [  2   3   2   7   1  62  13]
 [  6   0   2   1   0   1  45]]";210;[25 28 19 50 36 26 26]
397;Cora;own;0.5;0.2;64;0.5;1;0.005;784866329;0.9539170506912442;0.9551201555658569;"[[24  0  0  1  1  1  0]
 [ 0 28  0  1  0  0  0]
 [ 0  0 20  0  0  0  0]
 [ 0  0  0 50  0  0  0]
 [ 0  0  0  3 34  0  0]
 [ 0  2  1  0  0 24  0]
 [ 0  0  0  0  0  0 27]]";0.8434886499402628;0.8237171946319747;"[[161   3   4  10  12   1  26]
 [  5  93   6   4   0   1   1]
 [  0   2 284   3   0   0   1]
 [ 16   4  17 444  13   5   8]
 [ 16   1   0  31 205   2   3]
 [ 10   4   8   3   2 120  25]
 [  6   0   2   2   0   5 105]]";0.8188494492044064;0.7943750803663682;"[[ 72   2   2   9   2   4  15]
 [  3  52   6   4   0   0   1]
 [  0   0 123   3   0   0   0]
 [  7   3   8 209   9   5   5]
 [  3   3   2  10 108   2   0]
 [  3   3   2   6   1  63  12]
 [  9   0   2   1   0   1  42]]";217;[27 29 20 50 37 27 27]
398;Cora;own;0.5;0.2;64;0.5;1;0.005;784866329;0.9553571428571429;0.9569943127394456;"[[25  0  0  1  1  1  0]
 [ 0 28  0  1  0  0  0]
 [ 0  0 21  0  0  0  0]
 [ 0  0  0 52  0  0  0]
 [ 0  0  0  2 36  0  0]
 [ 0  0  1  2  0 25  1]
 [ 0  0  0  0  0  0 27]]";0.8458308338332333;0.8255928760396213;"[[166   3   6  11  12   2  19]
 [  5  92   6   4   0   1   1]
 [  0   2 283   3   0   0   1]
 [ 17   3  17 441  13   6   7]
 [ 17   1   0  22 214   2   3]
 [ 12   2  10   7   1 118  24]
 [  8   0   2   3   0   4  96]]";0.8164014687882497;0.7905660416060393;"[[ 73   2   3   9   2   4  13]
 [  4  48   8   5   0   0   1]
 [  0   0 123   3   0   0   0]
 [ 10   3   8 207   9   5   4]
 [  2   3   3   7 111   2   0]
 [  5   2   2   5   1  63  12]
 [  9   0   2   1   0   1  42]]";224;[28 29 21 52 38 29 27]
399;Cora;own;0.5;0.2;64;0.5;1;0.005;784866329;0.9653679653679653;0.9677949174271527;"[[25  0  0  1  1  1  0]
 [ 0 29  0  1  0  0  0]
 [ 0  0 22  0  0  0  0]
 [ 0  0  0 53  1  0  0]
 [ 0  0  0  2 37  0  0]
 [ 0  0  1  0  0 29  0]
 [ 0  0  0  0  0  0 28]]";0.8493975903614458;0.8275715339675792;"[[161   4   4  12  14   2  21]
 [  5  90   6   5   0   1   1]
 [  1   2 281   4   0   0   1]
 [ 19   3  15 438  13   6   9]
 [ 15   1   0  16 223   1   3]
 [  7   2  11   5   1 124  23]
 [  5   0   1   3   0   8  93]]";0.8188494492044064;0.791835231498186;"[[ 72   2   3   9   2   4  14]
 [  3  50   7   5   0   0   1]
 [  0   0 123   3   0   0   0]
 [ 10   3   6 207  12   3   5]
 [  2   3   3   7 112   1   0]
 [  4   2   2   4   1  66  11]
 [  9   0   1   1   0   5  39]]";231;[28 30 22 54 39 30 28]
400;Cora;own;0.5;0.2;64;0.5;1;0.005;784866329;0.9663865546218487;0.9689950026308208;"[[29  0  0  0  1  0  0]
 [ 0 29  0  1  0  0  0]
 [ 0  0 22  0  0  0  0]
 [ 0  0  0 54  1  1  0]
 [ 0  0  0  2 38  0  0]
 [ 0  0  1  0  0 29  0]
 [ 1  0  0  0  0  0 29]]";0.8469449485783425;0.8247741435130926;"[[168   3   4   8  12   1  19]
 [  5  90   9   5   0   1   1]
 [  1   2 276   4   0   0   1]
 [ 24   4  15 432  12   6  10]
 [ 17   1   0  15 221   2   3]
 [ 13   2  10   4   1 122  20]
 [  9   0   0   0   1   8  91]]";0.813953488372093;0.789884434859046;"[[ 81   2   2   7   2   3   9]
 [  4  48   8   5   0   0   1]
 [  0   0 124   2   0   0   0]
 [ 16   4   8 199  12   3   4]
 [  3   3   3   7 110   2   0]
 [  8   2   2   3   1  64  10]
 [ 10   0   0   0   1   5  39]]";238;[30 30 22 56 40 30 30]
401;Cora;own;0.5;0.2;64;0.5;1;0.005;784866329;0.9795918367346939;0.9820834224471862;"[[31  0  0  0  0  0  0]
 [ 0 30  0  1  0  0  0]
 [ 0  0 23  0  0  0  0]
 [ 0  0  0 57  1  0  0]
 [ 0  0  0  2 38  0  0]
 [ 0  0  1  0  0 31  0]
 [ 0  0  0  0  0  0 30]]";0.850546780072904;0.8266571409473638;"[[167   2   4   8   9   1  24]
 [  5  89   9   5   0   1   1]
 [  1   2 274   4   0   0   1]
 [ 24   3  14 437   7   6  11]
 [ 16   1   0  17 220   2   4]
 [ 14   4   8   3   1 126  19]
 [  6   0   0   2   0   7  87]]";0.8310893512851897;0.8054011897986156;"[[ 79   2   2   7   2   4  10]
 [  4  50   7   4   0   0   1]
 [  1   0 123   2   0   0   0]
 [ 11   3   7 209   8   3   5]
 [  2   3   3   6 112   2   0]
 [  7   4   2   3   1  64   9]
 [  7   0   0   1   0   5  42]]";245;[31 31 23 58 40 32 30]
402;Cora;own;0.5;0.2;64;0.5;1;0.005;784866329;0.9761904761904762;0.9779764284172376;"[[32  0  0  0  0  0  0]
 [ 0 31  0  1  0  0  0]
 [ 0  0 24  0  0  0  0]
 [ 0  0  0 60  0  0  1]
 [ 1  0  0  2 38  0  0]
 [ 0  0  1  0  0 31  0]
 [ 0  0  0  0  0  0 30]]";0.8541793776693105;0.8292209752631058;"[[169   2   4   9   9   1  20]
 [  6  88   9   5   0   1   0]
 [  1   2 272   5   0   0   1]
 [ 21   3  12 447   7   3   8]
 [ 16   1   0  21 215   2   4]
 [ 14   4   7   4   1 128  16]
 [  7   0   0   3   0  10  81]]";0.8372093023255814;0.8115021835448815;"[[ 80   2   1   8   2   4   9]
 [  4  49   7   5   0   0   1]
 [  1   0 123   2   0   0   0]
 [  9   4   7 214   7   2   3]
 [  2   3   3   8 112   0   0]
 [  7   3   2   4   1  65   8]
 [  8   0   0   1   0   5  41]]";252;[32 32 24 61 41 32 30]
403;Cora;own;0.5;0.2;64;0.5;1;0.005;784866329;0.972972972972973;0.9752592248796476;"[[33  0  0  0  0  0  1]
 [ 0 32  0  1  0  0  0]
 [ 0  0 25  0  0  0  0]
 [ 0  0  0 60  0  0  1]
 [ 0  0  0  3 40  0  0]
 [ 0  0  1  0  0 31  0]
 [ 0  0  0  0  0  0 31]]";0.8541666666666666;0.8293341916197275;"[[168   3   3   8   8   1  23]
 [  6  87   9   5   0   1   0]
 [  1   2 270   5   0   0   1]
 [ 21   5  13 442  10   2   9]
 [ 17   1   0  17 216   2   4]
 [ 15   4   7   2   1 128  17]
 [  7   0   0   2   0   6  83]]";0.8298653610771114;0.8068860987203282;"[[ 79   2   1   9   2   2  11]
 [  4  50   7   4   0   0   1]
 [  1   2 120   3   0   0   0]
 [ 14   5   5 209   7   2   4]
 [  2   3   3   7 112   1   0]
 [  8   3   2   3   1  65   8]
 [  7   0   0   1   0   4  43]]";259;[34 33 25 61 43 32 31]
404;Cora;own;0.5;0.2;64;0.5;1;0.005;784866329;0.9736842105263158;0.9743148426752254;"[[34  0  0  0  0  0  1]
 [ 0 33  0  1  0  0  0]
 [ 0  0 25  0  0  0  0]
 [ 0  0  0 61  0  0  0]
 [ 0  0  0  3 42  0  0]
 [ 0  0  2  0  0 32  0]
 [ 0  0  0  0  0  0 32]]";0.8572307692307692;0.8318473522938243;"[[169   3   3   8   7   2  21]
 [  6  86   9   5   0   1   0]
 [  1   2 269   5   0   0   1]
 [ 22   4  13 441  10   3   7]
 [ 15   2   0  15 219   2   4]
 [ 15   5   7   2   1 128  15]
 [  8   0   0   2   0   6  81]]";0.8323133414932681;0.807916734377411;"[[ 79   2   1  10   2   3   9]
 [  4  50   7   4   0   0   1]
 [  1   0 120   3   0   2   0]
 [ 12   4   5 213   7   2   3]
 [  2   3   3   7 112   1   0]
 [  7   3   2   4   1  65   8]
 [  8   0   0   1   0   5  41]]";266;[35 34 25 61 45 34 32]
405;Cora;own;0.5;0.2;64;0.5;1;0.005;784866329;0.9706959706959707;0.9719034335934131;"[[34  0  0  0  0  0  1]
 [ 0 34  0  1  0  0  0]
 [ 0  0 26  0  0  0  0]
 [ 1  0  0 61  0  0  0]
 [ 0  0  0  3 43  0  0]
 [ 0  0  2  0  0 34  0]
 [ 0  0  0  0  0  0 33]]";0.8510506798516687;0.8255828292425836;"[[167   2   3   8   7   4  22]
 [  6  85  11   5   0   1   0]
 [  1   2 266   5   0   0   1]
 [ 23   4  15 431  13   5   7]
 [ 16   1   0  13 220   2   4]
 [ 14   4   6   3   1 130  16]
 [  4   0   0   1   1  10  78]]";0.8274173806609547;0.8042192763967081;"[[ 76   2   1   9   2   6  10]
 [  4  49   7   5   0   0   1]
 [  1   0 121   2   0   2   0]
 [ 14   4   5 207  10   4   2]
 [  2   3   2   6 114   1   0]
 [  6   3   2   4   1  67   7]
 [  6   0   0   0   1   6  42]]";273;[35 35 26 62 46 36 33]
406;Cora;own;0.5;0.2;64;0.5;1;0.005;784866329;0.975;0.9771351598295628;"[[34  0  0  0  0  0  1]
 [ 0 35  0  1  0  0  0]
 [ 0  0 26  0  0  0  0]
 [ 1  0  0 62  1  0  0]
 [ 0  0  0  2 46  0  0]
 [ 0  0  1  0  0 36  0]
 [ 0  0  0  0  0  0 34]]";0.8516449410304159;0.8248250352301422;"[[168   2   4   9   7   2  22]
 [  6  84  11   5   0   1   0]
 [  1   2 265   6   0   0   1]
 [ 25   3   8 437  14   4   6]
 [ 16   1   0  13 219   2   4]
 [ 15   4   7   5   1 124  15]
 [  8   0   0   1   1   7  75]]";0.8274173806609547;0.8048291887686594;"[[ 79   2   1   9   2   4   9]
 [  4  49   7   5   0   0   1]
 [  1   0 122   3   0   0   0]
 [ 15   4   5 206  12   3   1]
 [  2   3   2   6 114   1   0]
 [  7   3   2   4   1  66   7]
 [  9   0   0   0   1   5  40]]";280;[35 36 26 64 48 37 34]
407;Cora;own;0.5;0.2;64;0.5;1;0.005;784866329;0.9721254355400697;0.9728555830125559;"[[33  0  0  0  1  0  1]
 [ 0 36  0  1  0  0  0]
 [ 0  0 26  0  0  0  0]
 [ 0  0  0 65  1  0  0]
 [ 1  0  0  1 48  0  1]
 [ 0  0  1  0  0 37  0]
 [ 0  0  0  0  0  0 34]]";0.8503740648379052;0.8218258009053033;"[[164   3   3  10  10   1  23]
 [  5  84  11   6   0   1   0]
 [  1   3 257   8   0   0   1]
 [ 22   4   5 441  18   4   5]
 [ 13   1   0  15 220   2   1]
 [ 13   4   4   4   1 125  19]
 [  9   0   0   1   1   8  73]]";0.8274173806609547;0.8038981675874728;"[[ 77   2   1  10   4   4   8]
 [  4  50   6   5   0   0   1]
 [  1   2 118   5   0   0   0]
 [ 15   4   1 208  15   2   1]
 [  1   3   0   5 118   1   0]
 [  5   3   2   6   1  67   6]
 [  9   0   0   0   1   7  38]]";287;[35 37 26 66 51 38 34]
408;Cora;own;0.5;0.2;64;0.5;1;0.005;784866329;0.9693877551020408;0.9700142193252282;"[[35  0  0  0  0  0  2]
 [ 0 37  0  1  0  0  0]
 [ 0  0 27  0  0  0  0]
 [ 0  1  0 65  1  0  0]
 [ 1  0  0  1 49  0  1]
 [ 0  0  1  0  0 38  0]
 [ 0  0  0  0  0  0 34]]";0.8447088290544772;0.817706383471289;"[[167   2   3   4  11   2  22]
 [  6  85  10   4   0   1   0]
 [  1   3 258   7   0   0   1]
 [ 28   5   5 426  23   6   5]
 [ 16   2   0  14 216   2   1]
 [ 15   4   4   1   1 124  20]
 [  8   0   0   1   1   9  73]]";0.8212974296205631;0.7997614053502698;"[[ 80   2   1   7   3   4   9]
 [  4  52   6   3   0   0   1]
 [  1   2 121   2   0   0   0]
 [ 18   5   1 198  21   2   1]
 [  2   3   2   5 115   1   0]
 [  7   4   2   3   1  67   6]
 [  9   0   0   0   1   7  38]]";294;[37 38 27 67 52 39 34]
409;Cora;own;0.5;0.2;64;0.5;1;0.005;784866329;0.9601328903654485;0.9621635470613098;"[[36  0  0  0  0  0  2]
 [ 0 38  0  1  0  0  0]
 [ 0  0 28  0  0  0  0]
 [ 0  1  0 66  2  0  0]
 [ 1  0  0  2 48  0  1]
 [ 1  0  1  0  0 38  0]
 [ 0  0  0  0  0  0 35]]";0.8471698113207548;0.8189525743355255;"[[164   2   3   8  13   2  20]
 [  6  82  11   5   0   1   0]
 [  1   2 258   7   0   0   1]
 [ 21   4   5 435  20   6   5]
 [ 17   0   0  15 214   2   1]
 [ 13   4   5   3   1 123  19]
 [  9   0   0   2   1   8  71]]";0.828641370869033;0.8052816794795051;"[[ 78   2   1  11   3   2   9]
 [  4  51   7   3   0   0   1]
 [  1   0 123   2   0   0   0]
 [ 17   5   1 207  13   2   1]
 [  2   3   3   6 113   1   0]
 [  4   4   2   6   1  67   6]
 [  9   0   0   0   1   7  38]]";301;[38 39 28 69 52 40 35]
410;Cora;own;0.5;0.2;64;0.5;1;0.005;784866329;0.9642857142857143;0.9652723633259329;"[[38  0  0  0  0  0  0]
 [ 0 38  0  1  0  0  0]
 [ 0  0 30  0  0  0  0]
 [ 0  1  0 67  2  0  1]
 [ 1  0  0  0 51  1  0]
 [ 2  0  1  0  0 39  0]
 [ 1  0  0  0  0  0 34]]";0.852179406190777;0.8256254800876945;"[[168   2   3   8  13   2  17]
 [  5  84  10   4   0   1   1]
 [  1   0 257  10   0   0   1]
 [ 18   6   5 428  26   6   3]
 [ 13   1   0  13 218   2   1]
 [  9   4   4   2   3 124  20]
 [  8   1   0   2   1   8  70]]";0.8347613219094248;0.8139885624142366;"[[ 79   2   1  11   4   2   7]
 [  4  51   6   3   1   0   1]
 [  0   2 122   2   0   0   0]
 [  8   6   2 209  18   2   1]
 [  2   3   3   7 112   1   0]
 [  3   4   2   6   1  69   5]
 [  6   1   0   0   2   6  40]]";308;[38 39 30 71 53 42 35]
411;Cora;own;0.5;0.2;64;0.5;1;0.005;784866329;0.9682539682539683;0.9684444375793405;"[[40  0  0  0  0  0  0]
 [ 0 39  0  1  0  0  0]
 [ 0  0 31  0  0  0  0]
 [ 0  1  0 69  1  0  1]
 [ 1  0  0  0 52  1  0]
 [ 2  0  1  0  0 40  0]
 [ 1  0  0  0  0  0 34]]";0.8654822335025381;0.8390058833097381;"[[178   3   3   7   8   2  12]
 [  5  82  10   4   0   1   0]
 [  2   0 263   4   0   0   0]
 [ 24   5   4 436  15   4   3]
 [ 16   2   0  15 210   2   1]
 [ 12   5   3   2   1 125  17]
 [ 10   0   0   2   0   8  70]]";0.8323133414932681;0.8135510152774141;"[[ 84   2   1   9   2   3   5]
 [  4  52   6   3   0   0   1]
 [  1   0 123   2   0   0   0]
 [ 17   6   2 205  12   3   1]
 [  3   3   3   9 109   1   0]
 [  4   4   2   5   1  68   6]
 [  9   0   0   0   0   7  39]]";315;[40 40 31 72 54 43 35]
412;Cora;own;0.5;0.2;64;0.5;1;0.005;784866329;0.9720496894409938;0.9726895299555398;"[[40  0  0  0  0  0  0]
 [ 0 39  0  1  0  0  0]
 [ 0  0 32  0  0  0  0]
 [ 1  1  0 70  1  0  1]
 [ 1  0  0  0 54  0  0]
 [ 1  0  1  0  0 43  0]
 [ 1  0  0  0  0  0 35]]";0.8667941363926067;0.8415296455403364;"[[172   3   3   7  12   4  10]
 [  4  82   9   5   0   1   1]
 [  2   0 260   6   0   0   0]
 [ 17   4   5 436  20   5   4]
 [ 12   1   0  15 215   2   0]
 [  8   4   3   2   3 125  18]
 [  7   0   0   2   2   8  70]]";0.8347613219094248;0.8158122933989614;"[[ 81   2   1  10   5   3   4]
 [  4  52   5   3   1   0   1]
 [  1   2 120   3   0   0   0]
 [ 10   5   2 209  17   2   1]
 [  0   3   2   8 113   2   0]
 [  3   4   2   6   2  68   5]
 [  7   0   0   0   3   6  39]]";322;[40 40 32 74 55 45 36]
413;Cora;own;0.5;0.2;64;0.5;1;0.005;784866329;0.9696048632218845;0.9683843006649541;"[[41  0  0  0  1  0  1]
 [ 0 40  0  1  0  0  0]
 [ 0  0 32  1  0  0  0]
 [ 0  0  0 73  0  0  1]
 [ 2  0  0  0 54  0  0]
 [ 1  0  1  0  0 44  0]
 [ 1  0  0  0  0  0 35]]";0.8661971830985915;0.8419391188990991;"[[182   3   1   7   9   0   7]
 [  4  82   8   7   0   1   0]
 [  2   0 260   6   0   0   0]
 [ 21   4   5 433  18   5   3]
 [ 15   0   0  17 210   2   0]
 [ 13   4   3   3   2 121  16]
 [ 13   0   0   2   2   6  65]]";0.8396572827417381;0.8216349242497979;"[[ 88   2   1   8   3   2   2]
 [  4  53   5   3   0   0   1]
 [  3   0 120   3   0   0   0]
 [ 12   5   2 209  15   2   1]
 [  3   3   2   8 111   1   0]
 [  6   4   2   4   2  67   5]
 [  9   0   0   0   2   6  38]]";329;[43 41 33 74 56 46 36]
414;Cora;own;0.5;0.2;64;0.5;1;0.005;784866329;0.9583333333333334;0.9564132076512778;"[[43  0  0  1  0  0  1]
 [ 0 40  0  1  0  1  0]
 [ 0  0 31  1  0  1  0]
 [ 0  1  0 73  0  0  1]
 [ 2  0  1  0 55  0  0]
 [ 1  0  1  0  0 44  0]
 [ 1  0  0  0  0  0 36]]";0.8636655948553055;0.8395765974281157;"[[171   3   2   8  10   3  11]
 [  4  82   8   3   0   1   1]
 [  2   1 258   6   0   0   0]
 [ 19   4   5 430  19   8   4]
 [ 12   1   0  17 209   4   0]
 [ 10   5   3   2   2 122  18]
 [  7   1   0   1   1   6  71]]";0.8372093023255814;0.8146301262068497;"[[ 84   2   2   7   3   3   5]
 [  4  53   5   2   0   1   1]
 [  1   2 121   2   0   0   0]
 [ 10   5   2 208  18   2   1]
 [  2   3   0   7 113   3   0]
 [  6   4   2   4   2  66   6]
 [  5   1   0   0   1   9  39]]";336;[45 42 33 75 58 46 37]
415;Cora;own;0.5;0.2;64;0.5;1;0.005;784866329;0.967930029154519;0.9668303556775275;"[[45  0  0  0  0  0  0]
 [ 0 42  0  1  0  0  0]
 [ 0  0 33  1  0  0  0]
 [ 1  1  0 74  0  0  1]
 [ 1  0  0  0 58  0  0]
 [ 1  0  1  0  0 45  0]
 [ 3  0  0  0  0  0 35]]";0.8701550387596899;0.8493748113493484;"[[177   3   2   7  11   1   7]
 [  4  84   3   5   0   0   0]
 [  2   1 259   6   0   0   0]
 [ 22   5   5 430  19   5   1]
 [ 13   0   0  16 210   2   1]
 [ 12   5   3   3   3 121  14]
 [  9   1   0   2   1   7  66]]";0.8396572827417381;0.8213462337129399;"[[ 86   2   1   6   6   3   2]
 [  4  54   4   3   0   0   1]
 [  3   0 121   2   0   0   0]
 [ 12   4   2 207  19   1   1]
 [  3   3   0   7 113   2   0]
 [  6   4   2   4   2  68   4]
 [  9   1   0   0   1   7  37]]";343;[45 43 34 77 59 47 38]
416;Cora;own;0.5;0.2;64;0.5;1;0.005;784866329;0.9714285714285714;0.9709674878391504;"[[45  0  0  0  0  0  0]
 [ 0 43  0  1  0  0  0]
 [ 0  0 35  0  0  0  0]
 [ 1  0  0 76  0  0  1]
 [ 1  0  0  1 58  0  0]
 [ 1  0  1  0  0 46  0]
 [ 3  0  0  0  0  0 37]]";0.8702141466580143;0.8453956276363307;"[[166   3   2   7  11   4  13]
 [  4  83   2   6   0   0   0]
 [  2   1 258   6   0   0   0]
 [ 18   4   4 438  11   6   5]
 [ 14   0   0  16 207   4   1]
 [  7   4   3   4   5 120  17]
 [  7   1   0   1   1   6  69]]";0.835985312117503;0.8110434700082416;"[[ 77   3   1  11   5   3   6]
 [  4  55   3   3   0   0   1]
 [  3   0 120   2   1   0   0]
 [ 13   4   1 215  10   2   1]
 [  3   3   0   6 114   2   0]
 [  4   4   2   6   2  64   8]
 [  6   0   0   0   3   8  38]]";350;[45 44 35 78 60 48 40]
417;Cora;own;0.5;0.2;64;0.5;1;0.005;784866329;0.9775910364145658;0.9769203974099766;"[[46  0  0  0  0  0  0]
 [ 0 43  0  1  0  0  0]
 [ 0  0 36  0  0  0  0]
 [ 1  0  0 77  0  0  1]
 [ 1  0  0  0 60  0  0]
 [ 1  0  1  0  0 48  0]
 [ 2  0  0  0  0  0 39]]";0.864406779661017;0.8425115356323475;"[[161   3   2   7  15   5  12]
 [  5  83   2   5   0   0   0]
 [  2   1 258   5   0   0   0]
 [ 19   3   5 426  19   9   4]
 [ 11   0   0  16 208   5   1]
 [  5   3   3   3   5 123  17]
 [  4   0   0   1   3   8  67]]";0.8372093023255814;0.8137946921745502;"[[ 78   2   1  10   7   4   4]
 [  4  52   4   3   2   0   1]
 [  3   0 121   1   1   0   0]
 [ 12   4   1 212  13   3   1]
 [  2   2   0   5 116   3   0]
 [  3   4   2   6   2  68   5]
 [  7   0   0   0   3   8  37]]";357;[46 44 36 79 61 50 41]
418;Cora;own;0.5;0.2;64;0.5;1;0.005;784866329;0.9752747252747253;0.9743483271801561;"[[46  0  0  0  0  0  1]
 [ 0 43  0  1  0  0  0]
 [ 0  0 37  0  0  0  0]
 [ 1  0  0 78  0  0  1]
 [ 1  0  0  0 61  0  0]
 [ 1  0  1  0  0 49  0]
 [ 2  0  0  0  0  0 41]]";0.8716437459070072;0.846392784093223;"[[163   3   2   7  12   6  11]
 [  4  81   2   7   0   0   1]
 [  2   1 257   5   0   0   0]
 [ 20   4   3 439  10   5   5]
 [ 14   2   0  16 201   4   1]
 [  9   1   3   3   3 125  14]
 [  6   2   0   2   0   6  65]]";0.8372093023255814;0.8150207672290269;"[[ 79   3   1  10   5   3   5]
 [  4  55   3   3   0   0   1]
 [  3   0 121   1   1   0   0]
 [ 12   5   1 215  10   2   1]
 [  5   3   0   8 108   4   0]
 [  4   2   2   6   2  68   6]
 [  5   1   0   0   2   9  38]]";364;[47 44 37 80 62 51 43]
419;Cora;own;0.5;0.2;64;0.5;1;0.005;784866329;0.9730458221024259;0.9720369096424355;"[[46  0  0  0  0  0  2]
 [ 0 44  0  1  0  0  0]
 [ 0  0 38  0  0  0  0]
 [ 0  0  0 79  1  0  1]
 [ 1  0  0  0 62  0  0]
 [ 1  0  1  0  0 50  0]
 [ 2  0  0  0  0  0 42]]";0.8717105263157895;0.8471165433903075;"[[161   3   2   7  13   9   8]
 [  3  79   2   9   0   0   1]
 [  2   1 257   4   0   0   0]
 [ 18   3   3 435  14   7   5]
 [ 10   2   0  16 203   5   1]
 [  6   3   4   3   3 126  12]
 [  2   1   0   2   2   9  64]]";0.8457772337821298;0.8249654046571226;"[[ 78   3   1   8   7   5   4]
 [  4  55   3   3   0   0   1]
 [  0   2 121   2   1   0   0]
 [ 12   5   1 213  12   2   1]
 [  2   3   0   6 113   4   0]
 [  3   2   2   4   2  73   4]
 [  5   0   0   0   4   8  38]]";371;[48 45 38 81 63 52 44]
420;Cora;own;0.5;0.2;64;0.5;1;0.005;784866329;0.9788359788359788;0.9785955046448013;"[[49  0  0  0  0  0  0]
 [ 0 45  0  1  0  0  0]
 [ 0  0 39  0  0  0  0]
 [ 0  0  0 80  1  0  1]
 [ 1  0  0  0 63  0  0]
 [ 1  0  1  0  0 51  0]
 [ 2  0  0  0  0  0 43]]";0.8711169861202908;0.8440862232314252;"[[164   3   2   8  10   9   6]
 [  4  77   2   9   0   0   1]
 [  2   1 256   4   0   0   0]
 [ 19   3   4 434  12   7   5]
 [ 11   2   0  15 202   5   1]
 [  8   3   4   3   2 125  12]
 [  4   2   0   2   1   9  60]]";0.8445532435740514;0.824514652089246;"[[ 80   3   1   8   7   4   3]
 [  4  55   3   3   0   0   1]
 [  2   0 121   2   1   0   0]
 [ 13   5   1 214  11   1   1]
 [  3   3   0   7 111   4   0]
 [  3   2   2   5   2  71   5]
 [  6   1   0   0   3   7  38]]";378;[49 46 39 82 64 53 45]
421;Cora;own;0.5;0.2;64;0.5;1;0.005;784866329;0.9792207792207792;0.9800278943517459;"[[50  0  0  0  0  0  0]
 [ 0 45  0  1  0  0  0]
 [ 0  0 41  0  0  0  0]
 [ 0  0  0 81  1  0  2]
 [ 0  0  0  1 64  0  0]
 [ 1  0  1  0  0 52  0]
 [ 1  0  0  0  0  0 44]]";0.8691899070385126;0.844421599975043;"[[162   3   2   7  10   9   8]
 [  5  72   5  10   0   0   1]
 [  2   0 255   4   0   0   0]
 [ 20   3   5 431  12   7   4]
 [ 11   1   0  16 201   5   1]
 [  9   1   4   3   3 125  11]
 [  3   0   0   1   3   8  63]]";0.8408812729498164;0.8179243211474585;"[[ 81   2   2   8   7   3   3]
 [  4  50   6   4   1   0   1]
 [  2   0 121   2   1   0   0]
 [ 13   5   1 214  11   1   1]
 [  3   3   0   5 113   4   0]
 [  3   2   2   5   2  69   7]
 [  5   0   0   0   4   7  39]]";385;[50 46 41 84 65 54 45]
422;Cora;own;0.5;0.2;64;0.5;1;0.005;784866329;0.9770408163265306;0.9772850190682048;"[[50  0  0  0  0  0  0]
 [ 0 45  0  1  0  0  0]
 [ 0  0 41  0  0  0  0]
 [ 0  1  1 85  0  0  1]
 [ 1  0  0  1 65  0  0]
 [ 1  0  1  0  0 52  0]
 [ 1  0  0  0  0  0 45]]";0.8679119412941961;0.8423782429187376;"[[158   3   2   8  14   8   7]
 [  5  72   5  10   0   0   1]
 [  2   0 254   4   0   0   0]
 [ 20   2   4 431  13   6   3]
 [ 11   1   0  17 200   5   0]
 [  6   3   3   3   4 126  11]
 [  3   0   0   2   4   8  60]]";0.8396572827417381;0.8177956231821872;"[[ 76   3   1  10   9   4   3]
 [  4  51   5   4   1   0   1]
 [  2   0 121   2   1   0   0]
 [ 12   5   1 214  12   1   1]
 [  3   3   0   5 113   4   0]
 [  3   2   2   4   2  73   4]
 [  5   1   0   0   4   7  38]]";392;[50 46 41 88 67 54 46]
423;Cora;own;0.5;0.2;64;0.5;1;0.005;784866329;0.974937343358396;0.9748041671914018;"[[52  0  0  0  0  1  0]
 [ 0 46  0  1  0  0  0]
 [ 0  0 41  0  0  0  0]
 [ 1  0  0 87  0  0  1]
 [ 1  0  0  1 65  0  0]
 [ 1  0  2  0  0 52  0]
 [ 1  0  0  0  0  0 46]]";0.8726541554959786;0.8501249708610609;"[[163   3   2   9   9   5   7]
 [  4  73   4  10   0   0   1]
 [  2   0 254   4   0   0   0]
 [ 23   2   4 425  15   5   3]
 [ 12   1   0  16 201   4   0]
 [  8   4   2   3   2 123  12]
 [  4   1   0   1   1   7  63]]";0.8335373317013464;0.8091221191726293;"[[ 82   3   1   8   3   3   6]
 [  4  50   5   4   2   0   1]
 [  3   0 120   2   1   0   0]
 [ 14   4   1 211  13   1   2]
 [  4   3   0   6 113   2   0]
 [  7   2   2   3   2  66   8]
 [  6   0   0   0   3   7  39]]";399;[53 47 41 89 67 55 47]
424;Cora;own;0.5;0.2;64;0.5;1;0.005;784866329;0.9852216748768473;0.9842165761645509;"[[54  0  0  0  0  0  0]
 [ 0 47  0  1  0  0  0]
 [ 0  0 42  0  0  0  0]
 [ 1  0  0 89  0  0  0]
 [ 0  0  0  0 69  0  0]
 [ 1  0  2  0  0 52  0]
 [ 1  0  0  0  0  0 47]]";0.8686868686868687;0.8466754911459434;"[[158   3   2   9  11   8   7]
 [  4  71   5  10   0   0   1]
 [  2   0 253   4   0   0   0]
 [ 22   2   4 422  17   6   3]
 [  9   1   0  17 200   4   0]
 [  7   1   2   3   5 126  10]
 [  3   0   0   2   2   9  60]]";0.8298653610771114;0.80802997245999;"[[ 79   2   1   6   9   6   3]
 [  4  48   6   6   1   0   1]
 [  2   0 121   2   1   0   0]
 [ 13   4   1 210  16   1   1]
 [  4   3   0   7 112   2   0]
 [  6   1   2   4   2  71   4]
 [  7   1   0   0   3   7  37]]";406;[54 48 42 90 69 55 48]
425;Cora;own;0.5;0.2;64;0.5;1;0.005;784866329;0.9830508474576272;0.9827135535711772;"[[55  0  0  0  0  0  0]
 [ 0 48  0  1  0  0  0]
 [ 0  0 43  0  0  0  0]
 [ 1  0  0 90  1  0  0]
 [ 0  0  0  0 69  0  0]
 [ 1  0  2  0  0 53  0]
 [ 1  0  0  0  0  0 48]]";0.8694181326116374;0.8455830580890831;"[[160   3   2   8  12   5   6]
 [  3  70   5  11   0   0   1]
 [  2   0 252   4   0   0   0]
 [ 26   1   3 427  11   5   3]
 [ 13   2   0  16 195   3   1]
 [  9   2   2   3   4 121  12]
 [  7   0   0   1   3   4  60]]";0.8335373317013464;0.809812319619113;"[[ 84   2   1   6   7   3   3]
 [  4  49   6   6   0   0   1]
 [  2   0 122   2   0   0   0]
 [ 14   3   1 215  10   1   2]
 [  9   3   0   7 108   1   0]
 [  8   1   2   4   2  66   7]
 [ 11   0   0   0   3   4  37]]";413;[55 49 43 92 69 56 49]
426;Cora;own;0.5;0.2;64;0.5;1;0.005;784866329;0.9833333333333333;0.981533636640352;"[[55  0  0  0  0  1  0]
 [ 0 49  0  1  0  0  0]
 [ 0  0 44  0  0  0  0]
 [ 0  0  0 93  0  0  0]
 [ 0  0  0  0 70  0  0]
 [ 1  0  2  0  0 53  0]
 [ 1  0  0  0  0  1 49]]";0.8728755948334467;0.8470502861363932;"[[155   3   2   9  13   6   7]
 [  3  69   5  11   0   0   1]
 [  2   0 251   4   0   0   0]
 [ 18   2   3 429  14   6   3]
 [ 10   2   0  15 198   3   1]
 [  7   1   2   3   5 124  11]
 [  4   0   0   1   3   7  58]]";0.8335373317013464;0.8099990765082453;"[[ 75   2   2  10   8   3   6]
 [  4  49   6   6   0   0   1]
 [  2   0 122   1   1   0   0]
 [ 13   4   1 214  11   1   2]
 [  4   3   0   6 113   2   0]
 [  6   1   2   4   2  69   6]
 [  8   0   0   0   3   5  39]]";420;[56 50 44 93 70 56 51]
427;Cora;own;0.5;0.2;64;0.5;1;0.005;1866817562;0.0;0.0;[[]];0.1560021152829191;0.12331522792771876;"[[  3 121  14  44  16  10  37]
 [  6  25  12  57  18  15  18]
 [  2  39  67  91  39   4  50]
 [ 26 141  20 155  70  37 123]
 [  2 110  16 121  17  15  17]
 [  2  40  12  45  12   1  96]
 [  5  22   6  51   8   6  27]]";0.17258261933904528;0.1384509969452643;"[[ 5 42 11 22  4  6 16]
 [ 2 14  4 21 12  7  6]
 [ 2 17 26 41 19  3 18]
 [ 7 63  3 76 26 16 55]
 [ 1 43  4 60  9  5  6]
 [ 6 15  0 24  5  0 40]
 [ 2 12  0 19  6  5 11]]";0;[]
428;Cora;own;0.5;0.2;64;0.5;1;0.005;1866817562;1.0;1.0;"[[1 0 0 0]
 [0 3 0 0]
 [0 0 2 0]
 [0 0 0 1]]";0.42144373673036095;0.27997296715426373;"[[  0  16   0  27  63  77   0]
 [  0 151   0   4   3  13   0]
 [  0  25   0   2  55 197   0]
 [  0  20   0 234 237  41   0]
 [  0  13   0  28 313  15   0]
 [  0 127   0   2  24  96   0]
 [  0   3   0  19  24  55   0]]";0.3182374541003672;0.21948195590772465;"[[  0   5   0  20  31  50   0]
 [  0  58   0   0   3   5   0]
 [  0  12   0   0  19  95   0]
 [  0  15   0  73 141  17   0]
 [  0   9   0   7 109   3   0]
 [  0  58   0   0  12  20   0]
 [  0   4   0   3  10  38   0]]";7;[0 1 0 3 2 1]
429;Cora;own;0.5;0.2;64;0.5;1;0.005;1866817562;0.7142857142857143;0.5333333333333333;"[[2 0 0 0]
 [1 6 1 0]
 [0 1 2 0]
 [1 0 0 0]]";0.40170484816196056;0.20985031642788046;"[[  0  71   0  15 103   7   0]
 [  0 293   0   1   4   0   0]
 [  0 152   0   1  13   0   0]
 [  0 108   0 130 241   0   0]
 [  0  51   0  45 327   0   0]
 [  0 179   0   0  15   4   0]
 [  0  72   0   1  25  19   0]]";0.2607099143206854;0.14286870983452157;"[[  0  40   0  11  53   2   0]
 [  0  65   0   0   1   0   0]
 [  0 120   0   0   6   0   0]
 [  0  45   0  43 158   0   0]
 [  0  19   0   4 105   0   0]
 [  0  80   0   0  10   0   0]
 [  0  36   0   1  14   4   0]]";14;[0 2 0 8 3 1]
430;Cora;own;0.5;0.2;64;0.5;1;0.005;1866817562;0.7142857142857143;0.43174603174603166;"[[0 0 0 1 2 0 0]
 [0 2 0 0 0 0 0]
 [0 1 0 0 0 0 0]
 [0 1 0 8 0 0 0]
 [0 0 0 0 4 0 0]
 [0 0 0 0 0 1 0]
 [0 0 0 0 0 1 0]]";0.4021390374331551;0.22743423251730097;"[[  0  29   0  15 155   6   0]
 [  0 190   0   1   9   0   0]
 [  0 241   0   1  16   0   0]
 [  0  37   0 195 259   1   0]
 [  0  11   0  26 357   1   0]
 [  0 157   0   1  25  10   0]
 [  0  24   0  18  66  19   0]]";0.29865361077111385;0.16699628375512426;"[[  0  13   0  12  78   3   0]
 [  0  61   0   1   4   0   0]
 [  0 113   0   2  11   0   0]
 [  0  20   0  64 162   0   0]
 [  0   9   0   1 118   0   0]
 [  0  69   0   1  19   1   0]
 [  0  18   0   2  30   5   0]]";21;[3 2 1 9 4 1 1]
431;Cora;own;0.5;0.2;64;0.5;1;0.005;1866817562;0.7142857142857143;0.40740740740740744;"[[ 0  0  0  1  1  2  0]
 [ 0  2  0  0  0  0  0]
 [ 0  2  0  0  0  0  0]
 [ 0  0  0 13  0  0  0]
 [ 0  0  0  0  4  0  0]
 [ 0  0  0  0  0  1  0]
 [ 0  0  0  0  0  2  0]]";0.4256575415995706;0.25192205098638343;"[[  0  43   0  15 120  33   0]
 [  0 181   0   2   5   0   0]
 [  0 242   0  10  16   2   0]
 [  0  26   0 255 205   1   0]
 [  0  17   0  27 338   8   0]
 [  0 152   0   2  19  19   0]
 [  0  24   0  20  37  44   0]]";0.33659730722154224;0.20047857421955223;"[[  0  13   0  13  63  17   0]
 [  0  62   0   2   2   0   0]
 [  0 109   0   8   9   0   0]
 [  0  15   0 102 129   0   0]
 [  0  14   0   5 106   3   0]
 [  0  68   0   0  17   5   0]
 [  0  16   0   4  18  17   0]]";28;[ 4  2  2 13  4  1  2]
432;Cora;own;0.5;0.2;64;0.5;1;0.005;1866817562;0.6285714285714286;0.36958783513405363;"[[ 0  1  0  3  1  1  0]
 [ 0  2  0  0  0  0  0]
 [ 0  2  0  1  0  0  0]
 [ 0  0  0 15  0  0  0]
 [ 0  0  0  0  4  0  0]
 [ 0  0  0  0  0  1  0]
 [ 0  0  0  0  1  3  0]]";0.44612068965517243;0.25910647757129573;"[[  0  36   0  40 105  28   0]
 [  0 177   0   4   4   0   0]
 [  0 219   0  28  14   3   0]
 [  0  17   0 306 168   1   0]
 [  0  12   0  36 330   6   0]
 [  0 136   0   8  18  15   0]
 [  0  35   0  27  44  39   0]]";0.3623011015911873;0.21041233468361373;"[[  0  11   0  25  57  13   0]
 [  0  62   0   2   2   0   0]
 [  0 102   0  14   9   1   0]
 [  0  12   0 128 106   0   0]
 [  0  14   0   9 102   3   0]
 [  0  68   0   2  16   4   0]
 [  0  11   0  11  19  14   0]]";35;[ 6  2  3 15  4  1  4]
433;Cora;own;0.5;0.2;64;0.5;1;0.005;1866817562;0.6190476190476191;0.42939600082457224;"[[ 3  0  0  2  1  2  0]
 [ 0  2  0  0  0  0  0]
 [ 0  1  0  3  1  0  0]
 [ 0  0  0 15  0  0  0]
 [ 0  0  0  0  5  1  0]
 [ 0  1  0  0  0  1  0]
 [ 0  0  0  0  1  3  0]]";0.4283396430502975;0.2667267392411291;"[[ 11  32   0  21 121  26   0]
 [  0 152   0   4   4   0   0]
 [  0 196   0  67  48   3   0]
 [  0  15   0 276 174   1   0]
 [  0   4   0  28 334   9   0]
 [  0 128   0  10  26  19   0]
 [  0  29   0  21  52  38   0]]";0.35006119951040393;0.21081803669611893;"[[  2  10   0  17  64  13   0]
 [  0  60   0   3   3   0   0]
 [  0  83   0  22  19   2   0]
 [  0  11   0 113 122   0   0]
 [  0  11   0   7 106   4   0]
 [  0  64   0   2  19   5   0]
 [  0   8   0   8  24  15   0]]";42;[ 8  2  5 15  6  2  4]
434;Cora;own;0.5;0.2;64;0.5;1;0.005;1866817562;0.8979591836734694;0.8185941043083901;"[[10  0  0  0  0  0  0]
 [ 0  2  0  0  0  0  0]
 [ 0  0  7  0  0  0  0]
 [ 0  0  0 16  0  0  0]
 [ 0  0  0  0  6  0  0]
 [ 0  0  0  0  0  3  0]
 [ 1  0  4  0  0  0  0]]";0.6373507057546145;0.5830804871535681;"[[ 80   1  88   3  27   7   0]
 [  0 127  27   0   0   0   0]
 [  0   3 306   3   1   1   0]
 [  0   4 145 247  96   2   0]
 [  0   4  25  22 284   8   0]
 [  0   8  48   0   7 130   0]
 [  1   1 106   6   6  18   0]]";0.5618115055079559;0.5161608819395733;"[[ 34   2  43   6  13   8   0]
 [  0  49  15   2   0   0   0]
 [  0   0 125   1   0   0   0]
 [  1   6  90  97  52   0   0]
 [  0   5  18   3  98   4   0]
 [  0   6  23   0   5  56   0]
 [  1   0  46   2   0   6   0]]";49;[10  2  7 16  6  3  5]
435;Cora;own;0.5;0.2;64;0.5;1;0.005;1866817562;0.875;0.7791368052237618;"[[11  0  0  0  0  0  0]
 [ 0  2  0  0  0  0  0]
 [ 0  0  7  0  0  0  0]
 [ 0  0  1 19  0  0  0]
 [ 0  0  0  0  6  0  0]
 [ 0  0  0  0  0  4  0]
 [ 1  0  0  0  1  4  0]]";0.7449591280653951;0.6583356398051187;"[[123   2   3   8  46  21   0]
 [  2 130   7   3   2   2   0]
 [  2   3 292   5   1   4   0]
 [ 11  12  23 367  79  10   0]
 [  1   5   0  20 291  17   0]
 [  1  17   8   2   9 164   0]
 [ 18   2   5  27  21  69   0]]";0.6768665850673194;0.5923449813445671;"[[ 58   3   2   8  19  16   0]
 [  1  54   5   2   3   1   0]
 [  0   2 121   1   0   2   0]
 [ 12   7  15 156  52   4   0]
 [  6   8   0   4 101   9   0]
 [  2  11   2   1  11  63   0]
 [  9   2   4   8   8  24   0]]";56;[11  2  7 20  6  4  6]
436;Cora;own;0.5;0.2;64;0.5;1;0.005;1866817562;0.873015873015873;0.7752869352869353;"[[11  0  0  0  1  0  0]
 [ 0  3  0  0  0  0  0]
 [ 0  0  8  0  0  0  0]
 [ 0  0  0 22  0  0  0]
 [ 0  0  0  1  6  0  0]
 [ 0  0  0  0  0  5  0]
 [ 2  0  0  0  1  3  0]]";0.7357768052516411;0.6469247964810924;"[[123   4   9  10  42  27   0]
 [  4 127   9   2   2   4   0]
 [  0   3 294   4   0   2   0]
 [ 13  12  49 351  61  10   0]
 [  1   6   0  21 284  17   0]
 [  1  15   6   3  10 166   0]
 [ 22   2  17  23  16  56   0]]";0.6719706242350061;0.5879921147773527;"[[ 58   2   7   8  15  16   0]
 [  0  55   6   2   2   1   0]
 [  0   3 121   1   0   1   0]
 [ 14   6  27 150  46   3   0]
 [  4  12   0   4  99   9   0]
 [  2  10   3   1   8  66   0]
 [ 12   2  15   3   7  16   0]]";63;[12  3  8 22  7  5  6]
437;Cora;own;0.5;0.2;64;0.5;1;0.005;1866817562;0.8857142857142857;0.7741363211951447;"[[13  0  0  0  1  0  0]
 [ 0  4  1  0  0  0  0]
 [ 0  0  8  0  0  0  0]
 [ 0  0  0 24  0  0  0]
 [ 0  0  0  0  8  0  0]
 [ 0  0  0  0  0  5  0]
 [ 3  0  0  0  1  2  0]]";0.757276221856123;0.6654452590038812;"[[137   6   4  11  32  24   0]
 [  4 130   9   3   2   2   0]
 [  0   4 287   4   1   4   0]
 [ 20  10  32 363  55  10   0]
 [  2   6   0   9 296  17   0]
 [  3  13   6   3  10 166   0]
 [ 44   1  12  24  18  37   0]]";0.6952264381884945;0.6091190122249731;"[[ 69   3   2   9  11  12   0]
 [  0  55   5   2   2   2   0]
 [  1   5 118   1   0   1   0]
 [ 16   8  15 160  45   2   0]
 [  7  10   0   4 101   6   0]
 [  3  10   2   1   9  65   0]
 [ 24   2  12   2   7   8   0]]";70;[14  5  8 24  8  5  6]
438;Cora;own;0.5;0.2;64;0.5;1;0.005;1866817562;0.8961038961038961;0.7925505866682337;"[[15  0  0  0  1  0  0]
 [ 0  5  1  0  0  0  0]
 [ 0  0  8  0  0  0  0]
 [ 0  0  0 27  0  0  0]
 [ 0  0  0  0  8  0  0]
 [ 0  0  0  0  0  6  0]
 [ 5  0  0  0  0  1  0]]";0.7480705622932745;0.6643611428194421;"[[165   2   5  10  20  21   0]
 [  4 126   9   4   1   5   0]
 [  0   4 278   5   0   9   0]
 [ 28   9  21 351  73  17   0]
 [  8   6   0  10 268  19   0]
 [ 19   6   6   2   3 169   0]
 [ 62   0   3  30   6  30   0]]";0.6842105263157895;0.6061522014914299;"[[ 77   3   2   8   3  13   0]
 [  1  55   5   2   0   3   0]
 [  1   5 115   2   0   3   0]
 [ 25  11   9 149  48   4   0]
 [  9   9   0   4  97   9   0]
 [  9   7   2   1   5  66   0]
 [ 31   0   2  11   4   7   0]]";77;[16  6  8 27  8  6  6]
439;Cora;own;0.5;0.2;64;0.5;1;0.005;1866817562;0.9047619047619048;0.7991154356479434;"[[17  0  0  1  0  0  0]
 [ 0  7  1  0  0  0  0]
 [ 0  0  8  0  0  0  0]
 [ 0  0  0 28  0  0  0]
 [ 0  0  0  0  8  0  0]
 [ 0  0  0  0  0  8  0]
 [ 3  0  0  0  0  3  0]]";0.7493082457111234;0.6621865995385032;"[[165   5   5  13  15  23   0]
 [  4 125  10   4   0   3   0]
 [  0   4 275   4   0   9   0]
 [ 24  11  25 365  63  17   0]
 [ 15   8   0  13 247  20   0]
 [ 13  10   5   4   4 177   0]
 [ 41   0   3  32   4  42   0]]";0.6940024479804161;0.6091195346288799;"[[ 76   3   2  10   1  14   0]
 [  0  57   4   2   0   3   0]
 [  0   5 115   2   0   4   0]
 [ 19  13   7 163  39   5   0]
 [ 10  13   0   4  89  12   0]
 [  9   8   2   1   3  67   0]
 [ 24   0   3  12   3  13   0]]";84;[18  8  8 28  8  8  6]
440;Cora;own;0.5;0.2;64;0.5;1;0.005;1866817562;0.9120879120879121;0.8124815143448684;"[[19  0  0  0  0  1  0]
 [ 0  9  0  0  0  0  0]
 [ 0  0  9  0  0  0  0]
 [ 0  0  0 29  0  0  0]
 [ 0  0  0  0  8  0  0]
 [ 0  0  0  0  0  9  0]
 [ 3  0  0  0  0  4  0]]";0.7555555555555555;0.6698541301022509;"[[184   4   3   8   9  20   0]
 [  4 128   5   4   0   3   0]
 [  0   6 279   5   0   4   0]
 [ 38  17  30 344  56  15   0]
 [ 22   8   0  14 243  18   0]
 [ 13   8   5   3   2 182   0]
 [ 42   0   3  29   3  39   0]]";0.6817625458996328;0.6043590257702244;"[[ 82   3   2   6   1  12   0]
 [  0  58   4   2   0   2   0]
 [  0   7 113   2   0   4   0]
 [ 32  16  11 146  37   4   0]
 [ 14  12   0   3  90   9   0]
 [ 11   5   2   1   3  68   0]
 [ 24   0   1  12   5  13   0]]";91;[20  9  9 29  8  9  7]
441;Cora;own;0.5;0.2;64;0.5;1;0.005;1866817562;0.9081632653061225;0.8168796190903699;"[[20  0  0  0  0  1  0]
 [ 0  9  0  0  0  0  0]
 [ 0  0 10  0  0  0  0]
 [ 1  0  0 33  0  0  0]
 [ 0  0  0  0  8  0  0]
 [ 0  0  0  0  0  9  0]
 [ 6  0  1  0  0  0  0]]";0.7713329615170106;0.6834332663241742;"[[192   2   4  15   4  13   0]
 [  3 123   5   8   0   2   0]
 [  0   9 278   4   0   3   0]
 [ 33   7  22 393  40   8   0]
 [ 25   5   0  29 225  15   0]
 [ 21   6   6   3   2 172   0]
 [ 45   0   2  32   5  32   0]]";0.7172582619339045;0.6374449790001694;"[[ 81   2   2  11   1   9   0]
 [  0  58   4   3   0   1   0]
 [  0   4 119   2   0   1   0]
 [ 25   9   8 173  29   2   0]
 [ 21   6   0   9  87   5   0]
 [  9   4   2   3   4  68   0]
 [ 26   0   1  14   5   9   0]]";98;[21  9 10 34  8  9  7]
442;Cora;own;0.5;0.2;64;0.5;1;0.005;1866817562;0.9047619047619048;0.8041557778561097;"[[21  0  0  0  0  0  0]
 [ 0 10  0  0  0  0  0]
 [ 0  0 11  0  0  0  0]
 [ 0  0  0 35  1  0  0]
 [ 1  0  0  0  9  0  0]
 [ 0  0  0  0  0  9  0]
 [ 3  0  0  2  0  3  0]]";0.7793952967525196;0.6880139805503445;"[[182   5   3  16   6  13   0]
 [  1 122   7   6   1   3   0]
 [  0  10 275   4   0   3   0]
 [ 35   5  20 400  42  11   0]
 [ 25   5   0  23 239   7   0]
 [ 15   7   6   6   1 174   0]
 [ 39   0   1  33   4  31   0]]";0.7258261933904528;0.6433842239007168;"[[ 77   4   2  13   1   9   0]
 [  0  59   5   2   0   0   0]
 [  0   5 118   2   0   1   0]
 [ 24   7   6 177  28   4   0]
 [ 19   6   0   7  92   4   0]
 [  7   4   2   3   4  70   0]
 [ 22   0   2  14   6  11   0]]";105;[21 10 11 36 10  9  8]
443;Cora;own;0.5;0.2;64;0.5;1;0.005;1866817562;0.9107142857142857;0.8227044404259595;"[[21  0  0  0  0  0  0]
 [ 0 10  0  0  0  0  0]
 [ 0  0 12  0  0  0  0]
 [ 0  0  0 37  1  0  0]
 [ 0  0  0  0 12  0  0]
 [ 0  0  0  0  0 10  0]
 [ 3  0  0  4  2  0  0]]";0.7914558740865655;0.7020202221143769;"[[174   4   5  13  12  13   0]
 [  0 124   4   6   2   2   0]
 [  0   5 281   4   0   2   0]
 [ 26   5  30 396  52   8   0]
 [ 14   4   0  15 264   4   0]
 [ 13   5   7   7   3 169   0]
 [ 34   0   2  44   7  19   0]]";0.7307221542227662;0.6530534080139694;"[[ 76   4   3  13   2   8   0]
 [  0  57   4   4   1   0   0]
 [  0   3 120   2   1   0   0]
 [ 20   7  12 166  36   5   0]
 [  7   5   0   5 109   2   0]
 [  8   1   2   5   5  69   0]
 [ 20   0   2  21   5   7   0]]";112;[21 10 12 38 12 10  9]
444;Cora;own;0.5;0.2;64;0.5;1;0.005;1866817562;0.8823529411764706;0.7964610345562726;"[[22  0  0  0  0  1  0]
 [ 0 10  0  0  0  0  0]
 [ 0  1 13  0  0  0  0]
 [ 0  0  0 38  1  0  0]
 [ 0  0  0  1 12  0  0]
 [ 0  0  0  0  0 10  0]
 [ 7  0  0  3  0  0  0]]";0.7923250564334086;0.7039725059927032;"[[192   5   2  16   6   6   0]
 [  0 123   2   8   0   1   0]
 [  2   7 280   4   0   5   0]
 [ 35   6  18 409  40   5   0]
 [ 26   2   0  24 245   2   0]
 [ 22   3   5   8   4 155   0]
 [ 36   2   2  46   6  12   0]]";0.7294981640146879;0.6544405363654671;"[[ 81   4   1  12   3   5   0]
 [  1  56   4   5   0   0   0]
 [  1   3 119   2   1   0   0]
 [ 27   6   9 171  30   3   0]
 [ 13   4   0   7 103   1   0]
 [ 13   1   2   5   3  66   0]
 [ 25   1   2  21   3   3   0]]";119;[23 10 14 39 13 10 10]
445;Cora;own;0.5;0.2;64;0.5;1;0.005;1866817562;0.8888888888888888;0.7861283611034304;"[[22  0  0  0  0  1  0]
 [ 0 10  0  0  0  0  0]
 [ 0  0 15  0  0  0  0]
 [ 0  0  0 40  0  0  0]
 [ 0  0  0  1 15  1  0]
 [ 0  0  0  0  0 10  0]
 [ 2  0  1  1  1  6  0]]";0.7903682719546742;0.6981613258872883;"[[181   5   3  13  10  16   0]
 [  0 111   6   7   4   3   0]
 [  1   0 289   4   0   3   0]
 [ 31   6  29 405  37   6   0]
 [ 17   2   0  23 254   2   0]
 [ 11   2  10   8   7 155   0]
 [ 27   1   6  36  12  22   0]]";0.7246022031823746;0.6458671998267873;"[[ 77   4   4  13   3   5   0]
 [  1  51   6   4   4   0   0]
 [  0   2 121   2   1   0   0]
 [ 27   7  10 169  29   4   0]
 [ 11   2   0   9 105   1   0]
 [  9   0   6   2   4  69   0]
 [ 17   0   4  19   6   9   0]]";126;[23 10 15 40 17 10 11]
446;Cora;own;0.5;0.2;64;0.5;1;0.005;1866817562;0.8947368421052632;0.8045361192980239;"[[23  0  0  0  0  1  0]
 [ 0 11  0  0  0  0  0]
 [ 0  0 16  0  0  0  0]
 [ 1  0  0 40  0  0  0]
 [ 0  0  0  0 18  0  0]
 [ 0  0  0  0  0 11  0]
 [ 8  0  1  0  1  2  0]]";0.7929465301478953;0.6993766017976621;"[[190   4   1   9  10  13   0]
 [  0 111   5   7   5   3   0]
 [  0   2 284   4   0   2   0]
 [ 44   7  16 404  36   4   0]
 [ 17   0   0  21 257   1   0]
 [ 23   4  11   4   6 148   0]
 [ 37   1   2  36   8  21   0]]";0.7368421052631579;0.6555589711198867;"[[ 85   4   1   8   3   5   0]
 [  1  51   7   4   3   0   0]
 [  1   2 120   2   1   0   0]
 [ 32   8   6 169  28   3   0]
 [  5   3   0   7 112   1   0]
 [ 13   0   5   3   4  65   0]
 [ 23   0   2  19   4   7   0]]";133;[24 11 16 41 18 11 12]
447;Cora;own;0.5;0.2;64;0.5;1;0.005;1866817562;0.8928571428571429;0.809172992158546;"[[24  0  0  0  0  1  0]
 [ 0 11  0  0  0  0  0]
 [ 0  0 17  0  0  0  0]
 [ 1  0  0 42  0  0  0]
 [ 0  0  0  0 19  0  0]
 [ 0  0  0  0  0 12  0]
 [ 6  0  0  4  1  2  0]]";0.7961165048543689;0.7051643703732492;"[[200   3   2   7   4  13   0]
 [  2 111   5   6   3   3   0]
 [  0   0 283   4   0   3   0]
 [ 54   6   6 400  41   5   0]
 [ 17   1   0  20 250   2   0]
 [ 24   4  10   5   4 150   0]
 [ 36   1   1  42   7  16   0]]";0.7429620563035496;0.6624950706320731;"[[ 89   3   1   6   2   5   0]
 [  2  52   6   4   2   0   0]
 [  1   2 120   2   1   0   0]
 [ 38   8   2 167  28   3   0]
 [  7   2   0   4 113   2   0]
 [ 13   0   5   3   3  66   0]
 [ 23   0   4  16   4   8   0]]";140;[25 11 17 43 19 12 13]
448;Cora;own;0.5;0.2;64;0.5;1;0.005;1866817562;0.8707482993197279;0.7858245866211488;"[[25  1  0  0  0  1  0]
 [ 0 11  0  0  0  1  0]
 [ 0  0 18  0  0  0  0]
 [ 1  0  0 43  1  0  0]
 [ 0  0  0  0 19  0  0]
 [ 0  0  0  0  0 12  0]
 [ 5  0  0  6  1  2  0]]";0.8038990825688074;0.7094577651771383;"[[186   4   4  12   8  14   0]
 [  0 112   5   6   3   2   0]
 [  0   0 282   4   0   3   0]
 [ 39   6   5 420  40   4   0]
 [ 13   1   0  19 254   1   0]
 [ 18   5  12   8   5 148   0]
 [ 20   3   4  51  10  13   0]]";0.7490820073439413;0.6636692209344986;"[[ 81   3   2  11   4   5   0]
 [  1  50   8   5   2   0   0]
 [  0   2 121   2   1   0   0]
 [ 33   8   1 177  25   2   0]
 [  5   2   0   4 116   1   0]
 [ 12   0   4   4   3  67   0]
 [ 13   2  10  19   6   5   0]]";147;[27 12 18 45 19 12 14]
449;Cora;own;0.5;0.2;64;0.5;1;0.005;1866817562;0.8701298701298701;0.7962229436329996;"[[26  1  0  0  0  2  0]
 [ 0 12  1  0  0  0  0]
 [ 0  0 19  0  0  0  0]
 [ 1  0  0 44  1  0  0]
 [ 0  0  0  0 20  0  0]
 [ 0  0  0  0  0 12  0]
 [ 8  0  2  1  2  1  1]]";0.7996545768566494;0.7057618040171967;"[[192   4   4   8   4  12   0]
 [  1 112   6   6   3   0   0]
 [  0   0 282   3   0   2   0]
 [ 50   7   4 413  37   6   0]
 [ 18   2   0  19 246   1   0]
 [ 23   6  10   6   4 144   0]
 [ 31   4   5  44   9   9   0]]";0.7503059975520195;0.664875353791173;"[[ 85   3   2   8   3   5   0]
 [  1  50   8   5   2   0   0]
 [  0   2 122   1   1   0   0]
 [ 35   8   1 177  23   2   0]
 [  9   2   0   4 112   1   0]
 [ 12   0   4   4   3  67   0]
 [ 16   2  11  17   5   4   0]]";154;[29 13 19 46 20 12 15]
450;Cora;own;0.5;0.2;64;0.5;1;0.005;1866817562;0.9316770186335404;0.9118447263295811;"[[28  1  0  0  0  1  0]
 [ 0 14  0  0  0  0  0]
 [ 0  0 20  0  0  0  0]
 [ 1  0  0 46  0  0  0]
 [ 0  0  0  0 21  0  0]
 [ 0  0  0  0  0 13  0]
 [ 4  0  0  1  2  1  8]]";0.8109826589595376;0.7169199944346704;"[[186   6   4   7   8  13   0]
 [  1 113   6   3   3   0   0]
 [  0   0 281   4   0   2   0]
 [ 37   9   5 421  36   5   0]
 [ 12   2   0  14 257   1   0]
 [ 22   6  10   7   5 143   0]
 [ 23   5   4  44  12  11   2]]";0.7576499388004896;0.6754591648303805;"[[ 82   4   2   9   4   5   0]
 [  2  53   6   3   2   0   0]
 [  0   2 122   1   1   0   0]
 [ 29   8   1 178  29   1   0]
 [  6   2   0   3 116   1   0]
 [ 11   2   4   3   3  67   0]
 [ 14   2   7  19   7   5   1]]";161;[30 14 20 47 21 13 16]
451;Cora;own;0.5;0.2;64;0.5;1;0.005;1866817562;0.9761904761904762;0.9781179138321995;"[[30  0  0  0  0  0  0]
 [ 0 15  0  0  0  0  0]
 [ 0  0 21  0  0  0  0]
 [ 1  0  0 47  0  0  0]
 [ 0  0  0  1 22  0  0]
 [ 0  0  0  0  0 14  0]
 [ 2  0  0  0  0  0 15]]";0.828786999419617;0.7736772017819165;"[[190   2   4   9  11   8   1]
 [  3 110   6   4   3   0   0]
 [  0   0 279   5   0   2   0]
 [ 34   8   4 428  33   3   0]
 [  8   1   0  16 258   1   0]
 [ 21   6  10   8   6 141   0]
 [ 21   0   1  38   7  11  22]]";0.7674418604651163;0.7344794298586683;"[[ 80   3   2  11   5   5   0]
 [  3  51   5   5   2   0   0]
 [  0   2 122   1   1   0   0]
 [ 28   8   1 179  29   1   0]
 [  6   2   0   6 113   1   0]
 [ 11   2   4   3   4  66   0]
 [ 10   0   3  18   5   3  16]]";168;[30 15 21 48 23 14 17]
452;Cora;own;0.5;0.2;64;0.5;1;0.005;1866817562;0.9885714285714285;0.9875994972769168;"[[31  0  0  0  0  0  0]
 [ 0 15  0  0  0  0  0]
 [ 0  0 22  0  0  0  0]
 [ 0  1  0 49  0  0  0]
 [ 0  0  0  0 24  0  0]
 [ 0  0  0  0  0 15  0]
 [ 1  0  0  0  0  0 17]]";0.8205128205128205;0.7787088068340137;"[[196   3   4   6   8   7   2]
 [  6 106   7   3   2   2   0]
 [  0   0 275   5   0   2   0]
 [ 50  10   7 401  33   3   3]
 [  9   1   0  15 256   1   0]
 [ 24   5   8   3   6 143   4]
 [ 20   0   1  34   6   8  31]]";0.7711138310893513;0.760493407614769;"[[ 80   4   2   7   5   5   3]
 [  4  52   5   3   1   0   1]
 [  0   2 122   1   1   0   0]
 [ 37   9   3 167  29   1   0]
 [  6   3   0   2 115   2   0]
 [ 14   2   4   2   3  65   0]
 [  4   0   3  14   4   1  29]]";175;[31 15 22 50 24 15 18]
453;Cora;own;0.5;0.2;64;0.5;1;0.005;1866817562;0.989010989010989;0.9897737011723029;"[[30  0  0  0  0  0  1]
 [ 0 16  0  0  0  0  0]
 [ 0  0 23  0  0  0  0]
 [ 0  0  0 52  0  0  0]
 [ 0  0  0  1 23  0  0]
 [ 0  0  0  0  0 16  0]
 [ 0  0  0  0  0  0 20]]";0.8344060854300761;0.8016713330044143;"[[187   3   4   7   8   8   7]
 [  3 107   6   5   2   1   0]
 [  0   1 275   4   0   2   0]
 [ 35  10   5 422  25   3   2]
 [ 10   1   0  20 249   1   0]
 [ 21   5   8   6   5 142   5]
 [ 14   0   1  36   4   5  44]]";0.7858017135862914;0.7717770252544707;"[[ 77   3   3   9   4   5   5]
 [  2  53   5   4   1   0   1]
 [  0   2 122   1   1   0   0]
 [ 29   9   1 184  22   1   0]
 [  6   3   0   7 111   1   0]
 [ 13   2   4   3   2  64   2]
 [  4   0   1  17   1   1  31]]";182;[31 16 23 52 24 16 20]
454;Cora;own;0.5;0.2;64;0.5;1;0.005;1866817562;0.9894179894179894;0.9879697610751618;"[[31  0  0  0  0  0  1]
 [ 0 17  0  0  0  0  0]
 [ 0  0 24  0  0  0  0]
 [ 0  0  0 52  0  0  0]
 [ 0  0  0  0 26  0  0]
 [ 1  0  0  0  0 17  0]
 [ 0  0  0  0  0  0 20]]";0.8284371327849589;0.8010939166153593;"[[187   2   4   6   7   6   7]
 [  4 106   6   5   2   1   0]
 [  0   1 274   4   0   2   0]
 [ 46  10   7 402  33   3   4]
 [ 12   0   0  12 254   1   0]
 [ 25   6   7   3   6 139   4]
 [ 16   0   1  30   5   4  48]]";0.773561811505508;0.7634621492818295;"[[ 79   4   2   5   4   5   7]
 [  2  51   6   4   2   0   1]
 [  0   2 122   1   1   0   0]
 [ 36   9   2 168  30   1   0]
 [  6   2   0   2 116   2   0]
 [ 16   2   4   2   2  63   1]
 [  6   0   1  13   1   1  33]]";189;[32 17 24 52 26 18 20]
455;Cora;own;0.5;0.2;64;0.5;1;0.005;1866817562;0.9693877551020408;0.967953170769279;"[[32  0  0  0  1  1  1]
 [ 0 18  0  0  0  0  0]
 [ 0  0 25  0  0  0  0]
 [ 0  0  0 52  0  0  0]
 [ 0  0  0  1 25  0  0]
 [ 0  0  0  0  0 17  1]
 [ 0  0  0  1  0  0 21]]";0.8353982300884956;0.8049151805767771;"[[182   4   4   9   9   8   9]
 [  2 107   6   6   2   0   1]
 [  0   0 274   4   0   2   0]
 [ 31   9   6 426  24   2   4]
 [ 15   2   0  16 238   3   0]
 [ 22   5   8   4   5 139   6]
 [ 14   2   2  26   4   3  50]]";0.7906976744186046;0.776116164509005;"[[ 78   3   2   9   3   5   6]
 [  1  52   6   6   1   0   0]
 [  0   2 122   1   1   0   0]
 [ 27   9   2 184  23   1   0]
 [  6   3   0   5 113   1   0]
 [ 12   2   4   3   2  64   3]
 [  5   1   2  12   1   1  33]]";196;[35 18 25 52 26 18 22]
456;Cora;own;0.5;0.2;64;0.5;1;0.005;1866817562;0.9901477832512315;0.9888888888888889;"[[35  0  0  0  0  1  0]
 [ 0 19  0  0  0  0  0]
 [ 0  0 26  0  0  0  0]
 [ 0  0  0 52  0  0  0]
 [ 0  0  0  0 28  0  0]
 [ 1  0  0  0  0 19  0]
 [ 0  0  0  0  0  0 22]]";0.8447867298578199;0.8362647724290545;"[[189   3   3   6  10   9   4]
 [  4 104   6   5   4   1   0]
 [  0   0 273   4   0   2   0]
 [ 47   8   5 397  35   2   5]
 [ 13   0   0  12 243   3   0]
 [ 20   4   9   3   5 148   3]
 [ 14   0   1   4   4   4  72]]";0.8017135862913096;0.8048401588453837;"[[ 80   4   2   7   6   5   2]
 [  1  52   6   5   2   0   0]
 [  0   2 121   2   1   0   0]
 [ 33   9   2 174  27   1   0]
 [  5   2   1   2 115   3   0]
 [ 12   2   4   1   2  69   0]
 [  6   0   1   2   1   1  44]]";203;[36 19 26 52 28 20 22]
457;Cora;own;0.5;0.2;64;0.5;1;0.005;1866817562;0.9714285714285714;0.9685108054124699;"[[34  0  0  0  0  2  0]
 [ 0 20  0  0  0  0  0]
 [ 0  0 27  0  0  0  0]
 [ 0  0  0 53  0  0  0]
 [ 1  0  0  0 28  0  0]
 [ 1  0  0  0  0 20  0]
 [ 1  0  0  0  0  1 22]]";0.8447352766210589;0.8356970891022067;"[[186   3   6   6   9   9   4]
 [  3 101   6   5   4   2   0]
 [  1   0 275   9   1   2   0]
 [ 38   9  11 400  28   3   3]
 [ 13   0   0  12 242   4   0]
 [ 20   4   9   5   4 144   3]
 [ 12   0   1   4   4   4  72]]";0.8102815177478581;0.8100369910354964;"[[ 78   3   4   7   6   5   3]
 [  1  51   7   5   2   0   0]
 [  0   2 123   1   0   0   0]
 [ 28   9   3 180  25   1   0]
 [  5   2   1   2 115   3   0]
 [ 10   2   4   2   2  70   0]
 [  5   0   1   2   1   1  45]]";210;[36 20 27 53 29 21 24]
458;Cora;own;0.5;0.2;64;0.5;1;0.005;1866817562;0.9723502304147466;0.9710642010876861;"[[36  0  0  0  0  1  0]
 [ 0 21  1  0  0  0  0]
 [ 0  0 27  0  0  0  0]
 [ 0  0  0 54  1  0  1]
 [ 1  0  0  0 28  0  0]
 [ 0  0  0  0  0 22  0]
 [ 0  0  1  0  0  0 23]]";0.8464755077658304;0.8357125166239276;"[[182   4   8   6  10   8   4]
 [  2 101  10   5   6   2   0]
 [  0   0 275   6   1   1   0]
 [ 33   8  14 401  27   5   4]
 [ 13   0   0  11 241   3   0]
 [ 17   4   9   5   5 148   1]
 [ 13   0   2   4   3   3  69]]";0.8102815177478581;0.8099005328005972;"[[ 78   3   4   7   7   5   2]
 [  1  52   7   4   2   0   0]
 [  0   2 123   1   0   0   0]
 [ 25   9   8 179  24   1   0]
 [  5   2   1   1 116   3   0]
 [ 10   2   4   2   2  70   0]
 [  5   0   1   2   1   2  44]]";217;[37 22 27 56 29 22 24]
459;Cora;own;0.5;0.2;64;0.5;1;0.005;1866817562;0.96875;0.9661073922648263;"[[35  0  0  0  0  1  1]
 [ 0 22  1  0  0  0  0]
 [ 0  0 28  0  0  0  0]
 [ 0  0  0 56  1  1  0]
 [ 0  0  0  0 30  0  0]
 [ 0  0  0  0  0 23  1]
 [ 1  0  0  0  0  0 23]]";0.8470305938812237;0.8269673553084284;"[[182   4   5   6  12   8   5]
 [  2  99   9   5   6   3   0]
 [  0   0 275   4   1   2   0]
 [ 31   9   8 404  30   9   1]
 [  9   0   0  13 242   3   0]
 [ 15   4   7   3   5 153   0]
 [ 15   0   1   3   3  14  57]]";0.806609547123623;0.8037120063167592;"[[ 77   3   3   7   8   6   2]
 [  1  53   6   5   1   0   0]
 [  0   2 123   1   0   0   0]
 [ 24   8   8 179  26   1   0]
 [  5   3   1   2 115   2   0]
 [  8   2   4   2   2  72   0]
 [  7   0   1   2   1   4  40]]";224;[37 23 28 58 30 24 24]
460;Cora;own;0.5;0.2;64;0.5;1;0.005;1866817562;0.9783549783549783;0.9764833959645143;"[[37  0  0  0  0  1  1]
 [ 0 23  1  0  0  0  0]
 [ 0  0 28  0  0  0  0]
 [ 0  0  0 59  0  1  0]
 [ 0  0  0  0 30  0  0]
 [ 1  0  0  0  0 24  0]
 [ 0  0  0  0  0  0 25]]";0.8475903614457831;0.82964876628138;"[[198   3   5   9   3   7   4]
 [  4  99   9   5   4   1   0]
 [  0   0 275   4   1   2   0]
 [ 41  10   6 402  19   5   1]
 [ 20   0   0  12 230   3   0]
 [ 20   4   5   5   5 146   1]
 [ 20   0   1   2   3   9  57]]";0.8041615667074663;0.8027852672807905;"[[ 87   2   1   7   4   3   2]
 [  1  54   6   5   0   0   0]
 [  0   2 123   1   0   0   0]
 [ 36   7   6 179  17   1   0]
 [ 10   3   1   3 109   2   0]
 [ 13   2   3   3   1  67   1]
 [ 11   0   1   2   1   2  38]]";231;[39 24 28 60 30 25 25]
461;Cora;own;0.5;0.2;64;0.5;1;0.005;1866817562;0.9831932773109243;0.9821611901159654;"[[38  0  0  0  1  0  1]
 [ 0 24  1  0  0  0  0]
 [ 0  0 29  0  0  0  0]
 [ 0  0  0 60  0  1  0]
 [ 0  0  0  0 31  0  0]
 [ 0  0  0  0  0 26  0]
 [ 0  0  0  0  0  0 26]]";0.8554143980641258;0.8400043022864931;"[[181   3   8  11   6   6   6]
 [  2 100  10   6   2   1   0]
 [  0   0 271   4   1   2   0]
 [ 35   8   7 402  26   8   4]
 [ 11   0   0   9 245   2   0]
 [ 13   4   5   4   4 151   3]
 [  9   0   1   2   3  13  64]]";0.8164014687882497;0.8124687302485688;"[[ 78   2   2   8   6   5   5]
 [  1  55   6   4   0   0   0]
 [  0   2 123   1   0   0   0]
 [ 26   7   6 183  23   1   0]
 [  5   3   1   3 115   1   0]
 [  8   3   3   2   2  70   2]
 [  4   0   1   1   2   4  43]]";238;[40 25 29 61 31 26 26]
462;Cora;own;0.5;0.2;64;0.5;1;0.005;1866817562;0.9714285714285714;0.9690237460939004;"[[38  0  0  0  1  0  2]
 [ 0 25  1  0  0  0  0]
 [ 0  0 30  0  0  0  0]
 [ 0  0  0 62  0  1  0]
 [ 1  0  0  0 31  0  0]
 [ 0  0  0  0  0 26  0]
 [ 0  0  0  0  0  1 26]]";0.8535844471445929;0.8384881355400766;"[[181   3   8   8   3   8   4]
 [  2 100  11   7   0   1   0]
 [  0   0 269   6   1   2   0]
 [ 40   7   5 407  22  10   1]
 [ 16   1   0  10 236   3   0]
 [ 13   2   6   4   4 152   0]
 [  7   0   1   4   3  18  60]]";0.8237454100367197;0.815451561450922;"[[ 86   2   1   6   3   5   3]
 [  1  55   6   4   0   0   0]
 [  0   2 123   1   0   0   0]
 [ 28   7   6 186  17   2   0]
 [  7   3   1   3 113   1   0]
 [  7   2   3   2   2  72   2]
 [  5   0   1   2   1   8  38]]";245;[41 26 30 63 32 26 27]
463;Cora;own;0.5;0.2;64;0.5;1;0.005;1866817562;0.9761904761904762;0.9742015912397267;"[[42  0  0  0  0  0  0]
 [ 0 26  1  0  0  0  0]
 [ 0  0 31  0  0  0  0]
 [ 0  0  0 63  0  2  0]
 [ 1  0  0  0 32  0  0]
 [ 0  0  0  0  0 26  0]
 [ 1  0  0  0  0  1 26]]";0.8486882245271506;0.835281875515389;"[[187   3   7   8   3   4   2]
 [  3  97  11   7   2   0   0]
 [  1   0 268   6   1   1   0]
 [ 41   6   5 406  27   3   3]
 [ 21   0   0   7 235   2   0]
 [ 23   1   6   7   5 137   1]
 [ 13   0   1   4   3  10  61]]";0.8225214198286414;0.8205425697405786;"[[ 92   2   1   6   3   0   2]
 [  1  54   6   5   0   0   0]
 [  1   2 122   1   0   0   0]
 [ 30   7   2 184  23   0   0]
 [  8   3   0   3 113   1   0]
 [ 13   2   3   2   2  66   2]
 [  7   0   1   2   1   3  41]]";252;[42 27 31 65 33 26 28]
464;Cora;own;0.5;0.2;64;0.5;1;0.005;1866817562;0.972972972972973;0.9701492179650286;"[[42  0  0  0  0  0  0]
 [ 0 27  1  0  0  0  0]
 [ 0  0 32  0  0  0  0]
 [ 0  0  0 65  0  2  0]
 [ 1  0  0  0 32  0  0]
 [ 0  0  0  0  0 27  0]
 [ 1  0  0  0  0  2 27]]";0.8547794117647058;0.8394120234599713;"[[182   3   7  10   4   7   1]
 [  2  98  11   7   0   1   0]
 [  0   0 267   6   1   2   0]
 [ 34   8   6 410  23   5   3]
 [ 18   0   0  11 233   3   0]
 [ 14   2   8   3   5 147   0]
 [ 11   1   1   4   3  12  58]]";0.824969400244798;0.8214044669499201;"[[ 86   2   1  10   3   3   1]
 [  1  54   6   5   0   0   0]
 [  0   2 123   1   0   0   0]
 [ 25   7   5 190  17   2   0]
 [  9   3   1   3 111   1   0]
 [ 11   2   4   1   2  68   2]
 [  5   0   1   2   1   4  42]]";259;[42 28 32 67 33 27 30]
465;Cora;own;0.5;0.2;64;0.5;1;0.005;1866817562;0.9624060150375939;0.9599800010004141;"[[41  0  0  0  0  0  1]
 [ 0 28  1  0  0  0  0]
 [ 0  0 32  0  0  0  0]
 [ 0  0  1 66  0  2  0]
 [ 1  0  0  0 33  0  0]
 [ 0  0  0  0  0 28  0]
 [ 2  0  0  0  0  2 28]]";0.8498461538461538;0.8331511598810429;"[[179   3   7  10   4   8   2]
 [  2 100  10   6   0   0   0]
 [  0   0 262   5   1   3   0]
 [ 38   9   9 404  22   7   3]
 [ 19   0   0   9 232   3   0]
 [ 13   3   6   2   5 146   0]
 [ 10   2   1   1   3  18  58]]";0.8335373317013464;0.8299772063301075;"[[ 89   2   1   7   3   3   1]
 [  1  56   6   3   0   0   0]
 [  0   2 123   1   0   0   0]
 [ 26   7   5 189  17   2   0]
 [  9   3   0   3 111   2   0]
 [  8   3   3   1   2  71   2]
 [  5   0   1   1   1   5  42]]";266;[42 29 32 69 34 28 32]
466;Cora;own;0.5;0.2;64;0.5;1;0.005;1866817562;0.9560439560439561;0.9564686062342697;"[[40  0  0  0  0  1  1]
 [ 0 28  1  0  0  0  0]
 [ 0  0 33  0  0  0  0]
 [ 2  0  0 69  2  1  0]
 [ 1  0  0  0 33  0  0]
 [ 0  0  0  0  0 28  0]
 [ 2  0  0  0  0  1 30]]";0.8485784919653894;0.8324219538733841;"[[177   3   5  12   4   8   3]
 [  2  97  10   6   1   1   0]
 [  0   0 259   6   1   3   0]
 [ 32   7   8 409  26   6   4]
 [ 19   0   0  10 231   2   0]
 [ 14   3   7   4   5 140   1]
 [  9   1   1   3   4  14  60]]";0.8274173806609547;0.8227058130962706;"[[ 87   2   1   9   4   1   2]
 [  1  54   6   5   0   0   0]
 [  1   2 122   1   0   0   0]
 [ 23   7   3 190  21   1   1]
 [  8   3   0   3 113   1   0]
 [ 10   2   3   2   2  68   3]
 [  5   0   1   2   2   3  42]]";273;[42 29 33 74 34 28 33]
467;Cora;own;0.5;0.2;64;0.5;1;0.005;1866817562;0.9642857142857143;0.9636618842306577;"[[40  0  0  0  0  1  1]
 [ 0 29  1  0  0  0  0]
 [ 0  0 34  0  0  0  0]
 [ 1  0  0 73  1  1  0]
 [ 1  0  0  1 33  0  0]
 [ 0  0  0  0  0 29  0]
 [ 1  0  0  0  0  1 32]]";0.8597144630664184;0.84577565097445;"[[178   3   5  13   4   8   2]
 [  2  96  10   7   0   1   0]
 [  0   0 258   7   1   3   0]
 [ 25   7   5 421  23   5   2]
 [ 19   0   0  11 228   3   0]
 [ 14   2   6   4   5 141   1]
 [  9   1   0   4   3  11  63]]";0.8396572827417381;0.833657015481232;"[[ 86   2   1  12   3   1   1]
 [  1  55   6   4   0   0   0]
 [  0   2 123   1   0   0   0]
 [ 18   4   3 202  17   1   1]
 [  9   3   1   4 110   1   0]
 [ 11   2   3   2   2  67   3]
 [  5   0   1   2   1   3  43]]";280;[42 30 34 76 35 29 34]
468;Cora;own;0.5;0.2;64;0.5;1;0.005;1866817562;0.9651567944250871;0.9646263095539889;"[[41  0  0  0  0  1  1]
 [ 0 30  1  0  0  0  0]
 [ 0  0 35  0  0  0  0]
 [ 1  0  0 74  1  0  0]
 [ 1  0  0  1 34  0  0]
 [ 0  0  0  1  0 30  0]
 [ 1  0  0  0  0  1 33]]";0.8591022443890274;0.845370860986476;"[[180   3   6  11   3   8   1]
 [  2  96  10   6   1   0   0]
 [  0   0 258   7   1   3   0]
 [ 26   7   7 415  24   4   4]
 [ 21   0   0  10 226   3   0]
 [ 15   2   5   3   4 141   1]
 [ 10   2   1   3   3   9  62]]";0.835985312117503;0.8264857464410004;"[[ 89   2   1   8   3   1   2]
 [  1  55   6   3   1   0   0]
 [  0   2 123   1   0   0   0]
 [ 18   4   4 200  18   1   1]
 [ 10   3   1   3 110   1   0]
 [ 12   3   2   4   2  65   2]
 [  6   1   1   1   1   4  41]]";287;[43 31 35 76 36 31 35]
469;Cora;own;0.5;0.2;64;0.5;1;0.005;1866817562;0.9625850340136054;0.9602833506259252;"[[43  0  0  0  0  0  1]
 [ 0 31  2  0  0  0  0]
 [ 0  0 35  0  0  0  0]
 [ 0  0  0 76  1  0  0]
 [ 1  0  0  1 34  0  0]
 [ 0  0  0  2  1 31  0]
 [ 1  0  0  0  0  1 33]]";0.8572323105823418;0.8450181555899793;"[[179   3   5  14   4   7   1]
 [  2  95  11   6   1   1   0]
 [  0   0 256   8   0   3   0]
 [ 23   5   6 418  26   4   4]
 [ 21   0   0  11 222   2   0]
 [ 17   1   5   5   4 136   1]
 [ 11   1   1   3   5   6  63]]";0.8274173806609547;0.8209006936165268;"[[ 86   2   1  11   3   2   1]
 [  1  56   5   3   1   0   0]
 [  1   2 122   1   0   0   0]
 [ 16   4   4 200  20   1   1]
 [ 11   3   3   4 106   1   0]
 [ 11   2   2   5   2  65   3]
 [  7   0   1   1   2   3  41]]";294;[44 33 35 77 36 34 35]
470;Cora;own;0.5;0.2;64;0.5;1;0.005;1866817562;0.9700996677740864;0.9683308181004033;"[[45  0  0  0  0  1  0]
 [ 0 32  2  0  0  0  0]
 [ 0  0 36  0  0  0  0]
 [ 0  0  0 76  1  1  0]
 [ 1  0  0  0 36  0  0]
 [ 0  0  0  1  0 33  0]
 [ 1  0  0  0  0  1 34]]";0.8603773584905661;0.8472163686873413;"[[179   3   5  13   4   6   1]
 [  2  95  10   6   1   1   0]
 [  0   0 256   7   0   3   0]
 [ 24   6   6 416  25   3   5]
 [ 21   0   1   8 222   3   0]
 [ 17   1   5   4   3 138   1]
 [ 12   1   1   3   5   5  62]]";0.8335373317013464;0.8262605839658803;"[[ 86   2   1  11   3   2   1]
 [  1  56   5   3   1   0   0]
 [  1   2 122   1   0   0   0]
 [ 17   4   3 204  16   1   1]
 [ 11   3   5   3 105   1   0]
 [ 11   2   2   4   2  67   2]
 [  7   0   1   1   2   3  41]]";301;[46 34 36 78 37 34 36]
471;Cora;own;0.5;0.2;64;0.5;1;0.005;1866817562;0.9707792207792207;0.9681265611217249;"[[46  0  1  0  0  0  1]
 [ 0 34  1  0  0  0  0]
 [ 0  0 36  0  0  0  0]
 [ 0  0  0 78  0  1  0]
 [ 1  0  0  0 36  0  0]
 [ 0  0  0  0  1 35  0]
 [ 2  0  0  0  0  1 34]]";0.86481364497789;0.8505801837899589;"[[175   3   5  11   4   8   2]
 [  3  95   9   6   1   1   0]
 [  0   0 258   5   0   3   0]
 [ 24   7   5 419  20   4   6]
 [ 21   0   0  10 219   4   0]
 [ 18   1   5   1   2 137   3]
 [  9   0   1   2   2   8  66]]";0.835985312117503;0.8270335777517129;"[[ 84   2   1  10   2   3   4]
 [  0  57   5   3   1   0   0]
 [  0   2 123   1   0   0   0]
 [ 19   4   4 202  14   2   1]
 [ 11   4   3   3 106   1   0]
 [ 10   2   2   3   2  68   3]
 [  4   1   1   1   1   4  43]]";308;[48 35 36 79 37 36 37]
472;Cora;own;0.5;0.2;64;0.5;1;0.005;1866817562;0.9714285714285714;0.9694327787657384;"[[47  0  1  0  0  0  1]
 [ 0 34  1  0  0  0  0]
 [ 0  0 36  0  0  0  0]
 [ 0  0  1 80  0  1  0]
 [ 1  0  0  0 37  0  0]
 [ 0  0  0  0  1 36  0]
 [ 1  0  0  0  0  1 36]]";0.866751269035533;0.8572154081810818;"[[175   3   5  11   5   6   1]
 [  2  96   8   7   1   0   0]
 [  0   0 257   5   0   3   0]
 [ 27   6   5 417  20   4   5]
 [ 23   0   0  10 217   3   0]
 [ 19   2   6   1   1 136   2]
 [  9   0   1   2   1   6  68]]";0.847001223990208;0.8413745900950118;"[[ 90   2   1   7   2   2   2]
 [  1  56   5   3   1   0   0]
 [  1   2 122   1   0   0   0]
 [ 19   4   3 204  13   2   1]
 [ 11   4   3   2 107   1   0]
 [ 11   1   2   4   2  67   3]
 [  5   0   1   1   0   2  46]]";315;[49 35 36 82 38 37 38]
473;Cora;own;0.5;0.2;64;0.5;1;0.005;1866817562;0.9813664596273292;0.9804234019069199;"[[52  0  0  0  0  0  0]
 [ 0 34  1  0  0  0  0]
 [ 0  0 36  0  0  0  0]
 [ 0  0  1 80  0  1  0]
 [ 1  0  0  0 38  0  0]
 [ 0  0  0  0  0 39  0]
 [ 1  0  0  0  0  1 37]]";0.868706182281708;0.8562677877312067;"[[173   3   3  13   5   6   1]
 [  2  97   7   7   1   0   0]
 [  0   0 257   5   0   3   0]
 [ 27   6   5 415  20   4   5]
 [ 19   0   0   9 222   3   0]
 [ 18   1   6   1   1 136   2]
 [  9   0   1   2   1  10  63]]";0.8445532435740514;0.8346266324067686;"[[ 89   2   0   9   1   3   2]
 [  1  56   4   3   1   1   0]
 [  1   3 121   1   0   0   0]
 [ 18   4   2 206  13   2   1]
 [ 10   4   3   3 106   2   0]
 [ 10   2   2   3   1  69   3]
 [  4   0   0   1   1   6  43]]";322;[52 35 36 82 39 39 39]
474;Cora;own;0.5;0.2;64;0.5;1;0.005;1866817562;0.9817629179331308;0.9808852236603941;"[[53  0  0  0  0  0  0]
 [ 0 35  1  0  0  0  0]
 [ 0  0 37  0  0  0  0]
 [ 0  0  1 81  0  1  0]
 [ 1  0  0  0 39  0  0]
 [ 0  0  0  0  0 40  0]
 [ 1  0  0  0  0  1 38]]";0.8693982074263764;0.858996859967478;"[[175   3   3  10   5   5   1]
 [  2  98   7   5   1   0   0]
 [  1   0 256   5   0   2   0]
 [ 29   6   6 411  22   3   5]
 [ 20   0   0   9 220   3   0]
 [ 18   1   6   1   1 134   3]
 [ 11   0   1   1   1   7  64]]";0.8408812729498164;0.8345702841980315;"[[ 92   2   0   7   1   1   3]
 [  1  57   4   3   1   0   0]
 [  1   3 121   1   0   0   0]
 [ 21   4   5 199  14   2   1]
 [ 11   4   3   2 106   2   0]
 [ 11   2   2   3   1  68   3]
 [  4   0   1   1   1   4  44]]";329;[53 36 37 83 40 40 40]
475;Cora;own;0.5;0.2;64;0.5;1;0.005;1866817562;0.9791666666666666;0.9782286221351342;"[[53  0  1  0  0  0  0]
 [ 0 36  1  0  0  0  0]
 [ 0  0 38  0  0  0  0]
 [ 0  0  1 82  0  1  0]
 [ 1  0  0  0 40  0  0]
 [ 0  0  0  0  0 41  0]
 [ 1  0  0  0  0  1 39]]";0.8720257234726688;0.8587936611262915;"[[174   3   3  13   5   5   1]
 [  2  96   7   6   1   0   0]
 [  1   0 255   5   0   2   0]
 [ 23   6   5 419  18   0   5]
 [ 17   0   0  13 218   3   0]
 [ 20   1   6   2   2 133   1]
 [ 11   1   0   2   1   8  61]]";0.8396572827417381;0.8311561578537183;"[[ 85   3   0  14   1   1   2]
 [  0  58   4   3   1   0   0]
 [  1   3 121   1   0   0   0]
 [ 18   4   3 205  13   2   1]
 [  6   4   3   5 108   2   0]
 [  9   1   2   6   1  68   3]
 [  5   0   0   1   1   7  41]]";336;[54 37 38 84 41 41 41]
476;Cora;own;0.5;0.2;64;0.5;1;0.005;1866817562;0.9766763848396501;0.9752598262850825;"[[55  0  0  0  0  0  0]
 [ 0 37  1  0  0  0  0]
 [ 0  0 38  0  0  0  0]
 [ 0  0  1 84  0  1  0]
 [ 1  0  0  0 41  0  0]
 [ 1  0  1  0  0 41  0]
 [ 1  0  0  0  0  1 39]]";0.8656330749354005;0.8525553440110095;"[[176   3   3  11   5   4   1]
 [  3  94   7   6   1   0   0]
 [  1   0 255   5   0   2   0]
 [ 35   5   5 407  17   1   4]
 [ 22   1   0   8 216   3   0]
 [ 19   1   5   1   2 133   2]
 [ 13   0   0   2   1   9  59]]";0.8323133414932681;0.8223236327418328;"[[ 89   3   0   8   1   2   3]
 [  0  58   4   3   1   0   0]
 [  1   2 122   1   0   0   0]
 [ 26   4   5 197  11   2   1]
 [  8   4   3   3 108   2   0]
 [  9   1   2   6   1  67   4]
 [  7   0   0   1   1   7  39]]";343;[55 38 38 86 42 43 41]
477;Cora;own;0.5;0.2;64;0.5;1;0.005;1866817562;0.98;0.9785147586304059;"[[58  0  0  0  0  0  0]
 [ 0 37  1  0  0  0  0]
 [ 0  0 38  0  0  0  0]
 [ 0  0  1 85  0  1  0]
 [ 1  0  0  0 42  0  0]
 [ 0  1  0  0  0 43  0]
 [ 1  0  0  0  0  1 40]]";0.8708630759247242;0.8595295629273475;"[[180   2   0  10   5   3   0]
 [  3  94   7   6   1   0   0]
 [  0   0 255   5   0   3   0]
 [ 34   5   5 404  19   1   4]
 [ 20   1   0   9 217   2   0]
 [ 18   2   5   1   3 130   4]
 [ 10   0   0   2   1   8  62]]";0.835985312117503;0.8270600534424811;"[[ 88   3   0   8   1   3   3]
 [  0  57   5   3   1   0   0]
 [  2   2 121   1   0   0   0]
 [ 29   4   3 198  11   0   1]
 [  8   4   2   3 110   1   0]
 [ 11   1   1   3   1  69   4]
 [  7   0   0   1   1   6  40]]";350;[58 38 38 87 43 44 42]
478;Cora;own;0.5;0.2;64;0.5;1;0.005;1866817562;0.9775910364145658;0.9775763446171505;"[[59  0  0  0  0  0  0]
 [ 0 38  1  0  0  0  0]
 [ 0  0 39  0  0  0  0]
 [ 0  0  1 85  1  2  0]
 [ 1  0  0  0 42  0  0]
 [ 0  0  0  0  0 45  0]
 [ 1  0  0  0  0  1 41]]";0.8683181225554107;0.8547112522911071;"[[179   2   0  11   3   4   1]
 [  5  92   8   4   1   0   0]
 [  0   0 254   5   0   3   0]
 [ 37   5   5 403  14   1   4]
 [ 24   1   0   8 214   2   0]
 [ 19   1   5   1   2 133   1]
 [ 12   0   0   2   1  10  57]]";0.8335373317013464;0.8232075139600215;"[[ 87   3   0   9   1   4   2]
 [  0  56   5   3   1   1   0]
 [  2   2 121   1   0   0   0]
 [ 27   4   2 200  12   0   1]
 [  9   4   3   2 108   2   0]
 [ 11   1   1   3   1  71   2]
 [  9   0   0   1   0   7  38]]";357;[59 39 39 89 43 45 43]
479;Cora;own;0.5;0.2;64;0.5;1;0.005;1866817562;0.978021978021978;0.9770901002611952;"[[59  0  0  0  0  0  0]
 [ 0 39  1  0  0  0  0]
 [ 0  0 40  0  0  0  0]
 [ 0  0  1 88  0  1  0]
 [ 2  0  0  0 43  0  0]
 [ 0  0  0  0  0 46  0]
 [ 2  0  0  0  0  1 41]]";0.8683693516699411;0.8573179055880772;"[[176   2   0  13   7   2   0]
 [  3  92   6   6   1   0   0]
 [  0   0 254   5   0   3   0]
 [ 36   5   5 401  16   1   4]
 [ 19   1   0   9 217   1   0]
 [ 20   1   5   2   3 128   2]
 [ 13   0   0   2   1   7  58]]";0.8347613219094248;0.825369757370272;"[[ 87   3   0  10   1   3   2]
 [  0  56   5   4   1   0   0]
 [  2   2 121   1   0   0   0]
 [ 28   4   2 201  10   0   1]
 [  6   4   2   3 112   1   0]
 [ 12   1   1   6   1  66   3]
 [ 11   0   0   1   0   4  39]]";364;[59 40 40 90 45 46 44]
480;Cora;own;0.5;0.2;64;0.5;1;0.005;1866817562;0.9811320754716981;0.9803658019831075;"[[60  0  0  0  0  0  0]
 [ 0 40  1  0  0  0  0]
 [ 0  0 41  0  0  0  0]
 [ 0  0  1 89  0  1  0]
 [ 2  0  0  0 44  0  0]
 [ 0  0  0  0  0 47  0]
 [ 1  0  0  0  0  1 43]]";0.8743421052631579;0.8623012304998746;"[[175   2   0  11   7   3   1]
 [  2  91   5   7   1   0   0]
 [  0   0 254   4   0   3   0]
 [ 35   5   6 401  16   1   4]
 [ 17   1   0   6 219   3   0]
 [ 16   1   5   2   3 129   4]
 [  8   0   0   2   1   9  60]]";0.8408812729498164;0.8331342605412226;"[[ 86   3   0   9   1   5   2]
 [  0  58   4   3   1   0   0]
 [  2   3 120   1   0   0   0]
 [ 23   4   4 200  11   3   1]
 [  6   4   3   3 111   1   0]
 [  8   2   1   5   1  69   4]
 [  5   0   0   1   0   6  43]]";371;[60 41 41 91 46 47 45]
481;Cora;own;0.5;0.2;64;0.5;1;0.005;1866817562;0.9761904761904762;0.9750876754588452;"[[61  0  0  0  0  0  0]
 [ 0 41  1  0  0  0  0]
 [ 0  1 41  0  0  0  0]
 [ 0  0  1 90  0  1  0]
 [ 2  0  0  0 45  0  0]
 [ 0  0  0  1  0 47  0]
 [ 1  0  0  0  0  1 44]]";0.8730998017184401;0.8628236659030547;"[[177   2   0  11   5   2   0]
 [  4  90   5   5   1   0   0]
 [  1   0 253   4   0   3   0]
 [ 36   5   6 400  16   0   4]
 [ 20   1   0   6 215   3   0]
 [ 18   1   5   2   4 127   2]
 [ 10   0   0   2   1   7  59]]";0.8372093023255814;0.829127044668766;"[[ 88   3   0   9   1   3   2]
 [  0  58   4   3   1   0   0]
 [  2   3 120   1   0   0   0]
 [ 27   4   1 201  11   1   1]
 [  8   4   3   3 109   1   0]
 [ 11   1   1   5   1  67   4]
 [  8   0   0   1   0   5  41]]";378;[61 42 42 92 47 48 46]
482;Cora;own;0.5;0.2;64;0.5;1;0.005;1866817562;0.9766233766233766;0.976635239780508;"[[62  0  0  0  0  0  0]
 [ 0 42  1  0  0  0  0]
 [ 0  0 43  0  0  0  0]
 [ 1  0  1 90  0  1  0]
 [ 1  0  0  1 45  0  0]
 [ 0  0  0  0  1 49  0]
 [ 1  0  0  0  0  1 45]]";0.8791500664010624;0.8669601089122333;"[[171   2   0  12   7   3   1]
 [  2  89   5   7   1   0   0]
 [  1   0 252   4   0   3   0]
 [ 31   5   5 403  17   1   4]
 [ 13   0   0   8 221   3   0]
 [ 14   1   5   3   1 130   3]
 [  8   0   0   2   1   9  58]]";0.8518971848225214;0.8445942830604908;"[[ 84   3   0  11   1   4   3]
 [  0  58   4   3   1   0   0]
 [  2   2 121   1   0   0   0]
 [ 22   4   1 205  11   2   1]
 [  4   3   3   3 114   1   0]
 [  6   1   1   7   1  70   4]
 [  3   0   0   2   0   6  44]]";385;[62 43 43 93 47 50 47]
483;Cora;own;0.5;0.2;64;0.5;1;0.005;1866817562;0.9693877551020408;0.9685378326783531;"[[62  0  0  0  0  0  0]
 [ 0 43  1  0  0  0  0]
 [ 0  0 44  0  0  0  0]
 [ 0  0  1 92  0  1  0]
 [ 3  0  0  1 45  0  0]
 [ 1  0  0  0  0 49  0]
 [ 2  0  0  0  0  2 45]]";0.8705803869246164;0.8580315989057005;"[[172   2   0  10   5   2   2]
 [  5  88   5   5   0   0   0]
 [  0   0 252   4   0   3   0]
 [ 41   4   6 398  13   1   4]
 [ 23   1   1   6 211   2   0]
 [ 19   1   5   1   0 131   0]
 [ 11   0   0   2   1   9  53]]";0.8372093023255814;0.8293317688280972;"[[ 90   3   0   7   1   3   2]
 [  0  57   4   4   0   1   0]
 [  4   0 121   1   0   0   0]
 [ 29   4   2 202   7   1   1]
 [  8   3   5   4 107   1   0]
 [ 12   1   1   5   1  68   2]
 [  8   0   0   1   0   7  39]]";392;[62 44 44 94 49 50 49]
484;Cora;own;0.5;0.2;64;0.5;1;0.005;1866817562;0.9649122807017544;0.9645806932508261;"[[62  0  0  0  0  0  0]
 [ 0 44  1  0  0  0  0]
 [ 0  0 45  0  0  0  0]
 [ 1  0  1 93  0  1  0]
 [ 3  0  0  2 45  0  0]
 [ 0  0  0  0  1 50  0]
 [ 2  0  0  0  0  2 46]]";0.8766756032171582;0.8639732372011814;"[[167   2   0  12   7   3   1]
 [  3  88   5   5   1   0   0]
 [  0   0 251   4   0   3   0]
 [ 31   5   5 402  19   1   3]
 [ 13   1   0   8 218   3   0]
 [ 18   1   5   2   1 128   1]
 [ 10   0   0   2   1   8  54]]";0.8494492044063647;0.842998749179538;"[[ 85   3   0  10   2   3   3]
 [  0  58   4   3   1   0   0]
 [  1   2 122   1   0   0   0]
 [ 26   4   1 203  10   1   1]
 [  3   4   3   4 114   0   0]
 [ 10   1   1   6   1  69   2]
 [  5   0   0   1   0   6  43]]";399;[62 45 45 96 50 51 50]
485;Cora;own;0.5;0.2;64;0.5;1;0.005;1866817562;0.9605911330049262;0.9611308434046261;"[[61  0  0  0  0  0  1]
 [ 0 45  1  0  0  0  0]
 [ 1  0 44  0  0  0  0]
 [ 2  0  1 94  0  1  0]
 [ 3  0  0  2 46  0  0]
 [ 1  0  0  0  0 51  0]
 [ 1  0  0  0  0  2 49]]";0.8767676767676768;0.8635382605697925;"[[168   2   0  11   7   3   1]
 [  4  87   5   4   1   0   0]
 [  0   0 251   4   0   3   0]
 [ 36   4   2 401  16   1   4]
 [ 17   2   0   7 213   3   0]
 [ 18   1   5   1   0 129   1]
 [ 10   0   0   1   1   8  53]]";0.847001223990208;0.8389366435701274;"[[ 88   3   0   8   1   3   3]
 [  0  57   4   3   1   1   0]
 [  1   2 122   1   0   0   0]
 [ 27   4   1 200  11   2   1]
 [  4   4   3   3 113   1   0]
 [  8   1   1   6   1  69   4]
 [  5   0   0   1   0   6  43]]";406;[62 46 45 98 51 52 52]
486;Cora;own;0.5;0.2;64;0.5;1;0.005;1866817562;0.9661016949152542;0.9664798411061465;"[[61  0  0  0  0  0  1]
 [ 0 46  1  0  0  0  0]
 [ 0  0 46  0  0  0  0]
 [ 2  0  1 95  0  1  0]
 [ 4  0  0  1 48  0  0]
 [ 0  0  0  0  1 52  0]
 [ 1  0  0  0  0  1 51]]";0.8795669824086604;0.8646882439600901;"[[166   2   0  10   7   3   2]
 [  3  86   5   5   1   0   0]
 [  0   0 253   4   0   3   0]
 [ 30   6   2 398  20   2   4]
 [ 15   1   0   5 217   3   0]
 [ 15   1   2   5   1 127   2]
 [  9   0   0   1   1   8  53]]";0.8482252141982864;0.8409954285580558;"[[ 84   3   0  10   2   4   3]
 [  0  56   5   3   1   1   0]
 [  1   2 122   1   0   0   0]
 [ 24   4   2 201  12   2   1]
 [  4   3   4   3 113   1   0]
 [  7   2   1   3   1  72   4]
 [  4   0   0   1   0   5  45]]";413;[62 47 46 99 53 53 53]
487;Cora;own;0.5;0.2;64;0.5;1;0.005;1866817562;0.969047619047619;0.9703810159295552;"[[61  0  0  0  0  0  1]
 [ 0 47  1  0  0  0  0]
 [ 0  0 47  0  0  0  0]
 [ 3  0  1 96  0  1  0]
 [ 2  0  0  1 51  0  0]
 [ 1  0  0  0  0 53  0]
 [ 1  0  0  0  0  1 52]]";0.8796736913664174;0.8651690009210826;"[[164   2   0  14   7   3   0]
 [  3  85   5   5   1   0   0]
 [  0   0 254   4   0   3   0]
 [ 24   5   2 400  22   1   4]
 [ 13   1   0   9 215   2   0]
 [ 15   1   2   6   1 125   2]
 [ 11   0   0   1   1   7  51]]";0.8518971848225214;0.8451193158210517;"[[ 84   3   0  12   2   3   2]
 [  0  58   4   3   1   0   0]
 [  1   2 122   1   0   0   0]
 [ 21   4   1 205  14   0   1]
 [  4   4   3   4 112   1   0]
 [  8   2   1   3   1  71   4]
 [  4   0   0   2   0   5  44]]";420;[ 62  48  47 101  54  54  54]
488;Cora;own;0.5;0.2;64;0.5;1;0.005;503786444;0.0;0.0;[[]];0.08461131676361713;0.06268830088527887;"[[ 35  23   0   2  58  22 105]
 [  7   1   0   0  11   0 132]
 [111  16   0   0  22  12 131]
 [189  64   0   0 155  12 152]
 [ 56  68   0   1  51  35  87]
 [ 35   9   0   0  11   4 149]
 [ 16   3   0   0  32   5  69]]";0.09179926560587515;0.06787466842467708;"[[24  9  0  1 20  3 49]
 [ 1  0  0  0  8  0 57]
 [48  8  0  0  4  9 57]
 [81 29  0  0 59  6 71]
 [23 37  0  0 20 16 32]
 [ 8  5  0  0  8  1 68]
 [11  3  0  0  7  4 30]]";0;[]
489;Cora;own;0.5;0.2;64;0.5;1;0.005;503786444;0.7142857142857143;0.375;"[[1 0 0 0]
 [1 0 0 0]
 [0 0 4 0]
 [1 0 0 0]]";0.32590233545647557;0.18628085476609227;"[[  0   0 220   0   5   0   0]
 [  0   0 119   0   0   0   0]
 [  0   0 352   0   0   0   0]
 [  0   0 480  66  38   0   0]
 [  0   0  90   6 196   0   0]
 [  0   0 191   0   1   0   0]
 [  0   0 120   0   0   0   0]]";0.28518971848225216;0.1699189825572389;"[[  0   0 103   0   3   0   0]
 [  0   0  64   0   2   0   0]
 [  0   0 126   0   0   0   0]
 [  0   0 214  16  16   0   0]
 [  0   0  34   3  91   0   0]
 [  0   0  90   0   0   0   0]
 [  0   0  55   0   0   0   0]]";7;[0 0 1 1 4 0 1]
490;Cora;own;0.5;0.2;64;0.5;1;0.005;503786444;0.7857142857142857;0.4893772893772893;"[[0 1 0 0 0]
 [0 2 0 0 0]
 [0 0 3 1 0]
 [0 0 0 6 0]
 [0 1 0 0 0]]";0.5716568993074055;0.3035204522857948;"[[  0   0 112  72  41   0   0]
 [  0   0  70  47   8   0   0]
 [  0   0 329  10   0   0   0]
 [  0   0  58 510  16   0   0]
 [  0   0  12  44 234   0   0]
 [  0   0 184   6   4   0   0]
 [  0   0 109   9   2   0   0]]";0.5324357405140759;0.28942112019035093;"[[  0   0  49  35  22   0   0]
 [  0   0  37  22   7   0   0]
 [  0   0 123   3   0   0   0]
 [  0   0  32 208   6   0   0]
 [  0   0   2  22 104   0   0]
 [  0   0  84   4   2   0   0]
 [  0   0  54   0   1   0   0]]";14;[0 1 2 4 6 0 1]
491;Cora;own;0.5;0.2;64;0.5;1;0.005;503786444;0.7619047619047619;0.40952380952380957;"[[0 0 0 1 0 0]
 [0 0 0 1 0 0]
 [0 0 2 0 0 0]
 [0 0 0 8 1 0]
 [0 0 0 1 6 0]
 [0 0 1 0 0 0]]";0.5967914438502674;0.30903874085640826;"[[  0   0  40 138  51   0   0]
 [  0   0  15  80   4   0   0]
 [  0   0 308  26   3   0   0]
 [  0   0  16 572  13   0   0]
 [  0   0   0  53 236   0   0]
 [  0   0 140  42  13   0   0]
 [  0   0  48  52  20   0   0]]";0.5581395348837209;0.29541075949419787;"[[  0   0  20  58  28   0   0]
 [  0   0  10  52   4   0   0]
 [  0   0 119   7   0   0   0]
 [  0   0   5 235   6   0   0]
 [  0   0   0  26 102   0   0]
 [  0   0  63  20   7   0   0]
 [  0   0  31  15   9   0   0]]";21;[1 1 2 9 7 0 1]
492;Cora;own;0.5;0.2;64;0.5;1;0.005;503786444;0.8214285714285714;0.4358974358974359;"[[ 0  0  3  0  0  0]
 [ 0  0  1  0  0  0]
 [ 0  0  4  0  0  0]
 [ 0  0  0 11  0  0]
 [ 0  0  0  0  8  0]
 [ 0  0  1  0  0  0]]";0.5668276972624798;0.29850099696949917;"[[  0   0 159  16  76   0   0]
 [  0   0  27  38   3   0   0]
 [  0   0 360  24   2   0   0]
 [  0   0  99 473  15   0   0]
 [  0   0  11  36 223   0   0]
 [  0   0 175   6   2   0   0]
 [  0   0 106   7   5   0   0]]";0.5091799265605875;0.2817903809706261;"[[  0   0  66  12  28   0   0]
 [  0   0  26  36   4   0   0]
 [  0   0 124   2   0   0   0]
 [  0   0  54 187   5   0   0]
 [  0   0   3  20 105   0   0]
 [  0   0  88   1   1   0   0]
 [  0   0  54   0   1   0   0]]";28;[ 3  1  4 11  8  0  1]
493;Cora;own;0.5;0.2;64;0.5;1;0.005;503786444;0.8;0.5107142857142857;"[[ 0  0  1  2  1  0  0]
 [ 0  0  0  1  0  0  0]
 [ 0  0  4  0  0  0  0]
 [ 0  0  0 14  1  0  0]
 [ 0  0  0  0  9  0  0]
 [ 0  0  1  0  0  0  0]
 [ 0  0  0  0  0  0  1]]";0.5856681034482759;0.3018873689589713;"[[  0   0  96  62  95   0   0]
 [  0   0  23  47   3   0   0]
 [  0   0 357  24   2   0   0]
 [  0   0  51 502  17   0   0]
 [  0   0   5  39 228   0   0]
 [  0   0 174  10   7   0   0]
 [  0   0  76  24  14   0   0]]";0.5348837209302325;0.29006526803478705;"[[  0   0  40  25  41   0   0]
 [  0   0  23  39   4   0   0]
 [  0   0 123   3   0   0   0]
 [  0   0  34 207   5   0   0]
 [  0   0   2  20 106   0   0]
 [  0   0  83   3   4   0   0]
 [  0   0  40   8   6   0   1]]";35;[ 4  1  4 15  9  1  1]
494;Cora;own;0.5;0.2;64;0.5;1;0.005;503786444;0.7857142857142857;0.49869178440607015;"[[ 0  0  2  2  1  0  0]
 [ 0  0  0  1  0  0  0]
 [ 0  0  4  0  0  0  0]
 [ 0  0  0 18  0  0  0]
 [ 0  0  0  0 10  0  0]
 [ 0  0  3  0  0  0  0]
 [ 0  0  0  0  0  0  1]]";0.5830178474851271;0.3022539804973701;"[[  0   0  86  79  59   0   0]
 [  0   0  30  43   3   0   0]
 [  0   0 364  11   1   0   0]
 [  0   0  62 489  15   0   0]
 [  0   0  13  48 225   0   0]
 [  0   0 183  11  12   0   0]
 [  0   0  81  25   9   0   0]]";0.5422276621787026;0.29600990862240767;"[[  0   0  43  29  34   0   0]
 [  0   0  30  32   4   0   0]
 [  0   0 124   2   0   0   0]
 [  0   0  31 212   3   0   0]
 [  0   0   3  19 106   0   0]
 [  0   0  84   3   3   0   0]
 [  0   0  43   8   3   0   1]]";42;[ 5  1  4 18 10  3  1]
495;Cora;own;0.5;0.2;64;0.5;1;0.005;503786444;0.6938775510204082;0.41210269726709187;"[[ 0  0  0  4  2  0  0]
 [ 0  0  0  2  1  0  0]
 [ 0  0  4  0  0  0  0]
 [ 0  0  0 18  0  0  0]
 [ 0  0  0  0 11  0  0]
 [ 0  0  1  0  2  0  0]
 [ 0  0  0  1  2  0  1]]";0.5439739413680782;0.28811247558258557;"[[  0   0  33 100  82   0   0]
 [  0   0  68 112   9   0   0]
 [  0   0 312  11   0   0   0]
 [  0   0  34 460  23   0   0]
 [  0   0   0  44 230   0   0]
 [  0   0 142  11  42   0   0]
 [  0   0  60  32  37   0   0]]";0.5569155446756426;0.2956508529337661;"[[  0   0  25  33  48   0   0]
 [  0   0  24  38   4   0   0]
 [  0   0 122   4   0   0   0]
 [  0   0  18 221   7   0   0]
 [  0   0   0  17 111   0   0]
 [  0   0  63  11  16   0   0]
 [  0   0  27   8  19   0   1]]";49;[ 6  3  4 18 11  3  4]
496;Cora;own;0.5;0.2;64;0.5;1;0.005;503786444;0.6607142857142857;0.3647959183673469;"[[ 0  0  1  2  4  0  0]
 [ 0  0  1  1  1  0  0]
 [ 0  0  5  0  0  0  0]
 [ 0  0  0 18  0  0  0]
 [ 0  0  0  0 13  0  0]
 [ 0  0  2  0  2  0  0]
 [ 0  0  2  1  2  0  1]]";0.5449591280653951;0.28642818286117117;"[[  0   0  34  58 120   0   0]
 [  0   0  74  92  15   0   0]
 [  0   0 314  10   0   0   0]
 [  0   0  35 424  45   0   0]
 [  0   0   2  38 262   0   0]
 [  0   0 130   9  53   0   0]
 [  0   0  63  11  46   0   0]]";0.5287637698898409;0.28190416415544134;"[[  0   0  24  23  59   0   0]
 [  0   0  30  28   8   0   0]
 [  0   0 124   2   0   0   0]
 [  0   0  21 193  32   0   0]
 [  0   0   0  14 114   0   0]
 [  0   0  61   6  23   0   0]
 [  0   0  29   0  25   0   1]]";56;[ 7  3  5 18 13  4  6]
497;Cora;own;0.5;0.2;64;0.5;1;0.005;503786444;0.746031746031746;0.47541310028421957;"[[ 0  0  0  4  1  0  3]
 [ 0  0  1  1  1  0  0]
 [ 0  0  5  0  0  0  0]
 [ 0  0  0 19  0  0  0]
 [ 0  0  0  0 13  0  0]
 [ 0  0  3  0  1  0  1]
 [ 0  0  0  0  0  0 10]]";0.6044857768052516;0.39556838563993857;"[[  3   0  16  56  45   0  87]
 [  0   0  50 116  10   0   5]
 [  0   0 313  10   0   0   1]
 [  0   0  32 452  23   0  11]
 [  0   0   5  32 239   0  14]
 [  0   0  91  13  27   0  60]
 [  0   0   5   0  14   0  98]]";0.5862913096695227;0.38295002685170354;"[[  1   0  13  31  19   0  42]
 [  0   0  20  38   7   0   1]
 [  0   0 124   2   0   0   0]
 [  0   0  21 202  18   0   5]
 [  0   0   1  15 108   0   4]
 [  0   0  45   4   8   0  33]
 [  0   0   4   0   7   0  44]]";63;[ 8  3  5 19 13  5 10]
498;Cora;own;0.5;0.2;64;0.5;1;0.005;503786444;0.8714285714285714;0.6520873306587592;"[[13  0  0  0  0  0  0]
 [ 0  0  0  2  1  0  0]
 [ 0  0  6  0  0  0  0]
 [ 1  0  0 18  0  0  0]
 [ 0  0  0  0 13  0  0]
 [ 0  0  4  0  1  0  0]
 [ 0  0  0  0  0  0 11]]";0.6754530477759473;0.5270588195174779;"[[137   0  13  16  21   0  11]
 [  4   0  58  75  16   0   0]
 [  2   0 345  11   6   0   1]
 [ 23   0  39 425  32   0   4]
 [  5   0  10  28 231   0   9]
 [ 19   0 130   4  17   0   9]
 [  5   0  12   0  11   0  92]]";0.6266829865361077;0.4936929732652952;"[[ 63   0  13  10  11   0   9]
 [  0   0  27  31   8   0   0]
 [  1   0 123   2   0   0   0]
 [ 12   0  29 180  24   0   1]
 [  4   0   2  16 104   0   2]
 [  9   0  66   1   7   0   7]
 [  2   0   5   0   6   0  42]]";70;[13  3  6 19 13  5 11]
499;Cora;own;0.5;0.2;64;0.5;1;0.005;503786444;0.8441558441558441;0.6457002457002456;"[[15  0  0  0  0  0  0]
 [ 1  0  0  2  0  0  0]
 [ 0  0  6  0  0  0  0]
 [ 2  0  0 20  0  0  0]
 [ 0  0  0  0 13  0  0]
 [ 4  0  3  0  0  0  0]
 [ 0  0  0  0  0  0 11]]";0.6890848952590959;0.5388976674596899;"[[207   0   6  15   4   0   1]
 [ 16   0  45  78  11   0   0]
 [  5   0 337  10   5   0   1]
 [ 53   0  32 407  27   0   3]
 [ 19   0   7  31 220   0   4]
 [ 43   0  96   1  15   0   4]
 [ 18   0   9   0   5   0  79]]";0.6352509179926561;0.5027624275354072;"[[ 85   0   7   7   6   0   1]
 [  7   0  23  31   5   0   0]
 [  1   0 121   4   0   0   0]
 [ 31   0  20 178  17   0   0]
 [  9   0   2  16 100   0   1]
 [ 26   0  55   2   4   0   3]
 [ 13   0   3   0   4   0  35]]";77;[15  3  6 22 13  7 11]
500;Cora;own;0.5;0.2;64;0.5;1;0.005;503786444;0.8452380952380952;0.6435717563104001;"[[15  0  0  0  0  0  0]
 [ 0  0  0  2  2  0  0]
 [ 0  0  6  0  0  0  0]
 [ 0  0  0 23  0  0  0]
 [ 0  0  0  0 14  0  0]
 [ 1  0  4  1  3  0  0]
 [ 0  0  0  0  0  0 13]]";0.7205312672938572;0.5522001707231922;"[[184   0   4  16   9   0   7]
 [  4   0  57  74  10   0   0]
 [  1   0 326   8   0   0   0]
 [ 21   0  32 489  15   0   4]
 [  9   0   2  33 215   0   9]
 [ 34   0  84   3  29   0   4]
 [ 19   0  12   0   5   0  88]]";0.6474908200734394;0.5080240755795601;"[[ 73   0   9  10   9   0   5]
 [  1   0  22  36   6   0   1]
 [  1   0 121   4   0   0   0]
 [ 20   0  22 195   9   0   0]
 [  5   0   0  21 100   0   2]
 [ 15   0  49   5  16   0   5]
 [  9   0   4   0   2   0  40]]";84;[15  4  6 23 14  9 13]
501;Cora;own;0.5;0.2;64;0.5;1;0.005;503786444;0.8131868131868132;0.6483183483183483;"[[15  0  0  0  0  0  0]
 [ 0  0  0  2  2  0  0]
 [ 0  0  6  0  0  0  0]
 [ 0  0  0 24  0  0  0]
 [ 0  0  0  0 15  0  0]
 [ 6  0  1  5  1  0  0]
 [ 0  0  0  0  0  0 14]]";0.7177777777777777;0.5512047211963982;"[[181   0   3  15   6   0  12]
 [  6   0  59  67  11   0   1]
 [  1   0 319   7   0   0   0]
 [ 21   0  31 484   7   0   7]
 [ 10   0   1  38 213   0  11]
 [ 50   0  75  11  20   0  13]
 [ 11   0   9   0   5   0  95]]";0.6438188494492044;0.5075223755783086;"[[ 73   0   8   9   9   0   7]
 [  2   0  23  34   6   0   1]
 [  1   0 121   4   0   0   0]
 [ 24   0  22 193   7   0   0]
 [  5   0   0  24  97   0   2]
 [ 23   0  42  14   6   0   5]
 [  7   0   4   0   2   0  42]]";91;[15  4  6 24 15 13 14]
502;Cora;own;0.5;0.2;64;0.5;1;0.005;503786444;0.8061224489795918;0.6566727054894691;"[[15  0  0  0  0  0  0]
 [ 0  0  0  2  2  0  0]
 [ 0  0  7  0  0  0  0]
 [ 0  0  0 25  0  0  0]
 [ 0  0  0  0 17  0  0]
 [ 2  0  0  9  3  0  1]
 [ 0  0  0  0  0  0 15]]";0.7122141662018963;0.5477236083243778;"[[158   0   3  17  14   0  16]
 [  5   0  52  69  18   0   1]
 [  0   0 314   7   0   0   1]
 [ 19   0  29 477  12   0   6]
 [ 13   0   0  32 230   0   6]
 [ 36   0  62  29  26   2  13]
 [ 13   0   7   0  10   0  96]]";0.6511627906976745;0.5087178230457889;"[[ 71   0   7  11   9   0   8]
 [  2   0  22  35   6   0   1]
 [  1   0 121   4   0   0   0]
 [ 17   0  20 197  12   0   0]
 [  3   0   0  22 102   0   1]
 [ 17   0  33  21   9   0  10]
 [  6   0   4   0   4   0  41]]";98;[15  4  7 25 17 15 15]
503;Cora;own;0.5;0.2;64;0.5;1;0.005;503786444;0.9619047619047619;0.8443330548593707;"[[16  0  0  0  0  0  0]
 [ 0  0  0  2  2  0  0]
 [ 0  0  8  0  0  0  0]
 [ 0  0  0 26  0  0  0]
 [ 0  0  0  0 18  0  0]
 [ 0  0  0  0  0 17  0]
 [ 0  0  0  0  0  0 16]]";0.7782754759238522;0.6821769728645574;"[[165   0   5  11  19   3   8]
 [  7   0  73  53   9   3   0]
 [  0   0 314   6   0   1   1]
 [ 16   0  32 468  12   6   6]
 [ 12   0   0  23 235   6   4]
 [ 19   0  20   4   4 113   6]
 [ 12   0   5   1   6   3  95]]";0.7233782129742962;0.6384787569597964;"[[ 65   0  10   7  17   0   7]
 [  1   0  32  26   5   1   1]
 [  1   0 122   2   0   0   1]
 [ 18   0  17 195  13   3   0]
 [  4   0   1  17 104   2   0]
 [  7   0   7   3   2  66   5]
 [  7   0   4   0   5   0  39]]";105;[16  4  8 26 18 17 16]
504;Cora;own;0.5;0.2;64;0.5;1;0.005;503786444;0.9464285714285714;0.8355569855569857;"[[18  0  0  0  0  0  0]
 [ 0  0  0  3  2  0  0]
 [ 0  0  9  0  0  0  0]
 [ 0  0  0 25  0  1  0]
 [ 0  0  0  0 19  0  0]
 [ 0  0  0  0  0 18  0]
 [ 0  0  0  0  0  0 17]]";0.7751545812254075;0.6795560015480068;"[[175   0   6   8  20   1   7]
 [ 11   0  73  45  14   2   0]
 [  0   0 310   6   0   1   1]
 [ 28   0  28 458  16   0   6]
 [ 12   0   0  23 238   3   4]
 [ 22   0  23   2   6 103   7]
 [  9   0   4   1   8   3  95]]";0.7050183598531212;0.6255079741773725;"[[ 70   0   7   5  17   0   7]
 [  5   0  34  20   6   0   1]
 [  1   0 121   3   0   0   1]
 [ 27   0  18 182  18   1   0]
 [  5   0   1  17 104   1   0]
 [ 13   0   7   3   2  60   5]
 [  7   0   4   0   5   0  39]]";112;[18  5  9 26 19 18 17]
505;Cora;own;0.5;0.2;64;0.5;1;0.005;503786444;0.9495798319327731;0.8376428877070726;"[[20  0  0  0  0  0  0]
 [ 0  0  0  4  1  0  0]
 [ 0  0  9  0  0  0  0]
 [ 0  0  0 26  0  1  0]
 [ 0  0  0  0 20  0  0]
 [ 0  0  0  0  0 20  0]
 [ 0  0  0  0  0  0 18]]";0.7753950338600452;0.6776222290343028;"[[171   0   4  15  25   3  12]
 [ 10   0  52  60  10   6   0]
 [  0   0 306   6   0   2   0]
 [ 16   0  24 470  13   2   9]
 [ 11   0   0  32 213   5   6]
 [ 15   0  16   7   4 119  10]
 [  9   0   2   1   9   2  95]]";0.7294981640146879;0.649994316747275;"[[ 70   0   6  12   9   0   9]
 [  5   0  25  33   2   0   1]
 [  1   0 118   5   0   0   2]
 [ 15   0  17 196  15   3   0]
 [  5   0   2  17 102   1   1]
 [  7   0   4   5   2  67   5]
 [  6   0   0   0   5   1  43]]";119;[20  5  9 27 20 20 18]
506;Cora;own;0.5;0.2;64;0.5;1;0.005;503786444;0.9285714285714286;0.8196931110917012;"[[21  0  0  0  0  0  0]
 [ 0  0  1  3  2  0  1]
 [ 0  0 10  0  0  0  0]
 [ 0  0  0 26  0  1  0]
 [ 0  0  0  0 21  0  0]
 [ 0  0  0  0  0 20  0]
 [ 1  0  0  0  0  0 19]]";0.7648725212464589;0.6655041996050312;"[[173   0   6   9  17   2  15]
 [ 13   0  55  52  11   6   3]
 [  1   0 304   5   0   1   0]
 [ 29   0  26 450  13   9   9]
 [ 10   0   0  28 213   4  13]
 [ 20   0  19   3   3 109  15]
 [  8   0   3   2   2   3 101]]";0.7221542227662179;0.6448495854596236;"[[ 77   0   6   7   6   0  10]
 [  5   0  26  29   4   1   1]
 [  1   0 118   5   0   0   2]
 [ 23   0  16 181  14  10   2]
 [  4   0   2  16 104   0   2]
 [  8   0   4   6   2  62   8]
 [  5   0   0   0   2   0  48]]";126;[21  7 10 27 21 20 20]
507;Cora;own;0.5;0.2;64;0.5;1;0.005;503786444;0.9172932330827067;0.8168130776610789;"[[22  0  0  0  0  0  0]
 [ 1  0  0  3  3  1  0]
 [ 0  0 10  0  0  0  0]
 [ 1  0  0 28  0  1  0]
 [ 0  0  0  0 21  0  0]
 [ 0  0  0  0  0 21  0]
 [ 1  0  0  0  0  0 20]]";0.7741751990898749;0.6742934713636913;"[[176   0   6   9  13   1  15]
 [ 12   0  40  60  10  12   2]
 [  1   0 299   7   0   0   0]
 [ 27   0  24 458  10  11   7]
 [  8   0   0  30 213   4  12]
 [ 20   0  18   4   2 114  16]
 [  9   0   2   1   1   3 101]]";0.7209302325581395;0.6435710968201069;"[[ 78   0   4   9   5   0  10]
 [  6   0  20  33   4   2   1]
 [  1   0 117   5   1   0   2]
 [ 24   0  13 183  14  10   2]
 [  5   0   1  17 102   1   2]
 [ 11   0   4   5   1  61   8]
 [  6   0   0   0   1   0  48]]";133;[22  8 10 30 21 21 21]
508;Cora;own;0.5;0.2;64;0.5;1;0.005;503786444;0.9214285714285714;0.8243703085741013;"[[22  0  0  0  0  0  0]
 [ 0  0  0  6  3  0  0]
 [ 0  0 10  0  0  0  0]
 [ 1  0  0 31  0  0  0]
 [ 0  0  0  0 23  0  0]
 [ 0  0  0  0  0 22  0]
 [ 1  0  0  0  0  0 21]]";0.7784123358081096;0.6761278144962556;"[[160   0   6  15  21   2  14]
 [  8   0  33  66  17  11   2]
 [  0   0 296   8   0   0   1]
 [ 22   0  15 469  12   7   8]
 [  5   0   0  27 223   3   8]
 [ 18   0  17   5   2 115  20]
 [  9   0   0   1   1   4 100]]";0.7319461444308446;0.6525638451770196;"[[ 73   0   4  11   8   0  10]
 [  3   0  16  36   8   2   1]
 [  1   0 116   6   1   0   2]
 [ 22   0   8 191  17   8   0]
 [  1   0   0  17 108   0   2]
 [  8   0   4   5   2  63   8]
 [  6   0   0   0   1   1  47]]";140;[22  9 10 32 23 22 22]
509;Cora;own;0.5;0.2;64;0.5;1;0.005;503786444;0.891156462585034;0.7976076792727174;"[[23  0  0  0  0  0  0]
 [ 2  0  1  3  3  2  0]
 [ 0  0 10  0  0  0  0]
 [ 1  0  0 30  0  1  0]
 [ 0  0  0  1 24  0  0]
 [ 1  0  0  0  0 23  0]
 [ 1  0  0  0  0  0 21]]";0.7780963302752294;0.6784682380817524;"[[171   0   6  12  15   2  11]
 [ 29   0  30  49   9  17   3]
 [  1   0 290   8   0   1   0]
 [ 33   0  15 458  11   3   9]
 [  8   0   0  30 217   4   7]
 [ 20   0  16   4   2 124  16]
 [ 11   0   0   1   1   3  97]]";0.7331701346389229;0.652237066603347;"[[ 79   0   4   8   6   0   9]
 [ 11   0  16  29   5   4   1]
 [  1   0 117   5   1   0   2]
 [ 25   0   8 190  14   7   2]
 [  3   0   0  18 103   2   2]
 [ 11   0   4   4   1  63   7]
 [  6   0   0   0   1   1  47]]";147;[23 11 10 32 25 24 22]
510;Cora;own;0.5;0.2;64;0.5;1;0.005;503786444;0.8896103896103896;0.7952784506100444;"[[24  0  0  0  0  0  0]
 [ 1  0  1  4  3  2  0]
 [ 0  0 11  0  0  0  0]
 [ 1  0  0 32  0  1  0]
 [ 0  0  0  1 24  0  0]
 [ 0  0  0  0  1 24  1]
 [ 1  0  0  0  0  0 22]]";0.7806563039723662;0.682932775048856;"[[168   0   5  15  17   4  10]
 [ 28   0  33  53   6  14   3]
 [  1   0 289  10   0   0   1]
 [ 30   0  10 462  11   4   9]
 [  6   0   0  33 214   4   6]
 [ 16   0  18   3   2 125  14]
 [  8   0   0   3   1   3  98]]";0.7331701346389229;0.6520683018537428;"[[ 74   0   4  10   7   0  11]
 [  8   0  17  33   5   2   1]
 [  1   0 117   5   1   0   2]
 [ 24   0   7 194  11  10   0]
 [  4   0   0  19 102   2   1]
 [  8   0   4   4   1  65   8]
 [  6   0   0   0   1   1  47]]";154;[24 11 11 34 25 26 23]
511;Cora;own;0.5;0.2;64;0.5;1;0.005;503786444;0.8633540372670807;0.7738587954459207;"[[24  0  0  0  1  0  0]
 [ 2  0  3  5  3  0  1]
 [ 0  0 12  0  0  0  0]
 [ 1  0  0 33  0  1  0]
 [ 0  0  0  1 24  0  1]
 [ 0  0  0  0  1 24  1]
 [ 1  0  0  0  0  0 22]]";0.7791907514450868;0.6806836081785211;"[[166   0   5  15  15   3  12]
 [ 20   0  38  55   7  11   5]
 [  0   0 287  10   0   0   2]
 [ 28   0  11 460  12   5  10]
 [  6   0   0  32 215   4   5]
 [ 15   0  17   6   2 122  16]
 [  9   0   0   3   1   2  98]]";0.7319461444308446;0.6513542929223497;"[[ 71   0   4  11   7   0  13]
 [  7   0  17  34   4   2   2]
 [  1   0 117   5   1   0   2]
 [ 24   0   8 193  13   8   0]
 [  4   0   0  19 104   0   1]
 [  7   0   4   4   1  65   9]
 [  6   0   0   0   1   0  48]]";161;[25 14 12 35 26 26 23]
512;Cora;own;0.5;0.2;64;0.5;1;0.005;503786444;0.8630952380952381;0.7746543496274387;"[[26  0  0  0  1  0  0]
 [ 2  0  3  5  3  1  1]
 [ 0  0 12  0  0  0  0]
 [ 1  0  0 34  0  1  1]
 [ 1  0  0  0 25  0  0]
 [ 1  0  0  0  1 26  0]
 [ 1  0  0  0  0  0 22]]";0.7788740568775392;0.6813063803344913;"[[173   0   5  14  12   3  10]
 [ 20   0  37  55  10   8   6]
 [  1   0 286  10   0   1   1]
 [ 28   0  11 457  14   6   9]
 [  6   0   0  34 210   4   4]
 [ 18   0  14   5   2 119  17]
 [ 10   0   0   3   1   2  97]]";0.7331701346389229;0.6552368210111771;"[[ 73   0   4  10   6   0  13]
 [  9   0  17  33   5   1   1]
 [  1   0 118   5   1   0   1]
 [ 25   0   8 190  16   7   0]
 [  3   0   0  20 104   0   1]
 [  7   0   3   4   1  66   9]
 [  6   0   0   0   1   0  48]]";168;[27 15 12 37 26 28 23]
513;Cora;own;0.5;0.2;64;0.5;1;0.005;503786444;0.8457142857142858;0.7620160259032189;"[[26  0  0  0  1  0  0]
 [ 2  0  5  3  5  2  1]
 [ 0  0 12  0  0  0  0]
 [ 2  0  0 35  1  2  0]
 [ 1  0  0  0 26  0  0]
 [ 1  0  0  0  1 26  0]
 [ 0  0  0  0  0  0 23]]";0.7937062937062938;0.696309640637173;"[[174   0   5  12  13   2  11]
 [ 17   0  38  51  15   8   7]
 [  0   0 286   9   0   2   1]
 [ 24   0  14 456  17   5  10]
 [  7   0   0  23 223   2   0]
 [ 17   0   8   4   2 124  16]
 [ 10   0   0   1   1   2  99]]";0.7405140758873929;0.6607738877591715;"[[ 73   0   4   9   6   0  14]
 [ 10   0  19  29   6   1   1]
 [  1   0 118   5   1   0   1]
 [ 27   0   8 192  13   6   0]
 [  3   0   0  19 106   0   0]
 [  7   0   2   3   1  68   9]
 [  6   0   0   0   1   0  48]]";175;[27 18 12 40 27 28 23]
514;Cora;own;0.5;0.2;64;0.5;1;0.005;503786444;0.8406593406593407;0.7559074449451912;"[[28  0  0  0  0  0  0]
 [ 2  0  5  3  6  2  1]
 [ 0  0 12  0  0  0  0]
 [ 2  0  1 35  1  2  0]
 [ 1  0  0  1 27  0  0]
 [ 0  0  0  0  0 27  2]
 [ 0  0  0  0  0  0 24]]";0.7870099473376243;0.6862851580027787;"[[168   0   6  12  13   2  16]
 [ 20   0  32  50  11   8  13]
 [  0   0 283  10   0   1   1]
 [ 26   0  10 453  16   1  13]
 [  8   0   0  29 221   2   0]
 [ 16   0  11   2   2 121  20]
 [  9   0   0   1   1   2  99]]";0.7490820073439413;0.6664504872315243;"[[ 72   0   3   9   6   0  16]
 [ 11   0  15  31   6   1   2]
 [  1   0 118   5   1   0   1]
 [ 29   0   7 197  12   1   0]
 [  3   0   0  16 109   0   0]
 [  6   0   2   3   1  66  12]
 [  4   0   0   0   1   0  50]]";182;[28 19 12 41 29 29 24]
515;Cora;own;0.5;0.2;64;0.5;1;0.005;503786444;0.8465608465608465;0.7714640198511166;"[[28  0  0  0  0  0  0]
 [ 2  0  3 11  3  1  0]
 [ 0  0 12  0  0  0  0]
 [ 2  0  0 39  1  1  0]
 [ 2  0  0  0 28  0  0]
 [ 1  0  0  0  0 28  1]
 [ 0  0  0  0  1  0 25]]";0.7931844888366627;0.6951498756256838;"[[167   0   5  15  10   2  13]
 [ 14   0  29  68   8   5   9]
 [  0   0 283  10   0   1   1]
 [ 25   0   8 462  13   1  12]
 [  8   0   0  29 220   2   0]
 [ 18   0   9   5   2 120  18]
 [  9   0   0   1   0   2  98]]";0.7613219094247246;0.6758873543661369;"[[ 75   0   3  11   5   0  12]
 [  9   0  13  38   3   1   2]
 [  1   0 117   6   1   0   1]
 [ 22   0   4 207  12   1   0]
 [  3   0   0  14 111   0   0]
 [  9   0   2   3   1  65  10]
 [  6   0   0   0   1   1  47]]";189;[28 20 12 43 30 30 26]
516;Cora;own;0.5;0.2;64;0.5;1;0.005;503786444;0.8520408163265306;0.7765051156028601;"[[28  0  0  0  0  0  0]
 [ 0  0  2  5  5  7  2]
 [ 0  0 13  0  0  0  0]
 [ 2  0  0 39  1  2  0]
 [ 2  0  0  0 29  0  0]
 [ 0  0  0  0  0 31  1]
 [ 0  0  0  0  0  0 27]]";0.8023598820058997;0.7020724909673427;"[[158   0   4  17  13   2  16]
 [ 18   0  23  55  10  15  10]
 [  0   0 282   9   0   1   1]
 [ 24   0   6 463  17   1  13]
 [  7   0   0  22 225   3   0]
 [ 16   0   5   2   2 132  14]
 [  7   0   0   1   0   1 100]]";0.7576499388004896;0.6679864670176306;"[[ 66   0   2  13   7   1  17]
 [  8   0  12  35   5   2   4]
 [  1   0 117   6   1   0   1]
 [ 20   0   4 207  13   2   0]
 [  2   0   0  12 112   2   0]
 [  5   0   2   3   1  68  11]
 [  4   0   0   0   1   1  49]]";196;[28 21 13 44 31 32 27]
517;Cora;own;0.5;0.2;64;0.5;1;0.005;503786444;0.8571428571428571;0.7748494836577421;"[[29  0  0  0  0  0  0]
 [ 4  0  5  4  4  4  2]
 [ 0  0 14  0  0  0  0]
 [ 1  0  0 41  1  1  0]
 [ 2  0  0  0 30  0  0]
 [ 1  0  0  0  0 32  0]
 [ 0  0  0  0  0  0 28]]";0.8015402843601895;0.7004337669627908;"[[163   0   4  13  12   3  16]
 [ 28   0  31  41   8  14   8]
 [  0   0 281   8   0   1   1]
 [ 28   0   6 458  15   1  12]
 [  7   0   0  26 223   3   0]
 [ 17   0   5   2   2 133  11]
 [  8   0   0   1   1   2  95]]";0.7600979192166463;0.6704103674406889;"[[ 73   0   2  10   7   0  14]
 [ 14   0  12  30   4   4   2]
 [  1   0 117   6   1   0   1]
 [ 21   0   5 205  13   2   0]
 [  3   0   0  11 112   2   0]
 [  6   0   2   3   1  66  12]
 [  6   0   0   0   0   1  48]]";203;[29 23 14 44 32 33 28]
518;Cora;own;0.5;0.2;64;0.5;1;0.005;503786444;0.8571428571428571;0.7696155242855698;"[[30  0  0  0  0  0  0]
 [ 0  0 15  4  5  0  0]
 [ 0  0 15  0  0  0  0]
 [ 1  0  1 43  0  1  0]
 [ 2  0  0  1 30  0  0]
 [ 0  0  0  0  0 34  0]
 [ 0  0  0  0  0  0 28]]";0.7965496728138013;0.6972560582878301;"[[155   0   7  18  14   3  13]
 [ 20   0  51  35   9   6   4]
 [  0   0 293   9   1   1   1]
 [ 29   0   7 453  15   1   7]
 [  7   0   0  27 220   3   0]
 [ 16   0  10   4   2 127   8]
 [  7   0   1   1   2   3  91]]";0.7576499388004896;0.6696989143575001;"[[ 71   0   4  13   7   0  11]
 [  7   0  26  27   4   1   1]
 [  1   0 120   4   1   0   0]
 [ 21   0   8 204  12   1   0]
 [  2   0   2  11 112   1   0]
 [  7   0   2   3   1  66  11]
 [  4   0   1   2   1   1  46]]";210;[30 24 15 46 33 34 28]
519;Cora;own;0.5;0.2;64;0.5;1;0.005;503786444;0.8571428571428571;0.7761891836228473;"[[31  0  0  0  0  0  0]
 [ 1  0  6  5  5  7  1]
 [ 0  0 16  0  0  0  0]
 [ 1  0  1 44  0  1  0]
 [ 2  0  0  1 31  0  0]
 [ 0  0  0  0  0 35  0]
 [ 0  0  0  0  0  0 29]]";0.8046594982078853;0.7012020324366743;"[[159   0   6  16  11   3  15]
 [ 24   0  31  38   8  13   7]
 [  0   0 292   9   1   1   1]
 [ 30   0   4 457  13   1  10]
 [  7   0   0  27 219   3   0]
 [ 13   0   9   4   2 129   9]
 [  6   0   0   1   0   4  91]]";0.7539779681762546;0.6645495199687378;"[[ 67   0   3  14   7   1  14]
 [  9   0  15  31   4   4   3]
 [  1   0 118   5   1   0   1]
 [ 21   0   7 204  12   1   1]
 [  2   0   1  12 112   1   0]
 [  5   0   2   3   1  68  11]
 [  4   0   0   2   0   2  47]]";217;[31 25 16 47 34 35 29]
520;Cora;own;0.5;0.2;64;0.5;1;0.005;503786444;0.96875;0.9683168128911644;"[[33  0  0  0  0  0  0]
 [ 0 25  1  0  0  0  0]
 [ 0  0 17  0  0  0  0]
 [ 1  3  0 44  0  0  0]
 [ 1  1  0  0 33  0  0]
 [ 0  0  0  0  0 36  0]
 [ 0  0  0  0  0  0 29]]";0.8518296340731853;0.8305849155592969;"[[161   7   5  11  12   2  13]
 [  2  89   8  16   1   2   1]
 [  1   1 293   6   1   1   0]
 [ 33   9   3 449  17   1   3]
 [  6   0   0  25 221   2   0]
 [ 13  11   6   5   2 120   8]
 [  7   3   1   1   0   1  87]]";0.8041615667074663;0.7822111151085966;"[[ 72  10   3   6   7   0   8]
 [  2  40   7  14   2   0   1]
 [  1   0 119   5   1   0   0]
 [ 21   3   4 205  12   1   0]
 [  1   3   0  13 110   1   0]
 [  5   5   2   3   1  65   9]
 [  3   4   0   1   0   1  46]]";224;[33 26 17 48 35 36 29]
521;Cora;own;0.5;0.2;64;0.5;1;0.005;503786444;0.974025974025974;0.9750928147703789;"[[35  0  0  0  0  0  0]
 [ 0 26  0  0  0  0  0]
 [ 0  0 17  0  0  0  0]
 [ 2  0  0 47  0  0  0]
 [ 1  0  0  1 34  0  0]
 [ 0  1  1  0  0 37  0]
 [ 0  0  0  0  0  0 29]]";0.8572289156626506;0.8431183797520552;"[[168   4   4  10  16   3   6]
 [  3  93   7  13   1   0   1]
 [  1   2 289   7   1   1   0]
 [ 36   5   3 446  19   1   3]
 [  7   1   0  23 219   2   0]
 [ 14   4  10   3   2 123   9]
 [ 11   1   1   1   0   1  85]]";0.8151774785801713;0.8043104099613814;"[[ 80   4   4   6   6   0   6]
 [  1  46   7   9   2   0   1]
 [  1   0 119   5   1   0   0]
 [ 23   5   4 199  14   1   0]
 [  0   3   0  13 111   1   0]
 [  9   1   2   3   1  67   7]
 [  7   0   1   2   0   1  44]]";231;[35 26 17 49 36 39 29]
522;Cora;own;0.5;0.2;64;0.5;1;0.005;503786444;0.9789915966386554;0.9777190760579003;"[[35  0  1  1  0  0  0]
 [ 0 27  0  0  0  0  0]
 [ 0  0 17  0  0  0  0]
 [ 1  0  0 49  0  0  0]
 [ 1  0  0  0 36  0  0]
 [ 0  0  1  0  0 39  0]
 [ 0  0  0  0  0  0 30]]";0.8590441621294616;0.8427487132593195;"[[159   4   6  12  17   2  12]
 [  2  96   7  11   0   0   1]
 [  0   2 285   8   1   1   1]
 [ 29   7   3 452  16   1   4]
 [  6   1   0  24 218   2   0]
 [ 11   4   8   4   2 123  12]
 [  7   0   2   1   0   2  87]]";0.8212974296205631;0.8085701095854636;"[[ 71   4   3   9   7   1  11]
 [  1  50   6   7   1   0   1]
 [  0   0 119   5   1   0   1]
 [ 21   5   4 204  11   1   0]
 [  0   3   0  13 111   1   0]
 [  4   2   2   3   1  69   9]
 [  4   0   1   2   0   1  47]]";238;[37 27 17 50 37 40 30]
523;Cora;own;0.5;0.2;64;0.5;1;0.005;503786444;0.9714285714285714;0.9729886535185257;"[[38  0  0  0  0  0  0]
 [ 0 28  0  0  0  0  0]
 [ 0  0 17  0  0  0  0]
 [ 1  0  0 48  1  1  0]
 [ 2  0  0  0 36  0  0]
 [ 0  0  1  0  0 42  0]
 [ 1  0  0  0  0  0 29]]";0.8614823815309842;0.8523054028602742;"[[174   2   4   9  14   3   6]
 [  4  93   7  11   0   0   1]
 [  1   2 283   8   1   0   0]
 [ 41   9   3 438  19   1   1]
 [ 11   1   0  17 216   4   0]
 [ 17   1   4   3   2 132   4]
 [ 12   0   0   1   0   4  82]]";0.8323133414932681;0.8284180164459498;"[[ 89   2   2   7   4   1   1]
 [  1  50   6   7   1   0   1]
 [  1   0 119   5   1   0   0]
 [ 25   6   4 199  11   1   0]
 [  1   3   0  12 111   1   0]
 [ 11   0   2   3   1  69   4]
 [ 10   0   0   0   0   2  43]]";245;[38 28 17 51 38 43 30]
524;Cora;own;0.5;0.2;64;0.5;1;0.005;503786444;0.9841269841269841;0.9868468514720066;"[[38  0  0  0  0  0  0]
 [ 0 29  0  0  0  0  0]
 [ 0  0 18  0  0  0  0]
 [ 1  0  0 50  1  1  0]
 [ 1  0  0  0 37  0  0]
 [ 0  0  0  0  0 45  0]
 [ 0  0  0  0  0  0 31]]";0.8657718120805369;0.8527040018966918;"[[164   2   6  14  15   4   8]
 [  2  93   7  12   0   0   1]
 [  1   2 279   9   1   1   0]
 [ 30   6   3 451  16   1   3]
 [  8   1   0  20 218   2   0]
 [ 11   2   3   3   2 131   9]
 [  8   0   0   1   0   6  83]]";0.8335373317013464;0.8268444548212658;"[[ 81   2   2   8   7   2   4]
 [  1  49   6   8   1   0   1]
 [  1   0 119   5   1   0   0]
 [ 20   5   4 205  11   1   0]
 [  0   3   0  13 111   1   0]
 [  7   0   2   4   1  70   6]
 [  4   0   0   2   0   3  46]]";252;[38 29 18 53 38 45 31]
525;Cora;own;0.5;0.2;64;0.5;1;0.005;503786444;0.9806949806949807;0.9832231139286417;"[[39  0  0  0  0  0  0]
 [ 0 29  0  0  0  0  0]
 [ 0  0 19  0  0  0  0]
 [ 1  0  0 51  1  1  0]
 [ 1  0  0  0 38  0  0]
 [ 0  1  0  0  0 46  0]
 [ 0  0  0  0  0  0 32]]";0.8658088235294118;0.8512279454550772;"[[164   2   7   9  16   3  11]
 [  3  92   7  11   0   0   1]
 [  1   2 280   7   1   0   0]
 [ 33   8   3 445  18   1   3]
 [  9   1   0  16 220   2   0]
 [ 10   2   3   3   2 127  12]
 [  7   0   0   1   1   3  85]]";0.8323133414932681;0.8255484914924038;"[[ 82   2   2   7   6   0   7]
 [  1  50   6   7   1   0   1]
 [  1   0 118   5   1   0   1]
 [ 23   5   4 202  11   1   0]
 [  0   3   0  12 113   0   0]
 [ 11   0   2   3   1  65   8]
 [  2   0   0   1   0   2  50]]";259;[39 29 19 54 39 47 32]
526;Cora;own;0.5;0.2;64;0.5;1;0.005;503786444;0.9774436090225563;0.9803317886147912;"[[39  0  0  0  0  1  0]
 [ 0 30  0  0  0  0  0]
 [ 0  0 20  0  0  0  0]
 [ 1  0  0 54  1  1  0]
 [ 1  0  0  0 38  0  0]
 [ 0  1  0  0  0 46  0]
 [ 0  0  0  0  0  0 33]]";0.8664615384615385;0.8547047832745146;"[[162   2   6  15  13   5   8]
 [  3  90   6  15   0   1   0]
 [  1   2 276  10   1   0   0]
 [ 33   7   3 450  13   1   2]
 [  8   1   0  19 213   4   0]
 [  8   1   2   3   2 135   8]
 [  6   0   0   2   1   5  82]]";0.8372093023255814;0.831927469431405;"[[ 83   2   1   9   4   2   5]
 [  1  49   6   8   1   0   1]
 [  1   0 118   5   1   0   1]
 [ 21   5   4 206   9   1   0]
 [  0   3   0  15 110   0   0]
 [  8   0   2   3   1  71   5]
 [  4   0   0   2   0   2  47]]";266;[40 30 20 57 39 47 33]
527;Cora;own;0.5;0.2;64;0.5;1;0.005;503786444;0.9706959706959707;0.9732939778546223;"[[39  0  0  0  0  1  0]
 [ 1 31  0  0  0  0  0]
 [ 0  0 21  0  0  0  0]
 [ 1  0  0 55  1  1  0]
 [ 2  0  0  0 38  0  0]
 [ 0  1  0  0  0 47  0]
 [ 0  0  0  0  0  0 34]]";0.8646477132262052;0.8566808352821312;"[[165   1   5  11  16   5   8]
 [  2  91   5  12   0   3   0]
 [  1   0 283   6   1   0   0]
 [ 43  10   6 422  20   1   2]
 [  8   1   0  14 220   4   0]
 [  7   1   2   3   1 136   7]
 [  6   0   1   1   0   5  82]]";0.8323133414932681;0.8290866416779527;"[[ 84   2   1   7   5   3   4]
 [  1  50   6   6   1   1   1]
 [  1   0 120   4   1   0   0]
 [ 25   5   6 195  13   2   0]
 [  1   3   0  10 112   2   0]
 [  8   1   2   2   1  71   5]
 [  4   0   0   1   0   2  48]]";273;[40 32 21 58 40 48 34]
528;Cora;own;0.5;0.2;64;0.5;1;0.005;503786444;0.975;0.9753039881746147;"[[40  0  0  0  0  0  0]
 [ 0 33  0  0  0  0  0]
 [ 0  0 21  0  0  0  0]
 [ 2  0  0 57  1  0  0]
 [ 2  0  0  0 39  0  0]
 [ 0  1  0  0  0 48  0]
 [ 0  0  1  0  0  0 35]]";0.8690254500310366;0.8554181501708948;"[[159   2   3  14  16   3  13]
 [  3  88   5  15   0   0   1]
 [  0   0 281   6   1   0   1]
 [ 36   4   5 444  13   1   2]
 [  9   1   0  16 218   3   0]
 [  8   2   3   4   1 127  10]
 [  5   0   0   1   0   4  83]]";0.8347613219094248;0.8258199605985936;"[[ 81   2   1   9   5   0   8]
 [  1  49   6   7   1   0   2]
 [  1   0 119   5   1   0   0]
 [ 18   7   4 204  12   1   0]
 [  0   3   0  12 113   0   0]
 [ 10   0   2   3   1  66   8]
 [  2   0   0   1   0   2  50]]";280;[40 33 21 60 41 49 36]
529;Cora;own;0.5;0.2;64;0.5;1;0.005;503786444;0.9790940766550522;0.981077135145994;"[[41  0  0  0  0  0  0]
 [ 0 34  0  0  0  0  0]
 [ 0  0 22  0  0  0  0]
 [ 2  0  0 58  1  0  0]
 [ 2  0  0  0 40  0  0]
 [ 0  1  0  0  0 49  0]
 [ 0  0  0  0  0  0 37]]";0.8690773067331671;0.859160095473788;"[[162   2   2  11  14   5  12]
 [  3  91   4   9   0   4   0]
 [  1   0 279   5   1   0   1]
 [ 42   6   5 430  18   1   2]
 [ 10   1   0  15 220   3   0]
 [  8   1   3   3   1 131   7]
 [  4   0   0   1   0   5  81]]";0.8347613219094248;0.8272775479231792;"[[ 83   2   0   8   5   1   7]
 [  1  51   6   5   1   1   1]
 [  1   2 120   1   1   0   1]
 [ 25   7   4 197  12   1   0]
 [  1   3   0  10 113   1   0]
 [  9   1   2   2   1  68   7]
 [  2   0   0   1   0   2  50]]";287;[41 34 22 61 42 50 37]
530;Cora;own;0.5;0.2;64;0.5;1;0.005;503786444;0.9727891156462585;0.9749508010670783;"[[42  0  0  0  0  0  0]
 [ 0 34  0  0  0  0  0]
 [ 0  0 23  0  0  0  0]
 [ 1  0  0 59  1  1  0]
 [ 2  0  0  0 41  0  0]
 [ 0  2  0  0  0 49  0]
 [ 0  0  0  0  0  1 38]]";0.8728866624921728;0.8591342291613883;"[[156   2   2  14  14   8  11]
 [  2  88   4  12   0   4   0]
 [  1   0 278   4   1   0   1]
 [ 32   7   5 443  13   1   3]
 [  8   1   0  17 219   3   0]
 [  8   0   4   3   1 130   8]
 [  4   0   0   1   0   4  80]]";0.8421052631578947;0.8305853034237368;"[[ 81   2   0   8   6   0   9]
 [  1  51   6   5   1   1   1]
 [  1   2 120   1   1   0   1]
 [ 17   7   4 204  12   2   0]
 [  1   3   0  10 113   1   0]
 [  7   1   2   2   1  70   7]
 [  3   0   0   1   0   2  49]]";294;[42 34 23 62 43 51 39]
531;Cora;own;0.5;0.2;64;0.5;1;0.005;503786444;0.9700996677740864;0.9726967200640161;"[[42  0  0  0  0  0  0]
 [ 0 34  0  0  0  0  0]
 [ 0  0 24  0  0  0  0]
 [ 3  1  0 60  1  0  0]
 [ 2  0  0  0 42  0  0]
 [ 0  1  0  0  0 51  0]
 [ 0  0  0  0  0  1 39]]";0.8685534591194969;0.8559774437744511;"[[161   2   2  11  16   4  11]
 [  3  88   4  11   0   2   1]
 [  1   0 275   4   2   0   1]
 [ 35   6   6 431  20   2   3]
 [  6   1   0  16 222   2   0]
 [  9   0   3   3   1 126  11]
 [  8   0   0   0   0   2  78]]";0.835985312117503;0.8259591049755263;"[[ 82   2   0   8   7   0   7]
 [  1  50   6   5   2   1   1]
 [  1   2 119   1   1   0   2]
 [ 18   7   5 200  15   1   0]
 [  1   3   0   9 115   0   0]
 [ 11   1   2   1   1  68   6]
 [  3   0   0   1   0   2  49]]";301;[42 34 24 65 44 52 40]
532;Cora;own;0.5;0.2;64;0.5;1;0.005;503786444;0.9642857142857143;0.9680337037313532;"[[43  0  0  0  1  0  0]
 [ 0 35  0  0  0  0  0]
 [ 0  0 25  0  0  0  0]
 [ 1  0  0 63  0  3  0]
 [ 2  0  0  1 41  0  0]
 [ 0  1  0  0  0 51  1]
 [ 0  0  0  0  0  1 39]]";0.8692356285533797;0.8523540447308744;"[[153   2   2  14  17   7  12]
 [  3  85   4  12   0   4   0]
 [  1   0 274   5   1   0   1]
 [ 29   3   4 448  15   1   3]
 [  7   1   0  18 214   3   0]
 [  8   0   4   3   1 127   9]
 [  7   0   0   2   0   4  75]]";0.8372093023255814;0.8275006322251671;"[[ 77   2   0  12   6   2   7]
 [  1  49   6   8   0   1   1]
 [  1   0 119   4   1   0   1]
 [ 15   3   4 209  14   1   0]
 [  0   3   0  11 112   1   1]
 [  8   0   2   3   1  71   5]
 [  3   0   0   1   0   4  47]]";308;[44 35 25 67 44 53 40]
533;Cora;own;0.5;0.2;64;0.5;1;0.005;503786444;0.9650793650793651;0.9687660718030244;"[[44  0  0  0  0  0  0]
 [ 0 36  0  1  0  0  0]
 [ 0  0 26  0  0  0  0]
 [ 2  0  0 66  0  2  0]
 [ 2  0  0  1 41  0  0]
 [ 1  1  0  0  0 51  0]
 [ 0  0  0  0  0  1 40]]";0.873730964467005;0.8599742155250041;"[[158   2   4  12  16   8   7]
 [  3  87   4   5   0   2   0]
 [  1   0 275   3   1   0   1]
 [ 34   4   4 451  12   0   3]
 [ 10   1   0  18 208   3   0]
 [ 11   0   4   3   1 125   8]
 [  8   0   0   1   0   5  73]]";0.8457772337821298;0.8405632152440379;"[[ 84   2   0  10   5   1   4]
 [  1  52   7   6   0   0   0]
 [  1   2 121   1   1   0   0]
 [ 20   3   4 206  12   1   0]
 [  2   3   0  10 112   1   0]
 [ 12   1   2   2   1  69   3]
 [  3   0   0   1   0   4  47]]";315;[44 37 26 70 44 53 41]
534;Cora;own;0.5;0.2;64;0.5;1;0.005;503786444;0.968944099378882;0.9720673250766632;"[[44  0  0  0  0  0  0]
 [ 0 37  0  1  0  0  0]
 [ 0  0 27  0  0  0  0]
 [ 2  0  0 68  0  1  1]
 [ 1  0  0  1 43  0  0]
 [ 1  1  0  0  0 53  0]
 [ 0  0  0  0  0  1 40]]";0.8744423199490121;0.8598882491517301;"[[157   2   2  12  16   7  11]
 [  3  86   4   5   0   2   0]
 [  1   0 273   4   1   0   1]
 [ 28   4   6 450  16   0   2]
 [ 10   1   0  17 209   2   0]
 [ 10   2   4   3   1 122   8]
 [  6   0   0   2   0   4  75]]";0.8482252141982864;0.8365444297662855;"[[ 83   2   0  10   5   1   5]
 [  1  52   7   6   0   0   0]
 [  1   2 119   2   1   0   1]
 [ 12   5   4 211  13   1   0]
 [  1   3   0  10 114   0   0]
 [ 10   1   2   2   1  67   7]
 [  3   0   0   1   0   4  47]]";322;[44 38 27 72 45 55 41]
535;Cora;own;0.5;0.2;64;0.5;1;0.005;503786444;0.9665653495440729;0.9702988192765428;"[[44  0  0  0  0  0  0]
 [ 0 38  0  1  0  0  0]
 [ 0  0 28  0  0  0  0]
 [ 1  0  0 69  2  2  1]
 [ 1  0  0  0 44  0  0]
 [ 1  1  0  0  0 54  0]
 [ 0  0  0  0  0  1 41]]";0.8770806658130602;0.8625351593853562;"[[151   2   3  15  16  11   8]
 [  2  83   4   8   0   2   0]
 [  1   0 274   3   1   0   1]
 [ 22   3   7 451  16   2   2]
 [  6   1   0  17 211   4   0]
 [  7   0   4   3   1 126   8]
 [  5   0   0   2   0   5  74]]";0.8421052631578947;0.8307627783270001;"[[ 74   2   1  14   6   3   6]
 [  1  52   7   6   0   0   0]
 [  1   2 121   1   1   0   0]
 [ 10   5   5 210  13   3   0]
 [  0   3   0  10 113   1   1]
 [  8   1   2   2   1  71   5]
 [  2   0   0   1   0   5  47]]";329;[44 39 28 75 45 56 42]
536;Cora;own;0.5;0.2;64;0.5;1;0.005;503786444;0.9553571428571429;0.9591974363426479;"[[44  0  1  1  0  0  0]
 [ 0 39  0  1  0  0  0]
 [ 0  0 28  0  0  0  0]
 [ 3  0  0 68  2  1  1]
 [ 1  0  0  1 45  0  0]
 [ 1  1  0  0  0 55  0]
 [ 0  0  0  0  0  1 42]]";0.8758842443729904;0.8605481538182203;"[[154   2   2  14  17   7   7]
 [  3  81   4   8   0   2   0]
 [  1   0 272   4   1   0   1]
 [ 27   3   7 450  16   0   2]
 [  6   1   0  16 212   2   0]
 [ 11   2   4   1   1 121   8]
 [  7   0   0   2   1   3  72]]";0.8433292533659731;0.8334007649142231;"[[ 77   2   0  14   7   1   5]
 [  1  51   7   7   0   0   0]
 [  1   2 121   1   1   0   0]
 [ 12   3   4 212  14   1   0]
 [  1   3   0  11 113   0   0]
 [ 10   1   2   2   1  67   7]
 [  3   0   0   1   0   3  48]]";336;[46 40 28 75 47 57 43]
537;Cora;own;0.5;0.2;64;0.5;1;0.005;503786444;0.9591836734693877;0.9621130702358487;"[[44  0  1  1  0  0  0]
 [ 0 40  0  1  0  0  0]
 [ 0  0 29  0  0  0  0]
 [ 3  0  0 71  1  1  0]
 [ 1  0  0  1 46  0  0]
 [ 1  1  0  0  0 57  0]
 [ 0  0  0  0  0  2 42]]";0.874031007751938;0.8618685840759223;"[[151   2   2  13  17  12   5]
 [  3  82   8   6   0   2   0]
 [  1   0 266   4   1   0   1]
 [ 29   3   8 441  14   3   1]
 [  6   1   0  17 215   4   0]
 [  9   0   4   1   1 127   5]
 [  5   0   0   1   0   6  71]]";0.847001223990208;0.8372181644806629;"[[ 79   2   0  13   6   3   3]
 [  1  51   7   6   0   1   0]
 [  1   2 121   1   1   0   0]
 [ 13   3   4 211  14   1   0]
 [  1   3   0   9 113   2   0]
 [  8   2   2   2   1  71   4]
 [  2   0   0   1   0   6  46]]";343;[46 41 29 76 48 59 44]
538;Cora;own;0.5;0.2;64;0.5;1;0.005;503786444;0.96;0.9609435269355595;"[[45  0  1  0  0  0  1]
 [ 0 40  0  1  1  0  0]
 [ 0  0 29  0  0  0  0]
 [ 2  0  0 72  1  2  0]
 [ 1  0  0  0 48  0  0]
 [ 1  1  1  0  0 59  0]
 [ 0  0  0  0  0  1 43]]";0.8695652173913043;0.8547042185780208;"[[147   2   3  15  16   8  10]
 [  3  79   8   7   0   2   1]
 [  0   0 262   6   1   0   2]
 [ 27   3   9 437  20   0   4]
 [  4   1   0  14 219   4   0]
 [  8   0   4   1   1 123   8]
 [  2   0   0   3   0   4  73]]";0.835985312117503;0.8229289715329966;"[[ 72   2   1  14   8   2   7]
 [  1  48   7   9   0   0   1]
 [  1   2 120   2   1   0   0]
 [ 12   3   4 211  15   1   0]
 [  1   3   0   9 114   0   1]
 [  8   1   2   2   1  70   6]
 [  2   0   0   1   0   4  48]]";350;[47 42 29 77 49 62 44]
539;Cora;own;0.5;0.2;64;0.5;1;0.005;503786444;0.9607843137254902;0.9619861061444829;"[[44  0  1  1  0  0  1]
 [ 0 42  0  1  0  0  0]
 [ 0  0 30  0  0  0  0]
 [ 1  0  0 74  1  2  0]
 [ 2  0  0  1 48  0  0]
 [ 0  1  1  0  0 61  0]
 [ 0  0  0  0  0  1 44]]";0.8709256844850065;0.8558898594229791;"[[148   2   1  16  16   8   9]
 [  3  79   8   7   0   2   0]
 [  0   0 259   7   2   0   2]
 [ 27   3   9 440  17   0   3]
 [  6   1   0  13 218   3   0]
 [  8   0   4   1   1 122   8]
 [  6   0   0   2   0   3  70]]";0.8433292533659731;0.8312543016517522;"[[ 77   2   0  14   3   3   7]
 [  1  49   7   9   0   0   0]
 [  1   2 120   2   1   0   0]
 [ 11   3   4 212  15   1   0]
 [  1   3   0   9 114   0   1]
 [  9   1   2   2   1  70   5]
 [  3   0   0   1   0   4  47]]";357;[47 43 30 78 51 63 45]
540;Cora;own;0.5;0.2;64;0.5;1;0.005;503786444;0.967032967032967;0.9667105351494787;"[[45  0  1  1  0  0  0]
 [ 0 44  1  0  0  0  0]
 [ 0  0 30  0  0  0  0]
 [ 1  0  0 77  0  2  0]
 [ 2  0  0  1 49  0  0]
 [ 0  1  1  0  0 63  0]
 [ 0  0  0  0  0  1 44]]";0.8716437459070072;0.8571254965654044;"[[146   2   1  21  17   7   6]
 [  3  77  11   8   0   2   0]
 [  1   0 255   7   2   0   1]
 [ 22   3   8 450  12   2   0]
 [  7   1   0  16 214   2   0]
 [  9   0   4   2   1 120   6]
 [  7   0   0   2   0   3  69]]";0.8396572827417381;0.8289316968885982;"[[ 79   2   0  15   4   1   5]
 [  1  48   7  10   0   0   0]
 [  1   0 120   4   1   0   0]
 [ 11   3   4 212  14   2   0]
 [  1   3   0   9 114   0   1]
 [ 11   2   2   3   1  66   5]
 [  3   0   0   1   0   4  47]]";364;[47 45 30 80 52 65 45]
541;Cora;own;0.5;0.2;64;0.5;1;0.005;503786444;0.967654986522911;0.9695672626816446;"[[46  0  0  1  0  0  0]
 [ 0 45  1  0  0  0  0]
 [ 0  0 31  0  0  0  0]
 [ 2  0  0 78  0  2  0]
 [ 1  0  0  2 49  0  1]
 [ 0  1  0  0  0 65  0]
 [ 0  0  0  0  0  1 45]]";0.8730263157894737;0.8544019448371756;"[[141   2   1  16  16  11  11]
 [  3  79  11   5   0   2   0]
 [  0   0 255   6   2   0   2]
 [ 18   3   8 447  16   3   1]
 [  6   1   0  14 215   3   0]
 [  8   0   4   1   1 120   7]
 [  4   0   0   3   0   4  70]]";0.8408812729498164;0.829015769957086;"[[ 73   2   0  15   6   2   8]
 [  1  52   6   6   0   1   0]
 [  1   0 119   2   1   2   1]
 [ 11   3   4 211  14   3   0]
 [  1   3   0   9 114   0   1]
 [  8   1   1   2   1  70   7]
 [  2   0   0   1   0   4  48]]";371;[47 46 31 82 53 66 46]
542;Cora;own;0.5;0.2;64;0.5;1;0.005;503786444;0.9629629629629629;0.9634656147014117;"[[47  0  0  1  0  0  0]
 [ 0 46  1  0  0  0  0]
 [ 1  0 31  0  0  0  0]
 [ 2  0  1 79  0  2  0]
 [ 1  0  0  2 50  0  1]
 [ 0  1  0  0  0 66  0]
 [ 0  0  0  0  0  1 45]]";0.8724388631857237;0.858366139163674;"[[143   1   1  19  19   6   9]
 [  3  77  11   6   0   2   0]
 [  0   0 249   9   2   0   1]
 [ 18   3   9 450  15   1   0]
 [  5   1   0  17 213   2   0]
 [  9   0   4   1   2 118   6]
 [  5   0   0   3   0   3  70]]";0.8372093023255814;0.8230083276530842;"[[ 74   2   0  15   8   1   6]
 [  1  49   7   8   1   0   0]
 [  1   2 120   2   1   0   0]
 [ 11   3   3 213  15   1   0]
 [  1   3   0   9 115   0   0]
 [  9   1   1   3   1  68   7]
 [  5   0   0   1   0   4  45]]";378;[48 47 32 84 54 67 46]
543;Cora;own;0.5;0.2;64;0.5;1;0.005;503786444;0.974025974025974;0.972656339448245;"[[49  0  0  1  0  0  1]
 [ 0 47  1  0  0  0  0]
 [ 0  0 32  0  0  0  1]
 [ 1  0  0 84  0  0  0]
 [ 0  0  0  1 51  1  1]
 [ 0  1  0  0  0 67  0]
 [ 0  0  0  0  0  1 45]]";0.8745019920318725;0.8570255942919857;"[[144   1   0  20  13  10  10]
 [  2  77   9   8   0   2   0]
 [  0   0 248  10   2   0   1]
 [ 18   3   2 456  11   2   1]
 [  6   1   0  19 207   3   0]
 [  8   0   4   3   2 117   6]
 [  7   0   0   2   0   3  68]]";0.8421052631578947;0.8304221602133065;"[[ 77   2   1  14   4   1   7]
 [  1  50   7   8   0   0   0]
 [  1   0 120   4   1   0   0]
 [ 11   3   1 215  15   1   0]
 [  1   3   0  11 112   0   1]
 [  9   1   1   4   1  67   7]
 [  3   0   0   1   0   4  47]]";385;[51 48 33 85 54 68 46]
544;Cora;own;0.5;0.2;64;0.5;1;0.005;503786444;0.9668367346938775;0.9671310923661774;"[[49  1  0  2  0  0  0]
 [ 0 47  1  0  0  0  0]
 [ 0  0 33  0  0  0  1]
 [ 2  0  0 84  0  1  0]
 [ 0  0  0  2 52  0  1]
 [ 0  1  0  0  0 68  0]
 [ 0  0  0  0  0  1 46]]";0.8732488325550367;0.8537136133201042;"[[140   1   0  19  15  10  12]
 [  2  78   9   6   0   3   0]
 [  0   0 249   8   2   0   1]
 [ 13   6   2 446  19   3   2]
 [  5   1   0  16 211   2   0]
 [  6   1   4   2   2 117   7]
 [  5   0   0   3   0   3  68]]";0.8531211750305998;0.8397419358881207;"[[ 76   3   1  13   4   3   6]
 [  1  52   7   5   1   0   0]
 [  1   2 121   1   1   0   0]
 [ 11   3   1 213  17   1   0]
 [  1   3   0   7 117   0   0]
 [  8   1   1   1   1  71   7]
 [  3   0   0   1   0   4  47]]";392;[52 48 34 87 55 69 47]
545;Cora;own;0.5;0.2;64;0.5;1;0.005;503786444;0.9674185463659147;0.9675679007152631;"[[51  1  0  1  0  0  0]
 [ 0 47  1  1  0  0  0]
 [ 1  0 34  0  0  0  0]
 [ 2  0  0 85  0  1  0]
 [ 2  0  0  1 53  0  0]
 [ 0  1  0  0  0 69  0]
 [ 0  0  0  0  0  1 47]]";0.8827077747989276;0.8661945525445615;"[[154   0   0  18  12   7   5]
 [  3  77  10   6   0   1   0]
 [  0   0 248   9   2   0   1]
 [ 13   5   2 452  13   3   1]
 [  6   1   0  18 207   2   0]
 [  9   2   4   2   2 113   6]
 [  6   0   0   3   0   3  66]]";0.8555691554467564;0.8410904305051164;"[[ 80   3   0  14   3   0   6]
 [  1  52   7   4   1   0   1]
 [  1   2 121   1   1   0   0]
 [ 12   3   1 218  11   1   0]
 [  2   3   0  10 113   0   0]
 [ 10   1   2   1   1  69   6]
 [  4   0   0   1   0   4  46]]";399;[53 49 35 88 56 70 48]
546;Cora;own;0.5;0.2;64;0.5;1;0.005;503786444;0.9704433497536946;0.9694766084687388;"[[52  1  0  0  1  0  0]
 [ 0 49  1  0  0  0  0]
 [ 1  0 35  0  0  0  0]
 [ 2  0  0 87  1  0  0]
 [ 1  0  0  1 54  0  0]
 [ 0  1  0  0  0 70  1]
 [ 0  0  0  0  1  0 47]]";0.8734006734006734;0.853089269917411;"[[136   2   1  14  16  11   9]
 [  3  77   9   5   0   3   0]
 [  0   0 249   8   2   0   1]
 [ 14   6   3 444  18   3   2]
 [  5   1   0  15 211   2   0]
 [  8   1   3   3   3 114   4]
 [  7   0   0   2   2   2  66]]";0.8494492044063647;0.8328498575025921;"[[ 73   3   1  13   7   1   8]
 [  1  53   7   3   1   0   1]
 [  1   2 121   1   1   0   0]
 [ 11   5   1 213  14   2   0]
 [  1   3   0   6 118   0   0]
 [  8   1   1   2   2  70   6]
 [  3   0   0   1   0   5  46]]";406;[54 50 36 90 56 72 48]
547;Cora;own;0.5;0.2;64;0.5;1;0.005;503786444;0.9661016949152542;0.9665706160144941;"[[53  1  0  1  1  0  0]
 [ 0 51  0  0  0  0  0]
 [ 1  0 35  0  0  0  0]
 [ 2  0  1 89  0  0  0]
 [ 1  0  0  1 55  0  0]
 [ 0  1  0  1  0 69  2]
 [ 0  0  0  0  0  1 47]]";0.8795669824086604;0.8664101126123062;"[[142   2   1  15  13  11   3]
 [  3  79   6   6   0   2   0]
 [  1   1 246   8   2   0   1]
 [ 18   6   3 442  16   3   1]
 [  6   1   0  15 209   2   0]
 [  7   1   3   3   3 117   1]
 [  8   0   0   2   1   3  65]]";0.8567931456548348;0.8447372276359358;"[[ 79   3   0  12   5   2   5]
 [  1  53   7   3   1   0   1]
 [  1   2 121   1   1   0   0]
 [ 11   4   1 214  13   3   0]
 [  2   3   0   7 116   0   0]
 [  8   1   1   4   2  71   3]
 [  3   0   0   1   0   5  46]]";413;[56 51 36 92 57 73 48]
548;Cora;own;0.5;0.2;64;0.5;1;0.005;503786444;0.969047619047619;0.9670851948860296;"[[53  1  0  0  1  0  3]
 [ 0 51  1  0  0  0  0]
 [ 0  0 36  0  0  0  0]
 [ 1  0  1 90  0  1  0]
 [ 0  0  0  0 58  0  1]
 [ 0  1  0  0  0 73  0]
 [ 0  0  0  0  0  2 46]]";0.8823929299796057;0.8677060477948082;"[[138   2   0  15  14  11   6]
 [  3  80   9   5   0   2   0]
 [  0   1 243   8   2   1   0]
 [ 14   6   2 443  19   4   0]
 [  5   1   0  12 210   2   0]
 [  6   1   4   2   3 117   1]
 [  4   0   0   2   1   5  67]]";0.8641370869033048;0.8515955208315633;"[[ 77   3   1  10   5   3   7]
 [  0  53   7   4   1   1   0]
 [  1   2 121   1   1   0   0]
 [  9   3   1 217  14   2   0]
 [  1   3   0   8 116   0   0]
 [  6   1   1   2   2  75   3]
 [  2   0   0   1   0   5  47]]";420;[58 52 36 93 59 74 48]
549;Cora;own;0.5;0.2;64;0.5;1;0.005;1256718679;0.0;0.0;[[]];0.1708090957165521;0.08274178086292346;"[[  6  17 185   7  16  14   0]
 [  4   8 109   1  22   4   3]
 [  1   4 277   0   7   3   0]
 [  4  46 471   3  25  22   1]
 [  0  67 189   7  19  16   0]
 [ 21   5 157   0  14  10   1]
 [  2  15  81   2   9  16   0]]";0.1689106487148103;0.08448610783964008;"[[  1   4  84   2  12   3   0]
 [  2   5  53   0   4   1   1]
 [  1   2 118   2   2   1   0]
 [  3  18 199   1  16   9   0]
 [  7  30  74   5   6   6   0]
 [  5   3  70   0   4   7   1]
 [  1   4  44   0   2   4   0]]";0;[]
550;Cora;own;0.5;0.2;64;0.5;1;0.005;1256718679;1.0;1.0;"[[3 0 0 0]
 [0 1 0 0]
 [0 0 2 0]
 [0 0 0 1]]";0.37048832271762205;0.2845345260669179;"[[  0  34  15   0   1   0 176]
 [  0 156  21   0   1   0   6]
 [  0   1 297   0   0   0   5]
 [  0 253 185   0  16   0  88]
 [  0  89   7   0 137   0  58]
 [  0  27  67   0   0   0 106]
 [  0   4  26   0   0   0 108]]";0.3402692778457772;0.2671483300574439;"[[  0  23   5   0   2   0  76]
 [  0  54  10   0   0   0   2]
 [  0   0 122   0   0   0   4]
 [  0 117  86   0   4   0  39]
 [  0  47   3   0  59   0  19]
 [  0   9  30   0   0   0  51]
 [  0   0  12   0   0   0  43]]";7;[0 3 1 0 2 0 1]
551;Cora;own;0.5;0.2;64;0.5;1;0.005;1256718679;0.7142857142857143;0.5694444444444444;"[[0 0 0 0 0 2]
 [0 3 0 0 0 0]
 [0 0 2 0 0 0]
 [0 2 0 0 0 0]
 [0 0 0 0 3 0]
 [0 0 0 0 0 2]]";0.3755993606819393;0.2916502372149791;"[[  0  42  19   0   1   0 164]
 [  0 148  19   0   1   0   7]
 [  0   2 299   0   0   0   4]
 [  0 219 257   0  18   0  77]
 [  0  71  10   0 129   0  59]
 [  0  12 103   0   0   0  83]
 [  0   0   4   0   0   0 129]]";0.35006119951040393;0.273944661142029;"[[  0  24   9   0   2   0  71]
 [  0  53  12   0   0   0   1]
 [  0   0 122   0   0   0   4]
 [  0  93 111   0   5   0  37]
 [  0  41   7   0  61   0  19]
 [  0   7  42   0   0   0  41]
 [  0   0   5   0   0   0  50]]";14;[2 3 2 2 3 0 2]
552;Cora;own;0.5;0.2;64;0.5;1;0.005;1256718679;0.6190476190476191;0.5305555555555556;"[[0 2 2 0 0 0]
 [0 3 0 0 0 0]
 [0 0 3 0 0 0]
 [0 0 2 0 2 0]
 [0 0 0 0 5 0]
 [0 0 0 0 0 2]]";0.4037433155080214;0.3494576767006235;"[[  0  66 142   0  12   0  30]
 [  0 125  24   0   1   0   0]
 [  0   0 346   0   0   0   2]
 [  0  87 421   0  30   0   5]
 [  0  31  35   0 185   0  11]
 [  0   4 177   0   1   0   6]
 [  0   3  26   0   1   0  99]]";0.3561811505507956;0.3108486364895594;"[[  0  22  64   0   3   0  17]
 [  0  49  17   0   0   0   0]
 [  0   0 126   0   0   0   0]
 [  0  46 187   0  11   0   2]
 [  0  26  18   0  82   0   2]
 [  0   2  82   0   0   0   6]
 [  0   0  21   0   0   0  34]]";21;[4 3 3 4 5 0 2]
553;Cora;own;0.5;0.2;64;0.5;1;0.005;1256718679;1.0;1.0;"[[6 0 0 0 0 0]
 [0 3 0 0 0 0]
 [0 0 4 0 0 0]
 [0 0 0 7 0 0]
 [0 0 0 0 6 0]
 [0 0 0 0 0 2]]";0.7053140096618358;0.6078207267554221;"[[244   3  21  17   0   0   2]
 [  2 122   9  12   1   0   0]
 [  2   0 339   4   0   0   0]
 [ 33  14  48 445   1   0   0]
 [ 60  12   3  63 115   0   0]
 [ 54   4 113   1   1   0   0]
 [ 60   0   5   4   0   0  49]]";0.6132190942472461;0.5222144250240549;"[[ 80   3  12   7   2   0   2]
 [  2  48  10   6   0   0   0]
 [  1   0 122   3   0   0   0]
 [ 24  13  30 179   0   0   0]
 [ 29  10   5  27  57   0   0]
 [ 35   1  51   3   0   0   0]
 [ 28   0   9   3   0   0  15]]";28;[6 3 4 7 6 0 2]
554;Cora;own;0.5;0.2;64;0.5;1;0.005;1256718679;0.9428571428571428;0.8282266752854988;"[[6 0 0 0 0 0 0]
 [0 5 0 0 0 0 0]
 [0 0 4 0 0 0 0]
 [0 0 0 8 0 0 0]
 [0 0 0 1 7 0 0]
 [1 0 0 0 0 0 0]
 [0 0 0 0 0 0 3]]";0.6907327586206896;0.5940344063560337;"[[230   4  10  12   2   0   9]
 [  2 117  21   9   1   0   0]
 [  2   0 318   4   0   0   0]
 [ 34  21  41 438   0   0   0]
 [ 58  23   7  53 135   0   0]
 [ 98   9  88   3   1   0   9]
 [ 45   3   3   2   0   0  44]]";0.6389228886168911;0.5582385643014401;"[[ 82   5  10   4   2   0   3]
 [  1  50   9   6   0   0   0]
 [  1   0 122   3   0   0   0]
 [ 25  19  27 174   0   0   1]
 [ 22  12   1  21  72   0   0]
 [ 41   4  43   2   0   0   0]
 [ 27   0   5   1   0   0  22]]";35;[6 5 4 8 8 1 3]
555;Cora;own;0.5;0.2;64;0.5;1;0.005;1256718679;0.9047619047619048;0.8063933707454274;"[[ 8  0  0  0  0  0  0]
 [ 0  5  0  0  0  0  0]
 [ 0  0  4  0  0  0  0]
 [ 0  1  0 10  0  0  0]
 [ 1  0  0  0  8  0  0]
 [ 2  0  0  0  0  0  0]
 [ 0  0  0  0  0  0  3]]";0.6982152514872905;0.6076690746056149;"[[256   2  15  11   2   0   1]
 [  7 112  14  11   1   0   0]
 [  2   0 311   4   0   0   0]
 [ 53   9  33 435   0   0   0]
 [ 67  15   5  45 141   0   0]
 [149   5  42   2   3   0   0]
 [ 59   0   0   1   0   0  36]]";0.6487148102815178;0.5627543524920553;"[[ 94   2   5   3   2   0   0]
 [  2  48   9   6   1   0   0]
 [  3   0 118   5   0   0   0]
 [ 34  16  19 177   0   0   0]
 [ 28   3   1  18  78   0   0]
 [ 62   1  25   2   0   0   0]
 [ 36   0   4   0   0   0  15]]";42;[ 8  5  4 11  9  2  3]
556;Cora;own;0.5;0.2;64;0.5;1;0.005;1256718679;0.9183673469387755;0.8100048100048101;"[[ 9  0  0  0  0  0  0]
 [ 1  4  0  0  0  0  0]
 [ 0  0  5  0  0  0  0]
 [ 1  0  0 13  0  0  0]
 [ 0  0  0  0 10  0  0]
 [ 2  0  0  0  0  0  0]
 [ 0  0  0  0  0  0  4]]";0.6585233441910966;0.5740134680738921;"[[336   0  11  12   2   0   0]
 [ 41  63  15   4   0   0   0]
 [  5   0 311   0   1   0   0]
 [109   3  37 341   1   0   0]
 [104   2   4  25 131   0   0]
 [165   0  23   1   0   0   0]
 [ 63   0   1   0   0   0  31]]";0.5899632802937577;0.5258669091475711;"[[ 98   0   4   2   2   0   0]
 [ 17  34  11   3   1   0   0]
 [  4   0 120   2   0   0   0]
 [ 77   1  22 146   0   0   0]
 [ 45   2   1   9  71   0   0]
 [ 76   0  14   0   0   0   0]
 [ 38   0   4   0   0   0  13]]";49;[ 9  5  5 14 10  2  4]
557;Cora;own;0.5;0.2;64;0.5;1;0.005;1256718679;0.9107142857142857;0.8071428571428572;"[[ 9  0  0  0  0  0  0]
 [ 0  6  0  0  0  0  0]
 [ 0  0  5  0  0  0  0]
 [ 0  0  0 15  0  0  0]
 [ 1  0  0  0 11  0  0]
 [ 1  0  2  0  1  0  0]
 [ 0  0  0  0  0  0  5]]";0.6861035422343325;0.6084602994697063;"[[309   2  12   8   2   0   0]
 [ 18  90  16   8   0   0   0]
 [  3   0 306   0   1   0   0]
 [ 91   3  37 362   1   0   0]
 [ 72   3   5  29 154   0   0]
 [125   1  64   3   7   0   0]
 [ 57   0   8   0   0   0  38]]";0.6291309669522643;0.5651133916620455;"[[ 94   2   7   2   1   0   0]
 [  7  45  10   3   1   0   0]
 [  1   0 123   2   0   0   0]
 [ 63   1  27 155   0   0   0]
 [ 34   2   1  11  80   0   0]
 [ 55   0  32   0   3   0   0]
 [ 28   0  10   0   0   0  17]]";56;[ 9  6  5 15 12  4  5]
558;Cora;own;0.5;0.2;64;0.5;1;0.005;1256718679;0.9047619047619048;0.8001998001998002;"[[10  0  0  0  0  0  0]
 [ 0  7  0  0  0  0  0]
 [ 0  0  5  0  0  0  0]
 [ 0  0  0 17  0  0  0]
 [ 1  0  0  0 12  0  0]
 [ 1  0  3  0  1  0  0]
 [ 0  0  0  0  0  0  6]]";0.7215536105032823;0.6391623166481092;"[[305   5   7   7   0   0   0]
 [  9 104  16   8   1   0   0]
 [  1   1 301   3   1   0   0]
 [ 74   6  16 396   3   0   0]
 [ 57   8   1  31 163   0   0]
 [113  11  19   7  49   0   3]
 [ 46   3   2   1   0   0  50]]";0.6707466340269278;0.614983286148157;"[[ 95   3   4   3   1   0   0]
 [  2  53   5   4   2   0   0]
 [  1   0 120   4   1   0   0]
 [ 64   2  14 165   1   0   0]
 [ 28   2   0  11  87   0   0]
 [ 51   9  10   1  18   0   1]
 [ 23   0   4   0   0   0  28]]";63;[10  7  5 17 13  5  6]
559;Cora;own;0.5;0.2;64;0.5;1;0.005;1256718679;0.9;0.7989947089947089;"[[11  0  0  0  0  0  0]
 [ 0  8  0  0  0  0  0]
 [ 0  0  6  0  0  0  0]
 [ 0  0  0 18  0  0  0]
 [ 1  0  0  0 13  0  0]
 [ 2  0  4  0  0  0  0]
 [ 0  0  0  0  0  0  7]]";0.7034596375617792;0.64051823325028;"[[299   5   8   6   0   0   0]
 [ 13 113  18   5   3   0   0]
 [  1   1 305   3   0   0   0]
 [101   8  23 354   1   0   0]
 [ 74   3   0  25 151   0   0]
 [144  15  28   3   5   0   1]
 [ 40   3   2   1   0   0  59]]";0.6487148102815178;0.6108623811537759;"[[ 97   3   4   2   0   0   0]
 [  3  53   7   2   1   0   0]
 [  1   0 123   2   0   0   0]
 [ 73   6  18 148   1   0   0]
 [ 36   2   1  12  77   0   0]
 [ 71   9   9   0   0   0   1]
 [ 21   0   2   0   0   0  32]]";70;[11  8  6 18 14  6  7]
560;Cora;own;0.5;0.2;64;0.5;1;0.005;1256718679;0.8831168831168831;0.7919666251316216;"[[11  0  0  0  0  0  0]
 [ 0  9  0  0  0  0  0]
 [ 0  0  7  0  0  0  0]
 [ 0  0  0 19  0  0  0]
 [ 0  0  0  1 14  0  0]
 [ 1  1  6  0  0  0  0]
 [ 0  0  0  0  0  0  8]]";0.7260198456449835;0.6622149987189517;"[[284   4   6   8   1   0   1]
 [  9 113  14   5   1   0   0]
 [  1   1 307   3   0   0   1]
 [ 81   9  25 377   2   0   0]
 [ 48   2   0  32 169   0   0]
 [116  18  58   4   7   0   7]
 [ 26   3   1   3   0   0  67]]";0.6744186046511628;0.6187051183846269;"[[ 92   3   8   2   1   0   0]
 [  3  52   8   2   1   0   0]
 [  1   0 123   2   0   0   0]
 [ 55   5  23 161   2   0   0]
 [ 23   2   1  12  90   0   0]
 [ 47  13  21   2   4   0   3]
 [ 18   0   3   1   0   0  33]]";77;[11  9  7 19 15  8  8]
561;Cora;own;0.5;0.2;64;0.5;1;0.005;1256718679;0.8690476190476191;0.7920902136039994;"[[12  0  0  0  0  0  0]
 [ 0 11  0  0  0  0  0]
 [ 0  0  7  0  0  0  0]
 [ 0  0  0 20  0  0  0]
 [ 0  0  0  1 15  0  0]
 [ 6  1  2  0  1  0  0]
 [ 0  0  0  0  0  0  8]]";0.7393469839513005;0.6668113437741102;"[[302   3   6   7   1   0   0]
 [ 17 113  14   4   1   0   1]
 [  2   1 302   4   0   0   1]
 [ 78   8  16 379   2   0   0]
 [ 43   1   0  33 176   0   0]
 [121  20  16   6  23   0   5]
 [ 32   3   1   1   0   0  64]]";0.6793145654834761;0.6242073073961782;"[[ 97   3   3   2   1   0   0]
 [  4  50   7   3   2   0   0]
 [  1   0 122   3   0   0   0]
 [ 63   4  14 162   3   0   0]
 [ 21   2   0  13  92   0   0]
 [ 56  13   8   2   9   0   2]
 [ 21   0   2   0   0   0  32]]";84;[12 11  7 20 16 10  8]
562;Cora;own;0.5;0.2;64;0.5;1;0.005;1256718679;0.989010989010989;0.9927437641723357;"[[12  0  0  0  0  0  0]
 [ 0 11  0  0  0  0  0]
 [ 0  0  8  0  0  0  0]
 [ 0  0  0 22  0  0  0]
 [ 0  0  0  1 17  0  0]
 [ 0  0  0  0  0 11  0]
 [ 0  0  0  0  0  0  9]]";0.7961111111111111;0.7802270248543107;"[[269   2   9   3   6   4   0]
 [  7 108   8   7   1   2   1]
 [  4   0 327   4   0   4   0]
 [ 87   5  24 359   2   7   0]
 [ 32   1   2  35 190   3   0]
 [ 32   4  14   0   1 129   1]
 [ 26   0   3   1   0  25  51]]";0.7197062423500612;0.7185036501451361;"[[ 83   3   9   3   3   5   0]
 [  3  48   7   4   2   2   0]
 [  3   0 121   2   0   0   0]
 [ 61   4  22 154   1   4   0]
 [ 13   2   0  14  97   2   0]
 [ 24   5   4   0   0  57   0]
 [ 12   0   4   0   0  11  28]]";91;[12 11  8 22 18 11  9]
563;Cora;own;0.5;0.2;64;0.5;1;0.005;1256718679;0.9693877551020408;0.9695989888317254;"[[12  0  0  0  0  0  0]
 [ 0 11  0  0  0  0  0]
 [ 0  0  8  0  0  0  0]
 [ 0  0  1 24  0  0  0]
 [ 0  0  0  1 18  0  0]
 [ 0  1  0  0  0 11  0]
 [ 0  0  0  0  0  0 11]]";0.8204127161182376;0.8127646175700652;"[[248   3  14   9   7   3   1]
 [  3 108   8  10   1   0   1]
 [  4   0 320   4   0   3   0]
 [ 62   4  27 398   2   5   0]
 [ 15   1   2  45 194   2   0]
 [ 18   4  12   3   1 137   1]
 [ 24   0   4   4   0  15  66]]";0.7405140758873929;0.7441854670152076;"[[ 75   3  11   6   4   6   1]
 [  3  48   7   6   2   0   0]
 [  2   0 122   2   0   0   0]
 [ 49   4  20 169   2   2   0]
 [  8   2   0  21  95   2   0]
 [ 19   5   6   0   0  60   0]
 [ 10   0   4   0   0   5  36]]";98;[12 11  8 25 19 12 11]
564;Cora;own;0.5;0.2;64;0.5;1;0.005;1256718679;0.9619047619047619;0.9639491840692321;"[[14  1  0  0  0  0  0]
 [ 0 12  0  0  0  0  0]
 [ 0  0  8  0  0  0  0]
 [ 1  0  1 23  0  0  0]
 [ 0  0  0  1 19  0  0]
 [ 0  0  0  0  0 13  0]
 [ 0  0  0  0  0  0 12]]";0.7961926091825308;0.8029729784478743;"[[266   2   6   4   6   3   4]
 [ 10 105   8   6   0   0   0]
 [  4   0 317   3   0   3   1]
 [112   7  31 338   2   1   0]
 [ 29   1   2  33 193   0   0]
 [ 27   3  14   1   2 128   0]
 [ 26   0   2   0   0  11  75]]";0.7050183598531212;0.7237510857243169;"[[ 85   3  10   3   4   0   1]
 [  5  48   7   4   2   0   0]
 [  3   0 121   2   0   0   0]
 [ 77   7  22 137   2   1   0]
 [ 15   2   0  15  94   2   0]
 [ 24   4   6   0   0  54   2]
 [ 12   0   2   0   0   4  37]]";105;[15 12  8 25 20 13 12]
565;Cora;own;0.5;0.2;64;0.5;1;0.005;1256718679;0.9553571428571429;0.9571710332517686;"[[14  1  0  0  0  0  0]
 [ 0 13  0  0  0  0  0]
 [ 0  0  9  0  0  0  0]
 [ 0  1  1 25  0  0  0]
 [ 0  0  0  1 20  1  0]
 [ 0  0  0  0  0 13  0]
 [ 0  0  0  0  0  0 13]]";0.8240584598088814;0.8173675139919921;"[[237   2  11  11   6   3   2]
 [  9 112   8   5   1   0   0]
 [  4   0 315   4   0   3   1]
 [ 58   6  17 411   2   1   0]
 [ 16   1   2  48 193   1   0]
 [ 26   4  15   4   1 125   0]
 [ 25   0   2   4   0  10  73]]";0.7405140758873929;0.7400966925391084;"[[ 74   3  11   7   6   2   3]
 [  2  51   7   4   2   0   0]
 [  2   0 122   2   0   0   0]
 [ 51   6  15 171   2   1   0]
 [  8   2   0  21  96   1   0]
 [ 18   7   5   2   1  54   3]
 [ 10   0   4   0   0   4  37]]";112;[15 13  9 27 22 13 13]
566;Cora;own;0.5;0.2;64;0.5;1;0.005;1256718679;0.9747899159663865;0.9731120801901201;"[[18  0  0  0  0  1  0]
 [ 0 14  0  0  0  0  0]
 [ 0  0  9  0  0  0  0]
 [ 0  1  1 26  0  0  0]
 [ 0  0  0  0 22  0  0]
 [ 0  0  0  0  0 13  0]
 [ 0  0  0  0  0  0 14]]";0.809255079006772;0.8116902838897152;"[[252   2   6   5   5   3   4]
 [ 10 110   8   4   1   0   0]
 [  5   0 313   4   0   3   1]
 [ 90   6  21 365   2   4   2]
 [ 30   1   1  31 194   0   0]
 [ 32   4  16   0   2 121   1]
 [ 28   0   3   0   0   3  79]]";0.7343941248470012;0.7383223559356633;"[[ 85   2   8   4   3   1   3]
 [  2  51   8   3   2   0   0]
 [  3   0 121   2   0   0   0]
 [ 62   7  15 157   3   2   0]
 [ 11   2   1  15  99   0   0]
 [ 22   7   7   0   0  50   4]
 [ 14   0   2   0   0   2  37]]";119;[19 14  9 28 22 13 14]
567;Cora;own;0.5;0.2;64;0.5;1;0.005;1256718679;0.9682539682539683;0.9690942120580495;"[[18  0  0  0  0  1  0]
 [ 0 15  0  0  0  0  0]
 [ 0  0 10  0  0  0  0]
 [ 0  1  1 26  1  0  0]
 [ 0  0  0  0 24  0  0]
 [ 0  0  0  0  0 14  0]
 [ 0  0  0  0  0  0 15]]";0.8249291784702549;0.8189029181358528;"[[246   2   6   7   7   3   6]
 [  9 110   8   5   0   0   1]
 [  6   0 315   3   0   2   1]
 [ 68   5  20 375   9   4   4]
 [ 21   0   1  20 214   1   0]
 [ 27   5  17   2   2 120   2]
 [ 28   0   3   0   0   4  76]]";0.7380660954712362;0.7388418095047528;"[[ 80   2   9   4   5   2   4]
 [  2  51   8   3   2   0   0]
 [  2   0 122   2   0   0   0]
 [ 54   7  15 156  12   2   0]
 [ 10   2   0  11 105   0   0]
 [ 19   7   9   0   1  49   5]
 [ 11   0   2   0   0   2  40]]";126;[19 15 10 29 24 14 15]
568;Cora;own;0.5;0.2;64;0.5;1;0.005;1256718679;0.9774436090225563;0.9783696059877585;"[[18  0  0  0  0  1  0]
 [ 0 16  0  0  0  0  0]
 [ 0  0 10  0  0  0  0]
 [ 1  0  0 31  0  0  0]
 [ 0  0  0  0 24  1  0]
 [ 0  0  0  0  0 15  0]
 [ 0  0  0  0  0  0 16]]";0.8236632536973834;0.814270130132457;"[[239   2   5   7   4   3   3]
 [ 10 104   8   7   0   2   1]
 [  6   0 310   5   0   2   0]
 [ 70   4  10 403   4   5   1]
 [ 33   0   1  25 197   1   0]
 [ 29   6  12   1   1 125   2]
 [ 33   0   3   0   0   4  70]]";0.7637698898408812;0.7621296756426459;"[[ 85   2   8   5   2   1   3]
 [  2  51   7   5   1   0   0]
 [  2   0 122   2   0   0   0]
 [ 51   3  11 173   6   2   0]
 [ 10   3   0  13 102   0   0]
 [ 18   6   2   4   1  55   4]
 [ 15   0   2   0   0   2  36]]";133;[19 16 10 32 25 15 16]
569;Cora;own;0.5;0.2;64;0.5;1;0.005;1256718679;0.9857142857142858;0.9870746753977658;"[[19  0  0  0  0  1  0]
 [ 0 17  0  0  0  0  0]
 [ 0  0 11  0  0  0  0]
 [ 0  0  0 33  0  0  0]
 [ 0  0  0  1 25  0  0]
 [ 0  0  0  0  0 16  0]
 [ 0  0  0  0  0  0 17]]";0.8406624785836665;0.827767818306623;"[[232   2   8   9   4   3   2]
 [  6 106   8   8   0   2   1]
 [  4   0 309   6   0   3   0]
 [ 51   4  11 420   5   2   4]
 [ 22   0   2  25 205   1   1]
 [ 26   7  10   1   2 125   5]
 [ 26   1   3   0   1   3  75]]";0.7686658506731946;0.762464478622811;"[[ 78   3  10   6   2   2   5]
 [  2  48   7   8   1   0   0]
 [  2   0 122   2   0   0   0]
 [ 41   4  13 181   6   1   0]
 [ 10   3   0  13 102   0   0]
 [ 13   8   2   5   1  56   5]
 [  9   0   2   0   1   2  41]]";140;[20 17 11 33 26 16 17]
570;Cora;own;0.5;0.2;64;0.5;1;0.005;1256718679;0.9727891156462585;0.973411948233575;"[[19  0  0  0  0  1  0]
 [ 0 17  0  0  0  0  0]
 [ 0  0 12  0  0  0  0]
 [ 0  1  0 34  0  0  0]
 [ 0  0  0  1 26  0  0]
 [ 0  0  0  0  0 16  1]
 [ 0  0  0  0  0  0 19]]";0.8319954128440367;0.8214406067748998;"[[204   2   5  10   5   3   8]
 [  5 106   7   7   1   2   1]
 [  4   0 311   4   0   2   0]
 [ 54   4  21 414   6   2   5]
 [ 26   1   2  23 207   1   1]
 [ 28   7  10   1   3 122  11]
 [ 15   1   3   0   1   1  87]]";0.7772337821297429;0.7700787688006177;"[[ 75   3  11   5   3   0   9]
 [  2  49   8   6   1   0   0]
 [  2   0 122   2   0   0   0]
 [ 36   5  16 180   6   3   0]
 [  7   3   0  12 105   0   1]
 [ 10  10   2   5   1  55   7]
 [  2   0   2   0   1   1  49]]";147;[20 17 12 35 27 17 19]
571;Cora;own;0.5;0.2;64;0.5;1;0.005;1256718679;0.9675324675324676;0.9647769226250641;"[[19  0  0  0  0  1  1]
 [ 0 18  0  0  0  0  0]
 [ 1  0 12  0  0  0  0]
 [ 0  1  0 35  0  0  0]
 [ 1  0  0  0 28  0  0]
 [ 0  0  0  0  0 18  0]
 [ 0  0  0  0  0  0 19]]";0.8370754173862982;0.8307811224905922;"[[207   2   7  10   7   4   4]
 [  6 102   7   8   0   0   0]
 [  0   0 307   6   0   3   0]
 [ 57   3  16 417   6   2   5]
 [ 26   1   1  27 209   0   1]
 [ 28   7  10   0   2 128   6]
 [ 12   1   3   0   1   4  84]]";0.773561811505508;0.7633205905761363;"[[ 80   3   7   6   3   2   5]
 [  3  46   7   8   2   0   0]
 [  2   0 121   2   1   0   0]
 [ 37   3  14 183   6   3   0]
 [  8   3   0  13 104   0   0]
 [ 10  11   2   5   1  55   6]
 [  6   0   2   0   1   3  43]]";154;[21 18 13 36 29 18 19]
572;Cora;own;0.5;0.2;64;0.5;1;0.005;1256718679;0.9565217391304348;0.9521375723466317;"[[19  0  1  0  0  1  1]
 [ 0 19  0  0  0  0  0]
 [ 0  0 13  0  0  0  0]
 [ 0  1  0 36  0  0  1]
 [ 0  0  0  0 30  0  0]
 [ 1  0  0  0  0 19  0]
 [ 0  0  0  0  0  1 18]]";0.830635838150289;0.8234824783375486;"[[208   3   8   8   9   4   3]
 [  4 104   7   6   0   1   0]
 [  0   0 304   5   0   3   0]
 [ 64   7  20 407   4   2   4]
 [ 25   2   0  24 209   0   1]
 [ 25  13  11   2   1 123   5]
 [ 13   1   3   0   1   4  82]]";0.769889840881273;0.7594800413156786;"[[ 79   4   8   6   3   1   5]
 [  3  49   7   7   0   0   0]
 [  2   0 121   2   1   0   0]
 [ 38   5  16 179   5   3   0]
 [  6   3   0  13 106   0   0]
 [  9  14   3   5   1  53   5]
 [  5   1   2   0   1   4  42]]";161;[22 19 13 38 30 20 19]
573;Cora;own;0.5;0.2;64;0.5;1;0.005;1256718679;0.9404761904761905;0.9400566149735585;"[[19  1  0  0  1  1  0]
 [ 0 20  0  0  0  0  0]
 [ 0  0 13  0  0  0  0]
 [ 0  1  1 37  0  0  1]
 [ 1  0  0  1 30  0  0]
 [ 1  0  0  0  0 20  0]
 [ 0  0  0  0  0  1 19]]";0.8316889146836912;0.8212078989610155;"[[192   4   9  13  11   4   5]
 [  2 105   8  10   0   1   0]
 [  0   0 295   5   0   2   0]
 [ 48   5  24 428   5   2   3]
 [ 19   2   0  30 208   0   1]
 [ 19  16   9   3   3 124   5]
 [ 10   2   4   1   1   4  81]]";0.7772337821297429;0.763192986294783;"[[ 66   5   8  14   7   1   5]
 [  1  52   6   7   0   0   0]
 [  0   2 121   2   1   0   0]
 [ 30   6   9 193   5   3   0]
 [  5   3   0  14 106   0   0]
 [  4  15   4   8   1  53   5]
 [  3   1   2   0   1   4  44]]";168;[22 20 13 40 32 21 20]
574;Cora;own;0.5;0.2;64;0.5;1;0.005;1256718679;0.9714285714285714;0.9741579562192383;"[[23  0  0  0  0  0  0]
 [ 0 21  0  0  0  0  0]
 [ 0  0 13  0  0  0  0]
 [ 0  0  0 41  0  0  1]
 [ 0  0  0  2 31  0  0]
 [ 1  0  0  0  0 21  0]
 [ 0  0  0  0  0  1 20]]";0.8438228438228438;0.8382245883070942;"[[206   1   4   9  11   2   5]
 [  5 105  10   6   0   1   0]
 [  0   1 288   5   0   3   0]
 [ 63   2   9 434   5   2   1]
 [ 23   0   0  26 209   0   0]
 [ 31   8   8   0   2 123   5]
 [ 13   0   1   1   1   4  83]]";0.7931456548347613;0.7896893588020343;"[[ 82   3   2   9   5   0   5]
 [  2  51   5   7   1   0   0]
 [  2   0 121   2   1   0   0]
 [ 40   4   6 188   5   3   0]
 [  7   2   0  14 105   0   0]
 [ 16   6   2   4   2  55   5]
 [  3   0   1   0   1   4  46]]";175;[23 21 13 42 33 22 21]
575;Cora;own;0.5;0.2;64;0.5;1;0.005;1256718679;0.9725274725274725;0.9704319133814712;"[[22  0  0  0  0  1  0]
 [ 0 21  0  0  0  0  0]
 [ 0  0 13  0  0  0  0]
 [ 0  1  1 42  0  0  0]
 [ 0  0  0  0 35  0  1]
 [ 0  0  0  0  0 23  0]
 [ 0  0  0  0  0  1 21]]";0.8496196606202457;0.8465678392391364;"[[191   3   7   9  12   4   5]
 [  2 106  10   5   0   0   0]
 [  0   0 285   5   0   2   0]
 [ 58   5   9 432  15   2   1]
 [ 17   0   0  20 221   0   0]
 [ 28   7   8   1   1 133   2]
 [ 10   0   2   1   1   5  84]]";0.8017135862913096;0.7946054765930767;"[[ 76   4   4  11   5   1   5]
 [  1  51   6   7   1   0   0]
 [  1   2 120   2   1   0   0]
 [ 32   5   5 189  12   3   0]
 [  0   3   0   9 116   0   0]
 [ 16   7   2   4   2  57   2]
 [  3   0   1   0   1   4  46]]";182;[23 21 13 44 36 23 22]
576;Cora;own;0.5;0.2;64;0.5;1;0.005;1256718679;0.9735449735449735;0.9756739053069896;"[[23  0  0  0  0  1  0]
 [ 0 21  0  0  0  0  0]
 [ 0  0 14  0  0  0  0]
 [ 0  1  0 44  0  0  0]
 [ 1  0  0  1 34  0  1]
 [ 0  0  0  0  0 25  0]
 [ 0  0  0  0  0  0 23]]";0.8537015276145711;0.8473232268843061;"[[197   5   5   9   6   4   4]
 [  3 102   8   7   0   0   0]
 [  0   0 285   6   0   1   0]
 [ 51   4   4 449  11   2   1]
 [ 18   2   0  26 210   0   0]
 [ 34   3   7   3   1 130   1]
 [ 13   0   0   3   2   5  80]]";0.8017135862913096;0.7907644439837639;"[[ 79   4   2  12   3   1   5]
 [  1  48   7  10   0   0   0]
 [  4   0 120   2   0   0   0]
 [ 28   4   4 200   7   3   0]
 [  4   3   0  12 109   0   0]
 [ 19   4   2   4   2  56   3]
 [  6   0   0   1   1   4  43]]";189;[24 21 14 45 37 25 23]
577;Cora;own;0.5;0.2;64;0.5;1;0.005;1256718679;0.9744897959183674;0.9745841443362634;"[[23  0  0  0  0  2  1]
 [ 0 22  0  0  0  0  0]
 [ 0  0 15  0  0  0  0]
 [ 0  1  0 45  1  0  0]
 [ 0  0  0  0 38  0  0]
 [ 0  0  0  0  0 25  0]
 [ 0  0  0  0  0  0 23]]";0.8519174041297936;0.845585935797531;"[[192   5   5   9   9   5   6]
 [  1 105   8   5   0   0   0]
 [  0   1 287   4   0   2   0]
 [ 48   8   7 439  15   2   1]
 [ 18   1   0  24 212   0   0]
 [ 34   4   4   2   1 127   2]
 [ 12   0   0   1   3   4  82]]";0.813953488372093;0.8009192107155289;"[[ 79   4   1   8   7   0   7]
 [  1  51   7   7   0   0   0]
 [  2   2 119   2   1   0   0]
 [ 23   7   5 202   8   1   0]
 [  3   3   0  11 111   0   0]
 [ 18   6   2   3   2  56   3]
 [  3   0   0   0   1   4  47]]";196;[26 22 15 47 38 25 23]
578;Cora;own;0.5;0.2;64;0.5;1;0.005;1256718679;0.9605911330049262;0.962519452895581;"[[23  0  0  0  1  2  1]
 [ 0 22  0  0  0  0  0]
 [ 0  0 17  0  0  0  0]
 [ 1  1  0 45  1  0  0]
 [ 0  0  0  0 38  0  0]
 [ 0  0  0  1  0 27  0]
 [ 0  0  0  0  0  0 23]]";0.8542654028436019;0.848472688915737;"[[192   4   5  11  10   5   2]
 [  3 101   8   5   0   1   0]
 [  1   0 286   4   0   2   0]
 [ 44   6   7 445  13   2   1]
 [ 16   0   0  28 210   0   0]
 [ 35   5   4   1   1 129   0]
 [ 13   0   0   2   2   5  79]]";0.8151774785801713;0.8054015114924551;"[[ 81   3   3  10   4   0   5]
 [  1  48   7   9   1   0   0]
 [  4   0 120   2   0   0   0]
 [ 21   5   5 204  10   1   0]
 [  3   3   0  13 109   0   0]
 [ 18   4   2   4   2  58   2]
 [  3   0   1   0   1   4  46]]";203;[27 22 17 48 38 28 23]
579;Cora;own;0.5;0.2;64;0.5;1;0.005;1256718679;0.9761904761904762;0.9782608675975865;"[[26  0  0  0  1  1  0]
 [ 0 23  0  0  0  0  0]
 [ 0  0 18  0  0  0  0]
 [ 0  1  0 47  1  0  0]
 [ 1  0  0  0 38  0  0]
 [ 0  0  0  0  0 28  0]
 [ 0  0  0  0  0  0 25]]";0.8566329565734682;0.8511892179592405;"[[197   4   7  10   4   3   3]
 [  3 103   8   4   0   0   0]
 [  0   0 287   4   0   1   0]
 [ 48   5  10 439  11   2   0]
 [ 15   1   0  27 209   0   1]
 [ 35   5   4   2   1 123   4]
 [ 14   0   1   1   0   3  82]]";0.8102815177478581;0.8036169879892247;"[[ 82   3   3   9   4   0   5]
 [  1  51   7   7   0   0   0]
 [  4   0 120   2   0   0   0]
 [ 26   7   6 197   9   1   0]
 [  3   3   0  13 108   0   1]
 [ 19   4   2   3   2  57   3]
 [  5   0   0   0   0   3  47]]";210;[28 23 18 49 39 28 25]
580;Cora;own;0.5;0.2;64;0.5;1;0.005;1256718679;0.967741935483871;0.9702576512394633;"[[28  0  0  0  0  1  1]
 [ 0 24  0  0  0  0  0]
 [ 0  0 19  0  0  0  0]
 [ 1  1  0 48  1  0  0]
 [ 2  0  0  0 37  0  0]
 [ 0  0  0  0  0 29  0]
 [ 0  0  0  0  0  0 25]]";0.8590203106332138;0.8550789690274623;"[[193   5   7  13   4   3   3]
 [  3 104   8   5   0   0   0]
 [  0   0 285   5   0   2   0]
 [ 42   5   9 438  13   2   0]
 [ 15   1   0  24 212   0   1]
 [ 36   3   4   3   1 125   0]
 [ 13   0   0   1   1   4  81]]";0.8188494492044064;0.8106791971222032;"[[ 83   3   4  10   3   0   3]
 [  1  49   7   8   1   0   0]
 [  4   0 120   2   0   0   0]
 [ 21   5   4 203  12   1   0]
 [  2   3   0  12 110   0   1]
 [ 19   4   2   3   1  60   1]
 [  7   0   0   1   0   3  44]]";217;[30 24 19 51 39 29 25]
581;Cora;own;0.5;0.2;64;0.5;1;0.005;1256718679;0.9732142857142857;0.97432686585284;"[[29  0  0  0  0  1  1]
 [ 0 25  0  0  0  0  0]
 [ 0  0 19  0  0  0  0]
 [ 0  0  0 51  1  0  0]
 [ 2  0  0  0 38  0  0]
 [ 0  0  0  0  0 29  0]
 [ 1  0  0  0  0  0 27]]";0.8554289142171566;0.8532736511232439;"[[186   4   8  13   8   4   4]
 [  3 102   8   5   0   0   0]
 [  0   0 284   5   0   2   0]
 [ 40   7   9 435  17   2   0]
 [ 14   0   0  27 211   0   0]
 [ 32   3   4   4   1 128   0]
 [ 10   0   1   1   1   4  80]]";0.8090575275397797;0.8043022936530723;"[[ 79   3   2  10   6   3   3]
 [  1  49   7   8   1   0   0]
 [  4   0 119   2   1   0   0]
 [ 22   5   4 199  14   2   0]
 [  2   2   0  14 109   0   1]
 [ 16   4   2   5   1  61   1]
 [  7   0   0   1   0   2  45]]";224;[31 25 19 52 40 29 28]
582;Cora;own;0.5;0.2;64;0.5;1;0.005;1256718679;0.9783549783549783;0.9797849474664463;"[[30  0  0  0  0  1  1]
 [ 0 26  0  0  0  0  0]
 [ 0  0 20  0  0  0  0]
 [ 0  0  0 53  0  0  0]
 [ 1  0  0  1 38  0  0]
 [ 0  0  0  0  0 30  0]
 [ 0  0  0  1  0  0 29]]";0.8662650602409638;0.8606531551028803;"[[190   3   6  13   4   4   6]
 [  3 101   8   5   0   0   0]
 [  0   0 283   5   0   2   0]
 [ 36   4   9 448  10   2   1]
 [ 10   1   1  29 210   0   0]
 [ 31   4   2   5   1 126   2]
 [ 10   0   1   1   0   3  80]]";0.8237454100367197;0.8137624712190504;"[[ 81   3   2   9   3   4   4]
 [  1  49   7   8   1   0   0]
 [  3   0 121   2   0   0   0]
 [ 21   4   4 207   8   2   0]
 [  2   3   1  13 108   0   1]
 [ 14   4   2   5   2  60   3]
 [  5   0   0   1   0   2  47]]";231;[32 26 20 53 40 30 30]
583;Cora;own;0.5;0.2;64;0.5;1;0.005;1256718679;0.9831932773109243;0.9833453285631594;"[[31  0  0  0  1  1  0]
 [ 0 27  0  0  0  0  0]
 [ 0  0 21  0  0  0  0]
 [ 0  0  0 54  0  0  0]
 [ 0  0  0  0 41  0  0]
 [ 0  0  0  0  0 31  0]
 [ 1  0  0  1  0  0 29]]";0.868118572292801;0.8637273085566004;"[[191   3   5  12   7   5   4]
 [  4  99   8   5   0   0   0]
 [  0   0 282   5   0   2   0]
 [ 38   4   6 443  14   2   0]
 [ 11   0   0  27 212   0   0]
 [ 30   4   2   2   1 129   2]
 [  9   0   1   1   0   4  79]]";0.8261933904528764;0.81952074334679;"[[ 83   3   1   9   3   4   3]
 [  1  49   6   8   2   0   0]
 [  4   0 119   2   1   0   0]
 [ 21   4   4 205  10   2   0]
 [  3   3   0  11 111   0   0]
 [ 16   4   2   4   2  61   1]
 [  5   0   0   0   1   2  47]]";238;[33 27 21 54 41 31 31]
584;Cora;own;0.5;0.2;64;0.5;1;0.005;1256718679;0.9795918367346939;0.9790037481897949;"[[33  0  0  0  0  1  0]
 [ 0 28  0  0  0  0  0]
 [ 0  0 21  1  0  0  0]
 [ 1  0  0 55  0  0  0]
 [ 0  0  0  0 42  0  0]
 [ 0  0  0  0  0 32  0]
 [ 2  0  0  0  0  0 29]]";0.8633049817739976;0.8597891467447368;"[[198   3   5  11   3   5   2]
 [  3  97   8   5   0   0   0]
 [  0   0 280   7   0   2   0]
 [ 41   6   6 437  13   3   0]
 [ 14   1   0  26 207   0   0]
 [ 34   7   2   2   1 122   1]
 [ 11   0   0   1   0   2  80]]";0.8115055079559363;0.8098398578869147;"[[ 85   3   1   8   3   4   2]
 [  1  50   6   9   0   0   0]
 [  4   0 120   2   0   0   0]
 [ 31   5   4 197   8   1   0]
 [  5   3   0  13 107   0   0]
 [ 20   4   2   3   2  58   1]
 [  8   0   0   0   0   1  46]]";245;[34 28 22 56 42 32 31]
585;Cora;own;0.5;0.2;64;0.5;1;0.005;1256718679;0.9841269841269841;0.984329204504831;"[[33  0  0  0  0  1  0]
 [ 0 28  0  0  0  0  0]
 [ 0  0 23  0  0  0  0]
 [ 0  0  0 58  0  1  0]
 [ 1  0  0  0 43  0  0]
 [ 0  0  0  0  0 32  0]
 [ 1  0  0  0  0  0 31]]";0.8688224527150702;0.8613839506748312;"[[195   2   5  10   4   5   3]
 [  3  93   8   7   0   0   0]
 [  0   0 279   7   0   2   0]
 [ 34   2   8 446  14   2   1]
 [ 13   0   0  22 210   0   1]
 [ 31   3   4   3   1 121   7]
 [ 11   0   0   1   0   1  80]]";0.8041615667074663;0.7959846612277175;"[[ 80   2   1  11   4   4   4]
 [  1  45   7  10   3   0   0]
 [  4   0 120   2   0   0   0]
 [ 29   4   5 198   8   1   1]
 [  4   2   0  12 110   0   0]
 [ 16   4   2   5   2  57   4]
 [  7   0   0   0   0   1  47]]";252;[34 28 23 59 44 32 32]
586;Cora;own;0.5;0.2;64;0.5;1;0.005;1256718679;0.972972972972973;0.9733211233211234;"[[34  0  0  0  0  1  1]
 [ 0 29  0  0  0  0  0]
 [ 0  0 24  0  0  0  0]
 [ 0  0  0 59  1  0  0]
 [ 0  0  0  1 44  0  0]
 [ 1  0  0  0  0 31  1]
 [ 1  0  0  0  0  0 31]]";0.8725490196078431;0.8653922831778689;"[[193   2   5  11   4   4   2]
 [  3  93   8   5   0   0   0]
 [  0   0 277   7   0   2   0]
 [ 33   3   6 447  14   2   1]
 [ 11   0   0  24 209   0   1]
 [ 27   5   3   4   1 125   7]
 [ 11   0   0   1   0   1  80]]";0.813953488372093;0.8109035163074578;"[[ 80   2   1  12   4   4   3]
 [  1  50   7   6   2   0   0]
 [  4   0 120   2   0   0   0]
 [ 27   5   4 199   9   1   1]
 [  5   3   0  12 108   0   0]
 [ 15   2   2   5   2  61   3]
 [  7   0   0   0   0   1  47]]";259;[36 29 24 60 45 33 32]
587;Cora;own;0.5;0.2;64;0.5;1;0.005;1256718679;0.9736842105263158;0.9743691636085267;"[[35  0  0  0  1  1  0]
 [ 0 30  0  0  0  0  0]
 [ 0  0 24  0  0  0  0]
 [ 1  0  0 60  1  0  0]
 [ 0  0  0  0 46  0  0]
 [ 1  0  0  0  0 32  1]
 [ 1  0  0  0  0  0 32]]";0.8707692307692307;0.8657298733051759;"[[192   3   3  13   5   4   1]
 [  2  93   8   6   0   0   0]
 [  0   2 273   9   0   2   0]
 [ 29   4  10 442  15   1   0]
 [ 11   0   0  24 209   0   0]
 [ 24   7   3   5   1 128   4]
 [ 11   0   0   2   0   1  78]]";0.8151774785801713;0.8130937452207446;"[[ 78   2   1  14   5   4   2]
 [  1  51   6   6   2   0   0]
 [  3   0 120   2   1   0   0]
 [ 26   6   3 199  10   1   1]
 [  3   3   0  12 110   0   0]
 [ 13   2   2   7   2  61   3]
 [  6   0   0   0   1   1  47]]";266;[37 30 24 62 46 34 33]
588;Cora;own;0.5;0.2;64;0.5;1;0.005;1256718679;0.9853479853479854;0.9839929015084294;"[[36  0  0  0  0  1  1]
 [ 0 31  0  0  0  0  0]
 [ 0  0 25  0  0  0  0]
 [ 0  0  0 63  0  0  0]
 [ 0  0  0  0 47  0  0]
 [ 1  0  0  0  0 33  1]
 [ 0  0  0  0  0  0 34]]";0.8702101359703337;0.8669413596043729;"[[188   2   3  14   5   6   2]
 [  3  91   8   7   0   0   0]
 [  0   0 273   9   0   2   0]
 [ 32   3   7 441  13   1   1]
 [ 12   0   0  25 205   0   0]
 [ 23   3   4   6   2 133   3]
 [ 12   0   0   1   0   1  77]]";0.8127294981640147;0.8096590125426278;"[[ 79   2   1  11   6   4   3]
 [  1  49   7   8   1   0   0]
 [  3   0 121   2   0   0   0]
 [ 28   3   4 201   8   1   1]
 [  6   3   0  13 105   1   0]
 [ 13   1   2   6   2  62   4]
 [  7   0   0   0   0   1  47]]";273;[38 31 25 63 47 35 34]
589;Cora;own;0.5;0.2;64;0.5;1;0.005;1256718679;0.9857142857142858;0.9852243469566304;"[[36  0  0  0  0  1  1]
 [ 0 32  0  0  0  0  0]
 [ 0  0 26  0  0  0  0]
 [ 0  0  0 63  0  0  1]
 [ 0  0  0  0 49  0  0]
 [ 1  0  0  0  0 35  0]
 [ 0  0  0  0  0  0 35]]";0.8696461824953445;0.8661829604232937;"[[186   2   3  10   7   8   2]
 [  3  91   8   6   0   0   0]
 [  0   2 272   7   0   2   0]
 [ 35   4  11 428  17   1   1]
 [ 13   0   0  18 209   0   0]
 [ 22   3   4   2   2 137   4]
 [ 10   0   1   1   0   1  78]]";0.8164014687882497;0.8157156062687129;"[[ 78   2   1  11   6   4   4]
 [  1  52   6   6   1   0   0]
 [  3   0 120   2   1   0   0]
 [ 27   5   3 196  12   2   1]
 [  4   2   0  12 109   1   0]
 [ 12   1   2   5   2  64   4]
 [  6   0   0   0   0   1  48]]";280;[38 32 26 64 49 36 35]
590;Cora;own;0.5;0.2;64;0.5;1;0.005;1256718679;0.9825783972125436;0.9806959181404601;"[[36  0  0  1  0  1  1]
 [ 0 32  0  0  0  0  0]
 [ 0  1 26  0  0  0  0]
 [ 0  0  0 66  0  0  0]
 [ 0  0  0  0 50  0  0]
 [ 1  0  0  0  0 36  0]
 [ 0  0  0  0  0  0 36]]";0.8728179551122195;0.8664401483104399;"[[188   2   3  13   2   7   2]
 [  2  91   8   6   0   0   0]
 [  0   2 272   7   0   2   0]
 [ 31   2   4 442  12   2   1]
 [ 14   0   0  26 201   0   0]
 [ 21   4   4   5   3 131   4]
 [ 12   0   0   1   1   1  75]]";0.8151774785801713;0.8131876098627647;"[[ 77   2   0  14   6   4   3]
 [  1  52   6   6   1   0   0]
 [  2   2 119   2   1   0   0]
 [ 29   5   3 201   6   1   1]
 [  5   3   0  13 107   0   0]
 [ 11   1   2   7   2  63   4]
 [  7   0   0   0   0   1  47]]";287;[39 32 27 66 50 37 36]
591;Cora;own;0.5;0.2;64;0.5;1;0.005;1256718679;0.9795918367346939;0.9761301837577048;"[[37  0  0  0  1  1  1]
 [ 0 33  1  0  0  0  0]
 [ 0  1 26  0  0  0  0]
 [ 0  0  0 67  0  0  0]
 [ 0  0  0  0 51  0  0]
 [ 1  0  0  0  0 37  0]
 [ 0  0  0  0  0  0 37]]";0.8710081402629931;0.8654262333868733;"[[182   2   3  13   6   8   2]
 [  2  89  11   7   0   0   0]
 [  0   0 269   7   0   2   0]
 [ 29   2   7 436  17   2   2]
 [ 12   0   0  20 208   0   0]
 [ 19   1   6   4   4 132   4]
 [ 10   0   0   1   2   1  75]]";0.8200734394124847;0.8197979321697363;"[[ 77   2   0  14   6   4   3]
 [  1  52   6   6   1   0   0]
 [  1   2 120   2   1   0   0]
 [ 26   5   4 196  12   2   1]
 [  2   2   0  11 113   0   0]
 [ 12   1   2   6   2  64   3]
 [  5   0   0   0   1   1  48]]";294;[40 34 27 67 51 38 37]
592;Cora;own;0.5;0.2;64;0.5;1;0.005;1256718679;0.9833887043189369;0.9819219010039621;"[[38  0  0  0  1  1  0]
 [ 0 34  1  0  0  0  0]
 [ 0  0 28  0  0  0  0]
 [ 0  0  0 67  0  0  0]
 [ 1  0  0  0 53  0  0]
 [ 0  0  0  0  0 39  0]
 [ 1  0  0  0  0  0 37]]";0.8704402515723271;0.86408772313352;"[[184   2   3  12   4   9   1]
 [  2  88  10   7   0   0   0]
 [  0   2 267   7   0   2   0]
 [ 31   4   6 432  18   2   1]
 [ 10   0   0  18 209   0   0]
 [ 24   3   4   5   1 131   3]
 [ 12   0   0   2   0   1  73]]";0.8261933904528764;0.8241936532563452;"[[ 80   2   0  13   5   4   2]
 [  1  52   6   6   1   0   0]
 [  2   2 119   2   1   0   0]
 [ 20   6   3 200  14   2   1]
 [  2   3   0  11 112   0   0]
 [ 12   1   2   6   1  66   2]
 [  8   0   0   0   0   1  46]]";301;[40 35 28 67 54 39 38]
593;Cora;own;0.5;0.2;64;0.5;1;0.005;1256718679;0.9837662337662337;0.9823816203470456;"[[39  0  0  0  1  1  0]
 [ 0 35  1  0  0  0  0]
 [ 0  0 29  0  0  0  0]
 [ 0  0  0 68  0  0  0]
 [ 1  0  0  0 54  0  0]
 [ 0  0  0  0  0 40  0]
 [ 1  0  0  0  0  0 38]]";0.8730259001895135;0.8652745125514054;"[[180   2   2  15   5   9   1]
 [  2  88   9   7   0   0   0]
 [  0   2 266   7   0   2   0]
 [ 28   5   9 436  13   2   1]
 [ 10   0   0  18 208   0   0]
 [ 20   4   4   4   1 131   5]
 [ 11   0   0   2   0   1  73]]";0.8335373317013464;0.8289294502561393;"[[ 78   2   0  14   4   4   4]
 [  1  51   6   7   1   0   0]
 [  2   2 119   2   1   0   0]
 [ 20   4   4 208   8   1   1]
 [  2   3   0  12 111   0   0]
 [ 10   1   2   7   1  66   3]
 [  6   0   0   0   0   1  48]]";308;[41 36 29 68 55 40 39]
594;Cora;own;0.5;0.2;64;0.5;1;0.005;1256718679;0.9746031746031746;0.9729481135115468;"[[39  0  0  1  0  1  0]
 [ 0 36  1  0  0  0  0]
 [ 0  0 29  0  0  0  0]
 [ 0  0  0 71  0  0  0]
 [ 0  0  0  1 55  0  0]
 [ 0  0  0  0  0 39  2]
 [ 2  0  0  0  0  0 38]]";0.873730964467005;0.8654728702456681;"[[179   2   2  16   5   8   1]
 [  2  88   9   6   0   0   0]
 [  0   2 266   7   0   2   0]
 [ 26   5   8 439  11   1   1]
 [ 10   0   0  20 205   0   0]
 [ 22   5   4   5   1 128   4]
 [ 10   0   0   3   0   1  72]]";0.8323133414932681;0.8279409832018106;"[[ 77   2   0  14   6   4   3]
 [  1  52   6   6   1   0   0]
 [  1   2 120   2   1   0   0]
 [ 22   4   3 208   7   1   1]
 [  2   3   0  12 111   0   0]
 [ 11   1   2   7   2  64   3]
 [  6   0   0   0   0   1  48]]";315;[41 37 29 71 56 41 40]
595;Cora;own;0.5;0.2;64;0.5;1;0.005;1256718679;0.9782608695652174;0.9776951336508221;"[[40  0  0  0  1  1  0]
 [ 0 38  0  0  0  0  0]
 [ 0  0 29  0  0  0  0]
 [ 0  0  0 72  0  0  0]
 [ 0  0  0  1 56  0  0]
 [ 0  0  0  0  0 41  2]
 [ 2  0  0  0  0  0 39]]";0.869980879541109;0.8633079708929243;"[[175   2   2  16   8   9   1]
 [  2  88   9   6   0   0   0]
 [  0   3 265   6   0   2   0]
 [ 30   4   8 429  17   1   1]
 [  8   0   0  18 207   0   0]
 [ 21   4   4   3   1 130   4]
 [ 11   0   0   2   0   1  71]]";0.8298653610771114;0.8280221407663599;"[[ 74   2   0  15   8   4   3]
 [  1  54   4   6   1   0   0]
 [  2   2 119   2   1   0   0]
 [ 24   3   3 204  10   1   1]
 [  2   3   0  10 113   0   0]
 [ 10   1   2   5   2  67   3]
 [  7   0   0   0   0   1  47]]";322;[42 38 29 72 57 43 41]
596;Cora;own;0.5;0.2;64;0.5;1;0.005;1256718679;0.9756838905775076;0.9748768953924699;"[[42  0  0  0  1  1  0]
 [ 0 38  0  0  0  0  0]
 [ 0  0 30  0  0  0  0]
 [ 0  0  0 73  0  0  0]
 [ 0  0  0  1 56  0  0]
 [ 0  1  0  0  0 42  2]
 [ 2  0  0  0  0  0 40]]";0.8758002560819462;0.8670272181440885;"[[174   2   2  16   7   9   1]
 [  2  88   8   7   0   0   0]
 [  0   2 264   7   0   2   0]
 [ 22   3   8 436  15   3   3]
 [  7   0   0  18 207   0   1]
 [ 20   3   4   3   1 130   4]
 [  8   0   1   4   0   1  69]]";0.835985312117503;0.8312100335036103;"[[ 71   2   0  16   8   5   4]
 [  1  54   4   6   1   0   0]
 [  1   2 120   2   1   0   0]
 [ 18   3   3 209  10   2   1]
 [  2   3   0  10 112   1   0]
 [ 10   1   2   4   1  69   3]
 [  6   0   0   0   0   1  48]]";329;[44 38 30 73 57 45 42]
597;Cora;own;0.5;0.2;64;0.5;1;0.005;1256718679;0.9791666666666666;0.9795722760616487;"[[46  0  0  0  1  0  0]
 [ 0 39  0  0  0  0  0]
 [ 0  0 30  0  0  0  0]
 [ 1  0  0 72  1  0  0]
 [ 0  0  0  0 58  0  0]
 [ 0  1  0  0  0 43  1]
 [ 2  0  0  0  0  0 41]]";0.8752411575562701;0.867671643988566;"[[177   2   1  13   6   8   1]
 [  2  87   8   7   0   0   0]
 [  0   2 263   6   1   2   0]
 [ 28   3   6 430  18   3   1]
 [ 10   0   0  16 207   0   0]
 [ 22   3   4   2   1 129   4]
 [ 11   0   0   2   0   1  68]]";0.835985312117503;0.8361476252530543;"[[ 79   2   0  11   8   4   2]
 [  1  54   4   6   1   0   0]
 [  2   2 119   2   1   0   0]
 [ 22   4   3 202  13   1   1]
 [  3   2   0  10 113   0   0]
 [ 11   1   2   4   1  69   2]
 [  7   0   0   0   0   1  47]]";336;[47 39 30 74 58 45 43]
598;Cora;own;0.5;0.2;64;0.5;1;0.005;1256718679;0.9795918367346939;0.9803582118251902;"[[47  0  0  1  0  0  0]
 [ 0 40  0  0  0  0  0]
 [ 0  0 31  0  0  0  0]
 [ 0  0  0 74  1  0  0]
 [ 1  0  0  0 58  0  0]
 [ 1  0  0  0  0 44  1]
 [ 2  0  0  0  0  0 42]]";0.8837209302325582;0.8749520998486526;"[[175   2   1  14   6   8   1]
 [  1  86   8   8   0   0   0]
 [  0   2 263   6   0   2   0]
 [ 21   2   4 446  11   4   0]
 [  8   0   0  22 202   0   0]
 [ 16   3   4   7   1 129   4]
 [  8   0   1   4   0   1  67]]";0.8384332925336597;0.8327182987588592;"[[ 73   2   0  17   7   4   3]
 [  1  52   5   7   1   0   0]
 [  2   2 119   2   1   0   0]
 [ 16   3   3 215   7   1   1]
 [  3   3   0  12 110   0   0]
 [  9   1   2   5   1  69   3]
 [  8   0   0   0   0   0  47]]";343;[48 40 31 75 59 46 44]
599;Cora;own;0.5;0.2;64;0.5;1;0.005;1256718679;0.9857142857142858;0.9864790648647428;"[[49  0  0  1  0  0  0]
 [ 0 41  0  0  0  0  0]
 [ 0  0 32  0  0  0  0]
 [ 0  0  0 75  1  0  0]
 [ 0  0  0  0 60  0  0]
 [ 1  0  0  0  0 46  0]
 [ 2  0  0  0  0  0 42]]";0.8805970149253731;0.8725216322872011;"[[175   2   1  12   6   9   0]
 [  3  85   7   9   0   0   0]
 [  1   3 261   5   0   2   0]
 [ 27   2   5 438  10   3   0]
 [  8   0   0  21 202   0   0]
 [ 16   3   4   7   1 129   3]
 [ 12   0   0   1   0   1  67]]";0.8323133414932681;0.825961901545119;"[[ 76   2   0  13   8   4   3]
 [  1  52   5   7   1   0   0]
 [  2   2 119   2   1   0   0]
 [ 19   4   3 210   7   2   1]
 [  3   3   0  12 109   1   0]
 [  9   1   2   5   1  69   3]
 [ 10   0   0   0   0   0  45]]";350;[50 41 32 76 60 47 44]
600;Cora;own;0.5;0.2;64;0.5;1;0.005;1256718679;0.9831932773109243;0.9833488303668052;"[[48  0  0  1  1  0  0]
 [ 0 42  0  0  0  0  0]
 [ 0  0 33  0  0  0  0]
 [ 0  0  0 78  0  0  0]
 [ 1  0  0  0 59  0  0]
 [ 0  0  0  0  0 48  1]
 [ 2  0  0  0  0  0 43]]";0.8872229465449805;0.8766864536248756;"[[173   3   1  12   7   9   0]
 [  3  84   7   9   0   0   0]
 [  0   0 264   5   0   2   0]
 [ 23   2   4 443   8   3   0]
 [  7   0   0  20 204   0   0]
 [ 15   3   4   7   1 127   4]
 [  9   0   1   2   0   2  66]]";0.8372093023255814;0.8300426577242173;"[[ 74   2   0  16   7   4   3]
 [  1  52   5   7   1   0   0]
 [  2   2 119   2   1   0   0]
 [ 17   4   3 213   7   1   1]
 [  2   2   0  11 112   1   0]
 [  9   1   2   5   1  69   3]
 [ 10   0   0   0   0   0  45]]";357;[50 42 33 78 60 49 45]
601;Cora;own;0.5;0.2;64;0.5;1;0.005;1256718679;0.978021978021978;0.978950849197035;"[[49  0  0  1  1  0  0]
 [ 0 43  0  0  0  0  0]
 [ 0  0 34  0  0  0  0]
 [ 0  0  0 79  0  0  0]
 [ 1  0  0  1 58  1  0]
 [ 0  0  0  0  0 49  1]
 [ 2  0  0  0  0  0 44]]";0.8840864440078585;0.8733716600610962;"[[175   2   1  12   6   8   0]
 [  3  83   8   9   0   0   0]
 [  0   1 264   5   0   2   0]
 [ 25   3   4 434   9   3   0]
 [ 10   0   0  20 201   0   0]
 [ 14   4   4   5   1 128   4]
 [ 10   0   0   1   0   3  65]]";0.8335373317013464;0.829383198545108;"[[ 81   2   0  14   3   4   2]
 [  1  52   5   7   1   0   0]
 [  2   2 119   2   1   0   0]
 [ 20   5   3 206   9   2   1]
 [  3   3   0  11 110   1   0]
 [ 10   1   2   5   1  69   2]
 [ 11   0   0   0   0   0  44]]";364;[51 43 34 79 61 50 46]
602;Cora;own;0.5;0.2;64;0.5;1;0.005;1256718679;0.9811320754716981;0.9805971425022539;"[[51  0  0  0  2  0  0]
 [ 0 44  0  0  0  0  0]
 [ 0  0 34  0  0  0  0]
 [ 0  0  1 80  0  0  0]
 [ 0  0  0  0 61  0  0]
 [ 1  0  0  0  0 49  1]
 [ 2  0  0  0  0  0 45]]";0.8828947368421053;0.8719025719412903;"[[170   3   1  13   7   8   0]
 [  3  82   9   9   0   0   0]
 [  0   0 263   5   1   2   0]
 [ 23   3   3 429  16   2   0]
 [  8   0   0  18 205   0   0]
 [ 12   4   4   5   1 129   4]
 [  8   0   1   0   1   4  64]]";0.8335373317013464;0.8290927872904519;"[[ 77   2   1  13   6   4   3]
 [  1  52   5   7   1   0   0]
 [  2   2 119   2   1   0   0]
 [ 19   5   3 204  12   2   1]
 [  1   3   0  10 114   0   0]
 [  9   1   2   5   1  69   3]
 [  7   0   0   0   2   0  46]]";371;[53 44 34 81 61 51 47]
603;Cora;own;0.5;0.2;64;0.5;1;0.005;1256718679;0.9788359788359788;0.9790482826278114;"[[53  0  0  0  1  0  0]
 [ 0 45  0  0  0  0  0]
 [ 0  0 35  0  0  0  0]
 [ 0  0  1 80  1  0  0]
 [ 1  0  0  0 61  0  0]
 [ 1  0  0  0  0 50  1]
 [ 2  0  0  0  0  0 46]]";0.8830138797091871;0.8731371710082609;"[[170   2   1  14   6   8   0]
 [  3  81   8  10   0   0   0]
 [  0   0 266   3   0   2   0]
 [ 27   2   3 429  13   2   0]
 [  8   0   0  19 200   0   1]
 [ 15   4   4   5   1 125   4]
 [ 10   0   0   1   0   1  65]]";0.8323133414932681;0.8295389503854406;"[[ 80   2   0  13   4   4   3]
 [  1  52   5   7   1   0   0]
 [  2   2 120   1   1   0   0]
 [ 22   4   3 202  12   2   1]
 [  2   3   0  11 111   1   0]
 [  9   1   2   5   1  69   3]
 [  9   0   0   0   0   0  46]]";378;[54 45 35 82 62 52 48]
604;Cora;own;0.5;0.2;64;0.5;1;0.005;1256718679;0.974025974025974;0.9751570681976661;"[[53  0  0  2  1  0  0]
 [ 0 46  0  0  0  0  0]
 [ 0  0 36  0  0  0  0]
 [ 0  0  1 81  1  0  0]
 [ 1  0  0  0 61  0  0]
 [ 1  0  0  0  0 51  1]
 [ 2  0  0  0  0  0 47]]";0.8917662682602921;0.8813238411599336;"[[171   3   1  11   7   8   0]
 [  3  80   7   7   0   0   0]
 [  0   0 267   2   0   2   0]
 [ 25   2   4 436   9   2   0]
 [  9   0   0  18 199   0   0]
 [ 14   4   4   5   1 126   3]
 [  9   0   1   0   0   2  64]]";0.8396572827417381;0.8328470957146357;"[[ 80   2   0  12   5   4   3]
 [  1  52   5   7   1   0   0]
 [  2   2 120   1   1   0   0]
 [ 17   4   3 209  10   2   1]
 [  2   3   0  11 111   1   0]
 [  9   1   2   5   1  69   3]
 [ 10   0   0   0   0   0  45]]";385;[56 46 36 83 62 53 49]
605;Cora;own;0.5;0.2;64;0.5;1;0.005;1256718679;0.9744897959183674;0.976285621719918;"[[55  0  0  2  1  0  0]
 [ 0 47  0  0  0  0  0]
 [ 0  0 37  0  0  0  0]
 [ 1  0  1 81  1  0  0]
 [ 1  0  0  0 62  0  0]
 [ 1  0  0  0  0 52  1]
 [ 1  0  0  0  0  0 48]]";0.8925950633755837;0.882438040753059;"[[173   2   1  11   7   5   0]
 [  3  79   7   7   0   0   0]
 [  0   0 264   4   0   2   0]
 [ 22   2   3 440   7   3   0]
 [  9   0   0  21 195   0   0]
 [ 16   4   4   5   1 125   1]
 [ 11   0   0   1   0   2  62]]";0.8506731946144431;0.8438452406205271;"[[ 84   2   0  11   4   4   1]
 [  1  53   4   7   1   0   0]
 [  2   2 120   1   1   0   0]
 [ 16   4   3 215   6   1   1]
 [  4   3   0  11 109   1   0]
 [  9   1   2   5   1  69   3]
 [ 10   0   0   0   0   0  45]]";392;[58 47 37 84 63 54 49]
606;Cora;own;0.5;0.2;64;0.5;1;0.005;1256718679;0.9699248120300752;0.9722823153302274;"[[55  0  0  2  1  0  1]
 [ 0 48  0  0  0  0  0]
 [ 0  0 38  0  0  0  0]
 [ 1  0  1 79  1  1  1]
 [ 1  0  0  0 63  0  0]
 [ 1  0  0  0  0 55  0]
 [ 1  0  0  0  0  0 49]]";0.8927613941018767;0.8800973543747456;"[[166   3   1  11   9   7   1]
 [  3  79   7   5   1   0   0]
 [  0   0 265   2   0   2   0]
 [ 24   2   4 434  10   3   0]
 [  6   0   0  15 202   0   1]
 [ 14   4   4   5   1 123   3]
 [  9   0   1   0   0   2  63]]";0.8421052631578947;0.8333536069004888;"[[ 79   2   0  11   5   5   4]
 [  1  53   5   5   2   0   0]
 [  2   2 120   1   1   0   0]
 [ 18   6   3 210   7   1   1]
 [  3   2   0  10 112   1   0]
 [  9   1   2   5   1  69   3]
 [  9   0   0   0   1   0  45]]";399;[59 48 38 84 64 56 50]
607;Cora;own;0.5;0.2;64;0.5;1;0.005;1256718679;0.9729064039408867;0.974722177952893;"[[58  0  0  1  2  0  0]
 [ 0 49  0  0  0  0  0]
 [ 0  0 39  0  0  0  0]
 [ 0  0  1 82  1  0  0]
 [ 2  0  0  1 62  0  0]
 [ 1  0  0  0  0 54  1]
 [ 1  0  0  0  0  0 51]]";0.8922558922558923;0.879386502598018;"[[170   4   1  10   5   7   0]
 [  3  78   7   6   0   0   0]
 [  0   0 264   2   0   2   0]
 [ 24   3   4 432  10   2   0]
 [  9   0   0  17 198   0   0]
 [ 12   5   4   6   1 123   2]
 [ 10   0   1   0   0   3  60]]";0.8482252141982864;0.8421195034060325;"[[ 83   2   0  10   3   5   3]
 [  1  53   5   6   1   0   0]
 [  2   2 120   1   1   0   0]
 [ 19   5   3 210   7   1   1]
 [  3   2   0  10 112   1   0]
 [ 10   1   2   5   1  68   3]
 [  8   0   0   0   0   0  47]]";406;[61 49 39 84 65 56 52]
608;Cora;own;0.5;0.2;64;0.5;1;0.005;1256718679;0.9782082324455206;0.9804204008871741;"[[60  0  0  1  1  0  0]
 [ 0 49  0  0  0  0  0]
 [ 0  0 40  0  0  0  0]
 [ 0  0  1 83  0  0  0]
 [ 0  0  0  2 64  0  0]
 [ 0  0  0  2  0 56  1]
 [ 0  0  0  1  0  0 52]]";0.8930987821380244;0.8813111448952062;"[[169   2   1  11   5   7   2]
 [  3  78   7   6   0   0   0]
 [  0   0 262   3   0   2   0]
 [ 22   2   4 433  10   2   0]
 [  7   0   0  22 196   0   0]
 [ 12   3   4   4   1 125   1]
 [ 10   0   0   1   0   4  57]]";0.8421052631578947;0.8350725067522884;"[[ 78   2   0  14   5   5   2]
 [  1  52   5   7   1   0   0]
 [  2   2 120   1   1   0   0]
 [ 18   4   3 213   6   1   1]
 [  3   2   0  11 111   1   0]
 [  9   1   2   5   1  69   3]
 [  9   0   0   0   1   0  45]]";413;[62 49 40 84 66 59 53]
609;Cora;own;0.5;0.2;64;0.5;1;0.005;1256718679;0.9785714285714285;0.9799364590244783;"[[61  0  0  1  1  0  0]
 [ 0 50  0  0  0  0  0]
 [ 0  0 41  0  0  0  0]
 [ 0  0  1 84  0  0  0]
 [ 1  0  0  2 64  0  0]
 [ 1  0  0  0  0 58  1]
 [ 1  0  0  0  0  0 53]]";0.8905506458191706;0.8767238428701526;"[[167   3   1  10   6   7   2]
 [  3  78   7   5   0   0   0]
 [  0   0 262   2   0   2   0]
 [ 24   4   4 426  10   4   0]
 [  7   0   0  19 198   0   0]
 [ 15   4   4   1   1 122   2]
 [ 11   0   0   0   0   3  57]]";0.8421052631578947;0.8371864711280977;"[[ 81   2   0  11   4   5   3]
 [  1  54   5   5   1   0   0]
 [  2   2 120   1   1   0   0]
 [ 21   6   3 207   7   1   1]
 [  3   2   0  11 111   1   0]
 [  9   1   2   5   1  69   3]
 [  9   0   0   0   0   0  46]]";420;[63 50 41 85 67 60 54]
610;Cora;own;0.5;0.2;64;0.5;1;0.005;1078341212;0.0;0.0;[[]];0.1110523532522475;0.08191511589681229;"[[ 50  10  16  76   5   5  83]
 [ 13   1   5  13   0   3 116]
 [ 75   2  66  28   0   1 120]
 [193  11 112  77   7   8 164]
 [108   5  63  30   1   0  91]
 [ 33   7  59  87   0   2  20]
 [ 33   6  47  21   3   2  13]]";0.11995104039167687;0.08846261243752451;"[[27  3  9 29  2  2 34]
 [ 5  1  3  7  0  0 50]
 [27  1 32 13  1  0 52]
 [90  7 50 30  4  3 62]
 [49  0 34 12  1  0 32]
 [21  6 24 28  0  0 11]
 [15  0 18 10  5  0  7]]";0;[]
611;Cora;own;0.5;0.2;64;0.5;1;0.005;1078341212;0.7142857142857143;0.5833333333333333;"[[1 0 1 0]
 [0 2 0 0]
 [0 0 2 0]
 [0 0 1 0]]";0.2653927813163482;0.1354273646571002;"[[  6   0   0   0  14 250   0]
 [  0   0   0   0   0 100   0]
 [  0   0   0   0   0 277   0]
 [  0   0   0   0 182 343   0]
 [  0   0   0   0 222 111   0]
 [  0   0   0   0   1 272   0]
 [  0   0   0   0   0 106   0]]";0.21664626682986537;0.11716558072669095;"[[  0   0   0   0   6 100   0]
 [  0   0   0   0   0  66   0]
 [  0   0   0   0   1 125   0]
 [  0   0   0   0  81 165   0]
 [  0   0   0   0  87  41   0]
 [  0   0   0   0   0  90   0]
 [  0   0   0   0   0  55   0]]";7;[2 0 0 0 2 2 1]
612;Cora;own;0.5;0.2;64;0.5;1;0.005;1078341212;0.6428571428571429;0.5111111111111111;"[[2 0 0 0 0 0]
 [0 1 0 0 0 0]
 [1 2 0 0 0 0]
 [0 0 0 4 0 0]
 [0 0 0 0 2 0]
 [1 1 0 0 0 0]]";0.3345764517847629;0.2001261843163331;"[[ 16   0 220   0   6   3   0]
 [  0   0  58   0   0  30   0]
 [  0   0 335   0   0   0   0]
 [  2   0 332   0 148   0   0]
 [  1   0 109   0 236   0   0]
 [  1   0 206   0   1  41   0]
 [ 10   0 122   0   0   0   0]]";0.2386780905752754;0.11958024003452475;"[[  0   0 100   0   4   2   0]
 [  0   0  43   0   0  23   0]
 [  0   0 125   0   1   0   0]
 [  1   0 169   0  73   3   0]
 [  2   0  54   0  70   2   0]
 [  2   0  88   0   0   0   0]
 [  2   0  53   0   0   0   0]]";14;[2 0 1 3 4 2 2]
613;Cora;own;0.5;0.2;64;0.5;1;0.005;1078341212;0.5714285714285714;0.47064364207221354;"[[2 0 0 0 0 0 0]
 [0 0 0 0 0 1 0]
 [0 0 1 0 0 0 0]
 [2 0 4 0 1 0 0]
 [0 0 0 0 6 0 0]
 [0 0 0 0 0 2 0]
 [1 0 0 0 0 0 1]]";0.31978609625668447;0.17373129710408136;"[[ 13   0 127   0  44  16   0]
 [  0   0  46   0  14  97   0]
 [  0   0 309   0   1   0   0]
 [  9   0 271   0 331  10   0]
 [  2   0  36   0 260   1   0]
 [  8   0 146   0   1  16   0]
 [ 13   0  91   0   1   7   0]]";0.2864137086903305;0.14453341483135534;"[[  0   0  81   0  19   6   0]
 [  0   0  21   0   2  43   0]
 [  0   0 125   0   1   0   0]
 [  2   0  79   0 159   6   0]
 [  3   0  17   0 105   3   0]
 [  2   0  84   0   1   3   0]
 [  4   0  47   0   0   3   1]]";21;[2 1 1 7 6 2 2]
614;Cora;own;0.5;0.2;64;0.5;1;0.005;1078341212;0.6071428571428571;0.40719280719280715;"[[8 0 0 0 0 0 0]
 [0 0 0 0 0 1 0]
 [0 0 1 0 0 0 0]
 [4 0 3 0 1 0 0]
 [0 0 0 0 6 0 0]
 [0 0 0 0 0 2 0]
 [2 0 0 0 0 0 0]]";0.41492216854535696;0.27516274361278287;"[[230   0   2   0   5   2   0]
 [ 28   0  26   0  13  89   0]
 [ 16   0 290   0   1   0   0]
 [280   0  60   0 238   4   0]
 [ 57   0   5   0 235   1   0]
 [ 93   0  62   0   1  18   0]
 [102   0   4   0   0   1   0]]";0.38310893512851896;0.25146830579149954;"[[100   0   1   0   3   2   0]
 [ 10   0  16   0   2  38   0]
 [  4   0 121   0   1   0   0]
 [121   0  18   0 103   4   0]
 [ 34   0   4   0  88   2   0]
 [ 53   0  33   0   0   4   0]
 [ 46   0   8   0   0   1   0]]";28;[8 1 1 8 6 2 2]
615;Cora;own;0.5;0.2;64;0.5;1;0.005;1078341212;0.5714285714285714;0.3970387197941378;"[[8 0 0 0 0 0 0]
 [0 0 0 0 0 2 0]
 [0 0 2 0 0 0 0]
 [2 0 6 0 3 0 0]
 [0 0 0 0 7 0 0]
 [0 0 0 0 0 3 0]
 [1 0 1 0 0 0 0]]";0.4224137931034483;0.2832038005993002;"[[180   0  38   0  12   5   0]
 [  5   0  79   0   7  73   0]
 [  1   0 323   0   0   0   0]
 [ 84   0 226   0 231   9   0]
 [ 14   0  33   0 251   2   0]
 [ 21   0 124   0   1  30   0]
 [ 34   0  57   0   1  15   0]]";0.379436964504284;0.2557386736103156;"[[ 77   0  19   0   3   7   0]
 [  0   0  39   0   2  25   0]
 [  1   0 124   0   1   0   0]
 [ 33   0  98   0 110   5   0]
 [ 10   0  18   0  99   1   0]
 [ 13   0  66   0   1  10   0]
 [ 16   0  32   0   0   7   0]]";35;[ 8  2  2 11  7  3  2]
616;Cora;own;0.5;0.2;64;0.5;1;0.005;1078341212;0.8809523809523809;0.7497835497835499;"[[ 9  0  0  0  0  0  0]
 [ 0  0  0  2  0  0  0]
 [ 0  0  2  0  0  0  0]
 [ 0  0  0 14  0  0  0]
 [ 0  0  0  0  8  0  0]
 [ 0  0  0  0  0  3  0]
 [ 0  0  0  3  0  0  1]]";0.6311519740400217;0.4669586371047761;"[[158   0   3  79   2   0   0]
 [  0   0  20 135   1   2   0]
 [  0   0 307  12   0   0   0]
 [ 26   0  18 487  22   0   0]
 [ 11   0   2  75 183   0   0]
 [  2   0  44  92   1  32   0]
 [  6   0   1 128   0   0   0]]";0.5752753977968176;0.4161928154574793;"[[ 53   0   4  49   0   0   0]
 [  0   0  10  56   0   0   0]
 [  0   0 119   7   0   0   0]
 [ 16   0   9 204  17   0   0]
 [  6   0   0  39  83   0   0]
 [  2   0  27  51   0  10   0]
 [  2   0   4  46   0   2   1]]";42;[ 9  2  2 14  8  3  4]
617;Cora;own;0.5;0.2;64;0.5;1;0.005;1078341212;0.9183673469387755;0.8082964553552789;"[[ 8  0  0  1  0  0  0]
 [ 0  0  0  2  0  0  0]
 [ 0  0  2  0  0  0  0]
 [ 0  0  0 17  0  0  0]
 [ 0  0  0  0  9  0  0]
 [ 0  0  0  0  0  4  1]
 [ 0  0  0  0  0  0  5]]";0.7323561346362649;0.6635043578640027;"[[158   0   2  60   3   1   9]
 [  2   0   8 117   5  19   5]
 [  0   0 272  21   1   2   1]
 [ 17   0  31 497  24   5   4]
 [ 11   0   2  69 189   0   1]
 [  2   0  10  21   1 131  11]
 [  6   0   1  17   0   4 102]]";0.6854345165238678;0.6232966115916164;"[[ 54   0   4  39   1   0   8]
 [  1   0   7  52   3   3   0]
 [  0   0 110  16   0   0   0]
 [ 16   0   6 204  20   0   0]
 [  3   0   0  35  90   0   0]
 [  1   0   3  18   0  59   9]
 [  2   0   2   6   0   2  43]]";49;[ 9  2  2 17  9  5  5]
618;Cora;own;0.5;0.2;64;0.5;1;0.005;1078341212;0.8928571428571429;0.7643273525626466;"[[ 8  0  0  1  0  0  0]
 [ 0  0  0  1  0  3  0]
 [ 0  0  1  1  0  0  0]
 [ 0  0  0 17  0  0  0]
 [ 0  0  0  0 10  0  0]
 [ 0  0  0  0  0  7  0]
 [ 0  0  0  0  0  0  7]]";0.6801089918256131;0.6186855321415801;"[[160   0   0  46   4   4  15]
 [  6   0   8  99   7  43   2]
 [  0   0 122 138   0   7   1]
 [ 40   0   3 493  35   2   8]
 [ 19   0   0  42 204   1   4]
 [  2   0   0  19   1 154  14]
 [  1   0   0  11   0   5 115]]";0.616891064871481;0.5551072717813098;"[[ 55   0   0  31   2   1  17]
 [  3   0   2  45   4   9   3]
 [  0   0  53  70   0   2   1]
 [ 19   0   1 196  28   0   2]
 [ 10   0   0  23  93   1   1]
 [  1   0   0  14   0  64  11]
 [  4   0   0   4   0   4  43]]";56;[ 9  4  2 17 10  7  7]
619;Cora;own;0.5;0.2;64;0.5;1;0.005;1078341212;0.9047619047619048;0.8133653461384555;"[[ 8  0  0  1  0  0  0]
 [ 0  0  0  1  0  4  0]
 [ 0  0  4  0  0  0  0]
 [ 0  0  0 20  0  0  0]
 [ 0  0  0  0 10  0  0]
 [ 0  0  0  0  0  8  0]
 [ 0  0  0  0  0  0  7]]";0.7084245076586433;0.6393415689045135;"[[133   0   1  55   1   8  15]
 [  3   0  20  89   6  87   0]
 [  0   0 252  21   0   5   1]
 [ 18   0  15 525   2   5   7]
 [  6   0   2 115 127   2   6]
 [  1   0   2  19   0 146   6]
 [  1   0   0   7   0   7 112]]";0.6634026927784578;0.5745607782486276;"[[ 44   0   2  35   1   7  17]
 [  0   0   8  29   2  27   0]
 [  0   0 105  18   0   1   2]
 [ 12   0   6 220   2   3   3]
 [  2   0   1  56  67   1   1]
 [  0   0   1  12   0  67  10]
 [  2   0   0   6   0   8  39]]";63;[ 9  5  4 20 10  8  7]
620;Cora;own;0.5;0.2;64;0.5;1;0.005;1078341212;0.9;0.8027383469243935;"[[ 9  0  0  1  0  0  0]
 [ 1  0  1  0  0  4  0]
 [ 0  0  5  0  0  0  0]
 [ 0  0  0 21  0  0  0]
 [ 0  0  0  0 11  0  0]
 [ 0  0  0  0  0 10  0]
 [ 0  0  0  0  0  0  7]]";0.7171883580450302;0.6467381930169902;"[[168   0   5  23   2   8   9]
 [ 16   0  49  51   8  59   3]
 [  1   0 285  11   0   4   0]
 [ 50   0  37 432   7   5   7]
 [ 10   0   2  77 162   3   7]
 [ 15   0   7  15   1 156   6]
 [  7   0   1   2   0   7 103]]";0.6878824969400245;0.6044055854292616;"[[ 66   0  10  15   1   6   8]
 [  5   0  23  11   4  22   1]
 [  1   0 118   5   1   1   0]
 [ 35   0  14 188   7   1   1]
 [  7   0   1  33  85   2   0]
 [  4   0   3   8   0  68   7]
 [  4   0   2   5   0   7  37]]";70;[10  6  5 21 11 10  7]
621;Cora;own;0.5;0.2;64;0.5;1;0.005;1078341212;0.987012987012987;0.9895657511124751;"[[ 9  0  0  1  0  0  0]
 [ 0  7  0  0  0  0  0]
 [ 0  0  6  0  0  0  0]
 [ 0  0  0 24  0  0  0]
 [ 0  0  0  0 12  0  0]
 [ 0  0  0  0  0 11  0]
 [ 0  0  0  0  0  0  7]]";0.8197353914002206;0.8175292566918521;"[[145   5   1  32   1  15   6]
 [  0 110  12  14   1   6   0]
 [  0   0 282  14   0   4   0]
 [ 16   5  35 505   2   5   4]
 [  2   1   2  75 172   8   1]
 [  4   3   5  21   1 180   3]
 [  2   1   0  10   0  10  93]]";0.7674418604651163;0.7596935917500772;"[[ 56   2   1  24   1  19   3]
 [  0  50   7   6   2   1   0]
 [  0   0 113   8   0   5   0]
 [ 13   5  14 208   1   4   1]
 [  3   2   0  34  87   2   0]
 [  0   1   2   7   0  76   4]
 [  1   0   0   7   0  10  37]]";77;[10  7  6 24 12 11  7]
622;Cora;own;0.5;0.2;64;0.5;1;0.005;1078341212;0.9642857142857143;0.9666398733406406;"[[10  0  0  1  1  1  0]
 [ 0  8  0  0  0  0  0]
 [ 0  0  7  0  0  0  0]
 [ 0  0  0 25  0  0  0]
 [ 0  0  0  0 12  0  0]
 [ 0  0  0  0  0 11  0]
 [ 0  0  0  0  0  0  8]]";0.8101826231322634;0.8070554467462495;"[[142   2   1  36   0  20   7]
 [  0 109  12  28   1   7   0]
 [  0   0 282  13   0   5   0]
 [ 14   6  36 481   4   6   3]
 [  3   1   2  68 177  11   0]
 [  4   2   5  16   1 181   2]
 [  2   0   0  12   0  13  92]]";0.7576499388004896;0.754174453893384;"[[ 56   2   1  22   1  21   3]
 [  0  50   7   6   2   1   0]
 [  0   0 113   8   0   5   0]
 [ 16   4  17 198   6   4   1]
 [  4   2   0  31  89   2   0]
 [  0   1   2   8   0  75   4]
 [  1   0   0   7   0   9  38]]";84;[13  8  7 25 12 11  8]
623;Cora;own;0.5;0.2;64;0.5;1;0.005;1078341212;0.9560439560439561;0.954451302967511;"[[10  1  0  1  1  1  0]
 [ 0  8  0  0  0  0  0]
 [ 0  0  8  0  0  0  0]
 [ 0  0  0 26  0  0  0]
 [ 0  0  0  0 14  0  0]
 [ 0  0  0  0  0 12  0]
 [ 0  0  0  0  0  0  9]]";0.8072222222222222;0.8025355628222132;"[[138   4   2  40   0  21   9]
 [  0 110  12  25   1   5   0]
 [  0   0 277  13   0   4   1]
 [ 15   5  24 472  10   8   7]
 [  2   1   2  64 178  13   3]
 [  4   3   6  15   0 173   4]
 [  3   0   0  12   0   9 105]]";0.7576499388004896;0.7482970068132649;"[[ 54   2   1  21   1  20   7]
 [  0  50   7   6   2   1   0]
 [  0   0 109  10   1   5   1]
 [ 15   5  12 201   9   2   2]
 [  4   2   0  27  91   4   0]
 [  0   4   2   6   0  73   5]
 [  1   0   0   6   0   7  41]]";91;[14  8  8 26 14 12  9]
624;Cora;own;0.5;0.2;64;0.5;1;0.005;1078341212;0.9591836734693877;0.9564696699375558;"[[11  1  0  1  1  0  0]
 [ 0  9  0  0  0  0  0]
 [ 0  0  8  0  0  0  0]
 [ 0  0  0 29  0  0  0]
 [ 0  0  0  0 15  0  1]
 [ 0  0  0  0  0 13  0]
 [ 0  0  0  0  0  0  9]]";0.8031232571109872;0.7952094224303021;"[[130   3   2  41   0  26   9]
 [  0 104  12  32   1   2   0]
 [  0   0 276  15   1   3   0]
 [ 12   8  16 491   3  12   5]
 [  1   1   2  76 177  11   4]
 [  2   3   6  16   0 161   5]
 [  3   0   0  11   0   9 101]]";0.7686658506731946;0.7572080074584837;"[[ 50   2   2  25   1  18   8]
 [  0  50   7   6   2   1   0]
 [  0   0 111  10   1   4   0]
 [ 12   2   7 217   5   1   2]
 [  4   3   0  31  88   2   0]
 [  0   4   2  12   0  68   4]
 [  1   0   0   4   0   6  44]]";98;[14  9  8 29 16 13  9]
625;Cora;own;0.5;0.2;64;0.5;1;0.005;1078341212;0.9619047619047619;0.9581915618539435;"[[15  0  0  0  0  0  0]
 [ 0 10  0  0  0  0  0]
 [ 0  0  9  0  0  0  0]
 [ 1  0  0 28  0  0  0]
 [ 0  0  0  0 17  0  1]
 [ 0  0  0  0  0 13  2]
 [ 0  0  0  0  0  0  9]]";0.8180291153415453;0.8086204281166413;"[[133   6   2  31   0  24  15]
 [  0 119  10  19   0   2   0]
 [  0   1 273  12   0   8   0]
 [ 11  12  14 488   4  13   6]
 [  2   1   3  64 181  12   4]
 [  5   2   7  12   0 161   6]
 [  3   0   0   6   0   8 106]]";0.773561811505508;0.763078426795021;"[[ 51   3   2  20   0  20  10]
 [  0  53   6   6   0   1   0]
 [  0   2 112   8   0   4   0]
 [ 13   6   7 208   8   2   2]
 [  4   3   0  27  90   4   0]
 [  1   4   2   9   0  70   4]
 [  1   0   0   1   0   5  48]]";105;[15 10  9 29 18 15  9]
626;Cora;own;0.5;0.2;64;0.5;1;0.005;1078341212;0.9553571428571429;0.955362001753417;"[[16  0  0  0  0  1  0]
 [ 0 10  0  0  0  0  0]
 [ 0  0 10  0  0  0  0]
 [ 1  0  0 30  0  0  0]
 [ 0  0  0  1 18  0  0]
 [ 0  0  0  0  0 13  2]
 [ 0  0  0  0  0  0 10]]";0.8263069139966274;0.8177415071612009;"[[144   6   2  33   0  19  14]
 [  2 116   8  18   0   2   0]
 [  0   1 282   9   0   5   0]
 [ 12  10  11 492   2   8   6]
 [  8   1   2  70 173   8   1]
 [  5   2   7  14   1 163   5]
 [  4   0   0   8   0   5 100]]";0.7662178702570379;0.7564407040602098;"[[ 57   4   2  23   0  14   6]
 [  4  48   7   7   0   0   0]
 [  1   2 115   5   0   3   0]
 [ 14   9   6 208   6   2   1]
 [  5   3   0  29  89   2   0]
 [  5   4   3  11   0  64   3]
 [  1   0   0   5   0   4  45]]";112;[17 10 10 31 19 15 10]
627;Cora;own;0.5;0.2;64;0.5;1;0.005;1078341212;0.9663865546218487;0.9619039087206789;"[[17  0  0  0  0  1  0]
 [ 0 10  1  0  0  0  0]
 [ 0  0 11  0  0  0  0]
 [ 0  0  0 32  0  0  0]
 [ 0  0  0  1 19  0  0]
 [ 0  0  0  0  0 15  1]
 [ 0  0  0  0  0  0 11]]";0.8250564334085779;0.8157421561864895;"[[147   7   1  27   0  19  11]
 [  1 119  11  16   0   2   0]
 [  0   2 271  12   0   4   0]
 [ 10  21  14 477   7   9   3]
 [  8   3   2  54 192   8   3]
 [  3   3   8  13   1 162   5]
 [  3   0   0  11   0   8  94]]";0.7539779681762546;0.747713005699256;"[[ 59   6   1  22   0  14   4]
 [  3  48   7   7   1   0   0]
 [  1   2 115   6   0   2   0]
 [ 15  13   6 190  17   4   1]
 [  4   3   0  22  96   3   0]
 [  5   3   3  11   0  65   3]
 [  2   1   0   3   1   5  43]]";119;[18 11 11 32 20 16 11]
628;Cora;own;0.5;0.2;64;0.5;1;0.005;1078341212;0.9761904761904762;0.9696723014735437;"[[19  0  0  0  0  1  0]
 [ 0 10  1  0  0  0  0]
 [ 0  0 12  0  0  0  0]
 [ 0  0  0 33  0  0  0]
 [ 0  0  0  0 21  0  0]
 [ 0  0  0  0  0 17  1]
 [ 0  0  0  0  0  0 11]]";0.8232294617563739;0.8129395438965957;"[[161   7   1  23   1  14   8]
 [  6 113  10  14   0   3   0]
 [  0   2 275  11   0   1   0]
 [ 21  20  14 469   6   8   2]
 [ 19   2   2  51 187   4   3]
 [  6   1   9  14   0 157   6]
 [  6   0   0   5   0  12  91]]";0.7674418604651163;0.7587534113487823;"[[ 72   5   1  14   1  11   2]
 [  7  40   7   9   2   1   0]
 [  3   0 117   5   0   1   0]
 [ 16  13   6 193  13   4   1]
 [  9   2   0  20  96   1   0]
 [  8   0   3  10   0  66   3]
 [  4   0   0   3   0   5  43]]";126;[20 11 12 33 21 18 11]
629;Cora;own;0.5;0.2;64;0.5;1;0.005;1078341212;0.9699248120300752;0.9613058566147812;"[[21  0  0  0  0  0  0]
 [ 0 11  1  0  0  0  0]
 [ 0  0 12  0  0  0  0]
 [ 0  0  1 34  0  0  0]
 [ 0  0  0  0 22  0  0]
 [ 0  0  0  0  0 18  2]
 [ 0  0  0  0  0  0 11]]";0.8185437997724687;0.8087990415282797;"[[157   6   2  28   1  18   7]
 [  6 108  11  15   0   3   0]
 [  0   2 266  13   0   1   0]
 [ 16  19  14 464   9  11   1]
 [ 17   2   2  50 188   7   1]
 [  3   2  10  12   0 170   6]
 [  5   1   0   5   0  13  86]]";0.7649938800489596;0.7512008830672542;"[[ 68   5   0  15   2  14   2]
 [  7  38   7  10   2   2   0]
 [  1   0 118   6   0   1   0]
 [ 14  10   5 197  13   5   2]
 [ 10   2   0  20  94   2   0]
 [  7   0   3   9   0  69   2]
 [  3   0   0   2   0   9  41]]";133;[21 12 12 35 22 20 11]
630;Cora;own;0.5;0.2;64;0.5;1;0.005;1078341212;0.9785714285714285;0.969852898424327;"[[22  0  0  0  0  0  0]
 [ 0 12  2  0  0  0  0]
 [ 0  0 13  0  0  0  0]
 [ 0  0  0 35  0  0  0]
 [ 0  0  0  0 23  0  0]
 [ 0  0  0  0  0 19  1]
 [ 0  0  0  0  0  0 13]]";0.8372358652198744;0.8286973135275911;"[[166   5   2  23   3  16   4]
 [  0 117   8  12   0   5   0]
 [  0   2 265  11   0   3   0]
 [ 19  20   9 461  12   6   4]
 [ 21   2   2  34 204   3   1]
 [  9   2   8  12   0 169   2]
 [  7   1   0   5   0  12  84]]";0.773561811505508;0.7610614419580827;"[[ 73   5   0  11   2  13   2]
 [  2  45   6  10   1   2   0]
 [  1   0 114   9   1   1   0]
 [ 15  14   4 193  13   5   2]
 [  9   3   0  14 101   1   0]
 [  8   0   3   9   0  69   1]
 [  3   0   0   2   0  13  37]]";140;[22 14 13 35 23 20 13]
631;Cora;own;0.5;0.2;64;0.5;1;0.005;1078341212;0.9795918367346939;0.971861679911662;"[[23  0  0  0  0  0  0]
 [ 0 13  2  0  0  0  0]
 [ 0  0 14  0  0  0  0]
 [ 0  0  0 37  0  0  0]
 [ 0  0  0  0 23  0  0]
 [ 0  0  0  0  0 20  1]
 [ 0  0  0  0  0  0 14]]";0.8251146788990825;0.8110556005401739;"[[166   4   1  22   0  18   8]
 [  0  94   8  20   0   5   1]
 [  0   1 265  14   0   2   0]
 [ 19  22   9 473   3   9   7]
 [ 21   2   2  45 191   3   3]
 [  8   1   8  12   0 164   3]
 [  4   0   0   6   0  14  86]]";0.7796817625458996;0.7657418704614999;"[[ 69   5   0  12   1  14   5]
 [  1  39   7  14   2   2   1]
 [  1   0 115   8   1   1   0]
 [ 15   8   4 203   9   5   2]
 [  8   2   0  19  99   0   0]
 [  8   0   3   9   0  69   1]
 [  3   0   0   2   0   7  43]]";147;[23 15 14 37 23 21 14]
632;Cora;own;0.5;0.2;64;0.5;1;0.005;1078341212;0.974025974025974;0.9670970893504967;"[[23  0  0  0  0  1  0]
 [ 0 14  2  0  0  0  0]
 [ 0  0 15  0  0  0  0]
 [ 0  0  0 38  0  0  0]
 [ 0  0  0  0 25  0  0]
 [ 0  0  0  0  0 20  1]
 [ 0  0  0  0  0  0 15]]";0.8508923431203224;0.8402885098055624;"[[169   2   1  22   5  16   3]
 [  1  96   7  20   0   3   0]
 [  1   0 268  11   0   1   0]
 [ 18   7   5 488  12   6   3]
 [ 12   0   2  38 212   3   2]
 [ 11   2   6  12   0 162   3]
 [  6   0   0   4   0  14  83]]";0.802937576499388;0.7943512565555201;"[[ 76   2   1  12   3   9   3]
 [  1  42   6  14   2   1   0]
 [  1   0 118   6   1   0   0]
 [ 16   4   3 207  12   3   1]
 [  6   2   0  16 104   0   0]
 [ 10   0   3  10   0  66   1]
 [  3   0   0   2   0   7  43]]";154;[24 16 15 38 25 21 15]
633;Cora;own;0.5;0.2;64;0.5;1;0.005;1078341212;0.9751552795031055;0.9682838684099464;"[[23  0  0  0  0  1  0]
 [ 0 15  2  0  0  0  0]
 [ 0  0 15  0  0  0  0]
 [ 0  0  0 41  0  0  0]
 [ 0  0  0  0 26  0  0]
 [ 0  0  0  0  0 22  1]
 [ 0  0  0  0  0  0 15]]";0.8508670520231214;0.8404369338219125;"[[163   2   1  21   4  23   3]
 [  1  97   7  18   0   3   0]
 [  2   0 263  12   0   2   0]
 [ 25   0   2 495   6   7   3]
 [ 11   1   2  40 207   5   2]
 [  8   2   7  10   1 164   3]
 [  5   0   0   4   0  15  83]]";0.802937576499388;0.7900667150721128;"[[ 72   2   0  12   4  10   6]
 [  1  42   6  14   2   1   0]
 [  1   0 118   6   1   0   0]
 [ 18   1   1 211  11   4   0]
 [  6   2   0  16 104   0   0]
 [ 10   0   2   9   0  68   1]
 [  3   0   0   1   0  10  41]]";161;[24 17 15 41 26 23 15]
634;Cora;own;0.5;0.2;64;0.5;1;0.005;1078341212;0.9702380952380952;0.9652788388082506;"[[23  0  0  0  0  1  0]
 [ 0 16  2  0  0  0  0]
 [ 0  0 16  0  0  0  0]
 [ 1  0  0 42  0  0  0]
 [ 0  0  0  0 27  0  0]
 [ 0  0  0  0  0 23  1]
 [ 0  0  0  0  0  0 16]]";0.8537434706906558;0.8403271651300758;"[[160   2   1  13   6  26   9]
 [  2 100   9  13   0   3   0]
 [  2   0 263  10   0   2   0]
 [ 24   0   4 482  13   8   5]
 [  9   1   2  31 215   6   2]
 [  8   1   7   6   1 168   3]
 [  6   0   0   2   0  15  83]]";0.7943696450428397;0.782498351161425;"[[ 71   2   1  10   5  11   6]
 [  2  44   6  11   2   1   0]
 [  1   0 118   6   1   0   0]
 [ 18   3   1 200  17   5   2]
 [  6   2   0  14 105   1   0]
 [ 10   1   2   5   1  69   2]
 [  2   0   0   1   0  10  42]]";168;[24 18 16 43 27 24 16]
635;Cora;own;0.5;0.2;64;0.5;1;0.005;1078341212;0.9714285714285714;0.9668088260945404;"[[23  0  0  1  0  1  0]
 [ 0 17  2  0  0  0  0]
 [ 0  0 17  0  0  0  0]
 [ 0  0  0 45  0  0  0]
 [ 0  0  0  0 27  0  0]
 [ 0  0  0  0  0 24  1]
 [ 0  0  0  0  0  0 17]]";0.8583916083916084;0.8474556251811493;"[[166   2   2  15   4  20   6]
 [  2  94   8  18   0   3   0]
 [  1   0 265  10   0   1   0]
 [ 23   0   5 492   5   6   1]
 [  9   0   2  40 210   3   1]
 [  8   1   7  13   1 165   2]
 [  4   0   0   6   0  14  81]]";0.7931456548347613;0.7774644327423614;"[[ 72   1   3  11   5   9   5]
 [  1  41   7  14   2   1   0]
 [  1   0 116   8   1   0   0]
 [ 16   2   2 210  13   3   0]
 [  6   2   0  16 104   0   0]
 [  9   1   3   9   0  67   1]
 [  4   0   0   2   0  11  38]]";175;[25 19 17 45 27 25 17]
636;Cora;own;0.5;0.2;64;0.5;1;0.005;1078341212;0.967032967032967;0.9642807552189704;"[[24  0  0  1  0  1  0]
 [ 0 18  2  0  0  0  0]
 [ 0  0 18  0  0  0  0]
 [ 0  0  0 45  0  0  0]
 [ 0  0  0  1 28  0  0]
 [ 0  0  0  0  0 25  1]
 [ 0  0  0  0  0  0 18]]";0.8624926857811586;0.8504727321804859;"[[160   2   3  14  10  19   7]
 [  2  97   7  16   0   3   0]
 [  1   0 264  10   0   1   0]
 [ 21   0   4 485   9   7   1]
 [  5   0   0  33 225   2   1]
 [  7   2   7  13   2 162   3]
 [  4   0   0   5   0  14  81]]";0.8004895960832313;0.7893536457203324;"[[ 70   2   3  11   5   9   6]
 [  1  46   6  10   2   1   0]
 [  1   0 116   8   1   0   0]
 [ 15   3   3 205  17   3   0]
 [  2   2   0  15 109   0   0]
 [  8   1   3   8   1  68   1]
 [  3   0   0   2   0  10  40]]";182;[26 20 18 45 29 26 18]
637;Cora;own;0.5;0.2;64;0.5;1;0.005;1078341212;0.9629629629629629;0.961551495378623;"[[25  0  0  1  0  1  0]
 [ 0 19  2  0  0  0  0]
 [ 0  0 19  0  0  0  0]
 [ 1  0  0 47  0  0  0]
 [ 0  0  0  1 28  0  0]
 [ 0  0  0  0  0 26  0]
 [ 0  0  0  0  0  1 18]]";0.854876615746181;0.8415904642095775;"[[166   2   3  14   4  17   5]
 [  3  93   6  19   0   3   0]
 [  2   0 261  11   0   1   0]
 [ 21   0   3 490   5   7   2]
 [ 11   1   0  45 206   2   1]
 [  9   1   6  13   0 163   3]
 [  6   0   0   4   0  17  76]]";0.806609547123623;0.7915151257192472;"[[ 74   2   2  11   3   9   5]
 [  2  43   7  11   2   1   0]
 [  1   0 115   9   1   0   0]
 [ 15   3   2 214   9   3   0]
 [  3   2   0  17 106   0   0]
 [  9   0   3   9   0  69   0]
 [  4   0   0   2   0  11  38]]";189;[27 21 19 48 29 26 19]
638;Cora;own;0.5;0.2;64;0.5;1;0.005;1078341212;0.9744897959183674;0.9722793766955694;"[[27  0  0  1  0  0  0]
 [ 0 20  2  0  0  0  0]
 [ 0  0 20  0  0  0  0]
 [ 0  0  0 48  0  0  0]
 [ 0  0  0  1 30  0  0]
 [ 0  0  0  0  0 27  0]
 [ 0  0  0  0  0  1 19]]";0.8631268436578171;0.8509427215087425;"[[165   2   3  17   6  10   7]
 [  3  94   7  17   0   3   0]
 [  2   0 261  10   0   1   0]
 [ 17   0   3 486  12   6   2]
 [  8   1   0  35 219   1   1]
 [  9   2   6  13   1 159   4]
 [  5   0   1   8   0   9  79]]";0.8004895960832313;0.7893821200983859;"[[ 69   2   3  14   4   8   6]
 [  1  46   7   9   2   1   0]
 [  1   2 116   6   1   0   0]
 [ 18   3   3 204  15   3   0]
 [  1   2   0  14 111   0   0]
 [  9   1   3   8   0  68   1]
 [  4   0   1   4   0   6  40]]";196;[28 22 20 48 31 27 20]
639;Cora;own;0.5;0.2;64;0.5;1;0.005;1078341212;0.9802955665024631;0.9773403999381888;"[[28  0  0  0  0  0  0]
 [ 0 21  2  0  0  0  0]
 [ 0  0 21  0  0  0  0]
 [ 0  0  0 50  0  0  0]
 [ 0  0  0  1 31  0  0]
 [ 0  0  0  0  0 28  0]
 [ 0  0  0  0  0  1 20]]";0.8584123222748815;0.8459578228087526;"[[162   2   3  18   5  12   7]
 [  3  95   6  17   0   3   0]
 [  2   0 256  14   0   2   0]
 [ 14   1   2 487   9   7   2]
 [  7   1   0  40 213   3   1]
 [  9   2   6  12   1 158   4]
 [  5   0   1   7   0  11  78]]";0.8041615667074663;0.7946097411540526;"[[ 69   2   3  15   4   7   6]
 [  1  49   5   8   2   1   0]
 [  1   2 114   8   1   0   0]
 [ 17   3   2 207  14   3   0]
 [  1   3   0  14 110   0   0]
 [  9   1   3   8   0  68   1]
 [  3   0   0   5   0   7  40]]";203;[28 23 21 50 32 28 21]
640;Cora;own;0.5;0.2;64;0.5;1;0.005;1078341212;0.9761904761904762;0.9738428313959872;"[[30  0  0  0  0  0  0]
 [ 0 22  2  1  0  0  0]
 [ 0  0 22  0  0  0  0]
 [ 0  0  0 50  0  0  0]
 [ 0  0  0  1 32  0  0]
 [ 0  0  0  0  0 28  0]
 [ 0  0  0  0  0  1 21]]";0.8602022605591909;0.8456005072236252;"[[168   2   3  16   3   9   6]
 [  4  93   4  17   0   3   0]
 [  2   0 258  13   0   1   0]
 [ 20   0   1 482  12   5   2]
 [ 11   1   0  32 217   2   1]
 [ 11   2   5  14   1 154   4]
 [ 10   0   1   5   0  12  74]]";0.8090575275397797;0.7999169274173026;"[[ 77   2   2  12   3   5   5]
 [  3  45   6   9   2   1   0]
 [  1   2 114   8   1   0   0]
 [ 18   3   2 204  16   3   0]
 [  1   2   0  12 113   0   0]
 [ 10   1   3   8   0  68   0]
 [  5   0   1   4   0   5  40]]";210;[30 25 22 50 33 28 22]
641;Cora;own;0.5;0.2;64;0.5;1;0.005;1078341212;0.9769585253456221;0.9748259037725318;"[[31  0  0  0  0  0  0]
 [ 0 23  2  1  0  0  0]
 [ 0  0 23  0  0  0  0]
 [ 0  0  0 51  0  0  0]
 [ 0  0  0  1 33  0  0]
 [ 0  0  0  0  0 29  0]
 [ 0  0  0  0  0  1 22]]";0.8584229390681004;0.8448950737063018;"[[168   2   3  15   4  12   6]
 [  4  94   2  17   0   3   0]
 [  2   0 255  12   0   3   0]
 [ 20   0   1 480  12   6   2]
 [ 10   2   0  34 212   3   1]
 [ 11   3   5  12   1 154   2]
 [  9   0   0   5   0  13  74]]";0.8078335373317014;0.7989380231714065;"[[ 74   2   2  12   3   7   6]
 [  1  50   5   7   2   1   0]
 [  1   2 116   6   1   0   0]
 [ 17   3   2 204  17   3   0]
 [  1   2   0  14 111   0   0]
 [ 11   3   2   9   0  64   1]
 [  5   0   0   4   0   5  41]]";217;[31 26 23 51 34 29 23]
642;Cora;own;0.5;0.2;64;0.5;1;0.005;1078341212;0.9732142857142857;0.9721576113638327;"[[31  0  0  1  0  0  0]
 [ 0 24  2  1  0  0  0]
 [ 0  0 24  0  0  0  0]
 [ 0  0  0 52  0  0  0]
 [ 0  0  0  1 34  0  0]
 [ 0  0  0  0  0 30  0]
 [ 0  0  0  0  0  1 23]]";0.8494301139772046;0.8366898135944686;"[[164   2   3  17   4  11   8]
 [  3  96   2  16   0   3   0]
 [  2   0 250  13   0   5   0]
 [ 17   1   5 483   7   5   2]
 [ 11   2   0  44 201   3   1]
 [ 10   5   4  17   0 148   2]
 [  8   0   0   5   0  13  74]]";0.8090575275397797;0.8008267173177316;"[[ 75   2   1  13   1   7   7]
 [  1  52   4   7   1   1   0]
 [  1   3 114   7   1   0   0]
 [ 17   3   3 206  14   3   0]
 [  1   3   0  15 109   0   0]
 [ 11   3   2   9   0  63   2]
 [  6   0   0   4   0   3  42]]";224;[32 27 24 52 35 30 24]
643;Cora;own;0.5;0.2;64;0.5;1;0.005;1078341212;0.987012987012987;0.984945533966452;"[[33  0  0  0  0  0  0]
 [ 0 27  1  0  0  0  0]
 [ 0  0 25  0  0  0  0]
 [ 0  0  0 53  0  0  0]
 [ 0  0  0  0 36  0  0]
 [ 1  0  0  0  0 30  0]
 [ 0  0  0  0  0  1 24]]";0.8518072289156626;0.8401875986200175;"[[162   2   3  17   4  10   7]
 [  3  97   2  14   0   3   0]
 [  1   1 248  15   0   4   0]
 [ 24   1   2 480   9   1   2]
 [ 11   2   0  42 204   1   1]
 [ 17   5   4  11   0 149   2]
 [  8   0   1   6   0  10  74]]";0.8041615667074663;0.7955600111395879;"[[ 77   2   1  11   1   7   7]
 [  1  53   4   6   1   1   0]
 [  1   3 114   7   1   0   0]
 [ 18   4   3 200  18   3   0]
 [  1   3   0  14 110   0   0]
 [ 11   3   2   9   0  63   2]
 [  6   0   0   4   0   5  40]]";231;[33 28 25 53 36 31 25]
644;Cora;own;0.5;0.2;64;0.5;1;0.005;1078341212;0.9831932773109243;0.9821906747148847;"[[35  0  0  0  0  0  0]
 [ 0 28  1  0  0  0  0]
 [ 0  0 26  0  0  0  0]
 [ 0  0  0 52  1  0  0]
 [ 0  0  0  0 38  0  0]
 [ 1  0  0  0  0 31  0]
 [ 0  0  0  0  0  1 24]]";0.8608590441621294;0.8477850530535284;"[[164   2   3  16   6  12   4]
 [  4  96   3  12   0   3   0]
 [  2   0 247  14   1   5   0]
 [ 22   0   1 469  19   4   1]
 [ 11   2   0  21 224   1   1]
 [ 16   4   4   7   1 152   1]
 [  9   0   0   4   1  13  71]]";0.8090575275397797;0.7991597015217023;"[[ 78   2   1   9   3   7   6]
 [  1  53   4   6   1   1   0]
 [  1   3 114   7   1   0   0]
 [ 19   5   2 196  21   3   0]
 [  1   2   0   8 117   0   0]
 [ 11   3   2   8   1  65   0]
 [  6   0   0   3   1   7  38]]";238;[35 29 26 53 38 32 25]
645;Cora;own;0.5;0.2;64;0.5;1;0.005;1078341212;0.9918367346938776;0.9900479732863179;"[[36  0  0  0  0  0  0]
 [ 0 29  1  0  0  0  0]
 [ 0  0 27  0  0  0  0]
 [ 0  0  0 54  0  0  0]
 [ 0  0  0  0 39  0  0]
 [ 0  0  0  0  0 33  0]
 [ 0  0  0  0  0  1 25]]";0.8626974483596598;0.8515909286520291;"[[167   2   1  16   5  13   3]
 [  4  92   2  16   0   3   0]
 [  1   0 248  15   1   3   0]
 [ 18   1   5 478   7   4   1]
 [ 10   2   0  32 213   2   1]
 [ 12   2   5  13   0 151   0]
 [  7   0   0   7   0  12  71]]";0.8164014687882497;0.8089331471187055;"[[ 85   2   0  10   1   4   4]
 [  3  50   5   6   1   1   0]
 [  2   1 111  11   1   0   0]
 [ 18   3   3 206  13   3   0]
 [  2   3   0  12 111   0   0]
 [ 11   3   2   8   1  65   0]
 [  7   0   0   4   0   5  39]]";245;[36 30 27 54 39 33 26]
646;Cora;own;0.5;0.2;64;0.5;1;0.005;1078341212;0.9880952380952381;0.9860128150779969;"[[37  0  0  0  0  0  0]
 [ 0 30  1  0  0  0  0]
 [ 0  0 28  0  0  0  0]
 [ 0  0  0 54  0  0  0]
 [ 0  0  0  0 40  0  0]
 [ 0  0  0  0  0 33  0]
 [ 1  0  0  0  0  1 27]]";0.862111043319097;0.8473288116907803;"[[164   2   2  17   6  13   4]
 [  4  93   4  11   0   3   0]
 [  2   2 251  10   1   2   0]
 [ 20   1   2 468  14   3   6]
 [ 12   2   0  25 215   2   1]
 [ 14   5   4   7   1 149   2]
 [  8   0   0   3   1  10  73]]";0.8200734394124847;0.8180238689215887;"[[ 86   2   0  10   1   2   5]
 [  1  55   4   5   0   1   0]
 [  2   3 115   5   1   0   0]
 [ 20   6   2 194  22   2   0]
 [  1   3   0  11 113   0   0]
 [ 11   3   2   7   1  64   2]
 [  6   0   0   3   1   2  43]]";252;[37 31 28 54 40 33 29]
647;Cora;own;0.5;0.2;64;0.5;1;0.005;1078341212;0.9884169884169884;0.9862299064701486;"[[39  0  0  0  0  0  0]
 [ 0 30  2  0  0  0  0]
 [ 0  0 30  0  0  0  0]
 [ 0  0  0 55  0  0  0]
 [ 0  0  0  0 40  0  0]
 [ 0  0  0  0  0 33  0]
 [ 0  0  0  0  0  1 29]]";0.8602941176470589;0.8500312252937358;"[[156   1   4  17   8  14   4]
 [  4  92   5  11   0   3   0]
 [  1   1 259  11   1   1   0]
 [ 20   0   5 466  14   3   2]
 [ 10   2   0  31 213   1   0]
 [  9   2   5  13   2 143   3]
 [  6   0   1   3   0  10  75]]";0.8237454100367197;0.8201779998584956;"[[ 82   2   2  11   1   2   6]
 [  1  53   5   6   0   1   0]
 [  2   0 118   5   1   0   0]
 [ 17   4   4 201  18   2   0]
 [  2   3   0  13 110   0   0]
 [ 10   3   2   7   1  65   2]
 [  6   0   0   2   0   3  44]]";259;[39 32 30 55 40 33 30]
648;Cora;own;0.5;0.2;64;0.5;1;0.005;1078341212;0.9887218045112782;0.9872169718338508;"[[40  0  0  0  0  0  0]
 [ 0 32  1  0  0  0  0]
 [ 0  0 31  0  0  0  0]
 [ 0  0  0 55  0  0  0]
 [ 0  0  0  0 41  0  1]
 [ 0  0  0  0  0 33  1]
 [ 0  0  0  0  0  0 31]]";0.8707692307692307;0.8600321847669826;"[[163   1   1  15   6  13   5]
 [  2  97   4  11   0   2   0]
 [  2   1 265   4   1   1   0]
 [ 20   0   5 460  16   2   3]
 [ 11   2   0  29 210   3   0]
 [  8   2   2  12   2 146   5]
 [  6   0   0   3   0  10  74]]";0.8212974296205631;0.8163748405352166;"[[ 82   2   0  10   1   6   5]
 [  1  56   4   5   0   0   0]
 [  2   1 118   4   1   0   0]
 [ 17   5   5 197  20   2   0]
 [  3   3   0  12 110   0   0]
 [ 10   2   2   5   1  66   4]
 [  7   0   0   2   0   4  42]]";266;[40 33 31 55 42 34 31]
649;Cora;own;0.5;0.2;64;0.5;1;0.005;1078341212;0.989010989010989;0.9875243256317425;"[[40  0  0  0  0  0  0]
 [ 0 32  1  0  0  0  0]
 [ 0  0 32  0  0  0  0]
 [ 0  0  0 58  0  0  0]
 [ 0  0  0  0 42  0  1]
 [ 0  0  0  0  0 34  1]
 [ 0  0  0  0  0  0 32]]";0.8683559950556242;0.8558213212573158;"[[159   1   4  15   5  12   5]
 [  3  90   2  15   0   3   0]
 [  1   0 265   5   1   1   0]
 [ 16   1   6 470  13   2   3]
 [ 10   1   0  34 204   3   0]
 [  8   1   2  13   2 144   5]
 [  6   0   1   3   0  10  73]]";0.8225214198286414;0.8109044700781796;"[[ 80   2   1  12   1   5   5]
 [  1  48   5   8   2   1   1]
 [  2   0 119   4   1   0   0]
 [ 15   3   6 206  14   2   0]
 [  2   3   0  12 111   0   0]
 [  8   1   2   8   0  67   4]
 [  7   0   0   2   0   5  41]]";273;[40 33 32 58 43 35 32]
650;Cora;own;0.5;0.2;64;0.5;1;0.005;1078341212;0.9892857142857143;0.9876733605164248;"[[41  1  0  0  0  0  0]
 [ 0 32  1  0  0  0  0]
 [ 0  0 33  0  0  0  0]
 [ 0  0  0 60  0  0  0]
 [ 0  0  0  0 43  0  0]
 [ 0  0  0  0  0 35  1]
 [ 0  0  0  0  0  0 33]]";0.8690254500310366;0.8544272060458927;"[[159   1   2  14   7  12   6]
 [  3  92   3  11   0   2   0]
 [  1   0 266   4   1   1   0]
 [ 18   2   7 464  13   2   3]
 [ 12   1   0  29 205   3   2]
 [ 12   2   2   8   2 142   5]
 [  7   0   1   3   0   9  72]]";0.8237454100367197;0.8171412754693187;"[[ 82   2   1  10   3   3   5]
 [  1  53   5   5   1   0   1]
 [  2   1 118   4   1   0   0]
 [ 16   5   7 200  16   2   0]
 [  1   3   0  13 111   0   0]
 [  9   1   2   6   1  66   5]
 [  7   0   0   2   0   3  43]]";280;[42 33 33 60 43 36 33]
651;Cora;own;0.5;0.2;64;0.5;1;0.005;1078341212;0.9825783972125436;0.9814858216174416;"[[41  1  0  0  0  1  0]
 [ 0 33  1  0  0  0  0]
 [ 0  0 34  0  0  0  0]
 [ 1  0  0 61  0  0  0]
 [ 0  0  0  0 44  0  0]
 [ 0  0  0  0  0 35  1]
 [ 0  0  0  0  0  0 34]]";0.8665835411471322;0.8517495138901061;"[[158   1   2  15   6  10   5]
 [  4  89   4  12   0   3   0]
 [  1   0 263   5   1   1   0]
 [ 18   1   7 470   8   2   3]
 [ 11   1   0  37 198   3   1]
 [ 12   2   2   9   2 141   5]
 [  7   0   0   3   0  10  71]]";0.8298653610771114;0.8232136142493381;"[[ 85   2   0  12   2   1   4]
 [  1  51   5   6   1   1   1]
 [  2   1 118   4   1   0   0]
 [ 16   5   6 208   9   2   0]
 [  2   3   0  16 107   0   0]
 [ 11   1   2   7   0  66   3]
 [  7   0   0   2   0   3  43]]";287;[43 34 34 62 44 36 34]
652;Cora;own;0.5;0.2;64;0.5;1;0.005;1078341212;0.9795918367346939;0.9780347416933424;"[[42  1  0  0  0  1  0]
 [ 0 33  1  0  0  0  0]
 [ 0  0 35  0  0  0  0]
 [ 1  0  0 62  0  0  0]
 [ 0  0  0  0 45  0  0]
 [ 0  0  0  0  0 36  1]
 [ 0  0  0  0  0  1 35]]";0.8659987476518473;0.8516455922576635;"[[155   1   2  15   6  10   7]
 [  4  86   2  16   0   3   0]
 [  1   0 260   6   1   1   0]
 [ 16   0   6 469  11   2   3]
 [ 11   1   0  35 199   3   2]
 [  9   2   3  11   2 142   5]
 [  7   0   0   3   0   7  72]]";0.8274173806609547;0.8232612880070808;"[[ 83   2   0  13   1   1   6]
 [  0  51   5   7   1   1   1]
 [  2   1 118   4   1   0   0]
 [ 16   5   5 203  15   2   0]
 [  1   3   0  15 109   0   0]
 [ 10   0   2   6   1  67   4]
 [  6   0   0   2   0   2  45]]";294;[44 34 35 63 45 37 36]
653;Cora;own;0.5;0.2;64;0.5;1;0.005;1078341212;0.9800664451827242;0.9783676963230719;"[[44  1  0  0  0  1  0]
 [ 0 34  1  0  0  0  0]
 [ 0  0 36  0  0  0  0]
 [ 0  0  0 63  0  0  0]
 [ 0  0  0  0 46  0  0]
 [ 0  0  0  1  0 37  1]
 [ 0  0  0  0  0  1 35]]";0.8647798742138365;0.8496411769111357;"[[156   1   1  15   5   9   7]
 [  4  84   3  16   0   2   1]
 [  1   0 259  12   1   1   0]
 [ 16   0   5 462  13   2   3]
 [ 10   1   0  31 203   3   2]
 [  9   1   3  10   2 139   8]
 [  7   0   1   3   0   6  72]]";0.8323133414932681;0.8251825668805053;"[[ 83   2   0  13   1   0   7]
 [  0  50   5   8   1   1   1]
 [  2   1 118   4   1   0   0]
 [ 16   3   3 208  14   1   1]
 [  1   3   0  14 110   0   0]
 [ 10   0   2   6   1  67   4]
 [  6   0   0   3   0   2  44]]";301;[46 35 36 63 46 39 36]
654;Cora;own;0.5;0.2;64;0.5;1;0.005;1078341212;0.9805194805194806;0.9786220782994975;"[[45  1  0  0  0  1  0]
 [ 0 36  1  0  0  0  0]
 [ 0  0 37  0  0  0  0]
 [ 0  0  0 63  0  0  0]
 [ 0  0  0  0 47  0  0]
 [ 1  0  0  0  0 38  1]
 [ 0  0  0  0  0  1 36]]";0.8679722046746684;0.8540584430580601;"[[156   1   1  16   5   8   7]
 [  4  87   3  12   0   2   0]
 [  1   0 258  13   1   1   0]
 [ 16   2   7 457  12   2   3]
 [ 10   1   0  27 205   4   2]
 [ 12   1   3   6   2 140   7]
 [  7   0   0   3   0   7  71]]";0.835985312117503;0.8270685696902282;"[[ 84   2   0  12   1   0   7]
 [  0  52   5   7   0   1   1]
 [  2   3 119   1   1   0   0]
 [ 15   5   3 205  15   2   1]
 [  1   3   0  12 112   0   0]
 [ 11   1   2   5   1  67   3]
 [  7   0   0   2   0   2  44]]";308;[47 37 37 63 47 40 37]
655;Cora;own;0.5;0.2;64;0.5;1;0.005;1078341212;0.9809523809523809;0.9786306179923202;"[[46  0  0  0  0  1  0]
 [ 0 36  2  0  0  0  0]
 [ 0  0 38  0  0  0  0]
 [ 0  0  0 65  0  0  0]
 [ 0  0  0  0 48  0  0]
 [ 1  0  0  0  0 38  1]
 [ 0  0  0  0  0  1 38]]";0.8711928934010152;0.8587870350855936;"[[155   3   1  15   6   8   6]
 [  4  87   3  10   0   2   1]
 [  1   0 255  13   1   1   0]
 [ 16   0   5 461  13   2   3]
 [ 10   2   0  29 202   3   2]
 [ 12   0   3   5   2 141   7]
 [  7   0   1   3   0   3  72]]";0.8396572827417381;0.8325013524921163;"[[ 87   3   0   9   2   1   4]
 [  0  52   4   7   1   1   1]
 [  2   1 119   3   1   0   0]
 [ 14   3   2 209  15   2   1]
 [  2   3   0  15 108   0   0]
 [ 11   0   2   5   1  68   3]
 [  7   0   0   2   0   3  43]]";315;[47 38 38 65 48 40 39]
656;Cora;own;0.5;0.2;64;0.5;1;0.005;1078341212;0.9782608695652174;0.976180759609606;"[[47  1  0  0  0  1  0]
 [ 0 37  2  0  0  0  0]
 [ 0  0 39  0  0  0  0]
 [ 0  0  0 66  0  0  0]
 [ 0  0  0  0 49  0  0]
 [ 0  0  0  1  0 39  1]
 [ 0  0  0  0  0  1 38]]";0.8738049713193117;0.8606794916326954;"[[154   4   1  13   7   8   5]
 [  4  86   2  11   0   2   1]
 [  1   0 255  12   1   1   0]
 [ 16   0   4 462  12   2   3]
 [ 11   2   0  28 203   2   1]
 [ 10   0   3   8   1 139   8]
 [  7   0   1   3   0   3  72]]";0.8384332925336597;0.8302165929991013;"[[ 86   3   0   9   3   1   4]
 [  0  52   4   7   1   1   1]
 [  2   1 119   3   1   0   0]
 [ 14   3   2 209  15   2   1]
 [  2   3   0  14 109   0   0]
 [ 11   1   2   5   1  67   3]
 [  7   0   0   2   0   3  43]]";322;[49 39 39 66 49 41 39]
657;Cora;own;0.5;0.2;64;0.5;1;0.005;1078341212;0.9817629179331308;0.9798985116058286;"[[49  0  0  0  0  1  0]
 [ 0 38  2  0  0  0  0]
 [ 0  0 40  0  0  0  0]
 [ 0  0  0 67  0  0  0]
 [ 0  0  0  0 50  0  0]
 [ 0  0  0  1  0 39  2]
 [ 0  0  0  0  0  0 40]]";0.8693982074263764;0.8527554587201721;"[[152   3   1  13   7   9   5]
 [  4  86   2  11   0   2   1]
 [  1   1 254  11   1   1   0]
 [ 18   1   4 458  12   2   3]
 [ 12   2   0  26 202   2   2]
 [  9   1   3   8   1 138  10]
 [  8   0   0   3   0   4  68]]";0.8384332925336597;0.8301548423999414;"[[ 84   3   0  10   2   1   6]
 [  0  53   4   7   0   1   1]
 [  3   1 118   3   1   0   0]
 [ 14   3   2 210  15   1   1]
 [  2   3   0  14 109   0   0]
 [ 10   0   2   5   1  67   5]
 [  7   0   0   2   0   2  44]]";329;[50 40 40 67 50 42 40]
658;Cora;own;0.5;0.2;64;0.5;1;0.005;1078341212;0.9791666666666666;0.97796932726579;"[[50  0  0  0  0  1  0]
 [ 0 39  2  0  0  0  0]
 [ 0  0 41  0  0  0  0]
 [ 0  0  0 69  0  1  0]
 [ 0  0  0  0 50  0  0]
 [ 0  0  0  1  0 41  1]
 [ 1  0  0  0  0  0 39]]";0.8752411575562701;0.8600877754243423;"[[154   2   1  14   7   8   4]
 [  4  86   3   9   0   2   1]
 [  1   0 258   7   1   1   0]
 [ 18   1   4 459   7   3   2]
 [ 12   2   0  29 197   4   2]
 [ 10   0   3   8   1 140   7]
 [  8   0   0   3   0   5  67]]";0.8408812729498164;0.8301717148857503;"[[ 85   3   0  10   2   0   6]
 [  0  53   4   7   0   1   1]
 [  3   0 119   3   1   0   0]
 [ 14   4   3 214   9   1   1]
 [  3   3   0  16 106   0   0]
 [ 10   0   2   5   1  69   3]
 [  7   0   0   2   0   5  41]]";336;[51 41 41 70 50 43 40]
659;Cora;own;0.5;0.2;64;0.5;1;0.005;1078341212;0.9825072886297376;0.9810225674012306;"[[51  0  0  0  0  1  0]
 [ 0 40  2  0  0  0  0]
 [ 0  0 42  0  0  0  0]
 [ 0  0  0 70  0  0  0]
 [ 0  0  0  0 52  0  0]
 [ 0  0  0  1  0 42  1]
 [ 1  0  0  0  0  0 40]]";0.8733850129198967;0.8592822517420263;"[[151   2   1  19   9   9   4]
 [  3  86   3   9   0   2   1]
 [  1   0 260   4   1   1   0]
 [ 15   0   8 449  13   2   2]
 [ 10   2   0  24 202   3   2]
 [  9   0   3   9   2 138   7]
 [  8   0   0   3   0   5  66]]";0.8408812729498164;0.8312930999155423;"[[ 83   3   0  11   3   1   5]
 [  0  54   4   7   0   1   0]
 [  2   0 119   4   1   0   0]
 [ 12   4   5 211  12   1   1]
 [  1   3   0  13 111   0   0]
 [  9   0   2   6   1  68   4]
 [  7   0   0   2   0   5  41]]";343;[52 42 42 70 52 44 41]
660;Cora;own;0.5;0.2;64;0.5;1;0.005;1078341212;0.98;0.9785083006757885;"[[51  0  0  0  0  1  0]
 [ 0 41  2  0  0  0  0]
 [ 0  0 43  0  0  0  0]
 [ 0  0  0 72  0  0  0]
 [ 0  0  0  0 52  0  1]
 [ 1  0  0  1  0 43  1]
 [ 0  0  0  0  0  0 41]]";0.8734587929915639;0.8576737101570754;"[[154   2   1  18   7   9   4]
 [  3  86   3   9   0   2   0]
 [  1   0 259   4   1   1   0]
 [ 15   0   9 448   9   2   2]
 [ 11   2   0  26 197   4   2]
 [  6   1   3  10   2 139   7]
 [  8   0   0   3   0   8  63]]";0.8384332925336597;0.8283714403164533;"[[ 84   3   0  10   2   1   6]
 [  0  53   4   8   0   1   0]
 [  2   1 118   4   1   0   0]
 [ 13   4   4 214   9   1   1]
 [  3   3   0  16 106   0   0]
 [  9   0   2   6   1  69   3]
 [  7   0   0   2   0   5  41]]";350;[52 43 43 72 53 46 41]
661;Cora;own;0.5;0.2;64;0.5;1;0.005;1078341212;0.9747899159663865;0.9738616373061687;"[[53  0  0  0  0  1  0]
 [ 0 41  2  0  0  0  0]
 [ 0  0 44  0  0  0  0]
 [ 0  0  0 74  0  1  0]
 [ 0  0  0  0 52  0  1]
 [ 1  0  0  2  0 43  1]
 [ 0  0  0  0  0  0 41]]";0.8676662320730117;0.8501161735789271;"[[155   2   1  16   6   9   4]
 [  4  85   3   8   0   2   1]
 [  1   0 258   4   1   1   0]
 [ 19   0  10 441   7   1   3]
 [ 14   2   0  28 193   4   2]
 [  8   0   3  10   1 138   7]
 [  9   0   0   2   0  10  61]]";0.8372093023255814;0.8260784002897212;"[[ 85   3   0   9   1   2   6]
 [  0  52   4   8   1   1   0]
 [  2   0 120   3   1   0   0]
 [ 16   5   5 213   6   0   1]
 [  3   3   0  16 106   0   0]
 [ 11   0   2   6   1  66   4]
 [  7   0   0   2   0   4  42]]";357;[54 43 44 75 53 47 41]
662;Cora;own;0.5;0.2;64;0.5;1;0.005;1078341212;0.9752747252747253;0.9743648444789628;"[[54  0  0  0  0  1  0]
 [ 0 42  2  0  0  0  0]
 [ 0  0 44  0  0  0  0]
 [ 0  0  0 76  0  1  0]
 [ 0  0  0  0 53  0  1]
 [ 1  0  0  2  0 44  1]
 [ 0  0  0  0  0  0 42]]";0.870988867059594;0.8524300222268905;"[[148   4   1  19   7   8   4]
 [  4  85   2  10   0   2   0]
 [  1   0 257   4   1   1   0]
 [ 20   0   5 444   7   1   3]
 [ 11   2   0  26 198   4   1]
 [  7   0   3  10   1 138   7]
 [  8   0   0   3   0  10  60]]";0.8445532435740514;0.8310007665037135;"[[ 82   3   0  11   2   2   6]
 [  0  52   4   8   1   1   0]
 [  2   1 118   4   1   0   0]
 [ 13   4   4 219   5   1   0]
 [  2   3   0  13 110   0   0]
 [ 10   0   2   6   1  68   3]
 [  7   0   0   2   0   5  41]]";364;[55 44 44 77 54 48 42]
663;Cora;own;0.5;0.2;64;0.5;1;0.005;1078341212;0.9784366576819407;0.9777919747957353;"[[55  0  0  0  0  1  0]
 [ 0 43  2  0  0  0  0]
 [ 0  0 45  0  0  0  0]
 [ 0  0  0 78  0  1  0]
 [ 0  0  0  0 55  0  0]
 [ 1  0  0  2  0 45  1]
 [ 0  0  0  0  0  0 42]]";0.8677631578947368;0.8514614435721952;"[[150   3   1  19   5   9   3]
 [  4  83   3   9   0   3   0]
 [  1   0 256   4   1   1   0]
 [ 23   0   5 442   8   1   1]
 [ 13   2   0  28 194   4   0]
 [  6   0   3  12   2 136   6]
 [  8   0   0   3   0  10  58]]";0.847001223990208;0.8354220880318646;"[[ 87   3   0   9   2   2   3]
 [  0  52   5   8   1   0   0]
 [  2   1 120   3   0   0   0]
 [ 16   3   5 218   3   1   0]
 [  3   3   0  15 107   0   0]
 [ 10   0   2   6   1  68   3]
 [  7   0   0   2   1   5  40]]";371;[56 45 45 79 55 49 42]
664;Cora;own;0.5;0.2;64;0.5;1;0.005;1078341212;0.9761904761904762;0.9745356609969434;"[[56  0  0  0  0  1  0]
 [ 0 44  2  0  0  0  0]
 [ 0  0 46  0  0  0  0]
 [ 0  0  0 79  0  1  0]
 [ 0  0  0  0 56  0  0]
 [ 1  1  0  1  0 46  2]
 [ 0  0  0  0  0  0 42]]";0.8717779246530073;0.8572241897490508;"[[146   3   1  17   9   8   3]
 [  4  82   3   7   0   4   0]
 [  1   1 250   6   1   1   0]
 [ 22   0  11 439  10   1   1]
 [  9   2   0  22 204   3   0]
 [  5   0   3   8   3 138   6]
 [  8   0   0   3   1   7  60]]";0.8482252141982864;0.835687327839714;"[[ 84   3   0  10   2   2   5]
 [  0  52   5   7   1   0   1]
 [  1   1 120   3   1   0   0]
 [ 14   5   6 215   3   2   1]
 [  1   3   0  13 111   0   0]
 [  8   0   2   6   2  69   3]
 [  6   0   0   2   1   4  42]]";378;[57 46 46 80 56 51 42]
665;Cora;own;0.5;0.2;64;0.5;1;0.005;1078341212;0.9766233766233766;0.9762167599342548;"[[58  0  0  0  0  1  0]
 [ 0 46  1  0  0  0  0]
 [ 0  0 46  0  0  0  0]
 [ 0  0  1 80  0  1  0]
 [ 0  0  0  0 56  0  0]
 [ 1  1  0  1  1 48  1]
 [ 0  0  0  0  0  0 42]]";0.8685258964143426;0.851907498376508;"[[145   3   1  20   8   8   2]
 [  4  81   4   8   0   3   0]
 [  2   0 248   4   1   1   0]
 [ 19   0   6 448   9   1   1]
 [ 13   2   0  28 194   3   0]
 [  7   0   3   9   2 136   3]
 [  8   0   0   3   1  11  56]]";0.8482252141982864;0.8383213531798293;"[[ 89   3   0   9   3   1   1]
 [  0  53   3   9   0   1   0]
 [  3   1 118   3   1   0   0]
 [ 15   5   2 219   3   2   0]
 [  3   3   0  16 106   0   0]
 [ 11   0   2   5   2  70   0]
 [  8   0   0   2   1   6  38]]";385;[59 47 46 82 56 53 42]
666;Cora;own;0.5;0.2;64;0.5;1;0.005;1078341212;0.9770408163265306;0.9773910141375145;"[[59  1  1  0  0  1  0]
 [ 0 46  1  0  0  0  0]
 [ 0  0 46  0  0  0  0]
 [ 1  0  0 82  0  1  0]
 [ 0  0  0  0 57  0  0]
 [ 0  0  0  2  0 50  1]
 [ 0  0  0  0  0  0 43]]";0.8779186124082722;0.858929440454065;"[[144   3   0  21   9   6   2]
 [  4  79   3   8   0   4   1]
 [  1   0 249   4   1   1   0]
 [ 16   0   4 450  10   2   1]
 [ 12   3   0  19 203   2   0]
 [  9   0   3   9   1 133   4]
 [  8   0   0   3   0   9  58]]";0.8433292533659731;0.8307119857740041;"[[ 82   3   0  15   2   0   4]
 [  0  51   5   8   1   0   1]
 [  2   1 119   3   1   0   0]
 [ 15   5   2 219   3   1   1]
 [  2   3   0  14 109   0   0]
 [  8   0   2   7   2  68   3]
 [  7   0   0   2   0   5  41]]";392;[62 47 46 84 57 53 43]
667;Cora;own;0.5;0.2;64;0.5;1;0.005;1078341212;0.9724310776942355;0.9720954045088891;"[[60  1  0  0  0  1  0]
 [ 0 47  1  0  0  0  0]
 [ 0  0 47  0  0  0  0]
 [ 0  0  0 82  0  2  0]
 [ 0  0  0  1 58  0  0]
 [ 0  1  0  1  0 51  1]
 [ 2  0  0  0  0  0 43]]";0.8780160857908847;0.8579965001454527;"[[145   3   0  20   9   7   2]
 [  4  79   3   7   0   6   1]
 [  1   0 248   4   1   1   0]
 [ 19   2   4 443   9   2   1]
 [ 13   2   0  17 203   2   0]
 [  7   0   3   7   1 136   4]
 [  7   0   0   3   0  10  56]]";0.8518971848225214;0.8399548678971039;"[[ 85   3   0  10   4   2   2]
 [  0  54   4   7   0   1   0]
 [  2   1 119   3   1   0   0]
 [ 15   5   2 218   3   2   1]
 [  3   3   0  12 110   0   0]
 [  8   0   2   7   1  72   0]
 [  7   0   0   2   0   8  38]]";399;[62 48 47 84 59 54 45]
668;Cora;own;0.5;0.2;64;0.5;1;0.005;1078341212;0.9778325123152709;0.978601244036948;"[[62  0  0  0  0  1  0]
 [ 0 48  1  0  0  0  0]
 [ 0  0 48  0  0  0  0]
 [ 0  0  0 82  0  2  0]
 [ 0  0  0  1 59  0  0]
 [ 0  0  0  2  0 53  1]
 [ 1  0  0  0  0  0 45]]";0.8767676767676768;0.8586757707111656;"[[145   3   0  18  10   7   2]
 [  4  79   2   8   0   5   1]
 [  2   0 246   4   1   1   0]
 [ 20   3   4 439  11   2   1]
 [ 13   2   0  15 204   2   0]
 [  8   0   3   8   1 132   4]
 [  7   0   0   3   0   8  57]]";0.8494492044063647;0.8352200250358104;"[[ 85   3   0  10   3   0   5]
 [  2  51   4   7   0   1   1]
 [  3   1 118   3   1   0   0]
 [ 15   5   2 218   4   1   1]
 [  2   3   0  12 111   0   0]
 [  7   0   2   7   1  70   3]
 [  7   0   0   2   0   5  41]]";406;[63 49 48 84 60 56 46]
669;Cora;own;0.5;0.2;64;0.5;1;0.005;1078341212;0.9830508474576272;0.9826589751978234;"[[62  0  0  0  0  1  0]
 [ 0 49  1  0  0  0  0]
 [ 1  0 49  0  0  0  0]
 [ 0  0  0 83  0  2  0]
 [ 0  0  0  0 61  0  0]
 [ 0  0  0  0  0 56  1]
 [ 1  0  0  0  0  0 46]]";0.874830852503383;0.8520250400896677;"[[142   5   0  15  11   8   2]
 [  5  76   2   6   0   7   1]
 [  2   0 247   3   1   1   0]
 [ 22   3   4 435  12   4   1]
 [ 12   2   0  14 204   2   0]
 [  7   0   3   5   1 135   4]
 [  6   0   0   3   0  11  54]]";0.8531211750305998;0.8419650570295965;"[[ 86   4   0   8   2   1   5]
 [  2  53   4   6   0   1   0]
 [  1   3 120   1   1   0   0]
 [ 15   5   2 212  10   2   0]
 [  3   3   0  12 110   0   0]
 [  8   0   2   3   1  76   0]
 [  7   0   0   2   1   5  40]]";413;[63 50 50 85 61 57 47]
670;Cora;own;0.5;0.2;64;0.5;1;0.005;1078341212;0.9809523809523809;0.980179775294208;"[[63  0  0  0  0  1  0]
 [ 0 49  2  0  0  0  0]
 [ 1  0 50  0  0  0  0]
 [ 0  0  0 85  0  2  0]
 [ 0  0  0  0 61  0  0]
 [ 0  0  0  0  0 57  1]
 [ 1  0  0  0  0  0 47]]";0.8783140720598233;0.8563997072344035;"[[142   4   0  18  10   7   2]
 [  5  75   2   7   0   6   1]
 [  1   0 245   4   2   1   0]
 [ 18   2   4 442   9   2   1]
 [ 11   2   0  15 204   2   0]
 [  7   0   3   9   2 131   2]
 [  6   0   0   3   1  10  53]]";0.8506731946144431;0.8389279099705804;"[[ 83   4   0  11   3   1   4]
 [  2  51   4   8   0   1   0]
 [  1   1 120   3   1   0   0]
 [ 15   5   2 215   7   2   0]
 [  1   3   0  12 112   0   0]
 [  6   0   2   5   1  73   3]
 [  7   0   0   2   1   4  41]]";420;[64 51 51 87 61 58 48]
671;Cora;own;0.5;0.2;64;0.5;1;0.005;1879891568;0.0;0.0;[[]];0.10999471179270227;0.09239951781721525;"[[ 44   1  37   8   1   1 153]
 [ 17   1  37   5   6   0  85]
 [ 85   0  34  14   2   0 157]
 [112   6  37  46  25  13 333]
 [ 21   0  24  12  22   3 216]
 [ 22   0  54   7   7   0 118]
 [ 30   0  23   4   7   0  61]]";0.09547123623011015;0.07972496798247423;"[[ 19   0   5   1   0   0  81]
 [  6   1  13   3   2   0  41]
 [ 35   0  11   2   1   0  77]
 [ 49   0  15  18   8   3 153]
 [ 10   1   9   6   4   1  97]
 [  8   0  15   5   3   0  59]
 [  8   0  12   2   8   0  25]]";0;[]
672;Cora;own;0.5;0.2;64;0.5;1;0.005;1879891568;0.8571428571428571;0.6666666666666666;"[[1 0 0 0]
 [0 4 0 0]
 [0 0 0 1]
 [0 0 0 1]]";0.4156050955414013;0.24028375782139225;"[[129   0   0  10   0   0  91]
 [  0   0   0   4   0   0  76]
 [  9   0   0  24   0   0 255]
 [ 16   0   0 420   0   0 152]
 [ 11   0   0 198   0   0  70]
 [  2   0   0   7   0   0 173]
 [  1   0   0   2   0   0 234]]";0.33414932680538556;0.19737997869866003;"[[ 49   0   0   7   0   0  50]
 [  1   0   0   7   0   0  58]
 [  0   0   0  12   0   0 114]
 [ 15   0   0 171   0   0  60]
 [  8   0   0  88   0   0  32]
 [  4   0   0   1   0   0  85]
 [  2   0   0   0   0   0  53]]";7;[1 0 0 4 1 0 1]
673;Cora;own;0.5;0.2;64;0.5;1;0.005;1879891568;0.7857142857142857;0.5111111111111111;"[[2 0 0 0 0]
 [0 0 0 0 1]
 [0 0 8 0 0]
 [0 0 2 0 0]
 [0 0 0 0 1]]";0.46297282898241876;0.25174197192545816;"[[139   0   0  22   0   0  67]
 [  0   0   0  21   0   0  45]
 [ 25   0   0 191   0   0 129]
 [ 16   0   0 526   0   0  31]
 [ 19   0   0 216   0   0  34]
 [  6   0   0   9   0   0 154]
 [  3   0   0  20   0   0 204]]";0.39412484700122397;0.21455865802590796;"[[ 56   0   0  12   0   0  38]
 [  1   0   0  19   0   0  46]
 [  7   0   0  62   0   0  57]
 [ 13   0   0 214   0   0  19]
 [  6   0   0 102   0   0  20]
 [  5   0   0   7   0   0  78]
 [  2   0   0   1   0   0  52]]";14;[2 0 1 8 2 0 1]
674;Cora;own;0.5;0.2;64;0.5;1;0.005;1879891568;0.7142857142857143;0.36481481481481487;"[[ 2  0  0  0  0  0]
 [ 1  0  0  0  0  1]
 [ 0  0 12  0  0  0]
 [ 0  0  3  0  0  0]
 [ 0  0  0  0  0  1]
 [ 0  0  0  0  0  1]]";0.4727272727272727;0.2519706364158959;"[[147   0   0  18   0   0  61]
 [  0   0   0  21   0   0  45]
 [ 53   0   0 177   0   0 110]
 [ 16   0   0 539   0   0  32]
 [ 19   0   0 201   0   0  35]
 [ 13   0   0   7   0   0 156]
 [  5   0   0  17   0   0 198]]";0.401468788249694;0.21536411917630124;"[[ 59   0   0  10   0   0  37]
 [  1   0   0  18   0   0  47]
 [ 17   0   0  56   0   0  53]
 [ 12   0   0 217   0   0  17]
 [  9   0   0  97   0   0  22]
 [  8   0   0   7   0   0  75]
 [  2   0   0   1   0   0  52]]";21;[ 2  0  2 12  3  1  1]
675;Cora;own;0.5;0.2;64;0.5;1;0.005;1879891568;0.75;0.4283824640967498;"[[ 3  0  0  0  0  0  1]
 [ 0  0  0  0  0  0  1]
 [ 1  0  0  1  0  0  2]
 [ 0  0  0 13  0  0  0]
 [ 0  0  0  0  4  0  0]
 [ 0  0  0  0  0  0  1]
 [ 0  0  0  0  0  0  1]]";0.47665056360708535;0.25094358062243155;"[[182   0   0  19   0   0  65]
 [  0   0   0  34   0   0  53]
 [ 49   0   1 116   0   0 119]
 [ 26   0   0 542   0   0  29]
 [ 81   0   0 141   7   0  17]
 [ 45   0   0  18   0   0 135]
 [  9   0   0  19   0   0 156]]";0.40269277845777235;0.21271872450444237;"[[ 65   0   0  10   0   0  31]
 [  2   0   0  22   0   0  42]
 [ 22   0   0  42   0   0  62]
 [ 24   0   0 212   0   0  10]
 [ 51   0   0  65   3   0   9]
 [ 27   0   0  10   0   0  53]
 [  4   0   0   2   0   0  49]]";28;[ 4  1  4 13  4  1  1]
676;Cora;own;0.5;0.2;64;0.5;1;0.005;1879891568;0.9142857142857143;0.6493284493284494;"[[ 4  0  0  0  0  0  1]
 [ 0  0  1  0  0  0  0]
 [ 0  0  6  0  0  0  0]
 [ 0  0  0 13  0  0  0]
 [ 0  0  0  0  7  0  0]
 [ 0  0  0  0  1  0  0]
 [ 0  0  0  0  0  0  2]]";0.6470905172413793;0.47151991523194825;"[[167   0   4  18   0   0  71]
 [  0   0  18  28   0   0  41]
 [  2   0 257  14   0   0  11]
 [ 20   0   6 527   1   0  36]
 [ 68   0   0  85  89   0   6]
 [ 14   0   7  16  35   0 126]
 [  5   0   5  18   0   0 161]]";0.5777233782129743;0.4255825601938819;"[[ 57   0   3  10   0   0  36]
 [  4   0   5  21   0   0  36]
 [  0   0 114   4   0   0   8]
 [ 16   0   4 209   0   0  17]
 [ 42   0   0  37  45   0   4]
 [ 12   0   8   6   8   0  56]
 [  1   0   6   1   0   0  47]]";35;[ 5  1  6 13  7  1  2]
677;Cora;own;0.5;0.2;64;0.5;1;0.005;1879891568;0.8809523809523809;0.640311986863711;"[[ 5  0  0  0  0  0  1]
 [ 0  0  1  1  0  0  0]
 [ 0  0  7  0  0  0  0]
 [ 0  0  0 14  0  0  0]
 [ 0  0  0  0  8  0  0]
 [ 1  0  0  0  0  0  1]
 [ 0  0  0  0  0  0  3]]";0.6641427798810168;0.5003013763385079;"[[165   0   3  15   1   0  66]
 [  0   0  13  39   0   0  36]
 [  2   0 240  23   0   0  11]
 [ 20   0   2 533   2   0  30]
 [ 49   0   0  68 130   0   9]
 [ 16   0   2  20  11   0 159]
 [  4   0   0  19   1   0 160]]";0.6009791921664627;0.4601625328729197;"[[ 59   0   0  10   0   0  37]
 [  4   0   3  26   1   0  32]
 [  0   0 105  10   1   0  10]
 [ 17   0   1 209   3   0  16]
 [ 24   0   0  34  68   0   2]
 [ 10   0   3   9   2   0  66]
 [  2   0   0   3   0   0  50]]";42;[ 6  2  7 14  8  2  3]
678;Cora;own;0.5;0.2;64;0.5;1;0.005;1879891568;0.8367346938775511;0.6354659165719073;"[[ 5  0  0  0  0  0  1]
 [ 0  0  1  1  0  0  0]
 [ 0  0  8  0  0  0  0]
 [ 0  0  0 15  0  0  0]
 [ 0  0  0  0 10  0  0]
 [ 0  0  4  0  1  0  0]
 [ 0  0  0  0  0  0  3]]";0.6910966340933767;0.5236419838054918;"[[155   0  12  12   5   0  62]
 [  0   0  13  23   2   0  38]
 [  0   0 295   9   0   0   8]
 [ 10   0  36 437  22   0  34]
 [ 13   0   0  25 236   0  10]
 [  7   0  95  14  12   0  76]
 [  2   0  18  10   1   0 150]]";0.6266829865361077;0.46784839926952637;"[[ 50   0   9   6   3   0  38]
 [  3   0   8  19   2   0  34]
 [  0   0 122   2   1   0   1]
 [  9   0  12 186  24   0  15]
 [  8   0   1   6 111   0   2]
 [  5   0  46   2   6   0  31]
 [  0   0  10   1   1   0  43]]";49;[ 6  2  8 15 10  5  3]
679;Cora;own;0.5;0.2;64;0.5;1;0.005;1879891568;0.7857142857142857;0.6003968253968254;"[[ 5  0  0  0  0  0  1]
 [ 0  0  1  1  0  0  0]
 [ 0  0  8  0  0  0  0]
 [ 1  0  0 16  0  0  0]
 [ 0  0  0  0 11  0  0]
 [ 4  0  1  2  0  0  1]
 [ 0  0  0  0  0  0  4]]";0.6970027247956403;0.5272289377502606;"[[160   0   8  15   3   0  54]
 [  0   0  11  29   1   0  34]
 [  0   0 293  11   0   0   8]
 [ 18   0  14 459  17   0  28]
 [ 22   0   0  29 220   0   8]
 [ 39   0  43  21  13   0 100]
 [  3   0   5  22   0   0 147]]";0.627906976744186;0.4732582213754876;"[[ 60   0   6   8   1   0  31]
 [  3   0   8  22   1   0  32]
 [  0   0 120   3   1   0   2]
 [ 13   0   9 189  21   0  14]
 [ 15   0   0  10 101   0   2]
 [ 16   0  27   6   3   0  38]
 [  2   0   6   4   0   0  43]]";56;[ 6  2  8 17 11  8  4]
680;Cora;own;0.5;0.2;64;0.5;1;0.005;1879891568;0.7619047619047619;0.585959595959596;"[[ 6  0  0  0  0  0  1]
 [ 0  0  1  1  0  0  0]
 [ 0  0  8  0  0  0  0]
 [ 0  0  0 17  1  0  0]
 [ 0  0  0  0 11  0  1]
 [ 2  0  5  0  1  0  2]
 [ 0  0  0  0  0  0  6]]";0.7100656455142232;0.5379510443009533;"[[155   0  13  11   4   0  56]
 [  0   0  12  23   1   0  38]
 [  0   0 297   5   0   0   6]
 [ 13   0  22 457  24   0  33]
 [ 16   0   1  28 224   0   7]
 [  8   0  62  16  25   0 102]
 [  2   0   1   1   0   0 165]]";0.6376988984088128;0.48342611264621527;"[[ 57   0  14   6   2   0  27]
 [  3   0   8  16   2   0  37]
 [  0   0 121   2   1   0   2]
 [ 12   0  16 184  21   0  13]
 [ 12   0   0   9 105   0   2]
 [  7   0  34   3   9   0  37]
 [  0   0   1   0   0   0  54]]";63;[ 7  2  8 18 12 10  6]
681;Cora;own;0.5;0.2;64;0.5;1;0.005;1879891568;0.7571428571428571;0.594047619047619;"[[ 7  0  0  0  0  0  1]
 [ 0  0  1  1  0  0  0]
 [ 0  0  8  0  0  0  0]
 [ 0  0  0 19  0  0  0]
 [ 0  0  0  0 12  0  1]
 [ 1  0  7  1  2  0  2]
 [ 0  0  0  0  0  0  7]]";0.7204832509610104;0.5445055081397175;"[[153   0  15  13   4   0  46]
 [  1   0  13  24   2   0  29]
 [  0   0 297   3   0   0   4]
 [ 10   0  21 482  25   0  17]
 [ 14   0   0  33 221   0   6]
 [ 14   0  75  24  32   0  80]
 [  1   0   1   2   0   0 159]]";0.6401468788249693;0.4853096099230691;"[[ 55   0  15  11   2   0  23]
 [  3   0   8  25   1   0  29]
 [  0   0 119   5   1   0   1]
 [  7   0  15 193  19   0  12]
 [  6   0   0  16 104   0   2]
 [  4   0  36   5  16   0  29]
 [  0   0   3   0   0   0  52]]";70;[ 8  2  8 19 13 13  7]
682;Cora;own;0.5;0.2;64;0.5;1;0.005;1879891568;0.922077922077922;0.8066959988129618;"[[ 7  0  0  0  0  1  0]
 [ 1  0  1  1  0  0  0]
 [ 0  0  8  0  0  0  0]
 [ 0  0  0 20  1  1  0]
 [ 0  0  0  0 13  0  0]
 [ 0  0  0  0  0 15  0]
 [ 0  0  0  0  0  0  8]]";0.7822491730981257;0.6788829728519457;"[[129   0   5  10   7  59  12]
 [  3   0  12  51   5  27  24]
 [  0   0 280   3   0  13   0]
 [  3   0  14 466  27  25  12]
 [  8   0   0  21 227  19   2]
 [  2   0   3   3   2 209   5]
 [  0   0   0   2   1  15 108]]";0.7123623011015912;0.6131154011906925;"[[ 46   0   2   7   2  40   9]
 [  1   0   5  37   2  12   9]
 [  0   0 119   2   0   5   0]
 [  4   0   7 198  17  17   3]
 [  3   0   0  15 100  10   0]
 [  0   0   1   1   0  82   6]
 [  0   0   3   0   1  14  37]]";77;[ 8  3  8 22 13 15  8]
683;Cora;own;0.5;0.2;64;0.5;1;0.005;1879891568;0.9285714285714286;0.8009132680185314;"[[ 8  0  0  1  0  0  1]
 [ 1  0  1  1  0  0  0]
 [ 0  0  9  0  0  0  0]
 [ 0  0  0 23  0  0  0]
 [ 0  0  0  0 14  0  0]
 [ 0  0  0  0  0 16  1]
 [ 0  0  0  0  0  0  8]]";0.7985611510791367;0.6954917233494896;"[[153   0  11  14   8  23  26]
 [  4   0  13  69   6   5  24]
 [  0   0 286   5   0   1   0]
 [  7   0  15 476  24  10  15]
 [ 12   0   0  26 233   2   3]
 [  4   0   8   7   2 185  12]
 [  0   0   1   1   2   4 110]]";0.7417380660954712;0.6435465850067399;"[[ 59   0   7   9   4  12  15]
 [  2   0   7  43   2   2  10]
 [  0   0 121   4   1   0   0]
 [  6   0   7 205  15  10   3]
 [  9   0   0  14 104   0   1]
 [  1   0   1   1   1  75  11]
 [  1   0   5   0   1   6  42]]";84;[10  3  9 23 14 17  8]
684;Cora;own;0.5;0.2;64;0.5;1;0.005;1879891568;0.9340659340659341;0.8131621986773804;"[[10  0  0  0  0  2  0]
 [ 1  0  1  1  0  0  0]
 [ 0  0 10  0  0  0  0]
 [ 0  0  0 24  0  0  0]
 [ 0  0  0  0 14  0  0]
 [ 1  0  0  0  0 19  0]
 [ 0  0  0  0  0  0  8]]";0.7966666666666666;0.6928230323510586;"[[173   0   5   9   6  27  12]
 [  6   0  14  58   6  16  21]
 [  0   0 281   4   0   7   0]
 [ 12   0  17 462  25  16  10]
 [ 24   0   0  18 228   5   1]
 [ 11   0   4   4   1 196   5]
 [  6   0   0   0   1  15  94]]";0.7294981640146879;0.6358926687929863;"[[ 70   0   4   8   2  17   5]
 [  2   0   7  39   2   7   9]
 [  0   0 120   4   1   1   0]
 [ 11   0   7 195  17  13   3]
 [ 14   0   0  11  98   5   0]
 [  6   0   1   1   0  76   6]
 [  2   0   3   0   1  12  37]]";91;[12  3 10 24 14 20  8]
685;Cora;own;0.5;0.2;64;0.5;1;0.005;1879891568;0.9387755102040817;0.8174328708760165;"[[12  0  0  0  0  1  0]
 [ 0  0  1  1  1  0  1]
 [ 0  0 11  0  0  0  0]
 [ 0  0  0 26  0  0  0]
 [ 0  0  0  0 15  0  0]
 [ 1  0  0  0  0 20  0]
 [ 0  0  0  0  0  0  8]]";0.7774679308421639;0.6741048414430911;"[[151   0   5  13   6  40  12]
 [  4   0  12  58   9  18  32]
 [  0   0 274   5   1   8   0]
 [ 16   0  11 459  34  23   5]
 [ 17   0   0  17 224   7   1]
 [  3   0   7   4   1 201   4]
 [  4   0   0   0   2  20  85]]";0.7356181150550796;0.6389918073969227;"[[ 66   0   6   8   3  18   5]
 [  2   0   6  34   3   9  12]
 [  0   0 120   4   1   1   0]
 [  8   0   5 197  21  13   2]
 [  6   0   0  12 103   6   1]
 [  5   0   1   2   0  79   3]
 [  2   0   3   0   1  13  36]]";98;[13  4 11 26 15 21  8]
686;Cora;own;0.5;0.2;64;0.5;1;0.005;1879891568;0.9428571428571428;0.8207514834517123;"[[14  0  0  0  0  1  0]
 [ 0  0  1  1  1  0  1]
 [ 0  0 11  0  0  0  0]
 [ 0  0  0 27  0  0  0]
 [ 0  0  0  0 16  0  0]
 [ 1  0  0  0  0 22  0]
 [ 0  0  0  0  0  0  9]]";0.7771556550951848;0.674407351445682;"[[165   0   8  11   6  34   7]
 [  0   0  14  43  12  25  39]
 [  0   0 275   6   1   6   0]
 [  9   0  11 452  27  28   5]
 [ 19   0   0  28 207   9   0]
 [ 10   0   5   5   1 205   5]
 [  5   0   1   1   0  17  84]]";0.7429620563035496;0.6472390529045633;"[[ 69   0   4  11   3  13   6]
 [  1   0   7  30   5  12  11]
 [  3   0 122   1   0   0   0]
 [  9   0   6 197  19  14   1]
 [  7   0   0  11 102   7   1]
 [  6   0   1   2   0  80   1]
 [  3   0   4   0   0  11  37]]";105;[15  4 11 27 16 23  9]
687;Cora;own;0.5;0.2;64;0.5;1;0.005;1879891568;0.9196428571428571;0.7986774451404853;"[[14  0  0  0  0  1  0]
 [ 0  0  1  1  1  0  3]
 [ 0  0 11  0  0  0  0]
 [ 0  0  0 29  0  0  0]
 [ 0  0  0  0 17  0  0]
 [ 1  0  0  0  0 23  0]
 [ 1  0  0  0  0  0  9]]";0.7818999437886454;0.6781846798363944;"[[163   0   6  13   6  28  10]
 [  1   0  12  59  10  20  33]
 [  1   0 268  10   1   2   0]
 [  9   0   8 470  23  20   6]
 [ 18   0   0  31 209   6   0]
 [  9   0   5   5   1 199   6]
 [  7   0   4   1   0  17  82]]";0.7564259485924113;0.6620754625603221;"[[ 70   0   2  13   3  12   6]
 [  2   0   6  36   4   8  10]
 [  3   0 116   6   1   0   0]
 [  9   0   4 208  14   9   2]
 [  6   0   0  11 105   5   1]
 [  6   0   1   2   0  80   1]
 [  3   0   4   0   0   9  39]]";112;[15  6 11 29 17 24 10]
688;Cora;own;0.5;0.2;64;0.5;1;0.005;1879891568;0.907563025210084;0.7990481495628555;"[[15  0  0  0  0  1  1]
 [ 0  0  1  2  1  2  1]
 [ 0  0 12  0  0  0  0]
 [ 0  0  0 31  0  0  0]
 [ 0  0  0  0 17  1  0]
 [ 1  0  0  0  0 23  0]
 [ 0  0  0  0  0  0 10]]";0.7793453724604966;0.6801908785563342;"[[170   0   5  14   5  29   9]
 [  8   0  14  54   5  36  24]
 [  1   0 258  10   1   7   0]
 [ 12   0   6 471  20  22   7]
 [ 21   0   0  27 209   6   0]
 [ 11   0   4   4   1 191   3]
 [  3   0   1   1   0  20  82]]";0.762545899632803;0.6738231953194036;"[[ 77   0   0  11   4   9   5]
 [  3   0   5  35   2  18   3]
 [  3   0 114   7   1   1   0]
 [ 10   0   3 212   9  11   1]
 [ 10   0   0  11 102   5   0]
 [  8   0   1   3   0  78   0]
 [  3   0   3   0   0   9  40]]";119;[17  7 12 31 18 24 10]
689;Cora;own;0.5;0.2;64;0.5;1;0.005;1879891568;0.9206349206349206;0.8206162954283255;"[[17  0  0  0  0  1  0]
 [ 0  0  1  2  1  4  0]
 [ 0  0 13  0  0  0  0]
 [ 0  0  0 32  0  0  0]
 [ 0  0  0  0 18  1  0]
 [ 0  0  0  0  0 25  0]
 [ 0  0  0  0  0  0 11]]";0.7926345609065156;0.7018948002080958;"[[185   0   2  20   4  17   5]
 [  8   0  16  62   3  49   3]
 [  2   0 259  12   4   6   0]
 [ 14   0   5 474  17  22   4]
 [ 19   0   0  23 217   3   0]
 [ 10   0   4   4   1 183   3]
 [  4   0   0   1   0  19  81]]";0.7539779681762546;0.664315541476472;"[[ 75   0   0  17   2   7   5]
 [  4   0   6  34   2  19   1]
 [  5   0 115   5   1   0   0]
 [ 13   0   3 211  11   8   0]
 [  9   0   0  12 103   4   0]
 [ 12   0   1   1   0  76   0]
 [  4   0   0   2   0  13  36]]";126;[18  8 13 32 19 25 11]
690;Cora;own;0.5;0.2;64;0.5;1;0.005;1879891568;0.9022556390977443;0.8096272311941389;"[[18  0  0  0  0  1  0]
 [ 0  0  1  2  1  6  1]
 [ 0  0 13  1  0  0  0]
 [ 0  0  0 33  0  0  0]
 [ 0  0  0  0 20  0  0]
 [ 0  0  0  0  0 25  0]
 [ 0  0  0  0  0  0 11]]";0.7895335608646189;0.7007944424333091;"[[186   0   1  19   5  17   4]
 [  9   0  15  58   3  55   2]
 [  2   0 258  12   3   7   0]
 [ 14   0   4 470  17  25   3]
 [ 19   0   0  23 212   7   0]
 [ 11   0   4   4   1 181   2]
 [  3   0   0   1   0  20  81]]";0.758873929008568;0.6688863806126081;"[[ 75   0   0  18   1   8   4]
 [  4   0   6  33   2  20   1]
 [  5   0 114   6   1   0   0]
 [ 12   0   3 213   9   8   1]
 [  8   0   0  11 105   4   0]
 [ 12   0   1   1   0  76   0]
 [  4   0   0   0   0  14  37]]";133;[19 11 14 33 20 25 11]
691;Cora;own;0.5;0.2;64;0.5;1;0.005;1879891568;0.9;0.8045291561350274;"[[19  0  0  0  0  1  0]
 [ 0  0  2  2  1  5  2]
 [ 0  0 14  1  0  0  0]
 [ 0  0  0 34  0  0  0]
 [ 0  0  0  0 21  0  0]
 [ 0  0  0  0  0 26  0]
 [ 0  0  0  0  0  0 12]]";0.7841233580810966;0.6914590057550072;"[[182   0   2  17   5  18   5]
 [ 11   0  16  62   5  38  12]
 [  2   0 261  12   3   4   0]
 [ 14   0   5 463  19  22   3]
 [ 21   0   0  27 211   3   0]
 [ 13   0   4   4   1 173   3]
 [  6   0   0   2   0  19  83]]";0.762545899632803;0.6728924977124292;"[[ 75   0   0  19   1   6   5]
 [  4   0   6  36   3  14   3]
 [  5   0 114   6   1   0   0]
 [ 12   0   3 215  10   5   1]
 [  8   0   0  11 105   4   0]
 [ 13   0   1   1   0  75   0]
 [  4   0   0   0   0  12  39]]";140;[20 12 15 34 21 26 12]
692;Cora;own;0.5;0.2;64;0.5;1;0.005;1879891568;0.9115646258503401;0.8494269699571738;"[[21  0  0  0  0  1  0]
 [ 0  2  4  0  1  6  0]
 [ 0  0 15  1  0  0  0]
 [ 0  0  0 36  0  0  0]
 [ 0  0  0  0 22  0  0]
 [ 0  0  0  0  0 26  0]
 [ 0  0  0  0  0  0 12]]";0.8004587155963303;0.7368086315718358;"[[187   1   4  17   5  17   2]
 [ 17  21  19  39   2  43   0]
 [  2   0 264  11   3   2   0]
 [ 15   0   5 465  17  21   0]
 [ 20   0   0  27 211   4   0]
 [ 14   0   4   3   1 172   2]
 [  8   1   0   1   1  20  76]]";0.7796817625458996;0.7205548118001318;"[[ 78   0   1  15   1   7   4]
 [  4  11   8  28   2  13   0]
 [  5   0 114   6   1   0   0]
 [ 13   0   5 215   8   5   0]
 [  8   0   0  10 106   4   0]
 [ 12   0   1   1   0  76   0]
 [  5   0   0   0   0  13  37]]";147;[22 13 16 36 22 26 12]
693;Cora;own;0.5;0.2;64;0.5;1;0.005;1879891568;0.974025974025974;0.9660555131143366;"[[21  2  0  0  0  0  0]
 [ 0 13  1  0  0  0  0]
 [ 0  1 16  0  0  0  0]
 [ 0  0  0 38  0  0  0]
 [ 0  0  0  0 22  0  0]
 [ 0  0  0  0  0 27  0]
 [ 0  0  0  0  0  0 13]]";0.8255613126079447;0.8055532749037881;"[[172  21   2  13   3  12   1]
 [  2 115  12   9   0   4   0]
 [  1  10 249  12   0   1   0]
 [ 15  25   8 466  10  10   0]
 [ 17   9   0  37 198   2   0]
 [ 13  15   1   0   1 163   0]
 [  7  20   0   0   0  10  71]]";0.7747858017135862;0.7557119502091555;"[[ 73  14   0  13   1   3   2]
 [  1  52   5   8   0   0   0]
 [  2   9 107   8   0   0   0]
 [ 10  22   4 204   4   2   0]
 [  7  11   0  12  97   1   0]
 [ 11  12   0   0   0  67   0]
 [  5  10   0   0   0   7  33]]";154;[23 14 17 38 22 27 13]
694;Cora;own;0.5;0.2;64;0.5;1;0.005;1879891568;0.9937888198757764;0.9915307012081206;"[[25  0  0  0  0  0  0]
 [ 0 15  1  0  0  0  0]
 [ 0  0 18  0  0  0  0]
 [ 0  0  0 38  0  0  0]
 [ 0  0  0  0 23  0  0]
 [ 0  0  0  0  0 27  0]
 [ 0  0  0  0  0  0 14]]";0.8358381502890173;0.820910990659134;"[[177  13   2  14   3  12   1]
 [  2 123  12   6   0   1   0]
 [  1   8 251  11   0   2   0]
 [ 18  20   8 459  12  13   0]
 [ 23   3   0  34 202   2   0]
 [ 13  12   2   0   1 160   1]
 [ 17   5   0   0   0  12  74]]";0.7858017135862914;0.7692790650759899;"[[ 79   7   0  12   1   4   3]
 [  1  54   5   6   0   0   0]
 [  4   5 109   7   1   0   0]
 [ 15  20   4 199   5   3   0]
 [  8   5   0  12 100   3   0]
 [ 16   7   1   0   0  66   0]
 [  6   5   0   0   0   9  35]]";161;[25 16 18 38 23 27 14]
695;Cora;own;0.5;0.2;64;0.5;1;0.005;1879891568;0.9880952380952381;0.986308273253888;"[[25  0  0  0  0  1  0]
 [ 0 15  1  0  0  0  0]
 [ 0  0 18  0  0  0  0]
 [ 0  0  0 40  0  0  0]
 [ 0  0  0  0 24  0  0]
 [ 0  0  0  0  0 29  0]
 [ 0  0  0  0  0  0 15]]";0.8444573418456182;0.8296187751735896;"[[170  13   2  16   5  11   1]
 [  2 128   6   5   0   2   0]
 [  1   7 246  12   0   2   0]
 [ 20  17   2 475  10   9   0]
 [ 21   5   0  39 199   2   0]
 [ 12   8   2   0   1 165   1]
 [ 15   5   0   1   0  13  72]]";0.802937576499388;0.7870679213600171;"[[ 83   5   1  12   1   3   1]
 [  1  55   4   5   0   1   0]
 [  3   4 109   8   1   1   0]
 [ 17  14   1 206   5   3   0]
 [  7   4   0  14 100   3   0]
 [ 11   8   1   1   0  69   0]
 [ 10   2   0   0   0   9  34]]";168;[26 16 18 40 24 29 15]
696;Cora;own;0.5;0.2;64;0.5;1;0.005;1879891568;0.9771428571428571;0.9735218243143386;"[[25  0  0  0  0  1  0]
 [ 0 15  1  0  0  0  0]
 [ 0  0 19  0  0  0  0]
 [ 0  1  0 41  0  0  0]
 [ 0  0  0  0 25  0  0]
 [ 0  0  0  0  0 30  0]
 [ 1  0  0  0  0  0 16]]";0.8438228438228438;0.8284414581772074;"[[175  13   2  13   5  10   0]
 [  1 131   5   4   0   2   0]
 [  1   7 245  12   0   2   0]
 [ 23  13   4 471  11  10   2]
 [ 21   5   0  37 199   2   0]
 [ 15   8   2   0   1 157   2]
 [ 19   4   0   0   0  12  70]]";0.8017135862913096;0.7880379389837143;"[[ 83   5   1  12   1   3   1]
 [  1  55   4   5   0   1   0]
 [  4   3 110   8   1   0   0]
 [ 18  13   1 204   5   3   2]
 [  7   4   0  14 101   2   0]
 [ 15   8   1   0   0  66   0]
 [ 11   1   0   0   0   7  36]]";175;[26 16 19 42 25 30 17]
697;Cora;own;0.5;0.2;64;0.5;1;0.005;1879891568;0.978021978021978;0.9743048602489309;"[[26  0  0  0  0  0  0]
 [ 0 15  1  0  0  0  0]
 [ 0  0 20  0  0  0  0]
 [ 0  1  0 43  0  0  0]
 [ 0  0  0  0 26  0  0]
 [ 1  0  0  0  0 31  0]
 [ 1  0  0  0  0  0 17]]";0.8496196606202457;0.8382928738741727;"[[166   9   1  20   5  11   3]
 [  1 130   4   5   0   2   0]
 [  1   7 242  14   0   2   0]
 [ 20  11   2 479  10  11   2]
 [ 18   4   0  39 201   2   0]
 [ 12   9   1   1   0 158   2]
 [ 11   1   0   3   0  13  76]]";0.8053855569155447;0.7920472032085676;"[[ 77   4   1  18   1   3   2]
 [  1  53   4   5   1   2   0]
 [  4   5 107   9   1   0   0]
 [ 11  11   1 213   6   4   0]
 [  6   4   0  15 101   2   0]
 [ 13   5   1   1   0  70   0]
 [  8   0   0   2   0   8  37]]";182;[26 16 20 44 26 32 18]
698;Cora;own;0.5;0.2;64;0.5;1;0.005;1879891568;0.9788359788359788;0.9800945086659373;"[[26  1  0  1  0  0  0]
 [ 0 16  0  0  0  0  0]
 [ 0  0 21  0  0  0  0]
 [ 1  0  0 44  0  0  0]
 [ 0  0  0  0 27  0  0]
 [ 1  0  0  0  0 32  0]
 [ 0  0  0  0  0  0 19]]";0.845475910693302;0.8350133500662669;"[[170  10   4  16   5   9   2]
 [  1 125   6   5   0   3   0]
 [  1   6 245  13   0   3   0]
 [ 24  10   4 473  10   8   3]
 [ 22   3   0  38 200   2   0]
 [ 19   8   1   0   0 147   3]
 [ 15   0   1   0   0   8  79]]";0.8164014687882497;0.8048501841757011;"[[ 80   4   1  14   1   3   3]
 [  1  53   6   5   0   1   0]
 [  4   2 113   6   1   0   0]
 [ 17  11   1 210   4   3   0]
 [  6   4   0  12 104   2   0]
 [ 17   6   1   0   0  66   0]
 [  7   0   0   1   0   6  41]]";189;[28 16 21 45 27 33 19]
699;Cora;own;0.5;0.2;64;0.5;1;0.005;1879891568;0.9795918367346939;0.9780284547836731;"[[27  0  0  1  0  0  0]
 [ 0 16  0  0  0  0  0]
 [ 0  0 22  0  0  0  0]
 [ 0  0  0 46  0  0  0]
 [ 0  0  0  0 28  0  0]
 [ 0  1  0  0  0 33  0]
 [ 1  0  0  0  0  1 20]]";0.8471976401179941;0.8393890746916713;"[[168   8   1  18   5  10   2]
 [  1 122   6   5   0   3   0]
 [  1   8 242  13   0   3   0]
 [ 24  10   8 471  11   9   0]
 [ 20   2   0  39 199   3   0]
 [ 13   9   1   0   0 153   4]
 [ 12   1   1   1   0   7  81]]";0.8200734394124847;0.8071350477677232;"[[ 78   3   1  16   1   3   4]
 [  1  51   5   5   1   3   0]
 [  4   2 113   6   1   0   0]
 [ 13  10   1 213   5   4   0]
 [  6   3   0  13 103   3   0]
 [ 13   4   1   1   0  69   2]
 [  5   1   0   0   0   6  43]]";196;[28 16 22 46 28 34 22]
700;Cora;own;0.5;0.2;64;0.5;1;0.005;1879891568;0.9802955665024631;0.981086041454705;"[[30  0  0  0  0  1  0]
 [ 0 16  0  0  0  0  0]
 [ 0  0 23  0  0  0  0]
 [ 1  0  0 46  0  0  0]
 [ 0  0  0  0 29  0  0]
 [ 0  0  0  0  0 34  0]
 [ 1  0  0  0  0  1 21]]";0.8483412322274881;0.8404383076182654;"[[170   7   2  14   6   7   4]
 [  1 121   6   6   0   3   0]
 [  1   8 245  10   0   3   0]
 [ 30  11   6 462  11   7   3]
 [ 20   2   0  39 198   3   0]
 [ 16   3   1   0   0 157   3]
 [ 15   1   1   0   0   6  79]]";0.8212974296205631;0.8144015953986913;"[[ 80   3   1  14   1   3   4]
 [  0  55   5   5   0   1   0]
 [  4   2 116   3   1   0   0]
 [ 19  11   1 206   5   4   0]
 [  8   3   0  13 101   3   0]
 [ 16   3   1   0   0  69   1]
 [  5   1   0   0   0   5  44]]";203;[31 16 23 47 29 34 23]
701;Cora;own;0.5;0.2;64;0.5;1;0.005;1879891568;0.9857142857142858;0.9871449738225383;"[[30  0  0  0  0  1  0]
 [ 0 17  0  0  0  0  0]
 [ 0  0 24  0  0  0  0]
 [ 0  0  0 48  1  0  0]
 [ 1  0  0  0 29  0  0]
 [ 0  0  0  0  0 35  0]
 [ 0  0  0  0  0  0 24]]";0.8483045806067817;0.8410834088492419;"[[168   7   2  15   7   7   4]
 [  1 120   6   6   0   4   0]
 [  1   8 244  10   0   3   0]
 [ 29   9   6 465  11   6   3]
 [ 21   2   0  39 194   3   0]
 [ 14   2   2   2   0 155   4]
 [ 13   0   1   2   0   5  80]]";0.8212974296205631;0.8148541502188402;"[[ 77   3   1  17   1   2   5]
 [  0  53   6   6   0   1   0]
 [  4   2 114   5   1   0   0]
 [ 16  10   1 209   6   4   0]
 [  7   3   0  14 101   3   0]
 [ 13   0   1   1   0  71   4]
 [  3   0   0   1   0   5  46]]";210;[31 17 24 49 30 35 24]
702;Cora;own;0.5;0.2;64;0.5;1;0.005;1879891568;0.9815668202764977;0.982031696682208;"[[31  0  0  0  0  1  0]
 [ 0 17  0  0  0  0  0]
 [ 0  0 25  0  0  0  0]
 [ 0  1  0 49  1  0  0]
 [ 1  0  0  0 30  0  0]
 [ 0  0  0  0  0 36  0]
 [ 0  0  0  0  0  0 25]]";0.8464755077658304;0.838927681617334;"[[169   7   2  14   6   6   4]
 [  1 120   6   6   0   4   0]
 [  1   8 243  11   0   3   0]
 [ 31  10   6 461   9   6   3]
 [ 23   2   0  39 193   2   0]
 [ 14   4   2   2   0 152   4]
 [ 13   0   0   2   0   6  79]]";0.817625458996328;0.8145083461501857;"[[ 77   3   1  16   1   3   5]
 [  0  55   5   5   0   1   0]
 [  4   2 114   5   1   0   0]
 [ 21  12   1 204   5   3   0]
 [  7   4   0  14 100   3   0]
 [ 13   1   1   1   0  71   3]
 [  3   0   0   1   0   4  47]]";217;[32 17 25 51 31 36 25]
703;Cora;own;0.5;0.2;64;0.5;1;0.005;1879891568;0.9910714285714286;0.9917763157894737;"[[31  0  0  0  0  2  0]
 [ 0 18  0  0  0  0  0]
 [ 0  0 27  0  0  0  0]
 [ 0  0  0 51  0  0  0]
 [ 0  0  0  0 32  0  0]
 [ 0  0  0  0  0 37  0]
 [ 0  0  0  0  0  0 26]]";0.847630473905219;0.8379655524991982;"[[165   5   3  17   5  11   4]
 [  1 116   6   6   0   4   0]
 [  1   4 254   9   0   3   0]
 [ 26   7   7 457  12   8   3]
 [ 18   2   0  40 196   2   0]
 [ 13   5   4   0   0 146   8]
 [ 12   0   0   2   0   6  79]]";0.8212974296205631;0.8088240092942687;"[[ 74   3   1  20   0   4   4]
 [  0  53   6   6   0   1   0]
 [  2   2 120   1   1   0   0]
 [ 15  11   1 211   5   3   0]
 [  5   3   0  14 103   3   0]
 [ 13   4   1   2   0  66   4]
 [  5   0   0   1   0   5  44]]";224;[33 18 27 51 32 37 26]
704;Cora;own;0.5;0.2;64;0.5;1;0.005;1879891568;0.9913419913419913;0.9917452295603556;"[[33  0  0  0  1  1  0]
 [ 0 19  0  0  0  0  0]
 [ 0  0 28  0  0  0  0]
 [ 0  0  0 52  0  0  0]
 [ 0  0  0  0 32  0  0]
 [ 0  0  0  0  0 38  0]
 [ 0  0  0  0  0  0 27]]";0.8457831325301205;0.8361330093911837;"[[169   6   2  15   4   9   4]
 [  1 115   6   5   0   4   0]
 [  1   6 252   8   0   3   0]
 [ 33  11   4 449  11   7   3]
 [ 18   2   0  40 195   3   0]
 [ 13   6   4   0   0 145   8]
 [ 12   0   0   1   0   6  79]]";0.8127294981640147;0.8015006777130382;"[[ 78   3   1  16   0   4   4]
 [  0  53   6   6   0   1   0]
 [  4   2 118   1   1   0   0]
 [ 18  14   2 203   5   3   1]
 [  7   3   0  12 103   3   0]
 [ 14   4   1   2   0  65   4]
 [  5   0   0   1   0   5  44]]";231;[35 19 28 52 32 38 27]
705;Cora;own;0.5;0.2;64;0.5;1;0.005;1879891568;0.9873949579831933;0.9883093798819443;"[[35  0  0  0  1  1  0]
 [ 0 19  0  0  0  0  0]
 [ 0  0 29  1  0  0  0]
 [ 0  0  0 52  0  0  0]
 [ 0  0  0  0 33  0  0]
 [ 0  0  0  0  0 39  0]
 [ 0  0  0  0  0  0 28]]";0.8481548699334543;0.8400705794895768;"[[168   4   2  16   3   9   4]
 [  1 115   6   4   0   4   0]
 [  1   4 252   9   0   3   0]
 [ 31   7   3 446  14   9   3]
 [ 18   2   0  41 198   3   0]
 [ 14   4   4   0   0 145   8]
 [ 13   0   0   1   0   6  78]]";0.8115055079559363;0.8018633943320529;"[[ 79   3   1  14   1   4   4]
 [  1  51   6   6   0   1   1]
 [  4   2 118   1   1   0   0]
 [ 23  11   1 199   7   4   1]
 [  6   3   0  11 105   3   0]
 [ 14   3   1   2   0  66   4]
 [  5   0   0   1   0   4  45]]";238;[37 19 30 52 33 39 28]
706;Cora;own;0.5;0.2;64;0.5;1;0.005;1879891568;0.9795918367346939;0.981043402314098;"[[36  0  0  1  0  1  0]
 [ 0 19  0  0  0  0  0]
 [ 0  0 30  1  0  0  0]
 [ 0  1  0 53  1  0  0]
 [ 0  0  0  0 33  0  0]
 [ 0  0  0  0  0 40  0]
 [ 0  0  0  0  0  0 29]]";0.8511543134872418;0.8405743389931427;"[[167   3   2  15   4   9   4]
 [  1 113   7   4   0   5   0]
 [  1   3 253   8   0   3   0]
 [ 27   5   3 450  14   8   3]
 [ 19   2   0  40 198   3   0]
 [ 15   3   4   0   0 145   7]
 [ 15   0   0   1   0   7  75]]";0.8164014687882497;0.8056301668655459;"[[ 79   3   1  14   1   4   4]
 [  1  49   6   7   0   2   1]
 [  4   2 118   1   1   0   0]
 [ 20  10   2 203   7   4   0]
 [  7   3   0  10 105   3   0]
 [ 14   1   1   2   0  68   4]
 [  5   0   0   1   0   4  45]]";245;[38 19 31 55 33 40 29]
707;Cora;own;0.5;0.2;64;0.5;1;0.005;1879891568;0.9761904761904762;0.9752276868743076;"[[39  0  0  0  0  0  1]
 [ 0 19  1  0  0  0  0]
 [ 0  0 31  1  0  0  0]
 [ 1  1  0 54  1  0  0]
 [ 0  0  0  0 34  0  0]
 [ 0  0  0  0  0 40  0]
 [ 0  0  0  0  0  0 29]]";0.8468578401464307;0.8379036985644055;"[[172   4   2  12   4   7   3]
 [  1 108   8   3   0   5   0]
 [  1   3 256   6   1   4   0]
 [ 31   7  14 440  11   6   1]
 [ 20   2   0  40 193   4   0]
 [ 14   2   4   0   0 144   8]
 [ 13   0   1   2   0   7  75]]";0.8127294981640147;0.8008108692297832;"[[ 76   3   1  14   2   4   6]
 [  1  49   6   7   0   1   2]
 [  3   2 119   1   1   0   0]
 [ 20  10   5 203   5   3   0]
 [  8   3   0  10 103   4   0]
 [ 13   0   1   3   0  69   4]
 [  5   0   0   1   0   4  45]]";252;[40 20 32 57 34 40 29]
708;Cora;own;0.5;0.2;64;0.5;1;0.005;1879891568;0.9845559845559846;0.984640952823198;"[[40  0  0  0  0  0  1]
 [ 0 21  0  0  0  0  0]
 [ 0  0 32  1  0  0  0]
 [ 0  1  0 57  1  0  0]
 [ 0  0  0  0 34  0  0]
 [ 0  0  0  0  0 41  0]
 [ 0  0  0  0  0  0 30]]";0.852328431372549;0.841884895869752;"[[174   4   2  11   3   7   3]
 [  1 108   6   6   0   4   0]
 [  2   4 254   5   1   3   0]
 [ 28   8   7 448  10   5   4]
 [ 22   2   0  41 188   3   0]
 [ 16   3   2   0   0 144   6]
 [ 13   0   1   2   0   6  75]]";0.8164014687882497;0.8055442942163559;"[[ 78   3   1  14   2   2   6]
 [  1  50   6   7   0   1   1]
 [  4   2 118   1   1   0   0]
 [ 19   8   2 210   4   3   0]
 [ 10   3   0  14  99   2   0]
 [ 15   0   1   3   0  67   4]
 [  5   0   0   1   0   4  45]]";259;[41 21 33 59 34 41 30]
709;Cora;own;0.5;0.2;64;0.5;1;0.005;1879891568;0.981203007518797;0.9827990582497269;"[[39  0  0  1  0  0  1]
 [ 0 22  0  0  0  0  0]
 [ 0  0 33  1  0  0  0]
 [ 0  0  0 59  1  0  0]
 [ 1  0  0  0 35  0  0]
 [ 0  0  0  0  0 42  0]
 [ 0  0  0  0  0  0 31]]";0.8535384615384616;0.8419650736164132;"[[172   5   2  10   4   8   3]
 [  1 107   6   5   0   4   0]
 [  1   3 254   5   1   4   0]
 [ 25   7  10 447  10   7   3]
 [ 18   2   0  41 190   4   0]
 [ 14   3   2   0   0 143   8]
 [ 13   0   1   2   0   6  74]]";0.8225214198286414;0.8116692550602688;"[[ 75   3   1  15   2   4   6]
 [  0  49   7   7   0   2   1]
 [  4   2 118   1   1   0   0]
 [ 19   7   4 207   6   3   0]
 [  6   3   0  12 106   1   0]
 [ 10   0   1   3   0  72   4]
 [  5   0   0   1   0   4  45]]";266;[41 22 34 60 36 42 31]
710;Cora;own;0.5;0.2;64;0.5;1;0.005;1879891568;0.9816849816849816;0.9837815611183283;"[[40  0  0  1  0  0  0]
 [ 0 23  0  0  0  0  0]
 [ 0  0 34  1  0  0  0]
 [ 0  0  0 61  1  0  1]
 [ 1  0  0  0 36  0  0]
 [ 0  0  0  0  0 43  0]
 [ 0  0  0  0  0  0 31]]";0.8541409147095179;0.8426427432187371;"[[170   5   2  12   3   7   3]
 [  1 104   6   6   0   4   0]
 [  1   3 253   6   1   3   1]
 [ 28   5   7 449   9   6   2]
 [ 20   2   0  41 191   2   0]
 [ 15   3   2   0   0 142   7]
 [ 13   0   1   3   0   6  73]]";0.8164014687882497;0.8040513085113099;"[[ 76   3   1  14   2   4   6]
 [  0  47   7   9   0   2   1]
 [  4   2 118   1   1   0   0]
 [ 21   5   2 210   5   3   0]
 [  6   3   0  14 104   1   0]
 [ 15   0   1   3   0  67   4]
 [  5   0   0   1   0   4  45]]";273;[41 23 35 63 37 43 31]
711;Cora;own;0.5;0.2;64;0.5;1;0.005;1879891568;0.9785714285714285;0.9803335214167158;"[[41  0  0  0  0  0  0]
 [ 0 24  0  0  0  0  0]
 [ 0  0 34  1  0  0  0]
 [ 0  0  0 64  1  1  1]
 [ 1  0  0  0 37  0  0]
 [ 0  0  0  0  0 43  0]
 [ 1  0  0  0  0  0 31]]";0.8590937306021105;0.848069694244229;"[[172   4   1  12   3   7   3]
 [  1 103   6   6   0   4   0]
 [  1   3 251   8   1   4   0]
 [ 26   5   3 454   7   6   1]
 [ 21   2   0  41 187   4   0]
 [ 15   1   1   1   0 144   7]
 [ 13   0   0   2   0   7  73]]";0.8151774785801713;0.8061836127773717;"[[ 79   3   0  15   1   3   5]
 [  0  45   7  11   0   3   0]
 [  4   0 118   3   1   0   0]
 [ 24   5   1 208   4   4   0]
 [  7   3   0  13 102   3   0]
 [ 15   0   1   2   0  69   3]
 [  6   0   0   0   0   4  45]]";280;[41 24 35 67 38 43 32]
712;Cora;own;0.5;0.2;64;0.5;1;0.005;1879891568;0.9825783972125436;0.9837008678313576;"[[42  0  0  0  0  0  0]
 [ 0 25  0  0  0  0  0]
 [ 0  0 35  1  0  0  0]
 [ 0  0  0 65  0  1  1]
 [ 1  0  0  0 39  0  0]
 [ 0  0  0  0  0 44  0]
 [ 1  0  0  0  0  0 32]]";0.85785536159601;0.8465786060400583;"[[169   5   1  15   2   7   3]
 [  1 101   6   6   0   4   0]
 [  1   3 252   6   1   3   1]
 [ 28   9   4 447   7   5   1]
 [ 22   2   0  37 191   3   0]
 [ 14   2   2   0   0 142   8]
 [ 11   0   1   2   0   5  74]]";0.8164014687882497;0.8060975979160112;"[[ 79   3   1  14   1   3   5]
 [  0  48   7   8   0   1   2]
 [  4   2 118   1   1   0   0]
 [ 25   6   3 204   5   3   0]
 [  6   3   0  10 105   4   0]
 [ 13   0   1   4   0  68   4]
 [  6   0   0   0   0   4  45]]";287;[42 25 36 67 40 44 33]
713;Cora;own;0.5;0.2;64;0.5;1;0.005;1879891568;0.9727891156462585;0.9751968745292731;"[[42  0  0  0  0  0  0]
 [ 0 26  0  0  0  0  0]
 [ 0  0 36  1  0  0  0]
 [ 1  0  1 66  0  2  0]
 [ 1  0  0  0 40  0  0]
 [ 0  0  0  0  0 44  1]
 [ 1  0  0  0  0  0 32]]";0.8609893550407013;0.8482331335860869;"[[168   4   0  16   2   7   3]
 [  3 100   6   5   0   4   0]
 [  1   3 251   6   1   4   0]
 [ 20   9   5 452   7   4   0]
 [ 22   2   0  38 190   3   0]
 [ 15   3   2   0   0 142   5]
 [ 13   0   1   2   0   6  72]]";0.8310893512851897;0.8251232978297703;"[[ 81   3   1  14   1   3   3]
 [  0  48   7   8   0   3   0]
 [  4   0 118   3   1   0   0]
 [ 19   5   3 211   5   3   0]
 [  7   3   0  12 104   2   0]
 [ 12   0   1   4   0  72   1]
 [  6   0   0   0   0   4  45]]";294;[42 26 37 70 41 45 33]
714;Cora;own;0.5;0.2;64;0.5;1;0.005;1879891568;0.973421926910299;0.9752212820796914;"[[41  0  0  0  0  1  0]
 [ 0 27  0  0  0  0  0]
 [ 0  0 38  0  0  0  0]
 [ 1  0  1 68  1  1  0]
 [ 1  0  0  0 40  0  0]
 [ 0  0  0  0  0 46  0]
 [ 1  0  0  0  0  1 33]]";0.8616352201257862;0.848770066665985;"[[164   4   0  18   2   9   3]
 [  3  97   7   5   0   5   0]
 [  1   4 249   6   1   4   0]
 [ 19   3   6 456   8   3   0]
 [ 22   2   0  37 191   3   0]
 [ 13   3   2   1   0 141   5]
 [ 11   0   1   3   0   6  72]]";0.8274173806609547;0.8185025224813686;"[[ 77   3   1  15   1   4   5]
 [  0  48   7   8   0   2   1]
 [  4   0 118   3   1   0   0]
 [ 19   3   3 211   7   3   0]
 [  7   3   0  10 105   3   0]
 [ 11   0   1   4   0  72   2]
 [  5   0   0   0   0   5  45]]";301;[42 27 38 72 41 46 35]
715;Cora;own;0.5;0.2;64;0.5;1;0.005;1879891568;0.9707792207792207;0.971500688936552;"[[41  0  0  1  0  0  0]
 [ 0 27  0  0  0  0  0]
 [ 0  0 38  0  0  0  0]
 [ 1  1  1 70  1  0  0]
 [ 1  0  0  0 41  0  0]
 [ 0  0  0  0  0 48  0]
 [ 2  0  0  0  0  1 34]]";0.8622867972204674;0.850869696379967;"[[165   4   0  19   2   7   3]
 [  3  96   7   5   0   5   0]
 [  1   3 250   6   1   3   1]
 [ 19   3   7 457   8   2   1]
 [ 22   2   0  38 188   3   0]
 [ 13   3   1   3   0 136   5]
 [  9   0   1   3   0   5  73]]";0.8237454100367197;0.812934617696456;"[[ 76   3   1  17   1   3   5]
 [  0  48   7   8   0   1   2]
 [  4   0 118   3   1   0   0]
 [ 18   3   4 212   6   3   0]
 [  7   3   0  10 106   2   0]
 [ 11   0   1   6   0  68   4]
 [  5   0   0   0   0   5  45]]";308;[42 27 38 74 42 48 37]
716;Cora;own;0.5;0.2;64;0.5;1;0.005;1879891568;0.9714285714285714;0.972164545330606;"[[42  0  0  1  0  0  0]
 [ 0 28  0  0  0  0  0]
 [ 0  0 39  0  0  0  0]
 [ 1  1  1 71  1  0  0]
 [ 1  0  0  0 42  0  0]
 [ 0  0  0  0  0 49  0]
 [ 2  0  0  0  0  1 35]]";0.8616751269035533;0.8490541607136224;"[[160   4   0  20   3  10   4]
 [  3  94   8   5   0   5   0]
 [  1   3 249   6   1   4   0]
 [ 18   3   6 456   7   5   0]
 [ 18   2   0  38 190   3   0]
 [ 13   1   1   2   0 139   5]
 [  9   0   1   3   0   6  70]]";0.8347613219094248;0.8247393360019248;"[[ 74   3   1  18   1   4   5]
 [  0  48   7   8   0   2   1]
 [  3   0 119   3   1   0   0]
 [ 16   3   3 214   6   4   0]
 [  5   3   0   9 108   3   0]
 [  8   0   0   6   0  74   2]
 [  5   0   0   0   0   5  45]]";315;[43 28 39 75 43 49 38]
717;Cora;own;0.5;0.2;64;0.5;1;0.005;1879891568;0.984472049689441;0.9845631955691587;"[[43  0  0  1  0  0  1]
 [ 0 29  0  0  0  0  0]
 [ 0  0 40  0  0  0  0]
 [ 0  0  0 75  0  0  1]
 [ 1  0  0  0 43  0  0]
 [ 0  0  0  0  0 50  0]
 [ 1  0  0  0  0  0 37]]";0.864244741873805;0.8513898121712783;"[[163   5   1  16   4   8   2]
 [  2  95   7   5   0   5   0]
 [  1   5 246   6   1   4   0]
 [ 19   3   6 456   7   2   2]
 [ 18   2   0  39 189   2   0]
 [ 13   2   1   1   0 137   5]
 [  9   0   1   3   0   6  70]]";0.835985312117503;0.8220511273874481;"[[ 77   3   1  16   1   3   5]
 [  0  48   7   8   0   1   2]
 [  4   2 118   1   1   0   0]
 [ 17   3   3 215   5   3   0]
 [  4   3   0   9 110   2   0]
 [ 11   0   0   5   0  70   4]
 [  5   0   0   0   0   5  45]]";322;[45 29 40 76 44 50 38]
718;Cora;own;0.5;0.2;64;0.5;1;0.005;1879891568;0.9817629179331308;0.9809338481075595;"[[44  0  0  0  0  0  1]
 [ 0 30  0  0  0  1  0]
 [ 0  0 41  0  0  0  0]
 [ 0  0  0 75  0  0  2]
 [ 1  0  0  0 44  0  0]
 [ 0  0  0  0  0 51  0]
 [ 1  0  0  0  0  0 38]]";0.8668373879641486;0.854216365983028;"[[163   5   1  15   5   9   2]
 [  2  93   8   5   0   4   0]
 [  1   3 248   5   1   3   1]
 [ 18   2   8 454   7   3   2]
 [ 16   2   0  39 190   2   0]
 [ 12   1   1   1   0 137   5]
 [  9   0   1   3   0   6  69]]";0.8298653610771114;0.8159160580349242;"[[ 76   3   1  16   1   3   6]
 [  0  48   7   8   0   1   2]
 [  3   2 119   1   1   0   0]
 [ 17   4   4 213   5   3   0]
 [  4   3   0  12 107   2   0]
 [ 10   0   0   5   0  70   5]
 [  5   0   0   0   0   5  45]]";329;[45 31 41 77 45 51 39]
719;Cora;own;0.5;0.2;64;0.5;1;0.005;1879891568;0.9791666666666666;0.9783001980595885;"[[45  0  0  0  0  0  1]
 [ 0 30  0  1  0  0  0]
 [ 0  0 42  0  0  0  0]
 [ 0  0  1 76  0  1  0]
 [ 1  1  0  0 45  0  0]
 [ 0  0  0  0  0 52  0]
 [ 1  0  0  0  0  0 39]]";0.8643086816720257;0.8544342530468684;"[[167   5   2  14   3   8   2]
 [  2  95   7   3   0   4   0]
 [  1   5 246   4   1   4   0]
 [ 23   3  11 444   8   2   1]
 [ 17   2   0  39 188   1   0]
 [ 12   2   1   1   0 136   4]
 [ 10   0   1   2   0   6  68]]";0.8323133414932681;0.8223521139279981;"[[ 78   3   1  17   1   3   3]
 [  0  48   7   8   0   3   0]
 [  3   2 119   1   1   0   0]
 [ 18   4   4 212   5   3   0]
 [  5   3   0  10 108   2   0]
 [ 12   1   0   4   0  71   2]
 [  7   0   0   0   0   4  44]]";336;[46 31 42 78 47 52 40]
720;Cora;own;0.5;0.2;64;0.5;1;0.005;1879891568;0.9737609329446064;0.9731430762739046;"[[45  0  0  1  0  0  1]
 [ 0 32  0  1  0  0  0]
 [ 0  0 42  0  0  0  0]
 [ 0  0  2 78  0  0  0]
 [ 1  1  0  0 46  0  0]
 [ 0  0  0  0  0 52  1]
 [ 0  0  0  0  0  1 39]]";0.8669250645994832;0.8531377754880546;"[[156   8   1  19   4   6   4]
 [  2  94   6   4   0   3   0]
 [  1   5 245   5   1   4   0]
 [ 17   1   8 458   6   1   1]
 [ 14   2   0  39 189   2   0]
 [ 11   3   1   3   1 133   3]
 [  9   0   1   3   0   7  67]]";0.8310893512851897;0.8184598860244766;"[[ 72   3   1  18   1   5   6]
 [  0  49   6   9   0   1   1]
 [  2   2 120   1   1   0   0]
 [ 14   4   4 216   6   2   0]
 [  4   3   0  13 107   1   0]
 [ 10   1   0   6   0  70   3]
 [  4   0   0   1   0   5  45]]";343;[47 33 42 80 48 53 40]
721;Cora;own;0.5;0.2;64;0.5;1;0.005;1879891568;0.9828571428571429;0.983433308081937;"[[47  0  0  0  0  0  1]
 [ 0 34  0  0  0  0  0]
 [ 0  0 43  0  0  0  0]
 [ 0  0  0 78  0  0  2]
 [ 1  0  0  1 48  0  0]
 [ 0  0  0  0  0 53  1]
 [ 0  0  0  0  0  0 41]]";0.863724853990915;0.8577947389539408;"[[161   4   1  20   6   6   3]
 [  2  94   7   3   0   2   0]
 [  1   5 244   3   1   4   0]
 [ 22   2  11 440   7   2   1]
 [ 14   1   0  44 189   2   0]
 [ 11   2   1   1   1 135   3]
 [  8   0   1   3   0   5  68]]";0.8298653610771114;0.8183502933103186;"[[ 78   2   1  16   2   1   6]
 [  0  48   7   8   0   1   2]
 [  3   2 119   1   1   0   0]
 [ 17   5   6 210   5   2   1]
 [  7   3   0  10 107   1   0]
 [ 11   1   0   4   0  71   3]
 [  6   0   1   0   0   3  45]]";350;[48 34 43 80 50 54 41]
722;Cora;own;0.5;0.2;64;0.5;1;0.005;1879891568;0.9859943977591037;0.9868011969970035;"[[49  0  0  0  0  0  0]
 [ 0 35  0  0  0  0  0]
 [ 0  0 44  0  0  0  0]
 [ 0  0  0 79  0  0  2]
 [ 1  0  0  1 49  0  0]
 [ 0  0  0  0  0 54  1]
 [ 0  0  0  0  0  0 42]]";0.8663624511082139;0.8577310998683967;"[[160   4   1  21   6   5   3]
 [  2  94   7   3   0   2   0]
 [  1   5 242   3   0   4   0]
 [ 15   4  12 445   5   3   0]
 [ 14   1   0  44 189   2   0]
 [ 12   2   1   1   1 133   3]
 [  8   0   1   2   0   7  66]]";0.8372093023255814;0.8283419862742292;"[[ 78   2   1  16   2   2   5]
 [  0  48   6   9   0   3   0]
 [  3   0 119   3   1   0   0]
 [ 14   4   5 216   5   2   0]
 [  5   3   0  12 106   2   0]
 [ 12   1   0   4   0  72   1]
 [  6   0   0   0   0   4  45]]";357;[49 35 44 81 51 55 42]
723;Cora;own;0.5;0.2;64;0.5;1;0.005;1879891568;0.978021978021978;0.9788360221913439;"[[49  0  0  1  0  0  0]
 [ 0 36  0  1  0  0  0]
 [ 0  0 45  0  0  0  0]
 [ 0  0  0 79  0  0  2]
 [ 1  0  0  1 50  0  0]
 [ 0  0  0  0  0 55  1]
 [ 1  0  0  0  0  0 42]]";0.8644400785854617;0.8532555603370499;"[[154   4   1  18  11   7   4]
 [  3  92   7   2   0   2   0]
 [  1   5 242   3   0   4   0]
 [ 15   5  11 445   7   4   0]
 [ 13   1   0  40 189   2   0]
 [ 11   2   1   1   1 133   3]
 [  8   0   1   2   0   7  65]]";0.8396572827417381;0.830171602072919;"[[ 79   2   1  15   2   3   4]
 [  1  47   7   8   0   3   0]
 [  3   0 119   3   1   0   0]
 [ 15   5   4 214   5   3   0]
 [  6   3   0  10 108   1   0]
 [ 10   1   0   3   1  74   1]
 [  6   0   0   0   0   4  45]]";364;[50 37 45 81 52 56 43]
724;Cora;own;0.5;0.2;64;0.5;1;0.005;1879891568;0.9811320754716981;0.982019076203512;"[[49  0  0  0  0  1  0]
 [ 0 38  0  0  0  0  0]
 [ 0  0 46  0  0  0  0]
 [ 1  0  0 80  0  0  2]
 [ 1  0  0  1 51  0  0]
 [ 0  0  0  0  0 58  0]
 [ 1  0  0  0  0  0 42]]";0.8671052631578947;0.8577204754918414;"[[153   4   1  19   9  10   3]
 [  3  90   8   2   0   2   0]
 [  1   3 243   3   0   4   0]
 [ 16   5  12 442   6   4   0]
 [ 13   1   0  38 190   2   0]
 [ 11   1   1   0   1 135   1]
 [  7   0   1   2   0   8  65]]";0.8384332925336597;0.8269216974527721;"[[ 80   2   1  15   2   3   3]
 [  1  47   7   8   0   3   0]
 [  2   0 120   3   1   0   0]
 [ 16   4   6 213   4   3   0]
 [  5   3   0   9 109   2   0]
 [ 10   1   0   3   1  74   1]
 [  7   0   0   0   0   6  42]]";371;[50 38 46 83 53 58 43]
725;Cora;own;0.5;0.2;64;0.5;1;0.005;1879891568;0.9735449735449735;0.9731079699089233;"[[52  1  0  1  0  0  0]
 [ 1 36  1  0  0  0  0]
 [ 0  0 47  0  0  0  0]
 [ 0  0  0 82  0  1  2]
 [ 1  0  0  1 51  0  0]
 [ 0  0  0  0  0 58  0]
 [ 1  0  0  0  0  0 42]]";0.8750826173165895;0.8673008786506676;"[[159   3   0  20   7   7   0]
 [  4  89   8   2   0   2   0]
 [  1   4 241   3   0   4   0]
 [ 19   3   9 446   5   1   0]
 [ 12   1   0  37 191   2   0]
 [ 12   1   1   1   1 133   1]
 [  8   0   1   2   0   7  65]]";0.8372093023255814;0.8262281753358739;"[[ 79   2   0  17   2   3   3]
 [  1  47   6   9   0   3   0]
 [  3   0 119   3   1   0   0]
 [ 16   4   3 216   4   3   0]
 [  4   3   0  12 108   1   0]
 [ 11   1   0   3   1  73   1]
 [  7   0   0   0   0   6  42]]";378;[54 38 47 85 53 58 43]
726;Cora;own;0.5;0.2;64;0.5;1;0.005;1879891568;0.9792207792207792;0.9796143020475585;"[[53  1  0  0  0  0  0]
 [ 0 39  0  0  0  0  0]
 [ 0  0 48  0  0  0  0]
 [ 0  0  0 83  0  1  2]
 [ 2  0  0  1 52  0  0]
 [ 0  0  0  0  0 59  0]
 [ 1  0  0  0  0  0 43]]";0.8738379814077025;0.8650537686867661;"[[160   3   0  21   3   9   0]
 [  4  89   7   2   0   2   0]
 [  1   4 239   3   0   4   0]
 [ 16   6   9 445   4   3   0]
 [ 15   1   0  37 187   1   0]
 [ 12   1   1   1   1 132   1]
 [  8   0   1   1   0   8  64]]";0.835985312117503;0.8236149875528745;"[[ 78   2   1  16   2   3   4]
 [  1  48   6   8   0   3   0]
 [  3   2 119   1   1   0   0]
 [ 15   6   3 213   4   3   2]
 [  6   3   0   9 106   4   0]
 [  8   1   0   5   0  75   1]
 [  4   0   0   0   0   7  44]]";385;[54 39 48 86 55 59 44]
727;Cora;own;0.5;0.2;64;0.5;1;0.005;1879891568;0.9719387755102041;0.9723616046183443;"[[53  0  0  0  0  0  1]
 [ 0 38  1  0  0  0  0]
 [ 0  0 48  1  0  0  0]
 [ 0  1  0 85  0  1  2]
 [ 1  0  0  1 54  0  0]
 [ 0  0  0  0  0 59  0]
 [ 1  0  0  1  0  0 44]]";0.875917278185457;0.8677339216163393;"[[156   2   0  21   7   8   0]
 [  4  88   8   2   0   2   0]
 [  1   4 237   3   0   4   0]
 [ 15   2   9 449   5   1   0]
 [ 13   1   0  37 188   1   0]
 [ 13   1   1   2   1 132   1]
 [  8   0   1   1   0   7  63]]";0.8408812729498164;0.826008602106656;"[[ 77   2   1  16   2   3   5]
 [  2  45   6  10   0   3   0]
 [  2   2 120   1   1   0   0]
 [ 15   3   3 219   4   2   0]
 [  4   3   0  10 108   3   0]
 [  8   1   0   5   1  74   1]
 [  4   0   0   0   0   7  44]]";392;[54 39 49 89 56 59 46]
728;Cora;own;0.5;0.2;64;0.5;1;0.005;1879891568;0.9724310776942355;0.9740397990374597;"[[54  0  0  1  0  0  1]
 [ 0 40  0  0  0  0  0]
 [ 0  0 48  1  0  0  0]
 [ 0  0  0 87  0  1  2]
 [ 1  0  0  1 55  0  0]
 [ 0  0  0  0  0 59  1]
 [ 1  0  0  1  0  0 45]]";0.8726541554959786;0.8636170752170366;"[[157   3   1  20   7   5   1]
 [  4  89   6   2   0   2   0]
 [  1   4 237   3   0   4   0]
 [ 15   3   7 441   6   5   0]
 [ 15   1   0  35 187   1   0]
 [ 13   1   1   4   1 129   2]
 [  8   0   1   1   0   7  62]]";0.8384332925336597;0.8221101331115047;"[[ 81   2   1  13   2   3   4]
 [  2  46   7   8   0   2   1]
 [  3   2 119   1   1   0   0]
 [ 15   3   3 218   5   2   0]
 [  6   3   0   9 106   4   0]
 [ 10   1   0   4   1  72   2]
 [  6   0   0   0   0   6  43]]";399;[56 40 49 90 57 60 47]
729;Cora;own;0.5;0.2;64;0.5;1;0.005;1879891568;0.9753694581280788;0.9764008828989462;"[[56  0  0  0  0  0  1]
 [ 0 40  0  1  0  0  0]
 [ 0  0 50  0  0  0  0]
 [ 0  0  0 88  0  1  2]
 [ 1  0  0  1 56  0  0]
 [ 0  0  0  0  0 59  2]
 [ 0  0  0  1  0  0 47]]";0.8727272727272727;0.8628184340703944;"[[156   2   2  20   6   5   2]
 [  4  86   8   2   0   2   0]
 [  1   4 236   3   0   4   0]
 [ 14   3   7 443   5   4   0]
 [ 13   1   0  37 185   2   0]
 [ 12   1   1   5   1 128   2]
 [  7   0   1   1   0   7  62]]";0.8445532435740514;0.8272587874332534;"[[ 79   2   1  12   2   4   6]
 [  2  46   7   8   0   2   1]
 [  2   2 120   1   1   0   0]
 [ 13   3   3 220   4   3   0]
 [  5   3   0  10 106   4   0]
 [  7   1   0   5   0  74   3]
 [  5   0   0   0   0   5  45]]";406;[57 41 50 91 58 61 48]
730;Cora;own;0.5;0.2;64;0.5;1;0.005;1879891568;0.9757869249394673;0.9768135329198736;"[[56  0  0  0  0  0  1]
 [ 0 41  0  1  0  0  0]
 [ 0  0 51  0  0  0  0]
 [ 0  0  0 90  0  1  2]
 [ 1  0  0  1 57  0  0]
 [ 0  0  0  0  0 60  2]
 [ 0  0  0  1  0  0 48]]";0.874830852503383;0.8636843751989278;"[[156   2   1  19   8   4   2]
 [  4  85   8   3   0   2   0]
 [  1   4 235   3   0   4   0]
 [ 13   3   6 444   4   3   0]
 [ 13   1   0  38 185   1   0]
 [ 14   1   1   3   1 128   1]
 [  8   0   1   1   0   7  60]]";0.8347613219094248;0.8185999000813728;"[[ 84   2   1  12   2   2   3]
 [  2  46   7   8   0   2   1]
 [  3   2 119   1   1   0   0]
 [ 15   3   4 216   5   3   0]
 [  5   3   0  10 106   4   0]
 [ 13   1   0   4   1  69   2]
 [  7   0   0   0   0   6  42]]";413;[57 42 51 93 59 62 49]
731;Cora;own;0.5;0.2;64;0.5;1;0.005;1879891568;0.9714285714285714;0.9729483084633167;"[[55  1  0  1  0  1  1]
 [ 0 41  0  1  0  0  0]
 [ 0  0 52  0  0  1  0]
 [ 0  0  0 90  0  3  0]
 [ 1  0  0  1 58  0  0]
 [ 0  0  0  0  0 63  0]
 [ 0  0  0  1  0  0 49]]";0.8715159755268524;0.8617135053599718;"[[154   1   0  19  10   8   1]
 [  4  86   7   3   0   2   0]
 [  1   4 234   3   0   5   0]
 [ 15   3   6 438   5   4   0]
 [ 13   1   0  38 183   1   0]
 [ 12   1   1   2   1 128   1]
 [  8   0   1   0   0   8  59]]";0.8421052631578947;0.8292921349442277;"[[ 81   2   1  14   2   3   3]
 [  2  48   7   6   0   3   0]
 [  2   2 120   1   1   0   0]
 [ 13   3   4 214   6   4   2]
 [  4   3   0  10 108   3   0]
 [ 11   1   0   3   1  73   1]
 [  4   0   0   0   0   7  44]]";420;[59 42 53 93 60 63 50]
732;Cora;own;0.5;0.2;64;0.5;1;0.005;1404409622;0.0;0.0;[[]];0.1406663141195135;0.1124627935108153;"[[  0   2  82  21  92  45   3]
 [  0  10   8   7 109  15   2]
 [  2 109  52  33  62  30   4]
 [  0  15 155  76 193 124   9]
 [  1   5 106  46  81  52   7]
 [  1  15  35  18  95  41   3]
 [  0   5  29  17  42  26   6]]";0.11260709914320685;0.08639691103773255;"[[ 0  1 36  6 46 14  3]
 [ 0  4  4  3 51  4  0]
 [ 0 49 16 16 29 12  4]
 [ 1  5 72 25 80 59  4]
 [ 2  4 38 24 32 26  2]
 [ 0  7 16  7 46 14  0]
 [ 0  2 12 11 14 15  1]]";0;[]
733;Cora;own;0.5;0.2;64;0.5;1;0.005;1404409622;1.0;1.0;"[[2 0 0 0 0]
 [0 1 0 0 0]
 [0 0 2 0 0]
 [0 0 0 1 0]
 [0 0 0 0 1]]";0.576963906581741;0.39692248510024725;"[[217  21   8  13   0   0   0]
 [  6 165  14   3   0   0   0]
 [  6   8 285   3   0   0   0]
 [ 69  57  17 408   0   0   0]
 [ 80  65   3 120  12   0   0]
 [ 45 130   8   1   0   0   0]
 [ 75  38   1   6   0   0   0]]";0.5422276621787026;0.3781865846965305;"[[ 90   5   4   7   0   0   0]
 [  2  57   5   2   0   0   0]
 [  1   2 122   1   0   0   0]
 [ 38  26  15 167   0   0   0]
 [ 36  33   2  50   7   0   0]
 [ 26  62   2   0   0   0   0]
 [ 37  13   4   1   0   0   0]]";7;[2 1 2 1 1]
734;Cora;own;0.5;0.2;64;0.5;1;0.005;1404409622;1.0;1.0;"[[3 0 0 0 0]
 [0 1 0 0 0]
 [0 0 4 0 0]
 [0 0 0 3 0]
 [0 0 0 0 3]]";0.6297282898241875;0.43632562286319093;"[[220  11  10  15   0   0   0]
 [  7 153  12   7   0   0   0]
 [  4   1 298   4   0   0   0]
 [ 43  17  12 487   0   0   0]
 [ 56  16   5 172  24   0   0]
 [ 68  93  19   4   0   0   0]
 [ 77  13   6  23   0   0   0]]";0.5703794369645043;0.3972671061891885;"[[ 89   3   5   9   0   0   0]
 [  2  54   7   3   0   0   0]
 [  1   0 123   2   0   0   0]
 [ 28  12  16 190   0   0   0]
 [ 28  13   3  74  10   0   0]
 [ 37  43  10   0   0   0   0]
 [ 38   4  10   3   0   0   0]]";14;[3 1 4 3 3]
735;Cora;own;0.5;0.2;64;0.5;1;0.005;1404409622;0.9047619047619048;0.7916666666666666;"[[3 0 0 0 0 0]
 [0 1 0 0 0 0]
 [0 0 4 0 0 0]
 [0 0 0 5 0 0]
 [0 0 0 0 6 0]
 [2 0 0 0 0 0]]";0.6406417112299465;0.48796963590961945;"[[204   4   6  28   2   0   0]
 [  5 139   6   7   0   0   0]
 [  4   1 221   7   0   0   0]
 [ 38  14  71 520   6   0   0]
 [ 36   7   2 110 114   0   0]
 [ 87  54  14  32  20   0   0]
 [ 71  10   2  27   1   0   0]]";0.6352509179926561;0.4851811812957111;"[[ 79   3   4  20   0   0   0]
 [  3  52   7   4   0   0   0]
 [  1   0 121   4   0   0   0]
 [ 25   8   4 208   1   0   0]
 [ 18   3   3  45  59   0   0]
 [ 37  24   5  19   5   0   0]
 [ 38   6   7   3   1   0   0]]";21;[3 1 4 5 6 2]
736;Cora;own;0.5;0.2;64;0.5;1;0.005;1404409622;0.7142857142857143;0.6092352092352092;"[[2 0 1 0 0 0 0]
 [0 2 0 0 0 0 0]
 [0 0 5 0 0 0 0]
 [0 0 1 5 0 0 0]
 [0 0 0 0 6 0 0]
 [0 0 5 0 0 0 0]
 [0 0 1 0 0 0 0]]";0.500805152979066;0.3884743308216492;"[[ 59   2 154   2   0   0   0]
 [  1 128  22   0   1   0   0]
 [  2   1 434   6   1   0   0]
 [  0  24 244 246   0   0   0]
 [  5   9 143  43  66   0   0]
 [  0   6 162   0   0   0   0]
 [  0   1 101   0   0   0   0]]";0.39412484700122397;0.3341483987909501;"[[ 23   1  80   2   0   0   0]
 [  0  46  20   0   0   0   0]
 [  0   0 126   0   0   0   0]
 [  0  10 147  89   0   0   0]
 [  0  13  65  12  38   0   0]
 [  0   4  86   0   0   0   0]
 [  0   0  55   0   0   0   0]]";28;[3 2 5 6 6 5 1]
737;Cora;own;0.5;0.2;64;0.5;1;0.005;1404409622;0.8;0.6554621848739496;"[[5 0 0 0 0 0 0]
 [0 3 0 0 0 0 0]
 [0 0 5 0 0 0 0]
 [0 0 0 8 0 0 0]
 [0 0 0 0 7 0 0]
 [0 0 6 0 0 0 0]
 [0 0 1 0 0 0 0]]";0.6212284482758621;0.48344710389239204;"[[116   2  91   7   2   0   0]
 [  2 129  15   0   2   0   0]
 [  2   1 401   5   2   0   0]
 [ 32  17 109 364   3   0   0]
 [ 35   3  25  65 143   0   0]
 [ 12  25 135   4   4   0   0]
 [  2   2  90   9   0   0   0]]";0.5471236230110159;0.44664524110434184;"[[ 51   2  47   6   0   0   0]
 [  0  49  16   1   0   0   0]
 [  0   0 125   1   0   0   0]
 [ 22   8  66 149   1   0   0]
 [ 12   4  14  25  73   0   0]
 [  3   9  75   3   0   0   0]
 [  0   0  54   1   0   0   0]]";35;[5 3 5 8 7 6 1]
738;Cora;own;0.5;0.2;64;0.5;1;0.005;1404409622;0.7857142857142857;0.6103967902950654;"[[7 0 0 0 0 0 0]
 [0 3 0 0 0 0 0]
 [0 0 6 0 0 0 0]
 [0 0 0 9 0 0 0]
 [1 0 0 0 8 0 0]
 [2 2 1 0 2 0 0]
 [0 0 1 0 0 0 0]]";0.6782044348296377;0.5168630492116618;"[[193   4  38   7   4   0   0]
 [  1 135   7   1   1   0   0]
 [  2   1 380   4   1   0   0]
 [ 40  16  70 385   3   0   0]
 [ 43   7  12  54 161   0   0]
 [ 48  45  45  10  24   0   0]
 [ 22   7  67  11   0   0   0]]";0.5997552019583844;0.4668038513656013;"[[ 76   3  24   3   0   0   0]
 [  0  52  12   2   0   0   0]
 [  0   3 122   1   0   0   0]
 [ 21  10  45 166   4   0   0]
 [ 15   7   7  25  74   0   0]
 [ 24  16  35   5  10   0   0]
 [ 10   4  41   0   0   0   0]]";42;[7 3 6 9 9 7 1]
739;Cora;own;0.5;0.2;64;0.5;1;0.005;1404409622;0.9387755102040817;0.8253968253968255;"[[ 8  0  0  0  0  0  0]
 [ 0  3  0  0  0  0  0]
 [ 0  0  6  0  0  0  0]
 [ 0  0  0 10  0  0  0]
 [ 0  0  0  0 11  0  0]
 [ 1  0  0  0  0  8  0]
 [ 1  0  0  0  0  1  0]]";0.757328990228013;0.6698134469364054;"[[214   6  22   4   3   3   0]
 [  1 132   6   3   1   1   0]
 [  4   0 354   4   1   1   0]
 [ 31  11  69 390   7   8   0]
 [ 35   2   4  36 177  16   0]
 [ 23   2  28   1   2 128   0]
 [ 42   1  46   9   0  14   0]]";0.6805385556915544;0.6038420277025695;"[[ 85   2  14   5   0   0   0]
 [  0  50  14   2   0   0   0]
 [  2   0 123   1   0   0   0]
 [ 23  11  41 162   6   3   0]
 [ 14   6   7  18  76   7   0]
 [ 11   4  14   1   0  60   0]
 [ 19   3  29   0   0   4   0]]";49;[ 8  3  6 10 11  9  2]
740;Cora;own;0.5;0.2;64;0.5;1;0.005;1404409622;0.9464285714285714;0.8258145363408521;"[[ 9  0  0  0  0  0  0]
 [ 0  4  0  0  0  0  0]
 [ 0  0  7  0  0  0  0]
 [ 0  0  0 11  0  0  0]
 [ 0  0  0  0 13  0  0]
 [ 1  0  0  0  0  9  0]
 [ 1  0  1  0  0  0  0]]";0.7651226158038147;0.6798407013211205;"[[210   2  19   1  13   1   0]
 [  2 133   8   3   2   0   0]
 [  1   0 351   3   3   1   0]
 [ 32   8  79 338  39   1   0]
 [ 22   3   1   8 258   1   0]
 [ 41   4  18   1   3 114   0]
 [ 54   6  41   9   1   0   0]]";0.6780905752753978;0.6073622570733438;"[[ 88   2  12   3   1   0   0]
 [  0  50  14   2   0   0   0]
 [  2   0 123   1   0   0   0]
 [ 26   9  47 125  39   0   0]
 [  4   4   3   1 116   0   0]
 [ 21   5  10   0   2  52   0]
 [ 27   2  24   0   2   0   0]]";56;[ 9  4  7 11 13 10  2]
741;Cora;own;0.5;0.2;64;0.5;1;0.005;1404409622;0.9365079365079365;0.8223600551331643;"[[ 9  0  0  0  0  0  0]
 [ 0  5  0  0  0  0  0]
 [ 0  0  8  0  0  0  0]
 [ 0  0  0 13  0  0  0]
 [ 0  0  0  0 14  0  0]
 [ 1  0  0  0  0 10  0]
 [ 1  0  1  1  0  0  0]]";0.7768052516411379;0.6868546607446648;"[[200   5  23   1  12   2   0]
 [  2 136   6   3   2   0   0]
 [  1   0 349   3   1   1   0]
 [ 29  13  65 356  31   2   0]
 [ 18   4   3  12 250   5   0]
 [ 36   5  10   1   3 129   0]
 [ 38   9  41  17   0   4   0]]";0.6891064871481029;0.6130726296651748;"[[ 80   3  14   5   4   0   0]
 [  0  51  13   2   0   0   0]
 [  0   2 123   1   0   0   0]
 [ 22  10  39 143  31   1   0]
 [  4   7   7   1 108   1   0]
 [ 12   6  12   0   2  58   0]
 [ 20   5  28   1   0   1   0]]";63;[ 9  5  8 13 14 11  3]
742;Cora;own;0.5;0.2;64;0.5;1;0.005;1404409622;0.9571428571428572;0.838635049161365;"[[ 9  0  0  0  0  0  0]
 [ 0  6  0  0  0  0  0]
 [ 0  0  9  0  0  0  0]
 [ 0  0  0 16  0  0  0]
 [ 0  0  0  0 15  0  0]
 [ 0  0  0  0  0 12  0]
 [ 1  0  0  0  0  2  0]]";0.7869302580999451;0.6929125914795881;"[[182   8  22   2  15   2   0]
 [  3 130   5   3   5   0   0]
 [  2   0 336   3   0   1   0]
 [ 15   7  53 417  33   1   0]
 [ 16   3   1  20 222  12   0]
 [ 29   2  10   3   3 146   0]
 [ 31   3  48  11   7   9   0]]";0.7294981640146879;0.6481369872981791;"[[ 77   4  13   6   4   2   0]
 [  0  51  12   3   0   0   0]
 [  0   2 123   1   0   0   0]
 [ 11   6  31 174  21   3   0]
 [  2   5   7   8 104   2   0]
 [  5   5  10   1   2  67   0]
 [ 11   0  37   3   2   2   0]]";70;[ 9  6  9 16 15 12  3]
743;Cora;own;0.5;0.2;64;0.5;1;0.005;1404409622;0.948051948051948;0.838121874735147;"[[11  0  0  0  0  0  0]
 [ 0  7  0  0  0  0  0]
 [ 0  0  9  0  0  0  0]
 [ 0  0  0 18  0  0  0]
 [ 0  0  0  0 15  0  0]
 [ 0  0  0  0  0 13  0]
 [ 1  0  0  2  0  1  0]]";0.7982359426681367;0.6995689743081088;"[[223   6   8   7  14   2   0]
 [  6 134   4   4   2   1   0]
 [ 10   1 317   6   0   0   0]
 [ 29   8  24 437  23   1   0]
 [ 29   3   1  18 209   6   0]
 [ 43   5   2   2   3 128   0]
 [ 68   4   2  18   1   5   0]]";0.7478580171358629;0.657168723020739;"[[ 89   4   2   6   5   0   0]
 [  2  55   7   2   0   0   0]
 [  1   2 121   2   0   0   0]
 [ 18   9  17 189  11   2   0]
 [ 11   6   4   8  98   1   0]
 [ 17   7   3   3   1  59   0]
 [ 45   1   2   5   0   2   0]]";77;[11  7  9 18 15 13  4]
744;Cora;own;0.5;0.2;64;0.5;1;0.005;1404409622;0.9285714285714286;0.8235110244105747;"[[11  0  0  0  0  0  0]
 [ 0  7  0  0  0  0  0]
 [ 0  0 10  0  0  0  0]
 [ 0  0  0 18  0  0  0]
 [ 0  0  0  0 18  0  0]
 [ 0  0  0  0  0 14  0]
 [ 1  0  3  1  0  1  0]]";0.8029883785279469;0.7055106773113382;"[[210   5  14   5  18   3   0]
 [  3 129   5   5   2   1   0]
 [  5   0 320   4   0   0   0]
 [ 24   3  37 425  30   2   0]
 [ 20   3   1  18 236   2   0]
 [ 27   5   8   3   6 131   0]
 [ 59   0  21   1   9   7   0]]";0.7405140758873929;0.6526703832046853;"[[ 80   4   5   8   8   1   0]
 [  1  54   8   3   0   0   0]
 [  0   2 122   2   0   0   0]
 [ 12   6  27 179  20   2   0]
 [  3   3   7   6 109   0   0]
 [ 13   6   4   4   2  61   0]
 [ 38   0   9   2   2   4   0]]";84;[11  7 10 18 18 14  6]
745;Cora;own;0.5;0.2;64;0.5;1;0.005;1404409622;0.945054945054945;0.9234283734283736;"[[11  0  0  0  0  0  0]
 [ 0  9  0  0  0  0  0]
 [ 0  0 11  0  0  0  0]
 [ 0  0  0 18  0  0  0]
 [ 0  0  0  0 19  0  0]
 [ 0  0  0  0  1 14  0]
 [ 2  0  0  1  0  1  4]]";0.8;0.7084018193265827;"[[201   6  13   3  16   3   0]
 [  5 136   5   6   0   0   0]
 [  3   0 316   4   0   0   0]
 [ 24  10  29 422  25   3   0]
 [ 18   4   1  20 230   4   0]
 [ 30   9   5   2   6 131   0]
 [ 76  11   3   2   6   8   4]]";0.7454100367197063;0.6537061144096583;"[[ 82   4   5   7   7   1   0]
 [  1  56   6   3   0   0   0]
 [  1   2 121   2   0   0   0]
 [ 18  11  21 182  12   2   0]
 [  4   4   6   7 107   0   0]
 [ 13   8   3   3   2  61   0]
 [ 39   6   5   0   2   3   0]]";91;[11  9 11 18 19 15  8]
746;Cora;own;0.5;0.2;64;0.5;1;0.005;1404409622;0.9591836734693877;0.9480266684534976;"[[12  0  0  0  0  0  0]
 [ 0 10  0  0  0  0  0]
 [ 0  0 12  0  0  0  0]
 [ 0  0  0 19  0  0  0]
 [ 0  0  0  0 20  0  0]
 [ 0  0  0  0  1 15  0]
 [ 2  0  0  0  0  1  6]]";0.8170663692136084;0.7542869111977072;"[[210   6  11   4  16   2   0]
 [  3 138   5   4   0   0   0]
 [  2   0 313   4   0   0   0]
 [ 22   9  34 417  29   2   0]
 [ 15   3   1  18 238   2   0]
 [ 23   9   6   2   7 131   0]
 [ 69   2   3   2   5   8  18]]";0.7368421052631579;0.6668047670062685;"[[ 81   4   4   7   9   1   0]
 [  1  55   7   3   0   0   0]
 [  1   2 121   2   0   0   0]
 [ 22   9  22 174  17   2   0]
 [  4   4   6   8 106   0   0]
 [ 12   8   4   3   2  61   0]
 [ 35   0   5   2   6   3   4]]";98;[12 10 12 19 20 16  9]
747;Cora;own;0.5;0.2;64;0.5;1;0.005;1404409622;0.9523809523809523;0.9390414076825226;"[[12  0  0  0  0  0  0]
 [ 1 10  0  0  0  0  0]
 [ 0  0 13  0  0  0  0]
 [ 0  0  0 20  0  0  0]
 [ 0  0  0  0 21  0  0]
 [ 0  0  0  0  0 17  0]
 [ 1  0  0  1  0  2  7]]";0.8191489361702128;0.7593731461227123;"[[207   6  12   4  15   2   0]
 [  3 136   5   7   0   0   0]
 [  1   0 313   4   0   0   0]
 [ 19   8  34 424  24   3   0]
 [ 18   3   1  22 230   3   0]
 [ 21   8   8   2   6 133   0]
 [ 63   1   1   5   6   8  20]]";0.7564259485924113;0.7024500643249524;"[[ 81   4   5   7   8   1   0]
 [  0  56   7   3   0   0   0]
 [  1   0 121   4   0   0   0]
 [ 19   8  20 184  13   2   0]
 [  4   4   6  10 104   0   0]
 [ 10   8   4   4   2  62   0]
 [ 28   0   0   3   5   9  10]]";105;[12 11 13 20 21 17 11]
748;Cora;own;0.5;0.2;64;0.5;1;0.005;1404409622;0.9553571428571429;0.9475934917795383;"[[14  0  0  0  0  0  0]
 [ 0 11  0  0  0  0  0]
 [ 0  0 13  0  0  0  0]
 [ 0  0  0 21  0  0  0]
 [ 0  0  0  0 22  0  0]
 [ 1  0  0  0  0 18  0]
 [ 1  0  0  1  0  2  8]]";0.818999437886453;0.7583364726292933;"[[203   4  10   4  13   3   0]
 [  3 135   5   7   0   0   0]
 [  1   1 310   5   0   1   0]
 [ 23  10  29 420  24   3   2]
 [ 16   2   1  21 231   4   0]
 [ 24  10   6   4   2 138   0]
 [ 52   0   0  11   6  15  20]]";0.7674418604651163;0.7163725369498044;"[[ 86   3   3   7   7   0   0]
 [  1  55   7   3   0   0   0]
 [  1   2 121   2   0   0   0]
 [ 22   7  19 182  14   2   0]
 [  5   4   3   8 107   1   0]
 [ 11   8   3   2   1  65   0]
 [ 25   0   0   5   5   9  11]]";112;[14 11 13 21 22 19 12]
749;Cora;own;0.5;0.2;64;0.5;1;0.005;1404409622;0.9663865546218487;0.9624605639357193;"[[15  0  0  0  0  0  0]
 [ 0 12  0  0  0  0  0]
 [ 0  0 13  0  0  0  0]
 [ 0  0  0 23  0  0  0]
 [ 1  0  0  0 22  0  0]
 [ 0  0  0  0  0 20  0]
 [ 1  0  0  0  0  2 10]]";0.8521444695259593;0.8322353388184366;"[[201   6   8   5  10   6   1]
 [  2 134   5   7   0   1   0]
 [  1   1 307   5   0   1   0]
 [ 23  11  17 426  23   4   5]
 [ 14   2   1  22 234   4   0]
 [ 16   8   4   4   2 149   0]
 [ 27   0   0   2   2  12  59]]";0.8053855569155447;0.7962027341100292;"[[ 81   3   5   7   6   1   3]
 [  0  56   7   3   0   0   0]
 [  1   2 120   3   0   0   0]
 [ 21   8  11 190  14   2   0]
 [  6   4   4   8 104   2   0]
 [  7   8   3   1   1  69   1]
 [  9   0   0   0   2   6  38]]";119;[15 12 13 23 23 20 13]
750;Cora;own;0.5;0.2;64;0.5;1;0.005;1404409622;0.9761904761904762;0.9764311940354427;"[[15  0  0  0  0  0  0]
 [ 0 13  0  0  0  0  0]
 [ 0  0 14  0  0  0  0]
 [ 0  0  0 24  0  0  0]
 [ 1  0  0  0 23  0  0]
 [ 0  0  0  0  0 20  0]
 [ 0  0  0  0  1  1 14]]";0.8679886685552408;0.8558918070437385;"[[193   7   8   9   9   5   2]
 [  2 132   4   6   0   1   0]
 [  1   1 307   5   0   1   0]
 [ 21   9  15 453  15   2   3]
 [ 12   1   1  26 225   3   0]
 [ 15   9   4   4   2 149   0]
 [ 19   0   0   2   3   6  73]]";0.8164014687882497;0.8082819559937817;"[[ 79   3   6   7   7   1   3]
 [  0  57   6   3   0   0   0]
 [  1   2 120   3   0   0   0]
 [ 17   9  10 201   7   2   0]
 [  4   4   4  14 102   0   0]
 [  8   9   3   3   0  66   1]
 [  7   0   0   0   2   4  42]]";126;[15 13 14 24 24 20 16]
751;Cora;own;0.5;0.2;64;0.5;1;0.005;1404409622;0.9849624060150376;0.9820636875439831;"[[15  0  1  0  0  0  0]
 [ 0 14  0  0  0  0  0]
 [ 0  0 14  0  0  0  0]
 [ 0  0  0 25  0  0  0]
 [ 0  0  0  0 25  0  0]
 [ 0  0  0  0  0 21  0]
 [ 1  0  0  0  0  0 17]]";0.8646188850967008;0.8508500301350785;"[[183   6   9  10  13   9   1]
 [  2 131   3   6   0   1   0]
 [  1   1 303   5   0   1   0]
 [ 19   9  13 452  18   4   2]
 [ 11   1   0  24 230   4   0]
 [ 13   8   3   3   3 148   1]
 [ 17   0   0   4   5   8  73]]";0.8200734394124847;0.8123425281366481;"[[ 75   3   4   8  12   1   3]
 [  0  57   6   3   0   0   0]
 [  1   2 120   3   0   0   0]
 [ 16   8  10 201   9   2   0]
 [  4   4   2  12 106   0   0]
 [  8   9   3   1   0  67   2]
 [  6   0   0   0   2   3  44]]";133;[16 14 14 25 25 21 18]
752;Cora;own;0.5;0.2;64;0.5;1;0.005;1404409622;0.9785714285714285;0.9757425677729283;"[[15  0  1  0  0  0  0]
 [ 0 16  0  0  0  0  0]
 [ 0  0 15  0  0  0  0]
 [ 1  0  0 25  0  0  0]
 [ 0  0  0  0 27  0  0]
 [ 0  0  0  0  0 21  0]
 [ 1  0  0  0  0  0 18]]";0.8566533409480297;0.845422602859781;"[[181   6   9  10  18   7   1]
 [  2 130   4   7   0   1   0]
 [  1   1 300   4   0   0   0]
 [ 19  11  21 438  22   3   3]
 [ 11   1   0  22 232   3   0]
 [ 14   8   4   1   5 146   1]
 [ 15   0   1   2   6   7  73]]";0.802937576499388;0.797404704320624;"[[ 72   3   5   8  15   1   2]
 [  0  57   6   3   0   0   0]
 [  1   2 120   3   0   0   0]
 [ 17   8  11 192  16   2   0]
 [  4   4   2  10 108   0   0]
 [ 10   9   3   1   1  65   1]
 [  6   0   0   0   4   3  42]]";140;[16 16 15 26 27 21 19]
753;Cora;own;0.5;0.2;64;0.5;1;0.005;1404409622;0.9795918367346939;0.977067676259051;"[[16  0  1  0  0  0  0]
 [ 0 17  0  0  0  0  0]
 [ 0  0 16  0  0  0  0]
 [ 1  0  0 26  0  0  0]
 [ 0  0  0  0 28  0  0]
 [ 0  0  0  0  0 22  0]
 [ 1  0  0  0  0  0 19]]";0.8658256880733946;0.8554593988107928;"[[181   7   7  12  17   6   2]
 [  1 129   4   6   0   1   1]
 [  1   1 293   5   0   1   0]
 [ 19   8  17 451  17   3   3]
 [  8   1   0  25 233   2   1]
 [ 13   8   3   2   5 144   4]
 [ 11   0   0   1   6   5  79]]";0.8151774785801713;0.8108331836528812;"[[ 73   3   5   9  13   0   3]
 [  0  57   6   3   0   0   0]
 [  1   2 120   3   0   0   0]
 [ 16   8   9 196  13   3   1]
 [  4   4   1  11 108   0   0]
 [  9   9   2   1   2  66   1]
 [  2   0   0   0   5   2  46]]";147;[17 17 16 27 28 22 20]
754;Cora;own;0.5;0.2;64;0.5;1;0.005;1404409622;0.9805194805194806;0.9795658373046967;"[[18  0  0  0  0  0  0]
 [ 0 18  0  0  0  0  0]
 [ 0  0 16  0  0  0  0]
 [ 1  0  1 27  0  0  0]
 [ 0  0  0  0 29  0  0]
 [ 0  0  0  0  0 23  0]
 [ 1  0  0  0  0  0 20]]";0.853195164075993;0.8401750776491418;"[[171   8   7  10  19   6   5]
 [  1 123   4   5   1   1   1]
 [  3   1 288   5   0   1   0]
 [ 21   9  21 442  18   5   4]
 [  5   2   0  24 235   2   2]
 [ 16  10   3   2   5 140   7]
 [ 10   0   0   0   6   5  83]]";0.8078335373317014;0.8025354997017644;"[[ 71   3   6   7  16   0   3]
 [  0  56   7   3   0   0   0]
 [  1   2 120   3   0   0   0]
 [ 21   8  10 193   9   4   1]
 [  2   4   3  11 108   0   0]
 [  8   7   3   1   2  65   4]
 [  2   0   0   0   5   1  47]]";154;[18 18 16 29 29 23 21]
755;Cora;own;0.5;0.2;64;0.5;1;0.005;1404409622;0.9751552795031055;0.9743283246887053;"[[19  0  0  0  0  0  0]
 [ 0 18  0  0  0  0  0]
 [ 0  0 17  0  0  0  0]
 [ 1  1  1 28  0  0  0]
 [ 0  0  0  0 30  0  0]
 [ 0  0  0  0  0 24  0]
 [ 1  0  0  0  0  0 21]]";0.8549132947976879;0.842067501407309;"[[174   8   6  12  19   6   5]
 [  1 120   4   6   0   1   1]
 [  1   1 286   5   0   1   0]
 [ 21   8  19 448  16   2   3]
 [  8   3   1  26 230   2   1]
 [ 17   9   3   2   5 139   7]
 [ 12   0   0   0   4   5  82]]";0.8151774785801713;0.8089599375951954;"[[ 73   3   5   7  15   0   3]
 [  0  56   7   3   0   0   0]
 [  1   2 120   3   0   0   0]
 [ 20   7   9 198   8   3   1]
 [  2   4   3  12 107   0   0]
 [  9   8   3   1   1  65   3]
 [  3   0   0   0   3   2  47]]";161;[19 18 17 31 30 24 22]
756;Cora;own;0.5;0.2;64;0.5;1;0.005;1404409622;0.9702380952380952;0.9693528833217496;"[[20  0  0  0  0  0  0]
 [ 0 19  0  0  0  0  0]
 [ 0  0 18  0  0  0  0]
 [ 1  1  1 29  0  0  0]
 [ 0  0  0  0 31  0  0]
 [ 0  0  0  0  0 25  1]
 [ 1  0  0  0  0  0 21]]";0.8607080673244342;0.8484239638908909;"[[177   8   5  12  19   4   5]
 [  1 116   3   6   0   1   1]
 [  1   1 287   4   0   1   0]
 [ 18   8  21 449  16   3   3]
 [  8   3   1  26 230   2   0]
 [ 15   8   2   2   4 145   5]
 [ 12   0   0   0   4   7  79]]";0.817625458996328;0.8129498096250075;"[[ 75   3   2   7  16   0   3]
 [  0  56   7   3   0   0   0]
 [  1   2 120   3   0   0   0]
 [ 20   7  10 197   8   3   1]
 [  2   4   3  13 106   0   0]
 [  8   7   2   1   1  69   2]
 [  4   0   0   0   4   2  45]]";168;[20 19 18 32 31 26 22]
757;Cora;own;0.5;0.2;64;0.5;1;0.005;1404409622;0.9771428571428571;0.9761149703010167;"[[21  0  0  0  0  0  0]
 [ 0 19  0  0  0  0  0]
 [ 0  0 19  0  0  0  0]
 [ 0  1  0 32  0  0  1]
 [ 0  0  0  0 32  0  0]
 [ 0  1  0  0  0 27  0]
 [ 1  0  0  0  0  0 21]]";0.8490675990675991;0.8353406781714573;"[[160   8   6  13  30   6   5]
 [  1 115   3   6   0   1   1]
 [  1   1 285   6   0   1   0]
 [ 13   8  20 443  20   3   3]
 [  6   2   1  29 234   3   1]
 [ 12   9   2   3   4 144   5]
 [  9   0   0   2   8   7  76]]";0.8188494492044064;0.8109674344713156;"[[ 67   3   5  11  16   1   3]
 [  0  56   7   3   0   0   0]
 [  1   2 120   3   0   0   0]
 [ 12   7  10 204   9   3   1]
 [  2   4   3  13 106   0   0]
 [  4   7   2   1   2  72   2]
 [  2   0   0   0   7   2  44]]";175;[21 19 19 34 32 28 22]
758;Cora;own;0.5;0.2;64;0.5;1;0.005;1404409622;0.9725274725274725;0.9722688759381519;"[[22  0  0  0  0  0  0]
 [ 0 19  0  0  0  0  0]
 [ 0  0 19  0  0  0  0]
 [ 0  1  1 35  0  0  1]
 [ 0  0  0  0 32  0  0]
 [ 0  1  0  0  0 27  0]
 [ 0  0  0  0  0  1 23]]";0.8554710356933879;0.8402934438996594;"[[174   6   4  13  19   4   8]
 [  1 115   4   6   0   0   2]
 [  1   1 282   6   0   1   0]
 [ 23   7  15 446  13   3   2]
 [  6   2   0  29 228   3   1]
 [ 17   9   2   1   5 136   9]
 [ 14   0   0   0   6   4  81]]";0.8200734394124847;0.8129100923530908;"[[ 72   2   2  11  14   0   5]
 [  0  56   7   3   0   0   0]
 [  3   0 121   2   0   0   0]
 [ 21   7   9 200   6   2   1]
 [  2   3   3  12 108   0   0]
 [  7   7   2   2   0  67   5]
 [  3   0   0   0   5   1  46]]";182;[22 19 19 38 32 28 24]
759;Cora;own;0.5;0.2;64;0.5;1;0.005;1404409622;0.9629629629629629;0.9639709542353527;"[[22  0  0  0  0  0  0]
 [ 0 19  0  0  0  0  0]
 [ 0  0 19  0  0  0  0]
 [ 0  2  0 39  0  1  1]
 [ 0  0  0  0 33  0  0]
 [ 0  1  0  0  0 26  1]
 [ 0  0  0  0  0  1 24]]";0.8560517038777908;0.8399104847881461;"[[165   6   4  18  23   4   8]
 [  1 113   4   8   0   0   2]
 [  1   1 275   8   0   1   0]
 [ 20   4   7 462  11   3   2]
 [  6   1   0  34 225   2   1]
 [ 11   9   2   3   5 139   9]
 [ 11   0   0   4   6   5  78]]";0.8212974296205631;0.8116538388669495;"[[ 66   2   2  13  18   0   5]
 [  0  55   7   4   0   0   0]
 [  1   0 119   6   0   0   0]
 [ 20   4   1 215   4   2   0]
 [  2   3   3  15 105   0   0]
 [  5   6   2   5   2  66   4]
 [  1   0   0   1   6   2  45]]";189;[22 19 19 43 33 28 25]
760;Cora;own;0.5;0.2;64;0.5;1;0.005;1404409622;0.9642857142857143;0.9660799903225649;"[[23  0  0  0  0  0  0]
 [ 0 20  0  0  0  0  0]
 [ 0  0 20  0  0  0  0]
 [ 0  2  0 40  0  1  0]
 [ 0  0  0  1 33  0  0]
 [ 0  1  0  0  0 28  0]
 [ 0  0  0  0  0  2 25]]";0.8613569321533924;0.8476229789865464;"[[174   6   5  12  20   9   4]
 [  1 112   6   7   0   1   1]
 [  1   1 274   4   0   1   0]
 [ 25   4   9 450  18   2   1]
 [  7   1   0  23 230   3   1]
 [ 15   6   2   3   5 143   7]
 [  9   0   0   2   5   8  77]]";0.8274173806609547;0.8163786982298306;"[[ 71   2   2  11  16   0   4]
 [  0  55   7   3   0   1   0]
 [  3   0 121   2   0   0   0]
 [ 22   5   3 208   6   2   0]
 [  4   3   3  10 108   0   0]
 [  7   7   2   1   0  70   3]
 [  2   0   0   0   6   4  43]]";196;[23 20 20 43 34 29 27]
761;Cora;own;0.5;0.2;64;0.5;1;0.005;1404409622;0.9753694581280788;0.9754969840062581;"[[24  0  0  0  0  0  0]
 [ 0 20  0  0  0  0  0]
 [ 0  0 22  0  0  0  0]
 [ 0  1  0 42  0  1  0]
 [ 0  0  0  0 35  0  0]
 [ 0  1  0  0  0 28  0]
 [ 0  0  0  0  1  1 27]]";0.8637440758293838;0.8516482668011817;"[[168   5   5  15  22   7   5]
 [  1 107   4  11   1   0   2]
 [  1   0 273   8   0   0   0]
 [ 21   3   8 454  19   2   3]
 [  6   1   0  20 232   3   1]
 [ 15   7   2   3   4 140  10]
 [  6   0   0   2   4   3  84]]";0.8188494492044064;0.801820715307325;"[[ 65   2   2  12  19   0   6]
 [  0  54   7   4   0   1   0]
 [  3   0 119   4   0   0   0]
 [ 21   4   2 209   7   2   1]
 [  2   3   3   8 112   0   0]
 [  6   6   2   1   1  65   9]
 [  1   0   0   0   4   5  45]]";203;[24 20 22 44 35 29 29]
762;Cora;own;0.5;0.2;64;0.5;1;0.005;1404409622;0.9761904761904762;0.9760415361341456;"[[25  0  0  0  0  0  0]
 [ 0 21  0  0  0  0  0]
 [ 0  0 23  0  0  0  0]
 [ 0  1  0 42  0  1  0]
 [ 0  0  0  0 37  0  0]
 [ 0  1  0  0  0 29  0]
 [ 0  0  0  0  0  2 28]]";0.8649613325401546;0.8507819143892267;"[[166   4   5  14  21   9   6]
 [  1 108   4   9   0   0   2]
 [  1   0 271   8   0   1   0]
 [ 21   8   6 445  23   5   5]
 [  4   2   0  12 239   3   1]
 [ 10   7   3   2   4 144   9]
 [  6   0   0   2   4   5  81]]";0.8151774785801713;0.800238644467598;"[[ 69   2   1  11  17   1   5]
 [  0  55   7   3   0   1   0]
 [  3   0 119   4   0   0   0]
 [ 20   5   2 200  14   3   2]
 [  2   3   3   6 114   0   0]
 [  6   7   2   1   1  67   6]
 [  3   0   0   0   3   7  42]]";210;[25 21 23 44 37 30 30]
763;Cora;own;0.5;0.2;64;0.5;1;0.005;1404409622;0.9815668202764977;0.9800965755408776;"[[26  0  0  0  0  1  0]
 [ 0 21  0  0  0  0  0]
 [ 0  0 23  0  0  0  0]
 [ 0  1  0 45  0  0  0]
 [ 0  0  0  0 38  0  0]
 [ 0  1  0  0  0 30  0]
 [ 0  0  0  0  0  1 30]]";0.8727598566308243;0.8590552516529829;"[[178   3   4  14  10   3  10]
 [  3 103   4  10   0   0   3]
 [  1   0 271   7   0   1   0]
 [ 24   4   7 453  13   4   7]
 [  7   1   1  17 229   3   2]
 [ 13   1   4   2   4 142  13]
 [  6   0   0   3   1   3  85]]";0.817625458996328;0.8034053351162028;"[[ 76   2   1  11   9   0   7]
 [  1  53   7   3   0   1   1]
 [  4   0 118   4   0   0   0]
 [ 20   4   2 207   9   2   2]
 [  4   3   4  11 106   0   0]
 [ 10   2   3   2   1  64   8]
 [  3   0   0   1   1   6  44]]";217;[27 21 23 46 38 31 31]
764;Cora;own;0.5;0.2;64;0.5;1;0.005;1404409622;0.9732142857142857;0.9729343169544042;"[[26  0  0  0  0  1  0]
 [ 0 22  0  0  0  0  0]
 [ 0  0 24  0  0  0  0]
 [ 0  1  0 46  1  0  0]
 [ 1  0  0  0 38  0  0]
 [ 0  1  0  0  0 31  0]
 [ 0  0  0  0  0  1 31]]";0.8710257948410318;0.859445195669298;"[[170   2   3  13  15   5   8]
 [  3 103   4  10   1   0   2]
 [  1   0 270   7   0   1   0]
 [ 24   4   4 451  22   3   4]
 [  7   1   0  17 231   3   2]
 [ 11   1   4   2   7 144  11]
 [  6   0   0   2   2   3  83]]";0.8212974296205631;0.8093819317604983;"[[ 72   2   1  12  13   0   6]
 [  0  56   7   3   0   0   0]
 [  4   0 117   5   0   0   0]
 [ 18   3   2 208  11   2   2]
 [  4   3   2   9 110   0   0]
 [ 10   1   3   2   2  64   8]
 [  3   0   0   0   2   6  44]]";224;[27 22 24 48 39 32 32]
765;Cora;own;0.5;0.2;64;0.5;1;0.005;1404409622;0.9826839826839827;0.9816596170113592;"[[28  0  0  0  0  1  0]
 [ 0 23  0  0  0  0  0]
 [ 0  0 24  0  0  0  0]
 [ 0  1  0 48  0  0  0]
 [ 0  0  0  0 39  0  0]
 [ 0  1  0  0  0 33  0]
 [ 0  0  0  0  0  1 32]]";0.8765060240963856;0.8670260951665941;"[[175   2   0  13  15   3  10]
 [  2 105   4   9   0   0   2]
 [  1   0 268   8   1   1   0]
 [ 30   3   4 449  18   3   2]
 [  8   1   0  17 230   3   2]
 [ 13   1   1   1   4 148  10]
 [  6   0   0   3   1   3  80]]";0.8274173806609547;0.8179325576414015;"[[ 73   2   1  11  10   3   6]
 [  0  55   7   4   0   0   0]
 [  4   0 115   7   0   0   0]
 [ 19   3   2 210   9   2   1]
 [  4   3   0  11 110   0   0]
 [  9   1   2   2   1  69   6]
 [  3   0   0   1   1   6  44]]";231;[29 23 24 49 39 34 33]
766;Cora;own;0.5;0.2;64;0.5;1;0.005;1404409622;0.9915966386554622;0.9908707192898482;"[[29  0  0  0  0  0  0]
 [ 0 24  0  0  0  0  0]
 [ 0  0 25  0  0  0  0]
 [ 0  0  0 51  0  0  0]
 [ 0  0  0  0 40  0  0]
 [ 0  1  0  0  0 34  0]
 [ 0  0  0  0  0  1 33]]";0.8802177858439202;0.8710054511531247;"[[172   2   0  14  14   6   9]
 [  2 103   4  10   0   1   1]
 [  1   0 269   7   0   1   0]
 [ 25   3   8 453  14   3   2]
 [  7   1   1  18 228   3   2]
 [ 11   0   1   2   4 152   7]
 [  6   0   0   4   1   3  78]]";0.8188494492044064;0.8065629014326;"[[ 72   2   1  12  11   3   5]
 [  0  50   7   8   0   0   1]
 [  4   0 116   6   0   0   0]
 [ 17   3   2 212   9   2   1]
 [  2   3   5  12 105   1   0]
 [  8   0   2   2   1  70   7]
 [  1   0   0   1   2   7  44]]";238;[29 24 25 51 40 35 34]
767;Cora;own;0.5;0.2;64;0.5;1;0.005;1404409622;0.9918367346938776;0.9906951062364185;"[[29  0  0  0  0  0  0]
 [ 0 25  0  0  0  0  0]
 [ 0  0 26  0  0  0  0]
 [ 0  0  0 53  0  0  0]
 [ 0  0  0  0 41  0  0]
 [ 0  1  0  0  0 35  0]
 [ 1  0  0  0  0  0 34]]";0.8778857837181046;0.8672985755712184;"[[174   2   0  14  14   4   9]
 [  3 102   4   9   0   0   2]
 [  2   0 267   8   0   1   0]
 [ 24   4   5 446  21   3   2]
 [  5   2   1  14 234   2   2]
 [ 15   1   1   2   4 145   7]
 [  6   0   0   3   2   3  77]]";0.8274173806609547;0.8173152076418305;"[[ 74   2   1  12  11   1   5]
 [  1  54   6   5   0   0   0]
 [  4   0 116   6   0   0   0]
 [ 18   4   2 208  11   2   1]
 [  0   3   5   8 112   0   0]
 [ 10   0   2   2   1  68   7]
 [  2   0   0   0   3   6  44]]";245;[29 25 26 53 41 36 35]
768;Cora;own;0.5;0.2;64;0.5;1;0.005;1404409622;0.9880952380952381;0.9872973047252368;"[[30  0  0  0  0  0  0]
 [ 0 25  0  0  0  0  0]
 [ 0  0 27  0  0  0  0]
 [ 0  1  0 53  0  0  0]
 [ 0  0  0  0 43  0  0]
 [ 0  1  0  0  0 36  0]
 [ 0  0  0  0  0  1 35]]";0.8773642464917633;0.8662164632237115;"[[175   2   0  12  13   5   9]
 [  1 101   4  10   0   0   2]
 [  2   0 267   7   0   1   0]
 [ 24   4   5 441  23   4   2]
 [  5   1   1  14 235   3   2]
 [ 14   2   1   2   4 142   9]
 [  6   0   0   2   2   3  77]]";0.8237454100367197;0.8078312348799132;"[[ 73   2   1  11  11   1   7]
 [  0  49   7   8   0   0   2]
 [  4   0 118   4   0   0   0]
 [ 19   3   2 208  11   2   1]
 [  0   3   5   8 111   1   0]
 [  8   1   2   0   1  69   9]
 [  1   0   0   0   3   6  45]]";252;[30 25 27 54 43 37 36]
769;Cora;own;0.5;0.2;64;0.5;1;0.005;1404409622;0.9884169884169884;0.9878777156405188;"[[30  0  0  0  0  0  0]
 [ 0 26  0  0  0  0  0]
 [ 0  0 28  0  0  0  0]
 [ 0  0  0 55  0  0  0]
 [ 0  0  0  0 44  0  0]
 [ 0  1  0  0  0 37  1]
 [ 0  0  0  0  0  1 36]]";0.8805147058823529;0.8697023287643981;"[[166   3   0  14  18   5   7]
 [  1 102   4   9   0   0   1]
 [  3   0 267   6   0   1   0]
 [ 21   2   5 449  20   3   3]
 [  3   1   0  16 236   2   2]
 [ 14   2   1   2   5 140   8]
 [  5   0   0   2   3   3  77]]";0.8212974296205631;0.807985425399363;"[[ 70   2   1  13  14   1   5]
 [  0  50   8   8   0   0   0]
 [  4   0 117   5   0   0   0]
 [ 17   3   2 208  12   2   2]
 [  0   3   4   8 113   0   0]
 [  7   1   2   2   1  69   8]
 [  2   0   0   0   3   6  44]]";259;[30 26 28 55 44 39 37]
770;Cora;own;0.5;0.2;64;0.5;1;0.005;1404409622;0.9887218045112782;0.9877804346662734;"[[30  0  0  0  0  0  0]
 [ 0 27  0  0  0  0  0]
 [ 0  0 29  0  0  0  0]
 [ 0  0  0 56  0  0  0]
 [ 0  0  0  0 45  0  0]
 [ 1  1  0  0  0 38  1]
 [ 0  0  0  0  0  0 38]]";0.8763076923076923;0.8662690299210764;"[[167   2   0  14  17   6   8]
 [  1  99   4  10   0   0   1]
 [  3   0 264   8   0   1   0]
 [ 22   4   4 439  23   4   5]
 [  2   1   0  16 236   3   2]
 [ 11   2   0   2   4 141  10]
 [  5   0   0   2   2   2  78]]";0.824969400244798;0.8107746137772407;"[[ 73   2   1  11  11   2   6]
 [  1  51   7   5   0   0   2]
 [  4   0 115   7   0   0   0]
 [ 17   3   1 207  14   2   2]
 [  0   3   2   6 116   1   0]
 [ 10   0   2   2   1  68   7]
 [  3   0   0   0   2   6  44]]";266;[30 27 29 56 45 41 38]
771;Cora;own;0.5;0.2;64;0.5;1;0.005;1404409622;0.978021978021978;0.9797263681364176;"[[31  0  0  0  0  0  0]
 [ 0 28  0  0  0  0  0]
 [ 0  0 30  0  0  0  0]
 [ 0  0  0 57  1  0  1]
 [ 0  0  0  0 45  0  0]
 [ 0  1  0  1  0 39  1]
 [ 0  0  0  0  0  1 37]]";0.8788627935723115;0.8679487552426653;"[[169   2   0  18  18   6   6]
 [  1  96   4   9   0   2   0]
 [  3   0 260  10   1   1   0]
 [ 20   3   4 450  18   3   2]
 [  3   1   0  14 231   3   2]
 [  8   1   0   5   4 143  12]
 [  5   0   0   2   2   3  73]]";0.8274173806609547;0.8140818849149467;"[[ 70   2   1  13  12   3   5]
 [  1  48   8   9   0   0   0]
 [  3   0 116   7   0   0   0]
 [ 17   3   1 210  11   2   2]
 [  0   3   1   6 117   1   0]
 [  7   0   2   4   1  71   5]
 [  3   0   0   0   2   6  44]]";273;[31 28 30 59 45 42 38]
772;Cora;own;0.5;0.2;64;0.5;1;0.005;1404409622;0.9821428571428571;0.9798150023623347;"[[32  0  0  0  0  0  1]
 [ 0 29  1  0  0  0  0]
 [ 0  0 31  0  0  0  0]
 [ 0  0  0 59  0  0  0]
 [ 0  0  0  0 46  0  0]
 [ 1  1  0  0  0 40  0]
 [ 0  0  0  0  0  1 38]]";0.8839230291744258;0.8735124996478886;"[[177   2   0  15  14   5   4]
 [  1  97   5   8   0   0   1]
 [  2   0 261  10   1   1   0]
 [ 22   4   5 445  15   3   2]
 [  3   1   1  14 230   2   2]
 [ 13   1   1   2   4 141  11]
 [  5   0   0   2   2   3  73]]";0.8408812729498164;0.8260872584927815;"[[ 75   2   1  11  11   1   5]
 [  0  50   8   8   0   0   0]
 [  2   0 121   3   0   0   0]
 [ 18   3   1 214   7   2   1]
 [  0   3   5   5 114   1   0]
 [ 10   0   2   3   1  69   5]
 [  4   0   0   0   2   5  44]]";280;[33 30 31 59 46 42 39]
773;Cora;own;0.5;0.2;64;0.5;1;0.005;1404409622;0.9825783972125436;0.9798320509749285;"[[33  0  1  0  0  0  1]
 [ 0 30  1  0  0  0  0]
 [ 0  0 31  0  0  0  0]
 [ 0  0  0 60  0  0  0]
 [ 0  0  0  0 47  0  0]
 [ 0  1  0  0  0 42  0]
 [ 0  0  0  0  0  1 39]]";0.885286783042394;0.8762184574326984;"[[179   2   0  15   9   9   2]
 [  1  95   5   8   0   1   1]
 [  1   0 264   6   1   2   0]
 [ 24   4   6 434  18   7   2]
 [  3   1   1  13 230   3   1]
 [  9   0   1   1   4 146  11]
 [  8   0   0   1   1   2  72]]";0.8396572827417381;0.8257001465954282;"[[ 77   2   1  11   8   1   6]
 [  1  50   7   7   0   0   1]
 [  3   0 121   2   0   0   0]
 [ 19   3   1 212   8   3   0]
 [  2   3   5   5 112   1   0]
 [ 11   0   2   2   1  71   3]
 [  5   0   0   0   2   5  43]]";287;[35 31 31 60 47 43 40]
774;Cora;own;0.5;0.2;64;0.5;1;0.005;1404409622;0.9863945578231292;0.9835470395054574;"[[33  0  1  0  0  0  1]
 [ 0 31  1  0  0  0  0]
 [ 0  0 31  0  0  0  0]
 [ 0  0  0 62  0  0  0]
 [ 0  0  0  0 48  0  0]
 [ 0  1  0  0  0 43  0]
 [ 0  0  0  0  0  0 42]]";0.8854101440200376;0.8711307295327672;"[[170   3   0  14  13   7   8]
 [  1  97   6   6   0   0   1]
 [  1   0 262   7   1   2   0]
 [ 20   6   6 442  16   1   3]
 [  3   1   1  14 230   2   1]
 [  5   1   1   3   4 142  12]
 [  6   0   0   2   1   4  71]]";0.8518971848225214;0.8382367782144015;"[[ 76   2   1  12   8   1   6]
 [  0  52   7   6   0   0   1]
 [  2   0 122   2   0   0   0]
 [ 16   3   2 214   8   2   1]
 [  0   3   5   5 114   1   0]
 [  6   0   2   2   1  70   9]
 [  2   0   0   0   2   3  48]]";294;[35 32 31 62 48 44 42]
775;Cora;own;0.5;0.2;64;0.5;1;0.005;1404409622;0.9867109634551495;0.9848183162757034;"[[35  0  1  0  0  0  0]
 [ 0 32  1  0  0  0  0]
 [ 0  0 31  0  0  0  0]
 [ 0  0  0 65  0  0  1]
 [ 0  0  0  0 48  0  0]
 [ 0  1  0  0  0 44  0]
 [ 0  0  0  0  0  0 42]]";0.8842767295597485;0.8680839689204153;"[[170   2   0  15  16   7   5]
 [  1  94   7   8   0   0   1]
 [  2   0 262   5   1   2   0]
 [ 19   6   5 443  13   2   2]
 [  4   1   0  13 231   2   1]
 [  9   2   1   2   5 137  10]
 [  7   0   0   2   1   5  69]]";0.8482252141982864;0.839207471109562;"[[ 77   2   0  12  10   1   4]
 [  0  52   7   6   0   0   1]
 [  3   0 121   2   0   0   0]
 [ 18   3   2 212   9   2   0]
 [  0   3   4   6 115   0   0]
 [  9   0   2   4   1  69   5]
 [  4   0   0   0   1   3  47]]";301;[36 33 31 66 48 45 42]
776;Cora;own;0.5;0.2;64;0.5;1;0.005;1404409622;0.9902597402597403;0.9893161304006659;"[[37  0  0  0  0  0  0]
 [ 0 33  1  0  0  0  0]
 [ 0  0 32  0  0  0  0]
 [ 0  0  0 66  0  0  1]
 [ 0  0  0  0 49  0  0]
 [ 0  1  0  0  0 44  0]
 [ 0  0  0  0  0  0 44]]";0.8843967150979154;0.8666317886486811;"[[166   2   0  16  14   5  11]
 [  2  93   7   7   0   0   1]
 [  2   0 262   4   1   2   0]
 [ 21   6   4 441  12   2   4]
 [  3   1   0  13 230   2   2]
 [  6   2   1   2   4 135  14]
 [  4   0   0   2   2   2  73]]";0.8421052631578947;0.8285242301790022;"[[ 75   2   0  12  10   1   6]
 [  0  51   7   6   0   0   2]
 [  3   0 122   1   0   0   0]
 [ 17   3   2 212   7   2   3]
 [  2   3   3   8 111   0   1]
 [  5   0   2   4   1  68  10]
 [  4   0   0   0   1   1  49]]";308;[37 34 32 67 49 45 44]
777;Cora;own;0.5;0.2;64;0.5;1;0.005;1404409622;0.9841269841269841;0.9844324427196709;"[[38  0  0  0  0  0  0]
 [ 0 33  1  0  0  0  0]
 [ 0  0 33  0  0  0  0]
 [ 0  0  0 66  0  1  1]
 [ 0  0  0  1 50  0  0]
 [ 0  1  0  0  0 46  0]
 [ 0  0  0  0  0  0 44]]";0.883248730964467;0.8693030976612685;"[[168   2   0  14  17   8   4]
 [  1  93   7   8   0   1   0]
 [  3   0 259   4   2   2   0]
 [ 23   4   4 436  15   5   2]
 [  4   1   0  11 231   2   1]
 [  6   0   1   3   4 138  10]
 [  5   0   0   2   2   6  67]]";0.8518971848225214;0.8472378372935739;"[[ 77   2   0  12  10   1   4]
 [  0  52   7   6   0   1   0]
 [  3   0 122   1   0   0   0]
 [ 19   3   2 208  12   2   0]
 [  1   3   0   6 118   0   0]
 [  6   1   1   7   1  71   3]
 [  4   0   0   0   1   2  48]]";315;[38 34 33 68 51 47 44]
778;Cora;own;0.5;0.2;64;0.5;1;0.005;1404409622;0.9813664596273292;0.9805099858522394;"[[39  0  0  0  0  0  0]
 [ 0 32  1  1  0  1  0]
 [ 0  0 34  0  0  0  0]
 [ 0  0  0 68  0  0  1]
 [ 0  0  0  1 51  0  0]
 [ 0  1  0  0  0 47  0]
 [ 0  0  0  0  0  0 45]]";0.8891013384321224;0.8735118285344668;"[[167   2   0  16  10   7   9]
 [  2  92   7   7   0   0   1]
 [  2   0 259   5   1   2   0]
 [ 21   3   5 443  14   3   1]
 [  3   1   0  11 228   3   2]
 [  6   0   1   2   4 137  11]
 [  6   0   0   2   1   3  69]]";0.8457772337821298;0.8392723191345549;"[[ 79   2   0   9  10   2   4]
 [  0  52   7   6   0   0   1]
 [  3   0 122   1   0   0   0]
 [ 17   3   3 207  12   2   2]
 [  1   3   4   7 111   1   1]
 [  5   0   3   5   1  70   6]
 [  3   0   0   0   2   0  50]]";322;[39 35 34 69 52 48 45]
779;Cora;own;0.5;0.2;64;0.5;1;0.005;1404409622;0.9756838905775076;0.975568724193808;"[[40  0  0  0  1  0  0]
 [ 0 33  1  1  0  1  0]
 [ 0  0 35  0  0  0  0]
 [ 0  0  0 68  0  1  0]
 [ 0  0  0  2 51  0  0]
 [ 0  1  0  0  0 48  0]
 [ 0  0  0  0  0  0 46]]";0.8898847631241997;0.8734749148445019;"[[168   2   0  17   9   9   4]
 [  2  92   7   5   0   1   1]
 [  3   0 257   5   1   2   0]
 [ 20   3   4 444  13   4   1]
 [  4   1   0  10 229   2   2]
 [  9   2   1   1   4 136   7]
 [  7   0   0   3   1   5  64]]";0.8408812729498164;0.833812578864139;"[[ 77   2   0  10  10   3   4]
 [  0  51   7   6   0   1   1]
 [  3   0 122   1   0   0   0]
 [ 17   3   3 206  13   2   2]
 [  1   3   3   7 113   1   0]
 [  7   0   2   6   1  70   4]
 [  4   0   0   0   2   1  48]]";329;[41 36 35 69 53 49 46]
780;Cora;own;0.5;0.2;64;0.5;1;0.005;1404409622;0.9880952380952381;0.9873802168314468;"[[42  0  0  0  0  0  0]
 [ 0 35  1  1  0  0  0]
 [ 0  0 36  0  0  0  0]
 [ 0  0  0 71  0  0  0]
 [ 0  0  0  1 53  0  0]
 [ 0  1  0  0  0 48  0]
 [ 0  0  0  0  0  0 47]]";0.8932475884244373;0.8769901049813132;"[[167   2   0  15  12  10   4]
 [  2  91   6   5   0   1   1]
 [  2   0 260   4   0   2   0]
 [ 18   2   4 444  13   5   1]
 [  6   1   0  10 227   2   1]
 [  7   2   1   1   3 134  10]
 [  5   0   0   2   2   4  66]]";0.8347613219094248;0.8281843143395572;"[[ 79   2   0  10  10   1   4]
 [  0  50   7   6   1   1   1]
 [  1   0 122   1   0   2   0]
 [ 19   3   3 200  14   4   3]
 [  2   3   3   7 113   0   0]
 [  6   0   2   6   1  70   5]
 [  3   0   0   0   2   2  48]]";336;[42 37 36 71 54 49 47]
781;Cora;own;0.5;0.2;64;0.5;1;0.005;1404409622;0.9766763848396501;0.9762914868546101;"[[43  1  0  0  0  0  0]
 [ 0 35  1  1  0  0  0]
 [ 0  0 37  0  0  0  0]
 [ 0  0  0 71  1  0  1]
 [ 1  0  0  1 52  0  0]
 [ 0  1  0  0  0 49  0]
 [ 0  0  0  0  0  0 48]]";0.8895348837209303;0.8755013938907583;"[[170   2   0  19   8  10   3]
 [  1  90   6   6   0   1   1]
 [  2   0 258   4   0   2   0]
 [ 18   1   4 448  10   4   0]
 [ 11   1   0  13 214   5   1]
 [  9   0   1   3   2 132  10]
 [  4   0   0   3   1   5  65]]";0.8347613219094248;0.8265146865602443;"[[ 77   2   0  12   8   2   5]
 [  0  51   7   6   0   1   1]
 [  1   0 122   1   0   2   0]
 [ 17   3   2 209  10   4   1]
 [  2   3   3  12 105   2   1]
 [  8   0   1   6   0  70   5]
 [  3   0   0   0   1   3  48]]";343;[44 37 37 73 54 50 48]
782;Cora;own;0.5;0.2;64;0.5;1;0.005;1404409622;0.98;0.9797150135603001;"[[43  1  0  0  0  0  0]
 [ 0 36  1  1  0  0  0]
 [ 0  0 39  0  0  0  0]
 [ 0  0  0 72  1  0  1]
 [ 0  0  0  1 54  0  0]
 [ 0  1  0  0  0 50  0]
 [ 0  0  0  0  0  0 49]]";0.890330953926022;0.8770000648508357;"[[171   1   0  18   8  10   3]
 [  2  89   6   5   0   1   1]
 [  2   0 255   6   0   2   0]
 [ 18   1   4 447  10   3   0]
 [ 12   1   0  13 213   3   1]
 [  6   0   1   4   3 133  10]
 [  5   0   0   4   2   3  64]]";0.8384332925336597;0.832402206035894;"[[ 76   2   0  13   9   1   5]
 [  0  52   7   5   0   1   1]
 [  3   0 122   1   0   0   0]
 [ 17   3   1 210  11   3   1]
 [  3   3   2  11 107   1   1]
 [  9   0   2   6   0  69   4]
 [  3   0   0   0   2   1  49]]";350;[44 38 39 74 55 51 49]
783;Cora;own;0.5;0.2;64;0.5;1;0.005;1404409622;0.9831932773109243;0.9816160769609709;"[[45  0  0  0  0  0  1]
 [ 1 36  1  1  0  0  0]
 [ 0  0 40  0  0  0  0]
 [ 0  0  0 76  0  0  0]
 [ 0  0  0  1 54  0  0]
 [ 0  1  0  0  0 51  0]
 [ 0  0  0  0  0  0 49]]";0.8904823989569752;0.8751994901840845;"[[167   2   0  20   9   8   3]
 [  2  88   6   5   0   1   1]
 [  2   0 255   6   0   2   0]
 [ 18   2   4 447   7   3   0]
 [  7   1   0  16 213   3   2]
 [  4   1   1   4   3 133  10]
 [  8   0   0   4   0   3  63]]";0.8408812729498164;0.8335939984164025;"[[ 76   2   0  13   8   2   5]
 [  0  52   7   5   0   1   1]
 [  3   0 122   1   0   0   0]
 [ 17   3   3 214   7   2   0]
 [  3   3   3  12 105   2   0]
 [  8   0   2   6   0  69   5]
 [  4   0   0   0   0   2  49]]";357;[46 39 40 76 55 52 49]
784;Cora;own;0.5;0.2;64;0.5;1;0.005;1404409622;0.9807692307692307;0.9793297662512728;"[[44  0  0  0  0  1  1]
 [ 1 39  1  1  0  0  0]
 [ 0  0 40  0  0  0  0]
 [ 0  0  0 77  0  0  0]
 [ 0  0  0  1 55  0  0]
 [ 0  1  0  0  0 52  0]
 [ 0  0  0  0  0  0 50]]";0.8834315651604453;0.867910082456785;"[[158   3   0  19  13   6   4]
 [  2  87   9   5   0   1   1]
 [  2   0 250   7   0   2   0]
 [ 24   2   3 442  11   3   0]
 [  5   1   0  13 216   4   2]
 [  3   1   1   4   3 133  10]
 [  6   0   0   4   1   3  63]]";0.8494492044063647;0.8392578730996927;"[[ 77   2   0  12   9   2   4]
 [  0  53   7   5   0   1   0]
 [  1   2 122   1   0   0   0]
 [ 16   3   1 213   9   3   1]
 [  2   3   3   6 111   3   0]
 [  7   0   1   6   0  69   7]
 [  3   0   0   0   1   2  49]]";364;[46 42 40 77 56 53 50]
785;Cora;own;0.5;0.2;64;0.5;1;0.005;1404409622;0.9757412398921833;0.9742880175082018;"[[45  0  0  0  0  0  2]
 [ 1 41  1  0  0  0  0]
 [ 0  0 41  0  0  1  0]
 [ 0  0  0 79  0  0  0]
 [ 0  0  0  2 54  0  0]
 [ 1  1  0  0  0 52  0]
 [ 0  0  0  0  0  0 50]]";0.8888157894736842;0.8727250061113488;"[[160   2   0  19  10   6   6]
 [  1  88   8   6   0   1   1]
 [  2   0 251   5   0   1   0]
 [ 19   2   4 443   9   4   0]
 [  7   1   0  16 213   3   2]
 [  3   0   1   4   2 133  11]
 [  9   0   0   1   0   3  63]]";0.8421052631578947;0.831555142409435;"[[ 79   2   0  13   6   1   5]
 [  0  51   6   6   0   1   2]
 [  1   2 122   1   0   0   0]
 [ 16   3   1 214   8   3   1]
 [  3   3   3  12 105   2   0]
 [  8   0   1   6   0  68   7]
 [  4   0   0   0   0   2  49]]";371;[47 43 42 79 56 54 50]
786;Cora;own;0.5;0.2;64;0.5;1;0.005;1404409622;0.9788359788359788;0.9772266336590075;"[[46  0  0  0  0  0  2]
 [ 1 42  1  0  0  0  0]
 [ 0  0 43  0  0  0  0]
 [ 0  0  0 80  0  0  0]
 [ 0  0  0  1 56  0  0]
 [ 0  2  0  0  1 53  0]
 [ 0  0  0  0  0  0 50]]";0.8902842035690681;0.8762649076044108;"[[160   2   0  17  14   8   1]
 [  1  87   8   6   0   1   1]
 [  2   0 251   5   0   1   0]
 [ 19   2   4 440  10   4   0]
 [  7   1   0  13 216   2   2]
 [  6   0   1   4   2 132   7]
 [ 11   0   0   1   0   3  61]]";0.8482252141982864;0.8406733823939356;"[[ 77   2   0  13  10   0   4]
 [  0  54   7   4   0   1   0]
 [  1   2 122   1   0   0   0]
 [ 16   3   2 213   9   2   1]
 [  2   3   3   8 112   0   0]
 [ 11   0   2   6   0  68   3]
 [  4   0   0   0   1   3  47]]";378;[48 44 43 80 57 56 50]
787;Cora;own;0.5;0.2;64;0.5;1;0.005;1404409622;0.9792207792207792;0.97832627978582;"[[48  0  0  0  0  0  1]
 [ 1 42  1  0  0  0  0]
 [ 0  0 44  0  0  0  0]
 [ 1  0  0 81  0  0  0]
 [ 0  0  0  1 57  0  0]
 [ 0  1  0  0  1 54  1]
 [ 0  0  0  0  0  0 51]]";0.8871181938911022;0.8729328645054393;"[[156   1   0  19  12  11   1]
 [  1  86   8   6   0   1   1]
 [  2   0 249   5   0   1   1]
 [ 19   1   4 440  11   4   0]
 [  8   1   0  13 214   2   2]
 [  5   0   2   4   2 131   7]
 [ 10   0   0   2   0   3  60]]";0.8494492044063647;0.8398815134966202;"[[ 79   2   0  13   8   1   3]
 [  0  51   7   6   0   1   1]
 [  1   2 122   1   0   0   0]
 [ 16   3   2 213   9   2   1]
 [  2   3   3   6 113   1   0]
 [  8   0   2   7   0  69   4]
 [  5   0   0   0   1   2  47]]";385;[49 44 44 82 58 57 51]
788;Cora;own;0.5;0.2;64;0.5;1;0.005;1404409622;0.9744897959183674;0.9735539193412267;"[[49  0  0  0  0  1  1]
 [ 0 44  1  0  0  0  0]
 [ 0  0 45  0  0  0  0]
 [ 0  1  0 81  0  0  0]
 [ 1  0  0  1 58  0  0]
 [ 2  1  0  0  0 54  1]
 [ 0  0  0  0  0  0 51]]";0.8872581721147431;0.87131409487884;"[[158   2   0  19   9   9   2]
 [  1  85   8   6   0   1   1]
 [  2   0 248   5   0   1   1]
 [ 19   1   3 437  12   5   0]
 [ 10   1   0  12 212   3   1]
 [  5   0   1   3   2 132   7]
 [ 13   0   0   1   0   3  58]]";0.8445532435740514;0.8326846835859667;"[[ 79   2   0  13   7   1   4]
 [  0  53   7   5   0   1   0]
 [  1   2 122   1   0   0   0]
 [ 16   3   2 211  10   3   1]
 [  3   3   3   3 111   4   1]
 [  7   0   2   7   0  68   6]
 [  6   0   0   0   1   2  46]]";392;[51 45 45 82 60 58 51]
789;Cora;own;0.5;0.2;64;0.5;1;0.005;1404409622;0.9824561403508771;0.9817383126474116;"[[50  0  0  0  0  1  1]
 [ 0 45  1  0  0  0  0]
 [ 0  0 46  0  0  0  0]
 [ 0  0  0 83  0  0  0]
 [ 0  0  0  1 60  0  0]
 [ 0  1  0  0  1 56  1]
 [ 0  0  0  0  0  0 52]]";0.8820375335120644;0.865950487026818;"[[150   2   0  25  11   6   4]
 [  1  83   7   7   0   2   0]
 [  1   0 250   4   0   1   1]
 [ 15   1   4 434  17   6   0]
 [  9   1   0  12 212   3   1]
 [  5   0   1   3   2 130   7]
 [  9   0   0   2   1   5  57]]";0.8506731946144431;0.8396731652517688;"[[ 77   2   1  13   8   2   3]
 [  0  53   7   5   0   1   0]
 [  1   2 122   1   0   0   0]
 [ 13   3   2 212  13   3   0]
 [  3   3   0   5 115   1   1]
 [  5   1   2   6   0  70   6]
 [  6   0   0   0   1   2  46]]";399;[52 46 46 83 61 59 52]
790;Cora;own;0.5;0.2;64;0.5;1;0.005;1404409622;0.9827586206896551;0.9822346913222092;"[[53  0  0  0  0  1  1]
 [ 0 45  1  0  0  0  0]
 [ 0  0 47  0  0  0  0]
 [ 0  0  0 84  0  0  0]
 [ 0  0  0  1 61  0  0]
 [ 0  1  0  0  0 57  1]
 [ 0  0  0  1  0  0 52]]";0.8888888888888888;0.8744173378320861;"[[151   1   0  21  14   5   3]
 [  1  84   7   6   0   1   1]
 [  2   0 248   4   0   1   1]
 [ 16   1   3 434  16   6   0]
 [  8   0   0  12 214   2   1]
 [  3   0   1   3   2 132   7]
 [ 12   0   0   1   0   3  57]]";0.847001223990208;0.8371872238655726;"[[ 78   2   0  13   9   1   3]
 [  0  52   6   5   1   1   1]
 [  1   0 121   2   0   2   0]
 [ 15   3   1 211  13   3   0]
 [  3   3   1   5 115   1   0]
 [  8   1   2   5   0  69   5]
 [  6   0   0   0   1   2  46]]";406;[55 46 47 84 62 59 53]
791;Cora;own;0.5;0.2;64;0.5;1;0.005;1404409622;0.9830508474576272;0.9818362944597763;"[[53  0  0  1  1  1  1]
 [ 0 46  1  0  0  0  1]
 [ 0  0 49  0  0  0  0]
 [ 0  0  0 84  0  0  0]
 [ 0  0  0  0 62  0  0]
 [ 0  1  0  0  0 59  0]
 [ 0  0  0  0  0  0 53]]";0.8829499323410014;0.869711006812227;"[[145   1   0  23  13   9   3]
 [  1  83   6   6   0   1   0]
 [  1   0 249   4   0   1   1]
 [ 14   1   6 426  22   5   0]
 [  8   1   0  10 214   3   1]
 [  3   0   1   3   2 131   7]
 [  9   0   0   2   0   5  57]]";0.8445532435740514;0.8347600360083255;"[[ 77   2   1  12   8   2   4]
 [  0  52   7   5   1   1   0]
 [  1   2 121   2   0   0   0]
 [ 11   3   2 210  17   3   0]
 [  2   3   3   4 113   3   0]
 [  7   1   2   5   0  70   5]
 [  5   0   0   0   1   2  47]]";413;[57 48 49 84 62 60 53]
792;Cora;own;0.5;0.2;64;0.5;1;0.005;1404409622;0.9785714285714285;0.9772377881271176;"[[55  0  0  1  0  2  1]
 [ 0 47  1  0  0  0  1]
 [ 0  0 50  0  0  0  0]
 [ 0  0  0 85  0  0  0]
 [ 0  0  0  0 63  0  1]
 [ 0  1  0  0  0 58  1]
 [ 0  0  0  0  0  0 53]]";0.8789938817131203;0.8660073788185062;"[[149   1   0  24  10   5   4]
 [  1  81   6   8   0   1   0]
 [  1   0 248   5   0   1   1]
 [ 15   1   6 420  24   5   0]
 [ 10   1   0  10 210   3   0]
 [  5   0   1   3   2 129   8]
 [ 12   0   0   1   0   3  56]]";0.8421052631578947;0.8328439718991031;"[[ 80   2   0  13   7   0   4]
 [  0  52   7   6   0   1   0]
 [  1   2 122   1   0   0   0]
 [ 14   3   2 209  15   2   1]
 [  3   3   3   5 111   3   0]
 [  9   0   2   6   0  68   5]
 [  6   0   0   0   1   2  46]]";420;[59 49 50 85 64 60 53]
793;Cora;own;0.5;0.2;64;0.5;1;0.005;127148386;0.0;0.0;[[]];0.14225277630883132;0.1210851259335661;"[[ 37   4   7   7  23   4 163]
 [ 11  19   0   0  13   0 108]
 [ 53  50   0   4  33  13 139]
 [ 40  80  20  29 156  50 197]
 [ 24   8  11   2  95   8 150]
 [ 12  19   2   2  38   5 130]
 [  9  16   0   1  11   4  84]]";0.1456548347613219;0.12481850844617383;"[[25  4  1  1  8  2 65]
 [ 3  7  0  0  8  0 48]
 [26 21  0  0 18  6 55]
 [18 40  6 13 66 17 86]
 [11  3  4  0 34  5 71]
 [ 6  1  1  4 22  2 54]
 [ 3  8  0  0  4  2 38]]";0;[]
794;Cora;own;0.5;0.2;64;0.5;1;0.005;127148386;0.8571428571428571;0.7142857142857143;"[[0 0 1 0]
 [0 2 0 0]
 [0 0 3 0]
 [0 0 0 1]]";0.5153927813163482;0.2733578025875965;"[[  1   0 137  86   9   0   0]
 [  0   0  96  20   0   0   0]
 [  0   0 336   2   0   0   0]
 [  0   0  82 465  20   0   0]
 [  0   0  62  83 169   0   0]
 [  0   0 184  10   1   0   0]
 [  0   0 105  16   0   0   0]]";0.4785801713586291;0.2596718988893838;"[[  0   0  66  37   3   0   0]
 [  0   0  48  18   0   0   0]
 [  0   0 125   1   0   0   0]
 [  0   0  33 198  15   0   0]
 [  0   0  35  25  68   0   0]
 [  0   0  86   4   0   0   0]
 [  0   0  52   3   0   0   0]]";7;[1 0 2 3 1]
795;Cora;own;0.5;0.2;64;0.5;1;0.005;127148386;0.7142857142857143;0.6028571428571429;"[[1 0 2 0 0]
 [0 2 0 0 0]
 [0 0 5 1 0]
 [0 0 0 2 0]
 [0 0 1 0 0]]";0.49014384656366544;0.22485858813131795;"[[  4   0  47 194   1   0   0]
 [  0   0  29  86   0   0   0]
 [  0   0 326   9   0   0   0]
 [  0   0  29 549   8   0   0]
 [  0   0  16 224  41   0   0]
 [  0   0 148  46   0   0   0]
 [  0   0  31  89   0   0   0]]";0.4638922888616891;0.21772934163574353;"[[  0   0  20  86   0   0   0]
 [  0   0  19  47   0   0   0]
 [  0   0 124   2   0   0   0]
 [  0   0  13 232   1   0   0]
 [  0   0  14  91  23   0   0]
 [  0   0  65  25   0   0   0]
 [  0   0  26  29   0   0   0]]";14;[3 0 2 6 2 0 1]
796;Cora;own;0.5;0.2;64;0.5;1;0.005;127148386;0.8571428571428571;0.5785296574770259;"[[3 0 1 0 0 0]
 [0 2 0 0 0 0]
 [0 0 9 0 0 0]
 [0 0 0 4 0 0]
 [0 1 0 0 0 0]
 [0 1 0 0 0 0]]";0.46951871657754013;0.1973628249104263;"[[  3   0  82 143   0   0   0]
 [  0   0  50  62   0   0   0]
 [  0   0 325   4   0   0   0]
 [  0   0  45 531   0   0   0]
 [  0   0  39 221  19   0   0]
 [  0   0 202  39   0   0   0]
 [  0   0  74  31   0   0   0]]";0.44430844553243576;0.1927544167458952;"[[  0   0  40  66   0   0   0]
 [  0   0  27  39   0   0   0]
 [  0   0 124   2   0   0   0]
 [  0   0  20 226   0   0   0]
 [  0   0  31  84  13   0   0]
 [  0   0  80  10   0   0   0]
 [  0   0  44  11   0   0   0]]";21;[4 0 2 9 4 1 1]
797;Cora;own;0.5;0.2;64;0.5;1;0.005;127148386;0.8928571428571429;0.6181818181818182;"[[ 7  0  0  0  0  0]
 [ 0  2  0  0  0  0]
 [ 0  0 10  0  0  0]
 [ 0  0  0  6  0  0]
 [ 0  1  1  0  0  0]
 [ 0  0  1  0  0  0]]";0.5963499731615673;0.3765623319114154;"[[148   0  37  52   0   0   0]
 [  5   0  55  44   4   0   0]
 [  0   0 315   8   0   0   0]
 [ 27   0  32 503   7   0   0]
 [ 57   0   8  64 145   0   0]
 [ 27   0 178  40   2   0   0]
 [ 20   0  46  39   0   0   0]]";0.5740514075887393;0.36809762777469485;"[[ 65   0  19  22   0   0   0]
 [  2   0  27  34   3   0   0]
 [  0   0 123   3   0   0   0]
 [ 14   0  16 208   8   0   0]
 [ 22   0   7  26  73   0   0]
 [ 13   0  65  10   2   0   0]
 [  9   0  32  14   0   0   0]]";28;[ 7  0  2 10  6  2  1]
798;Cora;own;0.5;0.2;64;0.5;1;0.005;127148386;0.8;0.5135763707192279;"[[ 8  0  0  0  0  0  0]
 [ 0  0  0  0  1  0  0]
 [ 0  0  3  0  0  0  0]
 [ 0  0  0 11  0  0  0]
 [ 0  0  0  0  6  0  0]
 [ 0  0  1  1  0  0  0]
 [ 0  0  0  4  0  0  0]]";0.5748922413793104;0.3575101580403913;"[[102   0  18 108   0   0   0]
 [  0   0  43  70   5   0   0]
 [  0   0 309  28   0   0   0]
 [ 19   0  21 535   3   0   0]
 [ 35   0  11 102 121   0   0]
 [  5   0 116 116   1   0   0]
 [  1   0  21  66   0   0   0]]";0.5569155446756426;0.3539142624681412;"[[ 44   0  12  50   0   0   0]
 [  0   0  22  42   2   0   0]
 [  0   0 118   8   0   0   0]
 [  7   0   8 225   6   0   0]
 [ 15   0   7  38  68   0   0]
 [  1   0  46  41   2   0   0]
 [  3   0  20  32   0   0   0]]";35;[ 8  1  3 11  6  2  4]
799;Cora;own;0.5;0.2;64;0.5;1;0.005;127148386;0.9761904761904762;0.8487394957983193;"[[ 8  0  0  0  0  0  0]
 [ 0  0  0  0  1  0  0]
 [ 0  0  3  0  0  0  0]
 [ 0  0  0 13  0  0  0]
 [ 0  0  0  0  8  0  0]
 [ 0  0  0  0  0  3  0]
 [ 0  0  0  0  0  0  6]]";0.7111952406706328;0.5755495235984253;"[[125   0  13  51   1  25   0]
 [  5   0  68  32   5   6   0]
 [  0   0 320  15   0   1   0]
 [ 33   0  52 472  15   3   0]
 [  6   0   3  68 194  10   0]
 [  0   0  33  22   0 186   0]
 [  4   0  10  17   0  36  18]]";0.6254589963280294;0.5025197200194412;"[[ 49   0  16  25   0  16   0]
 [  2   0  35  23   4   2   0]
 [  0   0 120   3   1   2   0]
 [ 17   0  31 177  17   4   0]
 [  1   0   2  25  92   8   0]
 [  2   0   9  13   0  66   0]
 [  0   0  11  10   0  27   7]]";42;[ 8  1  3 13  8  3  6]
800;Cora;own;0.5;0.2;64;0.5;1;0.005;127148386;0.9795918367346939;0.8503401360544218;"[[ 9  0  0  0  0  0  0]
 [ 0  0  0  0  1  0  0]
 [ 0  0  4  0  0  0  0]
 [ 0  0  0 15  0  0  0]
 [ 0  0  0  0 10  0  0]
 [ 0  0  0  0  0  3  0]
 [ 0  0  0  0  0  0  7]]";0.7225841476655809;0.5874543455441404;"[[121   0   6  47   1  36   0]
 [  3   0  25  70   5   7   0]
 [  0   0 322  11   0   7   0]
 [ 24   0  52 495   6  15   0]
 [  6   0   3  67 188  11   0]
 [  0   0  28  20   0 185   0]
 [  0   0   1   7   0  53  20]]";0.6266829865361077;0.5197360397930101;"[[ 50   0  13  26   0  17   0]
 [  0   0  20  41   3   2   0]
 [  0   0 117   4   1   4   0]
 [ 16   0  35 179  12   4   0]
 [  2   0   2  29  90   5   0]
 [  2   0   9  14   0  65   0]
 [  0   0   4   9   0  31  11]]";49;[ 9  1  4 15 10  3  7]
801;Cora;own;0.5;0.2;64;0.5;1;0.005;127148386;0.9821428571428571;0.8503401360544218;"[[10  0  0  0  0  0  0]
 [ 1  0  0  0  0  0  0]
 [ 0  0  4  0  0  0  0]
 [ 0  0  0 17  0  0  0]
 [ 0  0  0  0 12  0  0]
 [ 0  0  0  0  0  4  0]
 [ 0  0  0  0  0  0  8]]";0.7275204359673024;0.5929596792394601;"[[164   0   5  40   4  31   0]
 [  8   0  15  84   3   4   0]
 [  1   0 324  11   0   4   0]
 [ 36   0  45 461  17   8   0]
 [ 13   0   2  51 196  10   0]
 [  4   0  23  15   0 171   0]
 [  2   0   3   8   0  53  19]]";0.6499388004895961;0.5452710065917388;"[[ 69   0   9  20   0   8   0]
 [  2   0  15  46   2   1   0]
 [  0   0 116   5   1   4   0]
 [ 19   0  31 176  17   3   0]
 [  7   0   0  23  94   4   0]
 [  5   0   5  15   0  65   0]
 [  5   0   4  10   0  25  11]]";56;[10  1  4 17 12  4  8]
802;Cora;own;0.5;0.2;64;0.5;1;0.005;127148386;0.9523809523809523;0.8443330548593707;"[[10  0  0  0  0  0  0]
 [ 0  0  0  2  1  0  0]
 [ 0  0  5  0  0  0  0]
 [ 0  0  0 18  0  0  0]
 [ 0  0  0  0 13  0  0]
 [ 0  0  0  0  0  5  0]
 [ 0  0  0  0  0  0  9]]";0.7363238512035011;0.5991765272640636;"[[149   0   8  48   4  24   0]
 [  2   0  20  88   3   7   0]
 [  0   0 327   8   0   3   0]
 [ 11   0  53 490  11   3   0]
 [  8   0   4  48 200  12   0]
 [  2   0  27  22   0 162   0]
 [  2   0   5  18   0  41  18]]";0.6462668298653611;0.5407733052822579;"[[ 59   0  15  24   0   8   0]
 [  0   0  15  47   3   1   0]
 [  0   0 118   5   0   3   0]
 [ 10   0  35 183  15   3   0]
 [  5   0   2  21  98   2   0]
 [  1   0   9  21   0  59   0]
 [  2   0   6  14   0  22  11]]";63;[10  3  5 18 13  5  9]
803;Cora;own;0.5;0.2;64;0.5;1;0.005;127148386;0.9285714285714286;0.8100175554092605;"[[10  0  0  0  0  0  0]
 [ 0  0  0  0  1  3  0]
 [ 0  0  5  0  0  0  0]
 [ 0  0  0 19  0  0  0]
 [ 0  0  0  0 15  0  0]
 [ 0  0  0  0  0  6  0]
 [ 0  0  0  0  0  1 10]]";0.7364085667215815;0.5960201285689362;"[[159   0   3  33   3  26   0]
 [  3   0  14  79   6  31   0]
 [  0   0 321  10   0   4   0]
 [ 16   0  37 464  22   7   0]
 [ 14   0   2  38 217  15   0]
 [  1   0  13  23   0 163   0]
 [  2   0   1  27   0  50  17]]";0.6609547123623011;0.5510525445860399;"[[ 66   0   7  21   0  12   0]
 [  0   0  14  36   4  12   0]
 [  0   0 114   9   1   2   0]
 [ 14   0  31 179  18   4   0]
 [  6   0   0  12 107   3   0]
 [  3   0   4  20   0  63   0]
 [  3   0   4  13   0  24  11]]";70;[10  4  5 19 15  6 11]
804;Cora;own;0.5;0.2;64;0.5;1;0.005;127148386;0.8961038961038961;0.7774121741719943;"[[11  0  0  0  0  0  0]
 [ 0  0  1  0  1  2  0]
 [ 0  0  5  0  0  0  0]
 [ 0  0  0 20  1  0  0]
 [ 0  0  0  0 16  0  0]
 [ 0  0  0  0  0  6  0]
 [ 0  0  1  2  0  0 11]]";0.717199558985667;0.5759931002717472;"[[159   0   5  37   3  23   0]
 [  3   0  31  73   7  18   0]
 [  0   0 320   7   0   1   0]
 [ 14   0  45 455  24   1   0]
 [ 14   0   2  42 209  11   0]
 [  2   0  21  23   0 142   0]
 [  9   0   8  49   0  40  16]]";0.6572827417380661;0.550906200964734;"[[ 66   0   9  22   0   9   0]
 [  1   0  15  40   4   6   0]
 [  0   0 116   9   1   0   0]
 [ 12   0  34 180  17   3   0]
 [  7   0   1  13 106   1   0]
 [  3   0   6  23   0  58   0]
 [  7   0   4  20   0  13  11]]";77;[11  4  5 21 16  6 14]
805;Cora;own;0.5;0.2;64;0.5;1;0.005;127148386;0.8809523809523809;0.7661059575345289;"[[12  0  0  0  0  0  0]
 [ 1  0  1  0  0  3  0]
 [ 0  0  5  0  0  0  0]
 [ 0  0  0 21  1  1  0]
 [ 0  0  0  0 17  0  0]
 [ 0  0  0  0  0  7  0]
 [ 0  0  0  1  0  2 12]]";0.7238516878804648;0.5809026094761254;"[[164   0   3  41   3  21   0]
 [  9   0  16  71   7  34   0]
 [  0   0 310   9   0   1   0]
 [ 21   0  29 457  20   2   0]
 [ 16   0   2  39 207  12   0]
 [  4   0  10  25   0 155   0]
 [ 14   0   4  49   0  37  15]]";0.6670746634026927;0.556495955999806;"[[ 69   0   4  23   0  10   0]
 [  4   0  13  37   2  10   0]
 [  0   0 114   9   1   2   0]
 [ 14   0  28 183  17   4   0]
 [  7   0   0  12 105   4   0]
 [  5   0   3  19   0  63   0]
 [ 11   0   4  15   0  14  11]]";84;[12  5  5 23 17  7 15]
806;Cora;own;0.5;0.2;64;0.5;1;0.005;127148386;0.8681318681318682;0.7581196122173566;"[[13  0  0  0  0  0  0]
 [ 1  0  3  1  1  1  0]
 [ 0  0  5  0  0  0  0]
 [ 0  0  0 23  1  0  0]
 [ 0  0  0  0 18  0  0]
 [ 0  0  0  0  0  7  0]
 [ 1  0  0  2  0  1 13]]";0.72;0.5855246292264532;"[[175   0   6  40   4   9   0]
 [ 14   0  40  69  14  27   0]
 [  1   0 296   8   0   0   0]
 [ 22   0  28 444  19   3   2]
 [ 18   0   2  37 216   2   0]
 [  9   0   4  25   0 151   0]
 [ 25   0   3  54   1  18  14]]";0.6940024479804161;0.578300038493678;"[[ 77   0   5  19   0   5   0]
 [  6   0  17  32   6   5   0]
 [  0   0 118   7   1   0   0]
 [ 15   0  21 187  20   3   0]
 [  7   0   1   8 111   1   0]
 [  6   0   2  19   0  63   0]
 [ 16   0   1  16   0  11  11]]";91;[13  7  5 24 18  7 17]
807;Cora;own;0.5;0.2;64;0.5;1;0.005;127148386;0.9795918367346939;0.9844895693952297;"[[13  0  0  0  0  0  1]
 [ 0  7  0  0  0  0  0]
 [ 0  0  5  0  0  0  0]
 [ 0  0  0 26  0  0  0]
 [ 0  0  0  1 18  0  0]
 [ 0  0  0  0  0  8  0]
 [ 0  0  0  0  0  0 19]]";0.7997769102063581;0.7819435460585906;"[[162  29   4  18   5   0  15]
 [  2 130  19   7   0   6   0]
 [  0   2 294   5   0   3   0]
 [ 22  25  30 434   6   1   5]
 [ 15  19   2  39 193   1   2]
 [  3  27   0  12   0 138   6]
 [  1  13   0  10   1   4  83]]";0.7503059975520195;0.7443239208892588;"[[ 61  23   3  11   1   0   7]
 [  0  55   6   5   0   0   0]
 [  0   2 119   4   1   0   0]
 [ 12  20  24 178  10   0   2]
 [  4  13   0  13  98   0   0]
 [  4  13   1  12   0  57   3]
 [  0   5   0   3   0   2  45]]";98;[14  7  5 26 19  8 19]
808;Cora;own;0.5;0.2;64;0.5;1;0.005;127148386;0.9809523809523809;0.985969387755102;"[[15  0  0  1  0  0  0]
 [ 0  8  0  0  0  0  0]
 [ 0  0  5  0  0  0  0]
 [ 1  0  0 27  0  0  0]
 [ 0  0  0  0 19  0  0]
 [ 0  0  0  0  0  9  0]
 [ 0  0  0  0  0  0 20]]";0.7984322508398656;0.7915061320187469;"[[210   7  11  38   6   1  13]
 [  5 124  17   8   0   4   1]
 [  5   2 274   4   0   3   0]
 [ 40  14  30 407   5   3   6]
 [ 33   2   0  27 192   2   2]
 [ 11   9   1  13   0 140   9]
 [  8   6   0   9   1   4  79]]";0.758873929008568;0.7595253238336089;"[[ 83   5   1  11   0   1   5]
 [  3  54   4   5   0   0   0]
 [  5   0 117   3   1   0   0]
 [ 31   7  19 174  12   0   3]
 [ 17   7   0  10  94   0   0]
 [ 16   3   1   9   0  57   4]
 [  7   2   0   3   0   2  41]]";105;[16  8  5 28 19  9 20]
809;Cora;own;0.5;0.2;64;0.5;1;0.005;127148386;0.9821428571428571;0.983297529538131;"[[17  0  0  0  0  0  0]
 [ 0  9  0  0  0  0  0]
 [ 0  0  6  0  0  0  0]
 [ 1  1  0 27  0  0  0]
 [ 0  0  0  0 20  0  0]
 [ 0  0  0  0  0 10  0]
 [ 0  0  0  0  0  0 21]]";0.8026981450252951;0.797763538097678;"[[233  11   5   9   1   0  13]
 [  4 144  16   3   0   1   1]
 [  3   2 278   2   0   1   0]
 [ 81  24  24 370   5   2   5]
 [ 35   4   0  19 198   0   0]
 [ 10  23   2  10   0 130   5]
 [  8  13   0   7   1   1  75]]";0.7356181150550796;0.7436418247789559;"[[ 83  12   2   5   0   0   4]
 [  1  59   5   1   0   0   0]
 [  5   0 117   3   1   0   0]
 [ 61  14  10 148  11   0   2]
 [ 15   4   0   8 101   0   0]
 [ 14  12   1   8   0  54   1]
 [  7   6   0   2   0   1  39]]";112;[17  9  6 29 20 10 21]
810;Cora;own;0.5;0.2;64;0.5;1;0.005;127148386;1.0;1.0;"[[18  0  0  0  0  0  0]
 [ 0  9  0  0  0  0  0]
 [ 0  0  7  0  0  0  0]
 [ 0  0  0 31  0  0  0]
 [ 0  0  0  0 21  0  0]
 [ 0  0  0  0  0 12  0]
 [ 0  0  0  0  0  0 21]]";0.8199774266365688;0.8125449051256098;"[[235   6   2  16   1   3  10]
 [  8 131  16   3   0   0   1]
 [  0   1 280   3   0   3   0]
 [ 74  12  14 394  10   3   4]
 [ 25   2   2  24 199   3   0]
 [  8  14   1  14   0 147   3]
 [  8   6   0  13   0   6  67]]";0.762545899632803;0.7718036409949612;"[[ 79   9   3   9   0   4   2]
 [  1  56   6   2   0   0   1]
 [  3   0 117   5   1   0   0]
 [ 52   7   8 165  12   1   1]
 [ 12   3   0  10 102   1   0]
 [ 10   5   1  10   0  61   3]
 [  4   2   0   4   0   2  43]]";119;[18  9  7 31 21 12 21]
811;Cora;own;0.5;0.2;64;0.5;1;0.005;127148386;0.9841269841269841;0.9827646038172355;"[[18  1  0  0  0  0  0]
 [ 0  9  0  0  0  0  0]
 [ 0  0  8  0  0  0  0]
 [ 1  0  0 32  0  0  0]
 [ 0  0  0  0 22  0  0]
 [ 0  0  0  0  0 13  0]
 [ 0  0  0  0  0  0 22]]";0.8322946175637393;0.8259213300080034;"[[215   7   4  26   1   2  11]
 [  6 131  13   3   0   0   1]
 [  0   1 281   6   0   3   0]
 [ 48  13  12 418  11   2   2]
 [ 22   2   2  27 200   4   0]
 [  4  13   1  16   0 146   6]
 [  6   5   0  13   0   3  78]]";0.7552019583843329;0.7563015031299402;"[[ 66   9   5  17   0   3   6]
 [  0  57   7   1   0   0   1]
 [  0   2 116   7   1   0   0]
 [ 42   7   7 176  12   1   1]
 [ 10   4   0  11 101   2   0]
 [  6   7   1  15   0  57   4]
 [  2   3   0   5   0   1  44]]";126;[19  9  8 33 22 13 22]
812;Cora;own;0.5;0.2;64;0.5;1;0.005;127148386;0.9924812030075187;0.9888181993445152;"[[19  1  0  0  0  0  0]
 [ 0  9  0  0  0  0  0]
 [ 0  0  9  0  0  0  0]
 [ 0  0  0 34  0  0  0]
 [ 0  0  0  0 23  0  0]
 [ 0  0  0  0  0 14  0]
 [ 0  0  0  0  0  0 24]]";0.8299203640500569;0.8308327702434483;"[[227   8   4  21   1   2   8]
 [  7 125   7   6   0   0   0]
 [  1   1 285   6   0   3   0]
 [ 65  12  11 398  11   2   2]
 [ 29   2   2  20 197   6   0]
 [  9   9   2  16   0 148   4]
 [  9   2   0   9   0   2  79]]";0.7515299877600979;0.7628497928604702;"[[ 76   8   4  12   0   3   3]
 [  3  52   7   4   0   0   0]
 [  5   0 115   5   1   0   0]
 [ 54   7   6 164  12   2   1]
 [ 11   3   0   9 103   2   0]
 [ 13   4   1  10   0  58   4]
 [  5   1   0   2   0   1  46]]";133;[20  9  9 34 23 14 24]
813;Cora;own;0.5;0.2;64;0.5;1;0.005;127148386;0.9785714285714285;0.9687147947334587;"[[20  0  0  0  0  0  0]
 [ 0  9  0  0  0  0  0]
 [ 0  1  9  0  0  0  0]
 [ 0  0  1 36  0  0  0]
 [ 0  0  0  0 24  0  0]
 [ 0  0  0  0  0 15  1]
 [ 0  0  0  0  0  0 24]]";0.8326670474014849;0.8287975745578459;"[[215   7   3  23   1   2   9]
 [  7 115   8  10   0   0   0]
 [  2   0 282   8   0   5   0]
 [ 47  11  15 422  10   2   3]
 [ 24   2   2  24 201   7   0]
 [  8   8   1  18   0 146   3]
 [  8   2   0  10   0   3  77]]";0.7747858017135862;0.7756254616246856;"[[ 74   7   3  15   1   3   3]
 [  3  50   7   6   0   0   0]
 [  2   0 119   4   1   0   0]
 [ 37   5   6 182  13   2   1]
 [  7   3   0  11 105   2   0]
 [ 10   4   1  12   0  59   4]
 [  5   1   0   4   0   1  44]]";140;[20  9 10 37 24 16 24]
814;Cora;own;0.5;0.2;64;0.5;1;0.005;127148386;0.9863945578231292;0.9833074147701801;"[[20  0  0  0  0  0  0]
 [ 0 11  0  0  0  0  0]
 [ 0  0 11  0  0  0  0]
 [ 0  0  0 37  0  0  0]
 [ 0  0  0  0 25  0  0]
 [ 0  1  0  0  0 17  0]
 [ 1  0  0  0  0  0 24]]";0.8348623853211009;0.8260403215571946;"[[217   7   3  15   1   3   6]
 [  8 118   7   6   0   1   0]
 [  1   0 284   7   0   5   0]
 [ 51  10   8 411  13   7   3]
 [ 26   2   2  21 203   8   0]
 [  7   9   1  15   0 151   4]
 [ 13   1   0   8   1   8  72]]";0.7858017135862914;0.7871682701307661;"[[ 75   7   5  13   1   3   2]
 [  3  54   7   1   0   1   0]
 [  2   0 120   3   1   0   0]
 [ 37   6   6 180  14   3   0]
 [  7   3   0   8 106   4   0]
 [ 11   5   1   7   0  65   1]
 [  8   1   0   1   0   3  42]]";147;[20 11 11 37 25 18 25]
815;Cora;own;0.5;0.2;64;0.5;1;0.005;127148386;0.987012987012987;0.9846102798167345;"[[21  0  0  0  0  0  0]
 [ 0 13  0  0  0  0  0]
 [ 0  0 12  0  0  0  0]
 [ 0  0  0 39  0  0  0]
 [ 0  0  0  0 25  0  0]
 [ 0  1  0  0  0 18  0]
 [ 1  0  0  0  0  0 24]]";0.8364997121473805;0.8237231928016043;"[[202   5   4  14   2   3  10]
 [  7 116   5   3   0   0   1]
 [  2   0 297   4   1   4   0]
 [ 47  11   6 423  10   4   4]
 [ 25   2   2  24 197   9   0]
 [ 13  10   4  18   0 148   3]
 [  8   0   1   8   1   9  70]]";0.7943696450428397;0.7894733703374407;"[[ 75   7   7  11   1   3   2]
 [  2  53   7   3   0   0   1]
 [  2   0 122   2   0   0   0]
 [ 27   9   8 190  11   0   1]
 [  8   3   0  11 102   4   0]
 [  9   4   1   9   0  65   2]
 [  6   1   0   3   0   3  42]]";154;[21 13 12 39 25 19 25]
816;Cora;own;0.5;0.2;64;0.5;1;0.005;127148386;0.9875776397515528;0.9873890474232414;"[[22  0  0  0  0  1  0]
 [ 0 13  0  0  0  0  0]
 [ 0  0 13  0  0  0  0]
 [ 0  0  0 41  0  0  0]
 [ 0  0  0  0 26  0  0]
 [ 0  0  0  0  0 20  0]
 [ 1  0  0  0  0  0 24]]";0.8393063583815029;0.8241750874591732;"[[199   5   4  10   3   3  12]
 [  7 113   6   3   0   1   0]
 [  1   0 302   1   1   4   0]
 [ 50  11  10 415  11   5   3]
 [ 23   2   2  23 198  10   0]
 [ 16   9   1  10   0 159   0]
 [ 13   0   0   3   0  15  66]]";0.7821297429620563;0.7764127886273678;"[[ 80   6   4   9   1   4   2]
 [  2  52   8   3   0   1   0]
 [  2   0 121   2   1   0   0]
 [ 33  10   9 179  12   2   1]
 [  7   3   0  10 104   4   0]
 [ 11   4   1   7   0  65   2]
 [ 10   0   0   1   0   6  38]]";161;[23 13 13 41 26 20 25]
817;Cora;own;0.5;0.2;64;0.5;1;0.005;127148386;0.9821428571428571;0.9848194298118266;"[[23  0  0  0  0  1  0]
 [ 0 14  0  0  0  0  0]
 [ 0  0 14  0  0  0  0]
 [ 0  0  0 42  1  0  0]
 [ 0  0  0  0 26  0  0]
 [ 0  0  0  0  0 21  0]
 [ 0  0  0  1  0  0 25]]";0.8479396401625072;0.8303851586147264;"[[195   5   4  16   3   3  12]
 [  5 112   6   8   0   0   0]
 [  1   0 300   1   1   4   0]
 [ 30  11   9 438  14   4   2]
 [ 19   2   2  25 197   9   0]
 [ 12   9   1  15   0 154   1]
 [ 11   0   0   3   0  14  65]]";0.7821297429620563;0.7725181789918925;"[[ 75   7   5  11   1   4   3]
 [  2  51   8   4   0   1   0]
 [  0   2 121   2   1   0   0]
 [ 26  12   9 187  10   1   1]
 [  6   3   0  12 103   4   0]
 [  8   5   1  12   0  62   2]
 [  7   1   0   1   0   6  40]]";168;[24 14 14 43 26 21 26]
818;Cora;own;0.5;0.2;64;0.5;1;0.005;127148386;0.9771428571428571;0.9757840562805623;"[[23  0  0  0  0  1  0]
 [ 0 15  1  0  0  0  0]
 [ 0  0 14  0  0  0  0]
 [ 0  0  0 44  1  0  0]
 [ 0  0  0  0 27  0  0]
 [ 0  0  0  0  0 22  0]
 [ 0  0  0  1  0  0 26]]";0.8490675990675991;0.8343644288562946;"[[198   5   4  14   3   5   9]
 [  5 114   5   5   0   0   0]
 [  1   0 301   1   1   3   0]
 [ 37   9  10 430  12   6   2]
 [ 22   2   2  25 192   9   0]
 [ 14   9   2   8   1 158   0]
 [ 11   0   0   3   0  14  64]]";0.8004895960832313;0.7886280204311902;"[[ 76   4   4  10   1   8   3]
 [  2  52   8   3   0   1   0]
 [  0   2 121   2   1   0   0]
 [ 25   8   9 193   9   1   1]
 [  6   3   0  10 105   4   0]
 [ 10   5   2   4   0  68   1]
 [  7   1   0   1   0   7  39]]";175;[24 16 14 45 27 22 27]
819;Cora;own;0.5;0.2;64;0.5;1;0.005;127148386;0.967032967032967;0.9641422006053342;"[[25  1  0  0  0  1  0]
 [ 0 15  1  0  0  0  0]
 [ 0  0 15  0  0  0  0]
 [ 0  0  0 44  1  0  0]
 [ 0  0  0  0 27  0  0]
 [ 0  0  0  0  1 23  0]
 [ 0  0  0  1  0  0 27]]";0.8431831480397893;0.8288987535226132;"[[205   6   3  11   2   7   9]
 [  7 110   4   2   0   3   0]
 [  1   0 302   1   1   2   0]
 [ 49  10   9 418  10   5   2]
 [ 29   1   2  22 183  10   0]
 [ 17   7   3   4   1 160   0]
 [ 12   1   0   2   0  13  63]]";0.7833537331701347;0.780860351322974;"[[ 80   4   3   9   0   7   3]
 [  2  53   8   2   0   1   0]
 [  3   0 122   1   0   0   0]
 [ 41   7  10 177   9   1   1]
 [ 12   3   0   8 101   4   0]
 [ 11   4   2   3   0  69   1]
 [  9   1   0   1   0   6  38]]";182;[27 16 15 45 27 24 28]
820;Cora;own;0.5;0.2;64;0.5;1;0.005;127148386;0.9735449735449735;0.9722444327213419;"[[28  0  0  0  0  2  0]
 [ 0 15  1  0  0  0  0]
 [ 0  0 16  0  0  0  0]
 [ 0  0  0 47  0  0  0]
 [ 0  0  0  1 26  0  0]
 [ 0  0  0  0  0 24  0]
 [ 0  0  0  1  0  0 28]]";0.8478260869565217;0.8314632421000825;"[[206   2   4  20   4   5   6]
 [  7 103   4   5   0   4   0]
 [  1   0 302   1   1   1   0]
 [ 34  11   8 434   6   5   2]
 [ 23   1   2  28 180  11   0]
 [ 13   8   3  10   0 156   0]
 [ 11   1   0   4   0  13  62]]";0.799265605875153;0.789249033484034;"[[ 79   3   4  11   0   7   2]
 [  2  51   8   4   0   1   0]
 [  2   0 122   2   0   0   0]
 [ 27   9   9 196   3   1   1]
 [  9   3   1  12  99   4   0]
 [  9   3   2   6   0  68   2]
 [  9   1   0   2   0   5  38]]";189;[30 16 16 47 27 24 29]
821;Cora;own;0.5;0.2;64;0.5;1;0.005;127148386;0.9795918367346939;0.9783239485394031;"[[32  0  0  0  0  1  0]
 [ 0 16  1  0  0  0  0]
 [ 0  0 16  0  0  0  0]
 [ 0  0  0 48  0  0  0]
 [ 0  0  0  1 27  0  0]
 [ 0  0  0  0  0 25  0]
 [ 0  0  0  1  0  0 28]]";0.8530973451327434;0.8333193158955166;"[[218   2   1  13   1   9   2]
 [  8 104   5   3   0   3   0]
 [  1   0 298   1   1   2   0]
 [ 38  12   5 430   5   6   2]
 [ 32   1   0  23 177  11   0]
 [ 17   7   3   1   0 163   0]
 [ 17   1   0   2   0  14  56]]";0.802937576499388;0.794425163595302;"[[ 84   2   2  10   0   8   0]
 [  2  52   8   3   0   1   0]
 [  3   0 121   2   0   0   0]
 [ 30   9   6 193   5   2   1]
 [ 11   3   0  11  99   4   0]
 [ 12   4   2   0   0  71   1]
 [ 11   0   0   2   0   6  36]]";196;[33 17 16 48 28 25 29]
822;Cora;own;0.5;0.2;64;0.5;1;0.005;127148386;0.9753694581280788;0.9754312981093556;"[[32  0  0  0  0  1  0]
 [ 0 17  1  0  0  0  0]
 [ 0  0 17  0  0  0  0]
 [ 0  0  0 48  0  0  0]
 [ 0  0  0  2 29  0  0]
 [ 0  0  0  0  0 26  0]
 [ 0  0  0  1  0  0 29]]";0.8613744075829384;0.8435802228701308;"[[198   2   4  16   1  10   3]
 [  6 106   5   3   0   1   0]
 [  1   0 297   1   1   0   0]
 [ 30  16   8 433   4   7   2]
 [ 26   1   0  26 195   3   0]
 [ 13   8   3   2   0 167   0]
 [ 10   1   0   4   0  16  58]]";0.8225214198286414;0.8090303831785407;"[[ 80   3   3  12   0   7   1]
 [  2  52   8   3   0   1   0]
 [  0   2 123   1   0   0   0]
 [ 21  11   5 201   5   2   1]
 [  6   3   0  11 106   2   0]
 [ 10   3   2   1   0  72   2]
 [  8   0   0   3   1   5  38]]";203;[33 18 17 48 31 26 30]
823;Cora;own;0.5;0.2;64;0.5;1;0.005;127148386;0.9666666666666667;0.9650658319426626;"[[32  0  0  0  0  1  0]
 [ 0 18  2  0  0  0  0]
 [ 0  0 17  0  0  0  0]
 [ 1  0  0 49  0  0  0]
 [ 0  0  0  2 30  0  0]
 [ 0  0  0  0  0 27  0]
 [ 0  0  0  1  0  0 30]]";0.8554431885782272;0.8369529171825044;"[[197   2   1  11   0  13   5]
 [  7 104   5   3   0   1   0]
 [  0   0 295   1   1   2   0]
 [ 38  14   9 425   4   9   2]
 [ 33   1   0  23 190   4   0]
 [ 12   8   3   0   0 170   0]
 [ 12   1   0   3   0  15  57]]";0.8102815177478581;0.7993409272005435;"[[ 79   2   2   9   0  12   2]
 [  2  53   8   2   0   1   0]
 [  0   0 123   1   0   2   0]
 [ 25  11   6 195   5   3   1]
 [ 10   3   0  11 101   3   0]
 [ 11   3   2   0   0  72   2]
 [  8   0   0   2   1   5  39]]";210;[33 20 17 50 32 27 31]
824;Cora;own;0.5;0.2;64;0.5;1;0.005;127148386;0.9631336405529954;0.9648743047278405;"[[33  0  0  0  0  1  0]
 [ 0 19  1  1  0  0  0]
 [ 0  0 18  0  0  0  0]
 [ 1  0  0 50  0  1  0]
 [ 0  0  0  2 31  0  0]
 [ 0  0  0  0  0 27  0]
 [ 0  0  0  1  0  0 31]]";0.8578255675029869;0.839770596321081;"[[184   1   3  16   0  21   4]
 [  6 101   5   5   0   2   0]
 [  0   0 294   1   1   2   0]
 [ 27  10   8 438   4  11   2]
 [ 27   1   0  27 191   4   0]
 [  9   7   3   1   1 169   0]
 [  8   1   0   4   0  16  59]]";0.8298653610771114;0.8169482035355392;"[[ 77   2   2  12   0  12   1]
 [  2  51   7   5   0   1   0]
 [  0   0 123   1   0   2   0]
 [ 20   5   5 209   4   2   1]
 [  9   3   0  11 102   3   0]
 [  5   4   2   1   0  76   2]
 [  7   0   0   2   1   5  40]]";217;[34 21 18 52 33 27 32]
825;Cora;own;0.5;0.2;64;0.5;1;0.005;127148386;0.96875;0.9737341926718149;"[[35  0  0  0  0  1  1]
 [ 0 22  0  0  0  0  0]
 [ 0  0 18  0  0  0  0]
 [ 1  0  0 51  0  1  0]
 [ 0  0  0  2 32  0  0]
 [ 0  0  0  0  0 28  0]
 [ 0  0  0  1  0  0 31]]";0.8560287942411517;0.8370003548356925;"[[196   1   1  14   0  11   5]
 [  6 105   3   3   0   1   0]
 [  0   0 294   1   1   2   0]
 [ 36  17  10 423   6   7   2]
 [ 29   1   0  22 190   4   0]
 [ 13  10   3   0   0 162   0]
 [ 13   4   0   2   0  12  57]]";0.8188494492044064;0.808164095849319;"[[ 81   3   2  10   0   8   2]
 [  2  55   6   2   0   1   0]
 [  1   2 122   1   0   0   0]
 [ 25  11   7 196   4   2   1]
 [  9   3   0   9 105   2   0]
 [ 11   5   2   0   0  71   1]
 [  9   1   0   1   1   4  39]]";224;[37 22 18 53 34 28 32]
826;Cora;own;0.5;0.2;64;0.5;1;0.005;127148386;0.9653679653679653;0.9701229591902113;"[[36  0  0  0  0  1  0]
 [ 0 22  0  0  0  0  0]
 [ 0  0 19  0  0  0  0]
 [ 1  1  0 53  0  1  0]
 [ 1  0  0  2 33  0  0]
 [ 0  0  0  0  0 28  0]
 [ 0  0  0  1  0  0 32]]";0.8560240963855422;0.8370378944129272;"[[190   2   2  14   1  14   2]
 [  8 100   5   3   0   2   0]
 [  0   0 294   1   0   1   0]
 [ 35  15  10 428   5   4   2]
 [ 28   1   0  25 189   4   0]
 [ 13   7   3   1   0 164   0]
 [ 12   1   1   2   0  15  56]]";0.8127294981640147;0.8004855810333298;"[[ 79   3   3  12   0   8   1]
 [  2  54   6   3   0   1   0]
 [  0   0 123   1   0   2   0]
 [ 22  10   9 199   4   1   1]
 [  8   3   4  10 101   2   0]
 [ 11   5   2   0   0  71   1]
 [ 12   0   0   1   0   5  37]]";231;[37 22 19 56 36 28 33]
827;Cora;own;0.5;0.2;64;0.5;1;0.005;127148386;0.9705882352941176;0.9750650830285263;"[[36  0  0  0  0  1  0]
 [ 0 23  0  0  0  0  0]
 [ 0  0 20  0  0  0  0]
 [ 1  0  0 56  0  0  0]
 [ 2  0  0  2 34  0  0]
 [ 0  0  0  0  0 29  0]
 [ 0  0  0  1  0  0 33]]";0.8572292800967937;0.8402239432811973;"[[178   2   2  16   1  14   3]
 [  6 100   4   6   0   2   0]
 [  0   0 290   2   0   2   0]
 [ 37  12   8 434   5   3   2]
 [ 28   1   0  24 193   4   0]
 [ 12   7   4   1   0 164   0]
 [ 11   0   0   2   0  15  58]]";0.8225214198286414;0.8093011211257075;"[[ 79   3   2  13   0   8   1]
 [  2  53   6   4   0   1   0]
 [  0   0 123   1   0   2   0]
 [ 20  11   5 204   4   1   1]
 [  7   3   3  10 103   2   0]
 [ 10   4   2   1   0  71   2]
 [ 10   0   0   1   0   5  39]]";238;[37 23 20 57 38 29 34]
828;Cora;own;0.5;0.2;64;0.5;1;0.005;127148386;0.9714285714285714;0.9752037944257623;"[[36  0  0  0  0  1  0]
 [ 0 23  0  0  0  0  0]
 [ 0  0 21  0  0  0  0]
 [ 0  0  0 57  1  0  0]
 [ 3  0  0  1 36  0  0]
 [ 0  0  0  0  0 31  0]
 [ 0  0  0  1  0  0 34]]";0.8596597812879708;0.8415270422544611;"[[177   3   3  15   1  15   3]
 [  6  99   4   6   0   2   0]
 [  0   0 287   2   0   3   0]
 [ 34  10   8 436   5   5   2]
 [ 24   2   0  23 195   4   0]
 [ 11   5   3   3   0 164   0]
 [ 11   0   0   2   0  16  57]]";0.828641370869033;0.8145097246042173;"[[ 78   2   2  14   0   9   1]
 [  2  53   6   4   0   1   0]
 [  0   0 122   2   0   2   0]
 [ 19   4   4 211   4   3   1]
 [  8   3   3   9 102   3   0]
 [  7   4   2   2   0  73   2]
 [ 10   0   0   1   1   5  38]]";245;[37 23 21 58 40 31 35]
829;Cora;own;0.5;0.2;64;0.5;1;0.005;127148386;0.9761904761904762;0.9798066512352227;"[[36  0  0  0  0  1  0]
 [ 0 25  0  0  0  0  0]
 [ 0  0 22  0  0  0  0]
 [ 0  0  0 58  1  0  1]
 [ 1  0  0  1 39  0  0]
 [ 0  0  0  0  0 32  0]
 [ 0  0  0  1  0  0 34]]";0.8505186089078707;0.8275690062899831;"[[169   2   3  15   2  21   3]
 [  4  98   4   6   0   3   0]
 [  0   0 287   2   0   2   0]
 [ 33  12  10 433   3   8   1]
 [ 21   1   0  28 193   5   0]
 [ 11   3   3   3   0 164   0]
 [ 13   0   0   2   0  21  50]]";0.8151774785801713;0.8009026494738555;"[[ 76   2   0  14   0  14   0]
 [  2  53   6   4   0   1   0]
 [  0   0 122   2   0   2   0]
 [ 20   9   4 205   4   3   1]
 [  8   3   4  12  99   2   0]
 [  6   5   2   1   0  75   1]
 [ 11   0   0   1   1   6  36]]";252;[37 25 22 60 41 32 35]
830;Cora;own;0.5;0.2;64;0.5;1;0.005;127148386;0.9691119691119691;0.9723742696874701;"[[36  0  0  0  1  1  1]
 [ 0 26  0  0  0  0  0]
 [ 0  0 23  0  0  0  0]
 [ 0  0  0 60  0  0  1]
 [ 1  0  0  1 40  0  0]
 [ 0  0  0  1  0 31  0]
 [ 0  0  0  1  0  0 35]]";0.8621323529411765;0.8496412961454478;"[[168   2   3  17   3  17   3]
 [  5 100   4   5   0   0   0]
 [  0   0 287   2   0   2   0]
 [ 34  11  10 433   3   6   2]
 [ 23   1   0  25 194   4   0]
 [ 11   4   2   1   0 163   0]
 [ 13   0   0   2   0  10  62]]";0.8200734394124847;0.8112495338175041;"[[ 75   2   1  13   1  12   2]
 [  2  55   6   3   0   0   0]
 [  1   0 121   2   0   2   0]
 [ 21   9   4 204   4   3   1]
 [  8   3   4  12  99   2   0]
 [  7   6   2   0   0  74   1]
 [  7   0   0   1   1   4  42]]";259;[39 26 23 61 42 32 36]
831;Cora;own;0.5;0.2;64;0.5;1;0.005;127148386;0.9699248120300752;0.9743219886642309;"[[37  0  0  1  1  1  0]
 [ 0 27  0  0  0  0  0]
 [ 0  0 24  0  0  0  0]
 [ 0  0  0 60  0  0  1]
 [ 1  0  0  2 41  0  0]
 [ 0  0  0  0  0 33  0]
 [ 0  0  0  1  0  0 36]]";0.8590769230769231;0.8434852655791162;"[[166   2   3  15   3  21   2]
 [  4 100   4   5   0   1   0]
 [  0   0 286   1   0   2   0]
 [ 33  11  10 430   3  10   2]
 [ 23   2   0  23 192   4   0]
 [ 11   3   3   0   0 164   0]
 [ 12   0   0   2   0  14  58]]";0.8261933904528764;0.817140519265955;"[[ 76   2   0  13   1  12   2]
 [  2  54   6   3   0   1   0]
 [  1   0 122   1   0   2   0]
 [ 21   7   6 204   4   3   1]
 [  7   3   4  12 100   2   0]
 [  4   6   2   0   0  77   1]
 [  6   0   0   1   1   5  42]]";266;[40 27 24 61 44 33 37]
832;Cora;own;0.5;0.2;64;0.5;1;0.005;127148386;0.9743589743589743;0.9786799250655361;"[[39  0  0  1  0  0  0]
 [ 0 28  0  0  0  0  0]
 [ 0  0 25  0  0  0  0]
 [ 0  0  0 62  0  0  1]
 [ 1  0  0  2 42  0  0]
 [ 0  0  0  0  0 33  0]
 [ 1  0  0  1  0  0 37]]";0.8640296662546354;0.8462420336321453;"[[168   2   3  12   2  15   7]
 [  5  98   4   6   0   0   0]
 [  0   0 285   1   0   2   0]
 [ 32   5  10 437   6   7   1]
 [ 24   1   0  25 190   3   0]
 [ 12   3   3   0   0 163   0]
 [ 15   1   0   2   0  11  57]]";0.828641370869033;0.8184590112188499;"[[ 78   2   0  13   0  11   2]
 [  2  54   6   3   0   1   0]
 [  1   0 122   1   0   2   0]
 [ 22   4   4 208   5   2   1]
 [  7   3   4  12 101   1   0]
 [  8   6   2   0   0  73   1]
 [  8   0   0   1   1   4  41]]";273;[40 28 25 63 45 33 39]
833;Cora;own;0.5;0.2;64;0.5;1;0.005;127148386;0.9678571428571429;0.9730636446283538;"[[41  0  0  0  0  0  0]
 [ 0 28  0  0  0  0  0]
 [ 0  0 26  0  0  0  0]
 [ 1  1  0 61  1  0  1]
 [ 1  0  0  2 44  0  0]
 [ 0  0  0  0  0 33  0]
 [ 1  0  0  1  0  0 38]]";0.8621973929236499;0.8456234293134068;"[[163   3   3  14   4  11   8]
 [  4  98   5   5   0   0   0]
 [  0   0 282   1   0   2   0]
 [ 33  11  11 427  10   4   2]
 [ 20   1   0  19 200   3   0]
 [ 16   3   3   0   0 158   2]
 [ 12   1   0   2   0   9  61]]";0.8237454100367197;0.8149952241245477;"[[ 79   2   0  14   0   9   2]
 [  2  54   6   3   0   1   0]
 [  1   0 122   1   0   2   0]
 [ 22  10   6 199   6   2   1]
 [  5   3   3  10 106   1   0]
 [ 10   5   2   0   0  71   2]
 [  7   0   0   1   1   4  42]]";280;[41 28 26 65 47 33 40]
834;Cora;own;0.5;0.2;64;0.5;1;0.005;127148386;0.9825783972125436;0.9849386854673685;"[[43  0  0  0  0  0  0]
 [ 0 28  0  0  0  0  0]
 [ 0  0 27  0  0  0  0]
 [ 0  0  0 66  0  0  0]
 [ 0  0  0  2 46  1  0]
 [ 0  0  0  0  0 34  0]
 [ 1  0  0  1  0  0 38]]";0.8690773067331671;0.852161268034153;"[[167   4   1  14   3  17   2]
 [  4  95   5   6   0   1   0]
 [  0   0 280   1   0   3   0]
 [ 35   1   7 443   5   7   1]
 [ 19   1   0  20 199   3   0]
 [ 15   4   3   1   0 153   0]
 [ 12   1   0   1   0  13  57]]";0.824969400244798;0.810734673763184;"[[ 78   2   0  15   0  10   1]
 [  2  52   6   4   1   1   0]
 [  2   0 120   2   0   2   0]
 [ 20   3   3 213   4   2   1]
 [  6   3   3  10 104   2   0]
 [ 12   6   2   1   0  68   1]
 [ 10   0   0   1   0   5  39]]";287;[43 28 27 66 49 34 40]
835;Cora;own;0.5;0.2;64;0.5;1;0.005;127148386;0.9761904761904762;0.9790791678990436;"[[44  0  0  0  0  1  0]
 [ 0 29  0  0  0  0  0]
 [ 0  0 28  0  0  0  0]
 [ 0  0  0 67  1  0  0]
 [ 0  0  0  2 46  1  0]
 [ 0  0  0  0  0 34  0]
 [ 1  0  0  1  0  0 39]]";0.8622417031934878;0.8461602039219948;"[[158   4   1  10   6  16  12]
 [  4  96   5   5   0   0   0]
 [  0   0 280   3   0   3   0]
 [ 35   3   8 427  13   7   1]
 [ 17   1   0  18 201   4   0]
 [ 14   5   3   1   1 153   0]
 [  8   1   0   0   1  10  62]]";0.8335373317013464;0.8224617127079749;"[[ 76   2   0  13   1  10   4]
 [  2  53   6   3   1   1   0]
 [  2   0 121   1   0   2   0]
 [ 20   4   7 206   6   2   1]
 [  5   3   1   6 112   1   0]
 [ 12   6   2   1   0  68   1]
 [  4   0   0   1   1   4  45]]";294;[45 29 28 68 49 34 41]
836;Cora;own;0.5;0.2;64;0.5;1;0.005;127148386;0.9700996677740864;0.9735273225683121;"[[46  0  0  0  0  2  0]
 [ 0 30  0  0  0  0  0]
 [ 0  0 29  0  0  0  0]
 [ 0  0  0 67  2  0  0]
 [ 0  0  0  2 47  1  0]
 [ 0  0  0  0  0 34  0]
 [ 1  0  0  1  0  0 39]]";0.8635220125786164;0.8502681916622379;"[[163   3   1  13   4  17   3]
 [  4  95   5   5   0   0   0]
 [  0   0 279   3   0   3   0]
 [ 37   1   8 428  10   8   1]
 [ 20   1   0  17 198   4   0]
 [ 16   4   3   1   1 152   0]
 [  8   1   0   2   0  13  58]]";0.835985312117503;0.8221767193732613;"[[ 76   2   0  13   1  11   3]
 [  2  52   6   4   1   1   0]
 [  2   0 121   1   0   2   0]
 [ 19   4   5 209   6   2   1]
 [  6   3   0   5 113   1   0]
 [ 11   6   2   1   0  69   1]
 [  6   0   0   1   0   5  43]]";301;[48 30 29 69 50 34 41]
837;Cora;own;0.5;0.2;64;0.5;1;0.005;127148386;0.974025974025974;0.9775705661083229;"[[47  0  0  0  0  1  0]
 [ 0 31  0  0  0  0  0]
 [ 0  0 30  0  0  0  0]
 [ 0  0  0 68  3  0  0]
 [ 0  0  0  1 49  1  0]
 [ 0  0  0  0  0 35  0]
 [ 1  0  0  1  0  0 40]]";0.866708780795957;0.852266837938741;"[[167   2   1  12   1  19   1]
 [  4  94   5   5   0   0   0]
 [  0   0 278   3   0   3   0]
 [ 37   4  10 426   6   8   1]
 [ 21   2   0  14 198   4   0]
 [ 14   4   3   1   1 153   0]
 [ 10   1   1   0   1  12  56]]";0.8335373317013464;0.8227461771540124;"[[ 78   2   0  13   0  11   2]
 [  2  55   6   2   0   1   0]
 [  2   0 121   1   0   2   0]
 [ 19   4   6 209   5   3   0]
 [  5   3   4   8 107   1   0]
 [ 11   6   2   1   0  69   1]
 [  7   0   0   1   0   5  42]]";308;[48 31 30 71 51 35 42]
838;Cora;own;0.5;0.2;64;0.5;1;0.005;127148386;0.9777777777777777;0.9797573664071947;"[[49  0  0  0  0  1  0]
 [ 0 32  0  0  0  0  0]
 [ 0  0 31  0  0  0  0]
 [ 0  0  0 72  0  0  0]
 [ 1  0  0  2 48  1  0]
 [ 0  0  0  0  0 35  0]
 [ 1  0  0  1  0  0 41]]";0.8705583756345178;0.856959416065673;"[[166   2   1  12   0  12   7]
 [  4  93   5   5   0   0   0]
 [  1   0 277   3   0   2   0]
 [ 31   2  10 437   4   8   1]
 [ 18   1   0  24 191   3   0]
 [ 16   5   3   3   1 148   0]
 [  7   1   1   2   0   9  60]]";0.8372093023255814;0.825305689229505;"[[ 78   2   0  12   0  10   4]
 [  2  55   6   2   0   1   0]
 [  2   2 121   1   0   0   0]
 [ 17   7   6 212   1   2   1]
 [  5   3   4  11 104   1   0]
 [ 11   5   2   1   0  70   1]
 [  5   0   0   2   0   4  44]]";315;[50 32 31 72 52 35 43]
839;Cora;own;0.5;0.2;64;0.5;1;0.005;127148386;0.9813664596273292;0.9834559242182043;"[[50  0  0  0  0  1  0]
 [ 0 34  0  0  0  0  0]
 [ 0  0 31  0  0  0  0]
 [ 0  0  0 72  0  0  1]
 [ 0  0  0  2 50  1  0]
 [ 0  0  0  0  0 36  0]
 [ 0  0  0  1  0  0 43]]";0.8693435309114086;0.8559134282841069;"[[160   2   1  12   4  12   8]
 [  4  92   5   5   0   0   0]
 [  0   0 274   3   0   3   0]
 [ 34   1  11 430  10   6   1]
 [ 15   1   0  20 198   3   0]
 [ 15   4   3   0   2 151   0]
 [  8   1   0   1   1   9  59]]";0.847001223990208;0.8355499876474478;"[[ 78   2   0  12   0  10   4]
 [  2  55   5   2   1   1   0]
 [  2   0 121   1   0   2   0]
 [ 15   6   6 213   3   2   1]
 [  3   3   3  10 108   1   0]
 [ 11   4   2   0   0  71   2]
 [  5   0   0   0   1   3  46]]";322;[51 34 31 73 53 36 44]
840;Cora;own;0.5;0.2;64;0.5;1;0.005;127148386;0.9848024316109423;0.9843193926679585;"[[51  0  0  0  0  1  0]
 [ 0 35  0  0  0  0  0]
 [ 0  1 30  0  0  0  0]
 [ 0  0  0 75  0  0  0]
 [ 0  0  0  1 52  1  0]
 [ 0  0  0  0  0 37  0]
 [ 0  0  0  1  0  0 44]]";0.8732394366197183;0.8576758709068215;"[[162   3   1  13   2  16   3]
 [  3  91   4   5   0   0   0]
 [  1   0 273   3   0   3   0]
 [ 36   1   3 438   7   5   1]
 [ 18   1   0  20 194   3   0]
 [ 13   4   3   0   2 152   0]
 [  8   1   0   4   1  10  54]]";0.8421052631578947;0.8268235532360447;"[[ 79   2   0  12   0  11   2]
 [  2  55   4   2   1   2   0]
 [  2   0 120   2   0   2   0]
 [ 16   4   3 218   2   2   1]
 [  5   4   2  11 105   1   0]
 [ 11   6   2   0   0  70   1]
 [  8   0   0   1   0   5  41]]";329;[52 35 31 75 54 37 45]
841;Cora;own;0.5;0.2;64;0.5;1;0.005;127148386;0.9791666666666666;0.9810535517022348;"[[51  0  0  0  0  1  1]
 [ 0 36  0  0  0  0  0]
 [ 0  0 32  0  0  0  0]
 [ 0  0  0 74  1  0  0]
 [ 0  0  0  2 52  1  0]
 [ 0  0  0  0  0 37  0]
 [ 1  0  0  0  0  0 47]]";0.8681672025723473;0.8529944937199974;"[[161   2   1  12   3  13   8]
 [  2  91   4   5   0   1   0]
 [  1   0 274   3   0   2   0]
 [ 38   1   4 431   9   5   1]
 [ 20   1   0  18 193   3   0]
 [ 15   6   4   2   2 144   0]
 [  7   1   1   1   0   9  56]]";0.8396572827417381;0.8287270608900579;"[[ 78   2   0  11   1  11   3]
 [  2  56   5   2   1   0   0]
 [  2   0 121   1   0   2   0]
 [ 17   4   6 213   3   2   1]
 [  6   3   4   9 105   1   0]
 [ 12   6   2   1   0  68   1]
 [  5   0   1   0   1   3  45]]";336;[53 36 32 75 55 37 48]
842;Cora;own;0.5;0.2;64;0.5;1;0.005;127148386;0.9825072886297376;0.9842397866792988;"[[53  0  0  1  0  1  0]
 [ 0 36  0  0  0  0  0]
 [ 0  0 33  0  0  0  0]
 [ 0  0  0 77  0  0  0]
 [ 0  0  0  2 53  1  0]
 [ 0  0  0  0  0 38  0]
 [ 1  0  0  0  0  0 47]]";0.874031007751938;0.8605461727043872;"[[161   4   1  12   3  15   2]
 [  2  91   4   5   0   1   0]
 [  1   0 272   3   0   2   0]
 [ 36   2   3 433   7   6   1]
 [ 20   0   0  18 193   3   0]
 [ 13   3   3   2   2 149   0]
 [  7   1   0   2   0  11  54]]";0.8445532435740514;0.833429663912183;"[[ 81   2   0  10   1  11   1]
 [  2  54   5   3   1   1   0]
 [  2   0 121   1   0   2   0]
 [ 17   4   4 215   3   2   1]
 [  6   2   4  10 105   1   0]
 [ 10   5   2   1   0  71   1]
 [  7   0   0   1   0   4  43]]";343;[55 36 33 77 56 38 48]
843;Cora;own;0.5;0.2;64;0.5;1;0.005;127148386;0.9828571428571429;0.9833318592776815;"[[55  0  0  0  0  1  0]
 [ 0 37  0  0  0  0  0]
 [ 1  0 34  0  0  0  0]
 [ 0  0  0 78  0  0  0]
 [ 0  0  0  2 54  1  0]
 [ 0  0  0  0  0 38  0]
 [ 1  0  0  0  0  0 48]]";0.8754055807916937;0.8627650489707385;"[[166   4   1  10   4  11   2]
 [  2  90   4   5   0   1   0]
 [  1   0 270   3   0   2   0]
 [ 37   3   4 426  10   6   1]
 [ 18   0   0  16 196   2   0]
 [ 15   4   2   2   2 147   0]
 [  7   1   0   1   1  10  54]]";0.8482252141982864;0.8391538037412614;"[[ 82   2   0  11   1   8   2]
 [  2  56   5   2   1   0   0]
 [  2   0 121   1   0   2   0]
 [ 18   4   5 212   4   2   1]
 [  5   2   3   9 108   1   0]
 [ 11   5   2   1   0  70   1]
 [  6   0   0   0   1   4  44]]";350;[56 37 35 78 57 38 49]
844;Cora;own;0.5;0.2;64;0.5;1;0.005;127148386;0.9775910364145658;0.9782711727235937;"[[56  0  0  0  0  1  0]
 [ 0 38  0  0  0  0  0]
 [ 1  0 35  0  0  0  0]
 [ 0  0  0 78  1  0  0]
 [ 0  0  0  2 55  1  0]
 [ 0  0  0  0  0 38  0]
 [ 1  0  0  0  0  1 49]]";0.8767926988265972;0.8618233797443482;"[[167   5   1  11   2  11   2]
 [  2  89   3   5   0   1   0]
 [  1   0 269   3   0   2   0]
 [ 35   3   4 426  10   6   1]
 [ 19   0   0  13 197   2   0]
 [ 14   5   2   2   2 145   1]
 [  6   1   1   5   0   8  52]]";0.8445532435740514;0.8360498941736827;"[[ 81   2   0  11   0   8   4]
 [  2  56   5   2   1   0   0]
 [  2   0 121   1   0   2   0]
 [ 18   4   5 210   6   2   1]
 [  5   2   3  10 107   1   0]
 [ 11   5   1   1   0  71   1]
 [  6   0   0   2   0   3  44]]";357;[57 38 36 79 58 38 51]
845;Cora;own;0.5;0.2;64;0.5;1;0.005;127148386;0.9697802197802198;0.9705125214293463;"[[56  0  0  1  0  1  0]
 [ 0 38  0  0  0  0  0]
 [ 0  0 36  0  0  1  0]
 [ 0  0  0 78  2  0  0]
 [ 0  0  0  2 56  1  0]
 [ 0  1  0  0  0 39  0]
 [ 1  0  0  0  0  1 50]]";0.8775376555337263;0.8599253127238277;"[[169   3   1   9   1  11   2]
 [  3  90   2   5   0   0   0]
 [  1   0 268   3   0   3   0]
 [ 33   3   4 428  10   7   1]
 [ 20   0   0  13 195   3   0]
 [ 14   5   2   2   2 142   0]
 [ 10   1   1   3   0   9  48]]";0.8433292533659731;0.8333671085659747;"[[ 80   2   0  12   0   8   4]
 [  2  56   5   2   1   0   0]
 [  2   0 121   1   0   2   0]
 [ 17   4   4 212   6   2   1]
 [  5   2   3  11 106   1   0]
 [ 11   6   1   1   0  70   1]
 [  5   0   0   1   1   4  44]]";364;[58 38 37 80 59 40 52]
846;Cora;own;0.5;0.2;64;0.5;1;0.005;127148386;0.9757412398921833;0.9774891708732808;"[[56  0  0  1  0  1  0]
 [ 0 38  0  0  0  0  0]
 [ 0  0 38  0  0  0  0]
 [ 1  1  0 81  0  0  0]
 [ 0  0  0  2 57  1  0]
 [ 0  0  0  0  0 41  0]
 [ 1  0  0  0  0  1 51]]";0.8769736842105263;0.8603861887167444;"[[164   3   1  11   3  11   2]
 [  2  89   2   6   0   1   0]
 [  1   0 266   4   0   3   0]
 [ 29   0   3 432   9   7   1]
 [ 16   0   0  21 193   3   0]
 [  8   4   2   8   2 142   0]
 [  9   1   1   3   0  10  47]]";0.8384332925336597;0.8245996342987757;"[[ 77   2   0  13   1  10   3]
 [  2  54   5   3   1   1   0]
 [  2   0 121   1   0   2   0]
 [ 13   4   4 216   6   2   1]
 [  5   2   3  10 107   1   0]
 [ 11   6   2   3   0  67   1]
 [  6   0   0   1   1   4  43]]";371;[58 38 38 83 60 41 53]
847;Cora;own;0.5;0.2;64;0.5;1;0.005;127148386;0.9735449735449735;0.9743117471092885;"[[57  0  0  1  0  1  0]
 [ 0 38  0  0  0  1  0]
 [ 0  0 39  0  0  0  0]
 [ 1  1  0 82  0  0  1]
 [ 0  0  0  1 59  1  0]
 [ 0  0  0  0  0 42  0]
 [ 1  0  0  0  0  1 51]]";0.8783873099801719;0.8631409683101402;"[[167   3   2   8   2  10   2]
 [  3  87   4   5   0   0   0]
 [  1   0 265   4   0   3   0]
 [ 29   1   3 431   9   6   0]
 [ 18   0   0  20 191   3   0]
 [ 11   5   2   7   2 138   0]
 [  8   1   1   1   0  10  50]]";0.8494492044063647;0.8378392033810237;"[[ 85   2   0  10   0   8   1]
 [  2  55   5   2   1   1   0]
 [  2   0 121   1   0   2   0]
 [ 13   4   4 216   6   2   1]
 [  5   2   4   9 107   1   0]
 [ 10   5   2   5   0  66   2]
 [  6   0   1   0   1   3  44]]";378;[59 39 39 85 61 42 53]
848;Cora;own;0.5;0.2;64;0.5;1;0.005;127148386;0.974025974025974;0.9759419247214821;"[[56  0  0  2  0  1  0]
 [ 0 39  0  0  0  1  0]
 [ 0  0 40  0  0  0  0]
 [ 0  0  0 85  2  0  0]
 [ 0  0  0  1 60  1  0]
 [ 0  0  0  0  0 43  0]
 [ 0  0  0  1  0  1 52]]";0.8804780876494024;0.8623045013853172;"[[155   3   2  14   7  12   2]
 [  3  86   4   5   0   0   0]
 [  1   0 264   4   0   2   0]
 [ 19   1   3 440   9   6   0]
 [ 13   0   0  20 194   4   0]
 [  9   4   2   7   2 139   0]
 [  8   1   1   2   0  10  48]]";0.8494492044063647;0.8346152354966528;"[[ 78   2   0  14   1  10   1]
 [  2  52   5   5   1   1   0]
 [  2   0 121   1   0   2   0]
 [  5   4   4 223   7   2   1]
 [  4   2   4   9 108   1   0]
 [  8   5   2   5   0  69   1]
 [  5   0   1   1   1   4  43]]";385;[59 40 40 87 62 43 54]
849;Cora;own;0.5;0.2;64;0.5;1;0.005;127148386;0.9744897959183674;0.9748616692079854;"[[56  0  0  2  0  1  0]
 [ 0 39  0  0  0  1  0]
 [ 0  0 41  0  0  0  0]
 [ 0  0  0 89  0  1  0]
 [ 0  0  0  1 61  1  0]
 [ 0  0  0  0  0 43  0]
 [ 2  0  0  0  0  1 53]]";0.8819212808539026;0.8639659853569777;"[[163   3   2  11   2  11   2]
 [  3  86   4   5   0   0   0]
 [  1   0 263   4   0   2   0]
 [ 25   0   3 439   8   5   0]
 [ 15   0   0  19 190   4   0]
 [ 12   3   2   7   2 135   0]
 [ 10   1   1   1   0   9  46]]";0.8494492044063647;0.8321584769191285;"[[ 83   2   0  11   1   8   1]
 [  2  52   5   5   1   1   0]
 [  2   0 121   1   0   2   0]
 [  6   4   4 225   4   2   1]
 [  5   2   4  10 105   2   0]
 [ 10   4   2   6   0  66   2]
 [  7   0   1   0   1   4  42]]";392;[59 40 41 90 63 43 56]
850;Cora;own;0.5;0.2;64;0.5;1;0.005;127148386;0.9774436090225563;0.9789262509913093;"[[57  0  0  2  0  1  0]
 [ 0 41  0  0  0  0  0]
 [ 0  0 42  0  0  0  0]
 [ 0  0  0 91  0  0  0]
 [ 0  0  0  2 61  1  0]
 [ 0  0  0  0  0 44  0]
 [ 2  0  0  0  0  1 54]]";0.881367292225201;0.8655340127132874;"[[162   3   2  11   2  11   2]
 [  3  86   2   6   0   0   0]
 [  1   0 263   4   0   2   0]
 [ 26   0   3 436   7   6   0]
 [ 16   0   0  20 187   4   0]
 [ 15   5   2   3   2 133   0]
 [  7   1   1   1   0   9  48]]";0.8494492044063647;0.8323607701831645;"[[ 83   2   0  11   0   7   3]
 [  2  52   5   5   1   1   0]
 [  2   0 121   1   0   2   0]
 [  7   4   3 224   5   2   1]
 [  6   2   4   9 104   3   0]
 [ 10   5   2   5   0  66   2]
 [  6   0   1   0   1   3  44]]";399;[60 41 42 91 64 44 57]
851;Cora;own;0.5;0.2;64;0.5;1;0.005;127148386;0.9729064039408867;0.9742967451747339;"[[57  0  0  1  1  1  0]
 [ 0 42  0  0  0  0  0]
 [ 0  0 43  0  0  0  0]
 [ 0  0  0 91  1  0  0]
 [ 0  0  0  2 62  1  0]
 [ 0  0  0  0  0 45  0]
 [ 2  0  0  0  0  2 55]]";0.8861952861952862;0.867595847180147;"[[160   3   2  10   5  11   2]
 [  2  85   2   7   0   0   0]
 [  1   0 262   4   0   2   0]
 [ 22   0   3 436  10   6   0]
 [ 16   0   0  12 195   3   0]
 [ 10   5   2   7   2 133   0]
 [  8   1   1   2   0   8  45]]";0.8482252141982864;0.8318173812215951;"[[ 82   2   0  11   1   8   2]
 [  2  52   5   5   1   1   0]
 [  2   0 121   1   0   2   0]
 [  6   4   4 220   9   2   1]
 [  6   2   3   8 109   0   0]
 [ 10   5   2   5   0  66   2]
 [  6   0   0   0   1   5  43]]";406;[60 42 43 92 65 45 59]
852;Cora;own;0.5;0.2;64;0.5;1;0.005;127148386;0.9685230024213075;0.9694627290827418;"[[57  0  0  1  1  1  0]
 [ 1 43  0  0  0  0  0]
 [ 0  0 43  0  0  0  0]
 [ 0  0  1 92  1  0  0]
 [ 0  0  0  2 63  1  0]
 [ 0  0  0  0  0 46  0]
 [ 2  0  0  0  0  2 56]]";0.8843031123139378;0.8653477868931094;"[[161   3   2  11   4  10   2]
 [  1  83   2   7   0   0   0]
 [  1   0 260   5   0   2   0]
 [ 22   0   3 440   9   2   0]
 [ 17   0   0  18 187   3   0]
 [  9   5   2   8   2 133   0]
 [ 10   1   0   2   0   8  43]]";0.8506731946144431;0.8340464513001018;"[[ 83   2   0  11   1   7   2]
 [  2  52   5   6   1   0   0]
 [  2   0 121   1   0   2   0]
 [  5   4   3 223   8   2   1]
 [  6   2   3   9 107   1   0]
 [ 10   5   2   5   0  66   2]
 [  7   0   0   0   1   4  43]]";413;[60 44 43 94 66 46 60]
853;Cora;own;0.5;0.2;64;0.5;1;0.005;127148386;0.9714285714285714;0.972348823880553;"[[58  0  0  1  1  1  0]
 [ 1 44  0  0  0  0  0]
 [ 0  0 44  0  0  0  0]
 [ 0  0  0 94  1  0  0]
 [ 0  0  0  2 64  1  0]
 [ 0  0  0  0  0 47  0]
 [ 2  0  0  0  0  2 57]]";0.8851121685927941;0.8633147086645311;"[[159   3   2  11   4  10   2]
 [  2  82   4   5   0   0   0]
 [  1   0 259   5   0   2   0]
 [ 21   1   2 437   9   4   0]
 [ 15   0   0  16 191   3   0]
 [  9   4   2   8   2 133   0]
 [ 10   1   0   2   0   9  41]]";0.8482252141982864;0.8321817494354333;"[[ 81   2   0  13   1   7   2]
 [  2  53   5   5   1   0   0]
 [  2   0 121   1   0   2   0]
 [  5   4   3 222  10   1   1]
 [  6   3   3   8 107   1   0]
 [ 10   5   2   5   0  66   2]
 [  7   0   0   0   1   4  43]]";420;[61 45 44 95 67 47 61]
854;Cora;own;0.5;0.2;64;0.5;1;0.005;1232306213;0.0;0.0;[[]];0.15864621893178213;0.10079177059393739;"[[ 41  66   1  59   3  64  11]
 [ 67   9   0  53   2  17   3]
 [ 28 110   1  58   1  94   0]
 [134 115   6 225   6  59  27]
 [ 30  88   8  85   4  60  23]
 [119  10   1  65   0  11   2]
 [ 39  20  16  25   0  16   9]]";0.1689106487148103;0.11021514903953003;"[[24 18  0 31  1 26  6]
 [37  8  0 17  2  2  0]
 [13 49  0 22  0 40  2]
 [67 52  0 91  8 21  7]
 [12 32  1 45  4 26  8]
 [49  3  1 23  1  9  4]
 [19  9  4 13  0  8  2]]";0;[]
855;Cora;own;0.5;0.2;64;0.5;1;0.005;1232306213;0.7142857142857143;0.5;"[[0 0 0 1 0]
 [0 0 0 1 0]
 [0 0 2 0 0]
 [0 0 0 1 0]
 [0 0 0 0 2]]";0.346072186836518;0.275397333599745;"[[ 36   0   0   0   3  97  87]
 [  0   0   0   0   0  94   3]
 [  0   0   0   0   0 262  12]
 [  0   0   0   0   9 431  21]
 [  0   0   0   0 170  82  24]
 [  0   0   0   0   1 280  96]
 [  0   0   0   0   1   9 166]]";0.21909424724602203;0.20971900441684038;"[[ 11   0   0   0   2  41  52]
 [  0   0   0   0   0  63   3]
 [  0   0   0   0   0 119   7]
 [  0   0   0   0   4 227  15]
 [  0   0   0   0  71  51   6]
 [  0   0   0   0   0  43  47]
 [  0   0   0   0   0   1  54]]";7;[1 0 1 0 2 1 2]
856;Cora;own;0.5;0.2;64;0.5;1;0.005;1232306213;0.7857142857142857;0.5034013605442177;"[[3 0 0 0 0 0 0]
 [1 0 0 0 0 0 0]
 [0 0 0 0 0 1 0]
 [0 0 0 0 0 1 0]
 [0 0 0 0 4 0 0]
 [0 0 0 0 0 2 0]
 [0 0 0 0 0 0 2]]";0.4171550346297283;0.34919117091529206;"[[124   0   0   0   2  33  61]
 [ 11   0   0   0   2  95   9]
 [ 13   0   0   0   0 240  18]
 [ 10   0   0   0  13 414  16]
 [  7   0   0   0 181  63  19]
 [  6   0   0   0   2 322  50]
 [  2   0   0   0   1   7 156]]";0.30354957160342716;0.29377129047478817;"[[ 51   0   0   0   4  16  35]
 [  3   0   0   0   0  61   2]
 [  3   0   0   0   0 108  15]
 [  9   0   0   0   4 222  11]
 [  2   0   0   0  80  40   6]
 [  3   0   0   0   0  64  23]
 [  1   0   0   0   0   1  53]]";14;[3 1 1 1 4 2 2]
857;Cora;own;0.5;0.2;64;0.5;1;0.005;1232306213;0.7142857142857143;0.471655328798186;"[[3 0 0 0 0 0 0]
 [1 0 0 0 0 0 0]
 [0 0 0 0 0 2 0]
 [0 0 0 0 0 3 0]
 [0 0 0 0 7 0 0]
 [0 0 0 0 0 2 0]
 [0 0 0 0 0 0 3]]";0.4122994652406417;0.33521603198437117;"[[108   0   0   0  19  18  56]
 [  9   0   0   0   4  92   8]
 [ 26   0   0   0   3 223  19]
 [  8   0   0   0  31 375  33]
 [  1   0   0   0 230  74  12]
 [  3   0   0   0  16 277  60]
 [  1   0   0   0   3   5 156]]";0.26560587515299877;0.24820137026101582;"[[ 41   0   0   0  18  16  31]
 [  2   0   0   0   1  60   3]
 [  9   0   0   0   7  94  16]
 [  6   0   0   0  14 205  21]
 [  2   0   0   0  83  41   2]
 [  0   0   0   0  16  44  30]
 [  0   0   0   0   5   1  49]]";21;[3 1 2 3 7 2 3]
858;Cora;own;0.5;0.2;64;0.5;1;0.005;1232306213;0.6071428571428571;0.4222222222222222;"[[4 0 0 0 0 0 0]
 [1 0 0 0 0 0 0]
 [0 0 0 0 0 1 3]
 [0 0 0 0 4 1 1]
 [0 0 0 0 8 0 0]
 [0 0 0 0 0 2 0]
 [0 0 0 0 0 0 3]]";0.4219001610305958;0.32311335326056784;"[[109   0   0   0  39  13  40]
 [  8   0   0   0   4  80   7]
 [ 39   0   0   0  53 179  54]
 [  8   0   0   0 185 205  22]
 [  0   0   0   0 311  50   4]
 [  2   0   0   0  35 216  42]
 [  0   0   0   0   5   3 150]]";0.29498164014687883;0.24245183330189968;"[[ 41   0   0   0  28  10  27]
 [  3   0   0   0   1  59   3]
 [ 13   0   0   0  27  60  26]
 [ 11   0   0   0  97 127  11]
 [  1   0   0   0 109  17   1]
 [  0   0   0   0  27  43  20]
 [  0   0   0   0   7   0  48]]";28;[4 1 4 6 8 2 3]
859;Cora;own;0.5;0.2;64;0.5;1;0.005;1232306213;0.8857142857142857;0.7812187812187812;"[[ 5  0  0  0  0  0  0]
 [ 1  0  0  0  0  0  0]
 [ 0  0  6  0  0  0  0]
 [ 0  0  1  4  2  0  0]
 [ 0  0  0  0 10  0  0]
 [ 0  0  0  0  0  3  0]
 [ 0  0  0  0  0  0  3]]";0.6223060344827587;0.5224737787024889;"[[139   0  10   0  37   9  39]
 [  5   0  10   0   2  75   2]
 [  0   0 287   0   2   9   3]
 [ 17   0  35  16 181 131  18]
 [  1   0   1   0 349  23  11]
 [  3   0   9   0  35 231  21]
 [  1   0   0   0   7   4 133]]";0.47123623011015914;0.42217221500282875;"[[ 49   0   6   0  22   8  21]
 [  2   0   8   0   6  49   1]
 [  0   0 119   0   1   6   0]
 [ 20   0  21   2 113  82   8]
 [  0   0   0   0 118   8   2]
 [  2   0   4   0  23  48  13]
 [  0   0   0   0   6   0  49]]";35;[ 5  1  6  7 10  3  3]
860;Cora;own;0.5;0.2;64;0.5;1;0.005;1232306213;0.8571428571428571;0.7640486497629355;"[[ 5  0  0  0  0  0  0]
 [ 1  0  1  0  0  0  0]
 [ 0  0  6  0  0  0  0]
 [ 0  0  2  7  1  1  0]
 [ 0  0  0  0 10  0  0]
 [ 0  0  0  0  0  5  0]
 [ 0  0  0  0  0  0  3]]";0.6143861546782045;0.5222276532107301;"[[133   0  10   0  42  16  38]
 [  5   0  13   0   3  76   1]
 [  0   0 282   0   2  12   0]
 [ 13   0  16  18 179 164  19]
 [  0   0   0   0 335  35   3]
 [  0   0   5   0  28 254  19]
 [  1   0   0   0   4   9 114]]";0.47613219094247244;0.4342218341061607;"[[ 48   0   6   0  22  10  20]
 [  2   0   7   0   5  51   1]
 [  0   0 119   0   1   6   0]
 [ 11   0  17   3 110  99   6]
 [  0   0   0   0 114  14   0]
 [  0   0   3   0  18  61   8]
 [  0   0   0   0   5   6  44]]";42;[ 5  2  6 11 10  5  3]
861;Cora;own;0.5;0.2;64;0.5;1;0.005;1232306213;0.8979591836734694;0.7945954045954046;"[[ 6  0  0  0  0  0  0]
 [ 1  0  1  0  0  0  0]
 [ 0  0  7  0  0  0  0]
 [ 0  0  0 11  2  1  0]
 [ 0  0  0  0 11  0  0]
 [ 0  0  0  0  0  5  0]
 [ 0  0  0  0  0  0  4]]";0.6129207383279045;0.5218982667371109;"[[150   0  10   0  27  11  37]
 [  6   0  16   0   1  76   2]
 [  1   0 285   0   2  12   1]
 [ 27   0  37  21 200 121  22]
 [  1   0   0   1 318  28  10]
 [  2   0   5   0  24 238  22]
 [  1   0   0   0   5   5 117]]";0.48592411260709917;0.4381098820330936;"[[ 52   0   8   0  19   8  19]
 [  3   0   8   0   5  49   1]
 [  0   0 120   0   0   6   0]
 [ 19   0  21   4 114  79   9]
 [  0   0   0   0 114  11   3]
 [  2   0   2   0  18  58  10]
 [  0   0   0   0   4   2  49]]";49;[ 6  2  7 14 11  5  4]
862;Cora;own;0.5;0.2;64;0.5;1;0.005;1232306213;0.9464285714285714;0.828922873497225;"[[ 7  0  0  0  0  0  0]
 [ 1  0  1  0  0  0  0]
 [ 0  0  8  0  0  0  0]
 [ 0  0  0 17  1  0  0]
 [ 0  0  0  0 11  0  0]
 [ 0  0  0  0  0  5  0]
 [ 0  0  0  0  0  0  5]]";0.6980926430517711;0.6220380691832536;"[[163   0   7   6  29   7  28]
 [  5   0  12   4   0  80   2]
 [  0   0 287   2   2   9   1]
 [ 16   0  19 229 118  75  16]
 [  2   0   0  20 278  22   9]
 [  1   0   5   6  21 207  20]
 [  1   0   0   1   4   4 117]]";0.591187270501836;0.5333431062233183;"[[ 51   0   8   1  19  10  17]
 [  5   0   5   0   6  49   1]
 [  0   0 121   0   1   4   0]
 [ 14   0  14  92  70  49   7]
 [  0   0   0   5 114   6   3]
 [  2   0   2   6  16  56   8]
 [  0   0   0   1   5   0  49]]";56;[ 7  2  8 18 11  5  5]
863;Cora;own;0.5;0.2;64;0.5;1;0.005;1232306213;0.9682539682539683;0.8412206988058382;"[[ 8  0  0  0  0  0  0]
 [ 1  0  1  0  0  0  0]
 [ 0  0  9  0  0  0  0]
 [ 0  0  0 20  0  0  0]
 [ 0  0  0  0 12  0  0]
 [ 0  0  0  0  0  6  0]
 [ 0  0  0  0  0  0  6]]";0.6963894967177243;0.6193525906911476;"[[169   0   7   4  28  10  26]
 [  6   0  12   3   1  83   2]
 [  0   0 288   2   3   8   0]
 [ 24   0  26 230 107  68  17]
 [  4   0   0  15 270  25   9]
 [  5   0   4   8  18 202  17]
 [  3   0   0   3   3   4 114]]";0.5936352509179926;0.5372230589089393;"[[ 57   0   8   0  15  11  15]
 [  5   0   5   0   6  49   1]
 [  0   0 121   0   1   4   0]
 [ 21   0  18  87  63  49   8]
 [  1   0   0   4 114   7   2]
 [  3   0   2   7  14  57   7]
 [  0   0   0   1   5   0  49]]";63;[ 8  2  9 20 12  6  6]
864;Cora;own;0.5;0.2;64;0.5;1;0.005;1232306213;0.9571428571428572;0.8325484039769754;"[[10  0  0  0  0  0  0]
 [ 1  0  1  0  0  1  0]
 [ 0  0 10  0  0  0  0]
 [ 0  0  0 22  0  0  0]
 [ 0  0  0  0 13  0  0]
 [ 0  0  0  0  0  6  0]
 [ 0  0  0  0  0  0  6]]";0.7210323997803405;0.6461299464045852;"[[198   0   1   7  23   8  14]
 [ 10   0  10   4   6 101   4]
 [  1   0 283   4   1   8   0]
 [ 36   0  15 306  67  56   7]
 [  6   0   0  25 251  20   9]
 [  4   0   6  13  18 168  13]
 [  3   0   0   2   3   3 107]]";0.6609547123623011;0.5915635471910036;"[[ 67   0   2   4  14   8  11]
 [  5   0   5   0   5  50   1]
 [  1   0 119   1   1   4   0]
 [ 24   0  10 142  41  28   1]
 [  1   0   0   9 111   5   2]
 [  3   0   2  13  12  54   6]
 [  3   0   0   1   4   0  47]]";70;[10  3 10 22 13  6  6]
865;Cora;own;0.5;0.2;64;0.5;1;0.005;1232306213;0.948051948051948;0.8262718130730553;"[[10  0  0  0  0  0  0]
 [ 1  0  1  0  0  2  0]
 [ 0  0 11  0  0  0  0]
 [ 0  0  0 24  0  0  0]
 [ 0  0  0  0 14  0  0]
 [ 0  0  0  0  0  7  0]
 [ 0  0  0  0  0  0  7]]";0.7331863285556781;0.6505118519708074;"[[188   0   1  11  21   9  17]
 [ 10   0  11   4   8 103   5]
 [  1   0 282   3   0   7   0]
 [ 19   0  21 362  50  53   9]
 [  6   0   0  21 236  20   9]
 [  4   0   4  13  16 158  17]
 [  3   0   0   2   3   3 104]]";0.6940024479804161;0.6120493941929965;"[[ 65   0   1   5  13  10  12]
 [  5   0   5   0   4  51   1]
 [  1   0 120   2   0   3   0]
 [ 16   0   9 170  22  25   4]
 [  0   0   0   9 109   8   2]
 [  1   0   2  13  12  54   8]
 [  1   0   0   1   4   0  49]]";77;[10  4 11 24 14  7  7]
866;Cora;own;0.5;0.2;64;0.5;1;0.005;1232306213;0.9047619047619048;0.7830655562113363;"[[11  0  0  0  0  0  0]
 [ 1  0  2  0  0  1  0]
 [ 0  0 12  0  0  0  0]
 [ 0  0  0 25  0  1  0]
 [ 0  0  0  1 14  0  0]
 [ 0  0  1  0  0  6  0]
 [ 0  0  0  0  1  0  8]]";0.7443276148312119;0.648654356479366;"[[182   0   0  10  18   5  18]
 [ 13   0  18   6   6  82   3]
 [  3   0 308   5   1   6   1]
 [ 21   0  26 379  31  41  10]
 [  7   0   0  30 226  15   9]
 [  2   0   6  11  16 140  19]
 [  4   0   0   4  14   1 110]]";0.7074663402692778;0.6168429197314644;"[[ 68   0   4   6  11   4  13]
 [  5   0   9   0   5  45   2]
 [  0   0 122   2   0   2   0]
 [ 18   0  20 174  14  14   6]
 [  0   0   1  10 111   3   3]
 [  1   0   2  12  12  54   9]
 [  1   0   0   1   4   0  49]]";84;[11  4 12 26 15  7  9]
867;Cora;own;0.5;0.2;64;0.5;1;0.005;1232306213;0.9230769230769231;0.8009912045626333;"[[13  0  0  0  0  0  0]
 [ 1  0  2  1  0  1  0]
 [ 0  0 13  0  0  0  0]
 [ 0  0  0 27  0  0  0]
 [ 0  0  0  0 16  0  0]
 [ 0  0  0  0  0  7  1]
 [ 0  0  0  0  1  0  8]]";0.7688888888888888;0.6639971654349978;"[[191   0   2  10  20   2  15]
 [ 25   0  22  16   8  60   2]
 [  1   0 313   4   1   4   0]
 [ 19   0  20 418  31  18   7]
 [  9   0   1  21 235  12  10]
 [  2   0   6  10  15 124  19]
 [  6   0   0   5  13   0 103]]";0.7307221542227662;0.6378369554863469;"[[ 71   0   5   5  11   2  12]
 [ 12   0  11   8   5  29   1]
 [  0   0 125   1   0   0   0]
 [ 23   0  16 183  15   8   1]
 [  1   0   1   7 116   1   2]
 [  1   0   2  15  11  53   8]
 [  1   0   0   1   4   0  49]]";91;[13  5 13 27 16  8  9]
868;Cora;own;0.5;0.2;64;0.5;1;0.005;1232306213;0.9183673469387755;0.8060417096131383;"[[13  0  0  0  0  0  0]
 [ 1  0  2  2  0  1  1]
 [ 0  0 13  0  0  0  0]
 [ 0  0  0 29  0  0  0]
 [ 0  0  0  0 18  0  0]
 [ 0  0  0  0  0  7  1]
 [ 0  0  0  0  0  0 10]]";0.7763524818739542;0.6727889455372945;"[[176   0   5   8  20   3  26]
 [ 29   0  40  20  13  31   6]
 [  0   0 308   3   1   1   0]
 [ 27   0  18 426  27   5  11]
 [  3   0   0  20 244   3  13]
 [  0   0   7  10  14 121  23]
 [  3   0   1   4   6   0 117]]";0.7294981640146879;0.6345742366251217;"[[ 63   0   6   4  10   4  19]
 [ 11   0  23  13   5  12   2]
 [  0   0 125   1   0   0   0]
 [ 25   0  15 184  16   3   3]
 [  0   0   1   7 117   1   2]
 [  1   0   2  14   7  54  12]
 [  1   0   0   1   0   0  53]]";98;[13  7 13 29 18  8 10]
869;Cora;own;0.5;0.2;64;0.5;1;0.005;1232306213;0.8952380952380953;0.7842426216747728;"[[14  0  0  0  0  0  0]
 [ 1  0  2  2  0  3  1]
 [ 0  0 13  0  0  0  0]
 [ 0  0  0 30  0  0  0]
 [ 0  0  0  0 19  0  0]
 [ 0  0  0  0  1  7  1]
 [ 0  0  0  0  0  0 11]]";0.7833146696528556;0.6802493188414782;"[[181   0   4   5  20   4  22]
 [ 41   0  25  17  10  41   1]
 [  0   0 308   3   1   1   0]
 [ 31   0  20 424  25   3   7]
 [  9   0   0  18 242   2  11]
 [  2   0   8  10  14 128  19]
 [  5   0   1   3   4   0 116]]";0.7282741738066095;0.6354386094601834;"[[ 65   0   5   4  10   5  17]
 [ 15   0  15  11   4  19   2]
 [  0   0 125   1   0   0   0]
 [ 29   0  15 182  16   3   1]
 [  1   0   0   8 116   1   2]
 [  3   0   2  14   6  55  10]
 [  1   0   0   1   1   0  52]]";105;[14  9 13 30 19  9 11]
870;Cora;own;0.5;0.2;64;0.5;1;0.005;1232306213;0.875;0.7802934779986325;"[[14  0  0  0  0  0  0]
 [ 1  0  2  3  1  4  1]
 [ 0  0 13  0  0  0  0]
 [ 0  0  1 31  0  0  0]
 [ 0  0  0  0 20  0  0]
 [ 0  0  0  0  0  8  1]
 [ 0  0  0  0  0  0 12]]";0.7869589657110736;0.6812436360384918;"[[174   0   3   6  20   4  25]
 [ 28   0  15  19  10  61   3]
 [  0   0 303   3   1   2   0]
 [ 27   0  18 438  18   2   9]
 [  6   0   0  24 238   2  11]
 [  1   0   6  11  13 129  19]
 [  5   0   0   4   3   0 118]]";0.7356181150550796;0.6405562746671648;"[[ 64   0   2   6  11   5  18]
 [  9   0  12  13   4  26   2]
 [  0   0 122   1   1   2   0]
 [ 26   0  12 190  14   3   1]
 [  1   0   0   9 116   0   2]
 [  2   0   2  14   6  56  10]
 [  1   0   0   1   0   0  53]]";112;[14 12 13 32 20  9 12]
871;Cora;own;0.5;0.2;64;0.5;1;0.005;1232306213;0.8571428571428571;0.764520009521249;"[[15  0  0  1  0  0  0]
 [ 3  0  3  1  1  4  2]
 [ 0  0 14  0  0  0  0]
 [ 0  0  0 32  1  0  0]
 [ 0  0  0  0 20  0  0]
 [ 0  0  0  0  0  8  1]
 [ 0  0  0  0  0  0 13]]";0.7737020316027088;0.6719792920971134;"[[175   0   2  12  19   4  24]
 [ 36   0  24  15  11  49   3]
 [  0   0 303   3   1   1   0]
 [ 31   0  21 411  27   3  13]
 [  5   0   0  21 237   1  13]
 [  2   0   7   9  10 121  24]
 [  4   0   0   3   3   0 124]]";0.7270501835985312;0.6345984972712408;"[[ 66   0   2   5   9   3  21]
 [ 16   0  13  12   4  18   3]
 [  0   0 124   1   1   0   0]
 [ 29   0  15 178  18   3   3]
 [  2   0   0   7 117   0   2]
 [  1   0   2  14   4  56  13]
 [  1   0   0   1   0   0  53]]";119;[16 14 14 33 20  9 13]
872;Cora;own;0.5;0.2;64;0.5;1;0.005;1232306213;0.8412698412698413;0.7555838241992842;"[[16  0  0  1  0  0  0]
 [ 5  0  2  3  1  3  1]
 [ 0  0 15  0  0  0  0]
 [ 0  0  0 34  1  0  0]
 [ 1  0  0  0 20  0  0]
 [ 0  0  0  0  1  8  1]
 [ 0  0  0  0  0  0 13]]";0.7813031161473087;0.6789054145066841;"[[176   0   2  11  18   4  24]
 [ 48   0  15  22   9  41   1]
 [  0   0 302   3   1   1   0]
 [ 33   0  18 423  21   3   7]
 [  6   0   0  23 236   1  12]
 [  2   0   6  11   8 124  24]
 [  5   0   0   2   3   1 118]]";0.7392900856793145;0.6490981210943202;"[[ 68   0   2   6  10   2  18]
 [ 21   0   9  17   4  12   3]
 [  0   0 123   2   1   0   0]
 [ 31   0  12 187  14   1   1]
 [  2   0   0   7 117   0   2]
 [  3   0   2  14   4  57  10]
 [  2   0   0   1   0   0  52]]";126;[17 15 15 35 21 10 13]
873;Cora;own;0.5;0.2;64;0.5;1;0.005;1232306213;0.8421052631578947;0.7579296406699194;"[[16  0  0  1  0  0  0]
 [ 6  0  3  4  1  1  1]
 [ 0  0 15  0  0  0  0]
 [ 0  0  0 37  1  0  0]
 [ 0  0  0  0 22  0  0]
 [ 0  0  0  0  1  9  2]
 [ 0  0  0  0  0  0 13]]";0.7849829351535836;0.6828149268126616;"[[175   0   2  10  23   4  22]
 [ 52   0  13  27   9  34   1]
 [  0   0 296   2   1   1   0]
 [ 33   0  16 431  16   3   7]
 [  4   0   0  23 238   1  11]
 [  2   0   6  12   9 129  23]
 [  4   0   0   3   3   1 111]]";0.7454100367197063;0.6579125389812653;"[[ 71   0   2   6  12   2  13]
 [ 22   0   9  18   4  11   2]
 [  0   0 123   2   1   0   0]
 [ 29   0  12 190  14   0   1]
 [  2   0   0   8 116   0   2]
 [  2   0   2  15   5  58   8]
 [  2   0   0   1   1   0  51]]";133;[17 16 15 38 22 12 13]
874;Cora;own;0.5;0.2;64;0.5;1;0.005;1232306213;0.85;0.760475869064332;"[[17  0  0  1  0  0  0]
 [ 4  0  4  1  1  5  2]
 [ 0  0 16  0  0  0  0]
 [ 0  0  0 38  1  0  0]
 [ 0  0  0  0 23  0  0]
 [ 0  0  0  0  1 11  1]
 [ 0  0  0  0  0  0 14]]";0.7841233580810966;0.6786906975623638;"[[171   0   3  12  24   3  25]
 [ 40   0  23  18   7  36   4]
 [  0   0 296   2   1   3   0]
 [ 33   0  16 426  14   5  11]
 [  3   0   1  22 237   1  11]
 [  2   0   6  10   9 127  25]
 [  3   0   1   2   2   0 116]]";0.7356181150550796;0.6454913036747013;"[[ 65   0   2   6  13   3  17]
 [ 20   0  12  16   4  12   2]
 [  0   0 124   1   1   0   0]
 [ 29   0  12 187  17   0   1]
 [  1   0   2   9 114   0   2]
 [  2   0   2  11   5  59  11]
 [  2   0   0   1   0   0  52]]";140;[18 17 16 39 23 13 14]
875;Cora;own;0.5;0.2;64;0.5;1;0.005;1232306213;0.8503401360544217;0.7693345736563023;"[[18  0  0  1  0  0  0]
 [ 7  0  4  2  2  2  1]
 [ 0  0 16  0  0  0  0]
 [ 0  0  0 40  1  0  0]
 [ 0  0  0  0 23  0  0]
 [ 0  0  0  1  0 12  1]
 [ 0  0  0  0  0  0 16]]";0.794151376146789;0.6916656656569812;"[[179   0   3  12  22   3  16]
 [ 53   0  16  24   9  24   1]
 [  0   0 294   3   1   1   0]
 [ 39   0  10 435  12   3   8]
 [  4   0   0  22 238   0  10]
 [  5   0   8  13   4 131  20]
 [  8   0   1   2   1   1 108]]";0.7478580171358629;0.6627072659702818;"[[ 72   0   3   7  12   0  12]
 [ 21   0  12  18   3  10   2]
 [  0   0 124   1   1   0   0]
 [ 31   0   8 191  15   0   1]
 [  2   0   0  11 113   0   2]
 [  5   0   2  13   3  59   8]
 [  2   0   0   1   0   0  52]]";147;[19 18 16 41 23 14 16]
876;Cora;own;0.5;0.2;64;0.5;1;0.005;1232306213;0.8246753246753247;0.7395075966504538;"[[18  0  0  1  1  0  1]
 [ 3  0  7  1  2  5  2]
 [ 0  0 16  0  0  0  0]
 [ 0  0  0 41  1  0  0]
 [ 0  0  0  0 23  0  0]
 [ 0  0  0  0  1 13  1]
 [ 0  0  1  0  0  0 16]]";0.7887161773172136;0.6876781043411411;"[[177   0   3  11  22   2  17]
 [ 32   0  29  19  13  30   2]
 [  0   0 295   2   1   0   0]
 [ 39   0  14 414  25   2   9]
 [  3   0   0  20 239   0  11]
 [  4   0   8  10   9 135  18]
 [  6   0   1   1   2   2 110]]";0.7380660954712362;0.652608392538877;"[[ 70   0   3   6  13   1  13]
 [  9   0  20  15   7  13   2]
 [  0   0 124   1   1   0   0]
 [ 29   0  11 180  23   2   1]
 [  0   0   1   8 117   0   2]
 [  3   0   3  12   3  61   8]
 [  2   0   0   1   0   1  51]]";154;[21 20 16 42 23 15 17]
877;Cora;own;0.5;0.2;64;0.5;1;0.005;1232306213;0.8198757763975155;0.7388182765464976;"[[18  0  0  1  1  0  1]
 [ 5  0  3  2  1  8  2]
 [ 0  0 17  0  0  0  0]
 [ 0  0  0 42  1  0  0]
 [ 0  0  0  0 24  0  0]
 [ 0  0  0  1  0 15  2]
 [ 0  0  1  0  0  0 16]]";0.8052023121387283;0.7003055386084058;"[[177   0   3  11  20   2  15]
 [ 33   0  13  29  11  36   2]
 [  0   0 294   2   1   0   0]
 [ 28   0  11 443  11   2   9]
 [  3   0   0  25 233   1  10]
 [  4   0   7  15   3 139  16]
 [  7   0   1   2   1   3 107]]";0.7576499388004896;0.6637592018679289;"[[ 69   0   3   7  11   2  14]
 [ 13   0  12  17   5  17   2]
 [  0   0 124   1   1   0   0]
 [ 20   0   9 202  13   1   1]
 [  1   0   1  12 112   0   2]
 [  3   0   3  13   2  61   8]
 [  2   0   0   1   0   1  51]]";161;[21 21 17 43 24 18 17]
878;Cora;own;0.5;0.2;64;0.5;1;0.005;1232306213;0.9523809523809523;0.9516787278474151;"[[20  0  0  1  1  0  0]
 [ 1 20  0  0  0  0  1]
 [ 0  0 18  0  0  0  0]
 [ 0  1  0 42  1  0  0]
 [ 0  0  0  0 26  0  0]
 [ 0  1  0  0  0 18  0]
 [ 0  1  0  0  0  0 16]]";0.8520023215322112;0.8308913373657658;"[[174   7   3   9  20   2  13]
 [  7  91   5  10   5   4   1]
 [  0   1 291   3   1   0   0]
 [ 27  12   7 431  17   2   7]
 [  2   1   1  19 237   0   9]
 [  4  11   7  10   3 139   9]
 [  7   3   1   1   0   4 105]]";0.791921664626683;0.7717347134222481;"[[ 64  10   3   5  11   0  13]
 [  5  41   5  11   3   0   1]
 [  0   2 122   1   1   0   0]
 [ 18   8   8 194  17   0   1]
 [  0   2   1  10 112   1   2]
 [  0   7   3   9   1  64   6]
 [  3   0   0   1   0   1  50]]";168;[22 22 18 44 26 19 17]
879;Cora;own;0.5;0.2;64;0.5;1;0.005;1232306213;0.9657142857142857;0.9630957327109473;"[[21  0  0  1  0  0  0]
 [ 1 21  0  0  0  0  1]
 [ 0  0 19  0  0  0  0]
 [ 0  0  0 44  1  0  0]
 [ 0  0  0  0 28  0  0]
 [ 1  0  0  0  0 20  0]
 [ 0  0  0  0  0  1 16]]";0.8653846153846154;0.8471341146510206;"[[174   2   4   7  16   6  17]
 [  9  89   5   8   4   4   1]
 [  0   0 293   1   1   0   0]
 [ 29   4  11 432  16   5   8]
 [  3   1   1  14 247   0   3]
 [  6   3   7   5   3 146  13]
 [  8   0   0   1   0   5 104]]";0.8102815177478581;0.793768791238887;"[[ 66   3   3   6  10   3  15]
 [  4  43   5  10   3   0   1]
 [  0   0 124   1   1   0   0]
 [ 19   3   8 196  17   2   1]
 [  0   3   1   8 115   1   0]
 [  2   3   3   7   1  68   6]
 [  3   0   0   1   0   1  50]]";175;[22 23 19 45 28 21 17]
880;Cora;own;0.5;0.2;64;0.5;1;0.005;1232306213;0.9725274725274725;0.9732559131563333;"[[21  0  0  1  0  0  0]
 [ 1 23  0  0  0  0  0]
 [ 0  0 19  0  0  0  0]
 [ 1  0  0 47  1  0  0]
 [ 0  0  0  0 28  0  0]
 [ 0  0  0  0  0 22  1]
 [ 0  0  0  0  0  0 17]]";0.8724400234055003;0.8590561392083433;"[[171   2   4   7  18   7  14]
 [  5 101   4   7   1   4   0]
 [  0   1 286   1   1   0   0]
 [ 24   4   7 444  18   4   6]
 [  3   1   0  23 240   1   1]
 [  4   5   7   6   3 147  10]
 [  9   0   0   1   0   5 102]]";0.8127294981640147;0.7947086336217518;"[[ 63   4   3   7  12   2  15]
 [  4  48   3   8   3   0   0]
 [  0   2 122   1   1   0   0]
 [ 18   4   4 203  16   1   0]
 [  0   3   0  10 114   1   0]
 [  2   4   2   9   1  67   5]
 [  3   0   0   1   0   4  47]]";182;[22 24 19 49 28 23 17]
881;Cora;own;0.5;0.2;64;0.5;1;0.005;1232306213;0.9576719576719577;0.9556649987674002;"[[22  0  0  1  0  1  0]
 [ 1 23  0  0  0  0  0]
 [ 0  0 20  0  0  0  0]
 [ 1  0  0 48  1  0  0]
 [ 0  0  0  0 29  0  0]
 [ 0  1  0  0  0 22  1]
 [ 1  0  0  0  0  0 17]]";0.863689776733255;0.8491195029639115;"[[175   2   5   6  18   7  13]
 [ 10  96   5   6   1   4   0]
 [  0   1 283   1   1   0   0]
 [ 28   3   7 433  19   4   9]
 [  4   1   0  22 238   1   2]
 [  6   4   8   6   2 146  11]
 [  9   0   0   1   0   5  99]]";0.813953488372093;0.793311695249779;"[[ 67   3   3   7  10   1  15]
 [  6  44   4   8   3   0   1]
 [  0   2 122   1   1   0   0]
 [ 18   4   4 203  16   1   0]
 [  0   3   0   9 115   1   0]
 [  4   4   2   7   1  67   5]
 [  3   0   0   1   0   4  47]]";189;[24 24 20 50 29 24 18]
882;Cora;own;0.5;0.2;64;0.5;1;0.005;1232306213;0.9591836734693877;0.9596175393234218;"[[23  0  0  1  0  0  1]
 [ 1 25  0  0  0  0  0]
 [ 0  0 20  0  0  0  0]
 [ 1  0  0 49  2  0  0]
 [ 0  0  0  0 29  0  0]
 [ 0  1  0  0  0 23  0]
 [ 0  0  0  0  0  1 19]]";0.8696165191740413;0.8539755316865966;"[[167   4   1   6  21   8  15]
 [  5 104   5   6   1   3   0]
 [  0   1 282   1   1   0   0]
 [ 24   4   7 432  18   6  10]
 [  4   1   0  15 245   1   2]
 [  5   4   7   6   3 145  11]
 [  8   0   0   1   0   6  99]]";0.8274173806609547;0.8100836386701936;"[[ 68   4   1   6  11   1  15]
 [  1  52   3   6   3   0   1]
 [  0   2 122   1   1   0   0]
 [ 17   5   3 202  17   2   0]
 [  0   3   0   7 117   1   0]
 [  3   4   2   6   1  68   6]
 [  3   0   0   1   0   4  47]]";196;[25 26 20 52 29 24 20]
883;Cora;own;0.5;0.2;64;0.5;1;0.005;1232306213;0.9753694581280788;0.9761628163729664;"[[24  0  0  1  0  0  0]
 [ 1 25  0  0  0  0  0]
 [ 0  0 22  0  0  0  0]
 [ 1  0  0 52  1  0  0]
 [ 0  0  0  0 30  0  0]
 [ 0  0  0  0  0 25  0]
 [ 0  0  0  0  0  1 20]]";0.8690758293838863;0.8547069101066601;"[[167   2   2   9  20   7  16]
 [  3 101   7   8   1   3   0]
 [  1   0 280   1   1   0   0]
 [ 22   4   8 441  15   0   9]
 [  3   0   0  23 241   0   2]
 [  3   3   8  10   4 141  11]
 [  8   0   0   2   1   4  96]]";0.8212974296205631;0.8020853952255862;"[[ 68   4   1   7  11   0  15]
 [  1  47   5   9   3   0   1]
 [  0   2 122   1   1   0   0]
 [ 17   3   4 204  16   2   0]
 [  0   3   0   7 117   1   0]
 [  2   4   2   9   1  65   7]
 [  3   0   0   1   0   3  48]]";203;[25 26 22 54 30 25 21]
884;Cora;own;0.5;0.2;64;0.5;1;0.005;1232306213;0.9714285714285714;0.9697617869189907;"[[25  0  0  1  0  1  0]
 [ 1 26  0  0  0  0  0]
 [ 0  0 23  0  0  0  0]
 [ 0  0  0 55  0  0  0]
 [ 0  0  0  1 30  0  1]
 [ 0  0  0  0  0 25  0]
 [ 0  0  0  0  0  1 20]]";0.8655562165377751;0.8479152189428129;"[[162   3   3   7  24   8  18]
 [  1 100   7   7   2   4   0]
 [  1   0 275   3   1   0   1]
 [ 20   3   6 436  21   1  10]
 [  2   0   1  15 249   0   0]
 [  3   3   9   9   4 143  12]
 [  9   0   0   1   1   6  90]]";0.8335373317013464;0.8160927974282838;"[[ 67   4   0   9  11   1  14]
 [  1  51   4   6   3   0   1]
 [  0   2 122   1   1   0   0]
 [ 13   3   3 205  19   3   0]
 [  0   3   1   3 120   1   0]
 [  0   4   2   9   1  67   7]
 [  1   0   0   1   0   4  49]]";210;[27 27 23 55 32 25 21]
885;Cora;own;0.5;0.2;64;0.5;1;0.005;1232306213;0.967741935483871;0.9653111745506963;"[[26  0  0  1  0  1  0]
 [ 1 27  0  0  0  0  0]
 [ 0  1 23  0  0  0  0]
 [ 0  0  0 56  0  0  0]
 [ 0  0  0  1 31  0  1]
 [ 0  0  0  0  0 26  0]
 [ 0  0  0  0  0  1 21]]";0.8715651135005974;0.8574729326555139;"[[167   3   2  10  17   7  19]
 [  2 100   6   7   1   4   0]
 [  0   0 274   3   1   0   1]
 [ 24   2   5 441  17   1   9]
 [  2   0   0  21 239   0   1]
 [  4   2   6  10   2 144  14]
 [  9   0   0   1   0   2  94]]";0.8396572827417381;0.8221422729787381;"[[ 71   3   0   7   9   1  15]
 [  1  51   4   6   3   0   1]
 [  1   2 121   1   1   0   0]
 [ 15   3   3 210  14   1   0]
 [  0   3   0   6 117   1   1]
 [  1   4   2   9   1  65   8]
 [  1   0   0   1   0   2  51]]";217;[28 28 24 56 33 26 22]
886;Cora;own;0.5;0.2;64;0.5;1;0.005;1232306213;0.96875;0.9683532068348064;"[[27  0  0  1  0  1  0]
 [ 1 27  0  0  0  0  0]
 [ 0  0 25  0  0  0  0]
 [ 0  0  0 58  0  0  1]
 [ 1  0  0  1 32  0  0]
 [ 0  0  1  0  0 26  0]
 [ 0  0  0  0  0  0 22]]";0.8662267546490702;0.8504502977315145;"[[168   3   5  10  18   8  13]
 [  4  92   6   9   2   4   0]
 [  1   0 274   3   1   0   0]
 [ 25   2   4 440  19   1   6]
 [  2   0   0  21 238   0   0]
 [  5   5   6   9   4 140  13]
 [ 11   0   0   1   0   2  92]]";0.8323133414932681;0.8119531808085394;"[[ 70   3   0   9   9   1  14]
 [  3  45   4  10   3   0   1]
 [  1   2 121   1   1   0   0]
 [ 15   3   3 210  15   0   0]
 [  0   2   0   5 120   1   0]
 [  2   4   2   9   1  64   8]
 [  3   0   0   1   0   1  50]]";224;[29 28 25 59 34 27 22]
887;Cora;own;0.5;0.2;64;0.5;1;0.005;1232306213;0.9696969696969697;0.967309352890954;"[[28  0  0  1  0  0  0]
 [ 0 30  0  0  0  0  0]
 [ 0  0 25  0  0  0  1]
 [ 0  0  0 58  1  0  1]
 [ 0  0  0  0 34  0  1]
 [ 0  0  1  0  0 27  1]
 [ 0  0  0  0  0  0 22]]";0.8734939759036144;0.8561217900606962;"[[166   3   5  11  18   9  13]
 [  4  93   6   7   1   3   0]
 [  1   0 273   3   1   0   0]
 [ 23   3   5 449  15   2   6]
 [  2   0   0  14 237   0   0]
 [  5   5   6   8   4 141  12]
 [ 10   0   0   1   0   4  91]]";0.8310893512851897;0.8109255591190115;"[[ 69   4   0   9   9   2  13]
 [  2  48   4   8   3   0   1]
 [  1   2 121   1   1   0   0]
 [ 15   3   3 210  13   2   0]
 [  0   3   0   6 118   1   0]
 [  3   4   2   9   1  64   7]
 [  2   0   0   1   0   3  49]]";231;[29 30 26 60 35 29 22]
888;Cora;own;0.5;0.2;64;0.5;1;0.005;1232306213;0.9747899159663865;0.9756909712495248;"[[29  0  0  1  0  0  0]
 [ 0 32  0  0  0  0  0]
 [ 0  0 26  0  0  0  0]
 [ 0  0  0 59  2  0  1]
 [ 0  0  0  0 34  0  1]
 [ 0  0  0  0  0 29  1]
 [ 0  0  0  0  0  0 23]]";0.8753781004234725;0.8575986277741777;"[[168   4   5  11  14   8  15]
 [  4  94   4   6   0   3   0]
 [  0   0 274   2   1   0   1]
 [ 23   2   5 451  16   3   8]
 [  2   0   0  15 229   0   1]
 [  5   5   4   7   3 142  13]
 [  9   0   0   2   0   5  89]]";0.8445532435740514;0.8259579546393455;"[[ 72   3   0  10   8   1  12]
 [  1  52   3   6   3   0   1]
 [  0   2 122   1   1   0   0]
 [ 14   3   3 215   9   2   0]
 [  0   3   0   7 116   1   1]
 [  4   4   2   8   1  64   7]
 [  3   0   0   1   0   2  49]]";238;[30 32 26 62 35 30 23]
889;Cora;own;0.5;0.2;64;0.5;1;0.005;1232306213;0.9714285714285714;0.9710953835042154;"[[29  0  0  2  1  0  0]
 [ 0 32  0  0  0  0  0]
 [ 0  0 27  0  0  0  0]
 [ 0  0  0 62  1  0  0]
 [ 1  0  0  0 33  0  1]
 [ 0  0  0  0  0 32  1]
 [ 0  0  0  0  0  0 23]]";0.8742405832320778;0.8557658710078176;"[[167   4   6  14  13   8  13]
 [  4  91   4   7   1   4   0]
 [  0   0 273   2   1   0   1]
 [ 24   2   5 453  11   4   7]
 [  2   0   1  14 227   1   2]
 [  6   2   3   8   3 141  12]
 [ 10   0   0   2   0   6  87]]";0.8421052631578947;0.8252063972652889;"[[ 73   3   0  11   6   1  12]
 [  1  49   3   9   3   0   1]
 [  2   0 122   1   1   0   0]
 [ 14   3   4 213  10   2   0]
 [  0   2   1   7 117   1   0]
 [  4   2   2   8   1  66   7]
 [  2   0   0   1   0   4  48]]";245;[32 32 27 63 35 33 23]
890;Cora;own;0.5;0.2;64;0.5;1;0.005;1232306213;0.9841269841269841;0.9844328819968763;"[[34  0  0  1  0  0  0]
 [ 0 33  0  0  0  0  0]
 [ 0  0 28  0  0  0  0]
 [ 0  0  0 63  1  0  0]
 [ 1  0  0  0 34  0  0]
 [ 0  0  0  0  0 33  1]
 [ 0  0  0  0  0  0 23]]";0.8743136058572301;0.85854265535678;"[[167   4   5  14  16   9  10]
 [  4  92   3   6   1   4   0]
 [  0   0 273   2   1   0   1]
 [ 25   2   5 444  14   5   7]
 [  2   0   0  15 229   1   2]
 [  8   2   3   5   3 141  11]
 [  9   0   0   1   0   6  87]]";0.8408812729498164;0.8265440131037088;"[[ 75   3   0   9   6   2  11]
 [  1  52   3   6   3   1   0]
 [  0   3 121   1   1   0   0]
 [ 17   4   4 205  14   2   0]
 [  0   2   0   6 119   1   0]
 [  5   1   2   6   1  67   8]
 [  2   0   0   1   0   4  48]]";252;[35 33 28 64 35 34 23]
891;Cora;own;0.5;0.2;64;0.5;1;0.005;1232306213;0.9652509652509652;0.9656045393271203;"[[34  0  0  1  0  1  0]
 [ 2 32  0  0  0  1  0]
 [ 0  0 28  0  0  0  0]
 [ 0  0  0 63  1  0  1]
 [ 0  0  0  1 35  0  1]
 [ 0  0  0  0  0 34  0]
 [ 0  0  0  0  0  0 24]]";0.8707107843137255;0.8571452171564583;"[[170   3   5  13  12   6  15]
 [  3  92   3   6   1   3   0]
 [  0   0 272   2   1   0   1]
 [ 29   3   5 432  13   4   9]
 [  2   0   0  21 228   1   2]
 [  9   1   4   5   3 142   9]
 [  9   0   0   2   0   6  85]]";0.8457772337821298;0.8312479719131604;"[[ 76   2   0   9   7   1  11]
 [  1  52   3   6   3   1   0]
 [  0   3 121   1   1   0   0]
 [ 16   3   3 208  14   2   0]
 [  1   2   0   5 119   1   0]
 [  3   1   2   7   1  68   8]
 [  4   0   0   1   0   3  47]]";259;[36 35 28 65 37 34 24]
892;Cora;own;0.5;0.2;64;0.5;1;0.005;1232306213;0.9736842105263158;0.9753015960452274;"[[34  0  0  1  0  1  0]
 [ 1 35  0  0  0  0  0]
 [ 0  0 29  0  0  0  0]
 [ 2  0  0 64  1  0  0]
 [ 0  0  0  0 37  0  1]
 [ 0  0  0  0  0 35  0]
 [ 0  0  0  0  0  0 25]]";0.8713846153846154;0.856996367097686;"[[174   3   4  12  15   5  12]
 [  3  90   3   6   1   3   0]
 [  0   1 270   3   1   0   1]
 [ 27   4   6 427  18   4   8]
 [  2   0   0  14 234   1   2]
 [ 10   1   3   7   3 140   8]
 [  8   0   0   2   0   8  81]]";0.8531211750305998;0.8325572801266377;"[[ 76   2   0   9   7   1  11]
 [  1  51   3   7   3   1   0]
 [  0   3 121   1   1   0   0]
 [ 14   3   3 214  11   1   0]
 [  0   2   0   1 124   1   0]
 [  3   1   1  10   1  67   7]
 [  4   0   0   1   1   5  44]]";266;[36 36 29 67 38 35 25]
893;Cora;own;0.5;0.2;64;0.5;1;0.005;1232306213;0.9743589743589743;0.9759470687541262;"[[35  0  0  1  0  1  0]
 [ 1 36  0  0  0  0  0]
 [ 0  0 30  0  0  0  0]
 [ 2  0  0 66  1  0  0]
 [ 0  0  0  0 38  0  1]
 [ 0  0  0  0  0 35  0]
 [ 0  0  0  0  0  0 26]]";0.8708281829419036;0.8548937354854145;"[[170   3   5  12  15   4  13]
 [  2  91   3   6   0   3   0]
 [  0   1 270   3   1   0   1]
 [ 28   5   5 426  17   3   8]
 [  2   0   0  12 236   1   2]
 [ 12   1   3   7   4 136   9]
 [  9   0   0   1   0   8  80]]";0.8482252141982864;0.8310345060564664;"[[ 76   2   0   9   8   1  10]
 [  1  53   3   6   2   1   0]
 [  1   3 120   1   1   0   0]
 [ 14   3   3 210  14   2   0]
 [  1   3   0   1 122   1   0]
 [  5   1   1   8   1  67   7]
 [  4   0   0   1   1   4  45]]";273;[37 37 30 69 39 35 26]
894;Cora;own;0.5;0.2;64;0.5;1;0.005;1232306213;0.9678571428571429;0.9676619718698894;"[[36  0  0  1  0  2  0]
 [ 1 37  0  0  0  0  0]
 [ 0  0 30  0  0  0  0]
 [ 1  0  1 68  1  0  0]
 [ 0  0  0  0 39  0  1]
 [ 0  0  0  0  0 35  1]
 [ 0  0  0  0  0  0 26]]";0.877715704531347;0.8625821037382811;"[[168   3   5  12  16   3  13]
 [  3  90   3   6   0   3   0]
 [  0   1 269   3   1   0   1]
 [ 24   4   5 433  12   4   8]
 [  3   0   1  12 233   1   2]
 [ 11   1   3   7   4 137   8]
 [  7   0   0   1   0   6  84]]";0.8531211750305998;0.8378854465686009;"[[ 78   2   0   8   8   0  10]
 [  1  53   3   6   2   1   0]
 [  0   2 122   1   1   0   0]
 [ 14   3   3 211  12   3   0]
 [  1   3   1   3 120   0   0]
 [  5   1   2   8   1  66   7]
 [  4   0   0   1   0   3  47]]";280;[39 38 30 71 40 36 26]
895;Cora;own;0.5;0.2;64;0.5;1;0.005;1232306213;0.9686411149825784;0.9704994423178105;"[[39  0  0  1  0  0  0]
 [ 1 37  0  1  0  0  0]
 [ 0  0 30  0  0  0  0]
 [ 0  1  1 68  1  0  0]
 [ 0  0  0  1 40  0  1]
 [ 0  0  0  0  0 37  0]
 [ 1  0  0  0  0  0 27]]";0.8821695760598504;0.8656318991085358;"[[171   3   2  15  16   3   8]
 [  3  87   4   7   0   4   0]
 [  0   1 267   4   1   0   1]
 [ 21   2   5 440  13   3   7]
 [  2   0   0  11 236   0   3]
 [ 10   1   2  10   3 137   6]
 [  8   0   0   2   0   8  77]]";0.8592411260709915;0.8432458675451443;"[[ 78   2   0  11   8   0   7]
 [  1  53   3   6   2   1   0]
 [  1   3 120   1   1   0   0]
 [ 12   3   3 218   8   2   0]
 [  0   2   0   3 123   0   0]
 [  3   1   2  12   2  66   4]
 [  4   0   0   1   1   5  44]]";287;[40 39 30 71 42 37 28]
896;Cora;own;0.5;0.2;64;0.5;1;0.005;1232306213;0.9625850340136054;0.9628699133320557;"[[41  0  0  1  0  0  0]
 [ 1 38  0  1  0  0  0]
 [ 0  0 30  0  0  0  0]
 [ 0  1  1 68  1  0  0]
 [ 0  0  0  1 41  0  2]
 [ 0  0  1  0  0 38  0]
 [ 1  0  0  0  0  0 27]]";0.8804007514088916;0.8644305939521854;"[[168   3   2  13  15   2  13]
 [  3  87   4   6   1   3   0]
 [  0   1 268   3   1   0   1]
 [ 20   5   5 429  18   5   8]
 [  2   0   0  11 236   0   2]
 [  7   1   2   9   3 137   8]
 [  6   0   0   1   0   7  81]]";0.8543451652386781;0.8408255697087642;"[[ 77   2   0   9   8   0  10]
 [  1  53   3   6   2   1   0]
 [  0   3 121   1   1   0   0]
 [ 16   3   3 209  13   2   0]
 [  0   2   0   2 123   1   0]
 [  3   1   2   9   1  67   7]
 [  3   0   0   1   0   3  48]]";294;[42 40 30 71 44 39 28]
897;Cora;own;0.5;0.2;64;0.5;1;0.005;1232306213;0.9568106312292359;0.9559377875537125;"[[42  0  0  1  0  0  0]
 [ 1 38  0  1  0  0  0]
 [ 0  0 29  0  0  1  0]
 [ 0  0  1 71  1  0  0]
 [ 1  0  0  1 42  0  1]
 [ 0  0  1  1  0 40  0]
 [ 1  0  0  0  0  1 26]]";0.8874213836477988;0.8715768694835414;"[[176   3   1  14  10   5   6]
 [  3  87   4   7   0   3   0]
 [  1   1 266   3   1   0   0]
 [ 21   1   4 440  11   5   7]
 [  3   0   0  12 231   1   2]
 [  9   1   1  11   3 135   6]
 [  8   0   0   2   0   9  76]]";0.8616891064871481;0.8468973221012613;"[[ 81   1   0  10   6   1   7]
 [  1  52   3   7   2   1   0]
 [  1   1 120   3   1   0   0]
 [ 16   3   3 218   6   0   0]
 [  1   2   0   3 121   1   0]
 [  4   1   1  10   1  68   5]
 [  5   0   0   1   0   5  44]]";301;[43 40 30 73 45 42 28]
898;Cora;own;0.5;0.2;64;0.5;1;0.005;1232306213;0.9675324675324676;0.966980406155141;"[[43  0  0  1  0  0  0]
 [ 1 39  0  1  0  0  0]
 [ 0  0 31  0  0  0  0]
 [ 0  0  1 73  0  0  0]
 [ 0  0  0  2 42  0  2]
 [ 0  0  1  0  0 42  0]
 [ 1  0  0  0  0  0 28]]";0.881238155401137;0.8663223064185919;"[[162   3   4  13  19   5   9]
 [  1  88   4   5   1   4   0]
 [  0   1 265   3   1   0   1]
 [ 20   1   6 434  14   5   6]
 [  2   0   0  14 232   0   1]
 [  8   1   0   8   4 137   7]
 [  6   0   0   2   0   9  77]]";0.8592411260709915;0.8425717875520619;"[[ 74   2   1  10   9   3   7]
 [  1  52   3   5   3   2   0]
 [  0   3 121   1   1   0   0]
 [ 13   3   4 217   7   2   0]
 [  0   2   0   2 123   1   0]
 [  3   1   2   9   2  69   4]
 [  3   0   0   1   1   4  46]]";308;[44 41 31 74 46 43 29]
899;Cora;own;0.5;0.2;64;0.5;1;0.005;1232306213;0.9650793650793651;0.9650875479350001;"[[44  0  0  1  0  0  0]
 [ 1 39  0  2  0  0  0]
 [ 0  0 32  0  0  0  0]
 [ 0  0  1 74  0  0  0]
 [ 0  0  0  2 43  0  2]
 [ 0  0  1  0  0 43  0]
 [ 1  0  0  0  0  0 29]]";0.883248730964467;0.8700128231325152;"[[173   2   3  11  14   5   6]
 [  3  86   4   6   0   4   0]
 [  1   1 264   5   1   0   0]
 [ 23   1   6 428  13   5   6]
 [  3   0   0  14 228   2   1]
 [  9   1   0   7   3 138   6]
 [  8   0   0   2   0   8  75]]";0.8580171358629131;0.8415000193856412;"[[ 81   2   1   9   6   1   6]
 [  1  54   3   5   1   2   0]
 [  1   3 120   1   1   0   0]
 [ 16   3   5 214   7   1   0]
 [  1   2   0   2 122   1   0]
 [  5   1   2   8   2  68   4]
 [  6   0   0   1   1   5  42]]";315;[45 42 32 75 47 44 30]
900;Cora;own;0.5;0.2;64;0.5;1;0.005;1232306213;0.9720496894409938;0.9710619362575832;"[[45  0  0  1  0  0  0]
 [ 1 41  0  1  0  0  0]
 [ 0  0 33  0  0  0  0]
 [ 0  0  1 75  0  0  0]
 [ 0  0  0  1 45  0  2]
 [ 0  0  1  0  0 44  0]
 [ 1  0  0  0  0  0 30]]";0.8795411089866156;0.8648812439178029;"[[168   2   3  11  15   6   9]
 [  3  85   4   6   0   4   0]
 [  0   1 260   5   1   2   1]
 [ 20   2   5 426  16   5   7]
 [  3   0   0  14 228   1   1]
 [  9   1   0   7   3 137   6]
 [  6   0   0   1   0   9  76]]";0.8580171358629131;0.8425679219380912;"[[ 78   2   0   9   8   1   8]
 [  1  53   3   5   2   2   0]
 [  0   3 121   1   1   0   0]
 [ 16   3   4 212  10   1   0]
 [  0   3   0   2 122   1   0]
 [  4   1   1   8   1  70   5]
 [  3   0   0   1   1   5  45]]";322;[46 43 33 76 48 45 31]
901;Cora;own;0.5;0.2;64;0.5;1;0.005;1232306213;0.9696048632218845;0.9705524345803308;"[[46  0  0  1  0  0  0]
 [ 1 42  0  1  0  0  0]
 [ 0  0 34  0  0  0  0]
 [ 0  0  0 76  0  0  0]
 [ 1  0  0  3 45  0  1]
 [ 0  0  1  0  0 45  0]
 [ 1  0  0  0  0  0 31]]";0.8770806658130602;0.863273367741618;"[[175   2   3  11  12   6   6]
 [  3  85   4   5   0   4   0]
 [  1   1 260   4   1   2   0]
 [ 25   3   6 418  15   5   6]
 [  3   1   0  15 226   1   1]
 [ 12   1   0   6   3 133   6]
 [  9   0   0   1   0   8  73]]";0.8518971848225214;0.8350714394800517;"[[ 83   2   0   8   6   1   6]
 [  1  55   3   4   2   1   0]
 [  1   3 120   1   1   0   0]
 [ 17   3   5 210  10   1   0]
 [  1   3   0   2 121   1   0]
 [  9   1   1   7   1  66   5]
 [  7   0   0   1   1   5  41]]";329;[47 44 34 76 50 46 32]
902;Cora;own;0.5;0.2;64;0.5;1;0.005;1232306213;0.9702380952380952;0.9718958129566586;"[[47  0  0  1  0  0  0]
 [ 1 43  0  1  0  0  0]
 [ 0  0 35  0  0  0  0]
 [ 0  0  0 77  1  0  0]
 [ 1  0  0  2 47  1  0]
 [ 0  0  1  0  0 46  0]
 [ 1  0  0  0  0  0 31]]";0.8836012861736334;0.8695170887920032;"[[166   2   4  13  15   7   6]
 [  2  82   4   6   1   5   0]
 [  1   1 259   4   1   2   0]
 [ 16   2   5 428  16   6   3]
 [  2   0   0  13 229   2   0]
 [  8   1   0   8   3 137   4]
 [  7   0   0   2   0   9  73]]";0.8580171358629131;0.839642312445962;"[[ 79   2   1   8   7   3   6]
 [  1  53   3   5   2   2   0]
 [  0   2 122   1   1   0   0]
 [ 14   3   4 213  11   1   0]
 [  0   2   0   1 124   1   0]
 [  6   1   1   8   2  70   2]
 [  4   0   0   1   2   8  40]]";336;[48 45 35 78 51 47 32]
903;Cora;own;0.5;0.2;64;0.5;1;0.005;1232306213;0.967930029154519;0.9688585300139337;"[[49  0  0  1  0  0  0]
 [ 1 44  0  1  0  0  0]
 [ 0  0 36  0  0  0  0]
 [ 0  1  0 77  1  0  0]
 [ 2  0  0  1 47  0  1]
 [ 0  0  1  0  0 47  0]
 [ 1  0  0  0  0  0 32]]";0.8772609819121447;0.8642904125387848;"[[172   2   5  11  11   5   7]
 [  2  84   4   5   0   4   0]
 [  1   1 260   4   1   0   0]
 [ 24   3   5 414  18   6   5]
 [  3   1   0  13 224   2   0]
 [ 13   1   0   6   4 131   6]
 [  8   0   0   2   0   7  73]]";0.8518971848225214;0.8358909441532445;"[[ 85   2   1   7   4   1   6]
 [  1  55   4   4   1   1   0]
 [  0   2 122   1   1   0   0]
 [ 16   3   5 207  14   1   0]
 [  2   3   0   1 121   1   0]
 [  9   1   1   8   1  65   5]
 [  7   0   0   1   1   5  41]]";343;[50 46 36 79 51 48 33]
904;Cora;own;0.5;0.2;64;0.5;1;0.005;1232306213;0.9714285714285714;0.9708382859985472;"[[50  0  0  1  0  0  0]
 [ 1 45  0  1  0  0  0]
 [ 0  0 37  0  0  0  0]
 [ 0  1  0 79  1  0  0]
 [ 0  0  0  0 51  0  1]
 [ 0  0  1  0  1 47  0]
 [ 1  0  0  0  1  0 31]]";0.8773523685918235;0.8623130774980863;"[[164   2   5  13  13   7   5]
 [  4  78   4   7   1   4   0]
 [  0   1 256   5   1   2   1]
 [ 18   1   5 424  16   4   5]
 [  3   0   0  14 225   2   0]
 [  9   1   0   8   7 135   1]
 [  8   0   0   1   2   9  70]]";0.8555691554467564;0.8397022751222145;"[[ 82   1   0   8   7   2   6]
 [  1  53   4   5   1   2   0]
 [  2   0 122   1   1   0   0]
 [ 15   3   4 211  11   2   0]
 [  1   2   0   2 122   1   0]
 [  6   1   1   8   2  68   4]
 [  5   0   0   1   2   6  41]]";350;[51 47 37 81 52 49 33]
905;Cora;own;0.5;0.2;64;0.5;1;0.005;1232306213;0.9663865546218487;0.9658699697989233;"[[51  0  0  1  0  0  0]
 [ 1 46  0  1  0  0  0]
 [ 0  0 38  0  0  0  0]
 [ 0  1  0 78  2  0  0]
 [ 0  0  0  0 51  0  1]
 [ 1  0  1  0  0 49  0]
 [ 1  0  0  0  2  0 32]]";0.8624511082138201;0.8507733959771482;"[[163   2   5  12  13   7   6]
 [  3  81   4   5   0   4   0]
 [  0   1 256   4   1   2   1]
 [ 27   4   8 397  21   4   5]
 [  3   0   0  13 225   2   0]
 [ 12   1   0  12   7 131   2]
 [  8   0   0   1   1  10  70]]";0.8421052631578947;0.827189791112212;"[[ 81   1   0   8   7   2   7]
 [  1  54   4   4   1   2   0]
 [  2   1 121   1   1   0   0]
 [ 17   3   6 204  13   3   0]
 [  1   3   0   2 121   1   0]
 [  9   1   1   7   2  66   4]
 [  5   0   0   1   2   6  41]]";357;[52 48 38 81 52 51 35]
906;Cora;own;0.5;0.2;64;0.5;1;0.005;1232306213;0.9752747252747253;0.9760753110507422;"[[52  0  0  1  0  0  0]
 [ 1 47  0  1  0  0  0]
 [ 0  0 39  0  0  0  0]
 [ 1  1  0 80  1  0  0]
 [ 0  0  0  0 52  0  1]
 [ 0  0  1  0  0 50  0]
 [ 1  0  0  0  0  0 35]]";0.8722986247544204;0.8580896406808789;"[[165   2   5  14  10   5   7]
 [  4  78   4   6   0   4   0]
 [  0   1 256   2   1   2   1]
 [ 24   1   7 402  14  10   6]
 [  3   0   0  14 223   2   0]
 [  9   1   0   6   7 138   4]
 [  8   0   0   1   0  10  70]]";0.8494492044063647;0.8356447611408163;"[[ 84   1   0   8   5   1   7]
 [  1  53   4   5   1   2   0]
 [  2   0 122   1   1   0   0]
 [ 16   3   5 205   9   8   0]
 [  2   3   0   2 120   1   0]
 [  8   1   1   7   2  67   4]
 [  4   0   0   1   0   7  43]]";364;[53 49 39 83 53 51 36]
907;Cora;own;0.5;0.2;64;0.5;1;0.005;1232306213;0.9784366576819407;0.9776921972852597;"[[53  0  0  1  0  0  0]
 [ 1 48  0  1  0  0  0]
 [ 0  0 40  0  0  0  0]
 [ 0  0  0 83  1  0  0]
 [ 0  0  0  0 53  0  1]
 [ 0  0  1  0  0 50  1]
 [ 1  0  0  0  0  0 36]]";0.8763157894736842;0.8601080528548194;"[[165   2   4  12  11   4   8]
 [  4  77   4   5   0   5   0]
 [  0   1 254   3   1   2   1]
 [ 20   1   4 406  17  12   4]
 [  3   1   0  13 222   2   0]
 [  8   1   0   6   5 140   4]
 [ 10   0   0   1   0   9  68]]";0.8543451652386781;0.839285335705074;"[[ 86   1   0   8   5   0   6]
 [  1  53   4   5   1   2   0]
 [  2   0 122   1   1   0   0]
 [ 12   3   3 207  10  11   0]
 [  1   3   0   2 121   1   0]
 [  8   1   1   7   2  67   4]
 [  4   0   0   1   1   7  42]]";371;[54 50 40 84 54 52 37]
908;Cora;own;0.5;0.2;64;0.5;1;0.005;1232306213;0.9708994708994709;0.9699603562115016;"[[54  0  0  1  0  0  0]
 [ 1 47  0  2  0  0  0]
 [ 0  1 40  0  0  0  0]
 [ 0  0  0 85  1  0  0]
 [ 0  0  0  0 53  0  1]
 [ 0  0  1  0  1 51  1]
 [ 1  0  0  0  0  0 37]]";0.8803701255783212;0.8657811373401937;"[[162   2   5  12  13   2   9]
 [  2  79   4   5   0   5   0]
 [  0   0 254   3   1   2   1]
 [ 16   1   5 406  18  12   4]
 [  3   1   0  13 223   1   0]
 [  7   1   0   6   5 140   4]
 [  8   0   0   1   0   9  68]]";0.8616891064871481;0.8500874286894854;"[[ 83   2   0   8   7   0   6]
 [  1  54   4   4   1   2   0]
 [  0   2 122   1   1   0   0]
 [ 11   3   3 207  12  10   0]
 [  0   3   0   2 122   1   0]
 [  4   1   2   7   2  71   3]
 [  2   0   0   1   1   6  45]]";378;[55 50 41 86 54 54 38]
909;Cora;own;0.5;0.2;64;0.5;1;0.005;1232306213;0.9688311688311688;0.9703984292629111;"[[55  0  0  1  0  0  0]
 [ 1 49  0  1  0  0  0]
 [ 0  1 41  0  0  0  0]
 [ 2  1  1 83  1  0  0]
 [ 1  0  0  0 54  0  0]
 [ 0  0  1  0  0 53  0]
 [ 1  0  0  0  0  0 38]]";0.8811420982735724;0.8686519762747319;"[[165   2   4  11  11   2   8]
 [  2  78   4   5   0   5   0]
 [  1   0 253   3   1   2   0]
 [ 22   1   4 404  13  15   2]
 [  5   1   0  14 218   2   0]
 [  7   1   0   7   3 142   3]
 [  8   0   0   1   0   9  67]]";0.8629130966952264;0.8484121736324399;"[[ 83   2   0   8   4   1   8]
 [  1  56   4   3   0   2   0]
 [  0   2 123   1   0   0   0]
 [ 11   3   5 208   9  10   0]
 [  1   3   0   2 121   1   0]
 [  4   1   2   7   2  71   3]
 [  3   0   0   1   1   7  43]]";385;[56 51 42 88 55 54 39]
910;Cora;own;0.5;0.2;64;0.5;1;0.005;1232306213;0.9566326530612245;0.9575545871941821;"[[54  0  0  1  0  1  0]
 [ 1 50  0  1  0  0  0]
 [ 0  1 41  0  0  1  0]
 [ 3  1  1 84  1  0  0]
 [ 0  0  0  1 54  0  1]
 [ 0  0  1  0  0 53  0]
 [ 1  0  0  0  0  1 39]]";0.8805870580386924;0.8657345232961686;"[[160   2   5  10  11   2  10]
 [  5  76   4   5   0   4   0]
 [  1   0 255   3   1   0   0]
 [ 21   1   3 406  17  11   4]
 [  3   1   0  14 218   1   0]
 [ 10   1   0   7   3 138   3]
 [  7   0   0   1   0   8  67]]";0.8604651162790697;0.8471732509208797;"[[ 81   1   0   9   6   1   8]
 [  1  55   4   4   0   2   0]
 [  0   2 122   1   1   0   0]
 [ 11   3   5 209  10   8   0]
 [  0   3   0   3 121   1   0]
 [  5   1   1   8   0  71   4]
 [  4   0   0   1   1   5  44]]";392;[56 52 43 90 56 54 41]
911;Cora;own;0.5;0.2;64;0.5;1;0.005;1232306213;0.9598997493734336;0.9608024945627444;"[[57  0  0  1  0  0  0]
 [ 1 51  0  1  0  0  0]
 [ 0  1 41  0  0  1  0]
 [ 3  1  0 86  1  0  0]
 [ 0  0  0  1 55  0  1]
 [ 1  0  1  0  0 53  0]
 [ 1  0  0  0  0  1 40]]";0.8719839142091153;0.8592298811577079;"[[160   2   3   8  14   1   8]
 [  4  76   4   5   0   4   0]
 [  1   0 250   3   1   2   0]
 [ 27   1   5 397  20  13   4]
 [  3   1   0  14 217   1   0]
 [ 10   1   0   6   4 136   4]
 [  8   0   0   1   0   8  65]]";0.8445532435740514;0.8341167020240142;"[[ 83   1   0   8   6   0   8]
 [  1  55   4   4   0   2   0]
 [  4   1 119   1   1   0   0]
 [ 16   3   5 199  14   9   0]
 [  0   3   0   2 122   1   0]
 [  7   1   1   8   0  69   4]
 [  5   0   0   1   1   5  43]]";399;[58 53 43 91 57 55 42]
912;Cora;own;0.5;0.2;64;0.5;1;0.005;1232306213;0.9679802955665024;0.9683290663463995;"[[58  0  0  1  0  0  0]
 [ 1 52  0  1  0  0  0]
 [ 0  1 42  0  0  1  0]
 [ 1  1  0 88  2  0  0]
 [ 1  0  0  0 55  0  1]
 [ 0  0  1  0  0 56  0]
 [ 1  0  0  0  0  0 42]]";0.8882154882154882;0.8721654921414493;"[[160   2   2  12   8   3   9]
 [  2  76   4   6   0   4   0]
 [  1   0 251   3   1   0   0]
 [ 17   1   4 416  13  12   3]
 [  4   1   0  14 215   1   0]
 [  8   1   0   6   3 137   4]
 [  7   0   0   2   0   8  64]]";0.8580171358629131;0.8444632866625161;"[[ 83   2   0   9   3   1   8]
 [  1  54   4   5   0   2   0]
 [  1   2 121   1   1   0   0]
 [ 11   3   3 211   9   9   0]
 [  2   3   0   4 118   1   0]
 [  3   1   2  10   0  69   5]
 [  4   0   0   1   1   4  45]]";406;[59 54 44 92 57 57 43]
913;Cora;own;0.5;0.2;64;0.5;1;0.005;1232306213;0.9612590799031477;0.962076760964094;"[[59  0  0  1  0  0  1]
 [ 1 52  0  1  0  1  0]
 [ 0  1 43  0  0  1  0]
 [ 1  1  0 88  3  0  0]
 [ 2  0  0  0 56  0  0]
 [ 0  0  1  0  0 57  0]
 [ 1  0  0  0  0  0 42]]";0.8883626522327469;0.8731276473997192;"[[161   2   1   8  12   1   8]
 [  4  75   4   4   0   3   0]
 [  2   0 252   1   1   0   0]
 [ 19   1   4 407  19  12   3]
 [  4   1   0  11 217   1   0]
 [  9   1   0   5   3 137   4]
 [  9   0   0   1   0   7  64]]";0.8580171358629131;0.8459353158000128;"[[ 86   1   0   7   2   2   8]
 [  1  54   4   5   0   2   0]
 [  3   0 121   1   1   0   0]
 [ 13   3   2 207  13   8   0]
 [  2   3   0   2 120   1   0]
 [  8   1   1   7   1  68   4]
 [  5   0   0   1   1   3  45]]";413;[61 55 45 93 58 58 43]
914;Cora;own;0.5;0.2;64;0.5;1;0.005;1232306213;0.9619047619047619;0.9623797982683634;"[[60  0  0  1  0  0  1]
 [ 1 54  1  1  0  0  0]
 [ 0  1 43  0  0  1  0]
 [ 1  1  0 89  3  0  0]
 [ 2  0  0  0 57  0  0]
 [ 0  0  1  0  0 58  0]
 [ 1  0  0  0  0  0 43]]";0.8932698844323589;0.8785699729198496;"[[153   2   1  13  12   3   8]
 [  2  77   5   4   0   2   0]
 [  1   0 248   1   1   0   1]
 [ 11   1   3 420  15  12   3]
 [  3   1   0  14 214   1   0]
 [  8   0   1   6   3 138   3]
 [  6   0   0   2   0   8  64]]";0.8629130966952264;0.8471049530963957;"[[ 79   2   0  11   3   3   8]
 [  1  54   4   5   0   2   0]
 [  1   2 121   1   1   0   0]
 [  7   3   1 218   9   8   0]
 [  2   3   0   4 118   1   0]
 [  4   1   1   9   1  71   3]
 [  3   0   0   1   2   5  44]]";420;[62 57 45 94 59 59 44]
915;Cora;own;0.5;0.2;64;0.5;1;0.005;1751207849;0.0;0.0;[[]];0.11052353252247488;0.0941217755026269;"[[ 20  20  45   1  16  73  70]
 [ 48   9  13   1   1  42  37]
 [ 45   4  37   1   1 156  48]
 [ 52  31  78   1   4 284 122]
 [ 29   5  48   2  17 144  53]
 [ 39   7  15   0   6 109  32]
 [  6   5  26   1  20  51  16]]";0.10403916768665851;0.0861599099504292;"[[  9   7  20   1  11  34  24]
 [ 24   4   4   1   0  21  12]
 [  7   1  17   1   0  79  21]
 [ 22  12  26   0   4 117  65]
 [ 13   2  24   1   3  65  20]
 [ 14   7   5   0   6  46  12]
 [  3   2  12   0  14  18   6]]";0;[]
916;Cora;own;0.5;0.2;64;0.5;1;0.005;1751207849;0.8571428571428571;0.7142857142857143;"[[3 0 0 0]
 [0 2 0 0]
 [1 0 0 0]
 [0 0 0 1]]";0.37685774946921446;0.23432907279749113;"[[236   0  24   0   0   4   0]
 [  4   0 116   0   0   0   0]
 [  2   0 346   0   0   4   0]
 [180   0 362   0   0  16   0]
 [204   0  30   0   0  43   0]
 [ 19   0  54   0   0 128   0]
 [ 44   0  57   0   0  11   0]]";0.3317013463892289;0.21876502665352376;"[[ 89   0  16   0   0   1   0]
 [  2   0  64   0   0   0   0]
 [  1   0 125   0   0   0   0]
 [ 83   0 155   0   0   8   0]
 [ 95   0  18   0   0  15   0]
 [ 10   0  23   0   0  57   0]
 [ 23   0  26   0   0   6   0]]";7;[3 0 2 1 0 1]
917;Cora;own;0.5;0.2;64;0.5;1;0.005;1751207849;0.7857142857142857;0.5777777777777777;"[[3 0 0 0 0 0]
 [0 0 1 0 0 0]
 [0 0 2 0 0 0]
 [0 0 0 4 0 0]
 [0 0 0 0 0 2]
 [0 0 0 0 0 2]]";0.3979754928076718;0.24893201577849725;"[[221   0   9   0   0  11   0]
 [ 26   0  98   0   0  50   0]
 [  3   0 313   0   0   4   0]
 [199   0 241  39   0  61   0]
 [160   0  19   5   0  85   0]
 [ 26   0  26   0   0 174   0]
 [ 25   0  33   0   0  49   0]]";0.3623011015911873;0.22886570746054233;"[[ 89   0   9   1   0   7   0]
 [  5   0  37   1   0  23   0]
 [  1   0 125   0   0   0   0]
 [ 94   0 108  14   0  30   0]
 [ 73   0   8   3   0  44   0]
 [ 10   0  12   0   0  68   0]
 [ 17   0  16   0   0  22   0]]";14;[3 1 2 4 2 2]
918;Cora;own;0.5;0.2;64;0.5;1;0.005;1751207849;0.8095238095238095;0.6363636363636364;"[[3 0 0 0 0 0]
 [0 0 0 1 0 0]
 [0 0 3 0 0 0]
 [0 0 0 9 0 0]
 [0 0 0 3 0 0]
 [0 0 0 0 0 2]]";0.6026737967914438;0.4159282465991038;"[[134   0   2  99   0   4   0]
 [  2   0  19 130   0   9   0]
 [  0   0 278  25   0   3   0]
 [  2   0   8 570   0   6   0]
 [  7   0   0 225   0  20   0]
 [  3   0   6  69   0 145   0]
 [  2   0   2  91   0   9   0]]";0.5593635250917993;0.39871545185313245;"[[ 46   0   2  56   0   2   0]
 [  0   0   5  61   0   0   0]
 [  0   0 114  12   0   0   0]
 [  2   0   4 238   0   2   0]
 [  2   0   0 120   0   6   0]
 [  0   0   3  28   0  59   0]
 [  1   0   4  48   0   2   0]]";21;[3 1 3 9 3 2]
919;Cora;own;0.5;0.2;64;0.5;1;0.005;1751207849;0.7857142857142857;0.5881093544137023;"[[ 4  0  0  0  0  0]
 [ 0  0  1  0  0  0]
 [ 0  0  5  0  0  0]
 [ 0  0  0 10  0  0]
 [ 0  0  0  3  0  2]
 [ 0  0  0  0  0  3]]";0.5995705850778315;0.39363785600787893;"[[183   0   9  13   0  30   0]
 [  7   0  34   8   0 113   0]
 [  2   0 297   4   0   4   0]
 [ 46   0  38 437   0  32   0]
 [ 78   0   9  81   0 103   0]
 [ 14   0  17   2   0 200   0]
 [ 11   0  13  11   0  67   0]]";0.5495716034271726;0.36204356390428716;"[[ 75   0   7   5   0  19   0]
 [  1   0  17   4   0  44   0]
 [  2   0 123   1   0   0   0]
 [ 27   0  23 179   0  17   0]
 [ 35   0   4  41   0  48   0]
 [  6   0  10   2   0  72   0]
 [  4   0  14   1   0  36   0]]";28;[ 4  1  5 10  5  3]
920;Cora;own;0.5;0.2;64;0.5;1;0.005;1751207849;0.7714285714285715;0.6184926184926185;"[[ 5  0  0  0  0  0]
 [ 0  0  1  1  0  0]
 [ 0  0  6  0  0  0]
 [ 0  0  0 13  0  0]
 [ 0  0  0  6  0  0]
 [ 0  0  0  0  0  3]]";0.6336206896551724;0.4175514597094575;"[[228   0   7  16   0  13   0]
 [ 37   0  58  57   0  19   0]
 [  2   0 301   8   0   0   0]
 [ 28   0  19 493   0   6   0]
 [ 89   0   5 138   0  28   0]
 [ 20   0  24   8   0 154   0]
 [ 41   0   7  36   0  14   0]]";0.5936352509179926;0.39296382411278696;"[[ 86   0   6   8   0   6   0]
 [ 10   0  29  23   0   4   0]
 [  3   0 120   3   0   0   0]
 [ 15   0  13 216   0   2   0]
 [ 49   0   4  63   0  12   0]
 [ 12   0   9   6   0  63   0]
 [ 28   0   7  12   0   8   0]]";35;[ 5  2  6 13  6  3]
921;Cora;own;0.5;0.2;64;0.5;1;0.005;1751207849;0.7142857142857143;0.5706552706552707;"[[ 6  0  0  0  0  0]
 [ 0  0  1  2  0  0]
 [ 0  0  6  0  0  0]
 [ 0  0  0 14  0  0]
 [ 1  0  0  6  0  2]
 [ 0  0  0  0  0  4]]";0.6197944835045971;0.4106081395835494;"[[218   0   7  17   0  22   0]
 [ 31   0  36  61   0  55   0]
 [  2   0 268   7   0   2   0]
 [ 30   0  26 488   0  16   0]
 [ 77   0   4 136   0  41   0]
 [ 12   0  16   7   0 172   0]
 [ 16   0   4  44   0  34   0]]";0.5960832313341493;0.3921923705599712;"[[ 81   0   5   9   0  11   0]
 [  9   0  14  24   0  19   0]
 [  3   0 120   3   0   0   0]
 [ 13   0   9 218   0   6   0]
 [ 47   0   3  60   0  18   0]
 [ 10   0   4   8   0  68   0]
 [ 20   0   5  14   0  16   0]]";42;[ 6  3  6 14  9  4]
922;Cora;own;0.5;0.2;64;0.5;1;0.005;1751207849;0.8979591836734694;0.6606379731379732;"[[ 6  0  0  0  0  0  0]
 [ 0  0  2  1  0  0  0]
 [ 0  0  7  0  0  0  0]
 [ 0  0  0 15  0  1  0]
 [ 0  0  0  0 12  0  0]
 [ 0  0  0  0  0  4  0]
 [ 1  0  0  0  0  0  0]]";0.7176981541802389;0.5449121651943821;"[[216   0   8  15   1  14   0]
 [ 25   0  59  19  48  19   0]
 [  2   0 282   8   0   2   0]
 [ 29   0  25 482  14   6   0]
 [ 23   0   3  31 184  15   0]
 [ 15   0  17   8   2 158   0]
 [ 24   0   6  54   7  21   0]]";0.6976744186046512;0.5281327944139284;"[[ 82   0   8   8   0   8   0]
 [  8   0  26  10  20   2   0]
 [  1   0 121   2   2   0   0]
 [ 12   0  13 205  11   5   0]
 [ 10   0   2  13  95   8   0]
 [ 11   0   6   6   0  67   0]
 [ 17   0   4  21   4   9   0]]";49;[ 6  3  7 16 12  4  1]
923;Cora;own;0.5;0.2;64;0.5;1;0.005;1751207849;0.875;0.6590951532128003;"[[ 7  0  0  0  0  0  0]
 [ 0  0  2  2  0  0  0]
 [ 0  0  8  0  0  0  0]
 [ 0  0  0 15  0  1  0]
 [ 0  0  0  0 14  0  0]
 [ 0  0  0  0  0  5  0]
 [ 1  0  0  1  0  0  0]]";0.732425068119891;0.5570013771237966;"[[234   0   6  11   1  13   0]
 [ 56   0  28  28  10  36   0]
 [  2   0 284   8   0   2   0]
 [ 43   0  15 481   7   6   0]
 [ 36   0   3  31 175   9   0]
 [ 25   0   7   6   0 170   0]
 [ 49   0   6  30   0  17   0]]";0.6940024479804161;0.5304151780339758;"[[ 84   0   5   9   0   8   0]
 [ 17   0  14  17   0  18   0]
 [  3   0 120   3   0   0   0]
 [ 24   0   9 204   3   6   0]
 [ 15   0   1  14  90   8   0]
 [ 13   0   2   6   0  69   0]
 [ 33   0   3  14   0   5   0]]";56;[ 7  4  8 16 14  5  2]
924;Cora;own;0.5;0.2;64;0.5;1;0.005;1751207849;0.9523809523809523;0.8204081632653061;"[[ 7  0  0  0  0  0  0]
 [ 0  6  1  0  0  0  0]
 [ 0  0 10  0  0  0  0]
 [ 0  0  0 16  0  0  0]
 [ 0  0  0  0 15  0  0]
 [ 0  0  0  0  0  6  0]
 [ 1  1  0  0  0  0  0]]";0.7724288840262582;0.6725517928030209;"[[219   6   5  12   3  15   0]
 [  2 136  12   3   3   2   0]
 [  4   8 285  30   6   2   0]
 [ 31  34  20 411  11   3   0]
 [ 15  15   3  16 204   4   0]
 [ 19  23   4   2   0 157   0]
 [ 47  37   2  11   0   6   0]]";0.7490820073439413;0.6533257541782732;"[[ 78   9   6   6   0   7   0]
 [  1  60   3   2   0   0   0]
 [  1   3 121   1   0   0   0]
 [ 16  21  11 186  11   1   0]
 [  6   9   1   7 102   3   0]
 [  9  10   2   3   1  65   0]
 [ 33  12   2   5   0   3   0]]";63;[ 7  7 10 16 15  6  2]
925;Cora;own;0.5;0.2;64;0.5;1;0.005;1751207849;0.9428571428571428;0.8290054760642996;"[[ 8  0  0  0  0  0  0]
 [ 0  8  0  0  0  0  0]
 [ 0  0 10  0  0  0  0]
 [ 0  0  0 18  0  0  0]
 [ 0  0  0  0 16  0  0]
 [ 0  0  0  0  0  6  0]
 [ 2  1  0  1  0  0  0]]";0.7506864360241625;0.6656540086170748;"[[198  11   5  11   1  18   0]
 [  2 178   5   8   0   1   0]
 [  2   7 303   5   0   3   0]
 [ 21  36  70 368   4   3   0]
 [ 14  12  20  17 183   6   0]
 [ 13  22   3   4   0 137   0]
 [ 49  24   1  43   0  13   0]]";0.7074663402692778;0.6256086003461608;"[[ 76   6   4  13   0   7   0]
 [  0  62   3   1   0   0   0]
 [  1   8 115   2   0   0   0]
 [ 17  23  31 168   5   2   0]
 [  6  11   6   8  92   5   0]
 [  9   9   3   4   0  65   0]
 [ 25   6   1  20   0   3   0]]";70;[ 8  8 10 18 16  6  4]
926;Cora;own;0.5;0.2;64;0.5;1;0.005;1751207849;0.935064935064935;0.8247582808308902;"[[ 9  0  0  0  0  0  0]
 [ 0  8  0  0  0  0  0]
 [ 0  0 11  0  0  0  0]
 [ 0  0  0 20  0  0  0]
 [ 0  0  0  0 17  0  0]
 [ 0  0  0  0  0  7  0]
 [ 2  1  1  1  0  0  0]]";0.7601984564498346;0.6735391198530503;"[[200   7   4  11   1  18   0]
 [  2 158   5   6   0   1   0]
 [  1   5 306   3   0   2   0]
 [ 25  18  75 411   1   2   0]
 [ 14   6  17  34 169   6   0]
 [ 17  18   4   4   0 135   0]
 [ 52   6  12  42   0  16   0]]";0.7148102815177478;0.6331836620569467;"[[ 78   5   3  13   0   7   0]
 [  1  60   4   1   0   0   0]
 [  1   8 115   2   0   0   0]
 [ 16   8  35 182   3   2   0]
 [  6   8   8  17  85   4   0]
 [ 10   6   5   5   0  64   0]
 [ 25   1   7  19   0   3   0]]";77;[ 9  8 11 20 17  7  5]
927;Cora;own;0.5;0.2;64;0.5;1;0.005;1751207849;0.9642857142857143;0.9347729789590256;"[[ 9  0  0  0  0  0  0]
 [ 0  9  0  0  0  0  0]
 [ 0  0 11  0  0  0  0]
 [ 0  0  0 21  0  0  0]
 [ 0  0  0  0 20  0  0]
 [ 0  0  0  0  0  8  0]
 [ 2  0  0  1  0  0  3]]";0.8046485888212507;0.7409890774511453;"[[175   9   2  27   5  14   0]
 [  2 156   5   5   0   0   0]
 [  1   6 280   2   0   1   0]
 [ 14  13  25 492   5   3   0]
 [  6  11   3  43 182   5   0]
 [  9  23   3  10   0 148   0]
 [ 26  10   1  45   0  19  21]]";0.7552019583843329;0.6837878047566549;"[[ 72   5   3  16   0  10   0]
 [  0  62   3   1   0   0   0]
 [  1   8 115   2   0   0   0]
 [ 11   9   7 210   7   2   0]
 [  3   9   0  24  90   2   0]
 [  6   7   2  13   0  62   0]
 [ 15   6   1  18   0   9   6]]";84;[ 9  9 11 21 20  8  6]
928;Cora;own;0.5;0.2;64;0.5;1;0.005;1751207849;0.989010989010989;0.9840778416629811;"[[ 9  0  0  0  0  0  0]
 [ 0  9  0  0  0  0  0]
 [ 0  0 12  0  0  0  0]
 [ 0  0  0 21  0  0  0]
 [ 0  0  0  0 22  0  0]
 [ 0  0  0  0  0  9  0]
 [ 0  0  0  0  0  1  8]]";0.8266666666666667;0.81115088647387;"[[168   7   0  21   6   5  24]
 [  1 152   3   4   0   0   1]
 [  0   7 275   3   0   0   2]
 [ 16   7  24 462   7   1  26]
 [  7   7   3  42 192   2   5]
 [  2  10   3  10   0 133  27]
 [ 10   0   1   8   0  10 106]]";0.784577723378213;0.7660753832341862;"[[ 64   5   2  13   1   6  15]
 [  0  61   2   2   0   0   1]
 [  1   8 115   2   0   0   0]
 [ 12   9   8 199   9   0   9]
 [  4   7   1  18  97   0   1]
 [  5   4   1   8   0  57  15]
 [  2   0   0   3   0   2  48]]";91;[ 9  9 12 21 22  9  9]
929;Cora;own;0.5;0.2;64;0.5;1;0.005;1751207849;0.9795918367346939;0.9795001688618711;"[[10  0  0  0  0  0  0]
 [ 0 10  0  0  0  0  0]
 [ 0  0 13  0  0  0  0]
 [ 0  0  0 22  0  0  0]
 [ 0  0  0  0 23  1  0]
 [ 0  0  0  1  0  9  0]
 [ 0  0  0  0  0  0  9]]";0.8204127161182376;0.8065607462409247;"[[166   8   0  18   8   7  20]
 [  2 152   3   2   0   0   1]
 [  1   7 274   4   0   1   3]
 [ 18  11  30 438  17   6  12]
 [ 10   7   3  33 201   2   2]
 [ 13  10   1  16   0 135  24]
 [  7   0   1   4   0  10 105]]";0.784577723378213;0.7716030420822761;"[[ 73   4   2   8   1   6  12]
 [  0  61   2   2   0   0   1]
 [  1   8 115   2   0   0   0]
 [ 15  12  11 187  14   1   6]
 [  4   7   2  15  99   1   0]
 [  6   5   1   7   0  60  11]
 [  3   0   1   3   0   2  46]]";98;[10 10 13 22 24 10  9]
930;Cora;own;0.5;0.2;64;0.5;1;0.005;1751207849;0.9809523809523809;0.9802536778258102;"[[11  0  0  0  0  0  0]
 [ 0 11  0  0  0  0  0]
 [ 0  0 14  0  0  1  0]
 [ 0  0  0 23  0  0  0]
 [ 0  0  0  0 24  1  0]
 [ 0  0  0  0  0 11  0]
 [ 0  0  0  0  0  0  9]]";0.8275475923852184;0.8113261743845592;"[[165   8   0  19   9   8  22]
 [  1 151   2   4   0   0   1]
 [  1   6 276   5   0   2   2]
 [ 18  11  23 445  14   7  11]
 [ 10   7   1  34 201   2   3]
 [ 13  10   3   6   0 140  26]
 [  7   0   1   4   0   7 100]]";0.7906976744186046;0.7765474887970534;"[[ 72   4   2   8   1   7  12]
 [  0  61   2   2   0   0   1]
 [  0   8 116   2   0   0   0]
 [ 14  12   9 191  14   2   4]
 [  6   8   2  13  97   2   0]
 [  8   5   1   5   0  62   9]
 [  4   0   1   1   0   2  47]]";105;[11 11 15 23 25 11  9]
931;Cora;own;0.5;0.2;64;0.5;1;0.005;1751207849;0.9821428571428571;0.9795798319327732;"[[12  0  0  0  0  1  0]
 [ 0 11  0  0  0  0  0]
 [ 0  0 15  0  0  0  0]
 [ 0  0  0 26  0  0  0]
 [ 0  0  0  0 25  1  0]
 [ 0  0  0  0  0 11  0]
 [ 0  0  0  0  0  0 10]]";0.836424957841484;0.8211276705203894;"[[183   8   0  18   5  12  13]
 [  0 147   2   4   0   1   0]
 [  2   6 277   4   0   0   1]
 [ 23  11  18 449  12  11   9]
 [ 13   7   1  30 195   2   2]
 [ 19  12   2   1   0 141  17]
 [  6   0   1   5   0  13  96]]";0.7821297429620563;0.765072455756799;"[[ 74   4   1   9   1   7  10]
 [  1  59   3   2   0   0   1]
 [  0   8 116   2   0   0   0]
 [ 21  10   8 193   9   4   1]
 [  7   7   3  13  95   3   0]
 [ 11   5   3   4   0  59   8]
 [  4   0   1   1   0   6  43]]";112;[13 11 15 26 26 11 10]
932;Cora;own;0.5;0.2;64;0.5;1;0.005;1751207849;0.9831932773109243;0.9838877045577409;"[[15  0  0  0  0  0  0]
 [ 0 11  0  0  0  0  0]
 [ 0  0 16  0  0  0  0]
 [ 1  0  0 27  0  0  0]
 [ 0  0  0  0 26  1  0]
 [ 0  0  0  0  0 11  0]
 [ 0  0  0  0  0  0 11]]";0.832392776523702;0.8212716309817683;"[[202   6   0  19   5   8   7]
 [  0 145   3   4   0   0   0]
 [  3   6 275   4   0   0   0]
 [ 41   7  19 441  12   4   4]
 [ 18   6   1  28 192   2   2]
 [ 27   9   5   2   0 132  13]
 [ 14   0   1   7   0  10  88]]";0.769889840881273;0.7507608447744994;"[[ 80   4   3   9   0   5   5]
 [  1  57   2   5   0   0   1]
 [  2   8 114   2   0   0   0]
 [ 26   9   8 191   9   2   1]
 [  9   7   1  12  97   2   0]
 [ 16   5   2   5   0  56   6]
 [ 13   0   0   2   1   5  34]]";119;[15 11 16 28 27 11 11]
933;Cora;own;0.5;0.2;64;0.5;1;0.005;1751207849;0.9603174603174603;0.9543243661100804;"[[15  1  0  0  0  0  0]
 [ 0 11  0  0  0  0  0]
 [ 0  0 17  0  0  0  0]
 [ 1  0  0 27  0  0  0]
 [ 0  0  0  0 27  1  0]
 [ 0  1  0  1  0 11  0]
 [ 0  0  0  0  0  0 13]]";0.828328611898017;0.8174311752392713;"[[205  10   0  16   5   8   6]
 [  0 135   2   3   0   0   1]
 [  1   8 283   4   0   0   0]
 [ 32  11  32 414  15   9   5]
 [ 13   7   2  27 199   2   2]
 [ 21  14   5   2   0 135  14]
 [ 11   1   1   3   0  10  91]]";0.769889840881273;0.752554966860353;"[[ 79   4   4   7   1   6   5]
 [  1  57   2   5   0   0   1]
 [  0   8 117   1   0   0   0]
 [ 25  12  13 178  14   2   2]
 [  4   7   2   9 104   2   0]
 [ 14   5   4   2   1  56   8]
 [  8   0   1   0   1   7  38]]";126;[16 11 17 28 28 13 13]
934;Cora;own;0.5;0.2;64;0.5;1;0.005;1751207849;0.9548872180451128;0.9515660940194576;"[[16  1  0  0  0  0  0]
 [ 0 12  0  0  0  0  0]
 [ 0  0 17  0  0  0  0]
 [ 0  0  0 29  0  0  1]
 [ 0  0  0  1 28  1  0]
 [ 0  1  0  1  0 12  0]
 [ 0  0  0  0  0  0 13]]";0.8196814562002275;0.8112932655132309;"[[195   9   1  10   6  10   5]
 [  0 132   1   2   0   0   2]
 [  1   7 280   4   0   1   0]
 [ 30  13  29 397  21  15   5]
 [ 22   7   2  35 204   2   3]
 [ 15  10   3   6   0 144  15]
 [ 10   1   1   3   0  10  89]]";0.7613219094247246;0.744587607486232;"[[ 77   4   3   6   1   7   8]
 [  1  55   3   5   0   1   1]
 [  0   8 117   1   0   0   0]
 [ 21  10  15 172  20   6   2]
 [  4   7   1   8 104   4   0]
 [ 13   5   2   3   1  59   7]
 [  7   0   1   1   1   7  38]]";133;[17 12 17 30 30 14 13]
935;Cora;own;0.5;0.2;64;0.5;1;0.005;1751207849;0.9714285714285714;0.9745806943467042;"[[18  0  0  0  0  0  0]
 [ 0 12  0  0  0  0  0]
 [ 0  0 18  0  0  0  0]
 [ 0  0  0 30  0  0  1]
 [ 0  0  0  1 29  1  0]
 [ 0  0  0  1  0 15  0]
 [ 0  0  0  0  0  0 14]]";0.8235294117647058;0.8139225521819283;"[[195   6   2  10   6   9   3]
 [  1 125   4   4   0   0   0]
 [  1   5 287   6   1   3   0]
 [ 36  12  25 404  17   9   3]
 [ 19   6   1  37 205   3   3]
 [ 17   8   4   5   0 144  12]
 [ 12   1   1   4   0  13  82]]";0.7662178702570379;0.7510897608743518;"[[ 80   4   4   8   1   6   3]
 [  1  55   4   5   0   0   1]
 [  0   7 118   1   0   0   0]
 [ 22  10  13 177  21   3   0]
 [  6   7   2   9 101   3   0]
 [ 15   3   2   3   1  62   4]
 [ 10   0   1   3   0   8  33]]";140;[18 12 18 31 31 16 14]
936;Cora;own;0.5;0.2;64;0.5;1;0.005;1751207849;0.9659863945578231;0.9697312121817409;"[[18  0  0  0  0  0  0]
 [ 0 13  0  0  0  0  0]
 [ 0  0 19  0  0  0  0]
 [ 0  0  0 31  1  0  1]
 [ 0  0  0  1 30  1  0]
 [ 1  0  0  0  0 16  0]
 [ 0  0  0  0  0  0 15]]";0.8279816513761468;0.8121427134850949;"[[189   5   1  11   8  11   4]
 [  1 122   3   3   0   0   1]
 [  1   9 284   7   1   0   0]
 [ 33  13  20 407  21  10   4]
 [ 15   7   1  21 220   3   3]
 [ 16  11   4   5   0 140  16]
 [ 10   1   1   4   0  15  82]]";0.7821297429620563;0.7650417323323382;"[[ 79   4   3   9   0   6   5]
 [  1  56   3   5   0   0   1]
 [  0   7 118   1   0   0   0]
 [ 21  10  10 178  23   3   1]
 [  4   7   1   6 109   1   0]
 [ 13   4   1   1   1  64   6]
 [ 10   0   1   1   0   8  35]]";147;[18 13 19 33 32 17 15]
937;Cora;own;0.5;0.2;64;0.5;1;0.005;1751207849;0.9675324675324676;0.9701507255139978;"[[19  0  0  0  0  0  0]
 [ 0 13  0  0  0  0  0]
 [ 0  0 19  0  0  0  0]
 [ 0  0  1 33  0  0  1]
 [ 0  0  0  1 31  1  0]
 [ 1  0  0  0  0 18  0]
 [ 0  0  0  0  0  0 16]]";0.8301669545192861;0.8181530277953489;"[[190   4   0  10  10  12   3]
 [  1 116   4   4   0   0   2]
 [  1   8 278   7   1   1   0]
 [ 35   8  24 398  33  10   4]
 [ 14   3   1  13 233   3   3]
 [ 17   6   0   5   0 144  16]
 [ 10   0   1   3   1  17  83]]";0.7858017135862914;0.7680562388482867;"[[ 80   3   3   8   1   7   4]
 [  1  52   4   6   0   1   2]
 [  0   7 117   1   1   0   0]
 [ 20   6   9 180  27   4   0]
 [  5   3   1   5 114   0   0]
 [ 14   3   1   1   1  64   6]
 [ 10   0   1   0   1   8  35]]";154;[19 13 19 35 33 19 16]
938;Cora;own;0.5;0.2;64;0.5;1;0.005;1751207849;0.9937888198757764;0.9946109175377468;"[[20  0  0  0  0  0  0]
 [ 0 13  0  0  0  0  0]
 [ 0  0 20  0  0  0  0]
 [ 0  0  1 37  0  0  0]
 [ 0  0  0  0 33  0  0]
 [ 0  0  0  0  0 20  0]
 [ 0  0  0  0  0  0 17]]";0.8375722543352602;0.8274101829958835;"[[191   4   0  13   5   8   6]
 [  1 116   4   3   0   0   3]
 [  1   7 280   4   1   1   0]
 [ 36   6  25 401  31  10   4]
 [ 16   2   1  14 232   1   3]
 [ 17   5   2   5   0 145  13]
 [  9   0   1   3   1  15  84]]";0.7747858017135862;0.7576781980733193;"[[ 77   3   3  10   1   6   6]
 [  1  52   4   6   0   1   2]
 [  0   6 118   1   1   0   0]
 [ 21   9   9 178  26   3   0]
 [  6   4   1   8 109   0   0]
 [ 12   3   2   2   1  64   6]
 [  8   0   1   1   0  10  35]]";161;[20 13 20 38 33 20 17]
939;Cora;own;0.5;0.2;64;0.5;1;0.005;1751207849;0.9940476190476191;0.9924340467894475;"[[21  0  0  0  0  0  0]
 [ 0 14  0  0  0  0  0]
 [ 0  0 21  0  0  0  0]
 [ 0  0  0 40  0  0  0]
 [ 0  0  0  0 34  0  0]
 [ 0  0  0  0  0 20  1]
 [ 0  0  0  0  0  0 17]]";0.8438769587928032;0.8278739638286703;"[[191   4   1  14   6   5   8]
 [  1 114   4   4   0   0   3]
 [  1   9 276   4   1   0   0]
 [ 27   5   9 425  32   8   4]
 [ 15   2   0  21 226   1   3]
 [ 17   6   3   7   0 142  15]
 [  9   0   1   3   2  14  80]]";0.7821297429620563;0.7623811908931936;"[[ 74   3   3  13   1   7   5]
 [  1  54   3   6   0   0   2]
 [  0   7 117   1   1   0   0]
 [ 18   9   3 189  25   2   0]
 [  5   4   0  10 109   0   0]
 [ 13   3   2   4   1  61   6]
 [  7   0   1   0   1  11  35]]";168;[21 14 21 40 34 21 17]
940;Cora;own;0.5;0.2;64;0.5;1;0.005;1751207849;0.9885714285714285;0.9924340467894475;"[[22  0  0  0  0  0  0]
 [ 0 15  0  0  0  0  0]
 [ 0  0 22  0  0  0  0]
 [ 0  0  0 40  1  0  0]
 [ 0  0  0  1 34  0  0]
 [ 0  0  0  0  0 22  0]
 [ 0  0  0  0  0  0 18]]";0.8333333333333334;0.821041937872408;"[[193   4   1   6   9   7   7]
 [  2 113   4   3   1   0   2]
 [  1   7 275   4   1   2   0]
 [ 46   6  12 390  40  10   3]
 [ 21   2   1   6 237   0   2]
 [ 18   5   3   6   0 144  12]
 [ 11   0   1   1   1  18  78]]";0.780905752753978;0.7638622244495119;"[[ 80   3   2   8   1   8   4]
 [  2  54   3   5   1   0   1]
 [  1   5 118   1   1   0   0]
 [ 27   9   5 177  26   2   0]
 [  6   4   1   6 111   0   0]
 [ 14   4   1   0   1  65   5]
 [  8   0   1   0   0  13  33]]";175;[22 15 22 41 35 22 18]
941;Cora;own;0.5;0.2;64;0.5;1;0.005;1751207849;0.978021978021978;0.9801698471892643;"[[23  1  0  0  0  0  0]
 [ 0 15  0  0  0  0  0]
 [ 0  0 22  0  0  0  0]
 [ 0  0  1 42  1  0  0]
 [ 0  0  0  1 34  0  0]
 [ 0  0  0  0  0 23  0]
 [ 0  0  0  0  0  0 19]]";0.8326506729081334;0.8197148343839098;"[[191   4   1   7   7   7   8]
 [  2 111   4   4   0   1   2]
 [  1   6 275   4   1   2   0]
 [ 40   6  10 397  34   9   4]
 [ 21   2   0  17 226   0   3]
 [ 20   4   2  10   0 146  12]
 [ 10   0   1   2   1  17  77]]";0.7796817625458996;0.7589695944104949;"[[ 78   3   1  10   1   8   5]
 [  1  51   5   6   0   1   2]
 [  1   5 118   1   1   0   0]
 [ 24   7   4 183  26   2   0]
 [  6   3   0   8 111   0   0]
 [ 14   3   1   2   1  63   6]
 [  8   0   1   0   0  13  33]]";182;[24 15 22 44 35 23 19]
942;Cora;own;0.5;0.2;64;0.5;1;0.005;1751207849;0.9788359788359788;0.9778709347062716;"[[24  1  0  0  0  0  0]
 [ 0 16  0  0  0  0  0]
 [ 0  0 22  0  0  0  0]
 [ 0  0  1 44  1  0  0]
 [ 0  0  0  0 36  0  0]
 [ 0  0  0  0  0 24  1]
 [ 0  0  0  0  0  0 19]]";0.8425381903642774;0.8269568680310301;"[[192   3   1   7   7  10   7]
 [  2 110   4   4   1   1   1]
 [  1   9 271   5   1   2   0]
 [ 36   6   7 410  34   8   3]
 [ 22   1   0  13 229   0   3]
 [ 17   5   0   5   0 149  10]
 [ 12   0   1   1   1  17  73]]";0.784577723378213;0.7671090696914378;"[[ 78   3   1  10   1   9   4]
 [  1  54   4   6   1   0   0]
 [  1   7 116   1   1   0   0]
 [ 22   6   3 185  27   3   0]
 [  6   2   0   9 111   0   0]
 [ 13   3   1   3   1  65   4]
 [  9   0   0   0   0  14  32]]";189;[25 16 22 46 36 25 19]
943;Cora;own;0.5;0.2;64;0.5;1;0.005;1751207849;0.9744897959183674;0.9740150004355261;"[[25  0  0  0  0  1  0]
 [ 0 18  0  0  0  0  0]
 [ 0  0 22  0  0  0  0]
 [ 1  0  0 46  1  0  0]
 [ 0  0  0  0 37  0  0]
 [ 0  0  0  0  0 24  2]
 [ 0  0  0  0  0  0 19]]";0.8436578171091446;0.8288672179348614;"[[190   1   1   8   6  11   7]
 [  2 108   4   6   0   1   1]
 [  1   9 268   5   1   3   0]
 [ 35   6   8 414  28  10   3]
 [ 23   0   0  14 227   0   3]
 [ 18   5   0   5   0 149   9]
 [ 12   0   1   1   1  16  74]]";0.784577723378213;0.766238623311519;"[[ 78   2   1  10   1  10   4]
 [  1  52   4   8   0   1   0]
 [  1   7 116   1   1   0   0]
 [ 21   5   3 188  26   3   0]
 [  8   2   0   9 109   0   0]
 [ 12   3   1   3   1  66   4]
 [  9   0   0   0   0  14  32]]";196;[26 18 22 48 37 26 19]
944;Cora;own;0.5;0.2;64;0.5;1;0.005;1751207849;0.9852216748768473;0.985201214742099;"[[26  0  0  0  0  1  0]
 [ 0 19  0  0  0  0  0]
 [ 0  0 23  0  0  0  0]
 [ 0  0  0 48  1  0  0]
 [ 0  0  0  0 38  0  0]
 [ 0  0  0  0  0 26  1]
 [ 0  0  0  0  0  0 20]]";0.841824644549763;0.8256532944781935;"[[189   1   1   8   6  10   7]
 [  3 106   4   4   2   1   1]
 [  1   9 267   5   1   3   0]
 [ 34   6   9 411  29  10   3]
 [ 23   0   1  12 228   0   3]
 [ 18   5   2   5   0 148   9]
 [ 11   0   1   1   0  18  72]]";0.7858017135862914;0.7696766428288588;"[[ 79   2   1   9   1  10   4]
 [  1  52   4   7   1   1   0]
 [  1   7 116   1   1   0   0]
 [ 22   6   4 184  27   3   0]
 [  6   2   1   8 111   0   0]
 [ 12   3   1   3   1  67   3]
 [  8   0   0   0   0  14  33]]";203;[27 19 23 49 38 27 20]
945;Cora;own;0.5;0.2;64;0.5;1;0.005;1751207849;0.9904761904761905;0.9907756532006935;"[[29  0  0  0  0  0  0]
 [ 0 19  0  0  0  0  0]
 [ 0  0 24  0  0  0  0]
 [ 0  0  0 49  1  0  0]
 [ 0  0  0  0 40  0  0]
 [ 0  0  0  0  0 26  1]
 [ 0  0  0  0  0  0 21]]";0.8500892325996431;0.832538698562475;"[[191   1   0   8   6   2  11]
 [  2 105   4   6   2   1   1]
 [  1   9 268   5   1   2   0]
 [ 32   5   9 418  27   6   3]
 [ 23   0   1  12 229   0   3]
 [ 20   5   2   4   0 147   7]
 [ 11   0   1   3   0  16  71]]";0.8041615667074663;0.7918119996892375;"[[ 84   2   1   9   1   5   4]
 [  2  52   4   7   1   0   0]
 [  1   7 116   1   1   0   0]
 [ 20   4   3 191  26   2   0]
 [  5   2   1   8 112   0   0]
 [ 11   3   1   5   1  65   4]
 [  9   0   1   1   0   7  37]]";210;[29 19 24 50 40 27 21]
946;Cora;own;0.5;0.2;64;0.5;1;0.005;1751207849;0.9861751152073732;0.9852963197422867;"[[29  0  0  0  0  0  0]
 [ 0 20  0  0  0  0  0]
 [ 0  0 25  0  0  0  0]
 [ 0  0  0 51  1  0  0]
 [ 0  0  0  0 41  0  0]
 [ 0  0  0  0  0 27  2]
 [ 0  0  0  0  0  0 21]]";0.8530465949820788;0.8358738326075531;"[[187   1   1   9   5   5   8]
 [  2 103   4   6   3   1   1]
 [  1   9 267   5   1   2   0]
 [ 27   5  11 420  30   5   3]
 [ 21   0   1  14 228   0   3]
 [ 11   6   2   5   0 152   7]
 [ 10   0   1   2   0  18  71]]";0.7980416156670747;0.7817203858722495;"[[ 80   2   1  10   0   7   6]
 [  2  51   4   7   1   1   0]
 [  1   7 116   1   1   0   0]
 [ 14   5   6 190  29   2   0]
 [  4   2   1   8 113   0   0]
 [  9   3   1   6   1  67   3]
 [  8   0   0   1   0  11  35]]";217;[29 20 25 52 41 29 21]
947;Cora;own;0.5;0.2;64;0.5;1;0.005;1751207849;0.9821428571428571;0.9809944045922158;"[[30  0  0  0  0  0  0]
 [ 0 21  0  1  0  0  0]
 [ 0  0 26  0  0  0  0]
 [ 0  0  0 51  1  0  0]
 [ 0  0  0  0 42  0  0]
 [ 0  0  0  0  0 29  2]
 [ 0  0  0  0  0  0 21]]";0.8494301139772046;0.8305830751868468;"[[187   1   1   7   6   7   6]
 [  2 103   4  10   3   1   0]
 [  1   9 266   5   1   2   0]
 [ 27   6  12 412  30   6   3]
 [ 20   0   1  13 229   0   3]
 [ 13   6   2   4   0 153   4]
 [  9   1   1   2   0  22  66]]";0.8041615667074663;0.7889505708764872;"[[ 84   2   1  10   0   6   3]
 [  2  51   4   7   1   1   0]
 [  1   7 116   1   1   0   0]
 [ 14   5   6 190  29   2   0]
 [  5   2   1   7 113   0   0]
 [  9   3   1   5   1  70   1]
 [  9   0   0   1   0  12  33]]";224;[30 22 26 52 42 31 21]
948;Cora;own;0.5;0.2;64;0.5;1;0.005;1751207849;0.974025974025974;0.9716174087821451;"[[30  0  0  0  0  1  0]
 [ 1 22  0  1  0  0  0]
 [ 0  0 27  0  0  0  0]
 [ 0  0  0 53  1  0  0]
 [ 0  0  0  0 42  0  0]
 [ 0  0  0  0  0 29  2]
 [ 0  0  0  0  0  0 22]]";0.8512048192771084;0.831166616857547;"[[186   1   0  10   6   4   8]
 [  2 103   4  10   2   1   0]
 [  1   9 265   7   1   2   0]
 [ 24   5  10 417  28   3   3]
 [ 20   0   1  14 228   0   3]
 [ 13   6   2   5   0 146   6]
 [ 11   1   1   2   0  21  68]]";0.8053855569155447;0.7909812384191287;"[[ 85   2   1  10   0   4   4]
 [  2  51   4   7   1   1   0]
 [  1   7 116   1   1   0   0]
 [ 13   5   7 192  28   1   0]
 [  5   2   1   8 112   0   0]
 [ 10   3   1   6   1  68   1]
 [ 10   0   1   1   0   9  34]]";231;[31 24 27 54 42 31 22]
949;Cora;own;0.5;0.2;64;0.5;1;0.005;1751207849;0.9789915966386554;0.9762289014235622;"[[32  0  0  0  0  0  0]
 [ 2 23  0  0  0  0  0]
 [ 0  0 27  0  0  0  0]
 [ 0  0  0 55  1  0  0]
 [ 0  0  0  0 43  0  0]
 [ 0  0  0  0  0 30  2]
 [ 0  0  0  0  0  0 23]]";0.8433151845130067;0.8235796363215349;"[[188   1   0   7   6   4   8]
 [  4 100   4   7   2   1   1]
 [  2   9 268   3   1   1   1]
 [ 35   5  13 397  30   3   5]
 [ 20   0   1   9 232   0   3]
 [ 17   8   3   4   0 140   7]
 [ 16   0   1   2   0  15  69]]";0.8017135862913096;0.7857918591679576;"[[ 89   2   0   8   0   2   5]
 [  2  52   4   5   1   1   1]
 [  1   7 116   1   1   0   0]
 [ 14   4   9 188  30   1   0]
 [  6   2   1   6 113   0   0]
 [ 16   3   1   3   1  62   4]
 [ 13   0   1   1   0   5  35]]";238;[32 25 27 56 43 32 23]
950;Cora;own;0.5;0.2;64;0.5;1;0.005;1751207849;0.9836734693877551;0.9821014205808417;"[[33  0  0  0  0  0  0]
 [ 2 24  0  0  0  0  0]
 [ 0  0 28  0  0  0  0]
 [ 0  0  0 56  1  0  0]
 [ 0  0  0  0 44  0  0]
 [ 0  0  0  0  0 32  1]
 [ 0  0  0  0  0  0 24]]";0.8517618469015796;0.8326311149075801;"[[185   1   0   9   5   6   7]
 [  3 101   4   7   1   1   1]
 [  1   9 267   4   1   3   0]
 [ 27   5  11 409  27   4   4]
 [ 18   0   1  16 226   1   2]
 [ 13   6   2   4   0 147   3]
 [ 14   0   1   2   0  20  67]]";0.8090575275397797;0.7931282487553702;"[[ 83   2   1  12   0   3   5]
 [  2  51   4   7   1   1   0]
 [  1   7 116   1   1   0   0]
 [ 12   4   6 195  27   2   0]
 [  6   2   1   8 111   0   0]
 [  7   2   1   5   1  71   3]
 [ 10   0   0   1   0  10  34]]";245;[33 26 28 57 44 33 24]
951;Cora;own;0.5;0.2;64;0.5;1;0.005;1751207849;0.9722222222222222;0.968626073369626;"[[35  0  0  0  0  0  0]
 [ 2 24  0  0  0  0  0]
 [ 0  1 28  0  0  0  0]
 [ 0  0  1 57  1  0  0]
 [ 0  0  0  0 45  0  0]
 [ 0  0  0  0  0 32  2]
 [ 0  0  0  0  0  0 24]]";0.848078096400244;0.8317662503317005;"[[184   2   1   6   6   2  10]
 [  3 101   4   6   2   1   1]
 [  1   8 264   4   1   2   1]
 [ 29   5  17 403  27   3   4]
 [ 18   0   1  15 227   0   2]
 [ 17   5   3   4   0 141   4]
 [ 22   0   1   2   0   9  70]]";0.8127294981640147;0.7994370840834629;"[[ 85   2   1  11   0   1   6]
 [  2  52   4   6   1   0   1]
 [  1   7 116   1   1   0   0]
 [ 11   4   6 194  29   2   0]
 [  4   2   1   7 114   0   0]
 [ 11   3   2   4   1  65   4]
 [ 12   0   1   1   0   3  38]]";252;[35 26 29 59 45 34 24]
952;Cora;own;0.5;0.2;64;0.5;1;0.005;1751207849;0.9768339768339769;0.9741091004806871;"[[35  0  0  0  0  0  0]
 [ 0 27  0  0  0  0  0]
 [ 0  1 29  0  0  0  0]
 [ 0  0  1 59  1  0  0]
 [ 0  0  0  0 46  0  0]
 [ 0  0  0  0  0 33  1]
 [ 0  0  0  0  0  2 24]]";0.8511029411764706;0.835700084192006;"[[182   3   0   8   5   5   7]
 [  2 103   4   5   2   1   0]
 [  1   8 263   4   1   3   0]
 [ 28   5  17 403  26   4   4]
 [ 19   0   1  14 226   0   2]
 [ 15   5   3   4   0 144   3]
 [ 20   1   1   2   0  10  68]]";0.8188494492044064;0.8024023863925736;"[[ 86   2   1  10   0   1   6]
 [  2  54   4   5   1   0   0]
 [  1   7 116   1   1   0   0]
 [ 10   4   7 198  25   2   0]
 [  5   2   1   9 111   0   0]
 [  7   3   2   4   1  69   4]
 [  9   0   1   1   0   9  35]]";259;[35 27 30 61 46 34 26]
953;Cora;own;0.5;0.2;64;0.5;1;0.005;1751207849;0.9736842105263158;0.9720461840362189;"[[35  0  0  0  0  0  0]
 [ 0 27  1  0  0  0  0]
 [ 0  0 31  0  0  0  0]
 [ 1  0  1 61  0  0  0]
 [ 0  0  0  1 46  0  0]
 [ 0  0  0  0  0 32  2]
 [ 0  0  0  0  0  1 27]]";0.8535384615384616;0.8416780235467651;"[[182   4   0   7   5   1  11]
 [  1 104   4   4   2   0   1]
 [  2   8 261   4   1   2   1]
 [ 26   5  16 400  30   3   5]
 [ 18   0   1  17 222   0   2]
 [ 13   5   3   4   0 142   7]
 [ 15   0   1   2   0   7  76]]";0.8115055079559363;0.7956274653279849;"[[ 86   2   0  10   0   1   7]
 [  2  51   4   6   1   1   1]
 [  2   6 116   1   1   0   0]
 [ 10   4   7 196  27   2   0]
 [  4   2   1  10 111   0   0]
 [  9   3   2   4   2  65   5]
 [  9   0   1   0   0   7  38]]";266;[35 28 31 63 47 34 28]
954;Cora;own;0.5;0.2;64;0.5;1;0.005;1751207849;0.978021978021978;0.9767327881908712;"[[37  0  0  0  0  0  0]
 [ 0 27  1  0  0  0  0]
 [ 0  0 33  0  0  0  1]
 [ 0  0  1 64  0  0  0]
 [ 0  0  0  1 46  0  0]
 [ 0  0  0  0  0 33  1]
 [ 0  0  0  1  0  0 27]]";0.8609394313967862;0.8496158634468943;"[[182   3   1   7   5   4   7]
 [  1 103   4   4   1   1   0]
 [  1   3 265   4   1   2   0]
 [ 26   5  11 411  24   3   5]
 [ 18   1   1  20 215   0   2]
 [ 15   4   4   4   0 142   5]
 [ 19   0   1   2   0   6  75]]";0.8261933904528764;0.8089223455125929;"[[ 86   2   1  11   0   0   6]
 [  0  54   4   5   1   1   1]
 [  2   3 119   1   1   0   0]
 [ 10   5   6 203  20   1   1]
 [  4   2   1   9 112   0   0]
 [ 10   3   2   5   2  64   4]
 [ 11   0   1   0   0   6  37]]";273;[37 28 34 65 47 34 28]
955;Cora;own;0.5;0.2;64;0.5;1;0.005;1751207849;0.9714285714285714;0.969412892759471;"[[37  0  0  0  0  0  0]
 [ 0 27  2  0  0  0  0]
 [ 0  0 34  0  0  0  1]
 [ 0  0  0 65  0  0  0]
 [ 0  0  0  2 47  0  0]
 [ 1  0  0  0  0 34  1]
 [ 0  0  0  1  0  0 28]]";0.8597144630664184;0.8474928853429775;"[[177   3   1  10   5   3   9]
 [  1 102   4   4   1   1   0]
 [  1   1 266   4   1   2   0]
 [ 26   5  10 411  25   3   5]
 [ 19   1   1  17 216   0   2]
 [ 15   4   4   4   0 139   6]
 [ 18   0   1   3   0   6  74]]";0.8274173806609547;0.808853502979219;"[[ 83   2   1  11   0   0   9]
 [  0  54   4   5   1   1   1]
 [  1   3 120   1   1   0   0]
 [  9   5   4 203  23   1   1]
 [  3   2   1   8 114   0   0]
 [  9   3   2   5   2  64   5]
 [  9   0   1   1   0   6  38]]";280;[37 29 35 65 49 36 29]
956;Cora;own;0.5;0.2;64;0.5;1;0.005;1751207849;0.9860627177700348;0.9849634299790804;"[[38  0  0  0  0  0  0]
 [ 0 30  1  0  0  0  0]
 [ 0  0 35  0  0  0  0]
 [ 0  0  0 66  0  0  0]
 [ 0  0  0  1 49  0  0]
 [ 1  0  0  0  0 35  1]
 [ 0  0  0  0  0  0 30]]";0.8597256857855362;0.8455247017093809;"[[179   5   0   8   5   5   6]
 [  2 102   5   2   1   1   0]
 [  2   1 260   5   1   2   0]
 [ 23   7  11 412  23   3   5]
 [ 20   1   0  16 216   0   2]
 [ 15   4   5   4   0 138   6]
 [ 20   0   1   2   0   6  72]]";0.8347613219094248;0.8170515588554768;"[[ 88   2   0  10   0   0   6]
 [  3  55   3   4   1   0   0]
 [  1   3 120   1   1   0   0]
 [  9   4   3 205  23   1   1]
 [  5   2   0   7 114   0   0]
 [ 12   3   2   5   1  63   4]
 [ 11   0   1   0   0   6  37]]";287;[38 31 35 66 50 37 30]
957;Cora;own;0.5;0.2;64;0.5;1;0.005;1751207849;0.9829931972789115;0.9820796345034294;"[[38  0  0  0  0  0  0]
 [ 0 31  1  0  0  0  0]
 [ 0  0 36  0  0  0  0]
 [ 0  0  0 67  0  0  0]
 [ 0  0  0  1 50  0  0]
 [ 1  0  0  0  0 36  1]
 [ 0  0  0  1  0  0 31]]";0.8659987476518473;0.8533663325014281;"[[175   5   0  12   4   4   8]
 [  1 103   3   3   1   1   0]
 [  2   1 259   5   1   2   0]
 [ 21   7  10 415  22   3   5]
 [ 19   1   0  15 217   0   2]
 [ 13   4   5   4   0 140   5]
 [ 14   0   1   2   0   8  74]]";0.8310893512851897;0.8125758989313422;"[[ 83   2   1  10   1   0   9]
 [  3  53   3   4   1   1   1]
 [  1   4 119   1   1   0   0]
 [  9   4   3 205  23   1   1]
 [  4   2   0   7 115   0   0]
 [  8   3   2   7   1  65   4]
 [  7   0   1   1   0   7  39]]";294;[38 32 36 67 51 38 32]
958;Cora;own;0.5;0.2;64;0.5;1;0.005;1751207849;0.9833887043189369;0.982417265006952;"[[38  0  0  0  0  0  0]
 [ 1 30  1  0  0  0  0]
 [ 0  0 36  0  0  0  0]
 [ 0  0  0 69  0  0  0]
 [ 1  0  0  1 50  0  0]
 [ 1  0  0  0  0 40  0]
 [ 0  0  0  0  0  0 33]]";0.8672955974842768;0.8541967350729102;"[[171   3   1  11   4   6   9]
 [  2 103   1   4   0   2   0]
 [  2   1 258   4   1   2   0]
 [ 22   7   7 413  22   7   5]
 [ 21   1   1  13 216   0   2]
 [ 10   2   2   4   0 146   6]
 [ 14   0   1   2   0   9  72]]";0.8445532435740514;0.8269905961455075;"[[ 84   2   1  10   0   1   8]
 [  3  53   2   4   0   4   0]
 [  1   3 120   1   1   0   0]
 [  9   4   3 207  20   1   2]
 [  5   2   1   6 114   0   0]
 [  7   0   1   4   1  73   4]
 [  6   0   1   0   0   9  39]]";301;[38 32 36 69 52 41 33]
959;Cora;own;0.5;0.2;64;0.5;1;0.005;1751207849;0.9805194805194806;0.9795666357707534;"[[38  0  0  0  0  0  0]
 [ 0 32  1  0  0  0  0]
 [ 1  0 37  0  0  1  0]
 [ 0  0  0 70  0  0  0]
 [ 1  0  0  1 51  0  0]
 [ 1  0  0  0  0 40  0]
 [ 0  0  0  0  0  0 34]]";0.8641819330385344;0.850669459580601;"[[171   4   0  12   4   2  12]
 [  2 102   1   4   0   2   0]
 [  1   1 257   4   1   3   0]
 [ 20   7   8 413  24   5   5]
 [ 19   1   1  16 214   0   2]
 [ 15   2   2   4   0 138   7]
 [ 13   0   1   2   0   8  73]]";0.847001223990208;0.830908920382264;"[[ 81   2   2  12   0   0   9]
 [  0  57   2   4   0   3   0]
 [  1   3 120   1   1   0   0]
 [  9   7   3 209  15   1   2]
 [  3   3   1   6 115   0   0]
 [  7   1   1   7   1  68   5]
 [  5   0   1   0   0   7  42]]";308;[38 33 39 70 53 41 34]
960;Cora;own;0.5;0.2;64;0.5;1;0.005;1751207849;0.9777777777777777;0.9763220483887848;"[[40  0  0  0  0  0  0]
 [ 0 32  2  0  0  0  0]
 [ 0  0 39  0  0  2  0]
 [ 0  0  0 72  0  0  0]
 [ 1  0  0  1 51  0  0]
 [ 1  0  0  0  0 40  0]
 [ 0  0  0  0  0  0 34]]";0.8642131979695431;0.851765381446869;"[[171   3   2  12   6   4   6]
 [  2 101   1   4   0   2   0]
 [  0   0 258   4   1   2   0]
 [ 21   7  10 408  26   3   5]
 [ 17   1   1  15 216   0   2]
 [ 16   2   2   4   0 139   5]
 [ 15   0   1   2   0  10  69]]";0.8396572827417381;0.8244794419374559;"[[ 83   2   2  13   0   0   6]
 [  1  55   4   4   0   2   0]
 [  0   2 122   1   1   0   0]
 [  9   6   4 204  20   1   2]
 [  4   3   1   5 115   0   0]
 [ 11   0   1   5   2  69   2]
 [  8   0   1   0   0   8  38]]";315;[40 34 41 72 53 41 34]
961;Cora;own;0.5;0.2;64;0.5;1;0.005;1751207849;0.9782608695652174;0.9758890332839707;"[[41  0  0  0  0  0  0]
 [ 0 33  2  0  0  0  0]
 [ 0  0 39  0  0  2  0]
 [ 0  0  0 74  0  0  0]
 [ 0  0  0  1 53  0  0]
 [ 1  0  0  0  0 39  1]
 [ 0  0  0  0  0  0 36]]";0.8655194391332058;0.8529771923547175;"[[171   2   2  12   5   4   7]
 [  2 100   1   4   0   2   0]
 [  1   1 255   4   1   2   0]
 [ 21   5   4 414  26   4   5]
 [ 15   1   0  19 212   0   4]
 [ 17   2   2   5   0 135   7]
 [ 15   0   1   1   0   7  71]]";0.8421052631578947;0.8274923757756857;"[[ 82   2   1  12   0   0   9]
 [  1  54   4   4   0   2   1]
 [  1   2 121   1   1   0   0]
 [  9   4   3 208  19   1   2]
 [  4   3   0   7 114   0   0]
 [ 11   0   1   6   2  66   4]
 [  5   0   1   0   0   6  43]]";322;[41 35 41 74 54 41 36]
962;Cora;own;0.5;0.2;64;0.5;1;0.005;1751207849;0.9787234042553191;0.9775063653484748;"[[41  0  0  0  0  0  0]
 [ 0 34  2  0  0  0  0]
 [ 0  0 40  0  0  2  0]
 [ 1  0  0 76  0  0  0]
 [ 0  0  0  1 54  0  0]
 [ 1  0  0  0  0 41  0]
 [ 0  0  0  0  0  0 36]]";0.8713188220230473;0.8574317261640443;"[[167   4   2  13   5   5   7]
 [  1 100   0   4   0   2   0]
 [  1   1 256   4   1   2   0]
 [ 16   5   3 420  23   5   3]
 [ 14   1   0  21 209   1   4]
 [ 13   2   2   5   0 139   6]
 [ 14   0   1   1   0   9  70]]";0.8445532435740514;0.8290887287663881;"[[ 80   2   2  12   0   1   9]
 [  0  56   3   4   0   3   0]
 [  1   3 120   1   1   0   0]
 [  9   5   3 210  16   1   2]
 [  4   3   0   8 113   0   0]
 [  6   1   2   7   1  70   3]
 [  5   0   1   0   0   8  41]]";329;[41 36 42 77 55 42 36]
963;Cora;own;0.5;0.2;64;0.5;1;0.005;1751207849;0.9702380952380952;0.9689757288959706;"[[42  0  0  0  1  0  1]
 [ 0 35  1  0  0  0  0]
 [ 0  0 41  0  0  2  0]
 [ 2  0  0 77  0  0  0]
 [ 0  0  0  1 55  0  0]
 [ 1  0  0  0  0 40  1]
 [ 0  0  0  0  0  0 36]]";0.8694533762057878;0.8565603265778535;"[[171   2   2  12   4   5   6]
 [  2  97   1   4   1   1   0]
 [  1   1 255   4   1   2   0]
 [ 19   6   3 413  26   3   2]
 [ 15   1   0  19 211   0   3]
 [ 16   2   2   5   0 136   6]
 [ 17   0   1   1   0   7  69]]";0.835985312117503;0.8184457702681807;"[[ 84   2   0  10   1   0   9]
 [  1  54   4   4   1   1   1]
 [  1   3 120   1   1   0   0]
 [  9   6   3 205  20   1   2]
 [  4   3   0   7 114   0   0]
 [ 10   1   2   6   1  65   5]
 [  6   0   1   0   0   7  41]]";336;[44 36 43 79 56 42 36]
964;Cora;own;0.5;0.2;64;0.5;1;0.005;1751207849;0.9737609329446064;0.9712771198545768;"[[43  0  0  0  0  0  1]
 [ 0 35  2  0  0  0  0]
 [ 0  0 43  0  0  2  0]
 [ 1  0  0 80  0  0  0]
 [ 0  0  0  1 56  0  0]
 [ 1  0  0  0  0 40  1]
 [ 0  0  0  0  0  0 37]]";0.875968992248062;0.8643400157785167;"[[167   4   2  12   5   5   6]
 [  1  97   1   3   2   1   0]
 [  0   0 257   4   1   1   0]
 [ 15   7   4 418  22   3   2]
 [ 15   1   0  21 208   0   3]
 [ 10   2   1  10   0 136   7]
 [ 11   0   2   1   0   7  73]]";0.8347613219094248;0.8196367630969676;"[[ 81   2   3  12   0   0   8]
 [  0  53   5   4   2   1   1]
 [  0   2 122   1   1   0   0]
 [  9   6   3 207  18   1   2]
 [  4   3   0   9 112   0   0]
 [  6   1   2  11   1  65   4]
 [  4   0   1   0   0   8  42]]";343;[44 37 45 81 57 42 37]
965;Cora;own;0.5;0.2;64;0.5;1;0.005;1751207849;0.9771428571428571;0.9766954049764248;"[[43  0  0  0  0  0  1]
 [ 0 37  1  0  0  0  0]
 [ 0  0 45  0  0  1  0]
 [ 1  0  0 82  1  0  0]
 [ 0  0  0  1 57  0  0]
 [ 1  0  1  0  0 41  0]
 [ 0  0  0  0  0  0 37]]";0.872809863724854;0.8622320567347888;"[[166   4   2  11   6   5   3]
 [  1  97   1   3   1   1   0]
 [  0   2 256   3   1   0   0]
 [ 16   8   4 414  25   3   2]
 [ 18   1   0  19 207   0   3]
 [ 12   2   3  10   0 133   5]
 [ 11   0   1   1   0   8  72]]";0.8347613219094248;0.8193728707155679;"[[ 84   2   2  11   0   0   7]
 [  1  53   4   4   2   2   0]
 [  1   3 120   1   1   0   0]
 [  9   6   3 206  19   1   2]
 [  4   3   0   8 113   0   0]
 [  6   1   2  11   1  66   3]
 [  6   0   1   0   0   8  40]]";350;[44 38 46 84 58 43 37]
966;Cora;own;0.5;0.2;64;0.5;1;0.005;1751207849;0.9775910364145658;0.9765778192255526;"[[44  0  0  0  0  0  1]
 [ 0 38  1  0  0  0  0]
 [ 0  0 46  0  0  1  0]
 [ 1  1  0 83  0  0  0]
 [ 0  0  0  1 58  0  0]
 [ 1  0  1  0  0 42  0]
 [ 0  0  0  0  0  0 38]]";0.8741851368970013;0.8624694493380657;"[[163   4   2  13   6   5   3]
 [  1  96   1   3   1   1   0]
 [  0   1 255   3   1   1   0]
 [ 15   8   3 415  24   3   3]
 [ 15   1   0  18 209   0   4]
 [ 12   2   3  10   0 130   7]
 [ 10   0   1   1   0   7  73]]";0.8347613219094248;0.818451343665565;"[[ 81   2   2  12   0   1   8]
 [  1  52   4   4   2   2   1]
 [  1   3 120   1   1   0   0]
 [  7   6   3 209  19   1   1]
 [  4   3   0   8 113   0   0]
 [  5   1   2  12   1  65   4]
 [  5   0   1   0   0   7  42]]";357;[45 39 47 85 59 44 38]
967;Cora;own;0.5;0.2;64;0.5;1;0.005;1751207849;0.978021978021978;0.9764478582183009;"[[45  0  0  0  0  0  1]
 [ 0 38  2  0  0  0  0]
 [ 0  0 48  0  0  0  0]
 [ 1  0  0 85  0  0  0]
 [ 0  0  0  1 59  0  1]
 [ 1  0  1  0  0 43  0]
 [ 0  0  0  0  0  0 38]]";0.8716437459070072;0.8609091092887654;"[[161   4   4  13   5   6   2]
 [  1  95   1   3   1   1   0]
 [  0   1 254   3   1   1   0]
 [ 15   7   6 413  25   2   2]
 [ 15   1   0  19 207   0   3]
 [ 12   2   3  10   0 130   6]
 [ 11   0   1   1   0   8  71]]";0.835985312117503;0.8200659725042652;"[[ 79   2   3  14   0   1   7]
 [  1  52   5   4   2   2   0]
 [  0   3 121   1   1   0   0]
 [  8   4   3 210  19   1   1]
 [  4   3   0   7 114   0   0]
 [  6   0   2  11   1  66   4]
 [  5   0   1   0   0   8  41]]";364;[46 40 48 86 61 45 38]
968;Cora;own;0.5;0.2;64;0.5;1;0.005;1751207849;0.9757412398921833;0.9748534479612966;"[[46  0  0  1  0  0  0]
 [ 0 40  1  0  1  1  0]
 [ 0  0 49  0  0  0  0]
 [ 1  0  0 86  0  0  0]
 [ 0  0  0  1 59  0  1]
 [ 1  0  1  0  0 43  0]
 [ 0  0  0  0  0  0 39]]";0.8690789473684211;0.8567119023347376;"[[161   4   2  12   6   4   4]
 [  1  95   0   3   0   0   0]
 [  0   2 252   3   1   1   0]
 [ 16   8   4 411  26   2   4]
 [ 16   1   0  19 205   0   4]
 [ 13   2   3  10   0 129   6]
 [ 14   0   1   1   0   6  68]]";0.835985312117503;0.8238588022062387;"[[ 79   2   3  14   0   1   7]
 [  0  56   4   4   2   0   0]
 [  1   3 120   1   1   0   0]
 [  9   4   3 207  20   1   2]
 [  4   3   0   7 114   0   0]
 [  6   1   2  11   1  65   4]
 [  5   0   1   0   0   7  42]]";371;[47 43 49 87 61 45 39]
969;Cora;own;0.5;0.2;64;0.5;1;0.005;1751207849;0.9708994708994709;0.968472123890199;"[[47  0  0  0  0  1  0]
 [ 0 41  1  0  1  0  0]
 [ 0  0 51  0  0  0  0]
 [ 1  0  0 87  0  0  0]
 [ 0  0  0  1 60  0  2]
 [ 2  0  1  0  0 42  1]
 [ 0  0  0  0  0  0 39]]";0.8704560475875743;0.8561931272577102;"[[156   4   3  13   6   4   7]
 [  1  94   1   3   0   0   0]
 [  0   0 255   2   1   1   0]
 [ 13   3   6 418  25   2   6]
 [ 15   1   0  22 198   0   3]
 [  9   2   3  10   0 131   8]
 [ 11   0   1   2   0   8  65]]";0.8396572827417381;0.8260324473571081;"[[ 78   2   3  15   0   1   7]
 [  0  55   4   5   2   0   0]
 [  0   3 122   1   0   0   0]
 [  8   4   3 212  16   1   2]
 [  4   3   0   9 112   0   0]
 [  5   1   2  12   1  65   4]
 [  5   0   1   0   0   7  42]]";378;[48 43 51 88 63 46 39]
970;Cora;own;0.5;0.2;64;0.5;1;0.005;1751207849;0.9714285714285714;0.9679935561435232;"[[48  0  0  0  0  1  0]
 [ 0 42  1  0  1  0  0]
 [ 0  0 52  0  0  0  0]
 [ 0  0  0 89  0  0  0]
 [ 0  0  0  1 61  0  2]
 [ 2  0  1  0  0 42  2]
 [ 0  0  0  0  0  0 40]]";0.8698539176626826;0.8547095205579892;"[[156   4   2  16   6   3   6]
 [  1  94   0   3   0   0   0]
 [  0   2 253   1   1   1   0]
 [ 11   3   6 418  25   2   6]
 [ 16   0   0  21 199   0   2]
 [ 11   3   3  11   0 127   7]
 [ 11   1   1   3   0   7  63]]";0.8482252141982864;0.8359826918152675;"[[ 78   2   3  16   0   0   7]
 [  1  55   4   4   2   0   0]
 [  0   3 121   1   1   0   0]
 [  7   5   3 216  14   0   1]
 [  3   2   0   9 114   0   0]
 [  5   1   2  12   1  66   3]
 [  6   0   1   0   0   5  43]]";385;[49 44 52 89 64 47 40]
971;Cora;own;0.5;0.2;64;0.5;1;0.005;1751207849;0.9744897959183674;0.9718198907916331;"[[48  1  0  0  0  1  0]
 [ 0 43  1  0  0  0  0]
 [ 0  1 53  0  0  0  0]
 [ 0  0  0 91  0  0  0]
 [ 0  0  0  1 62  0  2]
 [ 2  0  1  0  0 45  0]
 [ 0  0  0  0  0  0 40]]";0.8745830553702468;0.8568020803395504;"[[156   5   2  11   6   8   3]
 [  2  94   0   3   0   0   0]
 [  0   1 252   1   1   1   0]
 [ 11   7   5 419  21   2   4]
 [ 17   1   0  20 196   1   2]
 [ 10   2   3   8   0 133   5]
 [ 10   1   1   2   0  11  61]]";0.8445532435740514;0.8309146170173624;"[[ 78   2   3  15   0   1   7]
 [  0  57   4   4   1   0   0]
 [  0   3 122   1   0   0   0]
 [  8   6   3 212  14   1   2]
 [  4   3   0   9 112   0   0]
 [  6   1   2  10   1  68   2]
 [  3   0   1   0   0  10  41]]";392;[50 44 54 91 65 48 40]
972;Cora;own;0.5;0.2;64;0.5;1;0.005;1751207849;0.9699248120300752;0.9662575466931927;"[[50  0  1  0  0  1  1]
 [ 0 42  2  0  0  0  0]
 [ 0  1 54  0  0  0  0]
 [ 0  0  0 92  0  0  0]
 [ 0  0  0  1 64  0  1]
 [ 2  0  1  0  0 44  1]
 [ 0  0  0  0  0  0 41]]";0.8806970509383378;0.8681864172060774;"[[157   3   1  15   6   3   4]
 [  2  92   1   4   0   0   0]
 [  0   0 252   1   1   1   0]
 [  9   5   4 422  24   2   2]
 [ 15   0   0  21 198   0   1]
 [ 11   2   3  10   0 129   6]
 [ 11   0   1   2   0   7  64]]";0.8457772337821298;0.8299377297227564;"[[ 78   2   3  14   1   1   7]
 [  1  54   5   4   1   0   1]
 [  0   3 121   1   1   0   0]
 [  7   5   3 215  14   0   2]
 [  3   2   0   7 116   0   0]
 [  7   1   2  12   1  65   2]
 [  6   0   1   0   0   6  42]]";399;[53 44 55 92 66 48 41]
973;Cora;own;0.5;0.2;64;0.5;1;0.005;1751207849;0.9729064039408867;0.9703340804783898;"[[52  0  0  0  0  1  0]
 [ 0 44  1  0  0  0  0]
 [ 0  1 55  0  0  0  0]
 [ 0  0  0 93  0  0  0]
 [ 2  0  0  1 65  0  0]
 [ 2  0  1  0  0 45  1]
 [ 1  0  0  0  0  0 41]]";0.8794612794612795;0.8658219333236505;"[[161   2   1  14   7   3   2]
 [  2  92   1   3   0   0   0]
 [  0   1 250   1   1   1   0]
 [  9   5   4 418  26   2   2]
 [ 14   0   0  20 198   0   1]
 [ 12   2   3  10   0 126   7]
 [ 12   1   1   2   1   6  61]]";0.8445532435740514;0.8307807832773;"[[ 80   2   2  14   1   0   7]
 [  1  56   4   4   1   0   0]
 [  1   3 120   1   1   0   0]
 [  7   5   3 213  15   1   2]
 [  4   3   0   7 114   0   0]
 [  7   1   2  11   1  65   3]
 [  7   0   1   0   0   5  42]]";406;[53 45 56 93 68 49 42]
974;Cora;own;0.5;0.2;64;0.5;1;0.005;1751207849;0.9733656174334141;0.9707905002540146;"[[54  0  1  0  0  0  0]
 [ 0 45  1  0  0  0  0]
 [ 0  1 56  0  0  0  0]
 [ 0  0  0 94  0  0  0]
 [ 1  0  0  1 65  0  1]
 [ 2  0  1  0  0 46  1]
 [ 1  0  0  0  0  0 42]]";0.8788903924221921;0.8648032529846803;"[[152   3   1  16   8   4   4]
 [  2  89   1   4   0   0   0]
 [  0   1 249   1   1   1   0]
 [  8   5   5 425  19   3   2]
 [ 13   0   0  23 194   1   1]
 [ 10   3   3  10   0 125   8]
 [  7   0   2   1   1   7  65]]";0.8555691554467564;0.8409057002934806;"[[ 79   2   3  13   2   0   7]
 [  1  54   5   4   1   0   1]
 [  0   3 122   1   0   0   0]
 [  4   5   4 219  11   1   2]
 [  3   3   0   8 114   0   0]
 [  5   1   2  12   1  65   4]
 [  4   0   1   0   0   4  46]]";413;[55 46 57 94 68 50 43]
975;Cora;own;0.5;0.2;64;0.5;1;0.005;1751207849;0.9666666666666667;0.9646296659605763;"[[57  0  0  0  0  0  0]
 [ 0 46  1  0  0  0  0]
 [ 0  1 56  0  0  0  0]
 [ 1  0  0 95  1  0  0]
 [ 1  0  0  1 65  0  1]
 [ 4  0  1  0  0 45  1]
 [ 1  0  0  0  0  0 42]]";0.8776342624065262;0.8585328352684556;"[[154   3   1  13   9   3   3]
 [  1  87   1   4   0   0   0]
 [  0   1 247   1   1   1   0]
 [ 12   4   4 428  16   2   2]
 [ 15   0   0  20 196   0   1]
 [ 14   3   3  10   0 120   8]
 [ 14   1   1   2   1   5  59]]";0.8543451652386781;0.8384169973629187;"[[ 82   2   2  11   2   0   7]
 [  1  54   5   4   1   0   1]
 [  1   3 120   1   1   0   0]
 [  9   4   3 220   9   0   1]
 [  3   2   0   8 115   0   0]
 [  8   1   2  11   1  63   4]
 [  8   0   1   0   0   2  44]]";420;[57 47 57 97 68 51 43]
976;Cora;own;0.5;0.2;64;0.5;1;0.005;1416030975;0.0;0.0;[[]];0.04970914859862507;0.048847262281549626;"[[ 16  55   0   0   2 151  21]
 [ 16  19   0   0   2  97  17]
 [ 14  33   1   1   0 178  65]
 [ 22  55   8   2  17 424  44]
 [ 10  40   4   1   4 238   1]
 [ 52  80   4   4   2  38  28]
 [ 24  44   0   0   0  43  14]]";0.06242350061199511;0.06583446453793894;"[[ 10  19   0   0   0  66  11]
 [  7  11   0   1   1  40   6]
 [ 10  20   0   0   0  66  30]
 [ 16  19   5   1   4 190  11]
 [  1  22   2   0   5  96   2]
 [ 21  36   4   2   0  17  10]
 [  8  17   0   0   0  23   7]]";0;[]
977;Cora;own;0.5;0.2;64;0.5;1;0.005;1416030975;0.14285714285714285;0.0625;"[[0 1 0 0]
 [0 1 0 0]
 [0 2 0 0]
 [0 3 0 0]]";0.19692144373673037;0.055839294696759224;"[[  0   0 232   0   0   0   0]
 [  0   0 127   0   0   0   0]
 [  0   0 362   0   0   0   0]
 [  0   0 545   3   0   0   0]
 [  0   0 293   0   0   0   0]
 [  0   0 201   0   0   6   0]
 [  0   0 115   0   0   0   0]]";0.1554467564259486;0.041356277934985856;"[[  0   0 106   0   0   0   0]
 [  0   0  66   0   0   0   0]
 [  0   0 126   0   0   0   0]
 [  0   0 246   0   0   0   0]
 [  0   0 128   0   0   0   0]
 [  0   0  89   0   0   1   0]
 [  0   0  55   0   0   0   0]]";7;[1 0 1 2 0 3]
978;Cora;own;0.5;0.2;64;0.5;1;0.005;1416030975;0.8571428571428571;0.6807692307692308;"[[0 1 1 0]
 [0 2 0 0]
 [0 0 6 0]
 [0 0 0 4]]";0.4938732019179542;0.2698806192612175;"[[  0   0  99 125   0   8   0]
 [  0   0 115   9   0   0   0]
 [  0   0 348   5   0   5   0]
 [  0   0 107 447   0   4   0]
 [  0   0  15 246   0  24   0]
 [  0   0  48  25   0 132   0]
 [  0   0  70  29   0  16   0]]";0.4479804161566707;0.254947119924005;"[[  0   0  46  58   0   2   0]
 [  0   0  63   3   0   0   0]
 [  0   0 124   2   0   0   0]
 [  0   0  59 186   0   1   0]
 [  0   0  12 106   0  10   0]
 [  0   0  22  12   0  56   0]
 [  0   0  34  16   0   5   0]]";14;[2 0 2 6 0 4]
979;Cora;own;0.5;0.2;64;0.5;1;0.005;1416030975;0.6190476190476191;0.35177404295051357;"[[0 0 2 2 0 0]
 [0 0 1 0 0 0]
 [0 0 2 0 0 0]
 [0 0 0 6 0 2]
 [0 0 0 1 0 0]
 [0 0 0 0 0 5]]";0.42245989304812837;0.23511348564048173;"[[  0   0 146 119   0 100   0]
 [  0   0 123   7   0   8   0]
 [  0   0 329   1   0   6   0]
 [  0   0 179 265   0  27   0]
 [  0   0  53 118   0  66   0]
 [  0   0  23   3   0 196   0]
 [  0   0  35   8   0  58   0]]";0.4149326805385557;0.2272073914954976;"[[  0   0  54  13   0  39   0]
 [  0   0  61   2   0   3   0]
 [  0   0 125   1   0   0   0]
 [  0   0  92 140   0  14   0]
 [  0   0  33  60   0  35   0]
 [  0   0  16   0   0  74   0]
 [  0   0  18   3   0  34   0]]";21;[4 1 2 8 1 5]
980;Cora;own;0.5;0.2;64;0.5;1;0.005;1416030975;0.6428571428571429;0.3671497584541063;"[[ 0  0  2  1  0  1]
 [ 0  0  1  0  0  0]
 [ 0  0  3  0  0  0]
 [ 0  0  0 10  0  1]
 [ 0  0  0  1  0  3]
 [ 0  0  0  0  0  5]]";0.42673107890499196;0.23387999483239338;"[[  0   0 105  90   0 157   0]
 [  0   0 115   5   0  17   0]
 [  0   0 330   1   0   9   0]
 [  0   0 152 260   0  56   0]
 [  0   0  37 100   0 110   0]
 [  0   0  12   1   0 205   0]
 [  0   0  30   5   0  66   0]]";0.4039167686658507;0.2195042002842404;"[[  0   0  36  10   0  60   0]
 [  0   0  57   2   0   7   0]
 [  0   0 124   1   0   1   0]
 [  0   0  85 125   0  36   0]
 [  0   0  28  48   0  52   0]
 [  0   0   9   0   0  81   0]
 [  0   0  14   1   0  40   0]]";28;[ 4  1  3 11  4  5]
981;Cora;own;0.5;0.2;64;0.5;1;0.005;1416030975;0.6;0.3384813384813385;"[[ 0  0  1  4  0  0  0]
 [ 0  0  1  0  0  0  0]
 [ 0  0  3  0  0  0  0]
 [ 0  0  0 13  0  0  0]
 [ 0  0  1  6  0  0  0]
 [ 0  0  0  0  0  5  0]
 [ 0  0  0  1  0  0  0]]";0.46282327586206895;0.2602953523625007;"[[  0   0 139 182   0  35   0]
 [  0   0 114  12   0   9   0]
 [  0   0 334   2   0   2   0]
 [  0   0 107 342   0  17   0]
 [  0   0  67 126   0  51   0]
 [  0   0  29   6   0 183   0]
 [  0   0  27  30   0  42   0]]";0.4430844553243574;0.24567369405771217;"[[  0   0  48  47   0  11   0]
 [  0   0  58   6   0   2   0]
 [  0   0 125   1   0   0   0]
 [  0   0  71 167   0   8   0]
 [  0   0  40  66   0  22   0]
 [  0   0  16   4   0  70   0]
 [  0   0  24   5   0  26   0]]";35;[ 5  1  3 13  7  5  1]
982;Cora;own;0.5;0.2;64;0.5;1;0.005;1416030975;0.5714285714285714;0.3639126830616192;"[[ 0  0  0  6  0  0  0]
 [ 0  0  0  1  0  0  0]
 [ 0  0  4  0  0  0  0]
 [ 0  0  0 15  0  0  0]
 [ 0  0  0  9  0  0  0]
 [ 0  0  0  0  0  5  0]
 [ 0  0  0  1  0  1  0]]";0.5608436992969172;0.32110915591885103;"[[  0   0  12 272   0  13   0]
 [  0   0  12  76   0   0   0]
 [  0   0 305  19   0   3   0]
 [  0   0  12 565   0   6   0]
 [  0   0   3 219   0  27   0]
 [  0   0   5  37   0 167   0]
 [  0   0   0  63   0  33   0]]";0.5091799265605875;0.3010261599454235;"[[  0   0  10  90   0   6   0]
 [  0   0   7  58   0   1   0]
 [  0   0 117   9   0   0   0]
 [  0   0   9 234   0   3   0]
 [  0   0   0 120   0   8   0]
 [  0   0   2  23   0  65   0]
 [  0   0   4  33   0  18   0]]";42;[ 6  1  4 15  9  5  2]
983;Cora;own;0.5;0.2;64;0.5;1;0.005;1416030975;0.5714285714285714;0.3265503875968992;"[[ 0  0  2  4  0  1  0]
 [ 0  0  0  1  0  0  0]
 [ 0  0  5  0  0  0  0]
 [ 0  0  0 16  0  0  0]
 [ 0  0  3  6  1  1  0]
 [ 0  0  0  0  0  6  0]
 [ 0  0  1  0  0  2  0]]";0.5575461454940283;0.294340758785708;"[[  0   0  74 163   0  41   0]
 [  0   0  17  68   0   0   0]
 [  0   0 320   3   0   2   0]
 [  0   0  68 530   0   7   0]
 [  0   0  41 147   0  58   0]
 [  0   0  18  14   0 177   0]
 [  0   0  25  25   0  44   0]]";0.48959608323133413;0.26559135882931567;"[[  0   0  37  54   0  15   0]
 [  0   0   9  56   0   1   0]
 [  0   0 124   2   0   0   0]
 [  0   0  33 208   0   5   0]
 [  0   0  24  80   0  24   0]
 [  0   0  14   8   0  68   0]
 [  0   0  22   6   0  27   0]]";49;[ 7  1  5 16 11  6  3]
984;Cora;own;0.5;0.2;64;0.5;1;0.005;1416030975;0.5535714285714286;0.35796099325511094;"[[ 1  0  0  7  0  0  0]
 [ 0  0  0  1  0  0  0]
 [ 0  0  6  0  0  0  0]
 [ 0  0  0 18  0  0  0]
 [ 0  0  1 10  0  3  0]
 [ 0  0  0  0  0  6  0]
 [ 0  0  0  1  0  2  0]]";0.5738419618528611;0.31533699568182977;"[[  0   0  29 214   0  26   0]
 [  0   0  16  69   0   0   0]
 [  0   0 319   4   0   1   0]
 [  0   0  43 556   0   2   0]
 [  0   0  10 202   1  40   0]
 [  0   0  13  19   0 177   0]
 [  0   0  12  42   0  40   0]]";0.49571603427172584;0.2798238071779264;"[[  0   0  15  79   0  12   0]
 [  0   0   8  57   0   1   0]
 [  0   0 123   3   0   0   0]
 [  0   0  25 218   0   3   0]
 [  0   0   5 108   0  15   0]
 [  0   0   8  18   0  64   0]
 [  0   0  11  19   0  25   0]]";56;[ 8  1  6 18 14  6  3]
985;Cora;own;0.5;0.2;64;0.5;1;0.005;1416030975;0.9047619047619048;0.6723895299746693;"[[ 9  0  0  0  0  0  0]
 [ 1  0  0  0  0  0  0]
 [ 0  0  7  0  0  0  0]
 [ 0  0  0 18  0  0  0]
 [ 1  0  0  1 16  0  0]
 [ 0  0  0  0  0  7  0]
 [ 2  0  0  1  0  0  0]]";0.7171772428884027;0.5352931479312606;"[[232   0   7  28   0   6   0]
 [  7   0  13  91   0   0   0]
 [  3   0 314   5   0   0   0]
 [ 48   0  29 476   2   4   0]
 [ 57   0   2  70 110   9   0]
 [ 19   0   9  13   0 179   0]
 [ 40   0   2  24   0  29   0]]";0.6487148102815178;0.500315546991397;"[[ 86   0   3  15   0   2   0]
 [  7   0   7  51   0   1   0]
 [  3   0 119   4   0   0   0]
 [ 23   0  21 197   2   3   0]
 [ 26   0   0  37  61   4   0]
 [ 16   0   4   3   0  67   0]
 [ 26   0   6  10   0  13   0]]";63;[ 9  1  7 18 18  7  3]
986;Cora;own;0.5;0.2;64;0.5;1;0.005;1416030975;0.8857142857142857;0.6507706996428801;"[[10  0  0  0  0  0  0]
 [ 0  0  0  0  0  1  0]
 [ 0  0  8  0  0  0  0]
 [ 0  0  0 19  0  0  0]
 [ 1  0  0  1 17  0  0]
 [ 0  0  0  0  0  8  0]
 [ 0  0  3  0  0  2  0]]";0.7182866556836903;0.5366466378474056;"[[226   0   6  20   0  20   0]
 [  7   0  13  83   0  11   0]
 [  0   0 313   3   0   2   0]
 [ 47   0  33 434   3  26   0]
 [ 51   0   2  49 124  18   0]
 [  8   0   8  10   0 211   0]
 [  8   0  16   8   0  61   0]]";0.6438188494492044;0.49041187633290356;"[[ 76   0   4  12   0  14   0]
 [  7   0   8  46   0   5   0]
 [  3   0 122   1   0   0   0]
 [ 29   0  22 186   1   8   0]
 [ 20   0   1  31  65  11   0]
 [  9   0   3   1   0  77   0]
 [  6   0  12   2   0  35   0]]";70;[10  1  8 19 19  8  5]
987;Cora;own;0.5;0.2;64;0.5;1;0.005;1416030975;0.8441558441558441;0.6323556143105016;"[[10  0  0  0  0  1  0]
 [ 1  0  0  1  0  0  0]
 [ 0  0  9  0  0  0  0]
 [ 1  0  0 19  0  0  0]
 [ 0  0  0  1 19  0  0]
 [ 0  0  0  0  0  8  0]
 [ 2  0  1  1  0  3  0]]";0.7199558985667034;0.537961250956217;"[[224   0   8  25   0  25   0]
 [ 10   0  12  84   0   9   0]
 [  0   0 310   4   0   2   0]
 [ 56   0  24 446   2  20   0]
 [ 44   0   2  57 127  16   0]
 [  7   0   8  10   0 199   0]
 [ 14   0  12  12   0  45   0]]";0.653610771113831;0.5021532562836555;"[[ 82   0   3  11   0  10   0]
 [  7   0   8  46   0   5   0]
 [  3   0 122   1   0   0   0]
 [ 33   0  20 187   1   5   0]
 [ 20   0   1  35  68   4   0]
 [ 11   0   2   2   0  75   0]
 [ 10   0  14   4   0  27   0]]";77;[11  2  9 20 20  8  7]
988;Cora;own;0.5;0.2;64;0.5;1;0.005;1416030975;0.8333333333333334;0.6345306519522547;"[[11  0  0  0  0  0  0]
 [ 2  0  0  1  0  0  0]
 [ 0  0 10  0  0  0  0]
 [ 1  0  0 19  0  0  0]
 [ 0  0  0  1 20  0  0]
 [ 0  0  0  0  0 10  0]
 [ 1  0  7  0  0  1  0]]";0.7426674045379081;0.5641693585576658;"[[241   0   6  17   0  14   0]
 [ 13   0  11  83   1  15   0]
 [  0   0 311   4   0   2   0]
 [ 60   0  26 437   5  18   0]
 [ 35   0   2  41 152  13   0]
 [  9   0   8   4   0 200   0]
 [ 16   0  16   8   0  38   1]]";0.6597307221542228;0.5099227105866043;"[[ 83   0   3  12   0   8   0]
 [  7   0   9  44   0   6   0]
 [  3   0 122   1   0   0   0]
 [ 35   0  20 182   4   5   0]
 [ 19   0   0  27  78   4   0]
 [ 11   0   3   2   0  74   0]
 [ 16   0  14   3   0  22   0]]";84;[11  3 10 20 21 10  9]
989;Cora;own;0.5;0.2;64;0.5;1;0.005;1416030975;0.9340659340659341;0.8126443829173858;"[[11  0  0  0  0  0  0]
 [ 2  0  0  1  0  0  0]
 [ 0  0 11  0  0  0  0]
 [ 0  0  0 22  0  0  0]
 [ 0  0  0  1 21  0  0]
 [ 0  0  0  0  0 10  0]
 [ 2  0  0  0  0  0 10]]";0.7561111111111111;0.6106127585194043;"[[236   0   7  16   0  13   0]
 [ 13   0  11  80   1  16   0]
 [  0   0 308   3   0   2   0]
 [ 51   0  24 453   4  18   0]
 [ 27   0   2  50 147  14   0]
 [  8   0   8   3   0 202   0]
 [ 33   0   3   6   0  26  15]]";0.6621787025703795;0.5357624501631718;"[[ 82   0   4  12   0   8   0]
 [  7   0   9  43   0   7   0]
 [  3   0 122   1   0   0   0]
 [ 36   0  19 184   4   3   0]
 [ 19   0   0  28  73   8   0]
 [  8   0   4   4   0  74   0]
 [ 22   0   7   4   0  16   6]]";91;[11  3 11 22 22 10 12]
990;Cora;own;0.5;0.2;64;0.5;1;0.005;1416030975;0.9285714285714286;0.808703623293289;"[[11  0  0  0  0  0  0]
 [ 0  0  0  2  0  1  0]
 [ 0  0 11  0  0  0  0]
 [ 0  0  0 22  1  0  0]
 [ 0  0  0  0 23  0  0]
 [ 0  0  0  0  0 12  0]
 [ 0  0  0  0  0  3 12]]";0.7373117679866146;0.5929350592700992;"[[213   0   8  18   1  17   0]
 [  6   0  13  75   2  21   0]
 [  0   0 306   3   0   2   0]
 [ 43   0  29 416   5  20   0]
 [ 21   0   3  59 167  22   0]
 [  8   0   6   7   1 205   0]
 [ 23   0   1   7   0  50  15]]";0.6682986536107711;0.5540366768743384;"[[ 74   0   6  11   0  15   0]
 [  6   0  10  40   1   9   0]
 [  1   0 122   1   0   2   0]
 [ 31   0  21 179   8   7   0]
 [ 14   0   1  21  84   8   0]
 [  7   0   3   4   0  76   0]
 [ 11   0   3   2   0  28  11]]";98;[11  3 11 23 23 12 15]
991;Cora;own;0.5;0.2;64;0.5;1;0.005;1416030975;0.9333333333333333;0.8092837134853941;"[[13  0  0  0  0  0  0]
 [ 1  0  0  2  0  0  0]
 [ 0  0 11  0  0  0  0]
 [ 0  0  0 24  0  0  0]
 [ 0  0  0  0 24  0  0]
 [ 0  0  0  0  0 13  0]
 [ 1  0  0  1  0  2 13]]";0.7368421052631579;0.5902792905726788;"[[213   0   5  18   1  21   0]
 [  6   0  13  76   2  20   0]
 [  0   0 299   5   0   3   0]
 [ 46   0  22 424   3  14   0]
 [ 23   0   3  66 166  14   0]
 [  9   0   8   6   1 200   0]
 [ 28   0   0   9   0  48  14]]";0.6878824969400245;0.5709608269008717;"[[ 75   0   3  14   0  14   0]
 [  8   0   8  43   1   6   0]
 [  1   0 122   1   0   2   0]
 [ 32   0  15 189   6   4   0]
 [ 13   0   0  22  88   5   0]
 [  8   0   2   3   0  77   0]
 [ 12   0   3   2   0  27  11]]";105;[13  3 11 24 24 13 17]
992;Cora;own;0.5;0.2;64;0.5;1;0.005;1416030975;0.9375;0.8110079575596817;"[[14  0  0  0  0  0  0]
 [ 1  0  0  2  0  0  0]
 [ 0  0 12  0  0  0  0]
 [ 0  0  0 25  0  0  0]
 [ 0  0  0  0 26  0  0]
 [ 0  0  0  0  0 14  0]
 [ 3  0  0  0  0  1 14]]";0.7532321528948848;0.6017308149542803;"[[217   0   5  10   1  23   0]
 [ 13   0  10  70   2  17   0]
 [  1   0 301   3   0   3   0]
 [ 52   0  23 414   6  13   2]
 [ 23   0   3  38 196  10   0]
 [ 11   0   8   7   2 199   0]
 [ 29   0   3   7   0  44  13]]";0.6891064871481029;0.5741869054209581;"[[ 77   0   3  11   0  15   0]
 [ 10   0   9  40   2   5   0]
 [  1   0 122   1   0   2   0]
 [ 38   0  18 178   7   5   0]
 [ 13   0   0  13  99   3   0]
 [ 10   0   2   2   0  76   0]
 [ 18   0   2   1   0  23  11]]";112;[14  3 12 25 26 14 18]
993;Cora;own;0.5;0.2;64;0.5;1;0.005;1416030975;0.9663865546218487;0.8426823454632132;"[[15  0  0  0  0  0  0]
 [ 1  0  0  2  0  1  0]
 [ 0  0 12  0  0  0  0]
 [ 0  0  0 28  0  0  0]
 [ 0  0  0  0 27  0  0]
 [ 0  0  0  0  0 14  0]
 [ 0  0  0  0  0  0 19]]";0.7776523702031602;0.6893498914898444;"[[202   0   5   8   4  23   3]
 [ 12   0  13  77   9  25   0]
 [  1   0 296   2   0   3   0]
 [ 47   0  15 413  12  15   1]
 [ 18   0   4  30 208  10   1]
 [  6   0   9   3   2 182   7]
 [  8   0   1   2   1  17  77]]";0.7233782129742962;0.6428352377135393;"[[ 66   0   3  14   1  14   8]
 [ 12   0   7  40   2   5   0]
 [  1   0 122   1   0   2   0]
 [ 31   0   7 185  14   9   0]
 [  9   0   0  11 105   3   0]
 [  9   0   2   1   0  73   5]
 [  6   0   1   0   0   8  40]]";119;[15  4 12 28 27 14 19]
994;Cora;own;0.5;0.2;64;0.5;1;0.005;1416030975;0.9603174603174603;0.836943793911007;"[[15  0  0  0  0  0  0]
 [ 2  0  0  1  0  2  0]
 [ 0  0 13  0  0  0  0]
 [ 0  0  0 30  0  0  0]
 [ 0  0  0  0 28  0  0]
 [ 0  0  0  0  0 15  0]
 [ 0  0  0  0  0  0 20]]";0.775070821529745;0.6911467649348395;"[[195   0   5  10   5  25   1]
 [  9   0  13  72   7  31   0]
 [  1   0 299   6   0   3   0]
 [ 42   0  19 397  16  21   1]
 [ 16   0   4  30 212  10   0]
 [  5   0  10   2   2 184   4]
 [  5   0   2   1   1  18  81]]";0.7184822521419829;0.6385913418862367;"[[ 63   0   5  16   1  14   7]
 [ 11   0   7  38   2   8   0]
 [  1   0 122   1   0   2   0]
 [ 26   0  10 183  17  10   0]
 [  8   0   0  12 105   3   0]
 [  8   0   2   2   0  74   4]
 [  4   0   2   0   1   8  40]]";126;[15  5 13 30 28 15 20]
995;Cora;own;0.5;0.2;64;0.5;1;0.005;1416030975;0.9473684210526315;0.8318057166369373;"[[16  0  0  0  0  0  0]
 [ 2  0  0  1  1  3  0]
 [ 0  0 14  0  0  0  0]
 [ 0  0  0 31  0  0  0]
 [ 0  0  0  0 29  0  0]
 [ 0  0  0  0  0 16  0]
 [ 0  0  0  0  0  0 20]]";0.7650739476678043;0.6836252325732212;"[[188   0   6   9   3  27   2]
 [ 18   0  24  54   9  43   0]
 [  1   0 298   1   0   3   0]
 [ 48   0  23 394  23  19   0]
 [ 14   0   2  21 199  12   0]
 [  5   0  10   3   3 191   2]
 [  5   0   1   0   2  20  75]]";0.7184822521419829;0.6341340809723788;"[[ 66   0   5   9   1  20   5]
 [  9   0  10  26   2  19   0]
 [  1   0 122   1   0   2   0]
 [ 26   0  15 180  16   8   1]
 [  7   0   2  11 105   3   0]
 [  7   0   2   2   0  78   1]
 [  6   0   3   0   1   9  36]]";133;[16  7 14 31 29 16 20]
996;Cora;own;0.5;0.2;64;0.5;1;0.005;1416030975;0.9285714285714286;0.812566174795277;"[[17  0  0  1  0  1  0]
 [ 2  0  4  1  0  1  0]
 [ 0  0 15  0  0  0  0]
 [ 0  0  0 32  0  0  0]
 [ 0  0  0  0 29  0  0]
 [ 0  0  0  0  0 16  0]
 [ 0  0  0  0  0  0 21]]";0.7761279268989149;0.6854431931388602;"[[187   0   6   8   2  22   8]
 [ 20   0  31  50  11  24   0]
 [  0   0 317   1   0   4   0]
 [ 33   0  38 407  16  16   1]
 [ 16   0   2  24 195   8   2]
 [  4   0   7   3   4 173   5]
 [  8   0   1   0   2  15  80]]";0.7197062423500612;0.635834251397023;"[[ 67   0   7   8   1  15   8]
 [ 11   0  18  28   4   5   0]
 [  0   0 123   1   0   2   0]
 [ 23   0  23 184  11   4   1]
 [  7   0   5  13 102   1   0]
 [  6   0   5   2   0  72   5]
 [  6   0   2   0   1   6  40]]";140;[19  8 15 32 29 16 21]
997;Cora;own;0.5;0.2;64;0.5;1;0.005;1416030975;0.9251700680272109;0.8154645041968986;"[[19  0  0  1  0  0  1]
 [ 4  0  3  2  0  0  0]
 [ 0  0 15  0  0  0  0]
 [ 0  0  0 34  0  0  0]
 [ 0  0  0  0 30  0  0]
 [ 0  0  0  0  0 16  0]
 [ 0  0  0  0  0  0 22]]";0.794151376146789;0.6965924644359073;"[[189   0   5   6   2  19   6]
 [ 41   0  21  40  11  21   1]
 [  0   0 314   2   0   3   0]
 [ 35   0  24 429  10  13   1]
 [ 14   0   0  18 207   7   1]
 [ 12   0   8   2   1 165   8]
 [ 11   0   0   0   1  15  81]]";0.7380660954712362;0.6526931416589586;"[[ 73   0   5   7   0  13   8]
 [ 17   0  14  25   4   6   0]
 [  1   0 122   1   0   2   0]
 [ 24   0  16 190  12   3   1]
 [  8   0   3  11 103   3   0]
 [  6   0   4   2   0  72   6]
 [  4   0   2   0   1   5  43]]";147;[21  9 15 34 30 16 22]
998;Cora;own;0.5;0.2;64;0.5;1;0.005;1416030975;0.922077922077922;0.819008684554903;"[[21  0  0  0  0  0  0]
 [ 3  0  4  4  0  1  0]
 [ 0  0 15  0  0  0  0]
 [ 0  0  0 35  0  0  0]
 [ 0  0  0  0 31  0  0]
 [ 0  0  0  0  0 17  0]
 [ 0  0  0  0  0  0 23]]";0.7996545768566494;0.7010728509043658;"[[184   0   4   6   1  20   6]
 [ 36   0  19  39  10  29   0]
 [  0   0 311   2   0   3   1]
 [ 35   0  18 439   7  13   0]
 [ 17   0   0  18 201  10   0]
 [  9   0  10   1   1 172   8]
 [  9   0   1   0   1  14  82]]";0.7429620563035496;0.6551057034276876;"[[ 73   0   4   8   0  16   5]
 [ 17   0  15  20   5   9   0]
 [  1   0 122   1   0   2   0]
 [ 27   0  12 196   7   3   1]
 [  8   0   4  12 101   3   0]
 [  6   0   3   2   0  75   4]
 [  6   0   2   0   1   6  40]]";154;[21 12 15 35 31 17 23]
999;Cora;own;0.5;0.2;64;0.5;1;0.005;1416030975;0.906832298136646;0.8071475010250521;"[[21  0  0  0  0  0  0]
 [ 3  0  7  3  1  0  0]
 [ 0  0 16  0  0  0  0]
 [ 0  0  0 37  0  0  0]
 [ 0  0  0  0 31  0  0]
 [ 0  0  0  0  0 17  0]
 [ 0  0  0  0  0  1 24]]";0.7953757225433526;0.6970389701691015;"[[185   0   4   6   1  20   6]
 [ 39   0  35  26  11  22   0]
 [  0   0 310   3   0   2   1]
 [ 37   0  22 434   5  13   0]
 [ 20   0   0  17 200  11   0]
 [  7   0  11   1   1 166   8]
 [  9   0   1   0   1  14  81]]";0.7405140758873929;0.6491534318727502;"[[ 71   0   6   7   0  16   6]
 [ 16   0  22  16   5   7   0]
 [  0   0 122   2   0   2   0]
 [ 23   0  13 198   8   3   1]
 [  8   0   5  10 102   3   0]
 [  6   0   5   2   0  72   5]
 [  7   0   2   0   1   5  40]]";161;[21 14 16 37 31 17 25]
1000;Cora;own;0.5;0.2;64;0.5;1;0.005;1416030975;0.8869047619047619;0.7916140641705891;"[[21  0  0  0  0  1  0]
 [ 2  0  7  4  2  0  0]
 [ 0  0 17  0  0  0  0]
 [ 1  0  0 38  0  0  0]
 [ 1  0  0  0 30  0  0]
 [ 0  0  0  0  0 18  0]
 [ 0  0  0  0  0  1 25]]";0.7899013348810214;0.6907819934899339;"[[180   0   5   7   2  19   9]
 [ 30   0  38  35   9  21   0]
 [  0   0 311   3   0   2   1]
 [ 37   0  20 441   2  13   1]
 [ 20   0   0  24 187   9   1]
 [  7   0  12   1   1 160  10]
 [  7   0   1   1   1  13  82]]";0.7429620563035496;0.6491439832294377;"[[ 67   0   8   7   0  16   8]
 [ 17   0  22  16   4   7   0]
 [  0   0 122   2   0   2   0]
 [ 17   0  13 204   7   3   2]
 [  8   0   6  11 101   2   0]
 [  5   0   5   4   0  70   6]
 [  4   0   2   0   1   5  43]]";168;[22 15 17 39 31 18 26]
1001;Cora;own;0.5;0.2;64;0.5;1;0.005;1416030975;0.8857142857142857;0.7927798343120006;"[[22  0  0  0  0  0  0]
 [ 6  0  4  3  2  0  0]
 [ 0  0 18  0  0  0  0]
 [ 2  0  0 39  0  0  0]
 [ 2  0  0  0 31  0  0]
 [ 0  0  0  0  0 19  0]
 [ 0  0  0  0  0  1 26]]";0.791958041958042;0.6903546967326941;"[[178   0   4   7   2  18  14]
 [ 39   0  36  27   9  21   0]
 [  0   0 311   3   0   1   1]
 [ 35   0  19 441   0  13   3]
 [ 20   0   0  24 186   9   1]
 [  9   0   9   1   0 158  10]
 [  8   0   1   1   1  11  85]]";0.7307221542227662;0.638849701611698;"[[ 68   0   6   7   0  15  10]
 [ 19   0  21  14   2   9   1]
 [  0   0 122   2   0   2   0]
 [ 21   0  18 195   7   3   2]
 [  8   0   5  11 100   4   0]
 [  5   0   5   4   0  70   6]
 [  5   0   2   0   1   5  42]]";175;[22 15 18 41 33 19 27]
1002;Cora;own;0.5;0.2;64;0.5;1;0.005;1416030975;0.8791208791208791;0.7838575508613853;"[[23  0  0  0  0  0  0]
 [ 5  0  5  4  1  1  0]
 [ 0  0 19  0  0  0  0]
 [ 1  0  0 41  0  0  0]
 [ 2  0  0  0 32  1  0]
 [ 0  0  0  0  0 19  1]
 [ 0  0  0  0  0  1 26]]";0.799297834991223;0.6926676920709183;"[[177   0   6   7   2  21   9]
 [ 30   0  36  25   8  25   0]
 [  0   0 309   3   0   1   0]
 [ 28   0  22 455   1  11   2]
 [ 19   0   0  22 190   8   2]
 [  7   0  10   2   1 160   8]
 [  8   0   2   4   0  13  75]]";0.7417380660954712;0.6483209422533597;"[[ 70   0   8   7   0  14   7]
 [ 16   0  22  15   2  11   0]
 [  0   0 122   2   0   2   0]
 [ 17   0  16 203   6   3   1]
 [  6   0   5  13 100   4   0]
 [  5   0   4   4   1  71   5]
 [  7   0   2   1   0   5  40]]";182;[23 16 19 42 35 20 27]
1003;Cora;own;0.5;0.2;64;0.5;1;0.005;1416030975;0.873015873015873;0.784804237942981;"[[23  0  0  0  0  0  0]
 [ 4  0  3  6  1  4  0]
 [ 0  0 19  0  0  0  0]
 [ 1  0  1 43  0  0  0]
 [ 1  0  0  1 33  1  0]
 [ 0  0  0  0  0 21  0]
 [ 0  0  0  0  0  1 26]]";0.8025851938895417;0.696054204401056;"[[166   0   6  15   2  27   6]
 [ 19   0  16  37   8  43   0]
 [  0   0 305   3   0   1   0]
 [ 17   0  19 466   2  10   2]
 [ 18   0   0  23 190   8   1]
 [  5   0  11   2   1 164   7]
 [  4   0   2   5   0  16  75]]";0.7552019583843329;0.6596580933529512;"[[ 66   0   5  11   0  18   6]
 [ 11   0  14  20   2  19   0]
 [  0   0 122   2   0   2   0]
 [ 15   0  10 213   4   4   0]
 [  6   0   4  14 100   4   0]
 [  4   0   2   4   0  76   4]
 [  7   0   2   1   0   5  40]]";189;[23 18 19 45 36 21 27]
1004;Cora;own;0.5;0.2;64;0.5;1;0.005;1416030975;0.8622448979591837;0.780652259919701;"[[23  0  0  0  0  0  0]
 [ 9  0  4  6  1  2  0]
 [ 0  0 20  0  0  0  0]
 [ 1  0  1 43  0  0  0]
 [ 1  0  0  0 35  1  0]
 [ 0  0  0  0  0 21  0]
 [ 0  0  0  0  0  1 27]]";0.8082595870206489;0.7008184174129032;"[[163   0   6  13   3  20  12]
 [ 28   0  28  30   6  25   1]
 [  0   0 303   3   0   1   0]
 [ 26   0  16 464   2  11   2]
 [ 17   0   0  21 200   5   1]
 [  6   0  10   2   1 159   9]
 [  6   0   3   2   0   9  81]]";0.7564259485924113;0.6638811699432109;"[[ 72   0   6   9   0  13   6]
 [ 15   0  17  17   4  13   0]
 [  0   0 122   2   0   2   0]
 [ 18   0  13 207   4   4   0]
 [  6   0   5  13 101   3   0]
 [  4   0   2   4   0  75   5]
 [  6   0   2   1   0   5  41]]";196;[23 22 20 45 37 21 28]
1005;Cora;own;0.5;0.2;64;0.5;1;0.005;1416030975;0.8719211822660099;0.7892356457098213;"[[23  0  0  0  0  0  0]
 [ 5  0  5  7  3  3  0]
 [ 0  0 21  0  0  0  0]
 [ 0  0  0 46  0  0  0]
 [ 1  0  0  0 37  1  0]
 [ 0  0  0  0  0 22  0]
 [ 0  0  0  0  0  1 28]]";0.8098341232227488;0.7030231390723539;"[[160   0   5  14   6  19  13]
 [ 24   0  23  32  12  25   1]
 [  0   0 296   3   0   1   0]
 [ 23   0  21 467   1  10   2]
 [ 14   0   1  24 202   4   0]
 [  6   0   7   2   0 161   9]
 [  6   0   1   3   0   9  81]]";0.7637698898408812;0.6662204938956042;"[[ 69   0   5  10   2  14   6]
 [ 14   0  15  19   8   9   1]
 [  0   0 122   2   0   2   0]
 [ 13   0  11 214   4   4   0]
 [  6   0   5  11 104   2   0]
 [  3   0   2   5   0  74   6]
 [  7   0   1   1   0   5  41]]";203;[23 23 21 46 39 22 29]
1006;Cora;own;0.5;0.2;64;0.5;1;0.005;1416030975;0.8666666666666667;0.7849420175703735;"[[24  0  0  0  0  0  0]
 [ 9  0  5  5  1  5  0]
 [ 0  0 21  0  0  0  0]
 [ 0  0  0 46  0  0  0]
 [ 1  0  0  1 38  1  0]
 [ 0  0  0  0  0 23  0]
 [ 0  0  0  0  0  0 30]]";0.802498512790006;0.6980084181534826;"[[158   0   5  15   6  21  11]
 [ 34   0  20  24   5  34   1]
 [  0   0 290   3   0   2   0]
 [ 29   0  21 460   3  10   2]
 [ 11   0   1  27 200   4   0]
 [  6   0   6   3   0 161   8]
 [  7   0   1   3   0   9  80]]";0.7600979192166463;0.6642166981859371;"[[ 70   0   3  11   2  14   6]
 [ 17   0  16  18   2  12   1]
 [  1   0 121   2   0   2   0]
 [ 17   0   9 212   4   4   0]
 [  6   0   5  11 103   3   0]
 [  3   0   2   5   0  74   6]
 [  7   0   1   1   0   5  41]]";210;[24 25 21 46 41 23 30]
1007;Cora;own;0.5;0.2;64;0.5;1;0.005;1416030975;0.9815668202764977;0.9808744701502661;"[[25  0  0  0  0  0  0]
 [ 0 26  1  0  0  0  0]
 [ 0  0 21  0  0  0  0]
 [ 0  1  0 46  0  0  0]
 [ 0  1  0  0 41  0  0]
 [ 0  0  0  0  0 24  0]
 [ 0  1  0  0  0  0 30]]";0.8357228195937874;0.8059796427626067;"[[140  30   5  15   6   8   8]
 [  6  93   9   7   0   2   0]
 [  0   1 290   2   0   2   0]
 [ 34  19  15 448   4   4   2]
 [ 13   7   0  18 200   4   0]
 [  4  12   6   0   0 154   5]
 [  4  15   0   1   0   7  74]]";0.7931456548347613;0.7693436088753663;"[[ 62  21   2  10   1   8   2]
 [  6  48   7   3   2   0   0]
 [  0   3 122   1   0   0   0]
 [ 18  12   9 201   4   2   0]
 [  5   6   2   9 105   1   0]
 [  2   9   2   2   0  71   4]
 [  7   4   0   1   0   4  39]]";217;[25 27 21 47 42 24 31]
1008;Cora;own;0.5;0.2;64;0.5;1;0.005;1416030975;0.9776785714285714;0.9768054688734293;"[[26  0  0  0  0  0  0]
 [ 0 26  1  0  0  0  0]
 [ 0  0 21  0  0  0  0]
 [ 2  0  0 47  0  0  0]
 [ 0  1  0  0 42  0  0]
 [ 0  0  0  0  0 24  0]
 [ 0  1  0  0  0  0 33]]";0.850629874025195;0.8244611486484571;"[[146  23   5  15   6  12   9]
 [  4  98   7   6   0   1   1]
 [  0   1 287   3   0   2   0]
 [ 27  21   6 460   4   4   2]
 [ 11   6   0  23 198   3   0]
 [  4  11   6   0   0 150   6]
 [  6   7   1   1   0   5  79]]";0.8102815177478581;0.7919448715399106;"[[ 68  16   1  10   1   7   3]
 [  5  52   7   2   0   0   0]
 [  1   2 122   1   0   0   0]
 [ 18  13   6 204   3   2   0]
 [  5   6   2  11 103   1   0]
 [  4   6   2   3   0  71   4]
 [  8   2   0   0   0   3  42]]";224;[26 27 21 49 43 24 34]
1009;Cora;own;0.5;0.2;64;0.5;1;0.005;1416030975;0.974025974025974;0.9726190088703516;"[[26  0  0  0  0  1  0]
 [ 0 27  1  0  0  0  0]
 [ 0  0 22  0  0  0  0]
 [ 2  0  0 48  0  0  0]
 [ 2  0  0  0 43  0  0]
 [ 0  0  0  0  0 24  0]
 [ 0  0  0  0  0  0 35]]";0.8566265060240964;0.8333850614414483;"[[150   5   6  15   5  12  19]
 [  7  96   7   4   0   2   1]
 [  0   1 287   2   0   2   0]
 [ 33  19   4 452   4   6   4]
 [ 12   2   0  21 203   3   1]
 [  7   3   5   0   0 150  12]
 [  7   0   1   0   0   6  84]]";0.8237454100367197;0.8093729198417667;"[[ 75   3   3  10   1   8   6]
 [  4  51   7   3   0   0   1]
 [  1   2 122   1   0   0   0]
 [ 19  10   6 203   6   2   0]
 [  6   4   3   9 105   1   0]
 [  6   1   2   3   0  72   6]
 [  7   0   0   0   0   3  45]]";231;[27 28 22 50 45 24 35]
1010;Cora;own;0.5;0.2;64;0.5;1;0.005;1416030975;0.9789915966386554;0.9764367467478255;"[[27  0  0  0  0  1  0]
 [ 0 28  1  0  0  0  0]
 [ 0  0 23  0  0  0  0]
 [ 1  0  0 51  0  0  0]
 [ 0  0  0  0 44  1  0]
 [ 0  0  0  0  0 25  0]
 [ 1  0  0  0  0  0 35]]";0.8493647912885662;0.8241014353305116;"[[140   8   7  19   5  14  16]
 [  6  97   5   5   0   1   1]
 [  0   1 288   2   0   2   0]
 [ 29  20   8 451   4   6   4]
 [ 11   3   0  23 199   3   1]
 [  7   6   5   0   0 151  10]
 [  7   2   1   1   0   6  78]]";0.8261933904528764;0.8124605520277483;"[[ 75   4   4  10   1   7   5]
 [  4  53   6   3   0   0   0]
 [  0   2 123   1   0   0   0]
 [ 15  11   7 206   5   2   0]
 [  6   4   4  11 102   1   0]
 [  5   3   2   4   0  72   4]
 [  7   1   0   0   0   3  44]]";238;[28 29 23 52 45 25 36]
1011;Cora;own;0.5;0.2;64;0.5;1;0.005;1416030975;0.9877551020408163;0.9869451658839531;"[[29  0  0  0  0  0  0]
 [ 0 28  1  0  0  0  0]
 [ 0  0 24  0  0  0  0]
 [ 1  0  0 53  0  0  0]
 [ 1  0  0  0 46  0  0]
 [ 0  0  0  0  0 26  0]
 [ 0  0  0  0  0  0 36]]";0.8554070473876063;0.8323185158794628;"[[151   7   6  17   4  11  12]
 [  6  96   6   5   0   1   1]
 [  0   1 287   2   0   2   0]
 [ 31  18   7 452   4   5   3]
 [ 12   2   0  23 197   3   1]
 [  8   6   6   0   0 148  10]
 [ 10   1   1   1   0   5  77]]";0.8212974296205631;0.8083490672610132;"[[ 78   3   4   9   1   5   6]
 [  4  53   7   2   0   0   0]
 [  1   2 122   1   0   0   0]
 [ 18  11   7 203   5   2   0]
 [  6   4   3  13 101   1   0]
 [  7   3   2   3   0  71   4]
 [  8   1   0   0   0   3  43]]";245;[29 29 24 54 47 26 36]
1012;Cora;own;0.5;0.2;64;0.5;1;0.005;1416030975;0.9841269841269841;0.9832371679994651;"[[31  0  0  0  0  0  0]
 [ 0 28  1  0  0  0  0]
 [ 0  0 24  0  0  0  0]
 [ 1  0  0 55  0  0  0]
 [ 1  0  0  0 47  0  0]
 [ 0  0  0  0  0 27  0]
 [ 1  0  0  0  0  0 36]]";0.8657718120805369;0.8482829929933003;"[[158   6   4  17   4  10   8]
 [  6  93   5   8   0   1   1]
 [  0   1 285   3   0   2   0]
 [ 35   4   6 463   2   6   2]
 [ 12   1   0  27 194   3   0]
 [  7   2   7   2   0 150  10]
 [ 11   0   1   1   0   5  76]]";0.828641370869033;0.8174643092478363;"[[ 81   2   4  10   1   5   3]
 [  4  51   6   4   1   0   0]
 [  1   0 122   1   0   2   0]
 [ 19   5   6 209   5   2   0]
 [  6   4   3  14 100   1   0]
 [  7   1   2   3   0  71   6]
 [  9   0   0   0   0   3  43]]";252;[31 29 24 56 48 27 37]
1013;Cora;own;0.5;0.2;64;0.5;1;0.005;1416030975;0.9806949806949807;0.9793953565463519;"[[30  0  0  1  0  0  0]
 [ 0 28  1  0  0  0  0]
 [ 0  0 26  0  0  0  0]
 [ 0  0  0 57  0  0  0]
 [ 1  0  0  0 48  0  0]
 [ 0  0  0  0  0 28  0]
 [ 2  0  0  0  0  0 37]]";0.8621323529411765;0.8417390237272899;"[[149   9   4  16   7  11  12]
 [  3  95   7   6   0   1   1]
 [  0   0 284   3   0   2   0]
 [ 29   5   7 463   6   5   2]
 [ 11   1   0  28 193   3   0]
 [  7   3   8   1   0 146  14]
 [  6   0   1   1   0   5  77]]";0.835985312117503;0.825336653460543;"[[ 77   3   4  10   3   5   4]
 [  3  53   7   2   1   0   0]
 [  0   0 123   1   0   2   0]
 [ 13   5   9 211   6   2   0]
 [  3   3   4  15 102   1   0]
 [  5   1   2   4   0  72   6]
 [  7   0   0   0   0   3  45]]";259;[31 29 26 57 49 28 39]
1014;Cora;own;0.5;0.2;64;0.5;1;0.005;1416030975;0.9774436090225563;0.974726316278659;"[[30  0  0  1  0  0  0]
 [ 0 29  2  0  0  0  0]
 [ 0  0 26  0  0  0  0]
 [ 0  0  0 57  0  0  0]
 [ 1  0  0  0 51  0  0]
 [ 0  0  0  0  0 29  0]
 [ 2  0  0  0  0  0 38]]";0.8615384615384616;0.8428150082595931;"[[149   9   4  16   9  10   8]
 [  3  94   6   7   0   1   1]
 [  1   0 282   3   0   2   0]
 [ 32   5   7 458   5   4   2]
 [ 11   0   0  29 197   3   0]
 [  7   2   8   2   0 147  12]
 [  9   0   1   0   1   5  73]]";0.8347613219094248;0.8253348575426498;"[[ 81   2   4   9   3   5   2]
 [  3  52   6   3   2   0   0]
 [  1   0 122   1   0   2   0]
 [ 13   5   7 207  11   3   0]
 [  3   3   3  14 105   0   0]
 [  5   2   2   4   0  72   5]
 [  8   0   0   0   1   3  43]]";266;[31 31 26 57 52 29 40]
1015;Cora;own;0.5;0.2;64;0.5;1;0.005;1416030975;0.9816849816849816;0.9809104161272935;"[[31  0  0  0  0  0  0]
 [ 0 31  1  0  0  0  0]
 [ 0  0 27  0  0  0  0]
 [ 0  0  0 57  1  0  0]
 [ 1  0  0  0 52  0  0]
 [ 0  0  0  0  0 29  1]
 [ 1  0  0  0  0  0 41]]";0.8640296662546354;0.8473673666585191;"[[149   7   3  16   6   8  16]
 [  3  94   5   7   0   1   1]
 [  1   0 282   2   0   2   0]
 [ 36   6   8 443  13   4   2]
 [ 11   3   0  19 202   3   1]
 [  5   2   6   2   0 149  12]
 [  5   0   0   0   0   4  79]]";0.8225214198286414;0.8141579343084109;"[[ 77   3   4   8   2   6   6]
 [  3  52   5   3   1   0   2]
 [  0   0 123   1   0   2   0]
 [ 21   5   9 195  12   3   1]
 [  4   4   3  11 106   0   0]
 [  3   1   2   4   1  72   7]
 [  6   0   0   0   0   2  47]]";273;[31 32 27 58 53 30 42]
1016;Cora;own;0.5;0.2;64;0.5;1;0.005;1416030975;0.975;0.9722059306402578;"[[31  0  0  0  0  0  0]
 [ 0 32  1  0  0  0  0]
 [ 0  0 28  0  0  0  0]
 [ 0  0  0 59  0  1  0]
 [ 1  0  0  0 53  0  0]
 [ 0  0  0  0  0 29  1]
 [ 1  0  1  0  0  1 41]]";0.8677839851024208;0.8525021408741865;"[[156   6   4  17   5   8   9]
 [  3  92   5   8   0   1   1]
 [  1   0 280   2   0   2   0]
 [ 36   3   6 447  12   4   2]
 [ 12   2   0  21 201   3   0]
 [  5   2   7   2   0 149  11]
 [  7   1   0   1   0   4  73]]";0.8335373317013464;0.8257893946848112;"[[ 80   2   3  10   3   5   3]
 [  3  53   4   4   1   0   1]
 [  0   0 123   1   0   2   0]
 [ 19   5   6 201  12   3   0]
 [  4   4   1  12 107   0   0]
 [  3   2   2   4   1  72   6]
 [  6   1   0   0   0   3  45]]";280;[31 33 28 60 54 30 44]
1017;Cora;own;0.5;0.2;64;0.5;1;0.005;1416030975;0.9895470383275261;0.9880233766785987;"[[32  0  0  0  0  0  0]
 [ 0 32  1  0  0  0  0]
 [ 0  0 29  0  0  0  0]
 [ 0  0  0 61  0  0  0]
 [ 1  0  0  0 55  0  0]
 [ 0  0  0  0  0 31  0]
 [ 0  0  0  0  0  1 44]]";0.8703241895261845;0.8520500922111627;"[[152   4   3  14   6  10  15]
 [  3  94   6   5   0   1   1]
 [  1   0 279   2   0   2   0]
 [ 29   4   7 448  15   4   2]
 [ 12   1   0  18 203   3   0]
 [  5   2   7   2   0 147  12]
 [  6   1   0   1   0   4  73]]";0.8372093023255814;0.8255859459096607;"[[ 80   2   2   9   2   5   6]
 [  2  55   5   2   1   0   1]
 [  0   0 123   1   0   2   0]
 [ 18   5   7 202  12   2   0]
 [  3   4   2   9 109   0   1]
 [  4   2   2   4   1  70   7]
 [  6   1   0   0   0   3  45]]";287;[32 33 29 61 56 31 45]
1018;Cora;own;0.5;0.2;64;0.5;1;0.005;1416030975;0.9863945578231292;0.9856142022827757;"[[33  0  0  0  0  0  0]
 [ 0 32  1  0  0  0  0]
 [ 0  0 30  0  0  0  0]
 [ 0  0  0 62  0  0  1]
 [ 1  0  0  0 56  0  0]
 [ 0  0  0  0  0 33  0]
 [ 0  0  0  0  0  1 44]]";0.867877269881027;0.8485075601361147;"[[154   5   2  15   6  10  14]
 [  3  89   6   8   0   1   1]
 [  1   0 278   3   0   2   0]
 [ 35   3   6 448  10   3   2]
 [ 12   1   0  18 202   3   0]
 [  5   1   7   2   0 145  12]
 [  8   0   0   1   0   5  70]]";0.8310893512851897;0.8205789635268509;"[[ 81   2   1  10   1   5   6]
 [  2  51   6   4   2   0   1]
 [  1   0 122   1   0   2   0]
 [ 19   5   8 202  10   2   0]
 [  4   3   4  10 107   0   0]
 [  4   1   2   5   0  71   7]
 [  6   0   0   0   0   4  45]]";294;[33 33 30 63 57 33 45]
1019;Cora;own;0.5;0.2;64;0.5;1;0.005;1416030975;0.9867109634551495;0.9850648317590245;"[[35  0  0  0  0  0  1]
 [ 0 32  1  0  0  0  0]
 [ 0  0 31  0  0  0  0]
 [ 0  0  0 65  0  0  0]
 [ 1  0  0  0 56  0  0]
 [ 0  0  0  0  0 32  1]
 [ 0  0  0  0  0  0 46]]";0.8729559748427673;0.8516653015676295;"[[156   4   3   8   7   7  19]
 [  3  90   5   8   0   2   0]
 [  1   0 276   4   0   2   0]
 [ 30   3   2 448  14   5   4]
 [  9   1   0  21 202   1   2]
 [  0   1   7   2   0 143  18]
 [  6   1   0   0   0   2  73]]";0.8335373317013464;0.8180563630752301;"[[ 76   2   2  10   1   4  11]
 [  3  52   4   5   1   1   0]
 [  2   0 122   1   0   0   1]
 [ 16   5   6 206  11   2   0]
 [  1   4   2  12 109   0   0]
 [  2   1   2   4   0  71  10]
 [  5   1   0   0   1   3  45]]";301;[36 33 31 65 57 33 46]
1020;Cora;own;0.5;0.2;64;0.5;1;0.005;1416030975;0.9805194805194806;0.9779626701619184;"[[37  0  0  0  1  1  0]
 [ 0 32  1  0  0  0  0]
 [ 0  0 32  0  0  0  0]
 [ 0  0  0 67  0  0  0]
 [ 1  0  0  0 56  0  0]
 [ 0  0  0  0  0 31  2]
 [ 0  0  0  0  0  0 47]]";0.8717624763108023;0.8490685464728539;"[[161   2   4   8   4   9  14]
 [  6  85   6   6   0   3   1]
 [  0   0 275   2   0   2   0]
 [ 31   3   5 449  13   5   2]
 [ 11   1   0  21 199   2   2]
 [  3   1   7   2   0 144  13]
 [  7   0   1   0   0   6  67]]";0.8323133414932681;0.816320359168037;"[[ 80   2   3   8   1   4   8]
 [  3  50   6   4   1   1   1]
 [  3   0 122   1   0   0   0]
 [ 14   5   7 207  10   3   0]
 [  4   3   3  11 107   0   0]
 [  4   1   2   5   0  71   7]
 [  7   0   0   0   0   5  43]]";308;[39 33 32 67 57 33 47]
1021;Cora;own;0.5;0.2;64;0.5;1;0.005;1416030975;0.9841269841269841;0.9814628561286575;"[[38  0  0  0  0  1  0]
 [ 0 34  1  0  0  0  0]
 [ 0  0 33  0  0  0  0]
 [ 0  0  0 67  0  0  0]
 [ 1  0  0  0 58  0  0]
 [ 0  0  0  0  0 31  2]
 [ 0  0  0  0  0  0 49]]";0.8756345177664975;0.8537147853273614;"[[161   2   4   9   7   8  12]
 [  5  86   6   5   0   2   1]
 [  0   0 274   2   0   2   0]
 [ 28   5   5 446  16   4   2]
 [  7   1   0  16 206   2   2]
 [  4   1   8   2   1 139  16]
 [  8   0   1   0   0   2  68]]";0.8372093023255814;0.8249978001190054;"[[ 82   2   4   7   3   4   4]
 [  3  52   6   3   1   1   0]
 [  3   0 122   1   0   0   0]
 [ 13   5   8 206  11   3   0]
 [  3   3   3  10 109   0   0]
 [  5   1   2   5   0  68   9]
 [  8   0   0   0   0   2  45]]";315;[39 35 33 67 59 33 49]
1022;Cora;own;0.5;0.2;64;0.5;1;0.005;1416030975;0.9875776397515528;0.985620991331083;"[[39  0  0  0  0  1  0]
 [ 0 35  1  0  0  0  0]
 [ 0  0 34  0  0  0  0]
 [ 0  0  0 68  0  0  0]
 [ 1  0  0  0 59  0  0]
 [ 0  0  0  0  0 34  1]
 [ 0  0  0  0  0  0 49]]";0.8782664117272148;0.857129904441235;"[[157   2   3  10   8   7  16]
 [  5  85   6   5   0   2   1]
 [  1   0 272   2   0   2   0]
 [ 23   3   5 452  16   4   2]
 [  6   1   0  20 202   2   2]
 [  4   1   7   2   1 141  14]
 [  6   0   0   0   0   2  69]]";0.8408812729498164;0.8278396274489737;"[[ 80   2   2   8   3   4   7]
 [  3  52   6   4   0   0   1]
 [  1   2 122   1   0   0   0]
 [ 11   4   6 210  10   4   1]
 [  4   3   3  11 107   0   0]
 [  5   1   2   6   0  69   7]
 [  6   0   0   0   0   2  47]]";322;[40 36 34 68 60 35 49]
1023;Cora;own;0.5;0.2;64;0.5;1;0.005;1416030975;0.9848024316109423;0.9823119129554768;"[[41  0  0  0  0  0  0]
 [ 0 36  1  0  0  1  0]
 [ 0  0 35  0  0  0  0]
 [ 0  0  0 70  0  0  0]
 [ 1  0  0  0 59  0  0]
 [ 0  0  0  0  0 34  2]
 [ 0  0  0  0  0  0 49]]";0.8770806658130602;0.8537730540826052;"[[159   2   2   7   5   8  20]
 [  4  84   6   5   0   1   1]
 [  1   0 271   2   0   2   0]
 [ 30   4   5 447  11   4   2]
 [  9   2   0  16 201   2   3]
 [  5   1   7   2   1 140  13]
 [  6   0   0   0   0   3  68]]";0.8384332925336597;0.8264843191147865;"[[ 82   2   1   8   2   4   7]
 [  3  53   6   3   0   0   1]
 [  1   2 122   1   0   0   0]
 [ 16   4   6 205   9   4   2]
 [  6   4   2   9 107   0   0]
 [  6   1   2   5   0  69   7]
 [  6   0   0   0   0   2  47]]";329;[41 38 35 70 60 36 49]
1024;Cora;own;0.5;0.2;64;0.5;1;0.005;1416030975;0.9791666666666666;0.976834441853785;"[[41  0  0  0  0  0  0]
 [ 0 37  1  0  0  0  0]
 [ 0  0 35  0  0  0  0]
 [ 0  1  0 72  0  0  0]
 [ 1  0  0  0 60  0  0]
 [ 0  0  1  1  0 35  1]
 [ 0  0  0  0  0  1 49]]";0.8771704180064309;0.8581474826573611;"[[153   2   3  12   8   9  16]
 [  3  85   6   5   0   1   1]
 [  1   0 269   2   0   1   0]
 [ 22   2   7 451  14   4   2]
 [  6   1   0  22 200   2   1]
 [  5   1   6   6   1 143   6]
 [  7   0   0   1   0   5  63]]";0.8457772337821298;0.8350155661189665;"[[ 77   2   1  12   3   4   7]
 [  2  52   6   5   0   1   0]
 [  1   0 122   1   0   2   0]
 [  8   5   6 212  10   5   0]
 [  5   3   1  10 109   0   0]
 [  3   1   2   7   0  74   3]
 [  5   0   0   1   0   4  45]]";336;[41 38 35 73 61 38 50]
1025;Cora;own;0.5;0.2;64;0.5;1;0.005;1416030975;0.9766763848396501;0.9734859813825746;"[[43  0  0  0  0  0  0]
 [ 0 38  1  0  0  0  0]
 [ 0  0 35  0  0  0  0]
 [ 0  1  0 73  0  0  0]
 [ 1  0  0  0 62  0  0]
 [ 0  0  1  0  0 35  2]
 [ 0  0  0  0  0  2 49]]";0.8817829457364341;0.8617827197683645;"[[166   2   3   8   5   9  10]
 [  5  82   5   6   0   1   1]
 [  1   0 268   2   0   1   0]
 [ 28   2   5 449  12   4   1]
 [  8   1   0  20 197   2   1]
 [  6   1   6   2   1 141  11]
 [  8   0   0   1   0   4  62]]";0.8445532435740514;0.8316037849354283;"[[ 85   2   1   8   1   4   5]
 [  3  52   5   5   0   1   0]
 [  1   2 122   1   0   0   0]
 [ 13   5   4 210   8   5   1]
 [  7   4   2  10 105   0   0]
 [  7   1   2   4   0  72   4]
 [  6   0   0   0   0   5  44]]";343;[43 39 35 74 63 38 51]
1026;Cora;own;0.5;0.2;64;0.5;1;0.005;1416030975;0.98;0.9776484170115116;"[[43  0  0  0  0  0  1]
 [ 0 39  1  0  0  0  0]
 [ 0  0 36  0  0  0  0]
 [ 1  0  0 75  0  0  0]
 [ 1  0  0  0 63  0  0]
 [ 0  0  1  0  0 36  2]
 [ 0  0  0  0  0  0 51]]";0.8786502271252433;0.8559392321770505;"[[155   2   4  10   8   7  15]
 [  5  81   5   6   0   1   1]
 [  0   0 267   2   0   1   0]
 [ 21   3   5 448  19   4   1]
 [  8   1   0  17 200   1   1]
 [  4   1   6   2   1 139  15]
 [  6   0   0   1   0   3  64]]";0.8421052631578947;0.8239187759403915;"[[ 78   2   2   8   3   4   9]
 [  2  51   6   6   0   0   1]
 [  0   2 122   1   0   0   1]
 [ 10   4   5 209  11   5   2]
 [  2   3   3   8 112   0   0]
 [  3   1   2   4   0  69  11]
 [  5   0   0   0   0   3  47]]";350;[44 40 36 76 64 39 51]
1027;Cora;own;0.5;0.2;64;0.5;1;0.005;1416030975;0.9719887955182073;0.969739487255743;"[[43  0  0  0  0  0  1]
 [ 0 40  1  1  0  0  0]
 [ 0  0 37  0  0  1  0]
 [ 2  0  0 76  0  0  0]
 [ 1  0  0  0 63  0  0]
 [ 0  0  1  1  0 37  0]
 [ 0  0  0  0  0  1 51]]";0.8820078226857888;0.8643531663742189;"[[160   2   4  12   7   8   8]
 [  5  80   5   5   0   1   1]
 [  0   0 266   3   0   0   0]
 [ 23   4   4 447  14   4   2]
 [  8   1   0  19 197   2   1]
 [  4   1   7   5   1 141   9]
 [  6   0   0   2   0   3  62]]";0.8433292533659731;0.8300600219991304;"[[ 79   2   2  10   3   4   6]
 [  2  50   8   6   0   0   0]
 [  1   2 122   1   0   0   0]
 [ 11   5   4 214   7   5   0]
 [  5   3   3  11 106   0   0]
 [  4   0   2   6   0  72   6]
 [  6   0   0   0   0   3  46]]";357;[44 42 38 78 64 39 52]
1028;Cora;own;0.5;0.2;64;0.5;1;0.005;1416030975;0.9752747252747253;0.9737083632364655;"[[44  0  0  1  0  0  1]
 [ 0 42  1  0  0  0  0]
 [ 0  0 38  0  0  1  0]
 [ 2  0  0 77  0  0  0]
 [ 1  0  0  0 64  0  0]
 [ 0  0  0  0  0 38  1]
 [ 0  0  0  0  0  1 52]]";0.879502292075966;0.8596992969404147;"[[159   2   4  11   5   7  11]
 [  4  81   4   4   0   1   2]
 [  0   0 265   3   0   0   0]
 [ 27   8   4 440  11   4   3]
 [  7   2   0  21 193   2   2]
 [  4   1   7   2   1 141  12]
 [  6   0   0   0   0   2  64]]";0.8445532435740514;0.829180065828021;"[[ 81   2   1   9   2   4   7]
 [  2  53   5   4   0   1   1]
 [  0   2 122   1   0   0   1]
 [ 12   5   5 211   7   5   1]
 [  5   3   3  11 106   0   0]
 [  3   1   2   4   0  71   9]
 [  6   0   0   0   0   3  46]]";364;[46 43 39 79 65 39 53]
1029;Cora;own;0.5;0.2;64;0.5;1;0.005;1416030975;0.9811320754716981;0.9792640548064376;"[[46  0  0  0  0  0  0]
 [ 0 43  1  0  0  0  0]
 [ 0  0 40  0  0  0  0]
 [ 1  0  0 80  0  0  0]
 [ 1  0  0  0 65  0  0]
 [ 0  0  1  1  0 39  0]
 [ 0  0  0  0  0  2 51]]";0.8822368421052632;0.868186108424812;"[[162   3   3  12   9   7   3]
 [  4  81   4   5   1   1   0]
 [  1   0 263   3   0   0   0]
 [ 16   8   4 443  17   4   2]
 [  6   1   0  24 193   1   1]
 [  6   1   7   6   1 140   5]
 [  9   0   0   1   0   3  59]]";0.8396572827417381;0.8260729351238529;"[[ 81   2   1  11   2   5   4]
 [  2  49   6   6   3   0   0]
 [  1   2 122   1   0   0   0]
 [ 11   5   5 211  10   4   0]
 [  2   3   2  12 109   0   0]
 [  4   2   3   6   0  71   4]
 [  7   0   0   0   1   4  43]]";371;[46 44 40 81 66 41 53]
1030;Cora;own;0.5;0.2;64;0.5;1;0.005;1416030975;0.9814814814814815;0.9792002298334342;"[[47  0  0  0  0  0  0]
 [ 0 43  1  0  0  0  0]
 [ 0  0 41  0  0  0  0]
 [ 1  0  0 81  0  0  0]
 [ 1  0  0  0 66  0  0]
 [ 0  0  1  0  0 39  1]
 [ 0  0  0  0  0  2 54]]";0.8816920026437541;0.8589886684133468;"[[163   2   2   9   3  10  10]
 [  5  78   4   5   0   3   1]
 [  1   0 262   2   0   0   1]
 [ 17   8   4 438  17   4   4]
 [  7   1   0  20 192   3   2]
 [  5   1   6   2   1 140  11]
 [  5   0   0   0   0   3  61]]";0.847001223990208;0.8333587870832666;"[[ 79   2   1   9   2   7   6]
 [  2  52   5   4   0   1   2]
 [  0   2 122   1   0   0   1]
 [ 12   5   5 211   9   4   0]
 [  3   3   3  12 107   0   0]
 [  2   1   2   4   0  73   8]
 [  3   0   0   0   0   4  48]]";378;[47 44 41 82 67 41 56]
1031;Cora;own;0.5;0.2;64;0.5;1;0.005;1416030975;0.9766233766233766;0.9752972722600541;"[[49  0  0  0  0  0  0]
 [ 0 43  1  0  0  0  0]
 [ 0  0 42  0  0  0  0]
 [ 0  1  0 83  0  0  0]
 [ 2  0  0  1 66  0  0]
 [ 0  0  1  1  0 39  0]
 [ 0  0  0  0  0  2 54]]";0.8857901726427623;0.8703416324408514;"[[168   3   2  10   3   5   7]
 [  5  80   4   4   1   1   0]
 [  1   0 260   4   0   0   1]
 [ 18   5   4 439  18   3   2]
 [  7   1   0  20 193   1   1]
 [  8   1   9   6   1 134   7]
 [  7   0   0   0   0   2  60]]";0.8457772337821298;0.8317358633029573;"[[ 86   2   0   9   1   5   3]
 [  2  51   5   6   1   0   1]
 [  0   2 122   1   0   0   1]
 [ 12   5   5 212   9   3   0]
 [  3   3   2  12 108   0   0]
 [  6   2   2   6   0  67   7]
 [  6   0   0   0   1   3  45]]";385;[49 44 42 84 69 41 56]
1032;Cora;own;0.5;0.2;64;0.5;1;0.005;1416030975;0.9821428571428571;0.9805157475711636;"[[49  0  0  0  0  0  0]
 [ 0 44  2  0  0  0  0]
 [ 0  0 42  0  0  0  0]
 [ 0  1  0 85  0  0  0]
 [ 1  0  0  0 67  0  1]
 [ 0  0  1  1  0 41  0]
 [ 0  0  0  0  0  0 57]]";0.8879252835223482;0.8718667282446815;"[[163   2   2  12   3   9   7]
 [  4  80   5   5   0   1   0]
 [  1   0 260   2   0   0   1]
 [ 16   5   4 438  16   4   4]
 [  7   1   0  18 193   3   1]
 [  7   1   7   5   1 137   6]
 [  5   0   0   0   0   3  60]]";0.8433292533659731;0.8285057713289186;"[[ 80   2   0  10   3   5   6]
 [  1  53   4   6   0   0   2]
 [  0   2 122   1   0   0   1]
 [ 12   5   6 209   8   5   1]
 [  3   3   3  10 109   0   0]
 [  4   1   2   4   0  70   9]
 [  4   0   0   0   1   4  46]]";392;[49 46 42 86 69 43 57]
1033;Cora;own;0.5;0.2;64;0.5;1;0.005;1416030975;0.9824561403508771;0.981959612032589;"[[51  0  0  0  0  0  0]
 [ 0 46  1  0  0  0  0]
 [ 0  0 42  0  0  0  0]
 [ 0  0  1 88  0  0  0]
 [ 1  0  0  1 66  0  1]
 [ 0  0  1  1  0 41  0]
 [ 0  0  0  0  0  0 58]]";0.8941018766756033;0.8776265177596719;"[[165   2   2  10   4   7   7]
 [  5  79   2   7   0   1   0]
 [  1   0 261   1   0   0   1]
 [ 14   4   4 445  13   4   4]
 [  7   1   0  19 189   2   1]
 [  7   1   8   5   1 135   6]
 [  6   0   0   0   0   1  60]]";0.8580171358629131;0.8476809212342088;"[[ 86   1   0   9   3   1   6]
 [  2  53   5   6   0   0   0]
 [  2   1 121   1   0   0   1]
 [ 12   5   5 210   9   4   1]
 [  1   3   3   8 112   0   1]
 [  3   2   2   5   0  70   8]
 [  4   0   0   0   1   1  49]]";399;[51 47 42 89 69 43 58]
1034;Cora;own;0.5;0.2;64;0.5;1;0.005;1416030975;0.9802955665024631;0.9791733504558745;"[[52  0  0  0  0  0  0]
 [ 0 47  1  0  0  0  0]
 [ 0  0 43  0  0  0  0]
 [ 1  0  1 88  0  0  0]
 [ 1  0  0  0 68  0  1]
 [ 0  0  1  1  0 42  0]
 [ 0  0  0  0  0  1 58]]";0.8983164983164983;0.8823433957171762;"[[163   2   2  10   4   7   8]
 [  4  80   1   6   0   2   0]
 [  1   0 260   1   0   0   1]
 [ 17   3   4 445  11   4   4]
 [  7   1   0  19 188   2   1]
 [  5   1   5   4   1 139   7]
 [  5   0   0   0   0   1  59]]";0.8653610771113831;0.8538308572406411;"[[ 87   1   0   9   2   2   5]
 [  2  53   3   6   0   2   0]
 [  0   3 121   1   0   0   1]
 [ 12   5   4 213   7   4   1]
 [  2   4   2   8 111   0   1]
 [  3   1   2   4   0  74   6]
 [  3   0   0   0   1   3  48]]";406;[52 48 43 90 70 44 59]
1035;Cora;own;0.5;0.2;64;0.5;1;0.005;1416030975;0.9854721549636803;0.9844933405739418;"[[53  0  0  0  0  0  0]
 [ 0 48  1  0  0  0  0]
 [ 0  0 44  0  0  0  0]
 [ 0  0  0 91  0  0  0]
 [ 1  0  0  1 69  0  0]
 [ 0  0  1  1  0 44  0]
 [ 0  0  0  0  0  1 58]]";0.8991880920162382;0.8863769595034264;"[[162   2   2  10   6   5   8]
 [  3  82   1   4   0   2   0]
 [  1   0 259   1   0   0   1]
 [ 18   3   4 445  12   4   1]
 [  7   1   0  19 188   1   1]
 [  6   2   7   5   1 134   5]
 [  5   0   0   0   0   1  59]]";0.8641370869033048;0.8532497605389715;"[[ 86   2   0   9   2   2   5]
 [  2  54   3   5   0   2   0]
 [  0   3 121   1   0   0   1]
 [ 12   5   4 213   7   4   1]
 [  3   4   2   8 111   0   0]
 [  4   3   2   4   0  72   5]
 [  3   0   0   0   1   2  49]]";413;[53 49 44 91 71 46 59]
1036;Cora;own;0.5;0.2;64;0.5;1;0.005;1416030975;0.9833333333333333;0.9819894762865014;"[[53  0  0  0  0  0  0]
 [ 0 49  1  0  0  0  0]
 [ 0  0 45  0  0  0  0]
 [ 0  0  0 91  0  0  0]
 [ 1  0  0  1 71  0  0]
 [ 1  0  1  1  0 45  0]
 [ 0  0  0  0  0  1 59]]";0.8925900747790618;0.8796879461650018;"[[163   2   2  13   6   6   5]
 [  4  80   1   5   0   2   0]
 [  1   0 258   2   0   0   1]
 [ 17   7   4 436  13   4   2]
 [  6   1   0  19 187   1   1]
 [  6   1   7   6   1 133   4]
 [  6   0   0   0   0   2  56]]";0.8629130966952264;0.8532994885615123;"[[ 86   1   1  10   2   2   4]
 [  2  53   4   5   0   2   0]
 [  0   3 121   1   0   0   1]
 [ 11   5   5 212   8   5   0]
 [  3   3   3   7 112   0   0]
 [  3   2   2   5   0  73   5]
 [  3   0   0   0   1   3  48]]";420;[53 50 45 91 73 48 60]
1037;Cora;own;0.5;0.2;64;0.5;1;0.005;1932968203;0.0;0.0;[[]];0.09994711792702274;0.09292840604070363;"[[ 32   4  29   6  86  66  22]
 [  8  13  10   0 100  14   6]
 [  5  39   5   9 123  33  78]
 [ 53  53 111  10 172 161  12]
 [ 24  16  77   6  74  86  15]
 [ 39  10  25  11  68  47   8]
 [ 28   0  32   3  48   6   8]]";0.09424724602203183;0.08848482456512156;"[[12  0 12  3 41 29  9]
 [ 3  6  3  0 44  6  4]
 [ 6 11  4  3 60 10 32]
 [24 18 48  7 67 76  6]
 [12 10 29  6 29 40  2]
 [11  7 15  6 30 16  5]
 [14  2  8  2 24  2  3]]";0;[]
1038;Cora;own;0.5;0.2;64;0.5;1;0.005;1932968203;1.0;1.0;"[[1 0 0 0 0 0]
 [0 1 0 0 0 0]
 [0 0 2 0 0 0]
 [0 0 0 1 0 0]
 [0 0 0 0 1 0]
 [0 0 0 0 0 1]]";0.5270700636942676;0.4755511673189274;"[[204   0  20  33   3   2   3]
 [ 17   0  96   5   1   0   1]
 [  6   0 329   0   2   1   1]
 [ 92   0 151 212  67   1   4]
 [ 49   0  34 156  61   0   9]
 [ 33   0  38   1   0  92  12]
 [ 22   0  30   1   0   0  95]]";0.4259485924112607;0.3866238474995168;"[[ 69   0   4  22   4   0   7]
 [  8   0  55   1   1   0   1]
 [  1   0 125   0   0   0   0]
 [ 48   0  77  73  45   0   3]
 [ 29   0  17  74   5   0   3]
 [ 24   0  15   1   0  44   6]
 [  9   0  14   0   0   0  32]]";7;[1 0 1 2 1 1 1]
1039;Cora;own;0.5;0.2;64;0.5;1;0.005;1932968203;0.9285714285714286;0.9316239316239315;"[[1 0 0 0 0 0]
 [0 1 0 0 0 0]
 [0 0 6 0 0 0]
 [0 0 1 1 0 0]
 [0 0 0 0 2 0]
 [0 0 0 0 0 2]]";0.6084176877996803;0.5158285166281945;"[[150   0  14  81   2   1  14]
 [ 12   0  35  69   0   0   1]
 [  4   0 324   4   2   1   1]
 [ 41   0  26 433  27   3   7]
 [ 27   0   8 224  42   0   3]
 [ 28   0  22  12   0  99  16]
 [ 17   0  18  15   0   0  94]]";0.5299877600979193;0.4385241904656131;"[[ 46   0   5  43   2   0  10]
 [  8   0  21  35   0   0   2]
 [  1   0 119   6   0   0   0]
 [ 18   0  19 185  19   0   5]
 [  6   0   4 113   3   0   2]
 [ 23   0   8   5   0  48   6]
 [  9   0  13   1   0   0  32]]";14;[1 0 1 6 2 2 2]
1040;Cora;own;0.5;0.2;64;0.5;1;0.005;1932968203;0.8571428571428571;0.8148148148148148;"[[1 0 0 0 0 0]
 [0 1 0 1 0 0]
 [0 0 7 0 0 0]
 [1 0 0 3 1 0]
 [0 0 0 0 4 0]
 [0 0 0 0 0 2]]";0.6251336898395722;0.5231626548647953;"[[155   0  15  44   1   1  15]
 [ 15   0  53  42   0   0   1]
 [  1   0 326   4   4   2   1]
 [ 41   0  38 440  39   5   8]
 [ 47   0  17 185  33  12   1]
 [ 23   0  22   8   0 122  11]
 [ 12   0  20  11   0   2  93]]";0.5287637698898409;0.437489669771541;"[[ 51   0   8  32   2   0  13]
 [  9   0  33  23   0   0   1]
 [  1   0 121   4   0   0   0]
 [ 18   0  31 172  19   0   6]
 [  9   0   8 102   4   3   2]
 [ 19   0   7   5   0  52   7]
 [  7   0  15   0   0   1  32]]";21;[1 0 2 7 5 4 2]
1041;Cora;own;0.5;0.2;64;0.5;1;0.005;1932968203;0.8928571428571429;0.8388167388167388;"[[ 1  0  0  0  0  0]
 [ 0  2  0  0  0  0]
 [ 0  0 10  0  0  0]
 [ 1  0  0  4  0  1]
 [ 0  1  0  0  5  0]
 [ 0  0  0  0  0  3]]";0.6409017713365539;0.5322932237830938;"[[132   0  15  37   1   2  35]
 [ 16   0  41  50   0   0   4]
 [  1   0 322   7   1   1   1]
 [ 37   0  24 461  29   4  10]
 [ 41   0  10 178  42   4  20]
 [ 10   0  21   9   0 117  24]
 [  3   0  15  18   0   0 120]]";0.5458996328029376;0.43893255177943596;"[[ 42   0   6  28   2   0  28]
 [ 11   0  23  30   0   0   2]
 [  0   0 120   4   0   0   2]
 [ 13   0  24 190  12   0   7]
 [  8   0   3  99   7   3   8]
 [  8   0   8   4   0  52  18]
 [  5   0  12   3   0   0  35]]";28;[ 1  0  2 10  6  6  3]
1042;Cora;own;0.5;0.2;64;0.5;1;0.005;1932968203;0.9428571428571428;0.8118681318681319;"[[ 2  0  0  0  0  0  0]
 [ 0  0  0  1  0  0  0]
 [ 0  0  3  0  0  0  0]
 [ 0  0  0 12  0  0  0]
 [ 1  0  0  0  6  0  0]
 [ 0  0  0  0  0  7  0]
 [ 0  0  0  0  0  0  3]]";0.6891163793103449;0.5955482400993669;"[[149   0  12  44  10   2  26]
 [ 25   0  51  33   0   4   5]
 [  2   0 332   3   0   1   2]
 [ 36   0  40 439  15   3  10]
 [ 47   0   1 121 108   2   2]
 [ 10   0   5   5   0 139  26]
 [  5   0  20   9   0   0 112]]";0.5899632802937577;0.5034928221481882;"[[ 48   0   5  27   4   0  22]
 [ 19   0  30  16   0   0   1]
 [  0   0 123   2   0   0   1]
 [ 18   0  32 181   8   2   5]
 [ 18   0   1  67  37   3   2]
 [  8   0   4   5   0  57  16]
 [  5   0   8   5   0   1  36]]";35;[ 2  1  3 12  7  7  3]
1043;Cora;own;0.5;0.2;64;0.5;1;0.005;1932968203;0.9761904761904762;0.852216748768473;"[[ 4  0  0  0  0  0  0]
 [ 0  0  0  1  0  0  0]
 [ 0  0  4  0  0  0  0]
 [ 0  0  0 14  0  0  0]
 [ 0  0  0  0  8  0  0]
 [ 0  0  0  0  0  7  0]
 [ 0  0  0  0  0  0  4]]";0.7187669010275824;0.6271331801410122;"[[189   0  11  29  10   2  25]
 [ 32   0  52  23   0   4   4]
 [  0   0 331   2   0   0   2]
 [ 20   0  54 427  27   1   6]
 [ 23   0   3  99 145   1   3]
 [ 17   0   9   2   0 133  20]
 [  7   0  22  10   0   0 104]]";0.6156670746634026;0.53136540499466;"[[ 61   0   6  15   5   0  19]
 [ 20   0  31  12   0   0   3]
 [  0   0 122   3   0   0   1]
 [ 13   0  31 181  18   0   3]
 [ 20   0   1  56  49   1   1]
 [ 12   0   5   4   1  55  13]
 [  5   0   8   5   1   1  35]]";42;[ 4  1  4 14  8  7  4]
1044;Cora;own;0.5;0.2;64;0.5;1;0.005;1932968203;0.9183673469387755;0.7953664799253035;"[[ 4  0  1  0  0  0  0]
 [ 0  0  0  2  0  0  0]
 [ 0  0  4  0  0  0  0]
 [ 0  0  0 15  0  0  0]
 [ 0  0  0  0  9  0  0]
 [ 1  0  0  0  0  8  0]
 [ 0  0  0  0  0  0  5]]";0.7149837133550488;0.6283383038174986;"[[192   0   8  28   4   3  19]
 [ 32   0  51  38   3  12   8]
 [  0   0 321   2   0   1   2]
 [ 27   0  47 421  20   2   7]
 [ 23   0   1  94 143   2   6]
 [ 18   0   8   2   4 131  16]
 [  8   0  15  10   0   4 109]]";0.6242350061199511;0.540284952498184;"[[ 64   0   6  16   2   0  18]
 [ 13   0  30  17   0   3   3]
 [  0   0 122   3   0   0   1]
 [ 14   0  28 178  17   1   8]
 [ 14   0   1  53  54   4   2]
 [ 14   0   4   3   1  55  13]
 [  5   0   7   5   0   1  37]]";49;[ 5  2  4 15  9  9  5]
1045;Cora;own;0.5;0.2;64;0.5;1;0.005;1932968203;0.9285714285714286;0.8156662888120688;"[[ 4  0  0  1  0  0  0]
 [ 0  0  0  1  1  0  1]
 [ 0  0  5  0  0  0  0]
 [ 0  0  0 16  0  0  0]
 [ 0  0  0  0 11  0  0]
 [ 0  0  0  0  0 10  0]
 [ 0  0  0  0  0  0  6]]";0.761307901907357;0.673151913393217;"[[184   0   7  30   3   2  19]
 [ 30   0  41  42   8  10   5]
 [  1   0 323   1   0   0   2]
 [ 25   0  33 420  27   1   6]
 [ 19   0   1  42 219   2   5]
 [ 16   0  10   2   1 123  11]
 [  4   0   8  18   4   2 128]]";0.6707466340269278;0.5848378764522282;"[[ 69   0   5  14   0   0  18]
 [ 11   0  23  22   6   0   4]
 [  0   0 122   3   0   0   1]
 [ 12   0  28 177  23   0   6]
 [  6   0   1  26  89   4   2]
 [ 12   0   5   3   1  55  14]
 [  5   0   5   8   1   0  36]]";56;[ 5  3  5 16 11 10  6]
1046;Cora;own;0.5;0.2;64;0.5;1;0.005;1932968203;0.9365079365079365;0.8184869099154815;"[[ 5  0  0  0  0  0  1]
 [ 0  0  0  1  1  0  1]
 [ 0  0  6  0  0  0  0]
 [ 0  0  0 17  0  0  0]
 [ 0  0  0  0 12  0  0]
 [ 0  0  0  0  0 11  0]
 [ 0  0  0  0  0  0  8]]";0.7636761487964989;0.674119193942051;"[[167   0   6  33  10   3  27]
 [ 13   0  47  30  16  14  15]
 [  0   0 316   3   0   1   2]
 [ 16   0  41 396  39   5  15]
 [ 11   0   1  25 242   4   8]
 [  6   0   7   2   1 126  20]
 [  2   0   1   5   1   2 149]]";0.6670746634026927;0.580431535852556;"[[ 58   0   5  14   5   0  24]
 [  4   0  25  15   8   5   9]
 [  0   0 122   2   0   0   2]
 [  7   0  26 167  34   2  10]
 [  4   0   1  18  98   4   3]
 [  8   0   5   2   2  57  16]
 [  4   0   2   4   2   0  43]]";63;[ 6  3  6 17 12 11  8]
1047;Cora;own;0.5;0.2;64;0.5;1;0.005;1932968203;0.8714285714285714;0.7642648170379263;"[[ 5  0  1  0  0  0  0]
 [ 2  0  2  1  1  0  1]
 [ 0  0  6  0  0  0  0]
 [ 0  0  0 17  0  0  0]
 [ 0  0  0  0 13  0  0]
 [ 1  0  0  0  0 12  0]
 [ 0  0  0  0  0  0  8]]";0.7556287753981329;0.6660021110237045;"[[171   0   9  31  10   2  16]
 [ 29   0  46  25  18   9   7]
 [  0   0 309   3   0   1   2]
 [ 14   0  39 391  39   2  13]
 [ 18   0   0  31 246  11   1]
 [ 22   0  13   2   1 127  17]
 [  6   0   2   4   1   1 132]]";0.6854345165238678;0.6017723575181516;"[[ 65   0   8  13   6   0  14]
 [ 14   0  24  13   8   3   4]
 [  0   0 124   2   0   0   0]
 [ 10   0  24 170  36   0   6]
 [  4   0   1  17 100   5   1]
 [ 10   0   6   1   2  58  13]
 [  4   0   2   4   2   0  43]]";70;[ 6  7  6 17 13 13  8]
1048;Cora;own;0.5;0.2;64;0.5;1;0.005;1932968203;0.8441558441558441;0.7507677849923203;"[[ 5  0  1  0  0  0  0]
 [ 2  0  1  1  1  3  1]
 [ 0  0  7  0  0  0  0]
 [ 0  0  0 18  0  0  0]
 [ 0  0  0  0 14  0  0]
 [ 1  0  0  0  0 13  1]
 [ 0  0  0  0  0  0  8]]";0.7375964718853363;0.6457689957147525;"[[150   0  10  26  16   4  23]
 [ 10   0  35  19  26  36   9]
 [  0   0 308  10   4   0   2]
 [ 15   0  39 373  51   5  11]
 [ 13   0   1  28 249  11   4]
 [ 23   0   8   3   2 134  20]
 [  4   0   1   5   1   1 124]]";0.6707466340269278;0.5858460638790719;"[[ 58   0   9  13   9   1  16]
 [  6   0  25  11   8  12   4]
 [  0   0 123   3   0   0   0]
 [  7   0  26 164  41   1   7]
 [  3   0   1  17 101   5   1]
 [ 10   0   5   0   3  60  12]
 [  4   0   2   4   2   1  42]]";77;[ 6  9  7 18 14 15  8]
1049;Cora;own;0.5;0.2;64;0.5;1;0.005;1932968203;0.8452380952380952;0.7704761982972723;"[[ 7  0  1  0  0  0  0]
 [ 3  0  0  1  1  5  1]
 [ 0  0  7  0  0  0  0]
 [ 0  0  0 19  0  0  0]
 [ 0  0  0  0 14  0  0]
 [ 1  0  0  0  0 16  0]
 [ 0  0  0  0  0  0  8]]";0.7470946319867183;0.6539348257735088;"[[164   0   9  24   9   6  20]
 [ 15   0  15  16  15  64   6]
 [  0   0 304   9   0   2   1]
 [ 19   0  36 376  44   7   9]
 [ 15   0   0  34 244  11   4]
 [ 27   0   4   3   1 146  15]
 [  5   0   1   7   1   3 116]]";0.6744186046511628;0.5858007376235174;"[[ 62   0   6  11   8   5  14]
 [  8   0  12  11   5  25   5]
 [  1   0 116   7   0   2   0]
 [ 13   0  17 173  35   3   5]
 [  4   0   0  20  96   7   1]
 [  9   0   3   0   2  65  11]
 [  4   0   2   6   2   2  39]]";84;[ 8 11  7 19 14 17  8]
1050;Cora;own;0.5;0.2;64;0.5;1;0.005;1932968203;0.978021978021978;0.9718614718614719;"[[ 9  0  1  0  0  0  0]
 [ 0 13  0  0  0  0  0]
 [ 0  0  7  0  0  0  0]
 [ 0  0  0 20  0  0  0]
 [ 0  0  0  0 15  0  0]
 [ 1  0  0  0  0 16  0]
 [ 0  0  0  0  0  0  9]]";0.8055555555555556;0.8044882548459995;"[[176   2   7  18  11   6  19]
 [  0 105   8   5   2   6   2]
 [  0   0 300   9   0   3   1]
 [ 35   8  26 358  41   9   9]
 [ 13   2   0  34 243  11   4]
 [ 23   1   3   2   1 152  14]
 [  3   2   1   4   1   4 116]]";0.7294981640146879;0.7196803590206305;"[[ 63   6   3  12   7   2  13]
 [  0  46   7   6   1   3   3]
 [  1   2 120   3   0   0   0]
 [ 31   3  10 164  34   1   3]
 [  3   4   0  19  98   4   0]
 [ 11   1   2   0   2  64  10]
 [  4   4   2   0   2   2  41]]";91;[10 13  7 20 15 17  9]
1051;Cora;own;0.5;0.2;64;0.5;1;0.005;1932968203;0.9693877551020408;0.9671786685075722;"[[ 9  0  0  0  0  0  1]
 [ 0 14  0  0  0  0  0]
 [ 0  0  8  0  0  0  0]
 [ 1  0  0 21  0  0  0]
 [ 0  0  0  0 16  0  0]
 [ 0  0  0  0  1 17  0]
 [ 0  0  0  0  0  0 10]]";0.8008923591745678;0.7956581424573034;"[[148   3   8  16  19   9  25]
 [  0 105   8   4   3   5   3]
 [  0   0 305   8   0   1   2]
 [ 31   5  32 354  43  17  12]
 [  9   2   1  22 256   3  10]
 [ 12   2   2   2   5 142  19]
 [  7   0   1   2   1   3 126]]";0.7172582619339045;0.707286020689026;"[[ 52   3   7  10   9   5  20]
 [  0  49   7   5   1   1   3]
 [  0   2 122   2   0   0   0]
 [ 21   3  14 156  43   0   9]
 [  2   4   0  16 102   2   2]
 [  7   2   4   0   2  61  14]
 [  2   0   2   2   3   2  44]]";98;[10 14  8 22 16 18 10]
1052;Cora;own;0.5;0.2;64;0.5;1;0.005;1932968203;0.9714285714285714;0.9695900494585186;"[[10  0  0  0  0  0  1]
 [ 0 15  0  0  0  0  0]
 [ 0  0  8  0  0  0  0]
 [ 1  0  0 25  0  0  0]
 [ 0  0  0  0 16  0  0]
 [ 0  0  0  0  1 17  0]
 [ 0  0  0  0  0  0 11]]";0.799552071668533;0.7960875148646933;"[[157   5   5  19  10   6  28]
 [  1 100   7   9   3   3   3]
 [  0   0 295  13   0   1   3]
 [ 29   4  20 392  41   8  11]
 [ 11   3   1  44 220   3   9]
 [ 15   0   3   3   5 142  16]
 [  5   0   0   9   0   2 122]]";0.7441860465116279;0.7281256312110498;"[[ 53   3   4  13   7   3  23]
 [  0  47   6   9   1   0   3]
 [  1   2 119   4   0   0   0]
 [ 22   2   8 187  21   0   6]
 [  3   4   0  22  96   1   2]
 [  7   1   3   2   2  61  14]
 [  3   0   0   5   1   1  45]]";105;[11 15  8 26 16 18 11]
1053;Cora;own;0.5;0.2;64;0.5;1;0.005;1932968203;0.9821428571428571;0.9854986020503261;"[[12  0  0  0  0  0  0]
 [ 0 16  0  0  0  0  0]
 [ 0  0  8  0  0  0  0]
 [ 1  0  0 28  0  0  0]
 [ 0  0  0  0 16  0  0]
 [ 0  0  0  1  0 18  0]
 [ 0  0  0  0  0  0 12]]";0.8066329398538504;0.7987447201608667;"[[137   5   6  15  21   4  41]
 [  1 106   8   4   3   3   2]
 [  0   0 299  10   0   1   2]
 [ 22   5  14 400  40   9  11]
 [  7   3   1  42 224   3  10]
 [ 12   1   1   3   2 144  19]
 [  1   0   0   9   1   2 125]]";0.7380660954712362;0.7243149931191948;"[[ 48   3   6  13  10   3  23]
 [  0  51   6   5   1   1   2]
 [  0   2 120   4   0   0   0]
 [ 23   3  10 181  25   0   4]
 [  3   4   0  21  96   1   3]
 [  6   0   2   2   3  62  15]
 [  0   0   1   5   3   1  45]]";112;[12 16  8 29 16 19 12]
1054;Cora;own;0.5;0.2;64;0.5;1;0.005;1932968203;0.9747899159663865;0.9761389961389961;"[[14  0  0  0  0  0  1]
 [ 0 17  0  0  0  0  0]
 [ 0  0  9  0  0  0  0]
 [ 1  0  0 29  0  0  0]
 [ 0  0  0  0 17  0  0]
 [ 0  0  0  1  0 18  0]
 [ 0  0  0  0  0  0 12]]";0.8120767494356659;0.8064676140312113;"[[160   5   6  14  10   2  34]
 [  1 106  10   3   2   3   1]
 [  0   0 298   9   0   1   2]
 [ 33  11  15 394  31   6   9]
 [ 10   3   1  45 215   3  11]
 [ 16   1   1   3   2 140  19]
 [  1   0   0   7   1   1 126]]";0.7331701346389229;0.7247395398595001;"[[ 56   3   5  11   6   4  21]
 [  0  51   6   5   1   1   2]
 [  0   2 120   4   0   0   0]
 [ 32   4  11 175  22   0   2]
 [  4   4   0  24  93   1   2]
 [ 13   0   2   1   2  59  13]
 [  1   0   1   5   2   1  45]]";119;[15 17  9 30 17 19 12]
1055;Cora;own;0.5;0.2;64;0.5;1;0.005;1932968203;0.9603174603174603;0.955383841995018;"[[15  0  1  0  1  0  1]
 [ 0 18  0  0  0  0  0]
 [ 0  0  9  0  0  0  0]
 [ 1  0  0 30  0  0  0]
 [ 0  0  0  0 17  0  0]
 [ 0  0  0  0  0 19  1]
 [ 0  0  0  0  0  0 13]]";0.7988668555240793;0.7923764950752584;"[[158   6   9  12  13   2  34]
 [  2 105  10  12   3   3   2]
 [  0   0 294   8   0   1   2]
 [ 31  14  21 369  31   5  18]
 [  8   3   1  45 213   3  11]
 [ 14   2   1   0   2 139  23]
 [  1   0   0   0   1   1 132]]";0.7294981640146879;0.7247179494621948;"[[ 54   4   3   9   6   3  27]
 [  0  53   6   3   1   1   2]
 [  0   2 120   4   0   0   0]
 [ 31   3  13 167  26   0   6]
 [  4   4   0  25  92   1   2]
 [ 13   0   2   1   2  59  13]
 [  0   0   1   0   2   1  51]]";126;[18 18  9 31 17 20 13]
1056;Cora;own;0.5;0.2;64;0.5;1;0.005;1932968203;0.9624060150375939;0.9643759831259832;"[[19  0  0  0  1  0  0]
 [ 0 19  0  0  0  0  0]
 [ 0  0 10  0  0  0  0]
 [ 1  0  0 31  0  0  0]
 [ 0  0  0  0 17  1  1]
 [ 0  0  0  1  0 19  0]
 [ 0  0  0  0  0  0 13]]";0.8122866894197952;0.8084121033666436;"[[184   5   6  13   6   2  22]
 [  3 104  10   2   3   3   1]
 [  1   0 288  14   0   1   1]
 [ 38  11  13 394  28   4  11]
 [ 12   3   0  50 206   4   8]
 [ 24   1   1   3   2 134  19]
 [  3   0   0   0   1   1 118]]";0.7405140758873929;0.7374171903605004;"[[ 63   4   3   9   5   3  19]
 [  0  52   6   5   0   1   2]
 [  1   2 118   5   0   0   0]
 [ 38   4   7 174  21   0   2]
 [  5   4   0  25  91   1   2]
 [ 15   0   2   1   2  59  11]
 [  3   0   1   0   2   1  48]]";133;[20 19 10 32 19 20 13]
1057;Cora;own;0.5;0.2;64;0.5;1;0.005;1932968203;0.9785714285714285;0.9802405661753607;"[[20  0  0  0  0  0  0]
 [ 0 20  0  0  0  0  0]
 [ 0  0 11  0  0  0  0]
 [ 1  0  0 33  0  0  0]
 [ 0  0  0  0 19  0  1]
 [ 0  0  0  1  0 20  0]
 [ 0  0  0  0  0  0 14]]";0.806967447173044;0.7990730767806022;"[[164   7   7  10   8   4  28]
 [  2 102   7   2   3   3   1]
 [  0   0 313   2   1   1   0]
 [ 28   9  26 377  36   1  16]
 [ 11   3   0  51 209   3   8]
 [ 18   1   2   4   2 134  25]
 [  4   0   2   0   1   1 114]]";0.7392900856793145;0.7321411866203551;"[[ 55   3   7  11   7   2  21]
 [  0  50   8   5   0   1   2]
 [  0   2 122   2   0   0   0]
 [ 23   3  20 173  23   0   4]
 [  3   4   0  25  94   1   1]
 [ 12   0   2   1   2  60  13]
 [  0   0   2   0   2   1  50]]";140;[20 20 11 34 20 21 14]
1058;Cora;own;0.5;0.2;64;0.5;1;0.005;1932968203;0.9659863945578231;0.9652603930731389;"[[21  0  0  0  0  0  1]
 [ 0 20  0  0  0  0  0]
 [ 0  0 12  0  0  0  0]
 [ 0  1  0 35  0  0  0]
 [ 0  0  0  0 20  0  1]
 [ 0  0  0  1  0 20  0]
 [ 1  0  0  0  0  0 14]]";0.8228211009174312;0.816302124902116;"[[178   6   7   9   9   3  18]
 [  2 101   6   3   4   3   1]
 [  1   0 312   1   1   2   0]
 [ 35   6  21 386  31   1  11]
 [ 12   3   0  47 213   2   6]
 [ 21   2   2   4   2 133  22]
 [  1   0   2   1   0   1 112]]";0.7527539779681762;0.7465839218064855;"[[ 59   3   5  13   6   1  19]
 [  0  51   7   5   0   1   2]
 [  0   2 122   2   0   0   0]
 [ 25   3  16 179  20   0   3]
 [  3   4   0  25  96   0   0]
 [ 13   0   1   3   2  60  11]
 [  0   0   3   1   2   1  48]]";147;[22 20 12 36 21 21 15]
1059;Cora;own;0.5;0.2;64;0.5;1;0.005;1932968203;0.987012987012987;0.9893324164452922;"[[23  0  0  0  0  0  0]
 [ 0 21  0  0  0  0  0]
 [ 0  0 14  0  0  0  0]
 [ 0  1  0 36  0  0  0]
 [ 0  0  0  0 22  0  0]
 [ 0  0  0  1  0 20  0]
 [ 0  0  0  0  0  0 16]]";0.8290155440414507;0.8193019427737419;"[[178   6   6   9  12   4  16]
 [  2 101   6   3   4   3   1]
 [  1   0 312   1   0   3   0]
 [ 33   6  20 389  32   0  10]
 [ 11   3   0  36 224   2   6]
 [ 22   2   2   4   2 126  23]
 [  1   0   2   1   0   2 110]]";0.7662178702570379;0.7553146173059624;"[[ 61   3   5  12   5   1  19]
 [  0  51   7   5   0   1   2]
 [  0   2 123   1   0   0   0]
 [ 21   3  15 186  20   0   1]
 [  2   4   2  21  99   0   0]
 [ 14   0   1   3   2  59  11]
 [  0   0   4   1   2   1  47]]";154;[23 21 14 37 22 21 16]
1060;Cora;own;0.5;0.2;64;0.5;1;0.005;1932968203;0.9875776397515528;0.99009928530574;"[[24  0  0  0  0  0  0]
 [ 0 22  0  0  0  0  0]
 [ 0  0 15  0  0  0  0]
 [ 1  0  0 38  0  0  0]
 [ 0  0  0  0 22  0  0]
 [ 0  0  0  1  0 21  0]
 [ 0  0  0  0  0  0 17]]";0.8271676300578035;0.8173670640696601;"[[180   6   6  10  12   4  18]
 [  2 103   7   2   2   2   1]
 [  1   0 309   2   0   3   0]
 [ 34   7  19 388  28   0  10]
 [ 13   4   0  35 219   2   7]
 [ 24   1   3   3   2 126  22]
 [  2   0   2   1   0   2 106]]";0.7613219094247246;0.7503275402365485;"[[ 63   4   5  10   5   1  18]
 [  0  52   6   5   0   1   2]
 [  0   2 123   1   0   0   0]
 [ 24   5  14 183  19   0   1]
 [  3   4   2  21  97   0   1]
 [ 16   0   2   1   2  58  11]
 [  1   0   3   3   1   1  46]]";161;[24 22 15 39 22 22 17]
1061;Cora;own;0.5;0.2;64;0.5;1;0.005;1932968203;0.9761904761904762;0.9769250824323288;"[[24  0  0  0  1  0  0]
 [ 0 22  0  0  0  0  0]
 [ 0  0 16  0  0  0  0]
 [ 0  0  0 40  0  0  0]
 [ 0  1  0  0 22  0  0]
 [ 1  0  0  1  0 22  0]
 [ 0  0  0  0  0  0 18]]";0.8351712130005804;0.825826683043142;"[[179   6   7   9  13   3  15]
 [  2 100   6   2   3   2   1]
 [  1   0 310   1   0   3   0]
 [ 30   5  19 395  29   0   7]
 [ 13   3   0  35 223   2   5]
 [ 25   1   2   3   2 127  21]
 [  2   0   2   2   0   2 105]]";0.7662178702570379;0.7574926598017718;"[[ 64   4   5  10   5   1  17]
 [  0  52   6   5   0   1   2]
 [  0   2 123   1   0   0   0]
 [ 22   4  14 182  23   0   1]
 [  2   4   3  20  98   0   1]
 [ 15   0   1   1   2  61  10]
 [  1   0   3   3   1   1  46]]";168;[25 22 16 40 23 24 18]
1062;Cora;own;0.5;0.2;64;0.5;1;0.005;1932968203;0.9828571428571429;0.9835520035063693;"[[26  0  0  0  0  0  0]
 [ 0 23  0  0  0  0  0]
 [ 0  0 17  0  0  0  0]
 [ 0  0  0 41  0  0  0]
 [ 0  1  0  0 23  0  0]
 [ 1  0  0  1  0 23  0]
 [ 0  0  0  0  0  0 19]]";0.837995337995338;0.828120780140801;"[[182   6   7   9   8   2  16]
 [  2 101   6   2   1   2   1]
 [  1   0 307   1   0   4   0]
 [ 28   5  20 401  24   0   7]
 [ 14   3   0  38 216   2   7]
 [ 24   1   1   3   2 126  20]
 [  4   0   1   3   0   3 105]]";0.773561811505508;0.7630145689813695;"[[ 65   4   5  11   5   0  16]
 [  0  52   6   5   0   1   2]
 [  0   2 123   1   0   0   0]
 [ 20   4  13 189  18   0   2]
 [  2   4   2  22  96   1   1]
 [ 15   0   1   1   2  61  10]
 [  1   0   2   4   1   1  46]]";175;[26 23 17 41 24 25 19]
1063;Cora;own;0.5;0.2;64;0.5;1;0.005;1932968203;0.9725274725274725;0.9718457575654021;"[[26  0  0  0  0  0  0]
 [ 0 23  0  0  1  0  0]
 [ 0  0 18  0  0  0  0]
 [ 1  0  0 42  0  0  0]
 [ 0  2  0  0 23  0  0]
 [ 0  0  0  0  0 25  1]
 [ 0  0  0  0  0  0 20]]";0.8361614979520188;0.8244784598517665;"[[180   7   7   8   8   2  17]
 [  3  99   6   2   0   1   1]
 [  1   0 305   1   0   4   1]
 [ 33   8  17 384  31   1  12]
 [ 13   3   0  23 232   2   6]
 [ 25   1   2   0   2 124  22]
 [  5   0   1   2   0   2 105]]";0.769889840881273;0.7626877489386954;"[[ 67   4   5   8   5   0  17]
 [  0  53   6   4   0   1   2]
 [  0   2 123   1   0   0   0]
 [ 23   4  17 178  20   1   3]
 [  3   4   3  18  99   0   1]
 [ 15   1   1   0   2  62   9]
 [  1   0   2   3   1   1  47]]";182;[26 24 18 43 25 26 20]
1064;Cora;own;0.5;0.2;64;0.5;1;0.005;1932968203;0.9735449735449735;0.9729102752974291;"[[27  0  0  0  1  0  0]
 [ 0 23  0  0  1  0  0]
 [ 0  0 19  0  0  0  0]
 [ 0  1  0 43  0  0  0]
 [ 0  1  0  0 25  0  0]
 [ 0  0  0  0  0 26  1]
 [ 0  0  0  0  0  0 21]]";0.8401880141010576;0.8258547217623392;"[[164   5   7   9  19   2  22]
 [  3  95   8   2   1   1   1]
 [  1   0 305   1   0   3   0]
 [ 22   6  19 388  40   0  11]
 [ 10   0   0   9 251   2   5]
 [ 22   1   4   0   4 122  23]
 [  4   0   1   3   0   1 105]]";0.7796817625458996;0.7671256527275147;"[[ 63   3   5   9   7   0  19]
 [  0  51   7   5   0   1   2]
 [  0   2 123   1   0   0   0]
 [ 18   4  15 179  28   0   2]
 [  1   4   2   7 114   0   0]
 [ 13   0   1   1   4  62   9]
 [  0   0   2   5   2   1  45]]";189;[28 24 19 44 26 27 21]
1065;Cora;own;0.5;0.2;64;0.5;1;0.005;1932968203;0.9744897959183674;0.9762098467212298;"[[28  0  0  1  0  0  0]
 [ 0 23  0  1  0  0  0]
 [ 0  0 20  0  0  1  0]
 [ 1  0  0 44  0  0  0]
 [ 1  0  0  0 26  0  0]
 [ 0  0  0  0  0 27  0]
 [ 0  0  0  0  0  0 23]]";0.8442477876106195;0.830668182553888;"[[180   4   8  10   2   2  21]
 [  3  95   8   2   0   1   2]
 [  1   0 304   1   0   6   0]
 [ 28   4  18 404  22   0   9]
 [ 17   1   0  24 225   2   7]
 [ 25   1   5   0   2 119  20]
 [  4   0   2   1   0   1 104]]";0.791921664626683;0.7807694755608974;"[[ 72   2   5  10   0   0  17]
 [  1  50   7   5   0   1   2]
 [  0   2 123   1   0   0   0]
 [ 23   5  15 188  14   0   1]
 [  5   4   3  10 104   1   1]
 [ 16   0   1   2   1  62   8]
 [  1   0   3   1   1   1  48]]";196;[29 24 21 45 27 27 23]
1066;Cora;own;0.5;0.2;64;0.5;1;0.005;1932968203;0.9852216748768473;0.9849786255269398;"[[29  0  0  0  1  0  0]
 [ 0 26  0  0  0  0  0]
 [ 0  0 21  0  0  1  0]
 [ 0  1  0 45  0  0  0]
 [ 0  0  0  0 28  0  0]
 [ 0  0  0  0  0 28  0]
 [ 0  0  0  0  0  0 23]]";0.8430094786729858;0.8282122198055404;"[[162   5   8   9  15   3  25]
 [  2  98   4   2   0   1   1]
 [  1   0 303   1   0   6   0]
 [ 19  11  17 396  30   2   9]
 [ 11   2   0  22 233   2   5]
 [ 10   3   4   0   3 127  25]
 [  3   0   2   1   0   1 104]]";0.8053855569155447;0.7883311198619227;"[[ 63   5   3   9   4   1  21]
 [  0  54   6   3   0   1   2]
 [  0   2 123   1   0   0   0]
 [ 16   7  12 190  18   1   2]
 [  1   4   2   9 112   0   0]
 [  5   1   1   0   2  68  13]
 [  0   0   3   1   2   1  48]]";203;[30 26 22 46 28 28 23]
1067;Cora;own;0.5;0.2;64;0.5;1;0.005;1932968203;0.9857142857142858;0.9866880118803929;"[[30  0  0  1  0  0  0]
 [ 0 27  0  0  0  0  0]
 [ 0  0 21  0  0  1  0]
 [ 1  0  0 46  0  0  0]
 [ 0  0  0  0 29  0  0]
 [ 0  0  0  0  0 30  0]
 [ 0  0  0  0  0  0 24]]";0.8488994646044021;0.8361362246153842;"[[171   5   6   8   6   3  27]
 [  2  96   7   2   0   1   1]
 [  1   0 300   1   0   3   0]
 [ 28   5  17 398  25   1   9]
 [ 12   2   0  24 229   2   5]
 [ 15   1   3   0   2 131  23]
 [  4   0   1   1   0   1 102]]";0.802937576499388;0.789658375890793;"[[ 67   2   3  10   4   1  19]
 [  1  52   6   4   0   1   2]
 [  0   2 123   1   0   0   0]
 [ 20   5  13 191  15   1   1]
 [  4   4   2   9 107   2   0]
 [  8   0   1   1   2  67  11]
 [  0   0   2   1   2   1  49]]";210;[31 27 22 47 29 30 24]
1068;Cora;own;0.5;0.2;64;0.5;1;0.005;1932968203;0.9815668202764977;0.9833368398905955;"[[30  0  0  2  0  0  0]
 [ 0 28  0  0  0  0  0]
 [ 0  0 22  0  0  1  0]
 [ 1  0  0 47  0  0  0]
 [ 0  0  0  0 30  0  0]
 [ 0  0  0  0  0 31  0]
 [ 0  0  0  0  0  0 25]]";0.8405017921146953;0.8273646017579014;"[[163   3   6  10   9   2  32]
 [  2  91   9   4   1   1   1]
 [  1   0 299   2   0   2   0]
 [ 23   4  21 392  27   2  11]
 [ 13   1   0  23 229   2   6]
 [ 14   1   2   1   2 130  25]
 [  2   0   0   1   0   1 103]]";0.7980416156670747;0.7831336119385283;"[[ 64   2   3  10   5   2  20]
 [  1  49   8   5   0   1   2]
 [  0   2 123   1   0   0   0]
 [ 18   5  16 190  15   1   1]
 [  3   3   3   9 110   0   0]
 [  7   0   2   1   2  66  12]
 [  0   0   2   1   1   1  50]]";217;[32 28 23 48 30 31 25]
1069;Cora;own;0.5;0.2;64;0.5;1;0.005;1932968203;0.9821428571428571;0.9830724781661839;"[[31  0  0  2  0  0  0]
 [ 0 29  0  0  0  0  0]
 [ 0  0 23  0  0  0  0]
 [ 0  0  1 49  0  0  0]
 [ 0  0  0  0 31  0  0]
 [ 0  0  1  0  0 31  0]
 [ 0  0  0  0  0  0 26]]";0.8458308338332333;0.8370298623584825;"[[172   3   5  12   9   2  21]
 [  2  93   8   4   1   0   1]
 [  1   0 290   2   0   1   0]
 [ 30   6  23 393  28   0   8]
 [ 14   1   0  19 233   2   3]
 [ 16   1   3   2   2 129  21]
 [  4   0   0   0   1   1 100]]";0.8053855569155447;0.7924365400214961;"[[ 69   2   3  10   5   1  16]
 [  0  51   7   6   0   0   2]
 [  1   2 122   1   0   0   0]
 [ 18   6  10 194  16   1   1]
 [  5   4   2   9 108   0   0]
 [ 12   0   2   1   2  64   9]
 [  1   0   0   0   2   2  50]]";224;[33 29 23 50 31 32 26]
1070;Cora;own;0.5;0.2;64;0.5;1;0.005;1932968203;0.9783549783549783;0.9797565592968328;"[[31  0  0  2  0  1  0]
 [ 0 31  0  0  0  0  0]
 [ 0  0 23  0  0  0  0]
 [ 1  0  0 51  0  0  0]
 [ 0  0  0  0 32  0  0]
 [ 0  0  1  0  0 31  0]
 [ 0  0  0  0  0  0 27]]";0.8506024096385543;0.8374495810981041;"[[165   3   5  15   9   4  20]
 [  1  89   9   7   1   1   1]
 [  1   0 288   3   0   0   0]
 [ 25   3  10 410  26   5   8]
 [ 17   1   0  19 229   2   3]
 [ 13   1   3   3   1 134  20]
 [  4   0   0   0   1   3  97]]";0.8053855569155447;0.7893594945281414;"[[ 66   2   3  14   4   1  16]
 [  1  49   7   7   0   0   2]
 [  0   2 123   1   0   0   0]
 [ 17   5   6 199  15   3   1]
 [  5   4   2  10 106   1   0]
 [  9   0   2   2   2  67   8]
 [  1   0   0   0   2   4  48]]";231;[34 31 23 52 32 32 27]
1071;Cora;own;0.5;0.2;64;0.5;1;0.005;1932968203;0.9831932773109243;0.9824891508595873;"[[33  0  0  1  1  0  0]
 [ 0 32  0  0  0  0  0]
 [ 0  0 24  0  0  0  0]
 [ 0  0  0 53  0  0  0]
 [ 0  0  0  0 33  0  0]
 [ 0  0  1  0  0 32  1]
 [ 0  0  0  0  0  0 27]]";0.8408953418027828;0.8251185897512284;"[[158   3   5  16  11   5  23]
 [  3  88   9   6   1   0   1]
 [  1   0 287   2   0   1   0]
 [ 27   7   9 403  29   5   7]
 [ 17   1   0  18 228   2   4]
 [ 12   1   3   3   1 133  23]
 [  3   0   0   0   1   3  93]]";0.8017135862913096;0.7840992613952381;"[[ 66   2   4  13   4   1  16]
 [  1  50   7   6   0   0   2]
 [  0   2 123   1   0   0   0]
 [ 16   6   6 198  16   3   1]
 [  5   4   2  11 105   1   0]
 [  8   0   2   2   2  67   9]
 [  1   0   0   0   2   6  46]]";238;[35 32 24 53 33 34 27]
1072;Cora;own;0.5;0.2;64;0.5;1;0.005;1932968203;0.9795918367346939;0.9803368844641691;"[[34  0  0  1  1  0  0]
 [ 0 32  0  0  0  0  0]
 [ 0  0 24  0  0  0  0]
 [ 1  0  0 54  0  0  0]
 [ 0  0  0  0 35  0  0]
 [ 1  0  1  0  0 33  0]
 [ 0  0  0  0  0  0 28]]";0.8432563791008505;0.8292337376161688;"[[159   2   5  20  11   1  18]
 [  3  87   7   8   1   0   1]
 [  1   0 285   3   0   1   0]
 [ 29   8   8 412  28   3   5]
 [ 16   1   0  21 224   2   2]
 [ 15   1   3   2   1 130  23]
 [  3   0   0   1   1   3  91]]";0.8004895960832313;0.7828711164033343;"[[ 66   2   2  15   4   1  16]
 [  1  50   7   6   0   0   2]
 [  0   2 123   1   0   0   0]
 [ 16   6   4 199  17   3   1]
 [  5   4   2  12 104   1   0]
 [  8   0   2   2   2  67   9]
 [  1   0   0   1   2   6  45]]";245;[36 32 24 55 35 35 28]
1073;Cora;own;0.5;0.2;64;0.5;1;0.005;1932968203;0.9801587301587301;0.9789798743177391;"[[35  0  0  1  1  0  0]
 [ 0 33  1  0  0  0  0]
 [ 0  0 24  0  0  0  0]
 [ 0  0  0 56  0  0  0]
 [ 0  0  0  0 36  0  0]
 [ 1  0  1  0  0 34  0]
 [ 0  0  0  0  0  0 29]]";0.8456375838926175;0.8283993161207415;"[[158   3   5  13  13   2  24]
 [  4  88   9   5   1   1   1]
 [  1   0 281   2   0   2   0]
 [ 25   8   8 406  33   4   7]
 [ 12   1   0  16 231   2   3]
 [ 11   1   3   2   2 132  22]
 [  3   0   0   0   1   3  90]]";0.8004895960832313;0.7837753283352533;"[[ 66   3   3  12   5   1  16]
 [  1  51   6   5   0   1   2]
 [  0   2 123   1   0   0   0]
 [ 19   7   4 192  20   3   1]
 [  3   4   2   9 108   2   0]
 [  9   0   1   1   1  67  11]
 [  0   0   0   0   3   5  47]]";252;[37 34 24 56 36 36 29]
1074;Cora;own;0.5;0.2;64;0.5;1;0.005;1932968203;0.9768339768339769;0.9763167820206906;"[[36  0  0  1  0  0  0]
 [ 0 34  1  0  0  0  0]
 [ 0  0 25  0  0  0  0]
 [ 0  0  0 57  0  1  0]
 [ 1  0  0  0 37  0  0]
 [ 1  0  1  0  0 34  0]
 [ 0  0  0  0  0  0 30]]";0.8504901960784313;0.8360136329913276;"[[165   2   4  15   7   1  23]
 [  4  93   4   5   0   1   1]
 [  1   0 278   2   0   3   0]
 [ 32   7   8 414  23   2   5]
 [ 13   2   0  21 221   2   4]
 [ 17   1   3   1   2 129  20]
 [  4   0   0   1   1   2  88]]";0.8078335373317014;0.7932774220449635;"[[ 71   2   1  14   3   0  15]
 [  0  53   6   4   0   1   2]
 [  0   2 122   1   0   0   1]
 [ 23   7   4 199   8   4   1]
 [  5   4   2  13 102   1   1]
 [ 13   0   1   1   1  66   8]
 [  1   0   0   0   2   5  47]]";259;[37 35 25 58 38 36 30]
1075;Cora;own;0.5;0.2;64;0.5;1;0.005;1932968203;0.981203007518797;0.9817119662947856;"[[37  0  0  1  0  0  0]
 [ 0 36  0  0  0  0  0]
 [ 0  0 26  0  0  0  0]
 [ 1  0  0 58  0  0  0]
 [ 1  0  0  0 40  0  0]
 [ 1  0  1  0  0 34  0]
 [ 0  0  0  0  0  0 30]]";0.8553846153846154;0.8415256343438361;"[[167   2   2  17   7   1  19]
 [  4  95   2   3   1   1   1]
 [  2   2 274   2   0   2   0]
 [ 28   7   5 414  30   1   7]
 [ 11   1   1  17 227   1   2]
 [ 18   2   3   2   3 126  19]
 [  5   0   0   1   1   2  87]]";0.8237454100367197;0.8131093746022383;"[[ 75   2   1  14   2   0  12]
 [  0  56   4   3   0   1   2]
 [  1   2 122   1   0   0   0]
 [ 19   7   4 198  15   2   1]
 [  4   3   0  11 110   0   0]
 [ 15   0   1   1   1  65   7]
 [  1   0   0   0   2   5  47]]";266;[38 36 26 59 41 36 30]
1076;Cora;own;0.5;0.2;64;0.5;1;0.005;1932968203;0.978021978021978;0.9769276635161226;"[[37  0  0  1  0  0  0]
 [ 0 37  0  0  0  0  0]
 [ 0  0 26  0  0  1  0]
 [ 0  0  0 59  0  1  0]
 [ 1  0  0  0 41  0  0]
 [ 0  0  1  0  0 35  1]
 [ 0  0  0  0  0  0 32]]";0.8547589616810878;0.8385082021234285;"[[162   2   2  18   6   4  22]
 [  4  89   4   5   1   2   1]
 [  1   1 273   3   0   3   0]
 [ 25   5   5 423  22   5   6]
 [ 12   1   0  23 218   1   3]
 [ 13   1   3   2   2 132  20]
 [  3   0   0   0   1   3  86]]";0.8298653610771114;0.8162790311019472;"[[ 73   2   1  14   1   1  14]
 [  0  56   4   3   0   1   2]
 [  1   0 121   3   1   0   0]
 [ 15   6   4 207  10   3   1]
 [  5   3   0  12 107   1   0]
 [ 11   0   1   2   0  67   9]
 [  1   0   0   0   2   5  47]]";273;[38 37 27 60 42 37 32]
1077;Cora;own;0.5;0.2;64;0.5;1;0.005;1932968203;0.9785714285714285;0.97776646231534;"[[38  0  0  1  0  0  1]
 [ 0 38  0  0  0  0  0]
 [ 0  0 27  0  0  0  0]
 [ 0  0  0 62  0  0  0]
 [ 1  0  0  0 41  0  1]
 [ 0  0  0  0  0 36  1]
 [ 0  0  0  0  0  1 32]]";0.8535071384233396;0.83671973560678;"[[163   2   3  16   6   3  22]
 [  4  88   4   6   1   1   1]
 [  1   1 273   3   0   3   0]
 [ 26   4   3 419  26   3   7]
 [ 10   1   0  22 220   1   3]
 [ 17   1   2   2   3 126  21]
 [  3   0   0   0   1   3  86]]";0.8200734394124847;0.8072394969735591;"[[ 73   2   1  13   1   1  15]
 [  0  55   4   4   0   1   2]
 [  1   0 120   3   1   0   1]
 [ 19   5   5 201  12   3   1]
 [  4   3   0  12 109   0   0]
 [ 12   0   1   1   1  65  10]
 [  1   0   0   0   2   5  47]]";280;[40 38 27 62 43 37 33]
1078;Cora;own;0.5;0.2;64;0.5;1;0.005;1932968203;0.9930313588850174;0.9930473039571057;"[[39  0  0  1  0  0  0]
 [ 0 39  0  0  0  0  0]
 [ 0  0 29  0  0  0  0]
 [ 0  0  0 64  0  0  0]
 [ 0  0  0  0 44  0  0]
 [ 0  0  0  0  0 37  1]
 [ 0  0  0  0  0  0 33]]";0.8553615960099751;0.8365458346754368;"[[157   3   3  15  12   3  21]
 [  4  88   4   6   0   1   1]
 [  0   1 272   3   0   2   1]
 [ 22   7   5 420  25   1   7]
 [  8   1   0  21 224   0   2]
 [ 14   4   3   3   2 125  20]
 [  3   0   0   1   1   2  86]]";0.8200734394124847;0.8058084672582874;"[[ 70   2   4  12   4   0  14]
 [  0  55   4   4   0   1   2]
 [  1   0 121   3   1   0   0]
 [ 16   7   4 202  13   3   1]
 [  2   3   0  12 111   0   0]
 [ 13   0   2   1   1  63  10]
 [  0   0   0   0   3   4  48]]";287;[40 39 29 64 44 38 33]
1079;Cora;own;0.5;0.2;64;0.5;1;0.005;1932968203;1.0;1.0;"[[41  0  0  0  0  0  0]
 [ 0 40  0  0  0  0  0]
 [ 0  0 30  0  0  0  0]
 [ 0  0  0 65  0  0  0]
 [ 0  0  0  0 45  0  0]
 [ 0  0  0  0  0 39  0]
 [ 0  0  0  0  0  0 34]]";0.8503443957420163;0.8351444850112457;"[[161   2   2  14   8   4  22]
 [  4  86   4   7   0   1   1]
 [  0   0 271   3   0   2   1]
 [ 35   5   4 411  21   4   6]
 [ 14   1   0  21 216   1   2]
 [ 15   3   2   3   2 128  18]
 [  3   0   0   1   1   2  85]]";0.817625458996328;0.8070580531141073;"[[ 74   2   2  13   2   0  13]
 [  0  55   4   4   0   1   2]
 [  1   0 121   3   1   0   0]
 [ 25   5   4 199   9   3   1]
 [  4   3   0  12 109   0   0]
 [ 14   0   2   1   1  63   9]
 [  2   0   0   0   2   4  47]]";294;[41 40 30 65 45 39 34]
1080;Cora;own;0.5;0.2;64;0.5;1;0.005;1932968203;1.0;1.0;"[[43  0  0  0  0  0  0]
 [ 0 41  0  0  0  0  0]
 [ 0  0 31  0  0  0  0]
 [ 0  0  0 66  0  0  0]
 [ 0  0  0  0 47  0  0]
 [ 0  0  0  0  0 39  0]
 [ 0  0  0  0  0  0 34]]";0.8540880503144654;0.836222151231739;"[[157   2   2  14  11   3  22]
 [  4  85   4   6   1   1   1]
 [  0   0 272   2   0   1   1]
 [ 26   5   4 416  24   4   7]
 [ 11   1   0  20 219   0   2]
 [ 17   3   4   3   2 124  18]
 [  3   0   0   0   1   2  85]]";0.8237454100367197;0.8130441034879471;"[[ 73   2   2  15   4   0  10]
 [  0  55   4   4   0   1   2]
 [  1   0 121   3   1   0   0]
 [ 18   5   4 203  12   3   1]
 [  3   3   0  11 111   0   0]
 [ 16   0   2   1   1  63   7]
 [  1   0   0   0   3   4  47]]";301;[43 41 31 66 47 39 34]
1081;Cora;own;0.5;0.2;64;0.5;1;0.005;1932968203;0.987012987012987;0.9857744107744107;"[[43  0  1  0  0  0  0]
 [ 0 42  0  0  0  0  0]
 [ 0  0 31  0  0  0  0]
 [ 1  0  0 67  0  0  0]
 [ 0  0  0  0 48  0  0]
 [ 0  0  0  0  0 39  1]
 [ 0  0  0  0  0  1 34]]";0.8540745420088439;0.8375784153975425;"[[158   2   1  12   9   4  23]
 [  4  86   3   5   1   1   1]
 [  0   0 271   2   0   2   1]
 [ 32   5   4 409  24   4   6]
 [ 14   1   0  17 219   0   2]
 [ 16   3   2   3   4 124  18]
 [  2   0   0   0   1   2  85]]";0.817625458996328;0.8081822097260484;"[[ 75   2   1  15   3   0  10]
 [  0  55   4   4   0   1   2]
 [  2   2 120   1   1   0   0]
 [ 20   6   4 199  13   3   1]
 [  5   3   0  11 109   0   0]
 [ 17   0   2   1   1  63   6]
 [  1   0   0   0   3   4  47]]";308;[44 42 31 68 48 40 35]
1082;Cora;own;0.5;0.2;64;0.5;1;0.005;1932968203;0.9904761904761905;0.9888002715085695;"[[45  0  0  0  0  0  0]
 [ 0 43  0  0  0  0  0]
 [ 0  0 32  0  0  0  0]
 [ 0  0  0 69  0  0  0]
 [ 0  0  0  0 49  0  0]
 [ 0  0  0  0  0 40  2]
 [ 0  0  0  0  0  1 34]]";0.8546954314720813;0.8360728172953847;"[[161   2   1  13   7   5  19]
 [  5  83   2   7   1   1   1]
 [  0   1 267   4   0   2   1]
 [ 26   5   4 416  23   4   5]
 [ 12   1   0  21 216   0   2]
 [ 15   3   3   3   4 124  18]
 [  4   0   0   1   0   3  80]]";0.828641370869033;0.8169012135313407;"[[ 76   2   1  15   2   0  10]
 [  0  55   4   4   0   1   2]
 [  1   0 121   3   1   0   0]
 [ 17   5   3 208   9   3   1]
 [  5   3   0  13 107   0   0]
 [ 15   0   2   1   1  64   7]
 [  2   0   0   1   1   5  46]]";315;[45 43 32 69 49 42 35]
1083;Cora;own;0.5;0.2;64;0.5;1;0.005;1932968203;0.9937888198757764;0.9932777922583593;"[[46  0  0  0  0  0  0]
 [ 0 44  0  0  0  0  0]
 [ 0  0 33  0  0  0  0]
 [ 0  0  0 70  0  0  0]
 [ 0  0  0  0 49  0  0]
 [ 0  0  0  0  1 42  1]
 [ 0  0  0  0  0  0 36]]";0.8527724665391969;0.8348891068835981;"[[158   3   1  10   9   5  21]
 [  5  84   2   5   1   1   1]
 [  0   0 268   3   0   2   1]
 [ 31   5   4 407  24   4   7]
 [ 13   1   0  20 216   0   2]
 [ 13   3   3   2   3 124  20]
 [  3   0   0   0   1   2  81]]";0.828641370869033;0.8216666400436499;"[[ 77   2   3  12   2   0  10]
 [  1  55   4   4   0   1   1]
 [  1   2 121   1   1   0   0]
 [ 19   6   4 200  13   3   1]
 [  5   3   0  12 108   0   0]
 [ 13   0   2   1   1  65   8]
 [  1   0   0   0   2   1  51]]";322;[46 44 33 70 49 44 36]
1084;Cora;own;0.5;0.2;64;0.5;1;0.005;1932968203;1.0;1.0;"[[47  0  0  0  0  0  0]
 [ 0 45  0  0  0  0  0]
 [ 0  0 34  0  0  0  0]
 [ 0  0  0 71  0  0  0]
 [ 0  0  0  0 50  0  0]
 [ 0  0  0  0  0 46  0]
 [ 0  0  0  0  0  0 36]]";0.852752880921895;0.837280878962377;"[[159   3   2  11  10   5  19]
 [  5  85   2   3   1   1   1]
 [  0   2 266   2   0   2   1]
 [ 33   5   4 401  25   5   5]
 [ 11   1   0  20 217   0   2]
 [ 15   3   5   1   3 124  15]
 [  4   0   0   0   1   2  80]]";0.8212974296205631;0.813357469326541;"[[ 73   2   4  12   5   0  10]
 [  1  55   4   4   0   1   1]
 [  1   2 121   1   1   0   0]
 [ 18   6   4 198  16   3   1]
 [  4   3   0  12 109   0   0]
 [ 12   0   2   1   1  66   8]
 [  1   0   0   0   3   2  49]]";329;[47 45 34 71 50 46 36]
1085;Cora;own;0.5;0.2;64;0.5;1;0.005;1932968203;0.9910714285714286;0.991695488041955;"[[47  0  0  0  0  0  0]
 [ 0 46  0  0  0  0  0]
 [ 0  0 35  0  0  0  0]
 [ 1  0  0 72  1  0  0]
 [ 0  0  0  0 50  0  0]
 [ 0  0  0  0  0 47  0]
 [ 1  0  0  0  0  0 36]]";0.8604501607717042;0.8416175461489165;"[[157   3   2  11   8   5  23]
 [  5  83   2   4   1   1   1]
 [  0   1 266   2   0   2   1]
 [ 21   5   3 413  22   6   6]
 [ 10   1   0  24 213   0   2]
 [ 12   3   3   3   2 126  14]
 [  4   0   0   0   0   4  80]]";0.8274173806609547;0.817646877264895;"[[ 73   2   3  13   5   0  10]
 [  0  55   4   4   0   1   2]
 [  1   0 121   3   1   0   0]
 [ 15   6   3 205  13   3   1]
 [  4   3   0  14 107   0   0]
 [ 11   0   2   1   1  66   9]
 [  2   0   0   0   1   3  49]]";336;[47 46 35 74 50 47 37]
1086;Cora;own;0.5;0.2;64;0.5;1;0.005;1932968203;0.9883381924198251;0.9878263257911336;"[[47  0  0  0  0  0  0]
 [ 0 46  0  0  0  0  1]
 [ 0  1 36  0  0  0  0]
 [ 1  0  0 74  0  0  0]
 [ 1  0  0  0 51  0  0]
 [ 0  0  0  0  0 47  0]
 [ 0  0  0  0  0  0 38]]";0.8598191214470284;0.8434188719884439;"[[156   3   5   8  12   5  21]
 [  5  86   2   1   1   1   0]
 [  0   0 265   1   0   2   1]
 [ 20   5   4 408  26   4   8]
 [ 13   1   0  21 211   0   2]
 [ 14   3   3   2   2 126  13]
 [  5   0   0   0   0   3  79]]";0.8323133414932681;0.8211714635729923;"[[ 74   2   5  11   4   0  10]
 [  1  56   4   3   0   1   1]
 [  1   2 121   1   1   0   0]
 [ 15   6   4 204  13   3   1]
 [  3   3   0  12 110   0   0]
 [ 11   0   2   1   1  66   9]
 [  1   0   0   0   2   3  49]]";343;[47 47 37 75 52 47 38]
1087;Cora;own;0.5;0.2;64;0.5;1;0.005;1932968203;0.9857142857142858;0.9847240267823597;"[[48  0  0  0  0  0  0]
 [ 0 47  0  0  0  0  1]
 [ 0  1 37  0  0  0  0]
 [ 1  0  0 75  0  0  0]
 [ 1  0  0  0 52  0  0]
 [ 0  0  0  0  0 49  0]
 [ 1  0  0  0  0  0 37]]";0.8617780661907852;0.8490998470234624;"[[162   2   5  10   6   6  18]
 [  5  85   2   2   0   1   0]
 [  0   1 262   2   0   2   1]
 [ 25   5   4 404  23   5   8]
 [ 14   1   0  22 208   0   2]
 [ 13   3   2   3   2 129   9]
 [  5   0   0   1   0   3  78]]";0.8347613219094248;0.8276091379678723;"[[ 77   2   5  10   2   1   9]
 [  1  56   4   3   0   1   1]
 [  2   0 120   3   1   0   0]
 [ 17   6   3 206  10   4   0]
 [  6   3   0  13 106   0   0]
 [ 12   1   2   1   1  68   5]
 [  1   0   0   0   2   3  49]]";350;[48 48 38 76 53 49 38]
1088;Cora;own;0.5;0.2;64;0.5;1;0.005;1932968203;0.9915966386554622;0.991494970093289;"[[48  0  0  0  0  0  0]
 [ 1 49  0  0  0  0  0]
 [ 0  1 38  0  0  0  0]
 [ 0  1  0 76  0  0  0]
 [ 0  0  0  0 54  0  0]
 [ 0  0  0  0  0 50  0]
 [ 0  0  0  0  0  0 39]]";0.8598435462842242;0.8470161026827793;"[[154   3   5   9  11   5  22]
 [  3  85   3   1   0   1   0]
 [  0   1 260   2   0   2   1]
 [ 22   5   7 406  24   4   6]
 [ 11   1   0  23 209   0   2]
 [ 14   3   4   3   2 127   7]
 [  2   0   0   2   0   4  78]]";0.828641370869033;0.8190881435119096;"[[ 74   2   5   9   4   0  12]
 [  0  58   4   3   0   1   0]
 [  1   2 120   1   1   0   1]
 [ 19   6   3 204  10   4   0]
 [  6   3   0  13 106   0   0]
 [ 13   1   2   1   1  67   5]
 [  1   0   0   0   2   4  48]]";357;[48 50 39 77 54 50 39]
1089;Cora;own;0.5;0.2;64;0.5;1;0.005;1932968203;0.9917582417582418;0.9908496830308738;"[[48  0  0  0  0  0  0]
 [ 0 51  0  0  0  0  0]
 [ 0  1 39  0  0  0  0]
 [ 0  0  0 78  0  0  0]
 [ 0  0  0  0 55  0  1]
 [ 1  0  0  0  0 51  0]
 [ 0  0  0  0  0  0 39]]";0.8650949574328749;0.8504372200516407;"[[163   3   3   6   8   5  21]
 [  3  85   2   1   0   1   0]
 [  0   2 257   2   0   2   2]
 [ 24   5   5 405  22   4   8]
 [ 13   1   0  22 207   0   1]
 [ 10   3   3   3   2 128   9]
 [  3   0   0   1   0   6  76]]";0.8310893512851897;0.8229079753760707;"[[ 77   2   2   9   5   0  11]
 [  0  58   4   3   0   1   0]
 [  1   3 119   1   1   0   1]
 [ 20   6   3 203  10   4   0]
 [  6   3   0  14 105   0   0]
 [ 10   1   2   1   1  69   6]
 [  1   0   0   0   2   4  48]]";364;[48 51 40 78 56 52 39]
1090;Cora;own;0.5;0.2;64;0.5;1;0.005;1932968203;0.9865229110512129;0.9864292665925875;"[[48  1  0  0  0  0  0]
 [ 0 52  0  0  0  0  0]
 [ 0  0 40  1  0  0  0]
 [ 1  0  0 78  0  0  1]
 [ 0  0  0  0 56  0  1]
 [ 0  0  0  0  0 53  0]
 [ 0  0  0  0  0  0 39]]";0.8625;0.8483716945882155;"[[162   2   3   6  10   5  20]
 [  3  83   2   2   0   1   0]
 [  2   2 256   2   0   2   1]
 [ 23   5   5 401  26   4   6]
 [ 14   1   0  19 209   0   1]
 [ 12   3   3   3   2 127   7]
 [  3   0   0   2   1   6  73]]";0.8323133414932681;0.824551765444099;"[[ 78   2   2   9   6   0   9]
 [  0  57   4   3   0   1   1]
 [  1   3 119   1   1   0   1]
 [ 18   6   4 201  13   4   0]
 [  6   3   0  11 108   0   0]
 [ 11   1   2   1   1  69   5]
 [  1   0   0   0   2   4  48]]";371;[49 52 41 80 57 53 39]
1091;Cora;own;0.5;0.2;64;0.5;1;0.005;1932968203;0.9894179894179894;0.9885577841246851;"[[48  1  0  0  0  0  0]
 [ 0 53  0  0  0  0  0]
 [ 0  0 40  0  0  1  0]
 [ 0  0  0 82  0  0  0]
 [ 0  1  0  0 57  0  0]
 [ 0  0  1  0  0 54  0]
 [ 0  0  0  0  0  0 40]]";0.8612029081295439;0.8448202521903674;"[[155   2   4   8  10   8  21]
 [  3  81   3   2   0   1   0]
 [  2   2 253   3   0   2   1]
 [ 19   5   6 403  28   4   5]
 [ 10   1   0  17 213   1   0]
 [ 11   5   3   3   2 126   6]
 [  3   0   0   2   1   6  72]]";0.8396572827417381;0.8287444365569598;"[[ 73   2   2  10   8   2   9]
 [  0  59   3   3   0   1   0]
 [  1   3 119   1   1   0   1]
 [ 11   6   4 207  14   4   0]
 [  2   3   0  11 112   0   0]
 [ 10   1   2   1   1  69   6]
 [  1   0   0   1   2   4  47]]";378;[49 53 41 82 58 55 40]
1092;Cora;own;0.5;0.2;64;0.5;1;0.005;1932968203;0.9922077922077922;0.9914730216820777;"[[50  0  0  0  0  0  0]
 [ 0 54  0  0  0  0  0]
 [ 0  0 42  0  0  0  0]
 [ 0  0  0 83  0  0  0]
 [ 0  1  0  0 58  0  0]
 [ 0  0  1  0  0 55  0]
 [ 0  0  0  0  0  1 40]]";0.8652058432934927;0.8486295269123895;"[[157   2   4   8   7   7  22]
 [  2  78   3   5   0   1   0]
 [  1   2 253   2   0   2   2]
 [ 21   5   6 402  26   4   5]
 [ 11   1   0  15 213   1   0]
 [ 11   3   2   3   2 126   8]
 [  2   0   0   1   0   6  74]]";0.835985312117503;0.8234173562765589;"[[ 76   2   2   9   4   1  12]
 [  0  57   3   4   0   1   1]
 [  1   3 119   1   1   0   1]
 [ 17   6   4 205  10   4   0]
 [  4   3   0  11 110   0   0]
 [ 10   1   2   1   1  69   6]
 [  1   0   0   0   2   5  47]]";385;[50 54 42 83 59 56 41]
1093;Cora;own;0.5;0.2;64;0.5;1;0.005;1932968203;0.9821428571428571;0.9803587441674788;"[[50  1  0  0  0  0  1]
 [ 0 55  0  0  0  0  0]
 [ 0  1 41  0  0  1  0]
 [ 0  0  0 83  0  0  0]
 [ 0  0  0  1 60  0  0]
 [ 0  0  1  0  0 56  0]
 [ 0  0  0  0  0  1 40]]";0.866577718478986;0.8509732622650025;"[[158   2   3   6  12   7  17]
 [  3  79   2   3   0   1   0]
 [  1   2 253   2   0   2   1]
 [ 22   5   6 397  30   4   5]
 [ 11   0   0  11 216   1   0]
 [ 12   4   2   2   2 125   7]
 [  3   0   0   1   1   7  71]]";0.8310893512851897;0.8234605751810652;"[[ 78   2   2   8   6   0  10]
 [  0  59   3   3   0   1   0]
 [  1   4 118   1   1   0   1]
 [ 19   6   3 198  16   4   0]
 [  4   3   0  10 111   0   0]
 [ 13   1   1   1   1  68   5]
 [  1   0   0   0   2   5  47]]";392;[52 55 43 83 61 57 41]
1094;Cora;own;0.5;0.2;64;0.5;1;0.005;1932968203;0.9849624060150376;0.9839654322563954;"[[51  0  0  0  0  0  2]
 [ 0 56  0  0  0  0  0]
 [ 0  0 43  0  0  1  0]
 [ 1  0  0 85  0  0  0]
 [ 0  0  0  1 60  0  0]
 [ 0  0  1  0  0 57  0]
 [ 0  0  0  0  0  0 41]]";0.863941018766756;0.8473740171175959;"[[152   2   3   9  10   5  22]
 [  2  77   2   5   0   1   0]
 [  0   2 251   3   0   2   2]
 [ 19   5   6 401  28   4   5]
 [ 11   1   0  14 210   0   1]
 [ 10   3   3   3   2 124   8]
 [  3   0   0   1   0   6  74]]";0.8396572827417381;0.824495126919737;"[[ 73   2   2   9   6   1  13]
 [  0  57   3   4   0   1   1]
 [  0   3 120   1   1   0   1]
 [ 12   6   3 212   9   4   0]
 [  7   3   0  11 107   0   0]
 [ 10   1   2   1   1  69   6]
 [  1   0   0   0   2   4  48]]";399;[53 56 44 86 61 58 41]
1095;Cora;own;0.5;0.2;64;0.5;1;0.005;1932968203;0.9852216748768473;0.9851087129674732;"[[54  0  0  0  0  0  1]
 [ 1 56  0  0  0  0  0]
 [ 0  0 44  0  0  1  0]
 [ 1  0  1 86  0  1  0]
 [ 0  0  0  0 61  0  0]
 [ 0  0  0  0  0 58  0]
 [ 0  0  0  0  0  0 41]]";0.8686868686868687;0.8554792192723806;"[[159   2   2   5  10   8  15]
 [  3  79   2   2   0   1   0]
 [  1   2 251   2   0   2   1]
 [ 24   4   7 393  31   4   3]
 [ 13   0   0  10 212   0   1]
 [ 13   3   2   1   2 124   7]
 [  4   0   0   0   1   7  72]]";0.8421052631578947;0.8355847967818635;"[[ 82   2   0   8   4   1   9]
 [  0  58   4   3   0   1   0]
 [  2   0 121   1   1   0   1]
 [ 20   5   3 201  13   4   0]
 [  7   3   0   8 110   0   0]
 [ 12   1   2   1   1  68   5]
 [  1   0   0   0   2   4  48]]";406;[55 57 45 89 61 58 41]
1096;Cora;own;0.5;0.2;64;0.5;1;0.005;1932968203;0.9878934624697336;0.9874801011965919;"[[54  0  0  0  0  0  1]
 [ 0 57  0  0  0  0  0]
 [ 0  0 44  0  0  2  0]
 [ 0  1  0 90  0  1  0]
 [ 0  0  0  0 62  0  0]
 [ 0  0  0  0  0 59  0]
 [ 0  0  0  0  0  0 42]]";0.8626522327469553;0.848363820752242;"[[153   2   3   5  10   8  17]
 [  3  78   2   3   0   1   0]
 [  1   2 250   2   0   2   1]
 [ 24   4   6 388  36   4   3]
 [ 11   1   0  10 213   0   1]
 [ 14   3   2   1   2 121   8]
 [  5   0   0   0   0   6  72]]";0.8518971848225214;0.8396261735741852;"[[ 80   2   2   8   4   1   9]
 [  0  58   3   4   0   1   0]
 [  0   2 121   1   1   0   1]
 [ 16   6   3 205  12   4   0]
 [  3   3   0   4 117   1   0]
 [ 14   2   1   0   1  67   5]
 [  1   0   0   0   2   4  48]]";413;[55 57 46 92 62 59 42]
1097;Cora;own;0.5;0.2;64;0.5;1;0.005;1932968203;0.9833333333333333;0.9825533275165846;"[[55  0  0  0  0  1  1]
 [ 0 58  0  0  0  0  0]
 [ 0  0 45  1  0  1  0]
 [ 0  0  0 93  0  1  0]
 [ 1  0  0  0 61  0  0]
 [ 0  0  1  0  0 59  0]
 [ 0  0  0  0  0  0 42]]";0.8653976886471788;0.8489628929228711;"[[149   2   4   6  11   7  18]
 [  2  75   2   5   0   1   0]
 [  1   2 249   2   0   2   1]
 [ 22   4   6 395  29   4   3]
 [  7   1   0  14 213   1   0]
 [ 12   3   3   2   2 123   6]
 [  3   0   0   2   1   7  69]]";0.8408812729498164;0.8261099625052915;"[[ 73   2   2   9   7   2  11]
 [  0  56   4   5   0   1   0]
 [  0   3 120   1   1   0   1]
 [ 13   6   3 208  12   4   0]
 [  2   3   0   9 114   0   0]
 [ 10   1   2   1   1  69   6]
 [  1   0   0   0   2   5  47]]";420;[57 58 47 94 62 60 42]
1098;Cora;own;0.5;0.2;64;0.5;1;0.005;1765720390;0.0;0.0;[[]];0.2390269698572184;0.12688590160613744;"[[102   0   2  76  65   0   0]
 [ 91   0   0  46  14   0   0]
 [ 58   1   7 103 116   1   6]
 [166   0  23 266 107   9   1]
 [ 98   1   2 100  77   2  18]
 [ 76   0   0 105  27   0   0]
 [ 54   0   0  51  20   0   0]]";0.24112607099143207;0.12938505767766778;"[[ 49   0   2  31  24   0   0]
 [ 40   0   0  23   3   0   0]
 [ 20   1   2  46  55   1   1]
 [ 73   0  11 110  44   6   2]
 [ 45   0   0  39  36   1   7]
 [ 46   0   0  32  12   0   0]
 [ 36   0   0  14   5   0   0]]";0;[]
1099;Cora;own;0.5;0.2;64;0.5;1;0.005;1765720390;0.5714285714285714;0.3333333333333333;"[[1 0 0 0 0]
 [0 0 1 0 0]
 [0 0 3 0 0]
 [0 0 1 0 0]
 [0 0 1 0 0]]";0.39118895966029726;0.09597394217968667;"[[ 15   0   0 232   0   0   0]
 [  0   0   0 125   0   0   0]
 [  0   0   0 167   0   0   0]
 [  0   0   0 722   0   0   0]
 [  0   0   0 283   0   0   0]
 [  0   0   0 199   0   0   0]
 [  0   0   0 141   0   0   0]]";0.3072215422276622;0.07930263506823053;"[[  5   0   0 101   0   0   0]
 [  0   0   0  66   0   0   0]
 [  0   0   0 126   0   0   0]
 [  0   0   0 246   0   0   0]
 [  0   0   0 128   0   0   0]
 [  0   0   0  90   0   0   0]
 [  0   0   0  55   0   0   0]]";7;[1 0 1 3 1 0 1]
1100;Cora;own;0.5;0.2;64;0.5;1;0.005;1765720390;0.7142857142857143;0.3361344537815126;"[[3 0 0 0 0]
 [0 0 1 0 0]
 [0 0 7 0 0]
 [0 0 2 0 0]
 [1 0 0 0 0]]";0.4986680873734683;0.18801664775446866;"[[234   0   0  30   0   0   0]
 [  4   0   0 119   0   0   0]
 [  1   0   0 165   0   0   0]
 [ 23   0   0 702   0   0   0]
 [ 47   0   0 229   0   0   0]
 [ 52   0   0 135   0   0   0]
 [ 76   0   0  60   0   0   0]]";0.37576499388004897;0.1517253570692009;"[[ 82   0   0  24   0   0   0]
 [  4   0   0  62   0   0   0]
 [  1   0   0 125   0   0   0]
 [ 21   0   0 225   0   0   0]
 [ 18   0   0 110   0   0   0]
 [ 32   0   0  58   0   0   0]
 [ 38   0   0  17   0   0   0]]";14;[3 0 1 7 2 0 1]
1101;Cora;own;0.5;0.2;64;0.5;1;0.005;1765720390;0.5238095238095238;0.23611111111111108;"[[3 0 0 0 0 0]
 [0 0 2 0 0 0]
 [0 0 8 0 0 0]
 [0 0 6 0 0 0]
 [1 0 0 0 0 0]
 [1 0 0 0 0 0]]";0.4299465240641711;0.17221045739576987;"[[208   0   0  37   0   0   0]
 [  3   0   0 122   0   0   0]
 [  1   0   0 269   0   0   0]
 [ 19   0   0 596   0   0   0]
 [ 41   0   0 231   0   0   0]
 [ 82   0   0 143   0   0   0]
 [ 62   0   0  56   0   0   0]]";0.37454100367197063;0.15020589947966487;"[[ 79   0   0  27   0   0   0]
 [  3   0   0  63   0   0   0]
 [  1   0   0 125   0   0   0]
 [ 19   0   0 227   0   0   0]
 [ 17   0   0 111   0   0   0]
 [ 37   0   0  53   0   0   0]
 [ 36   0   0  19   0   0   0]]";21;[3 0 2 8 6 1 1]
1102;Cora;own;0.5;0.2;64;0.5;1;0.005;1765720390;0.6428571428571429;0.31851851851851853;"[[ 4  0  0  0  0  0]
 [ 0  0  2  0  0  0]
 [ 0  0 12  0  0  0]
 [ 1  0  4  2  0  0]
 [ 2  0  0  0  0  0]
 [ 1  0  0  0  0  0]]";0.46162104133118625;0.17289106005147564;"[[288   0   0  24   0   0   0]
 [ 40   0   0  80   0   0   0]
 [ 14   0   0 244   0   0   0]
 [ 48   0   0 571   0   0   0]
 [115   0   0 133   1   0   0]
 [168   0   0  26   0   0   0]
 [ 76   0   0  35   0   0   0]]";0.3818849449204406;0.14671326406020282;"[[ 95   0   0  11   0   0   0]
 [ 17   0   0  49   0   0   0]
 [ 14   0   0 112   0   0   0]
 [ 29   0   0 217   0   0   0]
 [ 56   0   0  72   0   0   0]
 [ 78   0   0  12   0   0   0]
 [ 46   0   0   9   0   0   0]]";28;[ 4  0  2 12  7  2  1]
1103;Cora;own;0.5;0.2;64;0.5;1;0.005;1765720390;0.5714285714285714;0.25516795865633074;"[[ 5  0  0  0  0  0]
 [ 0  0  2  0  0  0]
 [ 0  0 15  0  0  0]
 [ 0  0  9  0  0  0]
 [ 1  0  2  0  0  0]
 [ 1  0  0  0  0  0]]";0.49191810344827586;0.18827263985848214;"[[222   0   0  67   0   0   0]
 [  1   0   0  65   0   0   0]
 [  2   0   0 251   0   0   0]
 [  7   0   0 691   0   0   0]
 [ 23   0   0 234   0   0   0]
 [ 46   0   0 144   0   0   0]
 [ 54   0   0  49   0   0   0]]";0.37576499388004897;0.1512706864437358;"[[ 69   0   0  37   0   0   0]
 [  0   0   0  66   0   0   0]
 [  8   0   0 118   0   0   0]
 [  8   0   0 238   0   0   0]
 [  3   0   0 125   0   0   0]
 [ 28   0   0  62   0   0   0]
 [ 35   0   0  20   0   0   0]]";35;[ 5  0  2 15  9  3  1]
1104;Cora;own;0.5;0.2;64;0.5;1;0.005;1765720390;0.5952380952380952;0.29523809523809524;"[[ 6  0  0  0  0  0]
 [ 0  0  2  0  0  0]
 [ 0  0 16  0  0  0]
 [ 5  0  4  3  0  0]
 [ 3  0  2  0  0  0]
 [ 1  0  0  0  0  0]]";0.4943212547322877;0.1796785198127386;"[[260   0   0  27   0   0   0]
 [  5   0   0  62   0   0   0]
 [ 12   0   0 241   0   0   0]
 [ 32   0   0 653   0   0   0]
 [131   0   0 130   1   0   0]
 [135   0   0  56   0   0   0]
 [ 68   0   0  36   0   0   0]]";0.3806609547123623;0.14696827768551665;"[[ 88   0   0  18   0   0   0]
 [  4   0   0  62   0   0   0]
 [ 16   0   0 110   0   0   0]
 [ 24   0   0 222   0   0   0]
 [ 67   0   0  60   1   0   0]
 [ 68   0   0  22   0   0   0]
 [ 44   0   0  11   0   0   0]]";42;[ 6  0  2 16 12  5  1]
1105;Cora;own;0.5;0.2;64;0.5;1;0.005;1765720390;0.5714285714285714;0.2948131197559115;"[[ 7  0  0  0  0  0]
 [ 0  0  2  0  0  0]
 [ 0  0 17  0  0  0]
 [ 4  0  7  4  0  0]
 [ 4  0  2  0  0  0]
 [ 1  0  1  0  0  0]]";0.497828447339848;0.183395378760618;"[[254   0   0  31   0   0   0]
 [  3   0   0  65   0   0   0]
 [  8   0   0 245   0   0   0]
 [ 20   0   0 663   0   0   0]
 [ 76   0   0 182   0   0   0]
 [113   0   0  79   0   0   0]
 [ 66   0   0  37   0   0   0]]";0.3806609547123623;0.1484408670471277;"[[ 83   0   0  23   0   0   0]
 [  1   0   0  65   0   0   0]
 [ 10   0   0 116   0   0   0]
 [ 19   0   0 227   0   0   0]
 [ 42   0   0  85   1   0   0]
 [ 55   0   0  35   0   0   0]
 [ 43   0   0  12   0   0   0]]";49;[ 7  0  2 17 15  6  2]
1106;Cora;own;0.5;0.2;64;0.5;1;0.005;1765720390;0.7678571428571429;0.41474358974358977;"[[ 7  0  0  0  0  0]
 [ 2  0  1  0  0  0]
 [ 0  0 17  0  0  0]
 [ 1  0  0 19  0  0]
 [ 3  0  3  1  0  0]
 [ 1  0  1  0  0  0]]";0.5645776566757493;0.2973994523838935;"[[242   0   0  32   2   0   0]
 [  3   0   0  71   0   0   0]
 [ 22   0   0 261   1   0   0]
 [ 18   0   0 636   4   0   0]
 [ 28   0   0  71 158   0   0]
 [ 86   0   0 101   4   0   0]
 [ 61   0   0  34   0   0   0]]";0.4834761321909425;0.27075843810795847;"[[ 84   0   0  22   0   0   0]
 [  0   0   0  66   0   0   0]
 [ 12   0   0 113   1   0   0]
 [ 16   0   0 228   2   0   0]
 [  9   0   0  36  83   0   0]
 [ 44   0   0  43   3   0   0]
 [ 43   0   0  12   0   0   0]]";56;[ 7  0  3 17 20  7  2]
1107;Cora;own;0.5;0.2;64;0.5;1;0.005;1765720390;0.7777777777777778;0.4318766513697678;"[[ 7  0  0  0  0  0]
 [ 1  0  2  1  0  0]
 [ 0  0 20  0  0  0]
 [ 0  0  0 22  0  0]
 [ 1  0  5  2  0  0]
 [ 1  0  0  1  0  0]]";0.5869803063457331;0.31319093805180553;"[[223   0   0  33   6   0   0]
 [  3   0   0  81   0   0   0]
 [ 19   0   0 257   4   0   0]
 [ 15   0   0 649   8   0   0]
 [ 19   0   0  43 201   0   0]
 [ 45   0   0 114  14   0   0]
 [ 57   0   0  37   0   0   0]]";0.4981640146878825;0.279190395308387;"[[ 82   0   0  18   6   0   0]
 [  0   0   0  66   0   0   0]
 [ 13   0   0 111   2   0   0]
 [ 10   0   0 230   6   0   0]
 [  6   0   0  27  95   0   0]
 [ 28   0   0  56   6   0   0]
 [ 39   0   0  15   1   0   0]]";63;[ 7  0  4 20 22  8  2]
1108;Cora;own;0.5;0.2;64;0.5;1;0.005;1765720390;0.7142857142857143;0.4069264069264069;"[[ 8  0  0  0  0  0]
 [ 3  0  1  0  0  0]
 [ 0  0 20  0  0  0]
 [ 0  0  0 22  0  0]
 [ 2  0  7  4  0  0]
 [ 1  0  1  1  0  0]]";0.5848434925864909;0.3091823943417603;"[[237   0   0  25   5   0   0]
 [  3   0   0  82   0   0   0]
 [ 58   0   0 219   3   0   0]
 [ 24   0   0 625   7   0   0]
 [ 23   0   0  32 203   0   0]
 [ 72   0   0  90  21   0   0]
 [ 59   0   0  33   0   0   0]]";0.4920440636474908;0.2720992211414558;"[[ 85   0   0  15   6   0   0]
 [  1   0   0  65   0   0   0]
 [ 29   0   0  95   2   0   0]
 [ 19   0   0 223   4   0   0]
 [  8   0   0  26  94   0   0]
 [ 38   0   0  43   9   0   0]
 [ 41   0   0  13   1   0   0]]";70;[ 8  0  4 20 22 13  3]
1109;Cora;own;0.5;0.2;64;0.5;1;0.005;1765720390;0.7012987012987013;0.41745906958171114;"[[ 9  0  0  0  0  0]
 [ 3  0  1  0  0  0]
 [ 0  0 21  0  0  0]
 [ 0  0  0 23  0  0]
 [ 6  0  8  2  1  0]
 [ 1  0  2  0  0  0]]";0.5667034178610805;0.30275160772120163;"[[249   0   0  35  11   0   0]
 [  3   0   0  83   0   0   0]
 [ 67   0   0 210   2   0   0]
 [ 25   0   0 595   4   0   0]
 [ 23   0   0  51 182   0   0]
 [ 92   0   0  82   6   2   0]
 [ 57   0   0  35   0   0   0]]";0.4810281517747858;0.2665347029987914;"[[ 87   0   0  16   3   0   0]
 [  1   0   0  65   0   0   0]
 [ 34   0   0  91   1   0   0]
 [ 20   0   0 222   4   0   0]
 [ 13   0   0  31  84   0   0]
 [ 49   0   0  39   2   0   0]
 [ 41   0   0  14   0   0   0]]";77;[ 9  0  4 21 23 17  3]
1110;Cora;own;0.5;0.2;64;0.5;1;0.005;1765720390;0.8928571428571429;0.6215942028985507;"[[ 9  0  0  0  0  0]
 [ 1  0  4  0  0  0]
 [ 0  0 20  1  0  0]
 [ 0  0  0 24  0  0]
 [ 0  0  0  0 22  0]
 [ 1  0  1  1  0  0]]";0.6413945766463752;0.43223506182725024;"[[258   0   0  32   2   3   0]
 [  2   0   0  83   0   0   0]
 [ 52   0   0 216   9   3   0]
 [ 34   0   0 577   5   3   0]
 [ 24   0   0  38 188   3   0]
 [ 29   0   0  16   3 136   0]
 [ 60   0   0  25   1   5   0]]";0.5618115055079559;0.3948022915218927;"[[ 88   0   0  17   0   1   0]
 [  2   0   0  64   0   0   0]
 [ 29   0   0  94   3   0   0]
 [ 25   0   0 217   3   1   0]
 [ 10   0   0  22  92   4   0]
 [ 24   0   0   3   1  62   0]
 [ 41   0   0  10   1   3   0]]";84;[ 9  0  5 21 24 22  3]
1111;Cora;own;0.5;0.2;64;0.5;1;0.005;1765720390;0.8571428571428571;0.6032867132867133;"[[ 9  0  0  0  0  0]
 [ 3  0  6  0  0  0]
 [ 0  0 21  1  0  0]
 [ 0  0  0 25  0  0]
 [ 0  0  0  0 23  0]
 [ 1  0  1  1  0  0]]";0.6322222222222222;0.4295733744726516;"[[253   0   0  34   2   4   0]
 [  2   0   0  78   0   0   0]
 [ 46   0   0 238  16   4   0]
 [ 30   0   0 560   7   4   0]
 [ 24   0   0  37 188   3   0]
 [ 28   0   0  14   3 137   0]
 [ 55   0   0  27   1   5   0]]";0.5691554467564259;0.40224128665245396;"[[ 88   0   0  17   0   1   0]
 [  1   0   0  65   0   0   0]
 [ 25   0   0  96   5   0   0]
 [ 23   0   0 216   5   2   0]
 [  9   0   0  21  95   3   0]
 [ 20   0   0   3   1  66   0]
 [ 41   0   0  11   1   2   0]]";91;[ 9  0  9 22 25 23  3]
1112;Cora;own;0.5;0.2;64;0.5;1;0.005;1765720390;0.826530612244898;0.5947804576376005;"[[10  0  0  0  0  0]
 [ 4  0  6  4  0  0]
 [ 0  0 22  0  0  0]
 [ 0  0  0 25  0  0]
 [ 0  0  0  0 24  0]
 [ 1  0  0  1  1  0]]";0.634132738427217;0.4241210628265542;"[[253   0   0  32   3   9   0]
 [  2   0   0  76   0   0   0]
 [ 74   0   0 184  27  22   0]
 [ 30   0   0 545   7   6   0]
 [ 21   0   0  35 193   3   0]
 [ 24   0   0  10   3 146   0]
 [ 56   0   0  24   1   7   0]]";0.5716034271725826;0.39803805544605586;"[[ 88   0   0  17   0   1   0]
 [  2   0   0  63   0   1   0]
 [ 45   0   0  68   7   6   0]
 [ 26   0   0 212   6   2   0]
 [  9   0   0  18  96   5   0]
 [ 16   0   0   2   1  71   0]
 [ 39   0   0  10   1   5   0]]";98;[10  0 14 22 25 24  3]
1113;Cora;own;0.5;0.2;64;0.5;1;0.005;1765720390;0.7904761904761904;0.5723764539554014;"[[10  0  0  0  0  0]
 [ 7  0  6  5  0  0]
 [ 0  0 22  0  1  0]
 [ 0  0  0 26  0  0]
 [ 0  0  0  0 25  0]
 [ 1  0  1  0  1  0]]";0.6382978723404256;0.41737134491592254;"[[252   0   0  28   1   9   0]
 [  3   0   0  71   0   1   0]
 [ 70   0   0 146  27  61   0]
 [ 30   0   0 551   8   6   0]
 [ 23   0   0  38 188   2   0]
 [ 21   0   0   9   4 149   0]
 [ 48   0   0  25   0  15   0]]";0.5752753977968176;0.3928695855561039;"[[ 88   0   0  17   0   1   0]
 [  1   0   0  63   0   2   0]
 [ 39   0   0  56   8  23   0]
 [ 25   0   0 212   7   2   0]
 [ 11   0   0  14  99   4   0]
 [ 15   0   0   3   1  71   0]
 [ 34   0   0  12   0   9   0]]";105;[10  0 18 23 26 25  3]
1114;Cora;own;0.5;0.2;64;0.5;1;0.005;1765720390;0.7410714285714286;0.552401221838713;"[[10  0  0  0  0  0]
 [ 8  0  7  7  2  0]
 [ 0  0 22  0  1  0]
 [ 0  0  0 26  0  0]
 [ 0  0  0  0 25  0]
 [ 1  0  3  0  0  0]]";0.6379988757729061;0.41858919296668884;"[[245   0   0  27   2   8   0]
 [  3   0   0  72   0   0   0]
 [ 64   0   0 156  28  54   0]
 [ 24   0   0 556   7   6   0]
 [ 24   0   0  36 188   2   0]
 [ 21   0   0  10   4 146   0]
 [ 51   0   0  29   0  16   0]]";0.583843329253366;0.3972099029331272;"[[ 89   0   0  16   0   1   0]
 [  1   0   0  62   1   2   0]
 [ 31   0   0  63   9  23   0]
 [ 19   0   0 220   5   2   0]
 [ 10   0   0  17  99   2   0]
 [ 16   0   0   4   1  69   0]
 [ 29   0   0  15   0  11   0]]";112;[10  0 24 23 26 25  4]
1115;Cora;own;0.5;0.2;64;0.5;1;0.005;1765720390;0.7142857142857143;0.5426658296714794;"[[10  0  0  0  0  0]
 [ 5  0  9  5  8  0]
 [ 1  0 23  0  1  0]
 [ 0  0  0 27  0  0]
 [ 0  0  0  0 25  0]
 [ 1  0  3  0  1  0]]";0.613431151241535;0.40287099904749185;"[[231   0   0  28   2   9   0]
 [  4   0   0  88   0   1   0]
 [ 42   0   0 135  33  80   0]
 [ 28   0   0 531   9   3   0]
 [ 27   0   0  33 190   1   0]
 [ 21   0   0  11   3 135   0]
 [ 51   0   0  36   1  39   0]]";0.5813953488372093;0.3909899710532672;"[[ 89   0   0  16   0   1   0]
 [  2   0   0  61   1   2   0]
 [ 24   0   0  56  12  34   0]
 [ 19   0   0 219   6   2   0]
 [ 10   0   0  17  99   2   0]
 [ 16   0   0   5   1  68   0]
 [ 23   0   0  15   0  17   0]]";119;[10  0 27 25 27 25  5]
1116;Cora;own;0.5;0.2;64;0.5;1;0.005;1765720390;0.6825396825396826;0.5201564704792726;"[[10  0  0  0  0  0]
 [10  0  8  7  6  0]
 [ 1  0 24  0  1  0]
 [ 0  0  0 27  0  0]
 [ 0  0  0  0 25  0]
 [ 3  0  2  0  2  0]]";0.6113314447592068;0.4026977867942209;"[[230   0   0  28   1   5   0]
 [  4   0   0  89   0   1   0]
 [ 62   0   0 132  40  54   0]
 [ 28   0   0 528   7   3   0]
 [ 26   0   0  36 187   1   0]
 [ 25   0   0  10   3 134   0]
 [ 57   0   0  30   3  41   0]]";0.5850673194614443;0.3938262115783015;"[[ 90   0   0  15   0   1   0]
 [  2   0   0  60   1   3   0]
 [ 32   0   0  57  13  24   0]
 [ 19   0   0 221   4   2   0]
 [ 10   0   0  17  99   2   0]
 [ 16   0   0   5   1  68   0]
 [ 23   0   0  13   0  19   0]]";126;[10  0 31 26 27 25  7]
1117;Cora;own;0.5;0.2;64;0.5;1;0.005;1765720390;0.9172932330827067;0.7991666666666667;"[[12  0  0  0  0  0]
 [ 0 35  0  0  0  0]
 [ 0  1 24  0  1  0]
 [ 0  0  0 27  0  0]
 [ 0  1  0  0 24  0]
 [ 0  8  0  0  0  0]]";0.7320819112627986;0.5584825829109086;"[[219   0  30  16   2   0   0]
 [  3   0  12  79   0   0   0]
 [  1   0 272  12   0   1   0]
 [ 21   0  46 496   2   0   0]
 [ 22   0  10  31 188   0   0]
 [ 18   0  36   4   2 112   0]
 [ 18   0  87  17   0   1   0]]";0.6707466340269278;0.5196540340334026;"[[ 76   0  19  11   0   0   0]
 [  1   0  13  50   2   0   0]
 [  2   0 122   1   1   0   0]
 [ 18   0  25 199   3   1   0]
 [  6   0  10  14  97   1   0]
 [  9   0  24   2   1  54   0]
 [  9   0  42   3   0   1   0]]";133;[12  0 35 26 27 25  8]
1118;Cora;own;0.5;0.2;64;0.5;1;0.005;1765720390;0.9142857142857143;0.7852070407152575;"[[13  0  0  0  0  0]
 [ 0 35  0  0  0  0]
 [ 0  0 26  0  1  0]
 [ 0  0  0 28  0  0]
 [ 0  0  0  0 26  0]
 [ 5  4  2  0  0  0]]";0.7555682467161622;0.5753974337169578;"[[233   0   9  22   0   2   0]
 [  4   0  10  79   0   1   0]
 [  3   0 272   9   0   1   0]
 [ 34   0  15 513   7   1   0]
 [ 26   0   0  34 182   2   0]
 [ 27   0  10   5   2 123   0]
 [ 70   0  17  24   0  14   0]]";0.7086903304773562;0.5502373027481037;"[[ 90   0   3  13   0   0   0]
 [  2   0   8  54   2   0   0]
 [  2   0 121   2   1   0   0]
 [ 23   0   8 210   3   2   0]
 [  8   0   0  20  97   3   0]
 [ 20   0   5   4   0  61   0]
 [ 33   0  14   6   0   2   0]]";140;[13  0 35 27 28 26 11]
1119;Cora;own;0.5;0.2;64;0.5;1;0.005;1765720390;0.8979591836734694;0.783005258504351;"[[13  0  0  0  0  0]
 [ 0 36  0  0  0  0]
 [ 0  0 27  0  1  0]
 [ 0  0  0 29  0  0]
 [ 0  0  0  0 27  0]
 [ 3  6  3  0  2  0]]";0.7557339449541285;0.5769572068299221;"[[223   0  11  23   1   2   0]
 [  4   0  11  81   0   0   0]
 [  1   0 274  11   0   1   0]
 [ 33   0  12 516   6   1   0]
 [ 24   0   0  35 182   3   0]
 [ 31   0  12   5   2 121   0]
 [ 59   0  19  24   1  13   2]]";0.7123623011015912;0.5533430178009826;"[[ 88   0   5  13   0   0   0]
 [  2   0  10  52   2   0   0]
 [  1   0 122   2   1   0   0]
 [ 24   0   9 208   3   2   0]
 [  6   0   0  19 101   2   0]
 [ 19   0   4   4   0  63   0]
 [ 27   0  14   8   1   5   0]]";147;[13  0 36 28 29 27 14]
1120;Cora;own;0.5;0.2;64;0.5;1;0.005;1765720390;0.9415584415584416;0.917351741313877;"[[13  0  0  0  0  0]
 [ 0 36  0  0  0  0]
 [ 1  0 28  0  1  0]
 [ 0  0  1 30  0  0]
 [ 0  0  0  0 28  0]
 [ 3  1  0  0  2 10]]";0.7570523891767416;0.6021505283631096;"[[234   0   6  18   0   2   0]
 [  4   0  11  82   0   0   0]
 [  3   0 276   7   0   1   0]
 [ 46   0  15 493   8   1   0]
 [ 27   0   0  37 177   3   0]
 [ 30   0  12   5   2 121   0]
 [ 63   0  10  14   0  15  14]]";0.7111383108935129;0.5838053565229963;"[[ 94   0   3   9   0   0   0]
 [  4   0  10  50   2   0   0]
 [  2   0 121   2   1   0   0]
 [ 34   0  10 198   3   1   0]
 [ 10   0   1  17  98   2   0]
 [ 20   0   4   3   0  63   0]
 [ 31   0   7   6   0   4   7]]";154;[13  0 36 30 31 28 16]
1121;Cora;own;0.5;0.2;64;0.5;1;0.005;1765720390;0.9440993788819876;0.9234408234913919;"[[13  0  0  0  0  0]
 [ 0 37  0  0  0  0]
 [ 0  0 30  0  1  0]
 [ 1  0  1 31  0  0]
 [ 0  0  0  0 29  0]
 [ 3  1  0  0  2 12]]";0.761271676300578;0.604458319763172;"[[233   0   6  18   0   2   0]
 [  4   0   9  83   0   0   0]
 [  2   0 277   7   0   0   0]
 [ 42   0  15 495   9   1   0]
 [ 27   0   0  37 177   3   0]
 [ 29   0  12   5   2 122   0]
 [ 55   0  14  19   0  12  13]]";0.7123623011015912;0.5879021119478447;"[[ 92   0   5   9   0   0   0]
 [  2   0  10  53   1   0   0]
 [  2   0 121   2   1   0   0]
 [ 32   0  11 200   3   0   0]
 [ 10   0   1  17  98   2   0]
 [ 19   0   4   4   0  63   0]
 [ 30   0   8   5   0   4   8]]";161;[13  0 37 31 33 29 18]
1122;Cora;own;0.5;0.2;64;0.5;1;0.005;1765720390;0.9821428571428571;0.9793341110042418;"[[13  0  0  0  0  0]
 [ 0 37  0  0  0  0]
 [ 0  0 32  0  1  0]
 [ 1  0  0 33  0  0]
 [ 0  0  0  0 30  0]
 [ 0  0  0  0  1 20]]";0.8067324434126524;0.7022472787502911;"[[225   0   6  13   2   3  11]
 [  7   0   9  80   0   0   0]
 [  1   0 274   6   0   0   0]
 [ 40   0  14 494   6   0   3]
 [ 28   0   0  23 193   2   1]
 [ 23   0   7   5   2 127   9]
 [ 16   0   2   8   1   5  77]]";0.7405140758873929;0.66083489431005;"[[ 83   0   2  11   0   2   8]
 [  2   0   7  51   3   0   3]
 [  2   0 119   4   1   0   0]
 [ 29   0  12 197   7   1   0]
 [ 10   0   0  13 103   2   0]
 [ 13   0   4   4   0  61   8]
 [  7   0   1   2   0   3  42]]";168;[13  0 37 33 34 30 21]
1123;Cora;own;0.5;0.2;64;0.5;1;0.005;1765720390;0.9657142857142857;0.9564906137248821;"[[13  0  0  1  1  0]
 [ 0 38  0  0  0  0]
 [ 0  0 33  0  1  0]
 [ 2  0  0 34  0  0]
 [ 0  0  0  0 31  0]
 [ 0  0  0  0  1 20]]";0.7966200466200466;0.6924581419287655;"[[201   0   6  14   1   3   6]
 [  7   0   6  83   0   0   0]
 [  1   0 283  12   1   1   0]
 [ 44   0  10 493   6   0   2]
 [ 31   0   0  24 189   2   0]
 [ 29   0   7   6   2 127   6]
 [ 22   0   2   8   0   7  74]]";0.7343941248470012;0.657480334603899;"[[ 82   0   2  12   0   2   8]
 [  2   0   8  52   2   0   2]
 [  2   0 119   4   1   0   0]
 [ 28   0  13 195   9   1   0]
 [ 10   0   1  14 102   1   0]
 [ 15   0   4   5   0  62   4]
 [  7   0   1   2   0   5  40]]";175;[15  0 38 34 36 31 21]
1124;Cora;own;0.5;0.2;64;0.5;1;0.005;1765720390;0.9725274725274725;0.8316167854169528;"[[16  0  0  0  0  0  1]
 [ 0  0  1  0  0  0  0]
 [ 0  0 39  0  0  0  0]
 [ 0  0  0 33  0  1  0]
 [ 2  0  0  0 35  0  0]
 [ 0  0  0  0  0 32  0]
 [ 0  0  0  0  0  0 22]]";0.7881802223522528;0.6888656579787346;"[[201   0   6  18   1   3   6]
 [  8   0   9  91   0   0   0]
 [  1   0 280   8   0   1   0]
 [ 44   0  11 480   9   0   3]
 [ 31   0   0  22 191   1   1]
 [ 31   0   7   5   2 122   9]
 [ 22   0   2   6   0   4  73]]";0.7356181150550796;0.6565589491548925;"[[ 86   0   2  10   0   1   7]
 [  5   0   9  48   2   0   2]
 [  2   0 119   4   1   0   0]
 [ 30   0  13 194   8   1   0]
 [  9   0   1  15 102   1   0]
 [ 16   0   4   3   0  61   6]
 [ 10   0   1   1   0   4  39]]";182;[17  1 39 34 37 32 22]
1125;Cora;own;0.5;0.2;64;0.5;1;0.005;1765720390;0.9788359788359788;0.8422261648338593;"[[17  0  0  0  0  0  0]
 [ 0  0  1  0  0  0  1]
 [ 0  0 39  0  0  0  0]
 [ 0  0  0 35  0  1  0]
 [ 1  0  0  0 37  0  0]
 [ 0  0  0  0  0 34  0]
 [ 0  0  0  0  0  0 23]]";0.800235017626322;0.6991786454628718;"[[201   0   6  17   1   3   5]
 [  9   0  10  87   0   0   0]
 [  1   0 281   7   0   1   0]
 [ 31   0  14 485   9   3   5]
 [ 19   0   0  29 192   2   3]
 [ 25   0   9   2   3 125  11]
 [ 18   0   2   5   0   3  78]]";0.7441860465116279;0.6660854450513031;"[[ 80   0   3  13   0   2   8]
 [  4   0  13  44   3   0   2]
 [  2   0 119   4   1   0   0]
 [ 24   0  13 197   9   2   1]
 [  5   0   1  17 104   1   0]
 [ 14   0   4   2   1  64   5]
 [  4   0   1   1   0   5  44]]";189;[17  2 39 36 38 34 23]
1126;Cora;own;0.5;0.2;64;0.5;1;0.005;1765720390;0.9744897959183674;0.8448389108875043;"[[18  0  0  0  0  0  0]
 [ 0  0  2  1  0  0  1]
 [ 0  0 39  0  0  0  0]
 [ 0  0  0 36  0  1  0]
 [ 0  0  0  0 39  0  0]
 [ 0  0  0  0  0 34  0]
 [ 0  0  0  0  0  0 25]]";0.7887905604719764;0.6959870424678222;"[[191   0   6  18   6   4   5]
 [  9   0  13 103   2   0   2]
 [  1   0 275   7   2   1   0]
 [ 32   0  11 469   9   2   6]
 [ 11   0   0  30 206   1   2]
 [ 24   0   7   5   4 120  11]
 [ 16   0   1   3   0   4  76]]";0.7564259485924113;0.6785801644581692;"[[ 79   0   4  12   1   2   8]
 [  3   0  13  45   3   0   2]
 [  2   0 119   4   1   0   0]
 [ 23   0   9 202  10   1   1]
 [  4   0   0  17 107   0   0]
 [ 13   0   4   3   1  64   5]
 [  3   0   0   1   0   4  47]]";196;[18  4 39 37 39 34 25]
1127;Cora;own;0.5;0.2;64;0.5;1;0.005;1765720390;0.9753694581280788;0.8474286405959187;"[[19  0  0  0  0  0  0]
 [ 0  0  3  1  0  0  1]
 [ 0  0 40  0  0  0  0]
 [ 0  0  0 38  0  0  0]
 [ 0  0  0  0 40  0  0]
 [ 0  0  0  0  0 35  0]
 [ 0  0  0  0  0  0 26]]";0.7938388625592417;0.6982157919929061;"[[195   0   6  13   5   3   5]
 [ 17   0  13  96   3   0   1]
 [  1   0 273   6   0   1   0]
 [ 36   0  10 474   8   1   5]
 [ 16   0   0  23 206   1   1]
 [ 25   0   7   4   3 119  10]
 [ 17   0   1   3   0   7  73]]";0.758873929008568;0.6800513970133248;"[[ 85   0   2   9   3   1   6]
 [  8   0  13  40   3   0   2]
 [  2   0 119   4   1   0   0]
 [ 28   0   6 202   8   1   1]
 [  6   0   1  16 105   0   0]
 [ 13   0   4   4   0  64   5]
 [  5   0   0   1   0   4  45]]";203;[19  5 40 38 40 35 26]
1128;Cora;own;0.5;0.2;64;0.5;1;0.005;1765720390;0.9619047619047619;0.8327168282643943;"[[20  0  0  0  0  0  1]
 [ 0  0  4  1  0  0  0]
 [ 0  0 41  0  0  0  0]
 [ 0  0  0 40  0  0  0]
 [ 1  0  0  0 40  0  0]
 [ 0  0  0  0  0 36  0]
 [ 0  0  0  0  0  1 25]]";0.7965496728138013;0.6997816268058994;"[[194   0   6  13   5   3   6]
 [ 18   0  16  87   5   1   1]
 [  1   0 272   7   0   1   0]
 [ 33   0   8 481   6   0   3]
 [ 13   0   0  33 200   1   1]
 [ 23   0   7   5   2 120  10]
 [ 17   0   1   3   0   6  72]]";0.7637698898408812;0.6847532389502126;"[[ 85   0   3  10   2   0   6]
 [  8   0  12  41   3   0   2]
 [  2   0 119   4   1   0   0]
 [ 26   0   6 206   6   1   1]
 [  5   0   1  18 104   0   0]
 [ 13   0   3   4   0  65   5]
 [  5   0   0   1   0   4  45]]";210;[21  5 41 40 41 36 26]
1129;Cora;own;0.5;0.2;64;0.5;1;0.005;1765720390;0.9493087557603687;0.8247093585927993;"[[20  0  0  0  0  0  1]
 [ 0  0  6  0  0  1  0]
 [ 0  0 41  0  0  0  0]
 [ 0  0  0 42  0  0  0]
 [ 1  0  0  0 41  0  0]
 [ 1  0  0  0  0 36  0]
 [ 0  0  0  0  0  1 26]]";0.7939068100358423;0.7002457624101063;"[[192   0   6  12   6   3   6]
 [ 20   0  22  83   5   2   0]
 [  1   0 269   7   0   1   0]
 [ 34   0   9 476   6   1   3]
 [ 13   0   0  34 199   1   1]
 [ 21   0   6   6   2 119  10]
 [ 14   0   0   3   0   7  74]]";0.7613219094247246;0.6818516070540461;"[[ 83   0   5  10   2   0   6]
 [ 10   0  12  40   3   0   1]
 [  2   0 119   4   1   0   0]
 [ 26   0   7 205   6   2   0]
 [  5   0   1  18 104   0   0]
 [ 11   0   2   3   0  67   7]
 [  6   0   0   1   0   4  44]]";217;[21  7 41 42 42 37 27]
1130;Cora;own;0.5;0.2;64;0.5;1;0.005;1765720390;0.9553571428571429;0.8295524709719826;"[[20  0  0  0  0  0  1]
 [ 2  0  3  1  0  2  0]
 [ 0  0 42  0  0  0  0]
 [ 0  0  0 44  0  0  0]
 [ 0  0  0  0 43  0  0]
 [ 1  0  0  0  0 37  0]
 [ 0  0  0  0  0  0 28]]";0.7966406718656269;0.7004898518946746;"[[189   0   6  12   7   1   9]
 [ 22   0  19  80   6   2   1]
 [  1   0 266   7   2   1   0]
 [ 27   0  10 480   7   1   3]
 [ 13   0   0  31 201   1   1]
 [ 21   0   6   6   4 116  11]
 [ 14   0   0   3   0   4  76]]";0.7637698898408812;0.6840849288054279;"[[ 85   0   5   9   1   0   6]
 [  9   0   9  42   3   1   2]
 [  2   0 119   4   1   0   0]
 [ 23   0   7 206   8   1   1]
 [  5   0   1  18 104   0   0]
 [ 11   0   2   5   1  64   7]
 [  5   0   0   1   0   3  46]]";224;[21  8 42 44 43 38 28]
1131;Cora;own;0.5;0.2;64;0.5;1;0.005;1765720390;0.9393939393939394;0.8227127054686917;"[[21  0  0  0  0  0  0]
 [ 2  0  6  2  0  1  0]
 [ 0  0 42  0  0  0  0]
 [ 1  0  0 44  0  0  0]
 [ 0  0  0  0 44  0  1]
 [ 1  0  0  0  0 38  0]
 [ 0  0  0  0  0  0 28]]";0.7951807228915663;0.698030610339449;"[[187   0   6  11   5   1   8]
 [ 28   0  20  73   5   2   1]
 [  1   0 267   7   0   0   0]
 [ 30   0  12 479   7   0   4]
 [ 14   0   0  32 197   1   0]
 [ 25   0   6   4   3 115  12]
 [ 14   0   0   3   0   5  75]]";0.7600979192166463;0.6797068035192109;"[[ 84   0   4   9   1   0   8]
 [ 10   0  12  39   3   0   2]
 [  2   0 119   4   1   0   0]
 [ 25   0   7 204   8   1   1]
 [  5   0   1  18 104   0   0]
 [ 11   0   3   5   0  64   7]
 [  4   0   0   1   0   4  46]]";231;[21 11 42 45 45 39 28]
1132;Cora;own;0.5;0.2;64;0.5;1;0.005;1765720390;0.9327731092436975;0.8211697722567288;"[[22  0  0  0  0  0  0]
 [ 3  0  6  2  1  1  1]
 [ 0  0 42  0  0  0  0]
 [ 0  0  0 45  0  0  0]
 [ 0  0  0  0 45  0  1]
 [ 1  0  0  0  0 39  0]
 [ 0  0  0  0  0  0 29]]";0.793708408953418;0.6934692032472081;"[[183   0   6  13   8   1   8]
 [ 32   0  24  61   4   8   1]
 [  1   0 258   6   2   1   0]
 [ 27   0   8 481  10   1   4]
 [ 14   0   0  29 199   1   1]
 [ 24   0   6   3   3 115  13]
 [ 13   0   0   2   0   6  76]]";0.7613219094247246;0.6770024438267372;"[[ 83   0   2  11   2   0   8]
 [ 12   0  11  34   3   4   2]
 [  2   0 119   4   1   0   0]
 [ 24   0   6 204   9   2   1]
 [  4   0   1  17 105   1   0]
 [ 10   0   3   3   0  66   8]
 [  4   0   0   1   0   5  45]]";238;[22 14 42 45 46 40 29]
1133;Cora;own;0.5;0.2;64;0.5;1;0.005;1765720390;0.9224489795918367;0.8147961499906274;"[[23  0  0  0  0  0  0]
 [ 4  0  5  4  1  1  1]
 [ 0  0 43  0  0  0  0]
 [ 0  0  0 44  0  1  0]
 [ 0  0  0  0 46  0  1]
 [ 1  0  0  0  0 40  0]
 [ 0  0  0  0  0  0 30]]";0.798906439854192;0.6996281792462976;"[[184   0   3  14   7   1   8]
 [ 36   0  23  62   2   5   2]
 [  1   0 257   6   2   0   0]
 [ 26   0   7 486   8   0   4]
 [ 12   0   0  32 198   1   0]
 [ 25   0   6   3   3 114  13]
 [ 11   0   0   3   0   5  76]]";0.7613219094247246;0.6802917092596251;"[[ 81   0   2  13   2   0   8]
 [ 13   0   8  38   3   2   2]
 [  2   0 119   4   1   0   0]
 [ 24   0   5 207   8   1   1]
 [  5   0   1  18 104   0   0]
 [ 10   0   3   5   0  65   7]
 [  4   0   0   1   0   4  46]]";245;[23 16 43 45 47 41 30]
1134;Cora;own;0.5;0.2;64;0.5;1;0.005;1765720390;0.9166666666666666;0.8106411497124535;"[[24  0  0  0  0  1  0]
 [ 4  0  8  3  0  1  1]
 [ 0  0 44  0  0  0  0]
 [ 0  0  0 45  0  1  0]
 [ 0  0  0  0 46  0  1]
 [ 1  0  0  0  0 41  0]
 [ 0  0  0  0  0  0 31]]";0.801098230628432;0.7001718455838765;"[[185   0   3  14   6   1   8]
 [ 34   0  21  61   5   6   2]
 [  1   0 255   7   2   0   0]
 [ 26   0   6 491   7   0   4]
 [ 13   0   0  28 194   1   0]
 [ 25   0   6   4   4 112  13]
 [ 12   0   0   1   0   5  76]]";0.758873929008568;0.6772871033595625;"[[ 82   0   2  12   2   0   8]
 [ 13   0  10  36   3   2   2]
 [  2   0 119   4   1   0   0]
 [ 27   0   5 204   8   1   1]
 [  5   0   1  18 104   0   0]
 [  9   0   3   4   0  66   8]
 [  6   0   0   0   0   4  45]]";252;[25 17 44 46 47 42 31]
1135;Cora;own;0.5;0.2;64;0.5;1;0.005;1765720390;0.9073359073359073;0.8097852686594138;"[[24  0  0  0  0  1  0]
 [ 0  0  9  5  2  2  1]
 [ 0  0 44  0  0  0  0]
 [ 0  0  0 47  0  2  0]
 [ 0  0  0  0 47  0  1]
 [ 1  0  0  0  0 41  0]
 [ 0  0  0  0  0  0 32]]";0.8094362745098039;0.7083306829921724;"[[180   0   2  15   9   1   9]
 [ 19   0  27  62   7   9   3]
 [  1   0 253   8   2   1   0]
 [ 21   0   5 490   5   2   4]
 [  6   0   0  33 200   1   1]
 [ 18   0   6   2   3 120  14]
 [  8   0   0   2   0   5  78]]";0.7600979192166463;0.6749723089853467;"[[ 78   0   2  14   3   0   9]
 [  9   0  11  35   5   3   3]
 [  2   0 119   4   1   0   0]
 [ 23   0   5 207   9   1   1]
 [  4   0   1  17 105   1   0]
 [  8   0   3   4   0  66   9]
 [  3   0   0   1   0   5  46]]";259;[25 19 44 49 48 42 32]
1136;Cora;own;0.5;0.2;64;0.5;1;0.005;1765720390;0.8984962406015038;0.8038160062689194;"[[24  0  0  0  0  1  0]
 [ 1  0 10  7  1  2  0]
 [ 0  0 44  0  0  0  0]
 [ 2  0  1 49  0  0  0]
 [ 0  0  0  1 48  0  0]
 [ 1  0  0  0  0 41  0]
 [ 0  0  0  0  0  0 33]]";0.808;0.7082004676598486;"[[182   0   1  16   8   1   7]
 [ 23   0  22  71   6   2   2]
 [  1   0 252   9   0   0   0]
 [ 18   0   8 494   3   0   3]
 [  7   0   0  34 198   1   0]
 [ 23   0   6   5   4 112  13]
 [ 10   0   0   3   1   4  75]]";0.7600979192166463;0.6756610288468219;"[[ 80   0   1  15   2   0   8]
 [ 10   0   8  39   5   2   2]
 [  2   0 119   4   1   0   0]
 [ 22   0   5 209   9   1   0]
 [  4   0   1  18 105   0   0]
 [  8   0   3   4   1  64  10]
 [  5   0   0   2   0   4  44]]";266;[25 21 44 52 49 42 33]
1137;Cora;own;0.5;0.2;64;0.5;1;0.005;1765720390;0.8937728937728938;0.79892117530773;"[[25  0  0  0  0  1  0]
 [ 2  0 10  5  1  4  1]
 [ 0  0 45  0  0  0  0]
 [ 2  0  0 50  0  0  0]
 [ 0  0  0  1 49  0  0]
 [ 1  0  0  0  0 42  1]
 [ 0  0  0  0  0  0 33]]";0.8164400494437577;0.7151245764880682;"[[179   0   1  17   8   1   9]
 [ 22   0  23  64   7   8   3]
 [  1   0 250  10   0   0   0]
 [ 15   0   2 499   4   0   3]
 [  6   0   0  31 199   1   1]
 [ 16   0   6   8   3 115  13]
 [  9   0   0   1   0   4  79]]";0.7723378212974297;0.6826486404782214;"[[ 80   0   1  14   3   0   8]
 [  8   0  12  34   5   4   3]
 [  2   0 119   4   1   0   0]
 [ 17   0   4 214   9   1   1]
 [  3   0   1  17 107   0   0]
 [  8   0   2   4   0  66  10]
 [  5   0   0   0   0   5  45]]";273;[26 23 45 52 50 44 33]
1138;Cora;own;0.5;0.2;64;0.5;1;0.005;1765720390;0.9785714285714285;0.9761565278393965;"[[26  0  0  0  0  1  0]
 [ 0 24  1  1  0  0  0]
 [ 0  0 46  0  0  0  0]
 [ 0  1  0 52  0  0  0]
 [ 0  0  0  1 49  0  0]
 [ 0  1  0  0  0 44  0]
 [ 0  0  0  0  0  0 33]]";0.8566108007448789;0.8264406280449001;"[[176   8   1  16   6   1   6]
 [  2  76  12  28   0   3   0]
 [  1   1 248  11   0   0   0]
 [ 16   2   2 496   3   1   3]
 [ 10   3   0  30 195   1   0]
 [ 13  17   5   2   3 112   8]
 [  9   2   0   1   0   4  77]]";0.8041615667074663;0.7800952161021587;"[[ 78   4   1  14   2   0   7]
 [  4  37   7  16   2   0   0]
 [  2   1 118   4   1   0   0]
 [ 17   3   3 214   8   1   0]
 [  3   3   0  18 103   1   0]
 [  8   4   2   3   0  64   9]
 [  4   3   0   1   0   4  43]]";280;[27 26 46 53 50 45 33]
1139;Cora;own;0.5;0.2;64;0.5;1;0.005;1765720390;0.9721254355400697;0.970378671648768;"[[27  0  0  0  0  0  0]
 [ 0 25  1  1  0  0  0]
 [ 0  0 48  0  0  0  0]
 [ 0  1  0 52  0  0  1]
 [ 0  0  0  1 49  0  1]
 [ 1  0  0  0  0 45  1]
 [ 0  0  0  0  0  0 33]]";0.8703241895261845;0.8469392246810218;"[[179   5   0  19   5   0   6]
 [  2  87  10  20   0   0   1]
 [  1   1 257   7   0   0   0]
 [ 14   1   3 491   3   1   2]
 [  7   2   0  34 195   1   0]
 [ 17   5   5   6   2 108  14]
 [  8   0   0   1   0   5  79]]";0.8212974296205631;0.8087475058661161;"[[ 80   2   1  16   2   0   5]
 [  2  47   6  10   0   0   1]
 [  2   0 118   5   1   0   0]
 [ 15   1   6 216   7   1   0]
 [  3   3   0  19 102   1   0]
 [  6   2   2   6   0  64  10]
 [  7   0   0   0   0   4  44]]";287;[27 27 48 54 51 47 33]
1140;Cora;own;0.5;0.2;64;0.5;1;0.005;1765720390;0.9863945578231292;0.9862305932487941;"[[28  0  0  0  0  0  0]
 [ 0 27  1  0  0  0  0]
 [ 0  0 48  0  0  0  0]
 [ 0  0  1 54  0  0  0]
 [ 0  0  0  0 52  0  1]
 [ 0  0  0  0  0 47  1]
 [ 0  0  0  0  0  0 34]]";0.8766437069505323;0.8514659386966633;"[[172   5   0  21   6   0   7]
 [  1  91   9  17   0   0   1]
 [  1   1 256   7   0   0   0]
 [ 10   1   2 493   4   1   2]
 [  6   3   0  28 200   1   3]
 [ 12   5   5   6   2 110  16]
 [  6   0   0   2   0   6  78]]";0.8127294981640147;0.7970584994073692;"[[ 72   2   2  17   3   0  10]
 [  1  47   6  11   0   0   1]
 [  2   0 118   5   1   0   0]
 [ 11   4   6 216   8   1   0]
 [  3   3   0  17 104   1   0]
 [  6   2   2   9   0  61  10]
 [  4   0   0   1   0   4  46]]";294;[28 28 48 55 53 48 34]
1141;Cora;own;0.5;0.2;64;0.5;1;0.005;1765720390;0.9800664451827242;0.9778625811277217;"[[28  0  0  0  0  0  0]
 [ 0 28  1  0  0  0  0]
 [ 1  0 48  0  0  0  0]
 [ 0  0  0 57  0  0  0]
 [ 0  0  0  0 53  0  1]
 [ 1  0  0  0  0 47  1]
 [ 0  0  0  0  0  1 34]]";0.8805031446540881;0.8568073345958535;"[[175   5   0  17   5   0   6]
 [  2 100   9   9   0   0   1]
 [  1   1 254   7   0   0   0]
 [ 16   3   3 483   5   0   2]
 [  8   5   0  21 202   1   3]
 [ 14   6   5   5   2 108  13]
 [  7   0   0   1   0   7  78]]";0.8261933904528764;0.812971294641631;"[[ 80   3   3  11   2   0   7]
 [  1  50   6   9   0   0   0]
 [  2   0 117   6   1   0   0]
 [ 12   5   6 214   8   1   0]
 [  3   3   0  16 105   1   0]
 [  6   3   2   6   0  64   9]
 [  5   0   0   1   0   4  45]]";301;[28 29 49 57 54 49 35]
1142;Cora;own;0.5;0.2;64;0.5;1;0.005;1765720390;0.987012987012987;0.9861820036656047;"[[29  0  0  0  0  0  0]
 [ 0 29  1  0  0  0  0]
 [ 0  0 50  0  0  0  0]
 [ 0  0  0 58  0  0  1]
 [ 0  0  0  0 54  0  1]
 [ 0  0  0  0  0 50  0]
 [ 0  0  0  0  0  1 34]]";0.8723941882501579;0.8484484983687756;"[[167   5   1  20   8   0   7]
 [  2  97  10  10   0   0   1]
 [  1   1 252   9   0   0   0]
 [ 10   4   2 480   8   1   1]
 [  6   5   0  24 202   1   3]
 [ 13   5   5   8   2 103  16]
 [  6   0   0   2   1   4  80]]";0.8323133414932681;0.8182228079728248;"[[ 78   3   3  11   2   0   9]
 [  1  48   6  10   0   0   1]
 [  1   0 119   5   1   0   0]
 [  8   5   6 216  10   1   0]
 [  3   3   0  14 108   0   0]
 [  6   3   2   8   0  63   8]
 [  5   0   0   1   0   1  48]]";308;[29 30 50 59 55 50 35]
1143;Cora;own;0.5;0.2;64;0.5;1;0.005;1765720390;0.9809523809523809;0.9797823456754085;"[[29  0  0  0  0  0  0]
 [ 0 29  1  0  0  0  0]
 [ 0  0 51  0  0  0  0]
 [ 0  1  0 59  0  0  0]
 [ 1  0  0  0 55  0  1]
 [ 0  0  0  1  0 51  0]
 [ 0  0  0  0  0  1 35]]";0.8743654822335025;0.8542863698297161;"[[171   5   1  18   7   0   6]
 [  2  95  10  10   0   0   1]
 [  1   1 253   7   0   0   0]
 [ 14   5   2 472   8   4   2]
 [  8   5   0  25 198   2   2]
 [ 15   3   5   3   2 110  12]
 [  7   0   0   1   0   4  79]]";0.8396572827417381;0.8263092730003513;"[[ 81   3   2  11   1   0   8]
 [  1  48   6  10   0   0   1]
 [  1   0 119   5   1   0   0]
 [  9   5   6 215  10   1   0]
 [  3   3   0  13 109   0   0]
 [  6   2   2   5   0  66   9]
 [  6   0   0   0   0   1  48]]";315;[29 30 51 60 57 52 36]
1144;Cora;own;0.5;0.2;64;0.5;1;0.005;1765720390;0.9906832298136646;0.9905589922117662;"[[29  0  0  0  0  0  0]
 [ 0 29  1  0  0  0  0]
 [ 0  0 52  0  0  0  0]
 [ 0  0  0 63  0  0  0]
 [ 0  0  0  1 57  0  0]
 [ 0  0  0  0  0 53  0]
 [ 0  0  0  0  0  1 36]]";0.8693435309114086;0.8480781225235844;"[[154   5   2  22  12   4   8]
 [  1  87  10  12   0   1   1]
 [  1   1 248   9   0   1   0]
 [ 10   2   2 486   7   2   1]
 [  3   4   0  28 200   2   1]
 [  7   3   5  12   2 112  11]
 [  5   0   0   3   1   4  77]]";0.8212974296205631;0.8077813709027121;"[[ 64   3   2  24   3   0  10]
 [  1  45   6  13   0   0   1]
 [  1   0 118   6   1   0   0]
 [  6   3   6 221   9   1   0]
 [  2   3   0  16 107   0   0]
 [  5   2   2   6   0  67   8]
 [  3   0   0   1   1   1  49]]";322;[29 30 52 63 58 53 37]
1145;Cora;own;0.5;0.2;64;0.5;1;0.005;1765720390;0.9878419452887538;0.9877313937011492;"[[30  0  0  0  0  0  0]
 [ 0 31  1  0  0  0  0]
 [ 0  0 52  0  0  0  0]
 [ 0  0  0 64  1  0  0]
 [ 0  0  0  0 57  0  1]
 [ 0  0  0  0  0 54  0]
 [ 0  0  0  0  0  1 37]]";0.8777208706786171;0.8563119927635793;"[[164   6   1  18  11   0   6]
 [  1  92  11   8   0   1   0]
 [  1   1 249   6   0   0   0]
 [ 12   3   2 484   7   3   1]
 [  4   5   0  27 194   2   2]
 [ 13   5   5   4   2 112  10]
 [  8   0   0   1   0   4  76]]";0.8408812729498164;0.8298245164557744;"[[ 79   3   2  12   2   0   8]
 [  1  50   6   9   0   0   0]
 [  1   0 119   5   1   0   0]
 [  7   5   6 219   8   1   0]
 [  3   3   0  17 104   1   0]
 [  6   3   2   4   0  68   7]
 [  5   0   0   1   0   1  48]]";329;[30 32 52 65 58 54 38]
1146;Cora;own;0.5;0.2;64;0.5;1;0.005;1765720390;0.9910714285714286;0.9893155057374017;"[[31  0  0  0  0  0  1]
 [ 0 32  1  0  0  0  0]
 [ 0  0 53  0  0  0  0]
 [ 0  0  0 66  0  0  0]
 [ 0  0  0  0 58  0  1]
 [ 0  0  0  0  0 55  0]
 [ 0  0  0  0  0  0 38]]";0.8739549839228296;0.8519358468273036;"[[152   6   1  23  11   1  10]
 [  0  91   8   8   0   1   0]
 [  1   1 249   8   0   0   0]
 [ 10   3   2 486   6   3   3]
 [  2   4   0  26 196   2   3]
 [  8   4   5  11   2 109  11]
 [  6   0   0   2   0   4  76]]";0.8323133414932681;0.8153810943389236;"[[ 70   3   2  17   2   0  12]
 [  0  47   6  12   0   0   1]
 [  1   0 119   5   1   0   0]
 [  4   5   6 224   6   1   0]
 [  1   3   0  17 106   0   1]
 [  6   2   2   6   0  65   9]
 [  4   0   0   1   0   1  49]]";336;[32 33 53 66 59 55 38]
1147;Cora;own;0.5;0.2;64;0.5;1;0.005;1765720390;0.9883381924198251;0.9865125554152695;"[[33  0  0  0  0  0  1]
 [ 0 33  1  0  0  0  0]
 [ 0  0 54  0  0  0  0]
 [ 0  0  0 67  0  0  0]
 [ 0  0  0  0 59  0  1]
 [ 0  0  0  0  0 55  1]
 [ 0  0  0  0  0  0 38]]";0.8798449612403101;0.8583291500040886;"[[155   6   1  21  11   2   6]
 [  0  91   8   7   0   1   0]
 [  1   1 248   6   0   0   0]
 [ 12   3   4 484   7   3   1]
 [  3   4   0  21 199   2   3]
 [ 10   4   5   7   2 112   9]
 [  7   0   0   2   1   5  73]]";0.8396572827417381;0.8273620434550734;"[[ 77   3   2  14   3   0   7]
 [  0  51   5  10   0   0   0]
 [  1   0 119   5   1   0   0]
 [  8   5   6 219   7   1   0]
 [  2   3   0  16 107   0   0]
 [  6   3   2   4   0  68   7]
 [  3   0   0   1   3   3  45]]";343;[34 34 54 67 60 56 38]
1148;Cora;own;0.5;0.2;64;0.5;1;0.005;1765720390;0.9885714285714285;0.9877450412695915;"[[34  0  0  0  0  0  0]
 [ 0 34  1  0  0  0  0]
 [ 0  0 55  0  0  0  0]
 [ 0  0  0 69  0  0  1]
 [ 0  0  0  0 60  0  1]
 [ 0  0  0  0  0 56  1]
 [ 0  0  0  0  0  0 38]]";0.8754055807916937;0.8549023145556168;"[[150   6   0  27  10   1   7]
 [  1  88   8   8   0   1   0]
 [  1   1 244   8   0   0   0]
 [  9   2   4 491   4   3   0]
 [  3   5   0  27 193   2   1]
 [  7   3   5  11   2 109  11]
 [  6   0   0   3   1   4  74]]";0.8384332925336597;0.8284441565416343;"[[ 73   3   1  20   2   0   7]
 [  0  50   5  11   0   0   0]
 [  1   0 118   6   1   0   0]
 [  6   5   6 224   4   1   0]
 [  2   3   0  18 105   0   0]
 [  6   3   2   5   0  66   8]
 [  3   0   0   1   1   1  49]]";350;[34 35 55 70 61 57 38]
1149;Cora;own;0.5;0.2;64;0.5;1;0.005;1765720390;0.9803921568627451;0.9791854428416672;"[[34  0  0  0  0  1  0]
 [ 0 34  1  0  0  0  0]
 [ 0  1 56  0  0  0  0]
 [ 0  0  0 69  0  1  1]
 [ 0  0  0  0 61  0  1]
 [ 0  0  0  0  0 57  1]
 [ 0  0  0  0  0  0 39]]";0.8794002607561929;0.858387352161826;"[[149   5   2  23  11   1   9]
 [  0  89   7   9   0   1   0]
 [  1   0 246   6   0   0   0]
 [  9   2   4 486   6   3   0]
 [  3   4   0  24 195   2   3]
 [  8   2   5   9   2 109  12]
 [  5   0   0   2   1   4  75]]";0.8396572827417381;0.8244995107200398;"[[ 71   3   2  19   2   0   9]
 [  0  49   5  11   0   0   1]
 [  1   0 120   4   1   0   0]
 [  5   5   6 224   5   1   0]
 [  1   3   0  16 107   0   1]
 [  5   2   2   5   0  67   9]
 [  3   0   0   1   1   2  48]]";357;[35 35 57 71 62 58 39]
1150;Cora;own;0.5;0.2;64;0.5;1;0.005;1765720390;0.989010989010989;0.988558734835482;"[[36  0  0  0  0  0  0]
 [ 0 35  1  0  0  0  0]
 [ 0  0 58  0  0  0  0]
 [ 0  0  0 71  1  0  0]
 [ 0  0  0  0 62  0  1]
 [ 1  0  0  0  0 58  0]
 [ 0  0  0  0  0  0 40]]";0.876882776686313;0.8580871187567672;"[[152   5   1  23  11   2   5]
 [  0  84   8  14   0   1   0]
 [  1   0 243   9   0   0   0]
 [  9   0   4 484   6   2   1]
 [  3   2   0  26 194   2   3]
 [  8   1   6  10   2 108  11]
 [  6   0   0   2   0   4  74]]";0.8494492044063647;0.8336905578674364;"[[ 76   3   2  17   2   0   6]
 [  0  44   7  14   0   0   1]
 [  1   0 119   5   1   0   0]
 [  4   4   6 228   3   1   0]
 [  2   3   0  14 109   0   0]
 [  6   1   2   4   0  70   7]
 [  5   0   0   0   0   2  48]]";364;[36 36 58 72 63 59 40]
1151;Cora;own;0.5;0.2;64;0.5;1;0.005;1765720390;0.9865229110512129;0.9856879551044015;"[[38  0  0  0  0  0  0]
 [ 0 36  2  0  0  0  0]
 [ 0  0 58  0  0  0  0]
 [ 0  0  0 72  0  0  0]
 [ 0  0  0  1 62  0  1]
 [ 1  0  0  0  0 59  0]
 [ 0  0  0  0  0  0 41]]";0.8723684210526316;0.8507475708036563;"[[146   5   3  22  10   1  10]
 [  0  86   8  11   0   1   0]
 [  1   0 242   8   0   0   1]
 [  9   2   5 476   8   2   2]
 [  2   4   0  23 196   2   3]
 [  6   2   5  13   2 107  11]
 [  6   0   0   2   0   4  73]]";0.847001223990208;0.8291648136681168;"[[ 72   3   2  17   2   0  10]
 [  0  47   6  12   0   0   1]
 [  1   0 120   4   1   0   0]
 [  6   4   6 226   3   1   0]
 [  1   3   0  12 111   0   1]
 [  6   2   2   5   0  67   8]
 [  4   0   0   0   1   1  49]]";371;[38 38 58 72 64 60 41]
1152;Cora;own;0.5;0.2;64;0.5;1;0.005;1765720390;0.9867724867724867;0.985151775545895;"[[38  0  0  0  0  1  1]
 [ 0 36  2  0  0  0  0]
 [ 0  0 59  0  0  0  0]
 [ 0  0  0 73  0  0  0]
 [ 0  0  0  1 64  0  0]
 [ 0  0  0  0  0 62  0]
 [ 0  0  0  0  0  0 41]]";0.8764044943820225;0.8581407224018259;"[[150   5   3  22   9   1   6]
 [  0  86   7  12   0   1   0]
 [  1   0 239   9   0   1   1]
 [  8   2   4 477   8   3   1]
 [  2   3   0  25 194   2   3]
 [  6   0   5  12   2 109  10]
 [  7   0   0   2   0   4  71]]";0.8408812729498164;0.8267650242164185;"[[ 74   2   2  20   1   0   7]
 [  0  46   6  14   0   0   0]
 [  3   0 119   3   1   0   0]
 [  5   4   6 225   5   1   0]
 [  3   3   0  14 108   0   0]
 [  5   0   2   6   0  69   8]
 [  6   0   0   0   1   2  46]]";378;[40 38 59 73 65 62 41]
1153;Cora;own;0.5;0.2;64;0.5;1;0.005;1765720390;0.9922077922077922;0.9911483620573431;"[[42  0  0  0  0  0  0]
 [ 0 37  2  0  0  0  0]
 [ 0  0 61  0  0  0  0]
 [ 0  0  0 73  0  0  0]
 [ 0  0  0  0 64  0  1]
 [ 0  0  0  0  0 63  0]
 [ 0  0  0  0  0  0 42]]";0.8711819389110226;0.8492181762625549;"[[145   5   3  22  11   1   7]
 [  0  85   7  11   0   2   0]
 [  1   0 245   5   0   0   0]
 [  6   3   7 469  10   3   3]
 [  2   4   0  25 193   2   3]
 [  7   1   7  10   2 105  11]
 [  7   0   0   2   0   4  70]]";0.8372093023255814;0.8264349000253258;"[[ 72   2   3  20   1   0   8]
 [  0  48   6  12   0   0   0]
 [  1   0 120   4   1   0   0]
 [  5   5   9 219   7   1   0]
 [  2   3   0  14 109   0   0]
 [  4   0   2   7   0  69   8]
 [  5   0   0   0   1   2  47]]";385;[42 39 61 73 65 63 42]
1154;Cora;own;0.5;0.2;64;0.5;1;0.005;1765720390;0.9821428571428571;0.9807891652078072;"[[42  0  0  0  0  0  0]
 [ 0 38  3  0  0  0  0]
 [ 0  0 61  0  0  0  0]
 [ 0  0  0 74  0  0  0]
 [ 0  0  0  1 64  0  1]
 [ 1  0  0  0  0 64  0]
 [ 0  0  0  0  0  1 42]]";0.875250166777852;0.853294244499564;"[[148   5   3  20  10   2   6]
 [  0  84   7  11   0   2   0]
 [  1   0 243   4   0   1   1]
 [  7   3   5 472   8   3   2]
 [  3   3   0  27 191   2   2]
 [  8   0   5  10   2 105  11]
 [  6   0   0   2   0   5  69]]";0.8457772337821298;0.832442281910416;"[[ 73   2   1  21   1   0   8]
 [  0  47   5  12   0   0   2]
 [  1   0 120   4   1   0   0]
 [  5   4   8 224   4   1   0]
 [  2   3   0  14 109   0   0]
 [  5   0   2   5   0  71   7]
 [  4   0   0   0   1   3  47]]";392;[42 41 61 74 66 65 43]
1155;Cora;own;0.5;0.2;64;0.5;1;0.005;1765720390;0.9774436090225563;0.9764181355442749;"[[43  0  0  0  0  0  0]
 [ 0 39  3  0  0  0  0]
 [ 0  0 62  0  0  0  0]
 [ 0  0  0 75  0  2  0]
 [ 0  0  0  0 65  0  1]
 [ 2  0  0  0  0 63  0]
 [ 0  0  0  0  0  1 43]]";0.8766756032171582;0.8537331417485755;"[[149   5   3  19  10   0   7]
 [  0  84   7  12   0   1   0]
 [  1   0 245   4   0   0   0]
 [  9   3   7 465   8   1   3]
 [  3   4   0  23 193   2   2]
 [  8   1   5   9   2 105  11]
 [  9   0   0   1   0   4  67]]";0.8457772337821298;0.8354226425059379;"[[ 79   2   2  16   1   0   6]
 [  0  48   5  12   0   0   1]
 [  1   0 120   4   1   0   0]
 [  9   6   9 217   4   1   0]
 [  2   3   0  13 110   0   0]
 [  7   0   2   4   0  71   6]
 [  6   0   0   0   1   2  46]]";399;[43 42 62 77 66 65 44]
1156;Cora;own;0.5;0.2;64;0.5;1;0.005;1765720390;0.9802955665024631;0.9798464028421581;"[[44  0  0  0  1  0  0]
 [ 0 42  1  0  0  0  0]
 [ 0  0 63  0  0  0  0]
 [ 0  0  0 76  0  2  0]
 [ 0  0  0  0 66  0  1]
 [ 1  0  0  0  0 64  1]
 [ 0  0  0  0  0  1 43]]";0.8747474747474747;0.8526748727077107;"[[139   5   3  22  11   2   9]
 [  0  88   4  10   0   1   0]
 [  1   0 243   4   0   1   0]
 [  5   4   7 462  11   2   4]
 [  2   5   0  22 194   1   3]
 [  8   2   5   9   1 105   9]
 [  6   0   0   2   1   4  68]]";0.8506731946144431;0.8442559576947196;"[[ 75   2   2  18   2   0   7]
 [  0  52   3  11   0   0   0]
 [  1   0 120   4   1   0   0]
 [  4   6   9 216  10   1   0]
 [  1   3   0  12 112   0   0]
 [  6   0   2   3   1  73   5]
 [  4   0   0   0   2   2  47]]";406;[45 43 63 78 67 66 44]
1157;Cora;own;0.5;0.2;64;0.5;1;0.005;1765720390;0.9830508474576272;0.9821602271952763;"[[45  0  0  0  1  0  0]
 [ 0 43  1  0  0  0  0]
 [ 0  0 64  0  0  0  0]
 [ 0  0  0 78  0  1  0]
 [ 0  0  0  0 67  0  1]
 [ 1  0  0  0  0 65  2]
 [ 0  0  0  0  0  0 44]]";0.8768606224627875;0.8561051807672665;"[[144   5   3  23   8   0   7]
 [  0  86   4  11   0   1   0]
 [  1   0 244   2   0   0   0]
 [  7   4   7 464   7   2   4]
 [  2   4   0  27 189   1   3]
 [  9   1   5  11   1 101   9]
 [  6   0   0   2   0   5  68]]";0.8421052631578947;0.8305068428815503;"[[ 74   2   2  19   1   0   8]
 [  0  49   4  13   0   0   0]
 [  1   1 120   3   1   0   0]
 [  6   6   9 219   5   1   0]
 [  2   3   0  13 109   0   1]
 [  6   0   2   5   0  69   8]
 [  4   0   0   0   0   3  48]]";413;[46 44 64 79 68 68 44]
1158;Cora;own;0.5;0.2;64;0.5;1;0.005;1765720390;0.9809523809523809;0.9795706479473228;"[[47  0  0  1  2  0  0]
 [ 0 43  1  0  0  0  0]
 [ 0  0 65  0  0  0  0]
 [ 0  0  0 79  0  0  0]
 [ 0  0  0  0 68  0  1]
 [ 1  0  0  0  0 66  2]
 [ 0  0  0  0  0  0 44]]";0.8783140720598233;0.8584238109561433;"[[145   3   3  21  10   1   6]
 [  0  83   4  11   0   3   0]
 [  1   0 240   3   0   1   0]
 [  7   3   8 463   8   3   3]
 [  4   1   0  24 193   1   1]
 [  8   1   5  11   1 101   9]
 [  6   0   0   2   0   6  67]]";0.8421052631578947;0.8279504283489133;"[[ 76   1   2  19   1   0   7]
 [  0  50   4  10   0   1   1]
 [  3   0 121   1   1   0   0]
 [  7   7   8 218   5   1   0]
 [  2   3   0  12 111   0   0]
 [  6   0   2   7   0  67   8]
 [  5   0   0   0   1   4  45]]";420;[50 44 65 79 69 69 44]
1159;Cora;own;0.5;0.2;64;0.5;1;0.005;167894674;0.0;0.0;[[]];0.15335801163405605;0.11788961073740385;"[[  1  82  37   2 111   8   4]
 [  2  17  29   1  99   1   2]
 [ 15  73  56  41 100   7   0]
 [  3 143  66  54 262  41   3]
 [ 13  55  50  20 139  19   2]
 [  0  28  27  23 109  19   2]
 [  1  33  14   1  56  16   4]]";0.12974296205630356;0.08914893153800478;"[[  1  41  13   2  43   4   2]
 [  1   4  15   1  43   1   1]
 [ 13  22  23  26  40   2   0]
 [  3  46  34  21 123  16   3]
 [  3  19  36   6  55   9   0]
 [  0  13   7  10  58   1   1]
 [  0  18   5   0  24   7   1]]";0;[]
1160;Cora;own;0.5;0.2;64;0.5;1;0.005;167894674;0.7142857142857143;0.5333333333333333;"[[2 0 0 0 0]
 [0 2 0 0 0]
 [0 1 0 0 0]
 [0 1 0 0 0]
 [0 0 0 0 1]]";0.47823779193205945;0.21678413747986824;"[[  0   0  11 214   0   0   0]
 [  0   0  44  87   0   0   0]
 [  0   0 282  13   0   0   0]
 [  0   0  11 609   0   0   0]
 [  0   0   7 282   0   0   0]
 [  0   0  36 163   0   5   0]
 [  0   0  13 102   0   0   5]]";0.44430844553243576;0.19597360817236595;"[[  0   0   5 101   0   0   0]
 [  0   0  20  46   0   0   0]
 [  0   0 122   4   0   0   0]
 [  0   0   7 239   0   0   0]
 [  0   0   5 123   0   0   0]
 [  0   0  14  74   0   2   0]
 [  0   0  13  42   0   0   0]]";7;[0 0 2 2 1 1 1]
1161;Cora;own;0.5;0.2;64;0.5;1;0.005;167894674;0.9285714285714286;0.9314285714285713;"[[2 0 0 0 0]
 [0 4 0 0 0]
 [0 0 2 0 0]
 [0 0 0 2 0]
 [0 0 0 1 3]]";0.5610015982951518;0.36608853423052373;"[[  0   0   8 211   0   6   0]
 [  0   0  21 108   0   2   0]
 [  0   0 283  11   0   1   0]
 [  0   0  18 592   0   8   0]
 [  0   0   4 251   2  28   0]
 [  0   0  10  46   0 154   0]
 [  0   0   4  69   0  18  22]]";0.5165238678090576;0.33196314729578086;"[[  0   0   4  99   0   3   0]
 [  0   0  10  51   0   5   0]
 [  0   0 122   4   0   0   0]
 [  0   0   9 233   0   4   0]
 [  0   0   7 108   1  12   0]
 [  0   0   4  27   0  59   0]
 [  0   0   5  35   0   8   7]]";14;[0 0 2 4 2 2 4]
1162;Cora;own;0.5;0.2;64;0.5;1;0.005;167894674;0.8095238095238095;0.8087301587301589;"[[3 0 0 0 0]
 [0 5 0 1 0]
 [0 1 3 1 0]
 [0 0 0 2 0]
 [0 0 0 1 4]]";0.5711229946524065;0.3695159234373816;"[[  0   0   7 203   0  10   0]
 [  0   0  17 108   0   6   0]
 [  0   0 276  12   0   2   0]
 [  0   0  13 610   0   6   2]
 [  0   0   3 243   1  29   0]
 [  0   0  10  42   0 158   0]
 [  0   0   0  65   0  24  23]]";0.5177478580171359;0.3437080058065104;"[[  0   0   3  99   0   4   0]
 [  0   0   9  50   0   7   0]
 [  0   0 118   8   0   0   0]
 [  0   0   7 235   0   4   0]
 [  0   0   6 108   1  13   0]
 [  0   0   2  30   0  58   0]
 [  0   0   1  27   0  16  11]]";21;[0 0 3 6 5 2 5]
1163;Cora;own;0.5;0.2;64;0.5;1;0.005;167894674;0.75;0.6310606060606061;"[[0 1 0 0 0 0]
 [0 3 1 0 0 0]
 [0 0 6 0 1 0]
 [0 0 1 4 2 0]
 [0 0 0 0 3 0]
 [0 0 0 0 1 5]]";0.559849704777241;0.3508585567126435;"[[  0   0   8 192   0  19   0]
 [  0   0  13  80   0  37   0]
 [  0   0 274  34   0   5   0]
 [  0   0  16 581   0   8   2]
 [  0   0   5 229   0  40   0]
 [  0   0   8  35   0 166   0]
 [  0   0   1  41   0  47  22]]";0.5238678090575275;0.3374136221755711;"[[  0   0   3  89   0  14   0]
 [  0   0   9  40   0  17   0]
 [  0   0 121   5   0   0   0]
 [  0   0   8 233   0   5   0]
 [  0   0  11  98   1  18   0]
 [  0   0   2  26   0  62   0]
 [  0   0   0  16   0  28  11]]";28;[1 0 4 7 7 3 6]
1164;Cora;own;0.5;0.2;64;0.5;1;0.005;167894674;0.8;0.7002331002331003;"[[0 0 3 0 0 0]
 [0 5 0 0 0 0]
 [0 0 8 0 0 0]
 [0 1 1 5 1 0]
 [0 0 0 0 4 0]
 [0 0 0 0 1 6]]";0.5695043103448276;0.3506571480363186;"[[  0   0   8 158   0  46   0]
 [  0   0  12  58   0  54   0]
 [  0   0 273  32   0   4   0]
 [  0   0  18 578   0  13   2]
 [  0   0  25 217   2  25   0]
 [  0   0   5  36   0 183   0]
 [  0   0   1  30   0  55  21]]";0.5214198286413708;0.3327206654391313;"[[  0   0   3  76   0  27   0]
 [  0   0   7  31   0  28   0]
 [  0   0 121   5   0   0   0]
 [  0   0  12 228   0   6   0]
 [  0   0  21  96   2   9   0]
 [  0   0   2  24   0  64   0]
 [  0   0   0  13   0  31  11]]";35;[3 0 5 8 8 4 7]
1165;Cora;own;0.5;0.2;64;0.5;1;0.005;167894674;0.8571428571428571;0.6554937126365699;"[[ 0  0  0  2  2  0  0]
 [ 0  0  0  1  0  0  0]
 [ 0  0  6  0  0  0  0]
 [ 0  0  0  9  0  0  0]
 [ 0  0  0  0 10  0  0]
 [ 0  0  0  0  0  4  0]
 [ 0  0  0  0  0  1  7]]";0.646295294753921;0.4621116103552449;"[[  0   0   8 120  20  56   0]
 [  0   0  32  60  16  59   0]
 [  0   0 275  23   0   4   0]
 [  0   0  29 542  11   9   2]
 [  0   0   9  81 178   1   0]
 [  0   0   7  24   3 180   0]
 [  0   0   1  24   2  53  20]]";0.6034271725826194;0.43668874190250884;"[[  0   0   4  64   7  31   0]
 [  0   0  13  18  11  24   0]
 [  0   0 122   4   0   0   0]
 [  0   0  15 215   9   7   0]
 [  0   0  11  37  80   0   0]
 [  0   0   5  18   2  65   0]
 [  0   0   0  15   2  27  11]]";42;[ 4  1  6  9 10  4  8]
1166;Cora;own;0.5;0.2;64;0.5;1;0.005;167894674;0.7959183673469388;0.629746266322621;"[[ 0  0  0  5  1  1  0]
 [ 0  0  1  0  0  0  0]
 [ 0  0  7  0  0  0  0]
 [ 0  0  1 11  0  0  0]
 [ 0  0  0  0 10  0  0]
 [ 0  0  0  0  0  4  0]
 [ 0  0  0  1  0  0  7]]";0.6210640608034745;0.4482335006751397;"[[  0   0  22 160   1  26   0]
 [  0   0  83  46   4  22   0]
 [  0   0 317  12   1   6   0]
 [  0   0  62 500   3   7   0]
 [  0   0  39  91 135   2   0]
 [  0   0   9  25   0 172   0]
 [  0   0   8  32   0  37  20]]";0.565483476132191;0.41733959851806907;"[[  0   0  14  71   1  20   0]
 [  0   0  41  17   1   7   0]
 [  0   0 123   3   0   0   0]
 [  0   0  44 200   0   2   0]
 [  0   0  19  42  66   1   0]
 [  0   0   7  21   0  62   0]
 [  0   0   3  23   0  18  11]]";49;[ 7  1  7 12 10  4  8]
1167;Cora;own;0.5;0.2;64;0.5;1;0.005;167894674;0.9642857142857143;0.823342670401494;"[[10  0  0  0  0  0  0]
 [ 0  0  1  0  0  0  0]
 [ 0  0  7  0  0  0  0]
 [ 0  0  0 14  0  0  0]
 [ 0  0  0  0 11  0  0]
 [ 0  0  0  0  0  4  0]
 [ 0  0  0  0  0  1  8]]";0.7133514986376022;0.5801506113997579;"[[192   0   9  44   2  11   0]
 [ 19   0  74  21   5  18   0]
 [  0   0 316   9   1   2   0]
 [ 19   0  51 461   2  12   0]
 [ 15   0  12  84 154   2   0]
 [ 10   0  14  15   1 167   0]
 [ 48   0   2   4   0  20  19]]";0.6389228886168911;0.5261631916497009;"[[ 69   0   8  20   1   8   0]
 [ 12   0  31  10   6   7   0]
 [  1   0 119   4   0   2   0]
 [ 12   0  43 186   0   5   0]
 [  9   0   8  32  78   1   0]
 [  9   0   8  14   0  59   0]
 [ 25   0   4   3   0  12  11]]";56;[10  1  7 14 11  4  9]
1168;Cora;own;0.5;0.2;64;0.5;1;0.005;167894674;0.9365079365079365;0.8111111111111111;"[[12  0  1  0  0  0  0]
 [ 0  0  1  0  0  0  0]
 [ 0  0  8  0  0  0  0]
 [ 0  0  0 14  0  0  0]
 [ 0  0  0  0 12  0  0]
 [ 0  0  0  0  0  4  0]
 [ 2  0  0  0  0  0  9]]";0.6690371991247265;0.5477028788376391;"[[244   0  12  11   2   3   0]
 [  7   0  92   0   0   1   0]
 [ 12   0 379  18   3   1   0]
 [ 47   0 125 330   0   3   0]
 [ 55   0  30  44 129   0   0]
 [ 21   0  29   8   1 123   0]
 [ 68   0   8   1   0   3  18]]";0.5801713586291309;0.49533777967312426;"[[ 86   0  10   5   0   5   0]
 [  5   0  58   1   2   0   0]
 [  1   0 124   1   0   0   0]
 [ 27   0  83 135   0   1   0]
 [ 20   0  19  17  72   0   0]
 [ 20   0  14  10   0  46   0]
 [ 36   0   4   1   0   3  11]]";63;[13  1  8 14 12  4 11]
1169;Cora;own;0.5;0.2;64;0.5;1;0.005;167894674;0.9428571428571428;0.8069148608059825;"[[13  0  0  0  0  0  0]
 [ 0  0  1  0  0  0  0]
 [ 0  0  8  0  0  0  0]
 [ 0  0  0 17  0  0  0]
 [ 0  0  0  0 13  0  0]
 [ 0  0  0  0  0  5  0]
 [ 2  0  0  0  0  1 10]]";0.6836902800658978;0.5556016487838883;"[[209   0  14  17   4   3   0]
 [  1   0  96   1   0   2   0]
 [  3   0 393   8   1   0   0]
 [ 34   0 127 334   4   6   0]
 [ 36   0  34  28 164   0   0]
 [ 14   0  30  10   1 128   0]
 [ 60   0  21   5   0  16  17]]";0.5997552019583844;0.5123968797304992;"[[ 80   0  11   8   1   6   0]
 [  2   0  60   2   2   0   0]
 [  1   0 124   1   0   0   0]
 [ 24   0  78 141   2   1   0]
 [ 16   0  19  10  82   1   0]
 [ 14   0  13  11   0  52   0]
 [ 29   0   6   3   0   6  11]]";70;[13  1  8 17 13  5 13]
1170;Cora;own;0.5;0.2;64;0.5;1;0.005;167894674;0.974025974025974;0.8385223821329297;"[[14  0  0  0  0  0  0]
 [ 0  0  1  0  0  0  0]
 [ 0  0  8  0  0  0  0]
 [ 0  0  0 18  0  0  0]
 [ 0  0  0  0 16  0  0]
 [ 0  0  0  0  0  6  0]
 [ 1  0  0  0  0  0 13]]";0.737045203969129;0.6488788075798462;"[[215   0   8  17   8   3   0]
 [  3   0  94   1   0   1   0]
 [  2   0 367   7   0   0   0]
 [ 40   0 114 332  19   4   2]
 [ 23   0   9  10 229   0   0]
 [ 15   0  26  13   1 133   2]
 [ 37   0   9   5   0   4  61]]";0.6438188494492044;0.5847461951611749;"[[ 78   0  12   8   2   6   0]
 [  2   0  58   2   4   0   0]
 [  1   0 123   2   0   0   0]
 [ 22   0  67 139  15   2   1]
 [ 18   0   6   1 103   0   0]
 [ 14   0  13  10   0  49   4]
 [ 15   0   2   3   0   1  34]]";77;[14  1  8 18 16  6 14]
1171;Cora;own;0.5;0.2;64;0.5;1;0.005;167894674;0.9642857142857143;0.8302079452470644;"[[14  0  0  0  0  0  0]
 [ 0  0  1  0  0  0  0]
 [ 0  0  8  0  0  0  0]
 [ 0  0  0 20  0  0  0]
 [ 1  0  0  0 17  0  0]
 [ 0  0  0  0  0  8  0]
 [ 1  0  0  0  0  0 14]]";0.7648035417819591;0.6728137079535216;"[[208   0   4  17   4   8   0]
 [  2   0  92   0   0   6   0]
 [  2   0 352  10   0   0   1]
 [ 47   0  68 368  26  11   2]
 [ 25   0   3  14 224   2   1]
 [ 18   0  13   6   1 162   2]
 [ 28   0   2   2   0   8  68]]";0.6866585067319462;0.6136664211927558;"[[ 80   0   6  10   2   7   1]
 [  2   0  57   2   4   1   0]
 [  1   0 122   2   0   1   0]
 [ 21   0  41 160  18   5   1]
 [ 14   0   1   5 107   1   0]
 [ 16   0   6   8   0  57   3]
 [ 13   0   1   2   0   4  35]]";84;[14  1  8 20 18  8 15]
1172;Cora;own;0.5;0.2;64;0.5;1;0.005;167894674;0.945054945054945;0.8127644775611115;"[[14  0  0  0  0  0  0]
 [ 0  0  1  0  0  0  0]
 [ 0  0  8  0  0  0  0]
 [ 1  0  1 22  0  0  0]
 [ 1  0  0  0 18  0  0]
 [ 0  0  0  0  0  9  0]
 [ 1  0  0  0  0  0 15]]";0.7744444444444445;0.6711485132205065;"[[182   0   5  23   2   6   1]
 [  1   0  91   4   1   1   0]
 [  1   0 346   9   0   0   0]
 [ 25   0  49 429  16   5   4]
 [ 24   0   1  35 214   3   2]
 [ 23   0  19   7   1 155   3]
 [ 29   0   2   6   0   7  68]]";0.7111383108935129;0.6308809404069863;"[[ 74   0   8  13   2   7   2]
 [  2   0  57   3   4   0   0]
 [  1   0 123   2   0   0   0]
 [ 11   0  33 187  12   2   1]
 [ 10   0   1  13 104   0   0]
 [ 15   0   6  10   0  56   3]
 [ 11   0   2   2   0   3  37]]";91;[14  1  8 24 19  9 16]
1173;Cora;own;0.5;0.2;64;0.5;1;0.005;167894674;0.9387755102040817;0.807604999821981;"[[15  0  0  0  0  0  0]
 [ 0  0  1  0  0  0  0]
 [ 0  0  8  0  0  0  0]
 [ 1  0  1 25  0  0  1]
 [ 1  0  0  0 19  0  0]
 [ 0  0  0  0  0 10  0]
 [ 1  0  0  0  0  0 15]]";0.7819297267150028;0.672866730939444;"[[196   0   2  18   2   7   0]
 [  4   0  87   3   1   3   0]
 [  1   0 339  10   0   0   0]
 [ 36   0  34 429  17   8   6]
 [ 24   0   1  29 216   3   2]
 [ 26   0  12   4   1 160   2]
 [ 32   0   3   4   0   9  62]]";0.7123623011015912;0.6261011816198051;"[[ 77   0   4  12   4   7   2]
 [  2   0  55   2   5   2   0]
 [  1   0 121   3   0   1   0]
 [ 14   0  24 185  17   5   1]
 [ 12   0   1   9 106   0   0]
 [ 18   0   4   6   0  59   3]
 [ 14   0   2   2   0   3  34]]";98;[15  1  8 28 20 10 16]
1174;Cora;own;0.5;0.2;64;0.5;1;0.005;167894674;0.9619047619047619;0.8240782206299447;"[[17  0  0  0  0  0  0]
 [ 0  0  1  0  0  0  0]
 [ 0  0  8  0  0  0  0]
 [ 1  0  1 28  0  0  0]
 [ 0  0  0  0 21  0  0]
 [ 0  0  0  0  0 11  0]
 [ 1  0  0  0  0  0 16]]";0.7833146696528556;0.675049294270398;"[[199   0   2  20   5   7   1]
 [  2   0  88   4   1   3   0]
 [  0   0 324  10   0   0   0]
 [ 32   0  40 447  14   6   3]
 [ 22   0   1  30 209   3   2]
 [ 22   0  11   8   1 159   3]
 [ 31   0   2   4   0   9  61]]";0.7172582619339045;0.62886963114744;"[[ 75   0   6  13   3   7   2]
 [  2   0  55   2   5   2   0]
 [  1   0 119   5   0   1   0]
 [ 10   0  20 196  16   3   1]
 [ 14   0   1  10 103   0   0]
 [ 17   0   4   8   0  58   3]
 [ 14   0   1   2   0   3  35]]";105;[17  1  8 30 21 11 17]
1175;Cora;own;0.5;0.2;64;0.5;1;0.005;167894674;0.9821428571428571;0.8428786899375135;"[[19  0  0  0  0  0  0]
 [ 0  0  1  0  0  0  0]
 [ 0  0  8  0  0  0  0]
 [ 1  0  0 32  0  0  0]
 [ 0  0  0  0 22  0  0]
 [ 0  0  0  0  0 11  0]
 [ 0  0  0  0  0  0 18]]";0.792017987633502;0.6773823649900644;"[[192   0   4  24   8   9   2]
 [  3   0  88   6   0   3   0]
 [  0   0 316   8   0   0   1]
 [ 30   0  18 474  13   4   2]
 [ 21   0   0  25 216   3   2]
 [ 23   0  14   9   1 151   3]
 [ 36   0   1   5   0   4  60]]";0.7258261933904528;0.6331762699950856;"[[ 77   0   6  13   2   7   1]
 [  2   0  54   5   4   1   0]
 [  1   0 118   6   0   1   0]
 [ 11   0  12 205  15   3   0]
 [ 10   0   1  12 104   1   0]
 [ 19   0   6   7   0  54   4]
 [ 15   0   1   2   0   2  35]]";112;[19  1  8 33 22 11 18]
1176;Cora;own;0.5;0.2;64;0.5;1;0.005;167894674;0.9495798319327731;0.8064845838833046;"[[19  0  0  0  0  1  0]
 [ 0  0  1  0  0  0  0]
 [ 0  0  8  0  0  0  0]
 [ 1  0  0 33  0  0  0]
 [ 1  0  0  0 22  0  0]
 [ 1  0  1  0  0 12  0]
 [ 0  0  0  0  0  0 19]]";0.7866817155756207;0.6739339811658754;"[[198   0   6  25   6  10   0]
 [  5   0  88   4   0   3   0]
 [  0   0 311   8   0   0   1]
 [ 35   0  19 461  11   4   1]
 [ 22   0   0  25 219   3   2]
 [ 32   0  15   3   1 147   2]
 [ 37   0   1   5   0   4  58]]";0.7221542227662179;0.6302272910584747;"[[ 78   0   6  12   2   7   1]
 [  3   0  55   3   4   1   0]
 [  1   0 121   4   0   0   0]
 [ 12   0  13 198  19   4   0]
 [ 11   0   1  11 103   2   0]
 [ 20   0   6   4   0  56   4]
 [ 16   0   1   2   0   2  34]]";119;[20  1  8 34 23 14 19]
1177;Cora;own;0.5;0.2;64;0.5;1;0.005;167894674;0.9365079365079365;0.7957143585804739;"[[19  0  0  0  0  1  0]
 [ 0  0  2  0  0  1  0]
 [ 0  0  8  0  0  0  0]
 [ 0  0  0 34  0  0  1]
 [ 1  0  0  0 23  0  0]
 [ 0  0  1  0  0 12  1]
 [ 0  0  0  0  0  0 22]]";0.7818696883852692;0.6790441076795675;"[[181   0   6  27   6  13   5]
 [  5   0 102   8   1   4   1]
 [  0   0 290   8   0   0   1]
 [ 22   0  17 472  14   4   3]
 [ 17   0   0  31 212   3   6]
 [ 21   0  15   6   1 148   8]
 [ 20   0   2   5   0   3  77]]";0.7282741738066095;0.6310518226180095;"[[ 69   0   4  14   2   6  11]
 [  2   0  53   4   5   1   1]
 [  1   0 120   5   0   0   0]
 [ 10   0  11 204  17   4   0]
 [  8   0   1  12 104   2   1]
 [ 13   0   5   5   1  57   9]
 [ 10   0   0   2   0   2  41]]";126;[20  3  8 35 24 14 22]
1178;Cora;own;0.5;0.2;64;0.5;1;0.005;167894674;0.924812030075188;0.796201350152718;"[[21  0  0  0  0  0  0]
 [ 1  0  1  1  0  2  0]
 [ 0  0  8  0  0  0  0]
 [ 1  0  0 35  0  0  0]
 [ 2  0  0  0 25  0  0]
 [ 1  0  1  0  0 12  0]
 [ 0  0  0  0  0  0 22]]";0.7690557451649602;0.6751148619142446;"[[194   0   8  18   5  11   4]
 [ 22   0  89  10   7   4   0]
 [  0   0 279   9   0   0   0]
 [ 40   0  13 457  12   4   2]
 [ 31   0   0  26 205   3   1]
 [ 40   0  10   2   1 138   6]
 [ 21   0   2   2   0   3  79]]";0.7197062423500612;0.6315570944725353;"[[ 80   0   2  11   2   6   5]
 [ 10   0  42   8   5   1   0]
 [  5   0 116   5   0   0   0]
 [ 18   0   7 198  19   3   1]
 [ 17   0   1   9  99   2   0]
 [ 24   0   5   1   0  56   4]
 [ 12   0   1   1   0   2  39]]";133;[21  5  8 36 27 14 22]
1179;Cora;own;0.5;0.2;64;0.5;1;0.005;167894674;0.9142857142857143;0.8006446268140814;"[[21  0  0  0  0  1  0]
 [ 1  0  1  2  1  2  0]
 [ 0  0  9  0  0  0  0]
 [ 1  0  0 36  0  0  0]
 [ 2  0  0  0 25  0  0]
 [ 0  0  0  0  0 15  1]
 [ 0  0  0  0  0  0 22]]";0.7789834380354084;0.682631839934084;"[[199   0   3  13   6  10  10]
 [ 50   0  56  11   6   9   0]
 [  2   0 275  11   0   0   2]
 [ 37   0  12 458  16   4   3]
 [ 25   0   0  27 210   4   0]
 [ 32   0   6   1   1 148   5]
 [ 18   0   1   2   0   4  74]]";0.7319461444308446;0.6432471002704817;"[[ 80   0   3   9   1   8   5]
 [ 22   0  27   9   5   3   0]
 [  4   0 115   6   1   0   0]
 [ 19   0   7 200  16   3   1]
 [ 13   0   1   8 104   2   0]
 [ 23   0   3   1   0  59   4]
 [  9   0   0   2   0   4  40]]";140;[22  7  9 37 27 16 22]
1180;Cora;own;0.5;0.2;64;0.5;1;0.005;167894674;0.9115646258503401;0.7929849154263374;"[[21  0  0  0  0  1  0]
 [ 1  0  2  2  0  2  0]
 [ 0  0 10  0  0  0  0]
 [ 0  0  0 38  0  0  1]
 [ 2  0  0  0 26  0  0]
 [ 1  0  0  0  0 16  1]
 [ 0  0  0  0  0  0 23]]";0.7809633027522935;0.6816093356992351;"[[194   0   4  15   5  10  11]
 [ 25   0  80   9   4   6   0]
 [  1   0 287  11   1   3   1]
 [ 32   0  14 456  14   4   4]
 [ 24   0   1  31 205   4   0]
 [ 28   0   9   0   1 145   7]
 [ 16   0   2   2   0   3  75]]";0.7319461444308446;0.6374933082951747;"[[ 76   0   4  11   1   7   7]
 [ 12   0  40   7   5   2   0]
 [  3   0 118   5   0   0   0]
 [ 13   0   8 205  15   4   1]
 [ 13   0   1  10 102   2   0]
 [ 21   0   5   2   0  57   5]
 [  8   0   1   2   0   4  40]]";147;[22  7 10 39 28 18 23]
1181;Cora;own;0.5;0.2;64;0.5;1;0.005;167894674;0.8961038961038961;0.7829798193675359;"[[22  0  0  0  0  1  0]
 [ 2  0  3  2  0  2  0]
 [ 0  0 10  0  0  0  0]
 [ 1  0  0 40  0  0  0]
 [ 3  0  0  0 26  0  0]
 [ 2  0  0  0  0 17  0]
 [ 0  0  0  0  0  0 23]]";0.7789291882556131;0.682774507823993;"[[197   0   3  21   7  11   3]
 [ 38   0  64  14   8   7   0]
 [  1   0 288   9   1   3   1]
 [ 31   0  11 451  10   4   3]
 [ 22   0   0  36 203   5   0]
 [ 29   0   8   0   1 143   6]
 [ 19   0   2   3   0   3  71]]";0.7307221542227662;0.6398893134692549;"[[ 76   0   5  13   1   9   2]
 [ 16   0  36   8   4   2   0]
 [  3   0 120   3   0   0   0]
 [ 14   0   7 205  16   3   1]
 [ 14   0   1  11 100   2   0]
 [ 21   0   5   3   0  57   4]
 [ 10   0   1   2   0   3  39]]";154;[23  9 10 41 29 19 23]
1182;Cora;own;0.5;0.2;64;0.5;1;0.005;167894674;0.906832298136646;0.7974635760142404;"[[22  0  0  0  0  1  0]
 [ 3  0  2  3  1  1  0]
 [ 0  0 10  0  0  0  0]
 [ 1  0  0 41  0  0  0]
 [ 1  0  0  0 31  0  0]
 [ 2  0  0  0  0 19  0]
 [ 0  0  0  0  0  0 23]]";0.7797687861271676;0.684950493194805;"[[190   0   3  24   9  13   2]
 [ 60   0  34  14   9  13   0]
 [  2   0 289   8   1   2   1]
 [ 27   0   9 441  22   8   2]
 [ 21   0   0  26 211   5   0]
 [ 27   0   4   2   1 147   5]
 [ 19   0   2   3   0   3  71]]";0.7380660954712362;0.6514493889453236;"[[ 77   0   3  13   1  11   1]
 [ 30   0  17  13   5   1   0]
 [  1   0 120   2   1   2   0]
 [ 13   0   6 198  24   5   0]
 [ 10   0   1   9 104   4   0]
 [ 14   0   2   3   1  67   3]
 [ 11   0   1   2   1   3  37]]";161;[23 10 10 42 32 21 23]
1183;Cora;own;0.5;0.2;64;0.5;1;0.005;167894674;0.9166666666666666;0.8063754982077963;"[[22  0  0  0  0  1  0]
 [ 4  0  3  3  1  1  0]
 [ 0  0 10  0  0  0  0]
 [ 0  0  0 44  0  0  0]
 [ 1  0  0  0 32  0  0]
 [ 0  0  0  0  0 23  0]
 [ 0  0  0  0  0  0 23]]";0.787579802669762;0.6880790486124423;"[[180   0   4  26   7  15   4]
 [ 55   0  26  18   8  20   0]
 [  0   0 286   8   1   3   1]
 [ 24   0   9 442  20   8   1]
 [ 19   0   0  26 220   5   0]
 [ 17   0   4   1   1 159   7]
 [ 16   0   2   2   0   8  70]]";0.7466340269277846;0.6571546420560043;"[[ 73   0   3  15   2  12   1]
 [ 27   0  15  14   4   6   0]
 [  1   0 120   2   1   2   0]
 [ 10   0   4 202  23   7   0]
 [ 10   0   1   7 106   4   0]
 [ 10   0   2   3   1  71   3]
 [  8   0   0   1   1   7  38]]";168;[23 12 10 44 33 23 23]
1184;Cora;own;0.5;0.2;64;0.5;1;0.005;167894674;0.9085714285714286;0.8068370966228751;"[[24  0  0  0  0  0  0]
 [ 7  0  2  3  1  1  0]
 [ 0  0 10  0  0  0  0]
 [ 0  0  0 45  0  0  0]
 [ 1  0  0  0 33  0  0]
 [ 1  0  0  0  0 23  0]
 [ 0  0  0  0  0  0 24]]";0.7826340326340326;0.6867915384840948;"[[183   0   5  22   6  17   3]
 [ 75   0  16  19   9  14   0]
 [  2   0 285   8   1   2   0]
 [ 30   0   5 436  24   4   2]
 [ 24   0   0  17 221   4   0]
 [ 25   0   3   1   0 150   6]
 [ 19   0   1   2   0   7  68]]";0.7478580171358629;0.6599041519771517;"[[ 77   0   3  13   2  10   1]
 [ 31   0  12  16   4   3   0]
 [  3   0 120   2   1   0   0]
 [ 11   0   4 203  22   6   0]
 [ 13   0   1   7 105   2   0]
 [ 13   0   2   2   1  69   3]
 [ 12   0   0   1   1   4  37]]";175;[24 14 10 45 34 24 24]
1185;Cora;own;0.5;0.2;64;0.5;1;0.005;167894674;0.9120879120879121;0.7987796659737423;"[[25  0  0  0  0  0  0]
 [ 1  0  9  3  1  1  0]
 [ 0  0 11  0  0  0  0]
 [ 0  0  0 46  0  0  0]
 [ 1  0  0  0 34  0  0]
 [ 0  0  0  0  0 25  0]
 [ 0  0  0  0  0  0 25]]";0.7858396723229959;0.6873517832892689;"[[178   0   5  27   6  14   2]
 [ 45   0  25  26  12  22   0]
 [  2   0 284   9   1   2   0]
 [ 26   0   8 439  21   7   1]
 [ 20   0   0  19 222   5   0]
 [ 20   0   3   2   1 155   4]
 [ 17   0   1   2   0  11  65]]";0.7503059975520195;0.6590530784567353;"[[ 78   0   3  14   2   8   1]
 [ 22   0  18  17   5   4   0]
 [  1   0 120   2   1   2   0]
 [  8   0   4 201  26   7   0]
 [ 10   0   1   6 108   3   0]
 [ 11   0   2   3   1  72   1]
 [ 10   0   0   2   2   7  34]]";182;[25 15 11 46 35 25 25]
1186;Cora;own;0.5;0.2;64;0.5;1;0.005;167894674;0.91005291005291;0.7979563293849008;"[[26  0  0  0  0  0  0]
 [ 2  0  9  2  1  2  0]
 [ 0  0 12  0  0  0  0]
 [ 0  0  0 49  0  0  0]
 [ 1  0  0  0 34  0  0]
 [ 0  0  0  0  0 25  0]
 [ 0  0  0  0  0  0 26]]";0.790834312573443;0.6916861375672846;"[[180   0   5  25   7  15   3]
 [ 49   0  24  23  10  24   0]
 [  2   0 283   9   1   2   0]
 [ 24   0   8 441  18   6   1]
 [ 22   0   0  18 218   5   0]
 [ 19   0   3   0   0 160   2]
 [ 17   0   1   2   0  11  64]]";0.7576499388004896;0.6647583501972677;"[[ 79   0   4  13   2   7   1]
 [ 24   0  17  16   4   5   0]
 [  3   0 121   2   0   0   0]
 [  7   0   4 206  22   7   0]
 [ 11   0   1   5 107   4   0]
 [ 12   0   2   3   1  72   0]
 [ 11   0   0   2   1   7  34]]";189;[26 16 12 49 35 25 26]
1187;Cora;own;0.5;0.2;64;0.5;1;0.005;167894674;0.8928571428571429;0.7973365130609071;"[[26  0  0  0  0  0  0]
 [ 6  0  3  4  3  3  0]
 [ 0  0 12  1  0  0  0]
 [ 0  0  0 49  0  0  0]
 [ 1  0  0  0 35  0  0]
 [ 0  0  0  0  0 26  0]
 [ 0  0  0  0  0  0 27]]";0.7976401179941003;0.6975430290582144;"[[181   0   5  25   5  13   4]
 [ 48   0  17  22  13  26   1]
 [  1   0 286   8   1   2   1]
 [ 24   0   7 436  22   5   2]
 [ 20   0   0  18 219   4   0]
 [ 13   0   3   1   1 162   3]
 [ 14   0   1   2   0  11  68]]";0.758873929008568;0.6677376962056211;"[[ 78   0   3  14   2   7   2]
 [ 26   0  11  17   6   6   0]
 [  3   0 120   2   1   0   0]
 [  7   0   3 205  24   6   1]
 [ 12   0   1   5 106   4   0]
 [ 10   0   2   1   1  74   2]
 [ 10   0   0   1   1   6  37]]";196;[26 19 13 49 36 26 27]
1188;Cora;own;0.5;0.2;64;0.5;1;0.005;167894674;0.8866995073891626;0.7874885040796398;"[[27  0  0  0  0  0  0]
 [ 6  0  6  2  4  2  0]
 [ 0  0 13  1  0  0  0]
 [ 0  0  0 50  0  0  0]
 [ 1  0  0  0 35  0  0]
 [ 0  0  0  0  1 27  0]
 [ 0  0  0  0  0  0 28]]";0.7902843601895735;0.6907178067669388;"[[180   0   5  23   7  14   4]
 [ 48   0  24  22  16  15   1]
 [  2   0 284   7   3   2   0]
 [ 24   0   7 430  27   6   1]
 [ 23   0   0  16 217   4   0]
 [ 15   0   3   1   1 159   2]
 [ 16   0   1   2   0  12  64]]";0.7552019583843329;0.666003600703359;"[[ 79   0   3  14   2   7   1]
 [ 24   0  13  15   9   5   0]
 [  3   0 120   2   1   0   0]
 [  8   0   5 203  26   3   1]
 [ 12   0   1   5 107   3   0]
 [ 11   0   2   3   1  72   1]
 [ 11   0   0   2   1   5  36]]";203;[27 20 14 50 36 28 28]
1189;Cora;own;0.5;0.2;64;0.5;1;0.005;167894674;0.9714285714285714;0.9689587844701657;"[[27  0  0  0  0  0  0]
 [ 0 21  0  1  0  0  0]
 [ 0  1 13  0  0  0  0]
 [ 0  1  0 51  0  0  0]
 [ 2  0  0  0 35  0  0]
 [ 0  0  0  0  1 28  0]
 [ 0  0  0  0  0  0 29]]";0.8405710886377157;0.8147295064572955;"[[174   9   6  20   6  13   4]
 [  3  99   6   3   2   1   0]
 [  2   4 287   3   1   2   0]
 [ 24  15   3 432  21   5   1]
 [ 20   8   0  18 210   4   0]
 [ 13  12   3   0   1 150   2]
 [ 14   9   1   1   0   8  61]]";0.791921664626683;0.7742732024949074;"[[ 73   9   2  12   3   5   2]
 [  5  51   6   4   0   0   0]
 [  1   2 121   2   0   0   0]
 [ 11  13   3 194  22   2   1]
 [ 12   4   0   6 104   2   0]
 [ 10   8   2   2   0  68   0]
 [  6   9   0   1   1   2  36]]";210;[27 22 14 52 37 29 29]
1190;Cora;own;0.5;0.2;64;0.5;1;0.005;167894674;0.9723502304147466;0.973131084358859;"[[27  0  0  0  0  0  1]
 [ 0 22  0  1  0  0  0]
 [ 0  0 15  0  0  0  0]
 [ 0  1  0 53  0  0  0]
 [ 2  0  0  0 37  0  0]
 [ 0  0  0  0  1 28  0]
 [ 0  0  0  0  0  0 29]]";0.8428912783751493;0.8284823366975752;"[[172   3   6  24   8  14   7]
 [  2  99   6   4   1   1   0]
 [  2   2 286   5   1   2   1]
 [ 19  11   5 439  24   5   2]
 [ 22   4   0  23 196   4   0]
 [ 12   6   3   6   1 148   4]
 [ 11   0   1   3   0   8  71]]";0.8102815177478581;0.7955375113657585;"[[ 72   2   3  16   3   6   4]
 [  6  48   6   6   0   0   0]
 [  1   2 121   2   0   0   0]
 [  8   9   3 208  15   2   1]
 [ 12   4   0   7 101   4   0]
 [  9   4   2   4   0  69   2]
 [  8   0   0   2   0   2  43]]";217;[28 23 15 54 39 29 29]
1191;Cora;own;0.5;0.2;64;0.5;1;0.005;167894674;0.96875;0.969877950700215;"[[27  0  0  0  0  0  1]
 [ 0 24  0  0  0  0  0]
 [ 0  0 16  0  0  0  0]
 [ 1  1  0 53  0  0  0]
 [ 2  0  0  0 38  0  0]
 [ 0  0  0  0  1 29  0]
 [ 1  0  0  0  0  0 30]]";0.8488302339532093;0.8318117700935247;"[[172   4   7  16   8  13  11]
 [  2 100   6   3   0   1   0]
 [  2   2 286   4   1   2   1]
 [ 20  12   8 426  31   5   2]
 [ 20   5   0   9 213   5   0]
 [ 11   8   3   5   1 146   4]
 [  8   2   1   1   0   8  72]]";0.8090575275397797;0.7976427874225891;"[[ 74   2   3  14   3   6   4]
 [  5  52   6   3   0   0   0]
 [  1   2 121   2   0   0   0]
 [  7  10   6 194  25   3   1]
 [  7   3   0   5 109   4   0]
 [  9   6   2   2   1  68   2]
 [  5   2   0   1   1   3  43]]";224;[28 24 16 55 40 30 31]
1192;Cora;own;0.5;0.2;64;0.5;1;0.005;167894674;0.974025974025974;0.9751839140656734;"[[26  0  0  1  0  0  1]
 [ 0 24  0  0  0  0  0]
 [ 0  0 16  0  0  0  0]
 [ 0  0  0 59  0  1  0]
 [ 2  0  0  0 38  0  0]
 [ 0  0  0  0  1 30  0]
 [ 0  0  0  0  0  0 32]]";0.8451807228915663;0.8284088668091191;"[[152   4   5  32   7  13   8]
 [  5  94   7   4   0   4   0]
 [  2   2 282   6   1   1   1]
 [ 19   8   2 453  19   3   1]
 [ 17   3   0  26 200   5   0]
 [ 10   7   3   7   1 149   4]
 [  7   0   1   4   0   8  73]]";0.8212974296205631;0.8091370048214704;"[[ 67   1   1  23   3   6   5]
 [  5  49   6   6   0   0   0]
 [  1   2 121   2   0   0   0]
 [  4   8   3 215  14   1   1]
 [  7   4   0  10 104   3   0]
 [  6   1   2   9   0  70   2]
 [  3   0   0   2   1   4  45]]";231;[28 24 16 60 40 31 32]
1193;Cora;own;0.5;0.2;64;0.5;1;0.005;167894674;0.9705882352941176;0.9670837878101579;"[[27  0  0  1  0  0  1]
 [ 1 25  1  0  0  0  0]
 [ 0  0 16  0  0  0  0]
 [ 0  0  0 61  0  0  0]
 [ 2  0  0  0 38  0  0]
 [ 0  0  0  0  1 31  0]
 [ 0  0  0  0  0  0 33]]";0.8505747126436781;0.8318774816007288;"[[155   4   7  21   6  13  12]
 [  5  95  11   4   0   3   0]
 [  2   2 278   5   1   1   1]
 [ 16  10   4 453  21   4   1]
 [ 16   4   1  23 199   5   0]
 [  7   6   3   7   1 152   4]
 [  3   1   1   2   0   9  74]]";0.8274173806609547;0.8159215785306903;"[[ 72   2   2  17   3   6   4]
 [  4  52   6   4   0   0   0]
 [  1   2 121   2   0   0   0]
 [  3  10   4 210  16   1   2]
 [  8   5   1   8 103   3   0]
 [  4   5   2   5   1  72   1]
 [  3   1   0   1   1   3  46]]";238;[29 27 16 61 40 32 33]
1194;Cora;own;0.5;0.2;64;0.5;1;0.005;167894674;0.9591836734693877;0.9527968021102214;"[[27  0  0  1  0  0  2]
 [ 0 28  1  0  0  0  0]
 [ 0  1 15  0  0  0  0]
 [ 0  0  0 63  0  0  0]
 [ 2  0  0  0 38  1  0]
 [ 1  0  0  0  1 31  0]
 [ 0  0  0  0  0  0 33]]";0.850546780072904;0.8348076394491305;"[[159   3   6  24   4  12   9]
 [  2  99  10   4   0   4   0]
 [  3   2 273   5   1   1   0]
 [ 21   6   4 465  10   4   1]
 [ 23   3   1  32 182   6   0]
 [  9   6   3   5   1 149   4]
 [  5   1   1   1   0   9  73]]";0.8310893512851897;0.8233320481406539;"[[ 74   2   2  17   1   6   4]
 [  3  55   3   4   0   1   0]
 [  3   0 121   2   0   0   0]
 [  7   7   3 217   9   2   1]
 [ 11   4   1  15  95   2   0]
 [  5   4   2   7   0  71   1]
 [  3   1   0   1   1   3  46]]";245;[30 29 16 63 41 33 33]
1195;Cora;own;0.5;0.2;64;0.5;1;0.005;167894674;0.9682539682539683;0.9673259237745775;"[[27  0  0  1  0  0  2]
 [ 0 30  0  0  0  0  0]
 [ 0  0 17  0  0  0  0]
 [ 0  0  0 64  0  0  0]
 [ 2  0  0  0 40  1  0]
 [ 1  0  0  0  1 32  0]
 [ 0  0  0  0  0  0 34]]";0.8608907870652837;0.8442800143775457;"[[156   3   6  21   4  14  11]
 [  2 102   6   3   0   4   0]
 [  2   2 274   4   1   2   0]
 [ 20   5   8 459  12   6   1]
 [ 15   3   0  23 197   6   0]
 [  8   6   3   4   1 151   4]
 [  6   0   1   0   0  11  72]]";0.8384332925336597;0.8293360732898735;"[[ 75   2   2  15   2   6   4]
 [  3  56   3   4   0   0   0]
 [  1   2 121   2   0   0   0]
 [  6   8   3 212  11   4   2]
 [  6   3   0  11 104   4   0]
 [  6   4   2   5   1  71   1]
 [  2   0   0   1   1   5  46]]";252;[30 30 17 64 43 34 34]
1196;Cora;own;0.5;0.2;64;0.5;1;0.005;167894674;0.9575289575289575;0.9573187768881193;"[[28  0  0  0  0  0  2]
 [ 0 31  0  0  0  0  0]
 [ 0  0 18  0  0  0  0]
 [ 1  0  0 65  0  0  0]
 [ 3  0  0  0 40  1  0]
 [ 0  0  0  1  1 32  1]
 [ 0  0  0  0  0  1 34]]";0.8602941176470589;0.8475531588163898;"[[151   3   5  27   4  11  10]
 [  3 104   5   4   0   1   0]
 [  3   2 272   5   1   1   0]
 [ 21   2   8 464  10   5   1]
 [ 14   3   0  29 191   6   0]
 [  9   6   3   5   1 149   3]
 [  7   1   1   0   1   7  73]]";0.835985312117503;0.8276253103325443;"[[ 69   2   2  20   3   6   4]
 [  3  57   2   4   0   0   0]
 [  1   2 120   2   1   0   0]
 [  5   7   3 221   7   2   1]
 [  8   4   0  15  99   2   0]
 [  3   4   2   8   1  71   1]
 [  3   0   0   1   2   3  46]]";259;[30 31 18 66 44 35 35]
1197;Cora;own;0.5;0.2;64;0.5;1;0.005;167894674;0.9661654135338346;0.9665513379799094;"[[30  0  0  1  0  0  1]
 [ 0 32  0  0  0  0  0]
 [ 0  0 19  0  0  0  0]
 [ 1  0  0 65  0  0  0]
 [ 2  0  0  0 42  1  0]
 [ 1  0  0  0  1 35  0]
 [ 0  0  0  0  0  1 34]]";0.8584615384615385;0.8464131610217048;"[[157   2   6  23   4  14   2]
 [  4 103   5   3   0   2   0]
 [  2   2 270   5   1   2   0]
 [ 27   3   5 455  12   6   1]
 [ 21   3   0  23 191   5   0]
 [  9   6   3   4   1 151   3]
 [  7   0   1   0   0  13  68]]";0.8298653610771114;0.8188930051240032;"[[ 75   2   2  16   2   6   3]
 [  3  56   3   4   0   0   0]
 [  3   0 120   2   1   0   0]
 [  9   8   4 213   7   4   1]
 [ 11   4   0  11 100   2   0]
 [  5   4   2   5   1  73   0]
 [  4   0   0   0   1   9  41]]";266;[32 32 19 66 45 37 35]
1198;Cora;own;0.5;0.2;64;0.5;1;0.005;167894674;0.9743589743589743;0.9730436948170612;"[[31  0  0  1  0  0  1]
 [ 0 33  0  0  0  0  0]
 [ 0  0 20  0  0  0  0]
 [ 0  0  1 68  0  0  0]
 [ 2  0  0  0 43  0  0]
 [ 1  0  0  0  1 35  0]
 [ 0  0  0  0  0  0 36]]";0.8566131025957973;0.8421359599191224;"[[148   2   6  28   7  14   2]
 [  3 101   5   6   0   2   0]
 [  1   2 267   7   1   3   0]
 [ 20   3   6 464   9   4   1]
 [ 18   3   0  26 190   4   0]
 [  7   6   3   6   1 151   3]
 [  8   0   1   2   2  10  65]]";0.8347613219094248;0.8216296537335631;"[[ 70   2   2  20   2   7   3]
 [  3  56   3   4   0   0   0]
 [  1   2 120   2   1   0   0]
 [  4   7   4 221   7   2   1]
 [ 11   4   0  12  99   2   0]
 [  1   4   2   7   1  74   1]
 [  2   0   0   0   2   9  42]]";273;[33 33 20 69 45 37 36]
1199;Cora;own;0.5;0.2;64;0.5;1;0.005;167894674;0.9785714285714285;0.9785487457674742;"[[32  0  0  0  0  0  1]
 [ 0 35  0  0  0  0  0]
 [ 0  0 20  0  0  0  0]
 [ 0  0  0 70  1  0  0]
 [ 2  0  0  0 44  0  0]
 [ 1  0  0  0  1 35  0]
 [ 0  0  0  0  0  0 38]]";0.8590937306021105;0.8463999465338529;"[[154   3   5  25   4  13   2]
 [  3 103   5   4   0   1   0]
 [  2   3 265   8   1   1   1]
 [ 22   6   2 461  10   3   1]
 [ 20   3   0  26 188   3   0]
 [  8   7   3   7   3 146   3]
 [  8   0   1   1   4   5  67]]";0.835985312117503;0.822965367231015;"[[ 75   2   1  15   3   6   4]
 [  3  57   2   4   0   0   0]
 [  1   2 120   2   1   0   0]
 [  6   9   4 218   7   1   1]
 [ 14   4   0   9  99   2   0]
 [  3   5   2   6   2  69   3]
 [  3   0   0   0   3   4  45]]";280;[33 35 20 71 46 37 38]
1200;Cora;own;0.5;0.2;64;0.5;1;0.005;167894674;0.9790940766550522;0.9762606440449382;"[[33  0  0  0  0  0  1]
 [ 0 36  0  0  0  0  0]
 [ 0  1 20  0  0  0  0]
 [ 0  0  0 72  0  0  0]
 [ 1  0  0  0 45  0  0]
 [ 0  0  0  0  1 37  0]
 [ 0  0  0  0  0  2 38]]";0.8628428927680798;0.8479331482240821;"[[149   4   5  26   4  15   2]
 [  3 102   7   4   0   1   0]
 [  1   3 261   9   1   3   0]
 [ 11   5   2 469  12   4   1]
 [ 17   3   0  29 188   3   0]
 [  7   6   3   6   1 151   3]
 [  5   0   0   1   1  12  64]]";0.8408812729498164;0.8276504911446353;"[[ 72   2   1  16   1  11   3]
 [  3  57   2   4   0   0   0]
 [  1   2 120   2   1   0   0]
 [  3   8   3 222   8   1   1]
 [ 12   4   0  10  98   4   0]
 [  2   4   2   6   1  74   1]
 [  3   0   0   0   1   7  44]]";287;[34 36 21 72 46 38 40]
1201;Cora;own;0.5;0.2;64;0.5;1;0.005;167894674;0.9897959183673469;0.9892832886249433;"[[34  0  0  0  0  0  1]
 [ 0 36  0  0  0  0  0]
 [ 0  0 22  0  0  0  0]
 [ 0  0  0 74  0  0  0]
 [ 1  0  0  0 45  0  0]
 [ 0  0  0  0  1 39  0]
 [ 0  0  0  0  0  0 41]]";0.8722604884157796;0.8582979581014258;"[[144   4   5  25   6  15   5]
 [  3 101   7   5   0   1   0]
 [  0   2 268   3   1   3   0]
 [ 10   3   5 469  10   4   2]
 [ 16   2   0  28 189   4   0]
 [  7   4   3   4   1 153   3]
 [  1   0   1   0   2   9  69]]";0.8396572827417381;0.8229274321048574;"[[ 72   2   2  14   2   8   6]
 [  3  56   3   4   0   0   0]
 [  1   2 120   2   1   0   0]
 [  4   7   4 222   7   1   1]
 [ 12   3   0  10  99   4   0]
 [  1   4   2   6   1  73   3]
 [  2   0   0   0   1   8  44]]";294;[35 36 22 74 46 40 41]
1202;Cora;own;0.5;0.2;64;0.5;1;0.005;167894674;0.9933554817275747;0.9932920559870915;"[[37  0  0  0  0  0  0]
 [ 0 37  0  0  0  0  0]
 [ 0  0 23  0  0  0  0]
 [ 0  0  0 74  0  0  0]
 [ 1  0  0  0 46  0  0]
 [ 0  0  0  0  1 40  0]
 [ 0  0  0  0  0  0 42]]";0.8685534591194969;0.8534774765367982;"[[146   4   5  27   6  13   2]
 [  3 100   7   5   0   1   0]
 [  0   2 265   5   1   3   0]
 [ 10   3   3 471   9   4   2]
 [ 16   3   0  29 186   4   0]
 [  8   4   3   6   1 149   3]
 [  5   0   1   1   1   9  64]]";0.8421052631578947;0.8292684385482857;"[[ 74   2   2  16   2   7   3]
 [  3  56   3   4   0   0   0]
 [  1   2 120   2   1   0   0]
 [  5   7   3 222   7   1   1]
 [ 11   3   0  11  99   4   0]
 [  1   4   2   7   1  74   1]
 [  2   0   0   0   2   8  43]]";301;[37 37 23 74 47 41 42]
1203;Cora;own;0.5;0.2;64;0.5;1;0.005;167894674;0.9902597402597403;0.9901250924221544;"[[38  0  0  0  0  0  0]
 [ 0 37  0  0  0  0  0]
 [ 0  0 24  0  0  0  0]
 [ 0  0  0 76  0  0  0]
 [ 1  0  0  0 47  0  0]
 [ 0  0  0  0  1 42  0]
 [ 0  0  0  0  0  1 41]]";0.8717624763108023;0.8559504920169589;"[[147   3   6  22   5  16   2]
 [  3  96   7   4   0   2   0]
 [  0   2 264   5   1   3   0]
 [ 12   4   3 467  10   5   2]
 [ 16   4   0  25 189   5   0]
 [  5   4   3   4   1 154   2]
 [  4   0   1   1   1  10  63]]";0.8433292533659731;0.8287232754235564;"[[ 74   2   2  13   2   8   5]
 [  3  56   3   4   0   0   0]
 [  1   2 120   2   1   0   0]
 [  7   6   3 220   7   2   1]
 [ 11   3   0   9 101   4   0]
 [  1   4   2   6   1  75   1]
 [  3   0   0   0   1   8  43]]";308;[38 37 24 76 48 43 42]
1204;Cora;own;0.5;0.2;64;0.5;1;0.005;167894674;0.9904761904761905;0.990348804325281;"[[39  0  0  0  0  0  0]
 [ 0 38  0  0  0  0  0]
 [ 0  0 25  0  0  0  0]
 [ 0  0  0 77  0  0  0]
 [ 1  0  0  0 48  0  0]
 [ 0  0  0  0  1 43  0]
 [ 0  0  0  0  0  1 42]]";0.8692893401015228;0.8544895506790425;"[[149   3   5  23   3  17   2]
 [  2  92   7   8   0   1   0]
 [  0   2 258   9   1   3   0]
 [ 10   4   2 473   7   4   2]
 [ 17   3   0  29 185   4   0]
 [  5   4   3   7   1 151   1]
 [  4   0   1   1   1  10  62]]";0.8421052631578947;0.8297108288493538;"[[ 76   2   2  14   1   8   3]
 [  3  55   3   5   0   0   0]
 [  1   2 120   2   1   0   0]
 [  7   7   3 222   6   1   0]
 [ 12   4   0  12  98   2   0]
 [  1   4   2   7   1  74   1]
 [  5   0   0   0   0   7  43]]";315;[39 38 25 77 49 44 43]
1205;Cora;own;0.5;0.2;64;0.5;1;0.005;167894674;0.9937888198757764;0.9944442059004219;"[[40  0  0  0  0  0  0]
 [ 0 39  0  0  0  0  0]
 [ 0  0 26  0  0  0  0]
 [ 0  0  0 77  0  0  1]
 [ 0  0  0  0 51  0  0]
 [ 0  0  0  0  1 44  0]
 [ 0  0  0  0  0  0 43]]";0.8801784576163161;0.8658680658297803;"[[146   3   5  24   5  15   4]
 [  2  92   4   7   0   0   0]
 [  0   2 265   4   1   3   0]
 [  9   4   4 467  12   3   1]
 [ 10   2   0  25 197   3   0]
 [  3   6   3   5   2 150   2]
 [  2   0   1   1   2   9  64]]";0.8506731946144431;0.8374475239956675;"[[ 74   2   2  14   1   8   5]
 [  3  56   3   4   0   0   0]
 [  0   2 121   2   1   0   0]
 [  5   7   3 220   9   2   0]
 [  9   3   0   8 106   2   0]
 [  1   4   2   7   1  74   1]
 [  4   0   0   0   1   6  44]]";322;[40 39 26 78 51 45 43]
1206;Cora;own;0.5;0.2;64;0.5;1;0.005;167894674;0.9878419452887538;0.9868250586056695;"[[40  0  0  0  0  0  0]
 [ 1 40  0  0  0  0  0]
 [ 0  0 27  0  0  1  0]
 [ 0  0  0 78  0  0  1]
 [ 0  0  0  0 52  0  0]
 [ 0  0  0  0  1 44  0]
 [ 0  0  0  0  0  0 44]]";0.8700384122919335;0.8543698486179012;"[[138   3   5  29   3  15   3]
 [  4  89   4   8   0   1   0]
 [  2   2 263   5   2   2   0]
 [ 12   4   3 469   9   3   1]
 [ 11   2   0  27 191   4   0]
 [  6   4   3   6   2 148   1]
 [  3   0   0   2   1  11  61]]";0.8457772337821298;0.8328510394357705;"[[ 74   2   2  17   1   7   3]
 [  3  55   3   5   0   0   0]
 [  0   2 121   2   1   0   0]
 [  4   7   3 222   7   2   1]
 [ 10   3   0  11 102   2   0]
 [  1   4   2   7   1  74   1]
 [  4   0   0   0   0   8  43]]";329;[40 41 28 79 52 45 44]
1207;Cora;own;0.5;0.2;64;0.5;1;0.005;167894674;0.9821428571428571;0.9814309266408311;"[[41  0  0  0  0  0  0]
 [ 1 40  0  0  0  0  0]
 [ 0  0 28  0  0  0  0]
 [ 0  0  0 78  0  0  1]
 [ 0  0  0  0 53  0  0]
 [ 0  1  1  0  1 45  0]
 [ 0  0  0  1  0  0 45]]";0.8758842443729904;0.8614731565841873;"[[145   3   4  23   2  16   2]
 [  5  91   4   5   0   1   0]
 [  1   2 260   5   2   2   0]
 [ 13   5   7 465   7   6   1]
 [ 12   2   0  25 191   4   0]
 [  4   6   2   4   1 148   2]
 [  4   0   0   0   1  10  62]]";0.8482252141982864;0.8350036009494154;"[[ 77   2   1  13   2   7   4]
 [  2  57   3   4   0   0   0]
 [  1   2 120   2   1   0   0]
 [  5   7   4 219   6   4   1]
 [ 12   3   0   8 102   3   0]
 [  1   4   2   6   1  75   1]
 [  3   0   0   0   1   8  43]]";336;[41 41 28 79 53 48 46]
1208;Cora;own;0.5;0.2;64;0.5;1;0.005;167894674;0.9766763848396501;0.9752657802270812;"[[40  0  0  1  0  1  1]
 [ 1 40  0  0  0  0  0]
 [ 0  0 29  0  0  0  0]
 [ 0  0  0 79  0  0  1]
 [ 0  0  0  0 54  0  0]
 [ 0  1  0  0  1 47  0]
 [ 0  0  1  0  0  0 46]]";0.8733850129198967;0.8596386535791259;"[[141   3   2  23   6  17   2]
 [  2  89   4   9   0   4   0]
 [  0   2 256  10   2   2   0]
 [ 11   3   5 466   7   6   1]
 [  9   2   0  30 189   4   0]
 [  2   4   2   4   1 151   1]
 [  3   0   0   0   2  11  60]]";0.8494492044063647;0.8344446749913852;"[[ 71   2   1  18   2   8   4]
 [  2  57   3   4   0   0   0]
 [  1   2 120   2   1   0   0]
 [  4   7   1 224   6   3   1]
 [ 10   3   0  10 103   2   0]
 [  0   4   1   6   1  77   1]
 [  2   0   0   0   1  10  42]]";343;[43 41 29 80 54 49 47]
1209;Cora;own;0.5;0.2;64;0.5;1;0.005;167894674;0.9828571428571429;0.9818616737955629;"[[44  0  0  0  0  0  0]
 [ 1 41  0  0  0  0  0]
 [ 0  0 30  0  0  0  0]
 [ 0  0  0 80  0  0  1]
 [ 0  0  0  0 54  0  0]
 [ 0  1  0  0  2 48  0]
 [ 0  0  1  0  0  0 47]]";0.872809863724854;0.8601705647190624;"[[145   3   3  25   3  14   1]
 [  2  88   5  10   0   2   0]
 [  0   2 253  11   2   2   0]
 [ 14   3   2 467   7   4   1]
 [ 15   2   0  27 187   3   0]
 [  5   4   2   5   0 145   2]
 [  5   0   0   1   1   8  60]]";0.8482252141982864;0.8372466547337137;"[[ 80   2   1  13   2   5   3]
 [  2  57   3   4   0   0   0]
 [  1   2 120   2   1   0   0]
 [  7   6   2 221   6   3   1]
 [ 13   3   0  11 100   1   0]
 [  4   4   1   7   1  71   2]
 [  4   0   0   1   0   6  44]]";350;[44 42 30 81 54 51 48]
1210;Cora;own;0.5;0.2;64;0.5;1;0.005;167894674;0.9803921568627451;0.9784889091917764;"[[45  0  0  0  0  1  0]
 [ 1 41  0  0  0  1  0]
 [ 0  0 31  0  0  0  0]
 [ 0  0  0 82  0  0  0]
 [ 0  0  0  0 55  0  0]
 [ 0  1  0  0  2 48  0]
 [ 0  0  1  0  0  0 48]]";0.8761408083441982;0.8634057253417186;"[[139   3   3  28   5  13   2]
 [  2  88   4   9   0   3   0]
 [  0   2 252  11   1   2   0]
 [ 10   3   2 466   7   7   1]
 [  9   2   0  28 191   4   0]
 [  2   4   2   5   0 150   0]
 [  3   0   0   1   1  11  58]]";0.8396572827417381;0.8259635940565472;"[[ 73   2   1  17   1   7   5]
 [  0  57   3   6   0   0   0]
 [  0   4 118   2   1   1   0]
 [  5   7   2 221   7   3   1]
 [  9   3   0  12 100   4   0]
 [  0   4   1   7   1  75   2]
 [  2   0   0   2   0   9  42]]";357;[46 43 31 82 55 51 49]
1211;Cora;own;0.5;0.2;64;0.5;1;0.005;167894674;0.9807692307692307;0.9788709263323402;"[[46  0  0  0  0  1  0]
 [ 1 42  0  0  0  0  1]
 [ 0  0 32  0  0  0  0]
 [ 0  0  0 83  0  0  0]
 [ 0  0  0  0 56  0  0]
 [ 0  1  0  0  2 49  0]
 [ 0  0  1  0  0  0 49]]";0.8801571709233792;0.8656525630097046;"[[139   3   2  27   5  13   2]
 [  2  87   3  10   0   3   0]
 [  0   4 254   6   1   2   0]
 [ 11   4   4 463   8   5   1]
 [ 11   2   0  24 193   3   0]
 [  1   4   2   4   0 150   1]
 [  4   0   0   1   2   8  58]]";0.8494492044063647;0.8368351988994652;"[[ 76   2   1  15   1   6   5]
 [  0  58   2   6   0   0   0]
 [  3   3 118   1   1   0   0]
 [  5   7   2 221   7   3   1]
 [ 12   3   0   9 103   1   0]
 [  0   4   1   7   1  75   2]
 [  2   0   0   2   0   8  43]]";364;[47 44 32 83 56 52 50]
1212;Cora;own;0.5;0.2;64;0.5;1;0.005;167894674;0.9784366576819407;0.9764875397165753;"[[47  0  0  0  0  1  0]
 [ 1 42  0  1  0  1  0]
 [ 0  0 33  0  0  1  0]
 [ 0  0  0 83  0  0  0]
 [ 0  0  0  0 57  0  0]
 [ 0  0  0  0  2 51  0]
 [ 0  0  1  0  0  0 50]]";0.881578947368421;0.8660055418535507;"[[135   3   2  28   6  14   2]
 [  2  85   3   9   0   5   0]
 [  0   4 253   6   1   3   0]
 [  9   3   2 466   8   6   1]
 [ 10   2   0  25 194   2   0]
 [  0   2   2   4   0 150   1]
 [  3   0   0   1   2   9  57]]";0.8518971848225214;0.8385891059034541;"[[ 73   2   1  18   1   6   5]
 [  0  57   2   6   0   1   0]
 [  2   3 118   1   1   1   0]
 [  5   7   2 223   4   4   1]
 [  8   3   0  10 106   1   0]
 [  0   3   1   7   1  76   2]
 [  1   0   0   2   0   9  43]]";371;[48 45 34 83 57 53 51]
1213;Cora;own;0.5;0.2;64;0.5;1;0.005;167894674;0.9814814814814815;0.9801658032802703;"[[48  0  0  0  0  1  0]
 [ 1 43  0  1  0  1  0]
 [ 0  0 34  0  0  1  0]
 [ 0  0  0 84  0  0  0]
 [ 0  0  0  0 58  0  0]
 [ 1  0  0  0  1 52  0]
 [ 0  0  0  0  0  0 52]]";0.8797091870456047;0.8630650948315159;"[[141   4   2  25   4  12   1]
 [  2  85   3   8   0   5   0]
 [  0   4 252   6   1   3   0]
 [ 11   5   2 460  10   5   1]
 [ 14   2   0  22 192   2   0]
 [  2   3   2   4   0 146   1]
 [  5   0   0   0   2   9  55]]";0.8543451652386781;0.8394146063622525;"[[ 79   2   1  14   1   5   4]
 [  0  58   2   5   0   1   0]
 [  3   3 118   1   1   0   0]
 [  5   7   2 223   4   4   1]
 [ 11   3   0   8 104   2   0]
 [  1   3   1   7   1  74   3]
 [  2   0   0   2   0   9  42]]";378;[49 46 35 84 58 54 52]
1214;Cora;own;0.5;0.2;64;0.5;1;0.005;167894674;0.9844155844155844;0.9839162824695519;"[[48  0  0  0  0  1  0]
 [ 1 44  0  1  0  1  0]
 [ 0  0 36  0  0  0  0]
 [ 0  0  0 86  0  0  0]
 [ 0  0  0  0 60  0  0]
 [ 0  0  0  0  2 52  0]
 [ 0  0  0  0  0  0 53]]";0.8791500664010624;0.8614591480390218;"[[135   4   2  27   7  12   2]
 [  2  83   3   9   0   5   0]
 [  0   4 250   7   1   3   0]
 [ 10   4   1 463  10   3   1]
 [  7   1   0  22 196   4   0]
 [  2   2   4   6   0 142   2]
 [  3   0   0   1   2   9  55]]";0.8531211750305998;0.8369919377674833;"[[ 73   2   1  17   1   7   5]
 [  0  55   4   7   0   0   0]
 [  3   2 119   1   1   0   0]
 [  4   7   2 222   6   4   1]
 [  5   3   0   8 111   1   0]
 [  0   3   1   7   1  75   3]
 [  2   0   0   2   0   9  42]]";385;[49 47 36 86 60 54 53]
1215;Cora;own;0.5;0.2;64;0.5;1;0.005;167894674;0.9872448979591837;0.9866310787989809;"[[49  0  0  0  0  1  0]
 [ 1 45  0  0  0  1  0]
 [ 0  0 38  0  0  0  0]
 [ 0  0  0 87  0  0  0]
 [ 0  0  0  0 61  0  0]
 [ 0  0  0  0  2 54  0]
 [ 0  0  0  0  0  0 53]]";0.8792528352234823;0.8619060561845879;"[[136   4   2  24   6  15   2]
 [  2  82   3   8   0   5   0]
 [  0   2 252   5   1   3   0]
 [ 13   4   5 458   7   3   1]
 [  9   2   0  22 192   4   0]
 [  2   4   4   4   0 143   0]
 [  3   0   0   0   1  11  55]]";0.8531211750305998;0.8407971311701558;"[[ 77   2   1  14   1   7   4]
 [  0  56   4   6   0   0   0]
 [  3   2 119   1   1   0   0]
 [ 10   7   2 219   4   4   0]
 [  9   3   0   7 107   2   0]
 [  0   3   1   7   1  77   1]
 [  2   0   0   2   0   9  42]]";392;[50 47 38 87 61 56 53]
1216;Cora;own;0.5;0.2;64;0.5;1;0.005;167894674;0.9874686716791979;0.9865183355440849;"[[49  0  0  0  0  1  0]
 [ 1 46  0  0  0  0  0]
 [ 0  0 39  0  0  1  0]
 [ 0  0  0 88  0  0  0]
 [ 0  0  0  0 62  0  0]
 [ 0  0  0  0  2 55  0]
 [ 0  0  0  0  0  0 55]]";0.8773458445040214;0.8615994265183816;"[[136   4   2  27   6  12   2]
 [  1  81   3  10   0   4   0]
 [  0   3 248   7   1   2   0]
 [ 11   4   4 461   6   5   1]
 [  9   2   0  25 189   3   0]
 [  2   3   4   5   0 140   1]
 [  3   0   0   1   1   9  54]]";0.8531211750305998;0.8385703508430851;"[[ 75   2   1  15   1   7   5]
 [  0  57   3   6   0   0   0]
 [  1   6 117   1   1   0   0]
 [  6   7   2 223   4   3   1]
 [ 11   3   0   7 105   2   0]
 [  0   3   1   7   1  76   2]
 [  2   0   0   1   0   8  44]]";399;[50 47 40 88 62 57 55]
1217;Cora;own;0.5;0.2;64;0.5;1;0.005;167894674;0.9876847290640394;0.9877505135164909;"[[51  0  0  0  0  1  0]
 [ 1 47  0  0  0  0  0]
 [ 0  0 41  0  0  0  0]
 [ 0  0  0 87  0  0  1]
 [ 0  0  0  0 63  0  0]
 [ 0  0  0  0  2 57  0]
 [ 0  0  0  0  0  0 55]]";0.8855218855218855;0.8674859894732598;"[[137   4   2  23   7  12   2]
 [  2  78   3   9   0   6   0]
 [  0   2 249   6   1   2   0]
 [ 11   3   3 462   8   5   0]
 [  9   1   0  19 194   4   0]
 [  1   1   4   4   0 143   0]
 [  3   0   0   1   2  10  52]]";0.8531211750305998;0.8390379101701528;"[[ 76   2   1  14   1   7   5]
 [  0  54   3   8   0   1   0]
 [  0   4 120   1   1   0   0]
 [  7   6   2 220   7   3   1]
 [  8   3   0   8 107   2   0]
 [  1   2   1   7   1  77   1]
 [  1   0   0   0   1  10  43]]";406;[52 48 41 88 63 59 55]
1218;Cora;own;0.5;0.2;64;0.5;1;0.005;167894674;0.9878934624697336;0.987929449901257;"[[52  0  0  0  0  1  0]
 [ 1 49  0  0  0  0  0]
 [ 0  0 42  0  0  0  0]
 [ 0  0  0 88  0  0  1]
 [ 0  0  0  0 64  0  0]
 [ 0  0  0  0  2 57  0]
 [ 0  0  0  0  0  0 56]]";0.8822733423545331;0.8674634875336293;"[[138   4   2  24   5  11   2]
 [  2  80   3   8   0   3   0]
 [  1   4 243   8   1   2   0]
 [ 12   3   3 462   7   4   0]
 [ 10   2   0  24 188   2   0]
 [  3   1   4   4   0 141   0]
 [  3   0   0   1   1  10  52]]";0.8616891064871481;0.849375487584817;"[[ 79   2   1  14   1   4   5]
 [  0  58   1   7   0   0   0]
 [  0   6 118   1   1   0   0]
 [  7   7   1 223   5   2   1]
 [  9   3   0   9 106   1   0]
 [  1   2   1   7   1  75   3]
 [  1   0   0   0   0   9  45]]";413;[53 50 42 89 64 59 56]
1219;Cora;own;0.5;0.2;64;0.5;1;0.005;167894674;0.9809523809523809;0.9806652025184937;"[[53  0  0  0  0  1  0]
 [ 1 49  0  0  0  1  0]
 [ 0  0 43  0  0  0  0]
 [ 0  0  0 89  0  0  1]
 [ 0  0  0  0 65  0  0]
 [ 0  0  0  0  2 57  0]
 [ 0  0  0  0  0  2 56]]";0.8857919782460911;0.8674700166214395;"[[129   4   2  23   8  16   3]
 [  1  77   3   8   0   5   0]
 [  0   2 248   6   1   2   0]
 [  8   3   3 462   8   6   0]
 [  7   1   0  22 191   4   0]
 [  0   0   3   4   0 146   0]
 [  2   0   0   0   1  12  50]]";0.8567931456548348;0.8427182109040938;"[[ 73   3   0  14   1  11   4]
 [  0  55   3   7   0   1   0]
 [  2   2 120   1   1   0   0]
 [  5   7   1 222   8   2   1]
 [  7   3   0   8 108   2   0]
 [  0   1   1   7   1  79   1]
 [  1   0   0   0   1  10  43]]";420;[54 51 43 90 65 59 58]
