dataset_name;sampler_name;subsampler;label_propagation_uncertainty_treshold;hidden_dim_size;dropout;distance_loss_weight;learning_rate;corruption;seed;Labeled accuracy;Labeled macro-f1;Labeled confusion;Labeled class accuracies;Unlabeled accuracy;Unlabeled macro-f1;Unlabeled confusion;Unlabeled class accuracies;Test accuracy;Test macro-f1;Test confusion;Test class accuracies;Budget used;Class distrubution
Cora;own;medoids;0.2;64;0.5;1;0.005;0.4;20795212.0;0.0;0.0;[[]];[];0.1253305129561079;0.09445126431337957;[[2, 21, 21, 105, 8, 54, 34], [0, 42, 4, 24, 8, 11, 62], [2, 7, 5, 10, 21, 242, 5], [8, 140, 36, 148, 25, 135, 80], [10, 29, 12, 50, 14, 113, 70], [0, 29, 41, 59, 0, 23, 56], [1, 16, 12, 74, 3, 16, 3]];[0.00816326530612245, 0.2781456953642384, 0.017123287671232876, 0.25874125874125875, 0.04697986577181208, 0.11057692307692307, 0.024];0.11995104039167687;0.09354431042392128;[[1, 11, 8, 56, 3, 18, 9], [0, 20, 2, 6, 3, 7, 28], [2, 5, 1, 3, 12, 100, 3], [4, 45, 26, 59, 15, 63, 34], [6, 11, 5, 12, 6, 58, 30], [0, 14, 18, 27, 1, 10, 20], [0, 7, 2, 34, 4, 7, 1]];[0.009433962264150943, 0.30303030303030304, 0.007936507936507936, 0.23983739837398374, 0.046875, 0.1111111111111111, 0.01818181818181818];0.0;[]
Cora;own;medoids;0.2;64;0.5;1;0.005;0.4;20795212.0;1.0;1.0;[[1, 0, 0, 0, 0], [0, 1, 0, 0, 0], [0, 0, 1, 0, 0], [0, 0, 0, 2, 0], [0, 0, 0, 0, 2]];[1.0, 1.0, 1.0, 1.0, 1.0];0.1613588110403397;0.08290970484705149;[[2, 0, 0, 0, 0, 107, 153], [0, 0, 0, 0, 0, 90, 102], [0, 0, 6, 0, 0, 189, 80], [0, 0, 2, 0, 0, 131, 284], [0, 0, 9, 0, 2, 118, 164], [0, 0, 1, 0, 0, 179, 65], [0, 0, 0, 0, 0, 85, 115]];[0.007633587786259542, 0.0, 0.02181818181818182, 0.0, 0.006825938566552901, 0.7306122448979592, 0.575];0.13341493268053856;0.06538166768853464;[[0, 0, 0, 0, 0, 22, 84], [1, 0, 0, 0, 0, 36, 29], [1, 0, 0, 0, 0, 111, 14], [0, 0, 0, 0, 0, 65, 181], [1, 0, 13, 0, 0, 48, 66], [0, 0, 0, 0, 0, 81, 9], [0, 0, 0, 0, 0, 27, 28]];[0.0, 0.0, 0.0, 0.0, 0.0, 0.9, 0.509090909090909];7.0;[1, 0, 1, 0, 1, 2, 2]
Cora;own;medoids;0.2;64;0.5;1;0.005;0.4;20795212.0;0.9285714285714286;0.9259259259259259;[[3, 0, 0, 0, 0, 0], [0, 1, 1, 0, 0, 0], [0, 0, 4, 0, 0, 0], [0, 0, 0, 1, 0, 0], [0, 0, 0, 0, 2, 0], [0, 0, 0, 0, 0, 2]];[1.0, 0.5, 1.0, 1.0, 1.0, 1.0];0.30847096430474163;0.23341642216304045;[[43, 0, 89, 44, 3, 9, 70], [5, 0, 118, 23, 0, 8, 15], [6, 0, 271, 27, 1, 7, 17], [11, 0, 224, 140, 0, 17, 46], [4, 0, 102, 125, 4, 13, 28], [15, 0, 68, 48, 1, 87, 14], [10, 0, 60, 58, 0, 12, 34]];[0.16666666666666666, 0.0, 0.8237082066869301, 0.319634703196347, 0.014492753623188406, 0.37339055793991416, 0.19540229885057472];0.29498164014687883;0.23011671317197815;[[17, 0, 12, 16, 1, 0, 60], [0, 0, 63, 1, 0, 1, 1], [0, 0, 126, 0, 0, 0, 0], [15, 0, 151, 44, 0, 3, 33], [1, 0, 33, 81, 1, 3, 9], [5, 0, 11, 16, 0, 51, 7], [10, 0, 13, 27, 0, 3, 2]];[0.16037735849056603, 0.0, 1.0, 0.17886178861788618, 0.0078125, 0.5666666666666667, 0.03636363636363636];14.0;[3, 0, 2, 4, 1, 2, 2]
Cora;own;medoids;0.2;64;0.5;1;0.005;0.4;20795212.0;0.8571428571428571;0.8181818181818182;[[4, 0, 0, 0, 0, 0], [0, 1, 1, 0, 1, 1], [0, 0, 5, 0, 0, 0], [0, 0, 0, 4, 0, 0], [0, 0, 0, 0, 2, 0], [0, 0, 0, 0, 0, 2]];[1.0, 0.25, 1.0, 1.0, 1.0, 1.0];0.40748663101604277;0.3225890908216288;[[43, 0, 40, 73, 33, 12, 53], [6, 0, 32, 33, 63, 7, 17], [6, 0, 224, 41, 23, 9, 18], [15, 0, 33, 303, 62, 20, 31], [9, 0, 23, 134, 80, 14, 23], [15, 0, 17, 70, 25, 79, 15], [14, 0, 23, 72, 19, 8, 33]];[0.16929133858267717, 0.0, 0.6978193146417445, 0.6530172413793104, 0.2826855123674912, 0.3574660633484163, 0.1952662721893491];0.4418604651162791;0.3460134095023865;[[19, 0, 6, 20, 15, 0, 46], [1, 0, 24, 1, 37, 1, 2], [0, 0, 122, 2, 2, 0, 0], [22, 0, 10, 146, 43, 9, 16], [1, 0, 0, 94, 24, 5, 4], [5, 0, 5, 23, 5, 46, 6], [14, 0, 5, 27, 5, 0, 4]];[0.1792452830188679, 0.0, 0.9682539682539683, 0.5934959349593496, 0.1875, 0.5111111111111111, 0.07272727272727272];21.0;[4, 0, 4, 5, 4, 2, 2]
Cora;own;medoids;0.2;64;0.5;1;0.005;0.4;20795212.0;0.8571428571428571;0.8157590947064631;[[5, 1, 0, 0, 0, 0], [0, 2, 1, 0, 0, 1], [0, 0, 9, 0, 0, 0], [0, 0, 0, 4, 0, 0], [0, 0, 0, 0, 2, 0], [0, 0, 0, 0, 1, 2]];[0.8333333333333334, 0.5, 1.0, 1.0, 1.0, 0.6666666666666666];0.44659151905528716;0.3649300530621399;[[120, 0, 33, 65, 8, 11, 80], [44, 0, 17, 35, 5, 3, 20], [25, 0, 194, 41, 10, 6, 22], [37, 0, 32, 333, 11, 13, 38], [30, 0, 15, 125, 68, 9, 28], [27, 0, 11, 55, 9, 72, 36], [38, 0, 14, 64, 5, 9, 45]];[0.3785488958990536, 0.0, 0.6510067114093959, 0.7176724137931034, 0.24727272727272728, 0.34285714285714286, 0.2571428571428571];0.4920440636474908;0.4044501029415426;[[25, 0, 5, 17, 1, 0, 58], [56, 0, 5, 2, 1, 0, 2], [6, 0, 114, 3, 2, 0, 1], [38, 0, 7, 174, 8, 4, 15], [3, 0, 0, 74, 39, 2, 10], [16, 0, 1, 18, 0, 41, 14], [23, 0, 2, 21, 0, 0, 9]];[0.2358490566037736, 0.0, 0.9047619047619048, 0.7073170731707317, 0.3046875, 0.45555555555555555, 0.16363636363636364];28.0;[6, 0, 4, 9, 4, 2, 3]
Cora;own;medoids;0.2;64;0.5;1;0.005;0.4;20795212.0;0.9142857142857143;0.9178743961352657;[[7, 0, 0, 0, 0, 0, 0], [0, 1, 0, 0, 0, 0, 0], [0, 0, 4, 1, 0, 0, 0], [0, 0, 0, 10, 0, 0, 0], [0, 0, 0, 0, 5, 0, 0], [0, 0, 0, 2, 0, 2, 0], [0, 0, 0, 0, 0, 0, 3]];[1.0, 1.0, 0.8, 1.0, 1.0, 0.5, 1.0];0.46012931034482757;0.38595555112101476;[[134, 1, 31, 64, 9, 6, 74], [45, 8, 18, 37, 6, 1, 15], [21, 3, 197, 43, 14, 3, 14], [26, 8, 32, 333, 24, 9, 24], [24, 3, 18, 119, 89, 2, 23], [32, 15, 10, 64, 13, 49, 24], [30, 1, 11, 70, 14, 1, 44]];[0.4200626959247649, 0.06153846153846154, 0.6677966101694915, 0.7302631578947368, 0.32014388489208634, 0.23671497584541062, 0.2573099415204678];0.48959608323133413;0.3904903354497229;[[37, 0, 4, 17, 5, 0, 43], [54, 0, 5, 3, 3, 0, 1], [7, 1, 109, 4, 4, 0, 1], [27, 6, 9, 174, 19, 2, 9], [2, 0, 0, 70, 48, 0, 8], [17, 13, 1, 18, 3, 28, 10], [22, 0, 0, 27, 2, 0, 4]];[0.3490566037735849, 0.0, 0.8650793650793651, 0.7073170731707317, 0.375, 0.3111111111111111, 0.07272727272727272];35.0;[7, 1, 5, 10, 5, 4, 3]
Cora;own;medoids;0.2;64;0.5;1;0.005;0.4;20795212.0;0.8571428571428571;0.8616543004414858;[[9, 0, 0, 0, 0, 0, 0], [0, 1, 0, 0, 0, 0, 0], [1, 0, 4, 1, 1, 0, 0], [0, 0, 0, 10, 0, 0, 0], [0, 0, 0, 0, 5, 0, 0], [0, 0, 0, 2, 0, 3, 0], [0, 0, 1, 0, 0, 0, 4]];[1.0, 1.0, 0.5714285714285714, 1.0, 1.0, 0.6, 0.8];0.4629529475392104;0.3997637527266889;[[159, 0, 28, 45, 13, 4, 71], [46, 8, 16, 28, 10, 1, 16], [33, 1, 193, 29, 17, 5, 21], [49, 2, 34, 284, 35, 12, 35], [19, 1, 21, 103, 89, 5, 33], [34, 10, 15, 33, 17, 52, 46], [29, 2, 10, 47, 17, 0, 71]];[0.496875, 0.064, 0.6454849498327759, 0.6297117516629712, 0.3284132841328413, 0.25120772946859904, 0.4034090909090909];0.48714810281517745;0.41106852612836825;[[45, 0, 4, 7, 5, 0, 45], [52, 0, 9, 1, 3, 0, 1], [11, 0, 108, 2, 2, 0, 3], [40, 0, 16, 147, 30, 3, 10], [2, 0, 0, 62, 50, 0, 14], [18, 7, 2, 15, 1, 31, 16], [19, 0, 0, 17, 2, 0, 17]];[0.42452830188679247, 0.0, 0.8571428571428571, 0.5975609756097561, 0.390625, 0.34444444444444444, 0.3090909090909091];42.0;[9, 1, 7, 10, 5, 5, 5]
Cora;own;medoids;0.2;64;0.5;1;0.005;0.4;20795212.0;0.8571428571428571;0.8718622530864132;[[9, 0, 0, 0, 0, 0, 0], [0, 1, 0, 0, 0, 0, 0], [1, 0, 6, 1, 2, 0, 0], [0, 0, 0, 10, 0, 1, 0], [0, 0, 0, 0, 6, 0, 0], [0, 0, 0, 1, 0, 4, 0], [0, 0, 1, 0, 0, 0, 6]];[1.0, 1.0, 0.6, 0.9090909090909091, 1.0, 0.8, 0.8571428571428571];0.48642779587404994;0.4211369955081582;[[155, 2, 44, 40, 11, 6, 52], [38, 10, 21, 35, 10, 1, 9], [21, 0, 223, 31, 6, 7, 17], [20, 3, 79, 283, 19, 11, 28], [14, 1, 34, 102, 97, 9, 15], [19, 19, 29, 38, 18, 50, 29], [20, 3, 15, 56, 12, 2, 78]];[0.5, 0.08064516129032258, 0.7311475409836066, 0.6388261851015802, 0.35661764705882354, 0.24752475247524752, 0.41935483870967744];0.5030599755201959;0.42353972269014645;[[51, 0, 7, 7, 3, 0, 38], [39, 0, 14, 3, 8, 1, 1], [11, 0, 111, 1, 2, 0, 1], [18, 0, 50, 141, 16, 13, 8], [3, 0, 5, 62, 53, 1, 4], [7, 15, 7, 16, 1, 31, 13], [8, 0, 3, 18, 2, 0, 24]];[0.4811320754716981, 0.0, 0.8809523809523809, 0.573170731707317, 0.4140625, 0.34444444444444444, 0.43636363636363634];49.0;[9, 1, 10, 11, 6, 5, 7]
Cora;own;medoids;0.2;64;0.5;1;0.005;0.4;20795212.0;0.9285714285714286;0.9337888198757763;[[9, 0, 0, 1, 0, 0, 0], [0, 1, 0, 0, 0, 0, 0], [1, 0, 11, 0, 0, 0, 0], [0, 0, 0, 11, 0, 1, 0], [0, 0, 0, 0, 8, 0, 0], [0, 0, 0, 1, 0, 4, 0], [0, 0, 0, 0, 0, 0, 8]];[0.9, 1.0, 0.9166666666666666, 0.9166666666666666, 1.0, 0.8, 1.0];0.500817438692098;0.43693197530812256;[[167, 3, 41, 35, 12, 4, 48], [41, 10, 20, 28, 12, 2, 8], [20, 1, 229, 26, 8, 3, 17], [29, 2, 85, 268, 19, 10, 30], [21, 1, 30, 87, 107, 6, 21], [27, 17, 28, 29, 17, 50, 29], [25, 2, 15, 42, 14, 1, 88]];[0.5387096774193548, 0.08264462809917356, 0.7532894736842105, 0.6049661399548533, 0.39194139194139194, 0.25380710659898476, 0.47058823529411764];0.49571603427172584;0.4228005488224654;[[53, 0, 7, 9, 4, 0, 33], [39, 0, 13, 3, 9, 0, 2], [13, 0, 109, 0, 2, 0, 2], [23, 0, 50, 132, 18, 10, 13], [7, 0, 5, 58, 54, 0, 4], [9, 12, 5, 16, 1, 31, 16], [10, 0, 2, 15, 2, 0, 26]];[0.5, 0.0, 0.8650793650793651, 0.5365853658536586, 0.421875, 0.34444444444444444, 0.4727272727272727];56.0;[10, 1, 12, 12, 8, 5, 8]
Cora;own;medoids;0.2;64;0.5;1;0.005;0.4;20795212.0;0.873015873015873;0.87935998641881;[[9, 0, 0, 1, 0, 1, 0], [0, 2, 0, 0, 0, 0, 0], [2, 0, 11, 0, 0, 0, 0], [0, 0, 0, 12, 0, 1, 0], [0, 0, 0, 0, 8, 0, 0], [0, 0, 0, 1, 0, 4, 0], [0, 0, 1, 0, 1, 0, 9]];[0.8181818181818182, 1.0, 0.8461538461538461, 0.9230769230769231, 1.0, 0.8, 0.8181818181818182];0.4961706783369803;0.4358754235479395;[[164, 5, 38, 29, 14, 10, 45], [41, 12, 19, 27, 13, 2, 8], [26, 3, 229, 20, 10, 2, 17], [30, 5, 85, 256, 23, 10, 36], [23, 2, 29, 80, 109, 6, 20], [28, 22, 26, 26, 15, 49, 28], [26, 3, 16, 38, 14, 1, 88]];[0.5377049180327869, 0.09836065573770492, 0.745928338762215, 0.5752808988764045, 0.4052044609665427, 0.25257731958762886, 0.4731182795698925];0.48714810281517745;0.4169838811358903;[[55, 0, 7, 7, 6, 0, 31], [39, 0, 14, 2, 9, 0, 2], [13, 2, 107, 0, 1, 0, 3], [24, 0, 47, 126, 22, 12, 15], [9, 0, 5, 54, 55, 1, 4], [6, 17, 7, 14, 2, 29, 15], [11, 2, 0, 14, 2, 0, 26]];[0.5188679245283019, 0.0, 0.8492063492063492, 0.5121951219512195, 0.4296875, 0.32222222222222224, 0.4727272727272727];63.0;[11, 2, 13, 13, 8, 5, 11]
Cora;own;medoids;0.2;64;0.5;1;0.005;0.4;20795212.0;0.8571428571428571;0.8681433870730643;[[9, 0, 0, 1, 0, 1, 0], [0, 2, 0, 0, 0, 0, 0], [2, 0, 11, 0, 0, 0, 0], [0, 0, 1, 15, 0, 1, 0], [0, 0, 0, 0, 9, 0, 0], [0, 0, 1, 1, 0, 5, 0], [0, 0, 1, 0, 1, 0, 9]];[0.8181818181818182, 1.0, 0.8461538461538461, 0.8823529411764706, 1.0, 0.7142857142857143, 0.8181818181818182];0.5381658429434377;0.47063663257946703;[[156, 4, 25, 38, 15, 22, 33], [34, 13, 19, 32, 11, 4, 2], [22, 9, 215, 30, 8, 4, 13], [17, 2, 48, 346, 17, 14, 24], [19, 3, 18, 93, 94, 23, 14], [12, 22, 18, 42, 14, 78, 16], [19, 7, 9, 48, 12, 5, 78]];[0.5324232081911263, 0.11304347826086956, 0.7142857142857143, 0.7393162393162394, 0.3560606060606061, 0.38613861386138615, 0.43820224719101125];0.543451652386781;0.4522335283591291;[[55, 0, 3, 11, 8, 0, 29], [39, 0, 11, 5, 8, 1, 2], [13, 4, 102, 2, 1, 1, 3], [11, 0, 15, 178, 14, 16, 12], [5, 0, 1, 60, 48, 10, 4], [2, 14, 5, 18, 2, 37, 12], [6, 3, 1, 16, 3, 2, 24]];[0.5188679245283019, 0.0, 0.8095238095238095, 0.7235772357723578, 0.375, 0.4111111111111111, 0.43636363636363634];70.0;[11, 2, 13, 17, 9, 7, 11]


Cora;own;medoids;0.2;64;0.5;1;0.005;0.4;649695571.0;0.0;0.0;[[]];[];0.13749338974087785;0.11546433483269178;[[103, 25, 6, 13, 6, 77, 15], [85, 10, 5, 1, 6, 43, 1], [263, 9, 1, 3, 4, 11, 1], [140, 72, 10, 32, 20, 235, 63], [52, 77, 8, 14, 34, 99, 14], [17, 2, 10, 10, 19, 66, 84], [15, 9, 7, 2, 10, 68, 14]];[0.4204081632653061, 0.06622516556291391, 0.003424657534246575, 0.055944055944055944, 0.11409395973154363, 0.3173076923076923, 0.112];0.1664626682986536;0.1370673057553207;[[52, 5, 5, 6, 4, 29, 5], [40, 4, 3, 0, 2, 17, 0], [111, 4, 1, 1, 4, 4, 1], [57, 27, 6, 19, 16, 94, 27], [17, 38, 5, 4, 17, 43, 4], [10, 3, 0, 4, 3, 37, 33], [8, 3, 2, 1, 2, 33, 6]];[0.49056603773584906, 0.06060606060606061, 0.007936507936507936, 0.07723577235772358, 0.1328125, 0.4111111111111111, 0.10909090909090909];0.0;[]
Cora;own;medoids;0.2;64;0.5;1;0.005;0.4;649695571.0;1.0;1.0;[[3, 0, 0, 0], [0, 2, 0, 0], [0, 0, 1, 0], [0, 0, 0, 1]];[1.0, 1.0, 1.0, 1.0];0.2213375796178344;0.10881980148945243;[[1, 0, 0, 72, 144, 10, 0], [0, 0, 0, 117, 89, 15, 0], [1, 0, 1, 90, 116, 60, 3], [1, 0, 0, 304, 94, 48, 8], [0, 0, 2, 189, 88, 16, 2], [0, 0, 0, 106, 93, 17, 2], [0, 0, 0, 70, 102, 17, 6]];[0.004405286343612335, 0.0, 0.0036900369003690036, 0.6681318681318681, 0.2962962962962963, 0.0779816513761468, 0.03076923076923077];0.23623011015911874;0.09585590030583616;[[0, 0, 0, 12, 93, 1, 0], [0, 0, 0, 33, 30, 3, 0], [0, 0, 0, 30, 47, 46, 3], [0, 0, 0, 168, 40, 31, 7], [0, 0, 0, 108, 20, 0, 0], [0, 0, 0, 29, 56, 5, 0], [0, 0, 0, 12, 43, 0, 0]];[0.0, 0.0, 0.0, 0.6829268292682927, 0.15625, 0.05555555555555555, 0.0];7.0;[0, 0, 0, 3, 2, 1, 1]
Cora;own;medoids;0.2;64;0.5;1;0.005;0.4;649695571.0;0.8571428571428571;0.9111111111111111;[[1, 0, 0, 0, 0, 0], [0, 2, 0, 0, 0, 0], [0, 0, 4, 0, 0, 0], [0, 0, 2, 2, 0, 0], [0, 0, 0, 0, 1, 0], [0, 0, 0, 0, 0, 2]];[1.0, 1.0, 1.0, 0.5, 1.0, 1.0];0.35695258391049545;0.2276694144139883;[[0, 0, 43, 71, 63, 5, 20], [0, 6, 87, 81, 17, 5, 18], [0, 0, 269, 47, 13, 6, 12], [0, 0, 55, 293, 29, 45, 26], [0, 0, 33, 177, 52, 2, 20], [0, 0, 52, 60, 16, 12, 53], [0, 0, 70, 58, 14, 9, 38]];[0.0, 0.028037383177570093, 0.7752161383285303, 0.6540178571428571, 0.18309859154929578, 0.06217616580310881, 0.20105820105820105];0.34761321909424725;0.1797275032396688;[[0, 0, 14, 23, 67, 0, 2], [0, 0, 42, 19, 1, 3, 1], [0, 0, 121, 2, 0, 0, 3], [0, 0, 31, 151, 12, 36, 16], [0, 2, 10, 105, 8, 0, 3], [0, 1, 29, 7, 9, 1, 43], [0, 0, 38, 10, 4, 0, 3]];[0.0, 0.0, 0.9603174603174603, 0.6138211382113821, 0.0625, 0.011111111111111112, 0.05454545454545454];14.0;[0, 1, 2, 4, 4, 1, 2]
Cora;own;medoids;0.2;64;0.5;1;0.005;0.4;649695571.0;1.0;1.0;[[1, 0, 0, 0, 0, 0], [0, 3, 0, 0, 0, 0], [0, 0, 6, 0, 0, 0], [0, 0, 0, 5, 0, 0], [0, 0, 0, 0, 3, 0], [0, 0, 0, 0, 0, 3]];[1.0, 1.0, 1.0, 1.0, 1.0, 1.0];0.35775401069518714;0.24765399030828056;[[0, 0, 55, 52, 70, 4, 14], [0, 6, 101, 44, 31, 9, 22], [0, 0, 273, 35, 22, 7, 6], [0, 1, 65, 232, 48, 47, 47], [0, 0, 50, 135, 82, 2, 15], [0, 1, 52, 40, 28, 19, 52], [0, 0, 73, 38, 24, 11, 57]];[0.0, 0.028169014084507043, 0.7959183673469388, 0.5272727272727272, 0.2887323943661972, 0.09895833333333333, 0.28078817733990147];0.32558139534883723;0.18738939909001262;[[0, 0, 17, 19, 70, 0, 0], [0, 0, 45, 10, 5, 6, 0], [0, 0, 125, 0, 0, 0, 1], [0, 0, 34, 107, 26, 41, 38], [0, 2, 12, 82, 29, 0, 3], [0, 1, 29, 6, 15, 3, 36], [0, 0, 42, 8, 3, 0, 2]];[0.0, 0.0, 0.9920634920634921, 0.4349593495934959, 0.2265625, 0.03333333333333333, 0.03636363636363636];21.0;[0, 1, 3, 6, 5, 3, 3]
Cora;own;medoids;0.2;64;0.5;1;0.005;0.4;649695571.0;0.9642857142857143;0.9650793650793651;[[3, 0, 0, 0, 0, 0], [0, 3, 0, 0, 0, 0], [0, 0, 8, 0, 0, 0], [0, 0, 0, 7, 0, 0], [0, 0, 0, 1, 3, 0], [0, 0, 0, 0, 0, 3]];[1.0, 1.0, 1.0, 1.0, 0.75, 1.0];0.41492216854535696;0.32222935564226335;[[0, 22, 20, 50, 73, 7, 16], [0, 42, 33, 64, 30, 22, 30], [0, 23, 243, 35, 15, 8, 7], [0, 26, 25, 275, 43, 44, 54], [0, 13, 22, 91, 129, 4, 27], [0, 41, 17, 39, 17, 26, 39], [0, 18, 40, 36, 24, 15, 58]];[0.0, 0.19004524886877827, 0.7341389728096677, 0.588865096359743, 0.45104895104895104, 0.1452513966480447, 0.3036649214659686];0.40636474908200737;0.30586211222282716;[[0, 4, 3, 21, 74, 3, 1], [0, 19, 5, 28, 1, 8, 5], [0, 4, 120, 0, 0, 0, 2], [0, 9, 15, 121, 24, 36, 41], [0, 5, 3, 58, 56, 0, 6], [0, 28, 3, 6, 10, 14, 29], [0, 10, 26, 12, 3, 2, 2]];[0.0, 0.2878787878787879, 0.9523809523809523, 0.491869918699187, 0.4375, 0.15555555555555556, 0.03636363636363636];28.0;[0, 3, 3, 8, 7, 4, 3]
Cora;own;medoids;0.2;64;0.5;1;0.005;0.4;649695571.0;0.9428571428571428;0.9040458288578589;[[1, 0, 1, 0, 0, 0, 0], [0, 4, 0, 0, 0, 0, 0], [0, 0, 3, 0, 0, 0, 0], [0, 0, 0, 8, 0, 0, 0], [0, 0, 0, 0, 9, 0, 0], [0, 0, 0, 0, 0, 5, 0], [0, 0, 0, 0, 1, 0, 3]];[0.5, 1.0, 1.0, 1.0, 1.0, 1.0, 0.75];0.47198275862068967;0.40576561091113217;[[28, 21, 19, 53, 62, 14, 7], [6, 63, 27, 84, 29, 12, 7], [5, 20, 235, 36, 13, 6, 7], [6, 19, 31, 308, 42, 32, 28], [5, 17, 26, 59, 145, 6, 12], [22, 28, 14, 36, 15, 49, 13], [6, 17, 35, 42, 26, 15, 48]];[0.13725490196078433, 0.27631578947368424, 0.7298136645962733, 0.6609442060085837, 0.5370370370370371, 0.2768361581920904, 0.25396825396825395];0.4614443084455324;0.3586211882241687;[[7, 8, 2, 23, 64, 2, 0], [0, 17, 6, 42, 0, 1, 0], [0, 4, 118, 1, 0, 0, 3], [1, 9, 17, 139, 24, 22, 34], [1, 9, 4, 39, 68, 2, 5], [19, 32, 2, 4, 3, 28, 2], [3, 8, 24, 16, 2, 2, 0]];[0.0660377358490566, 0.25757575757575757, 0.9365079365079365, 0.5650406504065041, 0.53125, 0.3111111111111111, 0.0];35.0;[2, 4, 3, 8, 9, 5, 4]
Cora;own;medoids;0.2;64;0.5;1;0.005;0.4;649695571.0;1.0;1.0;[[2, 0, 0, 0, 0, 0, 0], [0, 5, 0, 0, 0, 0, 0], [0, 0, 4, 0, 0, 0, 0], [0, 0, 0, 10, 0, 0, 0], [0, 0, 0, 0, 9, 0, 0], [0, 0, 0, 0, 0, 7, 0], [0, 0, 0, 0, 0, 0, 5]];[1.0, 1.0, 1.0, 1.0, 1.0, 1.0, 1.0];0.5148729042725798;0.462427591427019;[[33, 19, 19, 62, 40, 13, 8], [8, 87, 22, 68, 18, 14, 2], [4, 14, 226, 37, 9, 15, 4], [11, 19, 28, 345, 29, 33, 25], [11, 29, 22, 58, 117, 10, 11], [16, 22, 14, 44, 10, 82, 5], [5, 12, 35, 41, 16, 15, 62]];[0.17010309278350516, 0.3972602739726027, 0.7313915857605178, 0.7040816326530612, 0.45348837209302323, 0.42487046632124353, 0.3333333333333333];0.4602203182374541;0.37906750621964214;[[8, 12, 9, 27, 43, 2, 5], [1, 23, 6, 35, 0, 1, 0], [0, 6, 112, 1, 0, 6, 1], [0, 14, 18, 144, 15, 25, 30], [5, 24, 2, 42, 47, 2, 6], [18, 25, 4, 7, 0, 34, 2], [0, 3, 24, 18, 1, 1, 8]];[0.07547169811320754, 0.3484848484848485, 0.8888888888888888, 0.5853658536585366, 0.3671875, 0.37777777777777777, 0.14545454545454545];42.0;[2, 5, 4, 10, 9, 7, 5]
Cora;own;medoids;0.2;64;0.5;1;0.005;0.4;649695571.0;0.9591836734693877;0.9594114325572126;[[3, 0, 0, 0, 0, 0, 0], [0, 5, 0, 0, 0, 0, 0], [0, 0, 5, 0, 0, 0, 0], [0, 0, 1, 11, 0, 0, 0], [0, 0, 0, 0, 10, 0, 0], [0, 0, 0, 0, 0, 8, 1], [0, 0, 0, 0, 0, 0, 5]];[1.0, 1.0, 1.0, 0.9166666666666666, 1.0, 0.8888888888888888, 1.0];0.46254071661237783;0.4258198519296794;[[32, 14, 20, 56, 41, 12, 14], [8, 80, 21, 69, 16, 15, 5], [5, 11, 132, 37, 10, 13, 4], [12, 14, 131, 334, 27, 39, 22], [14, 19, 26, 56, 122, 13, 14], [20, 15, 12, 46, 12, 86, 12], [3, 9, 33, 40, 13, 17, 66]];[0.1693121693121693, 0.37383177570093457, 0.6226415094339622, 0.5768566493955095, 0.4621212121212121, 0.4236453201970443, 0.36464088397790057];0.4504283965728274;0.36873074755991786;[[5, 9, 11, 28, 43, 3, 7], [1, 22, 8, 34, 0, 1, 0], [0, 5, 112, 2, 0, 6, 1], [2, 9, 17, 139, 18, 25, 36], [7, 19, 2, 40, 45, 2, 13], [13, 22, 8, 7, 0, 38, 2], [0, 3, 21, 19, 1, 4, 7]];[0.04716981132075472, 0.3333333333333333, 0.8888888888888888, 0.5650406504065041, 0.3515625, 0.4222222222222222, 0.12727272727272726];49.0;[3, 5, 5, 12, 10, 9, 5]
Cora;own;medoids;0.2;64;0.5;1;0.005;0.4;649695571.0;0.9107142857142857;0.9027444986091603;[[3, 0, 0, 1, 0, 0, 0], [0, 6, 0, 0, 0, 0, 0], [0, 0, 6, 0, 0, 1, 0], [0, 0, 1, 11, 0, 0, 0], [0, 0, 0, 0, 11, 0, 0], [0, 1, 0, 0, 0, 8, 1], [0, 0, 0, 0, 0, 0, 6]];[0.75, 1.0, 0.8571428571428571, 0.9166666666666666, 1.0, 0.8, 1.0];0.45286103542234335;0.42101178274549184;[[28, 20, 26, 46, 36, 8, 17], [4, 96, 33, 32, 13, 11, 5], [2, 49, 149, 35, 8, 20, 5], [4, 62, 122, 290, 21, 36, 19], [8, 30, 28, 45, 120, 15, 12], [15, 26, 20, 35, 8, 76, 8], [4, 18, 36, 37, 9, 16, 72]];[0.15469613259668508, 0.4948453608247423, 0.5559701492537313, 0.5234657039711191, 0.46511627906976744, 0.40425531914893614, 0.375];0.4283965728274174;0.3590169416936079;[[2, 12, 8, 30, 40, 4, 10], [1, 39, 13, 12, 0, 1, 0], [0, 4, 104, 7, 0, 10, 1], [0, 37, 25, 115, 15, 26, 28], [3, 30, 5, 32, 44, 4, 10], [13, 23, 6, 6, 0, 38, 4], [0, 2, 23, 14, 1, 7, 8]];[0.018867924528301886, 0.5909090909090909, 0.8253968253968254, 0.46747967479674796, 0.34375, 0.4222222222222222, 0.14545454545454545];56.0;[4, 6, 7, 12, 11, 10, 6]
Cora;own;medoids;0.2;64;0.5;1;0.005;0.4;649695571.0;0.9047619047619048;0.9015456998650275;[[4, 0, 0, 0, 0, 0, 0], [0, 7, 0, 0, 0, 0, 0], [0, 0, 7, 0, 0, 2, 0], [0, 0, 1, 12, 0, 0, 1], [0, 0, 0, 0, 12, 0, 0], [1, 0, 0, 0, 0, 9, 1], [0, 0, 0, 0, 0, 0, 6]];[1.0, 1.0, 0.7777777777777778, 0.8571428571428571, 1.0, 0.8181818181818182, 1.0];0.563457330415755;0.5256273147912268;[[40, 15, 29, 32, 40, 10, 14], [10, 137, 24, 32, 17, 10, 6], [4, 16, 240, 24, 10, 19, 5], [13, 30, 42, 296, 29, 32, 19], [4, 11, 23, 44, 146, 21, 8], [18, 19, 16, 33, 10, 84, 7], [4, 13, 33, 26, 11, 15, 87]];[0.2222222222222222, 0.5805084745762712, 0.7547169811320755, 0.6420824295010846, 0.5680933852140078, 0.44919786096256686, 0.4603174603174603];0.47368421052631576;0.40768453895289614;[[5, 5, 12, 24, 47, 4, 9], [1, 41, 10, 12, 2, 0, 0], [0, 5, 114, 1, 0, 5, 1], [2, 29, 27, 122, 16, 23, 27], [3, 14, 1, 39, 56, 9, 6], [12, 21, 8, 8, 1, 36, 4], [0, 2, 23, 11, 1, 5, 13]];[0.04716981132075472, 0.6212121212121212, 0.9047619047619048, 0.4959349593495935, 0.4375, 0.4, 0.23636363636363636];63.0;[4, 7, 9, 14, 12, 11, 6]
Cora;own;medoids;0.2;64;0.5;1;0.005;0.4;649695571.0;0.9;0.8801016972445543;[[4, 1, 1, 0, 0, 0, 0], [0, 6, 0, 0, 0, 2, 0], [0, 0, 9, 0, 0, 0, 0], [0, 0, 1, 13, 0, 0, 0], [0, 0, 0, 0, 13, 0, 0], [1, 0, 0, 0, 0, 11, 0], [0, 0, 1, 0, 0, 0, 7]];[0.6666666666666666, 0.75, 1.0, 0.9285714285714286, 1.0, 0.9166666666666666, 0.875];0.5392641405820977;0.5062613209703212;[[45, 16, 29, 31, 30, 8, 25], [7, 146, 21, 35, 16, 22, 14], [6, 15, 240, 22, 6, 9, 4], [16, 71, 38, 257, 18, 18, 20], [6, 18, 18, 48, 126, 25, 14], [20, 21, 15, 28, 7, 90, 20], [6, 14, 34, 24, 12, 12, 78]];[0.24456521739130435, 0.5593869731800766, 0.7947019867549668, 0.58675799086758, 0.49411764705882355, 0.44776119402985076, 0.43333333333333335];0.45532435740514077;0.4073891209540817;[[13, 7, 11, 23, 37, 3, 12], [1, 43, 10, 10, 1, 0, 1], [1, 3, 116, 3, 0, 2, 1], [5, 52, 24, 101, 12, 19, 33], [2, 10, 2, 41, 48, 16, 9], [15, 18, 5, 7, 1, 39, 5], [1, 0, 28, 9, 1, 4, 12]];[0.12264150943396226, 0.6515151515151515, 0.9206349206349206, 0.4105691056910569, 0.375, 0.43333333333333335, 0.21818181818181817];70.0;[6, 8, 9, 14, 13, 12, 8]


Cora;own;medoids;0.2;64;0.5;1;0.005;0.4;831763849.0;0.0;0.0;[[]];[];0.15388683236382866;0.1154490283267569;[[37, 55, 46, 82, 3, 18, 4], [2, 8, 14, 115, 1, 11, 0], [4, 72, 138, 57, 6, 3, 12], [24, 59, 331, 86, 10, 31, 31], [11, 21, 110, 32, 13, 28, 83], [78, 29, 15, 67, 10, 1, 8], [8, 36, 16, 54, 1, 2, 8]];[0.1510204081632653, 0.052980132450331126, 0.4726027397260274, 0.15034965034965034, 0.0436241610738255, 0.004807692307692308, 0.064];0.15299877600979192;0.11642624371299072;[[17, 26, 28, 30, 0, 3, 2], [3, 4, 5, 46, 1, 6, 1], [0, 37, 54, 25, 3, 3, 4], [0, 36, 127, 41, 8, 20, 14], [6, 4, 53, 21, 5, 8, 31], [37, 15, 6, 19, 11, 2, 0], [3, 18, 7, 22, 1, 2, 2]];[0.16037735849056603, 0.06060606060606061, 0.42857142857142855, 0.16666666666666666, 0.0390625, 0.022222222222222223, 0.03636363636363636];0.0;[]
Cora;own;medoids;0.2;64;0.5;1;0.005;0.4;831763849.0;0.8571428571428571;0.888888888888889;[[1, 0, 0, 0, 0, 0], [0, 1, 0, 0, 0, 0], [0, 0, 1, 0, 0, 0], [0, 0, 0, 1, 0, 0], [0, 0, 0, 0, 1, 0], [0, 0, 0, 0, 1, 1]];[1.0, 1.0, 1.0, 1.0, 1.0, 0.5];0.2340764331210191;0.19197123928706789;[[98, 4, 2, 0, 2, 67, 95], [17, 30, 5, 0, 3, 48, 95], [11, 11, 25, 0, 0, 55, 140], [24, 17, 7, 0, 7, 242, 85], [15, 52, 7, 0, 3, 117, 88], [13, 5, 1, 0, 1, 81, 132], [20, 9, 3, 0, 0, 43, 204]];[0.3656716417910448, 0.15151515151515152, 0.10330578512396695, 0.0, 0.010638297872340425, 0.34763948497854075, 0.7311827956989247];0.14075887392900857;0.14477496013734112;[[54, 0, 0, 0, 1, 26, 25], [2, 5, 2, 0, 4, 20, 33], [0, 0, 13, 0, 0, 3, 110], [17, 15, 6, 0, 4, 163, 41], [5, 43, 0, 0, 1, 48, 31], [3, 0, 1, 0, 0, 6, 80], [14, 0, 0, 0, 0, 5, 36]];[0.5094339622641509, 0.07575757575757576, 0.10317460317460317, 0.0, 0.0078125, 0.06666666666666667, 0.6545454545454545];7.0;[1, 1, 1, 0, 1, 1, 2]
Cora;own;medoids;0.2;64;0.5;1;0.005;0.4;831763849.0;0.9285714285714286;0.9238095238095239;[[1, 0, 0, 0, 0, 0, 0], [0, 1, 0, 0, 0, 0, 0], [0, 0, 3, 0, 0, 0, 0], [0, 0, 0, 3, 0, 0, 0], [0, 0, 0, 0, 2, 0, 0], [0, 0, 0, 0, 0, 1, 0], [0, 0, 0, 0, 0, 1, 2]];[1.0, 1.0, 1.0, 1.0, 1.0, 1.0, 0.6666666666666666];0.2797016515716569;0.25402652976233175;[[76, 1, 10, 10, 3, 18, 140], [10, 27, 8, 5, 6, 19, 121], [10, 4, 54, 8, 3, 19, 154], [15, 13, 66, 42, 8, 97, 150], [6, 35, 15, 56, 35, 31, 93], [7, 2, 9, 4, 5, 48, 152], [6, 2, 9, 7, 2, 13, 243]];[0.29457364341085274, 0.1377551020408163, 0.21428571428571427, 0.10741687979539642, 0.12915129151291513, 0.21145374449339208, 0.8617021276595744];0.1554467564259486;0.14828527776775266;[[41, 0, 4, 5, 0, 4, 52], [1, 1, 1, 0, 5, 1, 57], [0, 0, 17, 0, 0, 0, 109], [10, 16, 64, 4, 2, 80, 70], [6, 31, 2, 37, 8, 13, 31], [0, 0, 2, 0, 0, 1, 87], [0, 0, 0, 0, 0, 0, 55]];[0.3867924528301887, 0.015151515151515152, 0.1349206349206349, 0.016260162601626018, 0.0625, 0.011111111111111112, 1.0];14.0;[1, 1, 3, 3, 2, 1, 3]
Cora;own;medoids;0.2;64;0.5;1;0.005;0.4;831763849.0;0.9047619047619048;0.8822510822510823;[[2, 0, 0, 0, 1, 0, 0], [0, 2, 0, 0, 0, 0, 0], [0, 0, 3, 0, 0, 0, 0], [0, 0, 0, 4, 0, 0, 0], [0, 0, 0, 0, 5, 0, 0], [0, 0, 0, 0, 0, 1, 0], [0, 0, 0, 0, 0, 1, 2]];[0.6666666666666666, 1.0, 1.0, 1.0, 1.0, 1.0, 0.6666666666666666];0.4;0.3763562479823771;[[111, 18, 2, 13, 57, 3, 49], [16, 77, 5, 23, 43, 8, 39], [14, 24, 45, 22, 26, 2, 104], [32, 86, 14, 154, 39, 22, 43], [17, 44, 6, 57, 132, 14, 32], [12, 14, 2, 22, 58, 36, 66], [10, 6, 5, 18, 29, 6, 193]];[0.43873517786561267, 0.36492890995260663, 0.189873417721519, 0.39487179487179486, 0.4370860927152318, 0.17142857142857143, 0.7228464419475655];0.28151774785801714;0.26071399873019196;[[56, 3, 0, 5, 29, 3, 10], [6, 23, 2, 19, 7, 0, 9], [0, 0, 17, 3, 1, 0, 105], [22, 70, 25, 62, 21, 27, 19], [12, 40, 1, 29, 37, 7, 2], [1, 1, 1, 10, 39, 0, 38], [1, 0, 0, 5, 14, 0, 35]];[0.5283018867924528, 0.3484848484848485, 0.1349206349206349, 0.25203252032520324, 0.2890625, 0.0, 0.6363636363636364];21.0;[3, 2, 3, 4, 5, 1, 3]
Cora;own;medoids;0.2;64;0.5;1;0.005;0.4;831763849.0;0.8928571428571429;0.8822510822510822;[[2, 0, 0, 0, 1, 1, 0], [0, 4, 0, 0, 0, 0, 0], [0, 0, 4, 0, 0, 0, 0], [0, 0, 0, 4, 0, 0, 0], [0, 0, 0, 0, 5, 0, 0], [0, 0, 0, 0, 0, 4, 0], [0, 0, 0, 0, 0, 1, 2]];[0.5, 1.0, 1.0, 1.0, 1.0, 1.0, 0.6666666666666666];0.4745034889962426;0.46126860536397224;[[117, 23, 4, 14, 35, 22, 31], [8, 167, 4, 17, 16, 19, 25], [10, 26, 46, 24, 16, 12, 92], [25, 76, 11, 174, 33, 34, 16], [20, 47, 7, 53, 118, 26, 18], [18, 40, 3, 16, 23, 105, 21], [10, 18, 5, 19, 22, 20, 157]];[0.47560975609756095, 0.65234375, 0.20353982300884957, 0.4715447154471545, 0.4083044982698962, 0.4646017699115044, 0.6254980079681275];0.3733170134638923;0.3586354125318966;[[60, 8, 1, 4, 20, 10, 3], [2, 48, 0, 5, 1, 5, 5], [0, 2, 16, 5, 1, 0, 102], [13, 63, 21, 88, 14, 38, 9], [9, 44, 1, 36, 30, 8, 0], [12, 17, 0, 2, 14, 41, 4], [6, 3, 3, 7, 9, 5, 22]];[0.5660377358490566, 0.7272727272727273, 0.12698412698412698, 0.35772357723577236, 0.234375, 0.45555555555555555, 0.4];28.0;[4, 4, 4, 4, 5, 4, 3]
Cora;own;medoids;0.2;64;0.5;1;0.005;0.4;831763849.0;0.9428571428571428;0.9353741496598639;[[3, 0, 0, 0, 0, 1, 0], [0, 4, 0, 0, 0, 0, 0], [0, 0, 5, 0, 0, 0, 0], [0, 0, 0, 6, 0, 0, 0], [0, 0, 0, 0, 7, 0, 0], [0, 0, 0, 0, 0, 5, 0], [0, 0, 0, 0, 0, 1, 3]];[0.75, 1.0, 1.0, 1.0, 1.0, 1.0, 0.75];0.4827586206896552;0.4796047640439792;[[112, 17, 11, 11, 30, 25, 29], [9, 166, 13, 14, 10, 23, 16], [11, 26, 85, 26, 14, 16, 52], [28, 54, 36, 149, 36, 42, 20], [29, 39, 16, 48, 110, 29, 26], [15, 27, 15, 14, 18, 122, 13], [11, 18, 19, 14, 21, 19, 152]];[0.4765957446808511, 0.6613545816733067, 0.3695652173913043, 0.40821917808219177, 0.37037037037037035, 0.5446428571428571, 0.5984251968503937];0.38555691554467564;0.38604088554297744;[[59, 8, 0, 4, 22, 7, 6], [2, 48, 1, 1, 2, 11, 1], [1, 4, 43, 9, 1, 2, 66], [12, 53, 53, 65, 13, 40, 10], [12, 45, 2, 33, 17, 8, 11], [2, 11, 2, 0, 12, 57, 6], [4, 7, 1, 2, 10, 5, 26]];[0.5566037735849056, 0.7272727272727273, 0.3412698412698413, 0.26422764227642276, 0.1328125, 0.6333333333333333, 0.4727272727272727];35.0;[4, 4, 5, 6, 7, 5, 4]
Cora;own;medoids;0.2;64;0.5;1;0.005;0.4;831763849.0;0.8809523809523809;0.8662288838980567;[[3, 0, 0, 0, 0, 1, 0], [0, 4, 0, 0, 0, 0, 0], [0, 0, 5, 0, 0, 0, 1], [1, 0, 0, 9, 0, 0, 0], [0, 0, 0, 0, 7, 0, 0], [0, 0, 0, 0, 0, 6, 0], [0, 0, 0, 0, 1, 1, 3]];[0.75, 1.0, 0.8333333333333334, 0.9, 1.0, 1.0, 0.6];0.5116279069767442;0.5050670419973503;[[105, 10, 4, 30, 20, 20, 30], [7, 146, 5, 33, 10, 23, 21], [8, 12, 67, 38, 11, 11, 78], [24, 30, 14, 228, 32, 38, 26], [14, 21, 10, 80, 107, 25, 33], [15, 14, 4, 25, 13, 131, 27], [6, 8, 6, 32, 20, 15, 162]];[0.4794520547945205, 0.5959183673469388, 0.29777777777777775, 0.5816326530612245, 0.3689655172413793, 0.5720524017467249, 0.6506024096385542];0.4369645042839657;0.42650576862593353;[[58, 4, 0, 5, 22, 7, 10], [4, 40, 1, 8, 2, 9, 2], [0, 1, 32, 11, 0, 1, 81], [11, 32, 35, 113, 12, 36, 7], [7, 28, 1, 48, 21, 7, 16], [0, 8, 1, 4, 11, 59, 7], [1, 1, 1, 9, 7, 2, 34]];[0.5471698113207547, 0.6060606060606061, 0.25396825396825395, 0.45934959349593496, 0.1640625, 0.6555555555555556, 0.6181818181818182];42.0;[4, 4, 6, 10, 7, 6, 5]
Cora;own;medoids;0.2;64;0.5;1;0.005;0.4;831763849.0;1.0;1.0;[[4, 0, 0, 0, 0, 0, 0], [0, 5, 0, 0, 0, 0, 0], [0, 0, 9, 0, 0, 0, 0], [0, 0, 0, 12, 0, 0, 0], [0, 0, 0, 0, 7, 0, 0], [0, 0, 0, 0, 0, 6, 0], [0, 0, 0, 0, 0, 0, 6]];[1.0, 1.0, 1.0, 1.0, 1.0, 1.0, 1.0];0.5325732899022801;0.5289771238113106;[[88, 19, 12, 35, 14, 10, 25], [7, 153, 8, 33, 9, 16, 17], [7, 22, 109, 36, 6, 8, 68], [17, 43, 15, 241, 29, 30, 18], [10, 22, 21, 77, 106, 22, 25], [12, 18, 8, 30, 7, 132, 16], [3, 15, 10, 43, 5, 13, 152]];[0.43349753694581283, 0.6296296296296297, 0.42578125, 0.6132315521628499, 0.3745583038869258, 0.5919282511210763, 0.6307053941908713];0.397796817625459;0.3913966317845681;[[45, 6, 9, 15, 20, 6, 5], [1, 40, 1, 6, 2, 13, 3], [0, 2, 40, 11, 2, 1, 70], [9, 44, 36, 100, 8, 38, 11], [6, 29, 2, 49, 24, 6, 12], [0, 13, 2, 10, 10, 52, 3], [0, 2, 3, 18, 4, 4, 24]];[0.42452830188679247, 0.6060606060606061, 0.31746031746031744, 0.4065040650406504, 0.1875, 0.5777777777777777, 0.43636363636363634];49.0;[4, 5, 9, 12, 7, 6, 6]
Cora;own;medoids;0.2;64;0.5;1;0.005;0.4;831763849.0;0.9642857142857143;0.9657998233849627;[[6, 0, 0, 0, 0, 0, 0], [0, 5, 0, 0, 0, 0, 0], [0, 0, 9, 0, 0, 0, 0], [0, 1, 0, 13, 0, 0, 0], [0, 0, 0, 0, 7, 0, 0], [0, 0, 0, 0, 0, 6, 0], [0, 0, 1, 0, 0, 0, 8]];[1.0, 1.0, 1.0, 0.9285714285714286, 1.0, 1.0, 0.8888888888888888];0.5416893732970027;0.5356554565562289;[[98, 17, 12, 33, 12, 13, 22], [9, 149, 5, 31, 7, 16, 17], [3, 22, 101, 40, 8, 8, 63], [19, 44, 14, 250, 25, 30, 18], [15, 23, 15, 84, 92, 22, 24], [17, 15, 4, 29, 5, 133, 14], [5, 16, 11, 36, 5, 13, 171]];[0.47342995169082125, 0.6367521367521367, 0.4122448979591837, 0.625, 0.33454545454545453, 0.6129032258064516, 0.6653696498054474];0.3843329253365973;0.3689991929925148;[[46, 6, 8, 15, 19, 6, 6], [2, 39, 1, 4, 2, 15, 3], [0, 5, 37, 9, 2, 1, 72], [10, 47, 30, 105, 6, 39, 9], [7, 32, 2, 51, 13, 7, 16], [2, 17, 2, 10, 10, 46, 3], [1, 4, 3, 13, 1, 5, 28]];[0.4339622641509434, 0.5909090909090909, 0.29365079365079366, 0.4268292682926829, 0.1015625, 0.5111111111111111, 0.509090909090909];56.0;[6, 5, 9, 14, 7, 6, 9]
Cora;own;medoids;0.2;64;0.5;1;0.005;0.4;831763849.0;0.8888888888888888;0.8850660865160859;[[7, 1, 0, 0, 1, 0, 0], [0, 5, 0, 0, 0, 0, 0], [0, 0, 9, 0, 0, 0, 1], [0, 0, 0, 14, 0, 0, 0], [0, 0, 0, 1, 7, 1, 0], [0, 0, 0, 0, 0, 6, 0], [0, 0, 2, 0, 0, 0, 8]];[0.7777777777777778, 1.0, 0.9, 1.0, 0.7777777777777778, 1.0, 0.8];0.5344638949671773;0.5270315487278528;[[99, 19, 12, 41, 13, 10, 24], [8, 141, 5, 34, 5, 16, 19], [5, 20, 101, 46, 10, 9, 62], [21, 37, 11, 267, 17, 28, 17], [17, 18, 9, 102, 84, 20, 25], [14, 15, 5, 34, 4, 118, 14], [5, 12, 9, 43, 5, 11, 167]];[0.4541284403669725, 0.618421052631579, 0.39920948616600793, 0.6708542713567839, 0.3054545454545455, 0.5784313725490197, 0.6626984126984127];0.390452876376989;0.3677693293060656;[[51, 3, 8, 19, 15, 5, 5], [4, 38, 1, 6, 1, 14, 2], [0, 5, 36, 11, 2, 1, 71], [12, 36, 26, 118, 7, 34, 13], [5, 23, 3, 68, 8, 5, 16], [2, 17, 2, 11, 10, 44, 4], [3, 1, 3, 17, 1, 6, 24]];[0.4811320754716981, 0.5757575757575758, 0.2857142857142857, 0.4796747967479675, 0.0625, 0.4888888888888889, 0.43636363636363634];63.0;[9, 5, 10, 14, 9, 6, 10]
Cora;own;medoids;0.2;64;0.5;1;0.005;0.4;831763849.0;0.9285714285714286;0.9326342517131991;[[10, 0, 0, 0, 0, 0, 0], [0, 5, 0, 0, 0, 0, 0], [0, 0, 11, 0, 0, 0, 0], [0, 0, 0, 15, 0, 0, 1], [0, 0, 1, 1, 8, 1, 0], [0, 0, 0, 0, 0, 6, 0], [0, 0, 1, 0, 0, 0, 10]];[1.0, 1.0, 1.0, 0.9375, 0.7272727272727273, 1.0, 0.9090909090909091];0.5518945634266886;0.5453985406381301;[[115, 14, 15, 26, 13, 9, 22], [11, 145, 4, 28, 8, 12, 19], [11, 18, 107, 32, 10, 5, 60], [24, 32, 15, 255, 24, 26, 27], [19, 19, 18, 92, 95, 20, 29], [16, 18, 5, 26, 6, 105, 20], [8, 11, 4, 25, 7, 8, 183]];[0.5373831775700935, 0.6387665198237885, 0.4403292181069959, 0.6327543424317618, 0.3253424657534247, 0.5357142857142857, 0.7439024390243902];0.41003671970624234;0.39906324892451656;[[59, 4, 9, 11, 13, 5, 5], [1, 40, 2, 7, 4, 10, 2], [1, 4, 39, 8, 9, 0, 65], [14, 35, 34, 107, 9, 34, 13], [7, 20, 2, 59, 17, 7, 16], [2, 17, 2, 10, 11, 43, 5], [9, 1, 2, 11, 2, 0, 30]];[0.5566037735849056, 0.6060606060606061, 0.30952380952380953, 0.4349593495934959, 0.1328125, 0.4777777777777778, 0.5454545454545454];70.0;[10, 5, 11, 16, 11, 6, 11]


Cora;own;medoids;0.2;64;0.5;1;0.005;0.4;615395017.0;0.0;0.0;[[]];[];0.1115811739820201;0.10817437033030612;[[28, 101, 61, 30, 20, 0, 5], [22, 101, 6, 5, 13, 1, 3], [8, 10, 23, 7, 237, 0, 7], [82, 75, 311, 18, 36, 13, 37], [46, 67, 102, 12, 30, 2, 39], [48, 37, 74, 7, 26, 2, 14], [12, 22, 21, 42, 19, 0, 9]];[0.11428571428571428, 0.6688741721854304, 0.07876712328767123, 0.03146853146853147, 0.10067114093959731, 0.009615384615384616, 0.072];0.1211750305997552;0.1098138940513088;[[9, 51, 24, 12, 8, 0, 2], [10, 45, 4, 2, 3, 1, 1], [0, 7, 8, 4, 104, 0, 3], [33, 44, 122, 12, 17, 6, 12], [23, 31, 35, 4, 21, 1, 13], [9, 22, 34, 9, 7, 2, 7], [5, 4, 11, 19, 14, 0, 2]];[0.08490566037735849, 0.6818181818181818, 0.06349206349206349, 0.04878048780487805, 0.1640625, 0.022222222222222223, 0.03636363636363636];0.0;[]
Cora;own;medoids;0.2;64;0.5;1;0.005;0.4;615395017.0;1.0;1.0;[[1, 0, 0, 0, 0], [0, 1, 0, 0, 0], [0, 0, 3, 0, 0], [0, 0, 0, 1, 0], [0, 0, 0, 0, 1]];[1.0, 1.0, 1.0, 1.0, 1.0];0.2197452229299363;0.14165767163280943;[[85, 0, 0, 0, 85, 1, 96], [96, 0, 0, 0, 54, 0, 32], [158, 0, 0, 0, 65, 1, 30], [83, 0, 0, 0, 277, 3, 69], [34, 0, 0, 0, 220, 1, 47], [69, 0, 0, 0, 64, 16, 98], [47, 0, 0, 0, 59, 1, 93]];[0.31835205992509363, 0.0, 0.0, 0.0, 0.7284768211920529, 0.06477732793522267, 0.465];0.23011015911872704;0.17168535009854777;[[17, 0, 0, 0, 31, 0, 58], [55, 0, 0, 0, 10, 0, 1], [106, 0, 0, 0, 17, 0, 3], [42, 0, 0, 0, 173, 0, 31], [3, 0, 0, 1, 114, 0, 10], [16, 0, 0, 0, 4, 17, 53], [5, 0, 0, 0, 10, 0, 40]];[0.16037735849056603, 0.0, 0.0, 0.0, 0.890625, 0.18888888888888888, 0.7272727272727273];7.0;[1, 0, 0, 1, 3, 1, 1]
Cora;own;medoids;0.2;64;0.5;1;0.005;0.4;615395017.0;0.9285714285714286;0.9259259259259259;[[1, 0, 0, 0, 0, 0], [0, 1, 0, 0, 0, 0], [0, 0, 4, 0, 1, 0], [0, 0, 0, 3, 0, 0], [0, 0, 0, 0, 1, 0], [0, 0, 0, 0, 0, 3]];[1.0, 1.0, 0.8, 1.0, 1.0, 1.0];0.29461907298881196;0.2304660302317574;[[33, 36, 0, 55, 96, 0, 40], [14, 121, 0, 74, 46, 0, 15], [26, 79, 0, 18, 56, 3, 12], [18, 47, 0, 102, 229, 2, 52], [4, 14, 0, 29, 224, 0, 19], [5, 25, 0, 89, 64, 9, 33], [9, 21, 0, 45, 49, 0, 64]];[0.12692307692307692, 0.44814814814814813, 0.0, 0.22666666666666666, 0.7724137931034483, 0.04, 0.3404255319148936];0.2533659730722154;0.20018904439649415;[[4, 12, 0, 35, 30, 0, 25], [7, 5, 0, 48, 5, 0, 1], [26, 93, 0, 1, 6, 0, 0], [5, 23, 0, 36, 145, 0, 37], [0, 1, 0, 6, 118, 1, 2], [0, 7, 0, 59, 4, 9, 11], [0, 5, 0, 10, 5, 0, 35]];[0.03773584905660377, 0.07575757575757576, 0.0, 0.14634146341463414, 0.921875, 0.1, 0.6363636363636364];14.0;[1, 1, 0, 5, 3, 1, 3]
Cora;own;medoids;0.2;64;0.5;1;0.005;0.4;615395017.0;0.9523809523809523;0.9604395604395604;[[2, 0, 0, 0, 0, 0, 0], [0, 3, 0, 0, 0, 0, 0], [0, 0, 1, 0, 0, 0, 0], [1, 0, 0, 6, 0, 0, 0], [0, 0, 0, 0, 4, 0, 0], [0, 0, 0, 0, 0, 1, 0], [0, 0, 0, 0, 0, 0, 3]];[1.0, 1.0, 1.0, 0.8571428571428571, 1.0, 1.0, 1.0];0.332620320855615;0.27721207506715406;[[65, 77, 1, 90, 23, 0, 16], [11, 208, 1, 26, 16, 0, 6], [33, 102, 10, 25, 18, 0, 7], [71, 140, 4, 142, 62, 0, 20], [15, 60, 2, 63, 145, 0, 8], [11, 69, 0, 101, 21, 7, 13], [10, 59, 0, 52, 15, 0, 45]];[0.23897058823529413, 0.7761194029850746, 0.05128205128205128, 0.3234624145785877, 0.4948805460750853, 0.03153153153153153, 0.24861878453038674];0.26438188494492043;0.2525000712775013;[[6, 38, 0, 49, 7, 0, 6], [3, 61, 0, 2, 0, 0, 0], [24, 92, 7, 1, 2, 0, 0], [58, 96, 0, 45, 33, 0, 14], [4, 16, 0, 37, 70, 0, 1], [0, 13, 0, 63, 1, 5, 8], [0, 13, 0, 19, 1, 0, 22]];[0.05660377358490566, 0.9242424242424242, 0.05555555555555555, 0.18292682926829268, 0.546875, 0.05555555555555555, 0.4];21.0;[2, 3, 1, 7, 4, 1, 3]
Cora;own;medoids;0.2;64;0.5;1;0.005;0.4;615395017.0;0.8928571428571429;0.9162191192266381;[[2, 0, 0, 1, 0, 0, 0], [0, 3, 0, 0, 0, 0, 0], [0, 0, 1, 0, 0, 0, 0], [2, 0, 0, 8, 0, 0, 0], [0, 0, 0, 0, 5, 0, 0], [0, 0, 0, 0, 0, 1, 0], [0, 0, 0, 0, 0, 0, 5]];[0.6666666666666666, 1.0, 1.0, 0.8, 1.0, 1.0, 1.0];0.3843263553408481;0.31740992365311776;[[52, 35, 1, 37, 42, 0, 93], [9, 186, 3, 11, 27, 0, 24], [24, 77, 19, 13, 35, 0, 20], [28, 59, 4, 118, 156, 0, 57], [5, 32, 1, 26, 241, 0, 38], [5, 37, 0, 61, 39, 8, 57], [7, 30, 0, 21, 33, 0, 92]];[0.2, 0.7153846153846154, 0.10106382978723404, 0.2796208530805687, 0.7026239067055393, 0.03864734299516908, 0.5027322404371585];0.32558139534883723;0.2757299856343065;[[4, 16, 0, 12, 16, 0, 58], [1, 60, 0, 1, 4, 0, 0], [23, 82, 10, 0, 6, 0, 5], [25, 42, 0, 38, 111, 0, 30], [2, 2, 0, 15, 99, 0, 10], [0, 12, 0, 44, 2, 7, 25], [0, 5, 0, 1, 1, 0, 48]];[0.03773584905660377, 0.9090909090909091, 0.07936507936507936, 0.15447154471544716, 0.7734375, 0.07777777777777778, 0.8727272727272727];28.0;[3, 3, 1, 10, 5, 1, 5]
Cora;own;medoids;0.2;64;0.5;1;0.005;0.4;615395017.0;0.9714285714285714;0.9738775510204081;[[3, 0, 0, 0, 0, 0, 0], [0, 3, 0, 0, 0, 0, 0], [0, 0, 1, 0, 0, 0, 0], [1, 0, 0, 12, 0, 0, 0], [0, 0, 0, 0, 7, 0, 0], [0, 0, 0, 0, 0, 2, 0], [0, 0, 0, 0, 0, 0, 6]];[1.0, 1.0, 1.0, 0.9230769230769231, 1.0, 1.0, 1.0];0.41864224137931033;0.3721509389418452;[[60, 29, 2, 50, 66, 2, 24], [9, 132, 2, 16, 60, 2, 11], [20, 73, 17, 24, 39, 3, 10], [42, 48, 2, 144, 168, 12, 16], [11, 16, 2, 46, 302, 5, 7], [4, 19, 0, 52, 55, 48, 26], [8, 19, 0, 33, 43, 3, 74]];[0.2575107296137339, 0.5689655172413793, 0.0913978494623656, 0.3333333333333333, 0.7763496143958869, 0.23529411764705882, 0.4111111111111111];0.3084455324357405;0.3013652839488162;[[14, 14, 0, 26, 35, 0, 17], [3, 9, 0, 1, 53, 0, 0], [23, 82, 10, 1, 9, 1, 0], [29, 39, 0, 54, 111, 2, 11], [1, 1, 0, 21, 102, 1, 2], [0, 9, 0, 35, 6, 30, 10], [0, 1, 0, 10, 11, 0, 33]];[0.1320754716981132, 0.13636363636363635, 0.07936507936507936, 0.21951219512195122, 0.796875, 0.3333333333333333, 0.6];35.0;[3, 3, 1, 13, 7, 2, 6]
Cora;own;medoids;0.2;64;0.5;1;0.005;0.4;615395017.0;1.0;1.0;[[3, 0, 0, 0, 0, 0, 0], [0, 4, 0, 0, 0, 0, 0], [0, 0, 2, 0, 0, 0, 0], [0, 0, 0, 14, 0, 0, 0], [0, 0, 0, 0, 7, 0, 0], [0, 0, 0, 0, 0, 5, 0], [0, 0, 0, 0, 0, 0, 7]];[1.0, 1.0, 1.0, 1.0, 1.0, 1.0, 1.0];0.4916170903190914;0.45025184749194136;[[48, 18, 1, 37, 38, 9, 68], [4, 135, 5, 20, 37, 4, 14], [15, 55, 35, 17, 28, 16, 19], [13, 44, 6, 227, 92, 16, 47], [5, 15, 1, 38, 265, 13, 33], [1, 18, 1, 30, 43, 88, 41], [3, 16, 0, 19, 28, 12, 111]];[0.2191780821917808, 0.6164383561643836, 0.1891891891891892, 0.5101123595505618, 0.7162162162162162, 0.3963963963963964, 0.5873015873015873];0.42962056303549573;0.40259322338811215;[[13, 8, 0, 20, 21, 1, 43], [2, 14, 0, 6, 42, 2, 0], [16, 63, 28, 2, 6, 9, 2], [9, 40, 1, 106, 68, 3, 19], [0, 3, 0, 24, 90, 5, 6], [0, 2, 0, 16, 4, 48, 20], [0, 1, 0, 1, 0, 1, 52]];[0.12264150943396226, 0.21212121212121213, 0.2222222222222222, 0.43089430894308944, 0.703125, 0.5333333333333333, 0.9454545454545454];42.0;[3, 4, 2, 14, 7, 5, 7]
Cora;own;medoids;0.2;64;0.5;1;0.005;0.4;615395017.0;0.9183673469387755;0.9034013605442176;[[4, 1, 0, 0, 0, 1, 0], [0, 4, 0, 0, 1, 0, 0], [0, 0, 3, 0, 0, 0, 0], [0, 0, 0, 14, 0, 0, 0], [0, 0, 0, 0, 7, 0, 0], [0, 0, 0, 0, 0, 6, 1], [0, 0, 0, 0, 0, 0, 7]];[0.6666666666666666, 0.8, 1.0, 1.0, 1.0, 0.8571428571428571, 1.0];0.4837133550488599;0.44570085381113944;[[56, 41, 2, 26, 40, 16, 62], [4, 135, 5, 18, 41, 6, 15], [14, 59, 36, 14, 25, 12, 18], [14, 50, 9, 210, 94, 15, 42], [8, 21, 2, 30, 264, 7, 32], [1, 22, 1, 27, 46, 81, 38], [4, 19, 0, 15, 26, 10, 109]];[0.23045267489711935, 0.6026785714285714, 0.20224719101123595, 0.4838709677419355, 0.7252747252747253, 0.375, 0.5956284153005464];0.4149326805385557;0.3958225094996174;[[15, 13, 0, 10, 22, 1, 45], [3, 16, 1, 3, 40, 3, 0], [17, 65, 28, 0, 5, 10, 1], [15, 47, 2, 93, 68, 2, 19], [1, 5, 1, 19, 92, 2, 8], [0, 4, 0, 16, 4, 45, 21], [0, 1, 1, 2, 1, 0, 50]];[0.14150943396226415, 0.24242424242424243, 0.2222222222222222, 0.3780487804878049, 0.71875, 0.5, 0.9090909090909091];49.0;[6, 5, 3, 14, 7, 7, 7]
Cora;own;medoids;0.2;64;0.5;1;0.005;0.4;615395017.0;0.9464285714285714;0.9427552839317545;[[5, 0, 0, 0, 0, 1, 0], [0, 7, 0, 0, 0, 0, 0], [0, 0, 4, 0, 0, 0, 0], [0, 0, 0, 16, 0, 0, 0], [0, 0, 0, 0, 7, 0, 0], [0, 1, 0, 0, 0, 7, 1], [0, 0, 0, 0, 0, 0, 7]];[0.8333333333333334, 1.0, 1.0, 1.0, 1.0, 0.7777777777777778, 1.0];0.5073569482288829;0.4746837352405387;[[66, 22, 3, 52, 35, 11, 45], [3, 138, 6, 26, 33, 9, 9], [16, 50, 41, 18, 22, 14, 15], [12, 34, 8, 256, 72, 20, 33], [9, 16, 1, 58, 236, 12, 27], [2, 16, 3, 44, 36, 95, 30], [5, 16, 1, 25, 20, 15, 99]];[0.28205128205128205, 0.6160714285714286, 0.23295454545454544, 0.5885057471264368, 0.6573816155988857, 0.42035398230088494, 0.5469613259668509];0.4357405140758874;0.41525928466868567;[[16, 8, 3, 23, 21, 3, 32], [3, 26, 1, 1, 33, 2, 0], [18, 54, 31, 2, 6, 15, 0], [13, 40, 1, 111, 58, 3, 20], [2, 5, 5, 28, 80, 5, 3], [0, 4, 1, 19, 4, 48, 14], [0, 0, 2, 4, 1, 4, 44]];[0.1509433962264151, 0.3939393939393939, 0.24603174603174602, 0.45121951219512196, 0.625, 0.5333333333333333, 0.8];56.0;[6, 7, 4, 16, 7, 9, 7]
Cora;own;medoids;0.2;64;0.5;1;0.005;0.4;615395017.0;0.9206349206349206;0.9198997081350022;[[6, 0, 0, 0, 0, 1, 0], [0, 7, 0, 0, 0, 0, 0], [0, 0, 5, 0, 0, 0, 0], [0, 0, 0, 16, 0, 1, 0], [0, 0, 0, 0, 7, 0, 1], [0, 0, 0, 0, 0, 10, 0], [0, 0, 1, 1, 0, 0, 7]];[0.8571428571428571, 1.0, 1.0, 0.9411764705882353, 0.875, 1.0, 0.7777777777777778];0.49835886214442016;0.47795706543350575;[[80, 14, 3, 37, 44, 19, 35], [6, 137, 6, 22, 28, 16, 8], [18, 41, 44, 17, 14, 23, 17], [17, 29, 10, 234, 69, 33, 27], [10, 14, 5, 56, 202, 39, 36], [4, 13, 3, 40, 28, 119, 25], [5, 12, 2, 29, 28, 15, 95]];[0.3448275862068966, 0.6143497757847534, 0.25287356321839083, 0.5584725536992841, 0.5580110497237569, 0.5129310344827587, 0.510752688172043];0.40269277845777235;0.3839120165583007;[[20, 8, 1, 20, 25, 4, 28], [3, 27, 1, 2, 31, 2, 0], [20, 52, 29, 1, 6, 16, 2], [15, 33, 4, 113, 46, 15, 20], [1, 5, 1, 35, 51, 33, 2], [0, 5, 3, 16, 6, 49, 11], [0, 0, 4, 3, 2, 6, 40]];[0.18867924528301888, 0.4090909090909091, 0.23015873015873015, 0.45934959349593496, 0.3984375, 0.5444444444444444, 0.7272727272727273];63.0;[7, 7, 5, 17, 8, 10, 9]
Cora;own;medoids;0.2;64;0.5;1;0.005;0.4;615395017.0;0.8857142857142857;0.8834355560405981;[[6, 0, 0, 0, 1, 1, 0], [0, 8, 0, 0, 0, 0, 0], [0, 0, 5, 0, 0, 0, 0], [0, 0, 0, 16, 0, 1, 0], [1, 0, 0, 0, 7, 0, 1], [0, 0, 0, 1, 0, 11, 0], [0, 0, 1, 1, 0, 0, 9]];[0.75, 1.0, 1.0, 0.9411764705882353, 0.7777777777777778, 0.9166666666666666, 0.8181818181818182];0.5035694673256452;0.4809948479488317;[[77, 12, 3, 33, 49, 19, 39], [4, 139, 5, 21, 28, 15, 9], [16, 46, 42, 16, 13, 22, 18], [15, 34, 8, 230, 70, 30, 31], [10, 14, 5, 43, 209, 40, 32], [4, 14, 3, 33, 31, 115, 30], [4, 12, 1, 31, 28, 13, 105]];[0.33189655172413796, 0.6289592760180995, 0.24277456647398843, 0.5502392344497608, 0.5920679886685553, 0.5, 0.5412371134020618];0.3990208078335373;0.3776476314265733;[[17, 10, 1, 18, 27, 4, 29], [4, 29, 2, 2, 27, 2, 0], [20, 54, 25, 2, 8, 14, 3], [15, 38, 4, 107, 47, 13, 22], [1, 5, 1, 27, 61, 31, 2], [0, 5, 3, 18, 5, 45, 14], [0, 0, 2, 5, 2, 4, 42]];[0.16037735849056603, 0.4393939393939394, 0.1984126984126984, 0.4349593495934959, 0.4765625, 0.5, 0.7636363636363637];70.0;[8, 8, 5, 17, 9, 12, 11]


Cora;own;medoids;0.2;64;0.5;1;0.005;0.4;2140929057.0;0.0;0.0;[[]];[];0.1406663141195135;0.11742837130771708;[[12, 80, 84, 35, 1, 33, 0], [5, 117, 4, 13, 0, 11, 1], [8, 16, 24, 235, 2, 7, 0], [21, 103, 49, 98, 10, 286, 5], [32, 56, 29, 121, 3, 52, 5], [18, 47, 86, 16, 28, 8, 5], [11, 11, 86, 6, 3, 4, 4]];[0.04897959183673469, 0.7748344370860927, 0.0821917808219178, 0.17132867132867133, 0.010067114093959731, 0.038461538461538464, 0.032];0.1554467564259486;0.12446927318572676;[[7, 35, 34, 10, 3, 17, 0], [1, 49, 5, 9, 0, 2, 0], [4, 7, 12, 94, 2, 6, 1], [11, 42, 16, 57, 3, 114, 3], [15, 15, 14, 53, 1, 26, 4], [11, 15, 42, 4, 17, 0, 1], [9, 6, 36, 0, 1, 2, 1]];[0.0660377358490566, 0.7424242424242424, 0.09523809523809523, 0.23170731707317074, 0.0078125, 0.0, 0.01818181818181818];0.0;[]
Cora;own;medoids;0.2;64;0.5;1;0.005;0.4;2140929057.0;1.0;1.0;[[1, 0, 0, 0], [0, 2, 0, 0], [0, 0, 3, 0], [0, 0, 0, 1]];[1.0, 1.0, 1.0, 1.0];0.1932059447983015;0.14052224059799576;[[179, 13, 1, 8, 46, 0, 14], [99, 16, 3, 10, 28, 0, 23], [81, 22, 1, 61, 26, 0, 94], [170, 52, 7, 44, 136, 2, 18], [147, 14, 1, 11, 88, 1, 20], [157, 18, 1, 23, 31, 0, 14], [122, 16, 0, 9, 21, 0, 36]];[0.685823754789272, 0.0893854748603352, 0.0035087719298245615, 0.10256410256410256, 0.3120567375886525, 0.0, 0.17647058823529413];0.20930232558139536;0.13912871245795946;[[88, 3, 0, 3, 7, 0, 5], [43, 5, 0, 0, 1, 0, 17], [4, 15, 0, 41, 0, 0, 66], [74, 28, 5, 27, 100, 5, 7], [80, 1, 0, 0, 46, 1, 0], [69, 4, 2, 4, 7, 0, 4], [40, 9, 0, 0, 1, 0, 5]];[0.8301886792452831, 0.07575757575757576, 0.0, 0.10975609756097561, 0.359375, 0.0, 0.09090909090909091];7.0;[1, 0, 0, 2, 3, 0, 1]
Cora;own;medoids;0.2;64;0.5;1;0.005;0.4;2140929057.0;0.9285714285714286;0.9510204081632653;[[1, 0, 0, 0, 0, 0, 0], [0, 2, 0, 0, 0, 0, 0], [0, 0, 1, 0, 0, 0, 0], [0, 0, 0, 2, 0, 0, 0], [0, 0, 0, 0, 3, 0, 0], [0, 0, 0, 0, 1, 2, 0], [0, 0, 0, 0, 0, 0, 2]];[1.0, 1.0, 1.0, 1.0, 1.0, 0.6666666666666666, 1.0];0.3015450186467768;0.25818722958573764;[[37, 38, 41, 0, 14, 106, 2], [11, 121, 33, 1, 4, 36, 1], [11, 33, 79, 6, 11, 98, 12], [19, 42, 174, 17, 21, 98, 4], [58, 25, 43, 1, 51, 71, 5], [15, 67, 23, 3, 9, 242, 9], [30, 30, 36, 1, 4, 65, 19]];[0.15546218487394958, 0.5845410628019324, 0.316, 0.04533333333333334, 0.20078740157480315, 0.657608695652174, 0.10270270270270271];0.19828641370869032;0.199374839573328;[[13, 19, 11, 0, 6, 54, 3], [1, 56, 1, 0, 1, 5, 2], [0, 17, 3, 3, 0, 82, 21], [6, 16, 131, 7, 27, 57, 2], [42, 3, 17, 0, 33, 33, 0], [0, 41, 3, 1, 0, 45, 0], [10, 8, 3, 1, 1, 27, 5]];[0.12264150943396226, 0.8484848484848485, 0.023809523809523808, 0.028455284552845527, 0.2578125, 0.5, 0.09090909090909091];14.0;[1, 2, 1, 2, 3, 3, 2]
Cora;own;medoids;0.2;64;0.5;1;0.005;0.4;2140929057.0;0.9047619047619048;0.8956916099773241;[[1, 0, 0, 0, 0, 0, 1], [0, 2, 0, 0, 0, 0, 0], [0, 0, 2, 0, 0, 0, 0], [0, 0, 0, 4, 0, 0, 0], [0, 0, 0, 0, 4, 0, 0], [0, 0, 0, 0, 1, 3, 0], [0, 0, 0, 0, 0, 0, 3]];[0.5, 1.0, 1.0, 1.0, 1.0, 0.75, 1.0];0.3449197860962567;0.31945798180243495;[[20, 11, 50, 9, 11, 104, 12], [6, 103, 26, 8, 3, 47, 4], [5, 12, 99, 16, 7, 103, 15], [3, 26, 111, 42, 13, 102, 63], [32, 21, 47, 8, 52, 72, 12], [4, 20, 27, 60, 4, 256, 8], [6, 12, 28, 14, 5, 78, 73]];[0.09216589861751152, 0.5228426395939086, 0.3852140077821012, 0.11666666666666667, 0.21311475409836064, 0.6754617414248021, 0.33796296296296297];0.1701346389228886;0.19530509417312072;[[2, 4, 37, 5, 0, 55, 3], [1, 54, 2, 0, 1, 8, 0], [0, 11, 4, 3, 0, 91, 17], [1, 9, 72, 8, 22, 71, 63], [26, 6, 25, 2, 26, 39, 4], [0, 13, 1, 43, 0, 33, 0], [0, 3, 1, 3, 0, 36, 12]];[0.018867924528301886, 0.8181818181818182, 0.031746031746031744, 0.032520325203252036, 0.203125, 0.36666666666666664, 0.21818181818181817];21.0;[2, 2, 2, 4, 4, 4, 3]
Cora;own;medoids;0.2;64;0.5;1;0.005;0.4;2140929057.0;0.8214285714285714;0.7989177489177489;[[1, 0, 0, 1, 0, 0, 1], [0, 3, 0, 0, 0, 0, 0], [0, 0, 2, 0, 0, 0, 0], [0, 0, 1, 4, 0, 0, 0], [0, 0, 0, 0, 5, 1, 0], [0, 0, 0, 0, 1, 3, 0], [0, 0, 0, 0, 0, 0, 5]];[0.3333333333333333, 1.0, 1.0, 0.8, 0.8333333333333334, 0.75, 1.0];0.3526570048309179;0.33245655517610345;[[23, 11, 62, 11, 12, 100, 9], [5, 113, 30, 8, 3, 42, 4], [7, 9, 101, 14, 7, 98, 12], [3, 23, 124, 47, 16, 90, 52], [38, 20, 53, 9, 52, 63, 7], [5, 22, 32, 52, 6, 243, 6], [8, 15, 29, 13, 5, 71, 78]];[0.10087719298245613, 0.551219512195122, 0.40725806451612906, 0.1323943661971831, 0.21487603305785125, 0.6639344262295082, 0.3561643835616438];0.1762545899632803;0.20078096231596904;[[2, 4, 42, 4, 0, 52, 2], [1, 54, 3, 0, 1, 7, 0], [0, 15, 4, 3, 0, 87, 17], [3, 7, 82, 10, 23, 61, 60], [30, 6, 30, 1, 29, 30, 2], [0, 15, 1, 41, 0, 33, 0], [0, 3, 2, 2, 0, 36, 12]];[0.018867924528301886, 0.8181818181818182, 0.031746031746031744, 0.04065040650406504, 0.2265625, 0.36666666666666664, 0.21818181818181817];28.0;[3, 3, 2, 5, 6, 4, 5]
Cora;own;medoids;0.2;64;0.5;1;0.005;0.4;2140929057.0;0.9142857142857143;0.9147392290249433;[[4, 0, 0, 0, 1, 0, 0], [0, 4, 0, 0, 0, 0, 0], [1, 0, 3, 0, 0, 0, 0], [0, 0, 0, 5, 0, 0, 0], [0, 0, 0, 0, 8, 0, 0], [0, 0, 0, 0, 1, 3, 0], [0, 0, 0, 0, 0, 0, 5]];[0.8, 1.0, 0.75, 1.0, 1.0, 0.75, 1.0];0.3771551724137931;0.3694659919011804;[[41, 12, 68, 11, 17, 81, 7], [6, 112, 37, 8, 2, 33, 3], [13, 16, 118, 10, 13, 90, 9], [10, 26, 131, 46, 13, 67, 47], [36, 16, 47, 6, 84, 40, 11], [13, 22, 36, 53, 4, 224, 5], [4, 15, 32, 15, 7, 64, 75]];[0.1729957805907173, 0.5572139303482587, 0.43866171003717475, 0.13529411764705881, 0.35, 0.6274509803921569, 0.35377358490566035];0.20195838433292534;0.2295597420844894;[[2, 3, 41, 5, 2, 51, 2], [2, 54, 3, 1, 1, 5, 0], [3, 16, 5, 4, 0, 84, 14], [10, 6, 94, 11, 22, 39, 64], [25, 3, 27, 2, 57, 11, 3], [3, 17, 2, 41, 1, 25, 1], [1, 3, 3, 2, 0, 35, 11]];[0.018867924528301886, 0.8181818181818182, 0.03968253968253968, 0.044715447154471545, 0.4453125, 0.2777777777777778, 0.2];35.0;[5, 4, 4, 5, 8, 4, 5]
Cora;own;medoids;0.2;64;0.5;1;0.005;0.4;2140929057.0;0.7619047619047619;0.7550770866560341;[[4, 0, 0, 0, 1, 1, 1], [0, 4, 0, 0, 0, 0, 0], [1, 0, 3, 0, 1, 0, 0], [0, 0, 1, 5, 0, 0, 0], [0, 0, 0, 0, 8, 0, 0], [0, 1, 1, 1, 1, 3, 0], [0, 0, 0, 0, 0, 0, 5]];[0.5714285714285714, 1.0, 0.6, 0.8333333333333334, 1.0, 0.42857142857142855, 1.0];0.3802055164954029;0.37074015214492295;[[50, 14, 63, 7, 17, 89, 9], [10, 107, 30, 7, 2, 36, 2], [16, 9, 115, 5, 12, 99, 6], [18, 23, 132, 36, 17, 75, 40], [38, 17, 42, 4, 84, 41, 9], [20, 31, 31, 40, 4, 239, 3], [7, 14, 32, 9, 8, 58, 72]];[0.20080321285140562, 0.5515463917525774, 0.4389312977099237, 0.10557184750733138, 0.3574468085106383, 0.6494565217391305, 0.36];0.21297429620563035;0.23628887245369076;[[3, 3, 40, 4, 3, 51, 2], [3, 53, 3, 1, 1, 5, 0], [4, 16, 5, 1, 0, 92, 8], [13, 6, 84, 11, 21, 48, 63], [29, 1, 29, 1, 55, 10, 3], [6, 16, 2, 28, 1, 37, 0], [3, 5, 2, 2, 0, 33, 10]];[0.02830188679245283, 0.803030303030303, 0.03968253968253968, 0.044715447154471545, 0.4296875, 0.4111111111111111, 0.18181818181818182];42.0;[7, 4, 5, 6, 8, 7, 5]
Cora;own;medoids;0.2;64;0.5;1;0.005;0.4;2140929057.0;0.9183673469387755;0.9045323871175265;[[8, 0, 0, 0, 0, 0, 0], [0, 5, 0, 0, 0, 0, 0], [0, 0, 3, 0, 1, 1, 0], [0, 0, 0, 8, 0, 0, 1], [0, 0, 0, 0, 9, 0, 0], [0, 1, 0, 0, 0, 7, 0], [0, 0, 0, 0, 0, 0, 5]];[1.0, 1.0, 0.6, 0.8888888888888888, 1.0, 0.875, 1.0];0.44516829533116176;0.4365623616425908;[[98, 18, 36, 7, 12, 63, 3], [14, 124, 24, 8, 2, 30, 0], [17, 22, 107, 10, 8, 88, 6], [33, 29, 91, 92, 15, 63, 26], [36, 22, 33, 9, 84, 45, 6], [34, 29, 18, 20, 9, 252, 4], [24, 15, 23, 17, 4, 49, 63]];[0.41350210970464135, 0.6138613861386139, 0.41472868217054265, 0.2636103151862464, 0.3574468085106383, 0.6885245901639344, 0.3230769230769231];0.2937576499388005;0.2936887873561664;[[19, 5, 30, 6, 7, 37, 2], [2, 59, 1, 2, 1, 1, 0], [7, 16, 3, 3, 0, 85, 12], [16, 10, 70, 49, 18, 37, 46], [28, 4, 26, 9, 50, 9, 2], [15, 13, 2, 2, 1, 56, 1], [14, 5, 1, 3, 0, 28, 4]];[0.1792452830188679, 0.8939393939393939, 0.023809523809523808, 0.1991869918699187, 0.390625, 0.6222222222222222, 0.07272727272727272];49.0;[8, 5, 5, 9, 9, 8, 5]
Cora;own;medoids;0.2;64;0.5;1;0.005;0.4;2140929057.0;0.9107142857142857;0.8953555071567493;[[8, 0, 0, 0, 0, 0, 0], [0, 5, 0, 0, 0, 0, 0], [0, 1, 4, 0, 1, 1, 0], [0, 0, 0, 11, 0, 0, 0], [0, 0, 0, 0, 10, 0, 0], [0, 1, 0, 0, 0, 8, 0], [0, 0, 0, 1, 0, 0, 5]];[1.0, 1.0, 0.5714285714285714, 1.0, 1.0, 0.8888888888888888, 0.8333333333333334];0.4544959128065395;0.44374659373470926;[[86, 19, 31, 18, 11, 62, 4], [9, 122, 25, 10, 2, 31, 0], [6, 25, 112, 11, 8, 94, 7], [21, 31, 87, 107, 14, 71, 20], [27, 24, 37, 11, 83, 44, 6], [21, 30, 20, 23, 6, 263, 4], [22, 16, 21, 22, 5, 45, 61]];[0.3722943722943723, 0.6130653266331658, 0.42585551330798477, 0.30484330484330485, 0.3577586206896552, 0.7166212534059946, 0.3177083333333333];0.29498164014687883;0.2838100808842555;[[13, 6, 30, 12, 5, 38, 2], [2, 58, 2, 2, 1, 1, 0], [7, 17, 4, 3, 0, 81, 14], [11, 11, 70, 58, 17, 35, 44], [20, 4, 27, 8, 51, 16, 2], [11, 17, 1, 4, 1, 56, 0], [16, 6, 1, 4, 0, 27, 1]];[0.12264150943396226, 0.8787878787878788, 0.031746031746031744, 0.23577235772357724, 0.3984375, 0.6222222222222222, 0.01818181818181818];56.0;[8, 5, 7, 11, 10, 9, 6]
Cora;own;medoids;0.2;64;0.5;1;0.005;0.4;2140929057.0;0.8571428571428571;0.8326903068919875;[[8, 0, 0, 0, 0, 0, 0], [0, 5, 0, 0, 0, 0, 0], [0, 1, 4, 0, 1, 1, 0], [0, 0, 0, 12, 0, 0, 0], [0, 0, 1, 0, 11, 0, 0], [1, 1, 0, 0, 0, 9, 0], [0, 1, 1, 1, 0, 0, 5]];[1.0, 1.0, 0.5714285714285714, 1.0, 0.9166666666666666, 0.8181818181818182, 0.625];0.4649890590809628;0.4509648246270724;[[81, 22, 26, 17, 8, 58, 9], [8, 116, 24, 10, 1, 29, 2], [5, 26, 109, 10, 8, 90, 11], [20, 25, 80, 128, 11, 67, 25], [25, 24, 34, 12, 82, 39, 5], [16, 31, 16, 27, 6, 270, 6], [17, 22, 23, 27, 7, 49, 64]];[0.3665158371040724, 0.6105263157894737, 0.42084942084942084, 0.3595505617977528, 0.37104072398190047, 0.7258064516129032, 0.3062200956937799];0.2937576499388005;0.2817207342812463;[[12, 7, 24, 16, 6, 38, 3], [2, 58, 2, 2, 1, 1, 0], [7, 19, 4, 3, 0, 76, 17], [11, 12, 65, 59, 18, 32, 49], [18, 4, 26, 9, 51, 18, 2], [10, 17, 1, 6, 1, 54, 1], [11, 5, 1, 15, 0, 21, 2]];[0.11320754716981132, 0.8787878787878788, 0.031746031746031744, 0.23983739837398374, 0.3984375, 0.6, 0.03636363636363636];63.0;[8, 5, 7, 12, 12, 11, 8]
Cora;own;medoids;0.2;64;0.5;1;0.005;0.4;2140929057.0;0.8285714285714286;0.8060060778954787;[[8, 0, 0, 0, 0, 0, 0], [0, 5, 0, 0, 0, 0, 0], [0, 2, 4, 0, 1, 1, 0], [1, 0, 1, 14, 0, 0, 0], [0, 0, 1, 0, 12, 1, 0], [1, 1, 0, 0, 0, 9, 0], [0, 1, 0, 1, 0, 0, 6]];[1.0, 1.0, 0.5, 0.875, 0.8571428571428571, 0.8181818181818182, 0.75];0.4755628775398133;0.4620547039727265;[[81, 20, 25, 21, 9, 47, 7], [8, 105, 22, 13, 1, 30, 1], [7, 29, 105, 16, 9, 79, 12], [22, 24, 71, 161, 13, 61, 26], [24, 23, 33, 19, 81, 50, 6], [17, 30, 12, 28, 6, 259, 5], [18, 16, 17, 31, 4, 43, 74]];[0.38571428571428573, 0.5833333333333334, 0.4085603112840467, 0.42592592592592593, 0.3432203389830508, 0.7254901960784313, 0.3645320197044335];0.30599755201958384;0.29022401455892116;[[12, 4, 28, 20, 3, 35, 4], [2, 56, 2, 4, 1, 1, 0], [6, 20, 4, 2, 0, 78, 16], [11, 11, 63, 72, 18, 30, 41], [19, 4, 22, 16, 50, 17, 0], [12, 14, 1, 8, 1, 54, 0], [11, 3, 0, 18, 0, 21, 2]];[0.11320754716981132, 0.8484848484848485, 0.031746031746031744, 0.2926829268292683, 0.390625, 0.6, 0.03636363636363636];70.0;[8, 5, 8, 16, 14, 11, 8]


Cora;own;medoids;0.2;64;0.5;1;0.005;0.4;1240197975.0;0.0;0.0;[[]];[];0.1581173982020095;0.1410297512675117;[[8, 41, 53, 32, 1, 0, 110], [0, 114, 12, 14, 1, 2, 8], [11, 13, 36, 197, 29, 0, 6], [13, 194, 247, 70, 3, 8, 37], [5, 50, 143, 58, 3, 8, 31], [0, 72, 20, 54, 2, 8, 52], [0, 41, 15, 5, 3, 1, 60]];[0.0326530612244898, 0.7549668874172185, 0.1232876712328767, 0.12237762237762238, 0.010067114093959731, 0.038461538461538464, 0.48];0.1591187270501836;0.14201905796685851;[[3, 14, 19, 13, 0, 2, 55], [0, 49, 4, 7, 1, 0, 5], [6, 9, 9, 90, 10, 0, 2], [5, 81, 110, 32, 0, 4, 14], [2, 13, 66, 18, 4, 6, 19], [0, 42, 2, 23, 2, 2, 19], [0, 13, 5, 3, 0, 3, 31]];[0.02830188679245283, 0.7424242424242424, 0.07142857142857142, 0.13008130081300814, 0.03125, 0.022222222222222223, 0.5636363636363636];0.0;[]
Cora;own;medoids;0.2;64;0.5;1;0.005;0.4;1240197975.0;1.0;1.0;[[1, 0, 0, 0, 0, 0], [0, 1, 0, 0, 0, 0], [0, 0, 1, 0, 0, 0], [0, 0, 0, 1, 0, 0], [0, 0, 0, 0, 2, 0], [0, 0, 0, 0, 0, 1]];[1.0, 1.0, 1.0, 1.0, 1.0, 1.0];0.32643312101910826;0.16605278305736237;[[0, 0, 0, 188, 1, 77, 0], [0, 0, 0, 126, 3, 54, 0], [0, 0, 3, 78, 3, 177, 0], [0, 0, 0, 419, 2, 46, 0], [0, 0, 0, 187, 48, 60, 0], [0, 0, 0, 85, 1, 142, 0], [0, 0, 0, 97, 1, 83, 3]];[0.0, 0.0, 0.011494252873563218, 0.8972162740899358, 0.16271186440677965, 0.6228070175438597, 0.016304347826086956];0.41615667074663404;0.20007874338647605;[[0, 0, 0, 75, 0, 31, 0], [0, 1, 0, 54, 0, 11, 0], [0, 0, 3, 12, 0, 111, 0], [0, 0, 0, 238, 0, 8, 0], [0, 0, 0, 97, 21, 10, 0], [0, 0, 0, 13, 0, 77, 0], [0, 0, 0, 16, 0, 39, 0]];[0.0, 0.015151515151515152, 0.023809523809523808, 0.967479674796748, 0.1640625, 0.8555555555555555, 0.0];7.0;[0, 1, 1, 1, 1, 2, 1]
Cora;own;medoids;0.2;64;0.5;1;0.005;0.4;1240197975.0;0.9285714285714286;0.911111111111111;[[1, 0, 0, 0, 0, 1], [0, 3, 0, 0, 0, 0], [0, 0, 1, 0, 0, 0], [0, 0, 0, 3, 0, 0], [0, 0, 0, 0, 3, 0], [0, 0, 0, 0, 0, 2]];[0.5, 1.0, 1.0, 1.0, 1.0, 1.0];0.40170484816196056;0.3039820666033867;[[0, 34, 11, 99, 73, 37, 0], [0, 125, 7, 57, 54, 20, 2], [0, 92, 42, 53, 12, 22, 0], [0, 31, 14, 352, 31, 16, 2], [0, 26, 3, 91, 128, 39, 3], [0, 26, 29, 49, 23, 97, 1], [0, 35, 7, 67, 19, 38, 10]];[0.0, 0.4716981132075472, 0.19004524886877827, 0.7892376681614349, 0.4413793103448276, 0.4311111111111111, 0.056818181818181816];0.42717258261933905;0.2727285498944137;[[0, 12, 8, 37, 27, 19, 3], [0, 13, 0, 7, 44, 1, 1], [0, 108, 14, 3, 0, 1, 0], [0, 11, 11, 213, 7, 4, 0], [0, 2, 0, 39, 59, 24, 4], [0, 5, 21, 7, 7, 50, 0], [0, 6, 3, 9, 8, 29, 0]];[0.0, 0.19696969696969696, 0.1111111111111111, 0.8658536585365854, 0.4609375, 0.5555555555555556, 0.0];14.0;[0, 2, 3, 1, 3, 3, 2]
Cora;own;medoids;0.2;64;0.5;1;0.005;0.4;1240197975.0;0.8095238095238095;0.7861678004535146;[[2, 0, 0, 0, 0, 0, 0], [0, 1, 0, 0, 1, 0, 1], [0, 0, 3, 0, 0, 0, 0], [0, 1, 1, 1, 0, 0, 0], [0, 0, 0, 0, 4, 0, 0], [0, 0, 0, 0, 0, 3, 0], [0, 0, 0, 0, 0, 0, 3]];[1.0, 0.3333333333333333, 1.0, 0.3333333333333333, 1.0, 1.0, 1.0];0.4192513368983957;0.3748872215665905;[[114, 39, 17, 30, 43, 6, 7], [26, 147, 10, 20, 71, 3, 4], [23, 97, 45, 21, 17, 6, 5], [32, 49, 28, 249, 67, 6, 10], [27, 35, 6, 32, 154, 12, 20], [37, 41, 41, 19, 24, 50, 5], [37, 43, 20, 24, 20, 6, 25]];[0.4453125, 0.5231316725978647, 0.2102803738317757, 0.564625850340136, 0.5384615384615384, 0.2304147465437788, 0.14285714285714285];0.4602203182374541;0.37714775547159995;[[67, 14, 5, 3, 12, 3, 2], [2, 27, 0, 3, 33, 0, 1], [0, 109, 14, 2, 0, 1, 0], [15, 23, 14, 158, 24, 4, 8], [15, 3, 0, 12, 79, 7, 12], [9, 9, 31, 1, 9, 31, 0], [14, 12, 9, 3, 9, 8, 0]];[0.6320754716981132, 0.4090909090909091, 0.1111111111111111, 0.6422764227642277, 0.6171875, 0.34444444444444444, 0.0];21.0;[2, 3, 3, 3, 4, 3, 3]
Cora;own;medoids;0.2;64;0.5;1;0.005;0.4;1240197975.0;0.8214285714285714;0.8132653061224488;[[2, 0, 0, 0, 0, 0, 0], [0, 1, 1, 0, 0, 0, 1], [0, 1, 3, 0, 0, 0, 0], [0, 1, 0, 3, 0, 0, 0], [0, 0, 0, 0, 5, 0, 0], [0, 0, 0, 0, 0, 5, 0], [0, 1, 0, 0, 0, 0, 4]];[1.0, 0.3333333333333333, 0.75, 0.75, 1.0, 1.0, 0.8];0.41545893719806765;0.3835155615517435;[[81, 49, 15, 33, 14, 54, 9], [5, 98, 6, 24, 15, 24, 5], [9, 163, 51, 26, 5, 25, 3], [12, 54, 30, 270, 28, 28, 10], [16, 73, 9, 36, 113, 31, 21], [13, 43, 28, 17, 7, 133, 5], [9, 53, 6, 20, 7, 49, 28]];[0.3176470588235294, 0.5536723163841808, 0.18085106382978725, 0.625, 0.3779264214046823, 0.540650406504065, 0.16279069767441862];0.5079559363525091;0.4273683837707436;[[49, 9, 8, 4, 6, 28, 2], [0, 59, 0, 2, 3, 1, 1], [0, 100, 23, 2, 0, 1, 0], [6, 22, 20, 168, 15, 9, 6], [9, 6, 4, 16, 54, 22, 17], [3, 7, 15, 2, 0, 62, 1], [1, 10, 0, 2, 0, 42, 0]];[0.46226415094339623, 0.8939393939393939, 0.18253968253968253, 0.6829268292682927, 0.421875, 0.6888888888888889, 0.0];28.0;[2, 3, 4, 4, 5, 5, 5]
Cora;own;medoids;0.2;64;0.5;1;0.005;0.4;1240197975.0;0.8285714285714286;0.7904143475572046;[[3, 0, 0, 0, 0, 0, 0], [1, 1, 1, 0, 0, 0, 0], [0, 1, 3, 0, 0, 0, 0], [0, 0, 0, 7, 1, 0, 0], [0, 1, 0, 0, 5, 0, 0], [0, 0, 1, 0, 0, 5, 0], [0, 0, 0, 0, 0, 0, 5]];[1.0, 0.3333333333333333, 0.75, 0.875, 0.8333333333333334, 0.8333333333333334, 1.0];0.45689655172413796;0.40570698530122373;[[110, 39, 12, 43, 7, 37, 5], [16, 83, 4, 34, 16, 16, 5], [15, 135, 47, 33, 2, 17, 3], [17, 29, 23, 346, 19, 15, 2], [25, 63, 8, 67, 107, 22, 20], [25, 32, 24, 33, 2, 127, 2], [14, 38, 7, 39, 4, 39, 28]];[0.43478260869565216, 0.47701149425287354, 0.1865079365079365, 0.7671840354767184, 0.34294871794871795, 0.5183673469387755, 0.16568047337278108];0.5446756425948592;0.44509635669433356;[[69, 10, 4, 8, 0, 14, 1], [2, 46, 0, 8, 8, 1, 1], [0, 97, 26, 2, 0, 1, 0], [9, 11, 12, 200, 8, 5, 1], [11, 2, 5, 32, 44, 16, 18], [3, 6, 12, 9, 0, 60, 0], [4, 5, 1, 5, 0, 40, 0]];[0.6509433962264151, 0.696969696969697, 0.20634920634920634, 0.8130081300813008, 0.34375, 0.6666666666666666, 0.0];35.0;[3, 3, 4, 8, 6, 6, 5]
Cora;own;medoids;0.2;64;0.5;1;0.005;0.4;1240197975.0;0.8333333333333334;0.797025197025197;[[4, 0, 0, 0, 0, 0, 0], [1, 1, 1, 0, 0, 1, 0], [0, 0, 5, 0, 0, 0, 0], [0, 0, 1, 8, 1, 0, 0], [0, 0, 1, 0, 6, 0, 1], [0, 0, 0, 0, 0, 6, 0], [0, 0, 0, 0, 0, 0, 5]];[1.0, 0.25, 1.0, 0.8, 0.75, 1.0, 1.0];0.5224445646295295;0.46926987537077247;[[99, 23, 14, 44, 16, 57, 4], [7, 71, 10, 27, 23, 28, 4], [8, 55, 112, 30, 7, 29, 2], [8, 14, 18, 345, 38, 20, 3], [17, 29, 29, 46, 163, 27, 20], [18, 17, 18, 30, 6, 150, 2], [10, 23, 11, 33, 10, 48, 26]];[0.3852140077821012, 0.4176470588235294, 0.4609053497942387, 0.773542600896861, 0.49244712990936557, 0.6224066390041494, 0.16149068322981366];0.6254589963280294;0.5376466322623551;[[65, 2, 3, 6, 4, 26, 0], [2, 43, 1, 7, 11, 2, 0], [0, 37, 77, 5, 4, 3, 0], [6, 3, 9, 196, 26, 5, 1], [5, 0, 0, 19, 60, 24, 20], [3, 2, 9, 5, 1, 70, 0], [4, 3, 0, 6, 0, 42, 0]];[0.6132075471698113, 0.6515151515151515, 0.6111111111111112, 0.7967479674796748, 0.46875, 0.7777777777777778, 0.0];42.0;[4, 4, 5, 10, 8, 6, 5]
Cora;own;medoids;0.2;64;0.5;1;0.005;0.4;1240197975.0;0.8775510204081632;0.8665620094191523;[[4, 0, 0, 0, 0, 0, 0], [1, 4, 1, 0, 0, 0, 0], [0, 0, 6, 0, 0, 1, 0], [0, 0, 1, 10, 0, 0, 0], [0, 0, 0, 0, 7, 0, 1], [0, 0, 0, 0, 0, 6, 0], [1, 0, 0, 0, 0, 0, 6]];[1.0, 0.6666666666666666, 0.8571428571428571, 0.9090909090909091, 0.875, 1.0, 0.8571428571428571];0.5244299674267101;0.4882762275317214;[[86, 21, 32, 40, 28, 29, 6], [7, 93, 17, 23, 26, 11, 6], [5, 64, 112, 33, 38, 17, 5], [7, 14, 22, 330, 62, 7, 7], [12, 30, 21, 36, 168, 12, 22], [7, 17, 21, 28, 18, 132, 4], [9, 19, 21, 21, 19, 32, 45]];[0.35537190082644626, 0.5081967213114754, 0.40875912408759124, 0.734966592427617, 0.5581395348837209, 0.5814977973568282, 0.2710843373493976];0.5507955936352509;0.4946922486875033;[[45, 3, 18, 12, 12, 16, 0], [1, 44, 2, 4, 13, 2, 0], [0, 39, 57, 5, 23, 1, 1], [3, 2, 13, 178, 43, 4, 3], [2, 3, 7, 22, 63, 8, 23], [0, 4, 20, 7, 2, 54, 3], [3, 1, 8, 0, 0, 34, 9]];[0.42452830188679247, 0.6666666666666666, 0.4523809523809524, 0.7235772357723578, 0.4921875, 0.6, 0.16363636363636364];49.0;[4, 6, 7, 11, 8, 6, 7]
Cora;own;medoids;0.2;64;0.5;1;0.005;0.4;1240197975.0;0.8571428571428571;0.848701272340293;[[5, 0, 0, 1, 0, 0, 0], [1, 4, 1, 0, 0, 0, 0], [0, 0, 7, 0, 0, 1, 0], [0, 0, 1, 10, 0, 0, 0], [0, 0, 0, 1, 8, 0, 0], [0, 1, 0, 0, 0, 6, 0], [0, 0, 0, 0, 1, 0, 8]];[0.8333333333333334, 0.6666666666666666, 0.875, 0.9090909090909091, 0.8888888888888888, 0.8571428571428571, 0.8888888888888888];0.5346049046321526;0.5072318128882907;[[99, 14, 34, 32, 35, 18, 7], [8, 89, 18, 20, 28, 8, 7], [12, 47, 126, 25, 60, 22, 3], [6, 12, 24, 307, 77, 4, 8], [15, 20, 22, 29, 193, 13, 21], [8, 14, 33, 23, 18, 118, 4], [6, 11, 19, 18, 24, 27, 49]];[0.41422594142259417, 0.5, 0.4271186440677966, 0.7009132420091324, 0.6166134185303515, 0.5412844036697247, 0.3181818181818182];0.5410036719706243;0.4916814976490075;[[53, 3, 18, 10, 9, 10, 3], [1, 42, 3, 4, 15, 1, 0], [0, 31, 54, 4, 33, 1, 3], [5, 2, 15, 170, 47, 4, 3], [2, 3, 7, 20, 69, 9, 18], [1, 4, 25, 6, 6, 45, 3], [4, 0, 12, 0, 0, 30, 9]];[0.5, 0.6363636363636364, 0.42857142857142855, 0.6910569105691057, 0.5390625, 0.5, 0.16363636363636364];56.0;[6, 6, 8, 11, 9, 7, 9]
Cora;own;medoids;0.2;64;0.5;1;0.005;0.4;1240197975.0;0.9047619047619048;0.8990020593217524;[[7, 0, 0, 1, 0, 0, 0], [1, 4, 1, 0, 0, 0, 0], [0, 1, 10, 0, 0, 0, 0], [0, 0, 1, 11, 0, 0, 0], [0, 0, 0, 1, 8, 0, 0], [0, 0, 0, 0, 0, 7, 0], [0, 0, 0, 0, 0, 0, 10]];[0.875, 0.6666666666666666, 0.9090909090909091, 0.9166666666666666, 0.8888888888888888, 1.0, 1.0];0.5733041575492341;0.5409566902152769;[[102, 11, 42, 35, 27, 13, 7], [8, 86, 22, 23, 21, 9, 5], [6, 32, 189, 29, 37, 16, 4], [4, 11, 32, 339, 42, 2, 10], [11, 24, 32, 37, 175, 13, 15], [8, 10, 39, 34, 8, 107, 4], [5, 6, 33, 23, 11, 19, 50]];[0.43037974683544306, 0.4942528735632184, 0.6038338658146964, 0.7704545454545455, 0.5700325732899023, 0.5095238095238095, 0.3401360544217687];0.5532435740514076;0.49997690190656835;[[49, 3, 28, 12, 3, 7, 4], [1, 39, 7, 4, 15, 0, 0], [0, 21, 78, 4, 19, 0, 4], [3, 1, 24, 176, 35, 3, 4], [3, 3, 10, 27, 59, 12, 14], [1, 4, 33, 7, 2, 42, 1], [6, 0, 19, 1, 0, 20, 9]];[0.46226415094339623, 0.5909090909090909, 0.6190476190476191, 0.7154471544715447, 0.4609375, 0.4666666666666667, 0.16363636363636364];63.0;[8, 6, 11, 12, 9, 7, 10]
Cora;own;medoids;0.2;64;0.5;1;0.005;0.4;1240197975.0;0.8857142857142857;0.8762463935396266;[[8, 1, 0, 1, 1, 0, 0], [1, 4, 1, 0, 0, 0, 0], [0, 0, 12, 0, 0, 0, 0], [0, 0, 1, 12, 0, 0, 0], [0, 0, 0, 1, 8, 0, 1], [0, 0, 0, 0, 0, 8, 0], [0, 0, 0, 0, 0, 0, 10]];[0.7272727272727273, 0.6666666666666666, 1.0, 0.9230769230769231, 0.8, 1.0, 1.0];0.5771554091158704;0.5453775221002438;[[113, 22, 39, 28, 31, 11, 7], [11, 82, 24, 21, 23, 9, 3], [12, 12, 199, 24, 40, 13, 4], [15, 10, 34, 315, 55, 1, 8], [13, 21, 32, 27, 183, 15, 19], [12, 8, 33, 24, 11, 115, 3], [6, 5, 33, 19, 15, 17, 44]];[0.450199203187251, 0.47398843930635837, 0.6546052631578947, 0.7191780821917808, 0.5903225806451613, 0.558252427184466, 0.31654676258992803];0.5642594859241126;0.5173202591517428;[[56, 2, 23, 10, 4, 7, 4], [1, 39, 6, 4, 15, 1, 0], [0, 13, 82, 4, 24, 0, 3], [12, 2, 29, 164, 33, 3, 3], [7, 3, 10, 18, 67, 10, 13], [1, 4, 33, 5, 2, 44, 1], [6, 0, 20, 0, 0, 20, 9]];[0.5283018867924528, 0.5909090909090909, 0.6507936507936508, 0.6666666666666666, 0.5234375, 0.4888888888888889, 0.16363636363636364];70.0;[11, 6, 12, 13, 10, 8, 10]


Cora;own;medoids;0.2;64;0.5;1;0.005;0.4;784866329.0;0.0;0.0;[[]];[];0.09465891062929667;0.08463949081237958;[[23, 22, 116, 21, 35, 14, 14], [15, 6, 3, 3, 5, 48, 71], [229, 4, 9, 6, 20, 11, 13], [28, 136, 39, 33, 279, 37, 20], [42, 80, 37, 38, 83, 14, 4], [31, 22, 21, 69, 41, 17, 7], [2, 20, 69, 9, 11, 6, 8]];[0.09387755102040816, 0.039735099337748346, 0.030821917808219176, 0.057692307692307696, 0.2785234899328859, 0.08173076923076923, 0.064];0.0966952264381885;0.0920829903297933;[[18, 13, 47, 5, 17, 5, 1], [5, 3, 2, 1, 1, 30, 24], [91, 7, 3, 2, 9, 10, 4], [16, 61, 21, 12, 114, 11, 11], [15, 43, 14, 19, 31, 3, 3], [14, 14, 9, 30, 14, 6, 3], [5, 9, 26, 4, 4, 1, 6]];[0.16981132075471697, 0.045454545454545456, 0.023809523809523808, 0.04878048780487805, 0.2421875, 0.06666666666666667, 0.10909090909090909];0.0;[]
Cora;own;medoids;0.2;64;0.5;1;0.005;0.4;784866329.0;1.0;1.0;[[2, 0, 0, 0], [0, 2, 0, 0], [0, 0, 2, 0], [0, 0, 0, 1]];[1.0, 1.0, 1.0, 1.0];0.21868365180467092;0.16157383383551457;[[70, 2, 131, 1, 1, 11, 57], [12, 0, 153, 0, 1, 10, 24], [15, 0, 233, 0, 1, 12, 27], [33, 3, 268, 0, 0, 13, 104], [17, 1, 119, 1, 3, 29, 110], [21, 0, 117, 0, 1, 69, 22], [36, 0, 107, 0, 1, 11, 37]];[0.2564102564102564, 0.0, 0.8090277777777778, 0.0, 0.010714285714285714, 0.3, 0.19270833333333334];0.25703794369645044;0.20915186987281692;[[32, 1, 47, 1, 1, 0, 24], [2, 0, 64, 0, 0, 0, 0], [0, 0, 123, 0, 0, 0, 3], [10, 0, 162, 0, 1, 2, 71], [1, 1, 38, 0, 0, 9, 79], [4, 0, 29, 1, 0, 53, 3], [19, 0, 33, 0, 0, 1, 2]];[0.3018867924528302, 0.0, 0.9761904761904762, 0.0, 0.0, 0.5888888888888889, 0.03636363636363636];7.0;[2, 0, 2, 0, 0, 2, 1]
Cora;own;medoids;0.2;64;0.5;1;0.005;0.4;784866329.0;0.8571428571428571;0.8571428571428571;[[4, 0, 0, 0, 0, 0, 0], [0, 1, 0, 0, 0, 0, 0], [0, 0, 2, 0, 0, 0, 0], [0, 0, 0, 1, 0, 0, 0], [0, 0, 0, 0, 2, 0, 0], [0, 0, 0, 2, 0, 1, 0], [0, 0, 0, 0, 0, 0, 1]];[1.0, 1.0, 1.0, 1.0, 1.0, 0.3333333333333333, 1.0];0.2551944592434736;0.2048805237609119;[[203, 5, 9, 6, 1, 52, 21], [50, 26, 34, 12, 1, 72, 15], [48, 3, 9, 9, 3, 119, 18], [117, 11, 23, 29, 7, 125, 92], [85, 12, 9, 21, 29, 44, 60], [79, 2, 5, 70, 1, 154, 12], [90, 3, 4, 7, 2, 39, 29]];[0.6835016835016835, 0.12380952380952381, 0.0430622009569378, 0.07178217821782178, 0.11153846153846154, 0.47678018575851394, 0.16666666666666666];0.1664626682986536;0.1284070914993142;[[99, 2, 0, 0, 0, 2, 3], [7, 0, 21, 0, 0, 38, 0], [9, 0, 5, 0, 0, 112, 0], [71, 16, 12, 2, 2, 68, 75], [48, 8, 2, 9, 19, 6, 36], [22, 0, 1, 57, 0, 9, 1], [38, 0, 0, 0, 0, 15, 2]];[0.9339622641509434, 0.0, 0.03968253968253968, 0.008130081300813009, 0.1484375, 0.1, 0.03636363636363636];14.0;[4, 1, 2, 1, 2, 3, 1]
Cora;own;medoids;0.2;64;0.5;1;0.005;0.4;784866329.0;0.8571428571428571;0.8843537414965985;[[5, 0, 0, 0, 0, 0, 0], [0, 1, 0, 0, 0, 0, 0], [0, 0, 3, 0, 0, 0, 0], [0, 0, 0, 2, 0, 2, 0], [0, 0, 0, 0, 2, 0, 0], [0, 0, 1, 0, 0, 3, 0], [0, 0, 0, 0, 0, 0, 2]];[1.0, 1.0, 1.0, 0.5, 1.0, 0.75, 1.0];0.4358288770053476;0.3889296904737574;[[179, 9, 38, 36, 5, 13, 10], [38, 30, 74, 26, 8, 16, 10], [37, 4, 220, 22, 6, 14, 9], [58, 13, 57, 199, 6, 29, 45], [37, 32, 24, 57, 44, 44, 14], [43, 2, 33, 24, 9, 93, 6], [65, 5, 21, 33, 4, 19, 50]];[0.6172413793103448, 0.1485148514851485, 0.7051282051282052, 0.48894348894348894, 0.1746031746031746, 0.44285714285714284, 0.25380710659898476];0.5214198286413708;0.43069566524772;[[88, 5, 4, 2, 1, 2, 4], [8, 0, 43, 10, 2, 2, 1], [3, 0, 120, 1, 0, 1, 1], [33, 16, 27, 115, 1, 6, 48], [12, 27, 1, 23, 38, 18, 9], [11, 0, 4, 8, 0, 65, 2], [36, 0, 0, 14, 0, 5, 0]];[0.8301886792452831, 0.0, 0.9523809523809523, 0.46747967479674796, 0.296875, 0.7222222222222222, 0.0];21.0;[5, 1, 3, 4, 2, 4, 2]
Cora;own;medoids;0.2;64;0.5;1;0.005;0.4;784866329.0;0.9642857142857143;0.9510204081632654;[[5, 0, 0, 0, 0, 0, 0], [0, 3, 0, 0, 0, 0, 0], [0, 0, 4, 0, 0, 0, 0], [0, 0, 0, 5, 0, 0, 0], [0, 0, 0, 0, 3, 0, 0], [0, 0, 0, 0, 0, 5, 0], [0, 1, 0, 0, 0, 0, 2]];[1.0, 1.0, 1.0, 1.0, 1.0, 1.0, 0.6666666666666666];0.5034889962426194;0.4780994902320145;[[149, 24, 32, 30, 9, 16, 10], [18, 127, 22, 22, 8, 15, 8], [32, 13, 235, 24, 4, 9, 11], [25, 25, 53, 208, 11, 14, 47], [24, 61, 15, 31, 80, 18, 20], [21, 12, 22, 60, 12, 90, 9], [50, 14, 16, 35, 6, 17, 49]];[0.5518518518518518, 0.5772727272727273, 0.7164634146341463, 0.5430809399477807, 0.321285140562249, 0.39823008849557523, 0.2620320855614973];0.5079559363525091;0.4652115214613715;[[67, 10, 8, 4, 1, 10, 6], [3, 43, 13, 5, 0, 1, 1], [12, 0, 107, 1, 1, 4, 1], [16, 22, 50, 104, 4, 3, 47], [6, 42, 1, 12, 53, 6, 8], [2, 3, 3, 37, 3, 41, 1], [29, 2, 2, 13, 6, 3, 0]];[0.6320754716981132, 0.6515151515151515, 0.8492063492063492, 0.42276422764227645, 0.4140625, 0.45555555555555555, 0.0];28.0;[5, 3, 4, 5, 3, 5, 3]
Cora;own;medoids;0.2;64;0.5;1;0.005;0.4;784866329.0;0.9142857142857143;0.8947933019361589;[[6, 1, 0, 0, 0, 0, 0], [0, 3, 0, 0, 0, 0, 0], [0, 0, 7, 0, 1, 0, 0], [0, 0, 0, 5, 0, 0, 0], [0, 0, 0, 0, 3, 0, 0], [0, 0, 0, 0, 0, 6, 0], [0, 1, 0, 0, 0, 0, 2]];[0.8571428571428571, 1.0, 0.875, 1.0, 1.0, 1.0, 0.6666666666666666];0.49245689655172414;0.4692040549697994;[[165, 21, 29, 21, 13, 27, 20], [22, 121, 20, 19, 8, 19, 6], [30, 13, 240, 21, 10, 11, 6], [55, 20, 52, 177, 14, 24, 30], [54, 24, 20, 31, 67, 26, 10], [28, 5, 22, 56, 11, 98, 6], [57, 4, 16, 35, 7, 19, 46]];[0.5574324324324325, 0.5627906976744186, 0.7250755287009063, 0.47580645161290325, 0.28879310344827586, 0.4336283185840708, 0.25];0.4920440636474908;0.44870508256919817;[[74, 7, 5, 0, 0, 17, 3], [3, 43, 12, 5, 0, 2, 1], [12, 0, 106, 2, 0, 5, 1], [35, 20, 50, 90, 3, 12, 36], [30, 17, 5, 7, 52, 10, 7], [4, 2, 3, 38, 5, 37, 1], [27, 2, 0, 12, 8, 6, 0]];[0.6981132075471698, 0.6515151515151515, 0.8412698412698413, 0.36585365853658536, 0.40625, 0.4111111111111111, 0.0];35.0;[7, 3, 8, 5, 3, 6, 3]
Cora;own;medoids;0.2;64;0.5;1;0.005;0.4;784866329.0;0.9285714285714286;0.912636569779427;[[8, 0, 0, 0, 0, 0, 0], [0, 3, 0, 0, 0, 0, 0], [0, 0, 8, 0, 1, 0, 0], [0, 0, 1, 7, 0, 0, 0], [0, 0, 0, 0, 5, 0, 0], [0, 0, 0, 0, 0, 6, 0], [0, 1, 0, 0, 0, 0, 2]];[1.0, 1.0, 0.8888888888888888, 0.875, 1.0, 1.0, 0.6666666666666666];0.5191995673336939;0.4893334531113763;[[182, 12, 43, 20, 12, 18, 8], [20, 110, 24, 27, 7, 10, 6], [29, 11, 260, 25, 11, 5, 3], [54, 13, 54, 211, 8, 10, 19], [63, 22, 31, 34, 76, 14, 3], [19, 4, 38, 68, 9, 78, 3], [47, 6, 26, 38, 5, 10, 43]];[0.6169491525423729, 0.5392156862745098, 0.7558139534883721, 0.5718157181571816, 0.31275720164609055, 0.3561643835616438, 0.24571428571428572];0.4883720930232558;0.436004580069172;[[70, 4, 18, 0, 1, 11, 2], [2, 39, 16, 6, 0, 1, 2], [13, 0, 105, 3, 0, 4, 1], [42, 18, 52, 104, 2, 7, 21], [39, 11, 12, 5, 51, 7, 3], [4, 2, 10, 41, 3, 30, 0], [23, 1, 11, 14, 5, 1, 0]];[0.660377358490566, 0.5909090909090909, 0.8333333333333334, 0.42276422764227645, 0.3984375, 0.3333333333333333, 0.0];42.0;[8, 3, 9, 8, 5, 6, 3]
Cora;own;medoids;0.2;64;0.5;1;0.005;0.4;784866329.0;0.8775510204081632;0.8560953666216824;[[8, 0, 0, 0, 0, 1, 1], [0, 4, 0, 0, 0, 0, 0], [0, 0, 9, 0, 0, 0, 0], [0, 0, 1, 9, 0, 0, 0], [0, 0, 0, 0, 5, 0, 0], [0, 0, 0, 0, 0, 6, 0], [0, 0, 0, 1, 2, 0, 2]];[0.8, 1.0, 1.0, 0.9, 1.0, 1.0, 0.4];0.503257328990228;0.4671009718036442;[[173, 8, 39, 19, 13, 27, 39], [16, 109, 22, 16, 9, 14, 15], [35, 11, 249, 21, 11, 7, 5], [51, 12, 39, 216, 9, 12, 30], [50, 18, 37, 29, 65, 21, 15], [19, 6, 32, 55, 14, 83, 5], [43, 7, 25, 35, 14, 10, 32]];[0.5440251572327044, 0.5422885572139303, 0.7345132743362832, 0.5853658536585366, 0.2765957446808511, 0.3878504672897196, 0.1927710843373494];0.4847001223990208;0.45056277002582806;[[65, 6, 15, 2, 1, 14, 3], [3, 39, 13, 5, 3, 2, 1], [15, 0, 99, 2, 2, 6, 2], [37, 16, 42, 106, 2, 7, 36], [35, 10, 16, 4, 45, 13, 5], [3, 1, 9, 35, 7, 34, 1], [16, 0, 9, 12, 7, 3, 8]];[0.6132075471698113, 0.5909090909090909, 0.7857142857142857, 0.43089430894308944, 0.3515625, 0.37777777777777777, 0.14545454545454545];49.0;[10, 4, 9, 10, 5, 6, 5]
Cora;own;medoids;0.2;64;0.5;1;0.005;0.4;784866329.0;0.9285714285714286;0.9256175156796277;[[11, 0, 0, 0, 0, 0, 0], [0, 4, 0, 0, 0, 0, 0], [0, 0, 10, 0, 0, 0, 0], [1, 1, 1, 10, 0, 0, 0], [0, 0, 0, 0, 6, 0, 0], [0, 0, 0, 0, 0, 7, 0], [0, 0, 0, 0, 1, 0, 4]];[1.0, 1.0, 1.0, 0.7692307692307693, 1.0, 1.0, 0.8];0.5258855585831063;0.495692090705773;[[193, 7, 35, 18, 16, 25, 29], [20, 102, 18, 19, 7, 15, 13], [32, 8, 254, 19, 9, 6, 6], [64, 14, 40, 218, 10, 12, 14], [86, 8, 35, 28, 65, 17, 5], [20, 4, 29, 51, 10, 87, 6], [23, 5, 27, 39, 12, 9, 46]];[0.5975232198142415, 0.5257731958762887, 0.7604790419161677, 0.5860215053763441, 0.26639344262295084, 0.42028985507246375, 0.2857142857142857];0.47613219094247244;0.45277951735563216;[[60, 5, 17, 3, 6, 13, 2], [3, 40, 12, 5, 4, 1, 1], [17, 0, 98, 1, 1, 6, 3], [43, 14, 45, 111, 8, 5, 20], [58, 6, 18, 5, 29, 6, 6], [3, 2, 8, 35, 6, 35, 1], [4, 2, 9, 11, 8, 5, 16]];[0.5660377358490566, 0.6060606060606061, 0.7777777777777778, 0.45121951219512196, 0.2265625, 0.3888888888888889, 0.2909090909090909];56.0;[11, 4, 10, 13, 6, 7, 5]
Cora;own;medoids;0.2;64;0.5;1;0.005;0.4;784866329.0;0.9841269841269841;0.9879062736205594;[[12, 0, 0, 0, 0, 0, 0], [0, 6, 0, 0, 0, 0, 0], [0, 0, 10, 0, 0, 0, 0], [0, 0, 1, 13, 0, 0, 0], [0, 0, 0, 0, 6, 0, 0], [0, 0, 0, 0, 0, 8, 0], [0, 0, 0, 0, 0, 0, 7]];[1.0, 1.0, 1.0, 0.9285714285714286, 1.0, 1.0, 1.0];0.5607221006564551;0.5349290979991805;[[211, 13, 31, 13, 11, 23, 7], [33, 122, 18, 19, 10, 17, 3], [29, 7, 255, 18, 6, 6, 4], [71, 16, 36, 212, 9, 9, 10], [80, 8, 36, 26, 59, 10, 12], [17, 9, 21, 42, 9, 105, 9], [24, 10, 23, 34, 3, 11, 61]];[0.6828478964401294, 0.5495495495495496, 0.7846153846153846, 0.5840220385674931, 0.2554112554112554, 0.49528301886792453, 0.3674698795180723];0.4565483476132191;0.437615421276732;[[56, 9, 16, 4, 6, 14, 1], [2, 38, 13, 5, 7, 1, 0], [17, 1, 95, 2, 3, 6, 2], [59, 15, 41, 107, 7, 6, 11], [60, 8, 17, 9, 18, 6, 10], [3, 5, 7, 28, 6, 40, 1], [4, 2, 7, 12, 8, 3, 19]];[0.5283018867924528, 0.5757575757575758, 0.753968253968254, 0.4349593495934959, 0.140625, 0.4444444444444444, 0.34545454545454546];63.0;[12, 6, 10, 14, 6, 8, 7]
Cora;own;medoids;0.2;64;0.5;1;0.005;0.4;784866329.0;0.9142857142857143;0.9111235507787231;[[12, 0, 0, 0, 0, 0, 0], [0, 6, 0, 1, 1, 1, 0], [0, 0, 10, 0, 0, 0, 0], [0, 0, 2, 13, 0, 0, 0], [0, 0, 0, 0, 7, 0, 0], [0, 1, 0, 0, 0, 8, 0], [0, 0, 0, 0, 0, 0, 8]];[1.0, 0.6666666666666666, 1.0, 0.8666666666666667, 1.0, 0.8888888888888888, 1.0];0.5551894563426688;0.5271112146669233;[[208, 11, 27, 16, 11, 20, 13], [29, 118, 18, 23, 8, 17, 8], [30, 5, 249, 19, 7, 5, 4], [72, 13, 33, 218, 9, 7, 13], [72, 11, 30, 32, 58, 10, 19], [15, 17, 21, 46, 8, 98, 7], [23, 11, 20, 38, 3, 9, 62]];[0.6797385620915033, 0.5339366515837104, 0.780564263322884, 0.5972602739726027, 0.25, 0.46226415094339623, 0.37349397590361444];0.4589963280293758;0.43738929559495165;[[52, 11, 16, 4, 6, 14, 3], [2, 37, 13, 5, 7, 1, 1], [17, 1, 96, 2, 2, 6, 2], [63, 15, 33, 114, 6, 5, 10], [64, 6, 13, 11, 18, 5, 11], [3, 6, 7, 28, 7, 38, 1], [5, 3, 7, 12, 6, 2, 20]];[0.49056603773584906, 0.5606060606060606, 0.7619047619047619, 0.4634146341463415, 0.140625, 0.4222222222222222, 0.36363636363636365];70.0;[12, 9, 10, 15, 7, 9, 8]


Cora;own;medoids;0.2;64;0.5;1;0.005;0.4;1866817562.0;0.0;0.0;[[]];[];0.06504494976203067;0.059038290159330806;[[13, 8, 43, 0, 17, 74, 90], [0, 6, 69, 0, 2, 9, 65], [2, 10, 5, 0, 1, 260, 14], [40, 57, 55, 11, 32, 237, 140], [37, 26, 44, 23, 7, 137, 24], [2, 28, 9, 0, 24, 48, 97], [0, 18, 14, 2, 5, 53, 33]];[0.053061224489795916, 0.039735099337748346, 0.017123287671232876, 0.019230769230769232, 0.02348993288590604, 0.23076923076923078, 0.264];0.05385556915544676;0.04956723032897793;[[5, 5, 18, 1, 10, 38, 29], [0, 2, 27, 0, 1, 5, 31], [1, 8, 4, 0, 0, 105, 8], [10, 22, 18, 6, 11, 118, 61], [20, 9, 12, 9, 4, 66, 8], [1, 12, 6, 1, 20, 18, 32], [2, 11, 6, 0, 2, 29, 5]];[0.04716981132075472, 0.030303030303030304, 0.031746031746031744, 0.024390243902439025, 0.03125, 0.2, 0.09090909090909091];0.0;[]
Cora;own;medoids;0.2;64;0.5;1;0.005;0.4;1866817562.0;0.8571428571428571;0.8666666666666666;[[2, 0, 0, 0], [0, 1, 0, 0], [0, 0, 2, 0], [1, 0, 0, 1]];[1.0, 1.0, 1.0, 0.5];0.1932059447983015;0.0929444930635999;[[0, 0, 228, 0, 4, 20, 0], [0, 0, 179, 0, 3, 7, 0], [0, 0, 301, 0, 1, 13, 0], [0, 0, 376, 0, 4, 29, 0], [0, 0, 215, 0, 35, 36, 0], [0, 0, 218, 0, 1, 28, 0], [0, 0, 172, 0, 6, 8, 0]];[0.0, 0.0, 0.9555555555555556, 0.0, 0.12237762237762238, 0.11336032388663968, 0.0];0.18849449204406366;0.09421257830562849;[[0, 0, 84, 0, 0, 22, 0], [0, 0, 65, 0, 0, 1, 0], [0, 0, 126, 0, 0, 0, 0], [0, 0, 219, 1, 0, 26, 0], [0, 0, 90, 0, 23, 15, 0], [0, 0, 86, 0, 0, 4, 0], [0, 0, 55, 0, 0, 0, 0]];[0.0, 0.0, 1.0, 0.0040650406504065045, 0.1796875, 0.044444444444444446, 0.0];7.0;[0, 0, 2, 1, 2, 2]
Cora;own;medoids;0.2;64;0.5;1;0.005;0.4;1866817562.0;0.7857142857142857;0.7857142857142857;[[1, 0, 0, 0, 0, 0, 0], [0, 1, 0, 0, 0, 0, 0], [0, 0, 3, 0, 0, 0, 0], [0, 0, 0, 2, 0, 0, 0], [0, 0, 0, 0, 2, 0, 2], [1, 0, 0, 0, 0, 1, 0], [0, 0, 0, 0, 0, 0, 1]];[1.0, 1.0, 1.0, 1.0, 0.5, 0.5, 1.0];0.3079381992541289;0.2257275348328789;[[9, 10, 118, 8, 71, 18, 7], [2, 26, 57, 7, 60, 6, 5], [1, 7, 297, 4, 39, 8, 4], [2, 11, 98, 68, 154, 29, 10], [0, 44, 77, 14, 141, 19, 54], [3, 5, 121, 10, 48, 22, 8], [3, 2, 92, 6, 50, 7, 15]];[0.03734439834024896, 0.15950920245398773, 0.825, 0.1827956989247312, 0.4040114613180516, 0.10138248847926268, 0.08571428571428572];0.26438188494492043;0.16588520937833356;[[8, 3, 53, 0, 23, 18, 1], [1, 2, 9, 1, 53, 0, 0], [0, 0, 124, 2, 0, 0, 0], [0, 9, 62, 42, 109, 18, 6], [0, 31, 24, 5, 39, 5, 24], [6, 0, 62, 0, 20, 1, 1], [0, 0, 48, 0, 7, 0, 0]];[0.07547169811320754, 0.030303030303030304, 0.9841269841269841, 0.17073170731707318, 0.3046875, 0.011111111111111112, 0.0];14.0;[1, 1, 3, 2, 4, 2, 1]
Cora;own;medoids;0.2;64;0.5;1;0.005;0.4;1866817562.0;0.7619047619047619;0.7253968253968255;[[1, 0, 0, 0, 0, 0, 0], [0, 2, 0, 0, 0, 0, 0], [0, 0, 4, 0, 0, 0, 0], [0, 0, 0, 4, 0, 1, 0], [0, 1, 0, 0, 2, 0, 1], [1, 0, 0, 0, 0, 1, 0], [0, 0, 1, 0, 0, 0, 2]];[1.0, 1.0, 1.0, 0.8, 0.5, 0.5, 0.6666666666666666];0.3754010695187166;0.2937275796478012;[[16, 21, 110, 27, 43, 15, 6], [5, 46, 45, 18, 52, 3, 4], [3, 10, 287, 24, 25, 5, 5], [5, 28, 60, 203, 63, 11, 5], [2, 86, 61, 41, 107, 13, 25], [15, 11, 94, 30, 38, 17, 10], [7, 7, 90, 20, 20, 5, 26]];[0.06722689075630252, 0.2658959537572254, 0.7994428969359332, 0.5413333333333333, 0.3194029850746269, 0.07906976744186046, 0.14857142857142858];0.35862913096695226;0.22477413002321672;[[10, 7, 51, 7, 12, 18, 1], [2, 4, 11, 3, 42, 0, 4], [0, 0, 123, 3, 0, 0, 0], [1, 16, 33, 134, 43, 9, 10], [3, 58, 15, 10, 21, 5, 16], [13, 0, 47, 0, 21, 1, 8], [0, 0, 53, 1, 1, 0, 0]];[0.09433962264150944, 0.06060606060606061, 0.9761904761904762, 0.5447154471544715, 0.1640625, 0.011111111111111112, 0.0];21.0;[1, 2, 4, 5, 4, 2, 3]
Cora;own;medoids;0.2;64;0.5;1;0.005;0.4;1866817562.0;0.8571428571428571;0.8128205128205129;[[2, 0, 0, 0, 0, 0, 0], [0, 2, 1, 0, 0, 0, 0], [0, 0, 5, 0, 0, 0, 0], [0, 0, 0, 6, 0, 0, 0], [0, 0, 0, 0, 6, 0, 0], [1, 0, 0, 0, 0, 1, 0], [0, 0, 1, 0, 1, 0, 2]];[1.0, 0.6666666666666666, 1.0, 1.0, 1.0, 0.5, 0.5];0.42351046698872785;0.35547976229112904;[[82, 5, 71, 17, 63, 7, 6], [6, 37, 37, 15, 61, 1, 8], [15, 4, 281, 14, 40, 2, 6], [12, 13, 53, 153, 134, 4, 4], [13, 42, 44, 26, 192, 4, 11], [28, 6, 71, 19, 64, 15, 8], [22, 3, 58, 14, 40, 3, 29]];[0.32669322709163345, 0.22424242424242424, 0.7762430939226519, 0.4101876675603217, 0.5783132530120482, 0.07109004739336493, 0.17159763313609466];0.3806609547123623;0.2681359174835181;[[38, 2, 33, 0, 25, 7, 1], [4, 4, 9, 1, 37, 0, 11], [0, 0, 123, 3, 0, 0, 0], [6, 7, 33, 92, 96, 7, 5], [11, 38, 6, 6, 54, 4, 9], [21, 0, 32, 1, 36, 0, 0], [15, 0, 33, 2, 5, 0, 0]];[0.3584905660377358, 0.06060606060606061, 0.9761904761904762, 0.37398373983739835, 0.421875, 0.0, 0.0];28.0;[2, 3, 5, 6, 6, 2, 4]
Cora;own;medoids;0.2;64;0.5;1;0.005;0.4;1866817562.0;0.8857142857142857;0.8574829931972789;[[2, 0, 0, 0, 0, 0, 1], [0, 2, 1, 0, 0, 0, 0], [0, 0, 5, 0, 0, 0, 0], [0, 1, 0, 10, 0, 0, 0], [0, 0, 0, 0, 7, 0, 0], [0, 0, 0, 0, 0, 2, 0], [0, 0, 1, 0, 0, 0, 3]];[0.6666666666666666, 0.6666666666666666, 1.0, 0.9090909090909091, 1.0, 1.0, 0.75];0.4660560344827586;0.3833898480778166;[[100, 6, 54, 32, 48, 6, 8], [14, 39, 32, 25, 42, 1, 1], [24, 5, 273, 24, 25, 1, 3], [18, 12, 47, 258, 75, 4, 2], [27, 38, 35, 50, 155, 4, 5], [37, 7, 49, 70, 23, 15, 2], [30, 4, 47, 27, 24, 3, 25]];[0.3937007874015748, 0.2532467532467532, 0.7690140845070422, 0.6201923076923077, 0.49363057324840764, 0.07389162561576355, 0.15625];0.4504283965728274;0.304140490978801;[[47, 2, 30, 5, 15, 7, 0], [2, 4, 9, 2, 39, 0, 10], [0, 0, 123, 3, 0, 0, 0], [10, 8, 19, 149, 47, 7, 6], [19, 38, 3, 14, 45, 2, 7], [26, 0, 24, 31, 9, 0, 0], [20, 0, 24, 8, 3, 0, 0]];[0.44339622641509435, 0.06060606060606061, 0.9761904761904762, 0.6056910569105691, 0.3515625, 0.0, 0.0];35.0;[3, 3, 5, 11, 7, 2, 4]
Cora;own;medoids;0.2;64;0.5;1;0.005;0.4;1866817562.0;0.8809523809523809;0.8734335839598997;[[4, 0, 0, 0, 0, 0, 0], [0, 3, 0, 1, 0, 0, 0], [0, 0, 5, 0, 0, 0, 0], [0, 1, 0, 11, 0, 0, 0], [0, 1, 0, 0, 9, 0, 0], [0, 0, 0, 0, 0, 2, 0], [0, 0, 2, 0, 0, 0, 3]];[1.0, 0.75, 1.0, 0.9166666666666666, 0.9, 1.0, 0.6];0.4586262844780963;0.3814916306119939;[[113, 7, 43, 30, 47, 6, 5], [10, 37, 34, 64, 46, 1, 5], [19, 5, 278, 21, 27, 1, 3], [17, 13, 51, 202, 80, 4, 2], [19, 34, 33, 45, 178, 5, 2], [22, 8, 54, 77, 24, 15, 3], [24, 6, 59, 18, 25, 2, 25]];[0.450199203187251, 0.18781725888324874, 0.7853107344632768, 0.5474254742547425, 0.5632911392405063, 0.07389162561576355, 0.15723270440251572];0.4467564259485924;0.3089163553939634;[[50, 2, 23, 2, 21, 7, 1], [1, 4, 9, 1, 43, 0, 8], [0, 0, 124, 2, 0, 0, 0], [8, 8, 22, 137, 56, 8, 7], [17, 36, 6, 8, 50, 3, 8], [14, 0, 25, 43, 8, 0, 0], [12, 0, 32, 7, 4, 0, 0]];[0.4716981132075472, 0.06060606060606061, 0.9841269841269841, 0.556910569105691, 0.390625, 0.0, 0.0];42.0;[4, 4, 5, 12, 10, 2, 5]
Cora;own;medoids;0.2;64;0.5;1;0.005;0.4;1866817562.0;0.9795918367346939;0.9711399711399712;[[4, 0, 0, 0, 0, 0, 0], [0, 5, 0, 0, 0, 0, 0], [0, 0, 5, 0, 0, 0, 0], [0, 0, 0, 13, 0, 0, 0], [0, 0, 0, 0, 11, 0, 0], [0, 1, 0, 0, 0, 4, 0], [0, 0, 0, 0, 0, 0, 6]];[1.0, 1.0, 1.0, 1.0, 1.0, 0.8, 1.0];0.46362649294245384;0.4272773045336917;[[107, 31, 25, 18, 44, 15, 2], [8, 113, 26, 17, 48, 4, 3], [11, 23, 256, 14, 27, 10, 5], [18, 81, 22, 143, 74, 16, 7], [15, 61, 21, 25, 167, 9, 2], [10, 39, 35, 55, 41, 26, 6], [23, 20, 38, 15, 21, 3, 42]];[0.44214876033057854, 0.5159817351598174, 0.7398843930635838, 0.3961218836565097, 0.5566666666666666, 0.12264150943396226, 0.25925925925925924];0.38922888616891066;0.3490079890425172;[[41, 11, 18, 1, 18, 16, 1], [2, 23, 6, 1, 27, 1, 6], [0, 2, 117, 3, 0, 1, 3], [8, 72, 9, 71, 63, 14, 9], [13, 47, 1, 9, 46, 5, 7], [6, 4, 11, 37, 19, 10, 3], [13, 8, 16, 3, 3, 2, 10]];[0.3867924528301887, 0.3484848484848485, 0.9285714285714286, 0.2886178861788618, 0.359375, 0.1111111111111111, 0.18181818181818182];49.0;[4, 5, 5, 13, 11, 5, 6]
Cora;own;medoids;0.2;64;0.5;1;0.005;0.4;1866817562.0;0.9821428571428571;0.9840848806366047;[[6, 0, 0, 0, 0, 0, 0], [0, 5, 0, 0, 0, 0, 0], [0, 0, 6, 0, 0, 0, 0], [0, 0, 1, 14, 0, 0, 0], [0, 0, 0, 0, 11, 0, 0], [0, 0, 0, 0, 0, 5, 0], [0, 0, 0, 0, 0, 0, 8]];[1.0, 1.0, 1.0, 0.9333333333333333, 1.0, 1.0, 1.0];0.4817438692098093;0.4549729151909379;[[122, 21, 47, 12, 24, 12, 15], [13, 122, 22, 12, 28, 5, 7], [17, 24, 262, 7, 19, 8, 15], [26, 85, 31, 124, 70, 14, 13], [19, 51, 26, 20, 127, 10, 28], [19, 28, 34, 25, 14, 36, 32], [25, 15, 37, 6, 12, 3, 91]];[0.48221343873517786, 0.583732057416268, 0.7443181818181818, 0.3415977961432507, 0.45195729537366547, 0.19148936170212766, 0.48148148148148145];0.3623011015911873;0.32074196078453593;[[43, 6, 24, 1, 17, 13, 2], [3, 32, 7, 1, 16, 1, 6], [0, 2, 116, 2, 0, 1, 5], [11, 75, 11, 61, 62, 14, 12], [16, 36, 1, 7, 24, 6, 38], [16, 2, 17, 15, 7, 8, 25], [12, 3, 22, 1, 3, 2, 12]];[0.4056603773584906, 0.48484848484848486, 0.9206349206349206, 0.24796747967479674, 0.1875, 0.08888888888888889, 0.21818181818181817];56.0;[6, 5, 6, 15, 11, 5, 8]
Cora;own;medoids;0.2;64;0.5;1;0.005;0.4;1866817562.0;0.9047619047619048;0.9055757967522674;[[6, 0, 0, 0, 0, 0, 0], [0, 5, 0, 1, 0, 0, 0], [0, 0, 7, 0, 0, 0, 0], [0, 1, 1, 15, 1, 0, 0], [0, 0, 0, 0, 11, 0, 1], [1, 0, 0, 0, 0, 5, 0], [0, 0, 0, 0, 0, 0, 8]];[1.0, 0.8333333333333334, 1.0, 0.8333333333333334, 0.9166666666666666, 0.8333333333333334, 1.0];0.49398249452954046;0.46591236116656504;[[112, 17, 49, 19, 22, 11, 20], [8, 120, 21, 20, 28, 5, 10], [10, 17, 256, 15, 18, 6, 22], [19, 56, 28, 160, 74, 12, 19], [11, 41, 25, 28, 126, 8, 39], [13, 21, 40, 35, 13, 34, 36], [22, 9, 34, 10, 12, 2, 95]];[0.448, 0.5660377358490566, 0.7441860465116279, 0.43478260869565216, 0.45323741007194246, 0.17708333333333334, 0.5163043478260869];0.386780905752754;0.33675649910958494;[[39, 5, 26, 2, 17, 12, 5], [3, 30, 7, 1, 18, 1, 6], [0, 2, 115, 3, 0, 1, 5], [8, 50, 13, 89, 63, 10, 13], [10, 29, 1, 10, 23, 7, 48], [15, 3, 15, 16, 5, 8, 28], [10, 1, 23, 3, 3, 3, 12]];[0.36792452830188677, 0.45454545454545453, 0.9126984126984127, 0.3617886178861789, 0.1796875, 0.08888888888888889, 0.21818181818181817];63.0;[6, 6, 7, 18, 12, 6, 8]
Cora;own;medoids;0.2;64;0.5;1;0.005;0.4;1866817562.0;0.9285714285714286;0.9226226154797584;[[6, 0, 0, 0, 0, 1, 0], [0, 5, 0, 1, 0, 0, 0], [0, 0, 8, 0, 0, 0, 0], [0, 0, 0, 20, 1, 0, 0], [0, 0, 0, 0, 11, 0, 1], [0, 0, 0, 0, 0, 6, 0], [1, 0, 0, 0, 0, 0, 9]];[0.8571428571428571, 0.8333333333333334, 1.0, 0.9523809523809523, 0.9166666666666666, 1.0, 0.9];0.5222405271828665;0.4888715266709913;[[127, 15, 30, 37, 17, 12, 10], [11, 112, 17, 23, 26, 3, 7], [17, 14, 247, 30, 11, 1, 16], [26, 49, 32, 223, 60, 8, 11], [21, 34, 18, 42, 118, 7, 24], [19, 20, 25, 44, 12, 29, 28], [30, 9, 25, 19, 9, 1, 95]];[0.5120967741935484, 0.5628140703517588, 0.7351190476190477, 0.5452322738386308, 0.44696969696969696, 0.1638418079096045, 0.5053191489361702];0.4283965728274174;0.3577727757597384;[[47, 4, 21, 7, 13, 11, 3], [5, 31, 6, 3, 14, 2, 5], [0, 1, 113, 8, 0, 1, 3], [10, 39, 5, 124, 51, 9, 8], [16, 28, 1, 16, 19, 7, 41], [18, 4, 13, 22, 6, 6, 21], [14, 1, 17, 8, 3, 2, 10]];[0.44339622641509435, 0.4696969696969697, 0.8968253968253969, 0.5040650406504065, 0.1484375, 0.06666666666666667, 0.18181818181818182];70.0;[7, 6, 8, 21, 12, 6, 10]


Cora;own;medoids;0.2;64;0.5;1;0.005;0.4;503786444.0;0.0;0.0;[[]];[];0.10999471179270227;0.09126738514969554;[[0, 23, 115, 10, 68, 27, 2], [3, 6, 16, 1, 122, 3, 0], [0, 35, 85, 39, 124, 4, 5], [8, 48, 398, 14, 53, 32, 19], [2, 61, 156, 4, 49, 25, 1], [3, 7, 77, 20, 46, 54, 1], [2, 4, 63, 1, 45, 10, 0]];[0.0, 0.039735099337748346, 0.2910958904109589, 0.024475524475524476, 0.1644295302013423, 0.25961538461538464, 0.0];0.09179926560587515;0.07289847888462152;[[0, 18, 48, 7, 24, 9, 0], [0, 1, 8, 3, 54, 0, 0], [0, 14, 36, 17, 56, 1, 2], [4, 16, 173, 4, 32, 10, 7], [0, 21, 78, 1, 18, 9, 1], [1, 2, 39, 6, 25, 16, 1], [0, 2, 25, 0, 26, 2, 0]];[0.0, 0.015151515151515152, 0.2857142857142857, 0.016260162601626018, 0.140625, 0.17777777777777778, 0.0];0.0;[]
Cora;own;medoids;0.2;64;0.5;1;0.005;0.4;503786444.0;1.0;1.0;[[2, 0, 0, 0], [0, 1, 0, 0], [0, 0, 2, 0], [0, 0, 0, 2]];[1.0, 1.0, 1.0, 1.0];0.23089171974522293;0.0969825062761404;[[4, 0, 1, 161, 0, 0, 93], [0, 0, 2, 141, 0, 0, 63], [1, 2, 12, 229, 0, 0, 35], [2, 2, 0, 362, 0, 0, 79], [0, 0, 1, 162, 0, 0, 101], [0, 0, 4, 201, 0, 0, 33], [1, 0, 0, 135, 0, 0, 57]];[0.015444015444015444, 0.0, 0.043010752688172046, 0.8134831460674158, 0.0, 0.0, 0.29533678756476683];0.2668298653610771;0.08391017012222646;[[0, 0, 1, 55, 0, 0, 50], [0, 0, 0, 45, 0, 0, 21], [0, 1, 2, 120, 0, 0, 3], [5, 1, 0, 206, 0, 0, 34], [0, 0, 0, 73, 0, 0, 55], [0, 0, 0, 87, 0, 0, 3], [0, 0, 0, 45, 0, 0, 10]];[0.0, 0.0, 0.015873015873015872, 0.8373983739837398, 0.0, 0.0, 0.18181818181818182];7.0;[2, 0, 1, 2, 0, 0, 2]
Cora;own;medoids;0.2;64;0.5;1;0.005;0.4;503786444.0;0.9285714285714286;0.9510204081632653;[[3, 0, 0, 0, 0, 0, 0], [0, 1, 0, 0, 0, 0, 0], [0, 0, 2, 0, 0, 0, 0], [0, 0, 0, 2, 0, 0, 0], [0, 0, 0, 0, 1, 0, 0], [0, 0, 0, 0, 0, 1, 0], [0, 0, 1, 0, 0, 0, 3]];[1.0, 1.0, 1.0, 1.0, 1.0, 1.0, 0.75];0.3708044752264251;0.2910872273620476;[[128, 49, 31, 29, 0, 1, 21], [33, 120, 31, 24, 0, 0, 16], [17, 31, 220, 22, 0, 1, 11], [77, 97, 39, 183, 0, 3, 27], [73, 42, 22, 68, 4, 3, 38], [36, 82, 39, 52, 0, 0, 10], [37, 54, 45, 20, 0, 0, 41]];[0.4942084942084942, 0.5357142857142857, 0.7284768211920529, 0.4295774647887324, 0.016, 0.0, 0.20812182741116753];0.4369645042839657;0.3268339731440754;[[78, 7, 11, 3, 0, 0, 7], [0, 54, 9, 2, 0, 0, 1], [0, 1, 123, 1, 1, 0, 0], [40, 76, 18, 96, 0, 1, 15], [30, 14, 0, 49, 0, 3, 32], [6, 37, 17, 28, 0, 1, 1], [7, 18, 24, 1, 0, 0, 5]];[0.7358490566037735, 0.8181818181818182, 0.9761904761904762, 0.3902439024390244, 0.0, 0.011111111111111112, 0.09090909090909091];14.0;[3, 1, 2, 2, 1, 1, 4]
Cora;own;medoids;0.2;64;0.5;1;0.005;0.4;503786444.0;0.8571428571428571;0.8867346938775509;[[3, 0, 0, 0, 0, 0, 0], [0, 2, 0, 0, 0, 0, 0], [0, 1, 3, 0, 0, 0, 1], [0, 0, 0, 2, 0, 0, 0], [0, 0, 0, 0, 3, 0, 0], [0, 0, 0, 0, 0, 1, 0], [1, 0, 0, 0, 0, 0, 4]];[1.0, 1.0, 0.6, 1.0, 1.0, 1.0, 0.8];0.37433155080213903;0.3233404922712407;[[96, 34, 26, 20, 40, 0, 40], [20, 126, 29, 10, 17, 0, 14], [9, 20, 235, 14, 13, 0, 35], [34, 69, 50, 137, 60, 0, 66], [34, 22, 34, 54, 42, 0, 63], [16, 52, 35, 33, 53, 0, 20], [23, 23, 39, 11, 38, 0, 64]];[0.375, 0.5833333333333334, 0.7208588957055214, 0.3293269230769231, 0.1686746987951807, 0.0, 0.32323232323232326];0.40514075887392903;0.35629411988689313;[[58, 7, 6, 1, 21, 0, 13], [0, 57, 7, 1, 1, 0, 0], [0, 0, 119, 1, 3, 0, 3], [21, 47, 35, 68, 36, 0, 39], [13, 2, 7, 43, 13, 0, 50], [3, 27, 15, 16, 26, 1, 2], [2, 10, 8, 0, 20, 0, 15]];[0.5471698113207547, 0.8636363636363636, 0.9444444444444444, 0.2764227642276423, 0.1015625, 0.011111111111111112, 0.2727272727272727];21.0;[3, 2, 5, 2, 3, 1, 5]
Cora;own;medoids;0.2;64;0.5;1;0.005;0.4;503786444.0;0.9285714285714286;0.9295815295815296;[[5, 0, 0, 0, 0, 0, 0], [0, 2, 0, 0, 0, 0, 0], [0, 1, 5, 0, 0, 0, 0], [0, 0, 0, 5, 0, 0, 0], [0, 0, 0, 0, 3, 0, 0], [0, 0, 0, 0, 0, 2, 0], [1, 0, 0, 0, 0, 0, 4]];[1.0, 1.0, 0.8333333333333334, 1.0, 1.0, 1.0, 0.8];0.47987117552334946;0.42228850615125296;[[123, 19, 35, 55, 8, 8, 9], [21, 108, 35, 36, 0, 4, 7], [11, 17, 249, 27, 1, 9, 5], [33, 25, 66, 283, 5, 7, 10], [33, 17, 63, 87, 23, 4, 15], [26, 28, 35, 40, 10, 61, 10], [38, 26, 36, 26, 5, 17, 47]];[0.4785992217898833, 0.5118483412322274, 0.780564263322884, 0.6596736596736597, 0.09504132231404959, 0.2904761904761905, 0.24102564102564103];0.543451652386781;0.4603931526487371;[[68, 9, 10, 3, 10, 3, 3], [0, 57, 6, 1, 0, 0, 2], [0, 3, 114, 1, 1, 0, 7], [15, 23, 30, 162, 4, 2, 10], [10, 1, 35, 71, 1, 0, 10], [6, 15, 13, 14, 6, 35, 1], [20, 8, 11, 5, 1, 3, 7]];[0.6415094339622641, 0.8636363636363636, 0.9047619047619048, 0.6585365853658537, 0.0078125, 0.3888888888888889, 0.12727272727272726];28.0;[5, 2, 6, 5, 3, 2, 5]
Cora;own;medoids;0.2;64;0.5;1;0.005;0.4;503786444.0;0.9714285714285714;0.9774891774891775;[[5, 0, 0, 0, 0, 0, 0], [0, 3, 0, 0, 0, 0, 0], [0, 0, 6, 0, 0, 0, 0], [0, 0, 0, 8, 0, 0, 0], [0, 0, 0, 0, 3, 0, 0], [0, 0, 0, 0, 0, 2, 0], [1, 0, 0, 0, 0, 0, 7]];[1.0, 1.0, 1.0, 1.0, 1.0, 1.0, 0.875];0.5177801724137931;0.46022539486203734;[[86, 13, 24, 55, 14, 6, 38], [12, 103, 27, 46, 1, 3, 12], [3, 11, 231, 40, 2, 6, 15], [15, 11, 38, 339, 11, 4, 32], [17, 11, 61, 83, 19, 4, 33], [10, 15, 26, 50, 14, 53, 32], [16, 9, 24, 32, 8, 11, 130]];[0.3644067796610169, 0.5049019607843137, 0.75, 0.7533333333333333, 0.08333333333333333, 0.265, 0.5652173913043478];0.583843329253366;0.5370720264829317;[[53, 4, 6, 8, 12, 0, 23], [0, 54, 4, 3, 0, 0, 5], [0, 2, 104, 4, 1, 0, 15], [11, 7, 17, 187, 8, 1, 15], [6, 1, 34, 62, 2, 0, 23], [1, 5, 8, 20, 13, 30, 13], [2, 1, 1, 2, 2, 0, 47]];[0.5, 0.8181818181818182, 0.8253968253968254, 0.7601626016260162, 0.015625, 0.3333333333333333, 0.8545454545454545];35.0;[5, 3, 6, 8, 3, 2, 8]
Cora;own;medoids;0.2;64;0.5;1;0.005;0.4;503786444.0;0.9047619047619048;0.9089471452916831;[[6, 0, 0, 1, 0, 0, 0], [0, 5, 0, 0, 0, 0, 1], [0, 0, 6, 0, 0, 0, 0], [0, 0, 0, 8, 0, 0, 0], [0, 0, 0, 0, 3, 0, 0], [0, 0, 1, 0, 0, 3, 0], [1, 0, 0, 0, 0, 0, 7]];[0.8571428571428571, 0.8333333333333334, 1.0, 1.0, 1.0, 0.75, 0.875];0.5413737155219037;0.49369085764733084;[[79, 29, 23, 45, 15, 11, 25], [11, 138, 25, 41, 3, 5, 12], [1, 21, 223, 32, 4, 7, 12], [10, 39, 26, 317, 10, 7, 21], [13, 31, 44, 75, 21, 5, 32], [8, 26, 21, 28, 13, 95, 23], [10, 18, 24, 21, 5, 16, 128]];[0.34801762114537443, 0.5872340425531914, 0.7433333333333333, 0.7372093023255814, 0.09502262443438914, 0.4439252336448598, 0.5765765765765766];0.5777233782129743;0.5353987933135914;[[48, 17, 7, 6, 7, 1, 20], [0, 56, 4, 1, 0, 0, 5], [0, 5, 101, 4, 1, 0, 15], [10, 38, 10, 162, 9, 3, 14], [7, 23, 27, 48, 3, 2, 18], [0, 9, 4, 3, 7, 58, 9], [2, 3, 1, 0, 2, 3, 44]];[0.4528301886792453, 0.8484848484848485, 0.8015873015873016, 0.6585365853658537, 0.0234375, 0.6444444444444445, 0.8];42.0;[7, 6, 6, 8, 3, 4, 8]
Cora;own;medoids;0.2;64;0.5;1;0.005;0.4;503786444.0;0.8571428571428571;0.8722999222999223;[[6, 1, 0, 1, 0, 0, 0], [0, 5, 0, 0, 0, 0, 2], [0, 0, 6, 0, 0, 0, 0], [1, 0, 0, 9, 0, 0, 0], [0, 0, 0, 0, 4, 0, 0], [0, 0, 0, 0, 0, 5, 0], [1, 0, 0, 0, 0, 1, 7]];[0.75, 0.7142857142857143, 1.0, 0.9, 1.0, 1.0, 0.7777777777777778];0.5510314875135722;0.5148498650885338;[[66, 41, 18, 42, 12, 13, 25], [12, 150, 17, 34, 6, 5, 19], [0, 21, 217, 26, 8, 6, 12], [6, 51, 21, 297, 19, 11, 23], [12, 42, 27, 56, 45, 13, 29], [10, 28, 12, 22, 15, 106, 27], [7, 15, 17, 16, 10, 21, 134]];[0.30414746543778803, 0.6172839506172839, 0.7482758620689656, 0.6939252336448598, 0.20089285714285715, 0.4818181818181818, 0.6090909090909091];0.572827417380661;0.5492219715854827;[[43, 19, 6, 8, 6, 1, 23], [0, 54, 4, 2, 1, 0, 5], [0, 3, 103, 4, 1, 0, 15], [5, 50, 6, 143, 15, 7, 20], [4, 31, 4, 32, 23, 17, 17], [0, 7, 4, 4, 8, 57, 10], [3, 3, 0, 1, 2, 1, 45]];[0.4056603773584906, 0.8181818181818182, 0.8174603174603174, 0.5813008130081301, 0.1796875, 0.6333333333333333, 0.8181818181818182];49.0;[8, 7, 6, 10, 4, 5, 9]
Cora;own;medoids;0.2;64;0.5;1;0.005;0.4;503786444.0;0.8214285714285714;0.822909743607588;[[6, 1, 0, 1, 0, 0, 0], [0, 6, 0, 0, 1, 0, 1], [0, 0, 7, 0, 0, 0, 0], [2, 0, 0, 10, 0, 0, 0], [0, 0, 0, 0, 4, 0, 1], [0, 1, 0, 0, 0, 6, 0], [1, 0, 0, 0, 0, 1, 7]];[0.75, 0.75, 1.0, 0.8333333333333334, 0.8, 0.8571428571428571, 0.7777777777777778];0.5482288828337875;0.5115414177075223;[[60, 39, 18, 41, 8, 10, 23], [11, 154, 17, 33, 8, 5, 16], [0, 18, 217, 25, 7, 8, 10], [6, 59, 20, 284, 18, 19, 30], [11, 42, 27, 54, 40, 16, 28], [8, 37, 14, 23, 13, 116, 29], [6, 16, 16, 14, 9, 17, 135]];[0.3015075376884422, 0.6311475409836066, 0.7614035087719299, 0.6513761467889908, 0.1834862385321101, 0.48333333333333334, 0.6338028169014085];0.5691554467564259;0.5491483669666248;[[44, 22, 6, 8, 5, 1, 20], [0, 53, 4, 2, 1, 0, 6], [0, 2, 104, 4, 1, 0, 15], [4, 48, 8, 134, 14, 11, 27], [3, 29, 4, 29, 26, 18, 19], [0, 8, 4, 4, 5, 59, 10], [3, 2, 0, 1, 2, 2, 45]];[0.41509433962264153, 0.803030303030303, 0.8253968253968254, 0.5447154471544715, 0.203125, 0.6555555555555556, 0.8181818181818182];56.0;[8, 8, 7, 12, 5, 7, 9]
Cora;own;medoids;0.2;64;0.5;1;0.005;0.4;503786444.0;0.9047619047619048;0.907303154361978;[[8, 1, 0, 0, 0, 0, 0], [0, 8, 0, 0, 1, 0, 0], [0, 0, 8, 0, 0, 0, 0], [2, 0, 0, 12, 0, 0, 0], [0, 0, 0, 0, 5, 0, 0], [0, 0, 0, 0, 0, 8, 0], [1, 0, 0, 0, 0, 1, 8]];[0.8888888888888888, 0.8888888888888888, 1.0, 0.8571428571428571, 1.0, 1.0, 0.8];0.563457330415755;0.5311499299203106;[[69, 43, 17, 36, 6, 18, 10], [7, 165, 18, 33, 4, 10, 7], [1, 22, 215, 23, 5, 8, 9], [9, 66, 18, 286, 19, 23, 23], [13, 50, 23, 48, 43, 24, 17], [12, 28, 12, 20, 6, 135, 23], [6, 20, 15, 18, 8, 20, 117]];[0.34673366834170855, 0.6762295081967213, 0.7597173144876325, 0.6441441441441441, 0.19724770642201836, 0.5720338983050848, 0.5735294117647058];0.5361077111383109;0.5103658192281343;[[38, 23, 7, 9, 3, 10, 16], [0, 54, 4, 2, 1, 0, 5], [0, 2, 104, 4, 1, 0, 15], [6, 58, 9, 123, 10, 15, 25], [3, 36, 4, 31, 20, 21, 13], [1, 8, 4, 3, 3, 61, 10], [5, 1, 0, 5, 0, 6, 38]];[0.3584905660377358, 0.8181818181818182, 0.8253968253968254, 0.5, 0.15625, 0.6777777777777778, 0.6909090909090909];63.0;[9, 9, 8, 14, 5, 8, 10]
Cora;own;medoids;0.2;64;0.5;1;0.005;0.4;503786444.0;0.8714285714285714;0.8690177825516171;[[8, 1, 0, 0, 0, 0, 0], [0, 9, 1, 0, 1, 0, 0], [0, 0, 8, 0, 1, 0, 0], [2, 0, 0, 13, 0, 0, 0], [0, 0, 0, 0, 6, 0, 0], [0, 0, 0, 0, 0, 9, 0], [2, 0, 0, 0, 0, 1, 8]];[0.8888888888888888, 0.8181818181818182, 0.8888888888888888, 0.8666666666666667, 1.0, 1.0, 0.7272727272727273];0.5507962657880285;0.5208569503329951;[[63, 54, 16, 19, 8, 16, 13], [9, 178, 18, 19, 5, 10, 9], [2, 26, 209, 20, 10, 9, 12], [10, 83, 19, 262, 16, 26, 26], [12, 60, 25, 39, 46, 19, 22], [10, 39, 13, 13, 5, 130, 20], [9, 21, 13, 13, 10, 20, 115]];[0.3333333333333333, 0.717741935483871, 0.7256944444444444, 0.5927601809954751, 0.2062780269058296, 0.5652173913043478, 0.572139303482587];0.5079559363525091;0.4931294856667482;[[35, 30, 5, 7, 6, 8, 15], [0, 54, 4, 2, 1, 0, 5], [0, 5, 102, 2, 1, 0, 16], [6, 72, 8, 103, 12, 16, 29], [1, 39, 4, 28, 22, 21, 13], [3, 10, 4, 0, 4, 61, 8], [4, 2, 0, 4, 1, 6, 38]];[0.330188679245283, 0.8181818181818182, 0.8095238095238095, 0.4186991869918699, 0.171875, 0.6777777777777778, 0.6909090909090909];70.0;[9, 11, 9, 15, 6, 9, 11]


Cora;own;medoids;0.2;64;0.5;1;0.005;0.4;1256718679.0;0.0;0.0;[[]];[];0.09148598625066102;0.08067705480116419;[[11, 3, 84, 92, 12, 6, 37], [61, 2, 22, 56, 1, 0, 9], [5, 61, 10, 202, 4, 0, 10], [6, 29, 338, 93, 38, 23, 45], [2, 11, 99, 77, 38, 36, 35], [26, 7, 24, 132, 8, 4, 7], [19, 7, 17, 62, 2, 3, 15]];[0.044897959183673466, 0.013245033112582781, 0.03424657534246575, 0.16258741258741258, 0.12751677852348994, 0.019230769230769232, 0.12];0.1003671970624235;0.08527309041530752;[[7, 1, 30, 34, 7, 2, 25], [26, 3, 7, 26, 0, 0, 4], [3, 25, 3, 88, 2, 0, 5], [3, 13, 145, 46, 14, 9, 16], [0, 3, 35, 40, 19, 13, 18], [12, 3, 18, 54, 2, 0, 1], [10, 4, 9, 27, 1, 0, 4]];[0.0660377358490566, 0.045454545454545456, 0.023809523809523808, 0.18699186991869918, 0.1484375, 0.0, 0.07272727272727272];0.0;[]
Cora;own;medoids;0.2;64;0.5;1;0.005;0.4;1256718679.0;1.0;1.0;[[3, 0, 0], [0, 3, 0], [0, 0, 1]];[1.0, 1.0, 1.0];0.28662420382165604;0.14156494062766298;[[0, 0, 0, 75, 0, 130, 23], [0, 0, 0, 51, 0, 58, 74], [0, 0, 0, 182, 0, 37, 36], [0, 0, 0, 330, 0, 64, 98], [0, 0, 0, 163, 0, 82, 34], [0, 0, 0, 60, 0, 177, 20], [0, 0, 0, 73, 0, 84, 33]];[0.0, 0.0, 0.0, 0.6707317073170732, 0.0, 0.688715953307393, 0.1736842105263158];0.3084455324357405;0.14055810652496592;[[0, 0, 0, 15, 0, 87, 4], [0, 0, 0, 8, 0, 3, 55], [0, 0, 0, 106, 0, 6, 14], [0, 0, 0, 171, 0, 19, 56], [0, 0, 0, 93, 0, 27, 8], [0, 0, 0, 5, 0, 80, 5], [0, 0, 0, 13, 0, 41, 1]];[0.0, 0.0, 0.0, 0.6951219512195121, 0.0, 0.8888888888888888, 0.01818181818181818];7.0;[0, 0, 0, 3, 0, 3, 1]
Cora;own;medoids;0.2;64;0.5;1;0.005;0.4;1256718679.0;1.0;1.0;[[1, 0, 0, 0, 0], [0, 5, 0, 0, 0], [0, 0, 2, 0, 0], [0, 0, 0, 5, 0], [0, 0, 0, 0, 1]];[1.0, 1.0, 1.0, 1.0, 1.0];0.38092701118806604;0.21951545342109394;[[0, 0, 0, 42, 6, 155, 4], [0, 2, 0, 25, 6, 103, 24], [0, 1, 0, 18, 4, 142, 10], [0, 0, 3, 255, 36, 129, 46], [1, 1, 0, 70, 86, 119, 4], [0, 4, 3, 33, 7, 356, 9], [0, 1, 0, 33, 8, 115, 16]];[0.0, 0.0125, 0.0, 0.5437100213219617, 0.30604982206405695, 0.8640776699029126, 0.09248554913294797];0.3011015911872705;0.16374762471973905;[[0, 0, 0, 13, 3, 89, 1], [0, 0, 0, 6, 2, 35, 23], [0, 0, 0, 1, 0, 124, 1], [0, 0, 0, 143, 30, 57, 16], [0, 0, 0, 45, 26, 57, 0], [0, 3, 0, 6, 4, 77, 0], [0, 0, 0, 10, 0, 45, 0]];[0.0, 0.0, 0.0, 0.5813008130081301, 0.203125, 0.8555555555555555, 0.0];14.0;[0, 1, 0, 5, 2, 5, 1]
Cora;own;medoids;0.2;64;0.5;1;0.005;0.4;1256718679.0;0.6666666666666666;0.7341269841269842;[[1, 0, 0, 0, 0, 0, 0], [0, 1, 0, 1, 0, 0, 0], [0, 0, 1, 0, 0, 0, 0], [6, 0, 0, 1, 0, 0, 0], [0, 0, 0, 0, 3, 0, 0], [0, 0, 0, 0, 0, 5, 0], [0, 0, 0, 0, 0, 0, 2]];[1.0, 0.5, 1.0, 0.14285714285714285, 1.0, 1.0, 1.0];0.332620320855615;0.260842390536507;[[60, 7, 0, 20, 17, 133, 1], [16, 31, 1, 19, 7, 78, 6], [17, 5, 0, 6, 5, 131, 6], [204, 8, 0, 42, 36, 86, 42], [48, 1, 0, 18, 114, 94, 4], [20, 3, 0, 23, 14, 338, 5], [29, 12, 0, 16, 11, 99, 37]];[0.25210084033613445, 0.1962025316455696, 0.0, 0.10047846889952153, 0.40860215053763443, 0.8387096774193549, 0.18137254901960784];0.204406364749082;0.1867735659257586;[[6, 0, 0, 11, 6, 83, 0], [3, 17, 0, 4, 2, 22, 18], [0, 1, 1, 2, 0, 119, 3], [131, 1, 0, 24, 36, 32, 22], [24, 0, 0, 14, 47, 43, 0], [3, 1, 0, 10, 4, 72, 0], [2, 0, 0, 8, 3, 42, 0]];[0.05660377358490566, 0.25757575757575757, 0.007936507936507936, 0.0975609756097561, 0.3671875, 0.8, 0.0];21.0;[1, 2, 1, 7, 3, 5, 2]
Cora;own;medoids;0.2;64;0.5;1;0.005;0.4;1256718679.0;0.7857142857142857;0.6570810142238714;[[0, 0, 0, 0, 0, 2, 1], [0, 1, 0, 1, 0, 0, 0], [0, 0, 1, 0, 1, 0, 0], [0, 0, 0, 10, 0, 0, 1], [0, 0, 0, 0, 3, 0, 0], [0, 0, 0, 0, 0, 5, 0], [0, 0, 0, 0, 0, 0, 2]];[0.0, 0.5, 0.5, 0.9090909090909091, 1.0, 1.0, 1.0];0.4068706387546967;0.3258104265641553;[[45, 8, 0, 50, 11, 113, 27], [4, 42, 0, 27, 5, 65, 10], [6, 6, 0, 17, 4, 124, 11], [16, 11, 0, 195, 27, 62, 110], [6, 6, 0, 64, 103, 83, 11], [5, 5, 0, 36, 13, 323, 13], [12, 13, 0, 31, 6, 87, 50]];[0.17716535433070865, 0.27450980392156865, 0.0, 0.46318289786223277, 0.3772893772893773, 0.8177215189873418, 0.25125628140703515];0.34149326805385555;0.30272957687823954;[[15, 0, 0, 16, 1, 73, 1], [5, 33, 0, 1, 2, 13, 12], [0, 1, 1, 0, 1, 120, 3], [13, 2, 0, 114, 25, 20, 72], [1, 0, 0, 42, 48, 34, 3], [1, 3, 0, 13, 1, 68, 4], [5, 1, 0, 9, 3, 37, 0]];[0.14150943396226415, 0.5, 0.007936507936507936, 0.4634146341463415, 0.375, 0.7555555555555555, 0.0];28.0;[3, 2, 2, 11, 3, 5, 2]
Cora;own;medoids;0.2;64;0.5;1;0.005;0.4;1256718679.0;0.8571428571428571;0.79156462585034;[[2, 0, 0, 0, 0, 1, 0], [0, 2, 0, 0, 0, 0, 0], [0, 0, 1, 0, 1, 0, 0], [0, 0, 0, 12, 0, 0, 1], [0, 0, 0, 0, 6, 0, 0], [0, 0, 0, 0, 0, 6, 0], [0, 0, 0, 0, 1, 1, 1]];[0.6666666666666666, 1.0, 0.5, 0.9230769230769231, 1.0, 1.0, 0.3333333333333333];0.4482758620689655;0.3673675891601765;[[82, 6, 0, 33, 12, 96, 11], [12, 35, 0, 14, 8, 61, 12], [8, 6, 0, 20, 6, 114, 11], [48, 8, 0, 186, 32, 64, 90], [8, 4, 0, 32, 159, 69, 9], [8, 5, 0, 33, 20, 321, 7], [14, 12, 0, 28, 11, 92, 49]];[0.3416666666666667, 0.24647887323943662, 0.0, 0.43457943925233644, 0.5658362989323843, 0.8147208121827412, 0.23786407766990292];0.3574051407588739;0.31435592864956136;[[20, 0, 0, 21, 1, 63, 1], [4, 25, 0, 6, 2, 13, 16], [0, 1, 1, 0, 1, 120, 3], [48, 2, 0, 98, 24, 18, 56], [0, 0, 0, 24, 82, 22, 0], [0, 4, 0, 15, 1, 66, 4], [3, 0, 0, 8, 2, 42, 0]];[0.18867924528301888, 0.3787878787878788, 0.007936507936507936, 0.3983739837398374, 0.640625, 0.7333333333333333, 0.0];35.0;[3, 2, 2, 13, 6, 6, 3]
Cora;own;medoids;0.2;64;0.5;1;0.005;0.4;1256718679.0;0.8809523809523809;0.8301422719625485;[[3, 0, 0, 0, 0, 0, 1], [0, 3, 0, 0, 0, 0, 0], [0, 0, 1, 0, 0, 0, 1], [0, 0, 0, 15, 0, 0, 1], [0, 0, 0, 0, 7, 0, 1], [0, 0, 0, 0, 0, 6, 0], [0, 0, 0, 0, 1, 0, 2]];[0.75, 1.0, 0.5, 0.9375, 0.875, 1.0, 0.6666666666666666];0.43645213628988644;0.3693255784415707;[[156, 4, 1, 39, 9, 109, 29], [44, 24, 0, 11, 7, 50, 9], [45, 3, 0, 17, 6, 80, 10], [57, 6, 0, 207, 19, 34, 103], [33, 2, 0, 23, 152, 48, 26], [41, 10, 0, 19, 16, 190, 11], [52, 8, 1, 18, 6, 36, 78]];[0.4495677233429395, 0.16551724137931034, 0.0, 0.4859154929577465, 0.5352112676056338, 0.662020905923345, 0.39195979899497485];0.43084455324357407;0.37052657504797265;[[60, 0, 0, 11, 2, 26, 7], [24, 15, 0, 3, 2, 14, 8], [41, 0, 0, 0, 1, 80, 4], [26, 1, 0, 123, 15, 13, 68], [12, 0, 3, 14, 78, 19, 2], [9, 5, 0, 8, 1, 62, 5], [26, 0, 0, 4, 0, 11, 14]];[0.5660377358490566, 0.22727272727272727, 0.0, 0.5, 0.609375, 0.6888888888888889, 0.2545454545454545];42.0;[4, 3, 2, 16, 8, 6, 3]
Cora;own;medoids;0.2;64;0.5;1;0.005;0.4;1256718679.0;0.8775510204081632;0.8637004351290064;[[3, 0, 0, 1, 1, 0, 0], [0, 3, 0, 0, 0, 1, 0], [0, 0, 3, 0, 0, 0, 0], [1, 0, 0, 17, 0, 0, 1], [0, 0, 0, 0, 8, 1, 0], [0, 0, 0, 0, 0, 6, 0], [0, 0, 0, 0, 0, 0, 3]];[0.6, 0.75, 1.0, 0.8947368421052632, 0.8888888888888888, 1.0, 1.0];0.46851248642779586;0.40335634195592823;[[102, 5, 2, 32, 13, 53, 14], [27, 38, 0, 17, 11, 53, 8], [51, 7, 2, 26, 8, 110, 10], [43, 10, 2, 269, 36, 42, 62], [23, 5, 3, 27, 165, 52, 18], [29, 6, 0, 23, 21, 199, 10], [30, 13, 2, 23, 10, 42, 88]];[0.46153846153846156, 0.24675324675324675, 0.009345794392523364, 0.5797413793103449, 0.5631399317406144, 0.6909722222222222, 0.4230769230769231];0.4773561811505508;0.42096069605760655;[[39, 0, 0, 13, 4, 39, 11], [13, 29, 0, 3, 3, 8, 10], [36, 1, 1, 3, 4, 78, 3], [16, 3, 3, 148, 24, 14, 38], [1, 0, 5, 15, 88, 15, 4], [6, 3, 0, 9, 1, 67, 4], [14, 0, 0, 5, 1, 17, 18]];[0.36792452830188677, 0.4393939393939394, 0.007936507936507936, 0.6016260162601627, 0.6875, 0.7444444444444445, 0.32727272727272727];49.0;[5, 4, 3, 19, 9, 6, 3]
Cora;own;medoids;0.2;64;0.5;1;0.005;0.4;1256718679.0;0.8214285714285714;0.7505774402784369;[[3, 0, 0, 1, 2, 0, 0], [0, 3, 1, 0, 0, 2, 0], [0, 0, 2, 1, 0, 1, 1], [1, 0, 0, 20, 0, 0, 0], [0, 0, 0, 0, 9, 0, 0], [0, 0, 0, 0, 0, 6, 0], [0, 0, 0, 0, 0, 0, 3]];[0.5, 0.5, 0.4, 0.9523809523809523, 1.0, 1.0, 1.0];0.47411444141689374;0.4408392236388809;[[81, 7, 19, 24, 15, 56, 6], [20, 71, 14, 17, 14, 53, 6], [27, 7, 27, 25, 8, 130, 12], [23, 10, 20, 273, 47, 44, 34], [15, 2, 12, 24, 176, 38, 10], [16, 7, 21, 24, 25, 173, 5], [18, 8, 24, 21, 15, 42, 69]];[0.3894230769230769, 0.3641025641025641, 0.11440677966101695, 0.6053215077605322, 0.6353790613718412, 0.6383763837638377, 0.350253807106599];0.4785801713586291;0.43573879210374183;[[28, 0, 18, 6, 6, 41, 7], [2, 42, 3, 2, 3, 8, 6], [25, 2, 7, 4, 4, 81, 3], [12, 4, 13, 153, 33, 11, 20], [1, 0, 11, 12, 91, 11, 2], [3, 1, 16, 6, 3, 60, 1], [7, 0, 15, 3, 3, 17, 10]];[0.2641509433962264, 0.6363636363636364, 0.05555555555555555, 0.6219512195121951, 0.7109375, 0.6666666666666666, 0.18181818181818182];56.0;[6, 6, 5, 21, 9, 6, 3]
Cora;own;medoids;0.2;64;0.5;1;0.005;0.4;1256718679.0;0.8888888888888888;0.8564546711826677;[[5, 0, 0, 1, 1, 0, 0], [0, 4, 0, 1, 0, 1, 0], [0, 0, 4, 1, 0, 1, 1], [0, 0, 0, 24, 0, 0, 0], [0, 0, 0, 0, 9, 0, 0], [0, 0, 0, 0, 0, 6, 0], [0, 0, 0, 0, 0, 0, 4]];[0.7142857142857143, 0.6666666666666666, 0.5714285714285714, 1.0, 1.0, 1.0, 1.0];0.5038293216630197;0.4727675484643878;[[90, 8, 18, 36, 11, 39, 5], [14, 71, 10, 21, 8, 33, 15], [11, 27, 65, 30, 7, 104, 7], [15, 10, 17, 338, 23, 27, 22], [8, 8, 20, 45, 147, 25, 17], [13, 11, 30, 46, 16, 136, 9], [10, 19, 41, 37, 8, 26, 74]];[0.43478260869565216, 0.4127906976744186, 0.2589641434262948, 0.7477876106194691, 0.5444444444444444, 0.5210727969348659, 0.34418604651162793];0.44430844553243576;0.3652811245282442;[[33, 2, 23, 12, 3, 27, 6], [1, 30, 1, 2, 0, 5, 27], [3, 36, 6, 6, 2, 70, 3], [10, 4, 5, 180, 24, 7, 16], [3, 1, 11, 18, 77, 10, 8], [3, 1, 28, 17, 4, 37, 0], [3, 1, 34, 10, 0, 7, 0]];[0.3113207547169811, 0.45454545454545453, 0.047619047619047616, 0.7317073170731707, 0.6015625, 0.4111111111111111, 0.0];63.0;[7, 6, 7, 24, 9, 6, 4]
Cora;own;medoids;0.2;64;0.5;1;0.005;0.4;1256718679.0;0.8571428571428571;0.8323819038104752;[[5, 0, 0, 1, 1, 0, 0], [0, 6, 0, 0, 0, 1, 0], [0, 0, 4, 2, 0, 2, 1], [0, 0, 1, 24, 0, 0, 0], [0, 0, 0, 0, 10, 1, 0], [0, 0, 0, 0, 0, 7, 0], [0, 0, 0, 0, 0, 0, 4]];[0.7142857142857143, 0.8571428571428571, 0.4444444444444444, 0.96, 0.9090909090909091, 1.0, 1.0];0.49478308621636463;0.4689474623306182;[[86, 9, 22, 27, 12, 43, 5], [13, 69, 12, 15, 9, 38, 15], [12, 21, 66, 28, 9, 111, 7], [17, 6, 14, 309, 32, 37, 32], [11, 5, 21, 33, 152, 36, 21], [11, 6, 28, 35, 20, 144, 10], [10, 13, 41, 29, 10, 34, 75]];[0.4215686274509804, 0.40350877192982454, 0.25984251968503935, 0.6912751677852349, 0.5448028673835126, 0.5669291338582677, 0.35377358490566035];0.42962056303549573;0.3539148189670949;[[34, 2, 23, 8, 4, 29, 6], [1, 22, 3, 4, 0, 8, 28], [2, 32, 6, 5, 2, 77, 2], [9, 4, 5, 169, 30, 9, 20], [4, 0, 12, 17, 77, 9, 9], [4, 1, 28, 10, 4, 43, 0], [6, 0, 35, 5, 0, 9, 0]];[0.32075471698113206, 0.3333333333333333, 0.047619047619047616, 0.6869918699186992, 0.6015625, 0.4777777777777778, 0.0];70.0;[7, 7, 9, 25, 11, 7, 4]

