dataset_name;sampler_name;subsampler;label_propagation_uncertainty_treshold;hidden_dim_size;dropout;distance_loss_weight;learning_rate;corruption;seed;Labeled accuracy;Labeled macro-f1;Labeled confusion;Labeled class accuracies;Unlabeled accuracy;Unlabeled macro-f1;Unlabeled confusion;Unlabeled class accuracies;Test accuracy;Test macro-f1;Test confusion;Test class accuracies;Budget used;Class distrubution
Cora;own;medoids;0.2;64;0.5;1;0.005;0.5;20795212.0;0.0;0.0;[[]];[];0.12956107879428874;0.11236113517774982;[[4, 9, 5, 73, 0, 84, 70], [0, 2, 3, 21, 2, 94, 29], [4, 0, 9, 4, 0, 13, 262], [15, 51, 11, 65, 14, 247, 169], [3, 26, 9, 32, 49, 76, 103], [1, 35, 4, 21, 0, 98, 49], [0, 2, 3, 13, 5, 84, 18]];[0.0163265306122449, 0.013245033112582781, 0.030821917808219176, 0.11363636363636363, 0.1644295302013423, 0.47115384615384615, 0.144];0.15177478580171358;0.1287897120137333;[[0, 4, 1, 34, 0, 44, 23], [0, 0, 3, 11, 0, 32, 20], [4, 0, 5, 1, 3, 4, 109], [6, 28, 3, 35, 12, 91, 71], [0, 7, 4, 19, 29, 20, 49], [1, 14, 2, 8, 1, 45, 19], [0, 0, 0, 3, 0, 42, 10]];[0.0, 0.0, 0.03968253968253968, 0.14227642276422764, 0.2265625, 0.5, 0.18181818181818182];0.0;[]
Cora;own;medoids;0.2;64;0.5;1;0.005;0.5;20795212.0;1.0;1.0;[[1, 0, 0, 0, 0], [0, 2, 0, 0, 0], [0, 0, 1, 0, 0], [0, 0, 0, 2, 0], [0, 0, 0, 0, 1]];[1.0, 1.0, 1.0, 1.0, 1.0];0.3179405520169851;0.22739966830452665;[[0, 0, 150, 30, 14, 39, 0], [0, 1, 93, 43, 12, 33, 0], [0, 0, 127, 29, 12, 94, 0], [0, 0, 131, 194, 19, 40, 0], [0, 0, 88, 66, 112, 40, 0], [0, 0, 118, 27, 25, 165, 0], [0, 0, 110, 23, 15, 34, 0]];[0.0, 0.005494505494505495, 0.4847328244274809, 0.5052083333333334, 0.3660130718954248, 0.4925373134328358, 0.0];0.2827417380660955;0.21390937701227722;[[0, 0, 93, 6, 2, 5, 0], [0, 0, 35, 14, 3, 14, 0], [0, 0, 4, 3, 0, 119, 0], [0, 0, 121, 119, 1, 5, 0], [0, 0, 8, 38, 82, 0, 0], [0, 0, 51, 7, 6, 26, 0], [0, 0, 46, 3, 0, 6, 0]];[0.0, 0.0, 0.031746031746031744, 0.483739837398374, 0.640625, 0.28888888888888886, 0.0];7.0;[0, 1, 2, 1, 2, 1]
Cora;own;medoids;0.2;64;0.5;1;0.005;0.5;20795212.0;0.7857142857142857;0.736734693877551;[[1, 0, 0, 0, 0, 0, 0], [0, 2, 0, 0, 0, 0, 0], [0, 0, 2, 0, 0, 0, 0], [0, 0, 0, 2, 0, 0, 0], [0, 0, 0, 0, 3, 0, 0], [0, 0, 0, 0, 1, 1, 0], [0, 0, 1, 0, 0, 1, 0]];[1.0, 1.0, 1.0, 1.0, 1.0, 0.5, 0.0];0.3425679275439531;0.28545624243700835;[[49, 4, 116, 21, 34, 39, 3], [14, 13, 48, 15, 63, 20, 2], [13, 3, 102, 15, 30, 80, 6], [45, 1, 89, 155, 41, 38, 3], [17, 2, 53, 39, 173, 32, 0], [26, 9, 67, 13, 54, 147, 4], [16, 8, 73, 17, 34, 27, 4]];[0.18421052631578946, 0.07428571428571429, 0.40963855421686746, 0.4166666666666667, 0.5474683544303798, 0.459375, 0.0223463687150838];0.28518971848225216;0.20740255890868456;[[8, 2, 72, 6, 13, 5, 0], [4, 0, 8, 1, 45, 8, 0], [3, 0, 3, 3, 0, 114, 3], [45, 1, 80, 98, 13, 7, 2], [3, 0, 6, 14, 104, 1, 0], [8, 4, 31, 2, 24, 19, 2], [8, 3, 38, 0, 1, 4, 1]];[0.07547169811320754, 0.0, 0.023809523809523808, 0.3983739837398374, 0.8125, 0.2111111111111111, 0.01818181818181818];14.0;[1, 2, 2, 2, 3, 2, 2]
Cora;own;medoids;0.2;64;0.5;1;0.005;0.5;20795212.0;0.9047619047619048;0.9071428571428571;[[1, 0, 0, 0, 0, 0, 0], [0, 4, 0, 0, 0, 0, 0], [0, 0, 2, 0, 0, 1, 0], [0, 0, 0, 3, 0, 0, 0], [0, 0, 0, 0, 4, 0, 0], [0, 0, 0, 0, 0, 3, 0], [0, 0, 0, 0, 0, 1, 2]];[1.0, 1.0, 0.6666666666666666, 1.0, 1.0, 1.0, 0.6666666666666666];0.39572192513368987;0.3613145580522241;[[44, 31, 74, 39, 10, 61, 2], [3, 84, 25, 31, 19, 29, 2], [3, 13, 88, 27, 16, 101, 0], [27, 10, 52, 185, 22, 61, 3], [7, 20, 35, 68, 125, 46, 2], [8, 31, 38, 25, 23, 195, 1], [5, 34, 38, 26, 19, 43, 19]];[0.1685823754789272, 0.43523316062176165, 0.3548387096774194, 0.5138888888888888, 0.41254125412541254, 0.6074766355140186, 0.10326086956521739];0.3329253365973072;0.2709138363092252;[[1, 24, 44, 20, 2, 15, 0], [1, 32, 4, 2, 22, 5, 0], [0, 2, 3, 3, 0, 118, 0], [35, 5, 56, 121, 4, 23, 2], [3, 0, 4, 39, 74, 7, 1], [0, 11, 19, 7, 12, 40, 1], [2, 18, 23, 0, 0, 11, 1]];[0.009433962264150943, 0.48484848484848486, 0.023809523809523808, 0.491869918699187, 0.578125, 0.4444444444444444, 0.01818181818181818];21.0;[1, 4, 3, 3, 4, 3, 3]
Cora;own;medoids;0.2;64;0.5;1;0.005;0.5;20795212.0;0.9285714285714286;0.9142857142857143;[[5, 0, 0, 0, 0, 0, 0], [0, 4, 0, 0, 0, 0, 0], [0, 0, 2, 0, 0, 1, 0], [0, 0, 0, 3, 0, 0, 0], [0, 0, 0, 0, 6, 0, 0], [0, 0, 0, 0, 0, 4, 0], [0, 0, 0, 0, 0, 1, 2]];[1.0, 1.0, 0.6666666666666666, 1.0, 1.0, 1.0, 0.6666666666666666];0.42351046698872785;0.4069177702147705;[[179, 15, 37, 14, 11, 38, 3], [45, 72, 14, 11, 17, 22, 3], [40, 8, 71, 15, 10, 93, 4], [82, 5, 44, 137, 16, 55, 7], [67, 10, 13, 31, 116, 49, 4], [82, 4, 24, 8, 21, 186, 2], [62, 9, 13, 15, 13, 38, 28]];[0.6026936026936027, 0.391304347826087, 0.2946058091286307, 0.3959537572254335, 0.4, 0.5688073394495413, 0.15730337078651685];0.34516523867809057;0.3387718605275268;[[71, 3, 20, 2, 2, 7, 1], [2, 34, 6, 1, 18, 5, 0], [0, 1, 3, 3, 0, 119, 0], [70, 4, 58, 83, 1, 26, 4], [26, 0, 4, 9, 72, 15, 2], [41, 1, 19, 1, 11, 15, 2], [35, 1, 4, 0, 0, 11, 4]];[0.6698113207547169, 0.5151515151515151, 0.023809523809523808, 0.33739837398373984, 0.5625, 0.16666666666666666, 0.07272727272727272];28.0;[5, 4, 3, 3, 6, 4, 3]
Cora;own;medoids;0.2;64;0.5;1;0.005;0.5;20795212.0;0.9142857142857143;0.9092336235193378;[[6, 0, 0, 0, 0, 1, 0], [0, 5, 0, 0, 0, 0, 0], [0, 0, 3, 0, 0, 0, 0], [0, 0, 0, 4, 0, 0, 0], [0, 0, 0, 0, 7, 0, 0], [0, 0, 1, 0, 0, 4, 0], [0, 0, 0, 0, 0, 1, 3]];[0.8571428571428571, 1.0, 1.0, 1.0, 1.0, 0.8, 0.75];0.4418103448275862;0.43810569742005245;[[170, 12, 34, 12, 10, 34, 17], [35, 83, 15, 10, 15, 28, 8], [31, 5, 73, 13, 10, 87, 12], [66, 5, 44, 139, 14, 49, 22], [55, 7, 13, 24, 113, 49, 21], [48, 4, 33, 8, 17, 177, 39], [42, 10, 12, 16, 13, 37, 65]];[0.5882352941176471, 0.42783505154639173, 0.31601731601731603, 0.41002949852507375, 0.40070921985815605, 0.5429447852760736, 0.3333333333333333];0.33659730722154224;0.3416642111585566;[[68, 2, 18, 5, 3, 5, 5], [1, 35, 6, 1, 19, 4, 0], [1, 2, 5, 4, 0, 114, 0], [68, 3, 57, 80, 1, 29, 8], [28, 0, 3, 6, 68, 18, 5], [9, 2, 20, 1, 8, 9, 41], [29, 3, 4, 0, 0, 9, 10]];[0.6415094339622641, 0.5303030303030303, 0.03968253968253968, 0.3252032520325203, 0.53125, 0.1, 0.18181818181818182];35.0;[7, 5, 3, 4, 7, 5, 4]
Cora;own;medoids;0.2;64;0.5;1;0.005;0.5;20795212.0;0.9047619047619048;0.9158424908424908;[[7, 0, 0, 0, 0, 1, 1], [0, 6, 0, 0, 0, 0, 0], [0, 0, 3, 0, 0, 0, 0], [0, 0, 0, 5, 0, 0, 0], [0, 0, 0, 0, 7, 0, 0], [0, 0, 0, 0, 1, 5, 0], [0, 0, 0, 0, 0, 1, 5]];[0.7777777777777778, 1.0, 1.0, 1.0, 1.0, 0.8333333333333334, 0.8333333333333334];0.4488912925905895;0.44766968374676547;[[160, 10, 33, 9, 11, 24, 63], [21, 87, 10, 10, 10, 20, 33], [18, 9, 56, 12, 10, 69, 38], [62, 7, 24, 135, 8, 35, 63], [35, 10, 10, 19, 108, 41, 48], [34, 5, 13, 7, 16, 171, 77], [24, 11, 6, 14, 12, 28, 113]];[0.5161290322580645, 0.45549738219895286, 0.2641509433962264, 0.4041916167664671, 0.3985239852398524, 0.5294117647058824, 0.5432692307692307];0.3463892288861689;0.3570649134368285;[[39, 8, 8, 2, 2, 4, 43], [1, 40, 6, 1, 14, 4, 0], [2, 2, 10, 4, 0, 107, 1], [75, 3, 36, 81, 3, 24, 24], [24, 1, 3, 7, 71, 11, 11], [5, 3, 15, 0, 7, 8, 52], [9, 5, 2, 0, 0, 5, 34]];[0.36792452830188677, 0.6060606060606061, 0.07936507936507936, 0.32926829268292684, 0.5546875, 0.08888888888888889, 0.6181818181818182];42.0;[9, 6, 3, 5, 7, 6, 6]
Cora;own;medoids;0.2;64;0.5;1;0.005;0.5;20795212.0;0.7959183673469388;0.7926470588235296;[[7, 0, 0, 0, 0, 1, 1], [0, 7, 0, 0, 0, 1, 0], [0, 0, 3, 0, 1, 0, 0], [0, 0, 0, 5, 0, 0, 1], [0, 0, 0, 0, 7, 0, 0], [0, 0, 1, 0, 1, 5, 0], [1, 0, 0, 1, 0, 1, 5]];[0.7777777777777778, 0.875, 0.75, 0.8333333333333334, 1.0, 0.7142857142857143, 0.625];0.4533116178067318;0.45326538775373537;[[151, 10, 26, 12, 9, 28, 63], [17, 92, 8, 11, 9, 27, 29], [13, 7, 57, 16, 12, 73, 34], [53, 7, 24, 143, 9, 37, 67], [28, 8, 9, 25, 102, 46, 45], [28, 7, 18, 10, 12, 176, 75], [21, 10, 6, 15, 8, 35, 114]];[0.5050167224080268, 0.47668393782383417, 0.2688679245283019, 0.42058823529411765, 0.38783269961977185, 0.5398773006134969, 0.5454545454545454];0.35128518971848227;0.36613271319903085;[[29, 6, 9, 3, 2, 9, 48], [2, 41, 5, 1, 13, 4, 0], [0, 1, 9, 6, 0, 108, 2], [68, 3, 28, 88, 3, 28, 28], [23, 0, 3, 9, 69, 12, 12], [5, 1, 17, 0, 4, 17, 46], [8, 3, 3, 0, 0, 7, 34]];[0.27358490566037735, 0.6212121212121212, 0.07142857142857142, 0.35772357723577236, 0.5390625, 0.18888888888888888, 0.6181818181818182];49.0;[9, 8, 4, 6, 7, 7, 8]
Cora;own;medoids;0.2;64;0.5;1;0.005;0.5;20795212.0;0.8035714285714286;0.8019160295697227;[[8, 0, 0, 0, 0, 1, 2], [0, 8, 0, 0, 0, 1, 0], [0, 0, 4, 0, 1, 0, 0], [0, 0, 0, 6, 0, 0, 1], [0, 0, 0, 0, 8, 1, 0], [0, 0, 1, 0, 1, 5, 0], [0, 0, 0, 1, 0, 1, 6]];[0.7272727272727273, 0.8888888888888888, 0.8, 0.8571428571428571, 0.8888888888888888, 0.7142857142857143, 0.75];0.4485013623978202;0.4464016277129523;[[149, 17, 32, 9, 10, 31, 53], [22, 93, 11, 10, 11, 29, 19], [18, 12, 63, 16, 13, 76, 26], [55, 11, 30, 127, 7, 44, 48], [30, 12, 12, 19, 113, 47, 39], [25, 10, 23, 8, 12, 177, 60], [28, 16, 7, 13, 7, 34, 101]];[0.4950166112956811, 0.47692307692307695, 0.28125, 0.3944099378881988, 0.41544117647058826, 0.5619047619047619, 0.49029126213592233];0.35495716034271724;0.3705685583455444;[[35, 12, 13, 1, 2, 6, 37], [2, 42, 5, 1, 12, 4, 0], [1, 2, 11, 5, 0, 106, 1], [81, 3, 38, 77, 2, 28, 17], [22, 0, 3, 7, 74, 12, 10], [6, 3, 19, 0, 4, 22, 36], [13, 5, 3, 0, 0, 5, 29]];[0.330188679245283, 0.6363636363636364, 0.0873015873015873, 0.3130081300813008, 0.578125, 0.24444444444444444, 0.5272727272727272];56.0;[11, 9, 5, 7, 9, 7, 8]
Cora;own;medoids;0.2;64;0.5;1;0.005;0.5;20795212.0;0.873015873015873;0.8685162999072773;[[12, 0, 0, 1, 1, 0, 1], [0, 9, 0, 0, 0, 1, 0], [0, 0, 6, 0, 0, 0, 0], [0, 0, 0, 7, 0, 0, 0], [0, 0, 0, 0, 8, 1, 0], [0, 0, 1, 0, 1, 5, 0], [0, 0, 0, 1, 0, 0, 8]];[0.8, 0.9, 1.0, 1.0, 0.8888888888888888, 0.7142857142857143, 0.8888888888888888];0.48194748358862144;0.478532729002153;[[193, 18, 16, 7, 10, 21, 41], [29, 99, 9, 10, 6, 27, 15], [26, 11, 74, 12, 10, 54, 31], [84, 10, 26, 118, 8, 39, 34], [48, 12, 19, 17, 108, 35, 25], [38, 9, 24, 7, 13, 170, 48], [35, 15, 7, 12, 8, 21, 119]];[0.630718954248366, 0.5076923076923077, 0.3394495412844037, 0.36990595611285265, 0.4090909090909091, 0.5501618122977346, 0.5483870967741935];0.3317013463892289;0.3472962018288004;[[47, 12, 10, 1, 0, 9, 27], [2, 46, 3, 1, 9, 4, 1], [4, 2, 12, 4, 0, 92, 12], [97, 6, 38, 65, 2, 24, 14], [19, 1, 19, 6, 65, 14, 4], [12, 6, 11, 0, 4, 17, 40], [25, 5, 3, 0, 0, 3, 19]];[0.44339622641509435, 0.696969696969697, 0.09523809523809523, 0.26422764227642276, 0.5078125, 0.18888888888888888, 0.34545454545454546];63.0;[15, 10, 6, 7, 9, 7, 9]
Cora;own;medoids;0.2;64;0.5;1;0.005;0.5;20795212.0;0.8571428571428571;0.8466783468598351;[[13, 0, 0, 1, 1, 0, 0], [1, 10, 0, 0, 0, 1, 0], [0, 0, 6, 0, 0, 0, 1], [0, 0, 1, 8, 0, 0, 0], [0, 0, 0, 0, 9, 2, 0], [0, 0, 1, 0, 1, 5, 0], [0, 0, 0, 0, 0, 0, 9]];[0.8666666666666667, 0.8333333333333334, 0.8571428571428571, 0.8888888888888888, 0.8181818181818182, 0.7142857142857143, 1.0];0.4914881933003844;0.48549839464617495;[[187, 18, 12, 7, 19, 24, 34], [25, 102, 5, 10, 16, 28, 10], [26, 12, 60, 11, 13, 59, 22], [82, 10, 27, 122, 17, 39, 31], [40, 12, 9, 15, 144, 36, 19], [43, 10, 17, 7, 18, 168, 39], [37, 16, 4, 12, 13, 22, 112]];[0.6212624584717608, 0.5204081632653061, 0.2955665024630542, 0.3719512195121951, 0.5236363636363637, 0.5562913907284768, 0.5185185185185185];0.36474908200734396;0.3684202499641101;[[47, 11, 10, 1, 3, 9, 25], [2, 44, 2, 1, 12, 4, 1], [4, 2, 10, 4, 0, 97, 9], [97, 7, 29, 70, 5, 27, 11], [8, 0, 14, 5, 90, 10, 1], [16, 6, 10, 0, 7, 18, 33], [26, 5, 2, 0, 0, 3, 19]];[0.44339622641509435, 0.6666666666666666, 0.07936507936507936, 0.2845528455284553, 0.703125, 0.2, 0.34545454545454546];70.0;[15, 12, 7, 9, 11, 7, 9]


Cora;own;medoids;0.2;64;0.5;1;0.005;0.5;649695571.0;0.0;0.0;[[]];[];0.17662612374405076;0.1071748295620931;[[41, 6, 2, 72, 6, 93, 25], [51, 0, 0, 64, 4, 15, 17], [238, 0, 3, 32, 3, 4, 12], [53, 20, 22, 243, 7, 187, 40], [30, 1, 18, 107, 8, 103, 31], [31, 6, 23, 53, 7, 26, 62], [8, 3, 20, 34, 12, 35, 13]];[0.1673469387755102, 0.0, 0.010273972602739725, 0.42482517482517484, 0.026845637583892617, 0.125, 0.104];0.17503059975520197;0.106140038288938;[[18, 0, 1, 29, 3, 40, 15], [25, 0, 0, 26, 4, 5, 6], [108, 0, 1, 11, 3, 2, 1], [29, 10, 6, 101, 8, 75, 17], [7, 1, 5, 58, 3, 41, 13], [8, 3, 9, 30, 3, 15, 22], [6, 4, 11, 14, 6, 9, 5]];[0.16981132075471697, 0.0, 0.007936507936507936, 0.4105691056910569, 0.0234375, 0.16666666666666666, 0.09090909090909091];0.0;[]
Cora;own;medoids;0.2;64;0.5;1;0.005;0.5;649695571.0;1.0;1.0;[[1, 0, 0, 0, 0, 0], [0, 1, 0, 0, 0, 0], [0, 0, 1, 0, 0, 0], [0, 0, 0, 1, 0, 0], [0, 0, 0, 0, 2, 0], [0, 0, 0, 0, 0, 1]];[1.0, 1.0, 1.0, 1.0, 1.0, 1.0];0.2632696390658174;0.2166816169221084;[[65, 15, 31, 0, 30, 110, 1], [13, 11, 41, 0, 22, 147, 1], [13, 5, 145, 0, 30, 67, 18], [23, 2, 55, 0, 90, 213, 2], [32, 4, 23, 0, 86, 118, 1], [18, 6, 31, 0, 23, 178, 3], [17, 24, 31, 0, 30, 98, 11]];[0.25793650793650796, 0.04680851063829787, 0.5215827338129496, 0.0, 0.32575757575757575, 0.6872586872586872, 0.052132701421800945];0.34761321909424725;0.2738717951494133;[[44, 5, 4, 0, 3, 50, 0], [1, 0, 18, 0, 1, 43, 3], [3, 0, 109, 0, 0, 4, 10], [14, 0, 27, 0, 88, 115, 2], [13, 0, 4, 0, 49, 62, 0], [3, 1, 4, 0, 0, 82, 0], [3, 22, 5, 0, 0, 25, 0]];[0.41509433962264153, 0.0, 0.8650793650793651, 0.0, 0.3828125, 0.9111111111111111, 0.0];7.0;[1, 1, 1, 0, 1, 2, 1]
Cora;own;medoids;0.2;64;0.5;1;0.005;0.5;649695571.0;1.0;1.0;[[3, 0, 0, 0, 0, 0], [0, 1, 0, 0, 0, 0], [0, 0, 3, 0, 0, 0], [0, 0, 0, 2, 0, 0], [0, 0, 0, 0, 2, 0], [0, 0, 0, 0, 0, 3]];[1.0, 1.0, 1.0, 1.0, 1.0, 1.0];0.2882258923814598;0.2383040265858626;[[121, 6, 40, 0, 21, 76, 18], [27, 7, 60, 0, 12, 73, 46], [27, 1, 176, 0, 14, 35, 42], [82, 1, 72, 0, 38, 70, 99], [56, 2, 62, 0, 45, 58, 23], [40, 2, 31, 0, 10, 133, 36], [31, 16, 51, 0, 10, 48, 59]];[0.42907801418439717, 0.03111111111111111, 0.5966101694915255, 0.0, 0.18292682926829268, 0.5277777777777778, 0.2744186046511628];0.3378212974296206;0.27044064693963865;[[61, 0, 6, 0, 3, 30, 6], [4, 0, 23, 0, 0, 19, 20], [2, 0, 104, 0, 0, 3, 17], [67, 0, 37, 0, 36, 32, 74], [18, 0, 48, 0, 32, 30, 0], [5, 0, 1, 0, 0, 77, 7], [5, 16, 8, 0, 0, 24, 2]];[0.5754716981132075, 0.0, 0.8253968253968254, 0.0, 0.25, 0.8555555555555555, 0.03636363636363636];14.0;[3, 1, 3, 0, 2, 2, 3]
Cora;own;medoids;0.2;64;0.5;1;0.005;0.5;649695571.0;1.0;1.0;[[3, 0, 0, 0, 0, 0, 0], [0, 4, 0, 0, 0, 0, 0], [0, 0, 4, 0, 0, 0, 0], [0, 0, 0, 1, 0, 0, 0], [0, 0, 0, 0, 3, 0, 0], [0, 0, 0, 0, 0, 3, 0], [0, 0, 0, 0, 0, 0, 3]];[1.0, 1.0, 1.0, 1.0, 1.0, 1.0, 1.0];0.3663101604278075;0.3354098606625651;[[92, 26, 25, 0, 17, 98, 6], [16, 139, 25, 0, 15, 44, 17], [17, 36, 160, 0, 12, 41, 28], [59, 96, 35, 0, 32, 80, 41], [28, 31, 31, 0, 87, 58, 9], [26, 21, 19, 0, 15, 161, 22], [26, 46, 27, 0, 11, 49, 46]];[0.3484848484848485, 0.54296875, 0.54421768707483, 0.0, 0.35655737704918034, 0.6098484848484849, 0.22439024390243903];0.3623011015911873;0.32593576571878174;[[23, 7, 4, 0, 1, 67, 4], [2, 57, 1, 0, 1, 4, 1], [4, 8, 91, 0, 0, 4, 19], [60, 78, 21, 1, 20, 40, 26], [16, 23, 22, 0, 43, 24, 0], [4, 4, 0, 0, 0, 79, 3], [3, 14, 8, 0, 0, 28, 2]];[0.2169811320754717, 0.8636363636363636, 0.7222222222222222, 0.0040650406504065045, 0.3359375, 0.8777777777777778, 0.03636363636363636];21.0;[3, 4, 4, 1, 3, 3, 3]
Cora;own;medoids;0.2;64;0.5;1;0.005;0.5;649695571.0;0.9285714285714286;0.9323216466073608;[[3, 0, 0, 0, 0, 0, 0], [0, 4, 1, 0, 0, 0, 0], [0, 0, 6, 0, 0, 0, 0], [0, 0, 0, 3, 1, 0, 0], [0, 0, 0, 0, 3, 0, 0], [0, 0, 0, 0, 0, 4, 0], [0, 0, 0, 0, 0, 0, 3]];[1.0, 0.8, 1.0, 0.75, 1.0, 1.0, 1.0];0.4068706387546967;0.37207010999534706;[[78, 25, 37, 14, 16, 67, 6], [9, 128, 45, 18, 9, 33, 11], [7, 32, 262, 11, 8, 32, 11], [32, 80, 73, 57, 21, 50, 30], [12, 26, 52, 35, 59, 42, 4], [13, 21, 28, 22, 7, 141, 15], [10, 33, 51, 24, 5, 28, 33]];[0.32098765432098764, 0.5059288537549407, 0.721763085399449, 0.1661807580174927, 0.2565217391304348, 0.5708502024291497, 0.1793478260869565];0.37454100367197063;0.3274484586499046;[[19, 8, 18, 7, 0, 50, 4], [1, 58, 4, 0, 1, 1, 1], [0, 3, 112, 0, 0, 0, 11], [42, 75, 46, 24, 12, 26, 21], [12, 15, 29, 32, 26, 14, 0], [3, 8, 3, 0, 1, 66, 9], [1, 6, 34, 4, 0, 9, 1]];[0.1792452830188679, 0.8787878787878788, 0.8888888888888888, 0.0975609756097561, 0.203125, 0.7333333333333333, 0.01818181818181818];28.0;[3, 5, 6, 4, 3, 4, 3]
Cora;own;medoids;0.2;64;0.5;1;0.005;0.5;649695571.0;0.8857142857142857;0.887528344671202;[[4, 0, 1, 0, 0, 0, 0], [0, 4, 1, 0, 0, 0, 0], [0, 0, 6, 0, 0, 0, 0], [0, 0, 0, 4, 1, 0, 0], [0, 0, 0, 0, 4, 0, 0], [0, 0, 0, 0, 0, 5, 0], [1, 0, 0, 0, 0, 0, 4]];[0.8, 0.8, 1.0, 0.8, 1.0, 1.0, 0.8];0.42780172413793105;0.40071603855696997;[[81, 14, 31, 21, 15, 68, 4], [13, 124, 35, 23, 8, 32, 16], [10, 20, 257, 17, 9, 29, 18], [34, 27, 52, 91, 21, 60, 57], [23, 7, 42, 53, 58, 41, 5], [20, 13, 19, 24, 6, 142, 22], [25, 16, 42, 29, 4, 37, 41]];[0.34615384615384615, 0.4940239043824701, 0.7138888888888889, 0.26608187134502925, 0.25327510917030566, 0.5772357723577236, 0.211340206185567];0.390452876376989;0.3569990956336815;[[25, 2, 20, 13, 1, 44, 1], [2, 56, 5, 0, 1, 1, 1], [1, 3, 109, 0, 1, 0, 12], [49, 29, 36, 36, 17, 37, 42], [14, 6, 25, 45, 23, 15, 0], [2, 12, 1, 3, 0, 69, 3], [1, 6, 33, 4, 0, 10, 1]];[0.2358490566037736, 0.8484848484848485, 0.8650793650793651, 0.14634146341463414, 0.1796875, 0.7666666666666667, 0.01818181818181818];35.0;[5, 5, 6, 5, 4, 5, 5]
Cora;own;medoids;0.2;64;0.5;1;0.005;0.5;649695571.0;0.8333333333333334;0.8310606060606059;[[4, 0, 1, 0, 0, 0, 0], [0, 5, 0, 0, 0, 0, 0], [0, 0, 7, 0, 1, 0, 0], [0, 1, 0, 6, 1, 1, 0], [0, 0, 0, 0, 4, 0, 0], [0, 0, 0, 0, 0, 5, 1], [1, 0, 0, 0, 0, 0, 4]];[0.8, 1.0, 0.875, 0.6666666666666666, 1.0, 0.8333333333333334, 0.8];0.42076798269334775;0.3937646640092111;[[71, 12, 28, 40, 11, 58, 5], [13, 116, 33, 28, 7, 26, 14], [6, 18, 255, 34, 14, 23, 23], [31, 24, 37, 118, 12, 45, 68], [14, 5, 44, 69, 44, 30, 10], [17, 14, 22, 46, 6, 131, 38], [19, 16, 39, 39, 3, 30, 43]];[0.31555555555555553, 0.48945147679324896, 0.6836461126005362, 0.3522388059701492, 0.2037037037037037, 0.4781021897810219, 0.2275132275132275];0.3990208078335373;0.37685797943057536;[[23, 3, 16, 27, 0, 36, 1], [1, 53, 5, 1, 1, 1, 4], [0, 3, 108, 0, 1, 0, 14], [37, 20, 33, 57, 12, 23, 64], [11, 5, 25, 57, 19, 9, 2], [1, 11, 2, 7, 1, 62, 6], [1, 4, 30, 9, 0, 7, 4]];[0.2169811320754717, 0.803030303030303, 0.8571428571428571, 0.23170731707317074, 0.1484375, 0.6888888888888889, 0.07272727272727272];42.0;[5, 5, 8, 9, 4, 6, 5]
Cora;own;medoids;0.2;64;0.5;1;0.005;0.5;649695571.0;0.8775510204081632;0.8789272321881016;[[6, 0, 1, 0, 0, 0, 0], [0, 5, 0, 0, 0, 0, 0], [0, 0, 7, 0, 1, 0, 0], [0, 1, 0, 10, 1, 1, 0], [0, 0, 0, 0, 5, 0, 0], [0, 0, 0, 0, 0, 5, 1], [0, 0, 0, 0, 0, 0, 5]];[0.8571428571428571, 1.0, 0.875, 0.7692307692307693, 1.0, 0.8333333333333334, 1.0];0.4554831704668838;0.4288869026625572;[[73, 14, 28, 45, 14, 52, 3], [3, 118, 25, 40, 14, 25, 6], [3, 20, 247, 34, 21, 23, 14], [19, 32, 35, 166, 19, 61, 27], [8, 6, 36, 70, 55, 33, 6], [9, 12, 20, 44, 18, 138, 22], [10, 15, 32, 48, 7, 30, 42]];[0.31877729257641924, 0.5108225108225108, 0.6823204419889503, 0.4623955431754875, 0.2570093457943925, 0.5247148288973384, 0.22826086956521738];0.423500611995104;0.37968792383840116;[[27, 3, 13, 20, 1, 41, 1], [1, 56, 5, 1, 1, 2, 0], [1, 4, 105, 1, 1, 2, 12], [23, 27, 24, 89, 12, 44, 27], [4, 5, 22, 63, 23, 11, 0], [0, 9, 0, 13, 19, 45, 4], [1, 5, 31, 10, 0, 7, 1]];[0.25471698113207547, 0.8484848484848485, 0.8333333333333334, 0.3617886178861789, 0.1796875, 0.5, 0.01818181818181818];49.0;[7, 5, 8, 13, 5, 6, 5]
Cora;own;medoids;0.2;64;0.5;1;0.005;0.5;649695571.0;0.9107142857142857;0.9181185963794661;[[8, 0, 2, 0, 0, 0, 0], [0, 6, 0, 0, 0, 0, 0], [0, 0, 8, 0, 0, 0, 0], [0, 1, 0, 10, 1, 1, 0], [0, 0, 0, 0, 6, 0, 0], [0, 0, 0, 0, 0, 7, 0], [0, 0, 0, 0, 0, 0, 6]];[0.8, 1.0, 1.0, 0.7692307692307693, 1.0, 1.0, 1.0];0.46920980926430517;0.44169204397756934;[[102, 15, 31, 35, 13, 44, 5], [12, 124, 29, 22, 14, 26, 8], [17, 21, 252, 18, 15, 19, 10], [26, 30, 48, 142, 17, 64, 27], [19, 10, 38, 41, 56, 35, 7], [17, 13, 19, 31, 19, 143, 20], [13, 17, 38, 35, 6, 30, 42]];[0.4163265306122449, 0.5276595744680851, 0.7159090909090909, 0.4011299435028249, 0.27184466019417475, 0.5458015267175572, 0.23204419889502761];0.40269277845777235;0.3658686144923466;[[45, 2, 7, 18, 1, 30, 3], [2, 51, 7, 2, 0, 2, 2], [6, 4, 102, 2, 1, 1, 10], [24, 30, 39, 67, 11, 51, 24], [13, 27, 22, 32, 21, 10, 3], [5, 9, 0, 10, 22, 40, 4], [5, 4, 29, 7, 0, 7, 3]];[0.42452830188679247, 0.7727272727272727, 0.8095238095238095, 0.27235772357723576, 0.1640625, 0.4444444444444444, 0.05454545454545454];56.0;[10, 6, 8, 13, 6, 7, 6]
Cora;own;medoids;0.2;64;0.5;1;0.005;0.5;649695571.0;0.9047619047619048;0.9005169247186054;[[12, 0, 1, 0, 0, 0, 0], [0, 6, 0, 0, 1, 0, 0], [0, 0, 8, 0, 0, 0, 0], [0, 0, 0, 12, 1, 1, 1], [0, 1, 0, 0, 6, 0, 0], [0, 0, 0, 0, 0, 7, 0], [0, 0, 0, 0, 0, 0, 6]];[0.9230769230769231, 0.8571428571428571, 1.0, 0.8, 0.8571428571428571, 1.0, 1.0];0.49288840262582057;0.4632881771162678;[[171, 15, 27, 31, 13, 33, 3], [21, 111, 27, 20, 13, 19, 5], [32, 15, 246, 14, 13, 17, 10], [53, 19, 45, 150, 12, 47, 26], [31, 16, 36, 34, 57, 28, 5], [25, 10, 14, 27, 24, 126, 16], [24, 12, 35, 36, 9, 15, 40]];[0.5836177474402731, 0.5138888888888888, 0.7089337175792507, 0.42613636363636365, 0.2753623188405797, 0.5206611570247934, 0.23391812865497075];0.4173806609547124;0.3735485797971355;[[60, 1, 2, 13, 0, 27, 3], [4, 46, 7, 4, 0, 2, 3], [11, 2, 98, 1, 2, 2, 10], [37, 22, 38, 80, 9, 39, 21], [17, 27, 23, 29, 21, 9, 2], [13, 5, 1, 9, 24, 34, 4], [15, 4, 21, 10, 0, 3, 2]];[0.5660377358490566, 0.696969696969697, 0.7777777777777778, 0.3252032520325203, 0.1640625, 0.37777777777777777, 0.03636363636363636];63.0;[13, 7, 8, 15, 7, 7, 6]
Cora;own;medoids;0.2;64;0.5;1;0.005;0.5;649695571.0;0.9428571428571428;0.9364326219589378;[[13, 0, 1, 0, 0, 0, 0], [0, 7, 0, 0, 1, 0, 0], [0, 0, 9, 0, 0, 0, 0], [0, 0, 0, 16, 1, 0, 0], [0, 0, 0, 0, 7, 0, 0], [0, 0, 0, 0, 0, 7, 0], [0, 0, 0, 0, 0, 1, 7]];[0.9285714285714286, 0.875, 1.0, 0.9411764705882353, 1.0, 1.0, 0.875];0.5112575507962658;0.48477961913831674;[[166, 9, 35, 36, 7, 35, 2], [19, 97, 32, 23, 10, 24, 11], [26, 7, 260, 17, 13, 14, 8], [40, 10, 69, 176, 8, 38, 18], [25, 3, 43, 44, 59, 29, 3], [22, 6, 25, 24, 17, 126, 11], [24, 5, 38, 39, 6, 15, 47]];[0.5724137931034483, 0.44907407407407407, 0.7536231884057971, 0.49025069637883006, 0.28640776699029125, 0.5454545454545454, 0.27011494252873564];0.42717258261933905;0.3865355700284838;[[46, 1, 8, 16, 0, 32, 3], [2, 37, 9, 6, 1, 2, 9], [8, 0, 103, 1, 1, 1, 12], [36, 10, 53, 98, 3, 31, 15], [16, 12, 26, 35, 28, 9, 2], [18, 6, 0, 8, 18, 33, 7], [11, 1, 23, 12, 0, 4, 4]];[0.4339622641509434, 0.5606060606060606, 0.8174603174603174, 0.3983739837398374, 0.21875, 0.36666666666666664, 0.07272727272727272];70.0;[14, 8, 9, 17, 7, 7, 8]


Cora;own;medoids;0.2;64;0.5;1;0.005;0.5;831763849.0;0.0;0.0;[[]];[];0.2083553675304072;0.12726595665224244;[[91, 9, 49, 80, 11, 0, 5], [110, 0, 10, 26, 1, 1, 3], [25, 132, 4, 98, 8, 2, 23], [51, 21, 62, 266, 55, 1, 116], [23, 39, 30, 157, 29, 8, 12], [86, 2, 49, 47, 11, 3, 10], [17, 17, 67, 4, 8, 11, 1]];[0.37142857142857144, 0.0, 0.0136986301369863, 0.46503496503496505, 0.09731543624161074, 0.014423076923076924, 0.008];0.20318237454100369;0.12488763801267162;[[43, 4, 22, 30, 4, 0, 3], [45, 2, 4, 13, 1, 1, 0], [13, 57, 3, 41, 2, 0, 10], [20, 9, 28, 109, 23, 0, 57], [12, 13, 13, 66, 8, 6, 10], [39, 1, 22, 16, 7, 0, 5], [5, 3, 36, 2, 5, 3, 1]];[0.4056603773584906, 0.030303030303030304, 0.023809523809523808, 0.44308943089430897, 0.0625, 0.0, 0.01818181818181818];0.0;[]
Cora;own;medoids;0.2;64;0.5;1;0.005;0.5;831763849.0;1.0;1.0;[[1, 0, 0, 0, 0], [0, 2, 0, 0, 0], [0, 0, 1, 0, 0], [0, 0, 0, 2, 0], [0, 0, 0, 0, 1]];[1.0, 1.0, 1.0, 1.0, 1.0];0.2208067940552017;0.16152034988599354;[[32, 9, 71, 167, 0, 16, 0], [22, 12, 48, 102, 0, 22, 0], [47, 9, 146, 95, 0, 20, 0], [21, 34, 147, 156, 0, 21, 0], [54, 5, 80, 117, 0, 18, 0], [17, 4, 54, 80, 0, 70, 0], [14, 10, 54, 88, 0, 22, 0]];[0.10847457627118644, 0.05825242718446602, 0.4605678233438486, 0.41160949868073876, 0.0, 0.3111111111111111, 0.0];0.2974296205630355;0.21552414160773292;[[0, 0, 13, 91, 0, 2, 0], [15, 2, 21, 23, 0, 5, 0], [18, 0, 84, 22, 0, 2, 0], [1, 31, 116, 92, 0, 6, 0], [36, 2, 29, 56, 0, 5, 0], [2, 0, 6, 17, 0, 65, 0], [2, 1, 4, 47, 0, 1, 0]];[0.0, 0.030303030303030304, 0.6666666666666666, 0.37398373983739835, 0.0, 0.7222222222222222, 0.0];7.0;[1, 2, 1, 2, 0, 1]
Cora;own;medoids;0.2;64;0.5;1;0.005;0.5;831763849.0;1.0;1.0;[[2, 0, 0, 0, 0, 0, 0], [0, 2, 0, 0, 0, 0, 0], [0, 0, 1, 0, 0, 0, 0], [0, 0, 0, 3, 0, 0, 0], [0, 0, 0, 0, 3, 0, 0], [0, 0, 0, 0, 0, 2, 0], [0, 0, 0, 0, 0, 0, 1]];[1.0, 1.0, 1.0, 1.0, 1.0, 1.0, 1.0];0.3015450186467768;0.23910605554953365;[[207, 4, 22, 79, 66, 20, 1], [40, 7, 6, 30, 84, 13, 0], [117, 2, 34, 25, 46, 15, 0], [64, 14, 32, 75, 131, 15, 0], [80, 0, 38, 44, 156, 20, 0], [49, 3, 9, 20, 49, 84, 0], [59, 3, 9, 24, 55, 23, 3]];[0.518796992481203, 0.03888888888888889, 0.14225941422594143, 0.22658610271903323, 0.46153846153846156, 0.3925233644859813, 0.017045454545454544];0.20195838433292534;0.18667449799750693;[[21, 0, 8, 47, 27, 3, 0], [6, 1, 1, 1, 57, 0, 0], [122, 0, 0, 1, 3, 0, 0], [23, 6, 33, 39, 141, 4, 0], [39, 0, 22, 31, 31, 5, 0], [7, 0, 4, 3, 3, 73, 0], [26, 0, 1, 9, 11, 8, 0]];[0.19811320754716982, 0.015151515151515152, 0.0, 0.15853658536585366, 0.2421875, 0.8111111111111111, 0.0];14.0;[2, 2, 1, 3, 3, 2, 1]
Cora;own;medoids;0.2;64;0.5;1;0.005;0.5;831763849.0;1.0;1.0;[[5, 0, 0, 0, 0, 0, 0], [0, 3, 0, 0, 0, 0, 0], [0, 0, 1, 0, 0, 0, 0], [0, 0, 0, 3, 0, 0, 0], [0, 0, 0, 0, 4, 0, 0], [0, 0, 0, 0, 0, 3, 0], [0, 0, 0, 0, 0, 0, 2]];[1.0, 1.0, 1.0, 1.0, 1.0, 1.0, 1.0];0.353475935828877;0.29467371493950784;[[300, 7, 10, 14, 48, 13, 6], [50, 30, 6, 14, 76, 12, 1], [111, 21, 32, 3, 34, 16, 12], [111, 24, 19, 52, 109, 12, 0], [117, 14, 15, 20, 146, 21, 1], [58, 14, 5, 3, 47, 83, 1], [79, 11, 3, 7, 48, 16, 18]];[0.7537688442211056, 0.15873015873015872, 0.13973799126637554, 0.15902140672782875, 0.437125748502994, 0.3933649289099526, 0.0989010989010989];0.2533659730722154;0.2323364077728389;[[73, 1, 6, 4, 19, 3, 0], [7, 6, 1, 0, 52, 0, 0], [105, 7, 1, 0, 3, 0, 10], [52, 25, 21, 20, 124, 4, 0], [55, 2, 7, 23, 35, 6, 0], [9, 5, 4, 1, 1, 70, 0], [32, 3, 1, 2, 12, 3, 2]];[0.6886792452830188, 0.09090909090909091, 0.007936507936507936, 0.08130081300813008, 0.2734375, 0.7777777777777778, 0.03636363636363636];21.0;[5, 3, 1, 3, 4, 3, 2]
Cora;own;medoids;0.2;64;0.5;1;0.005;0.5;831763849.0;0.9642857142857143;0.9666048237476809;[[6, 0, 0, 0, 0, 0, 0], [0, 3, 0, 0, 0, 0, 0], [0, 0, 3, 0, 0, 0, 0], [0, 0, 1, 5, 0, 0, 0], [0, 0, 0, 0, 4, 0, 0], [0, 0, 0, 0, 0, 4, 0], [0, 0, 0, 0, 0, 0, 2]];[1.0, 1.0, 1.0, 0.8333333333333334, 1.0, 1.0, 1.0];0.39989264626945786;0.3481026731196663;[[281, 9, 39, 16, 23, 15, 5], [44, 32, 14, 15, 48, 20, 1], [85, 14, 114, 10, 26, 23, 8], [84, 21, 57, 84, 61, 17, 2], [82, 13, 39, 35, 118, 27, 1], [36, 6, 31, 10, 26, 103, 0], [61, 9, 19, 8, 30, 28, 13]];[0.7242268041237113, 0.1839080459770115, 0.40714285714285714, 0.25766871165644173, 0.3746031746031746, 0.4858490566037736, 0.07738095238095238];0.2607099143206854;0.24931184534840847;[[56, 1, 21, 11, 9, 8, 0], [8, 16, 2, 1, 39, 0, 0], [94, 5, 6, 2, 4, 0, 15], [46, 15, 58, 39, 78, 7, 3], [52, 1, 10, 32, 22, 11, 0], [3, 2, 10, 1, 0, 74, 0], [20, 1, 10, 2, 6, 16, 0]];[0.5283018867924528, 0.24242424242424243, 0.047619047619047616, 0.15853658536585366, 0.171875, 0.8222222222222222, 0.0];28.0;[6, 3, 3, 6, 4, 4, 2]
Cora;own;medoids;0.2;64;0.5;1;0.005;0.5;831763849.0;0.9714285714285714;0.9711884753901561;[[7, 0, 0, 0, 0, 0, 0], [0, 4, 0, 0, 0, 0, 0], [0, 0, 3, 0, 0, 0, 0], [0, 0, 1, 8, 0, 0, 0], [0, 0, 0, 0, 6, 0, 0], [0, 0, 0, 0, 0, 4, 0], [0, 0, 0, 0, 0, 0, 2]];[1.0, 1.0, 1.0, 0.8888888888888888, 1.0, 1.0, 1.0];0.45689655172413796;0.4109175734863216;[[263, 12, 22, 30, 25, 11, 5], [36, 52, 11, 23, 38, 13, 1], [81, 21, 104, 20, 19, 13, 8], [62, 50, 38, 163, 56, 13, 1], [78, 14, 24, 31, 160, 21, 1], [29, 8, 18, 20, 23, 92, 1], [47, 10, 13, 28, 22, 11, 14]];[0.7146739130434783, 0.2988505747126437, 0.39097744360902253, 0.4255874673629243, 0.48632218844984804, 0.4816753926701571, 0.09655172413793103];0.2386780905752754;0.23132548422470084;[[44, 6, 14, 27, 11, 4, 0], [7, 11, 3, 24, 21, 0, 0], [91, 7, 5, 5, 2, 1, 15], [32, 59, 44, 32, 74, 5, 0], [45, 1, 11, 25, 38, 8, 0], [4, 7, 3, 7, 4, 65, 0], [5, 3, 1, 40, 4, 2, 0]];[0.41509433962264153, 0.16666666666666666, 0.03968253968253968, 0.13008130081300814, 0.296875, 0.7222222222222222, 0.0];35.0;[7, 4, 3, 9, 6, 4, 2]
Cora;own;medoids;0.2;64;0.5;1;0.005;0.5;831763849.0;0.8333333333333334;0.839073645652593;[[7, 0, 0, 1, 0, 0, 0], [1, 4, 0, 0, 0, 0, 0], [0, 1, 3, 0, 0, 0, 0], [0, 0, 2, 8, 0, 0, 0], [0, 0, 0, 0, 6, 0, 0], [0, 0, 1, 0, 1, 5, 0], [0, 0, 0, 0, 0, 0, 2]];[0.875, 0.8, 0.75, 0.8, 1.0, 0.7142857142857143, 1.0];0.4624121146565711;0.41915622918256973;[[270, 22, 12, 33, 20, 11, 5], [41, 57, 7, 21, 32, 13, 1], [84, 20, 102, 20, 15, 11, 8], [72, 53, 29, 161, 50, 12, 1], [84, 15, 22, 31, 153, 22, 1], [36, 10, 16, 22, 13, 98, 0], [50, 9, 11, 31, 17, 11, 14]];[0.7238605898123325, 0.3313953488372093, 0.3923076923076923, 0.42592592592592593, 0.46646341463414637, 0.5025641025641026, 0.0979020979020979];0.24112607099143207;0.23123507842912336;[[48, 6, 14, 26, 8, 4, 0], [7, 11, 3, 26, 18, 1, 0], [94, 7, 5, 4, 1, 1, 14], [36, 61, 40, 34, 70, 5, 0], [47, 3, 10, 28, 32, 8, 0], [4, 6, 3, 8, 2, 67, 0], [10, 2, 1, 38, 1, 3, 0]];[0.4528301886792453, 0.16666666666666666, 0.03968253968253968, 0.13821138211382114, 0.25, 0.7444444444444445, 0.0];42.0;[8, 5, 4, 10, 6, 7, 2]
Cora;own;medoids;0.2;64;0.5;1;0.005;0.5;831763849.0;0.8163265306122449;0.814097946871056;[[8, 0, 0, 0, 0, 0, 0], [0, 5, 0, 0, 1, 0, 0], [0, 0, 5, 0, 0, 0, 0], [0, 2, 2, 8, 0, 0, 0], [0, 0, 0, 1, 6, 0, 0], [0, 0, 1, 0, 1, 6, 0], [1, 0, 0, 0, 0, 0, 2]];[1.0, 0.8333333333333334, 1.0, 0.6666666666666666, 0.8571428571428571, 0.75, 0.6666666666666666];0.44571118349619976;0.3959729145357791;[[264, 15, 17, 25, 27, 13, 5], [33, 40, 5, 23, 43, 11, 1], [73, 17, 98, 18, 26, 16, 9], [61, 73, 31, 159, 71, 17, 1], [74, 16, 21, 30, 151, 26, 1], [28, 8, 16, 19, 21, 96, 0], [41, 8, 13, 30, 26, 12, 13]];[0.7213114754098361, 0.2564102564102564, 0.38132295719844356, 0.38498789346246975, 0.47335423197492166, 0.5106382978723404, 0.09090909090909091];0.2423500611995104;0.23142893866391073;[[46, 4, 14, 26, 11, 5, 0], [6, 9, 3, 23, 24, 1, 0], [89, 9, 7, 3, 2, 1, 15], [31, 56, 45, 29, 78, 7, 0], [44, 2, 10, 23, 40, 9, 0], [3, 6, 3, 8, 3, 67, 0], [3, 2, 2, 40, 6, 2, 0]];[0.4339622641509434, 0.13636363636363635, 0.05555555555555555, 0.11788617886178862, 0.3125, 0.7444444444444445, 0.0];49.0;[8, 6, 5, 12, 7, 8, 3]
Cora;own;medoids;0.2;64;0.5;1;0.005;0.5;831763849.0;0.8035714285714286;0.8189239332096474;[[8, 0, 0, 1, 1, 1, 0], [0, 6, 0, 0, 1, 0, 0], [1, 0, 5, 0, 0, 0, 0], [0, 2, 1, 9, 0, 0, 0], [0, 0, 1, 0, 8, 0, 0], [0, 0, 1, 0, 1, 6, 0], [0, 0, 0, 0, 0, 0, 3]];[0.7272727272727273, 0.8571428571428571, 0.8333333333333334, 0.75, 0.8888888888888888, 0.75, 1.0];0.45068119891008174;0.40536575287757204;[[263, 17, 18, 22, 26, 22, 3], [28, 48, 5, 24, 43, 11, 1], [70, 21, 100, 21, 22, 15, 9], [61, 74, 34, 159, 64, 14, 1], [73, 19, 23, 33, 149, 21, 0], [24, 13, 16, 17, 18, 93, 0], [35, 13, 13, 28, 24, 12, 15]];[0.7088948787061995, 0.3, 0.3875968992248062, 0.3906633906633907, 0.46855345911949686, 0.5138121546961326, 0.10714285714285714];0.24724602203182375;0.2385262743248139;[[46, 6, 15, 23, 12, 4, 0], [7, 11, 3, 22, 22, 1, 0], [81, 13, 8, 4, 2, 1, 17], [30, 56, 49, 33, 73, 5, 0], [43, 2, 12, 23, 39, 9, 0], [3, 10, 3, 7, 2, 65, 0], [4, 4, 2, 34, 10, 1, 0]];[0.4339622641509434, 0.16666666666666666, 0.06349206349206349, 0.13414634146341464, 0.3046875, 0.7222222222222222, 0.0];56.0;[11, 7, 6, 12, 9, 8, 3]
Cora;own;medoids;0.2;64;0.5;1;0.005;0.5;831763849.0;0.9365079365079365;0.9434927817280759;[[11, 0, 0, 1, 0, 0, 0], [0, 7, 0, 0, 0, 0, 0], [1, 0, 7, 0, 0, 0, 0], [0, 0, 1, 12, 0, 0, 0], [0, 0, 1, 0, 8, 0, 0], [0, 0, 0, 0, 0, 9, 0], [0, 0, 0, 0, 0, 0, 5]];[0.9166666666666666, 1.0, 0.875, 0.9230769230769231, 0.8888888888888888, 1.0, 1.0];0.49452954048140046;0.4646601896836909;[[289, 10, 13, 28, 15, 11, 6], [39, 46, 10, 27, 25, 11, 3], [83, 12, 116, 20, 11, 10, 8], [73, 21, 49, 183, 41, 15, 6], [95, 10, 19, 37, 135, 13, 3], [36, 6, 14, 16, 11, 97, 2], [40, 7, 10, 30, 18, 10, 38]];[0.7768817204301075, 0.2857142857142857, 0.4461538461538462, 0.47164948453608246, 0.4326923076923077, 0.532967032967033, 0.24836601307189543];0.2484700122399021;0.24037847028642614;[[51, 6, 12, 20, 10, 3, 4], [5, 9, 4, 31, 15, 1, 1], [86, 10, 10, 5, 2, 2, 11], [41, 16, 58, 50, 52, 29, 0], [65, 8, 10, 23, 18, 4, 0], [8, 8, 3, 6, 3, 59, 3], [12, 1, 1, 30, 5, 0, 6]];[0.4811320754716981, 0.13636363636363635, 0.07936507936507936, 0.2032520325203252, 0.140625, 0.6555555555555556, 0.10909090909090909];63.0;[12, 7, 8, 13, 9, 9, 5]
Cora;own;medoids;0.2;64;0.5;1;0.005;0.5;831763849.0;0.9571428571428572;0.9609523809523809;[[12, 0, 1, 0, 0, 0, 0], [0, 7, 0, 0, 0, 0, 0], [0, 0, 9, 0, 0, 0, 0], [0, 1, 1, 14, 0, 0, 0], [0, 0, 0, 0, 10, 0, 0], [0, 0, 0, 0, 0, 10, 0], [0, 0, 0, 0, 0, 0, 5]];[0.9230769230769231, 1.0, 1.0, 0.875, 1.0, 1.0, 1.0];0.4805052169137836;0.4583150456493055;[[197, 11, 17, 33, 17, 10, 8], [31, 46, 11, 31, 26, 8, 6], [86, 9, 144, 35, 17, 12, 3], [63, 19, 44, 215, 46, 17, 4], [68, 7, 23, 58, 139, 18, 2], [31, 4, 15, 23, 14, 98, 3], [27, 6, 12, 39, 23, 9, 36]];[0.6723549488054608, 0.2893081761006289, 0.47058823529411764, 0.5269607843137255, 0.44126984126984126, 0.5212765957446809, 0.23684210526315788];0.2974296205630355;0.28825773466927723;[[47, 9, 12, 23, 10, 1, 4], [3, 8, 5, 32, 16, 2, 0], [54, 11, 34, 10, 5, 3, 9], [34, 15, 45, 64, 62, 26, 0], [49, 8, 8, 36, 24, 3, 0], [8, 7, 3, 8, 3, 59, 2], [11, 1, 1, 30, 5, 0, 7]];[0.44339622641509435, 0.12121212121212122, 0.2698412698412698, 0.2601626016260163, 0.1875, 0.6555555555555556, 0.12727272727272726];70.0;[13, 7, 9, 16, 10, 10, 5]


Cora;own;medoids;0.2;64;0.5;1;0.005;0.5;615395017.0;0.0;0.0;[[]];[];0.18297197250132205;0.1545100322148396;[[8, 43, 26, 2, 5, 2, 159], [12, 6, 12, 0, 0, 1, 120], [48, 11, 212, 4, 1, 1, 15], [41, 238, 39, 25, 26, 19, 184], [24, 25, 34, 14, 10, 4, 187], [10, 30, 26, 11, 14, 12, 105], [6, 13, 27, 3, 2, 1, 73]];[0.0326530612244898, 0.039735099337748346, 0.726027397260274, 0.043706293706293704, 0.03355704697986577, 0.057692307692307696, 0.584];0.1664626682986536;0.13089515594095139;[[1, 16, 8, 4, 1, 1, 75], [3, 4, 2, 0, 1, 1, 55], [24, 7, 87, 0, 1, 1, 6], [20, 86, 27, 12, 8, 11, 82], [15, 9, 19, 3, 2, 1, 79], [7, 13, 13, 4, 1, 2, 50], [4, 3, 17, 2, 0, 1, 28]];[0.009433962264150943, 0.06060606060606061, 0.6904761904761905, 0.04878048780487805, 0.015625, 0.022222222222222223, 0.509090909090909];0.0;[]
Cora;own;medoids;0.2;64;0.5;1;0.005;0.5;615395017.0;1.0;1.0;[[1, 0, 0], [0, 3, 0], [0, 0, 3]];[1.0, 1.0, 1.0];0.2680467091295117;0.15820171741089004;[[0, 89, 97, 0, 41, 0, 0], [0, 114, 54, 0, 45, 0, 0], [0, 79, 187, 0, 47, 0, 0], [0, 192, 72, 0, 125, 2, 0], [0, 67, 43, 0, 204, 0, 0], [0, 56, 79, 0, 91, 0, 0], [0, 65, 80, 0, 55, 0, 0]];[0.0, 0.5352112676056338, 0.597444089456869, 0.0, 0.6496815286624203, 0.0, 0.0];0.3378212974296206;0.20656492313171473;[[0, 27, 69, 0, 10, 0, 0], [0, 65, 0, 0, 1, 0, 0], [0, 19, 100, 0, 7, 0, 0], [0, 147, 38, 0, 61, 0, 0], [0, 6, 11, 0, 111, 0, 0], [0, 7, 23, 0, 60, 0, 0], [0, 12, 38, 0, 5, 0, 0]];[0.0, 0.9848484848484849, 0.7936507936507936, 0.0, 0.8671875, 0.0, 0.0];7.0;[0, 1, 3, 0, 3]
Cora;own;medoids;0.2;64;0.5;1;0.005;0.5;615395017.0;0.9285714285714286;0.9151515151515153;[[1, 1, 0, 0, 0], [0, 5, 0, 0, 0], [0, 0, 2, 0, 0], [0, 0, 0, 4, 0], [0, 0, 0, 0, 1]];[0.5, 1.0, 1.0, 1.0, 1.0];0.3276505061267981;0.1973772813495677;[[0, 31, 152, 0, 38, 2, 0], [0, 79, 78, 0, 35, 0, 0], [0, 19, 322, 0, 36, 1, 0], [0, 74, 181, 9, 111, 3, 0], [0, 30, 81, 0, 196, 0, 0], [0, 21, 105, 0, 80, 9, 0], [0, 17, 111, 0, 47, 9, 0]];[0.0, 0.4114583333333333, 0.8518518518518519, 0.023809523809523808, 0.6384364820846905, 0.04186046511627907, 0.0];0.35862913096695226;0.2390767407388603;[[0, 5, 95, 1, 5, 0, 0], [0, 59, 7, 0, 0, 0, 0], [0, 0, 123, 0, 3, 0, 0], [0, 68, 129, 5, 44, 0, 0], [0, 1, 21, 0, 106, 0, 0], [0, 4, 36, 0, 50, 0, 0], [0, 1, 40, 0, 1, 13, 0]];[0.0, 0.8939393939393939, 0.9761904761904762, 0.02032520325203252, 0.828125, 0.0, 0.0];14.0;[0, 2, 5, 2, 4, 1]
Cora;own;medoids;0.2;64;0.5;1;0.005;0.5;615395017.0;0.8571428571428571;0.8315517815517816;[[1, 0, 0, 0, 0, 0], [0, 2, 1, 0, 0, 0], [0, 0, 6, 0, 0, 0], [0, 0, 0, 3, 0, 1], [0, 0, 0, 0, 5, 0], [0, 0, 0, 0, 1, 1]];[1.0, 0.6666666666666666, 1.0, 0.75, 1.0, 0.5];0.37272727272727274;0.28157190622313794;[[38, 36, 123, 13, 22, 3, 0], [18, 76, 59, 16, 15, 1, 0], [16, 15, 303, 13, 24, 2, 0], [92, 40, 108, 108, 46, 6, 0], [22, 25, 57, 31, 163, 0, 0], [12, 18, 84, 17, 64, 9, 0], [17, 12, 96, 16, 25, 9, 0]];[0.16170212765957448, 0.41081081081081083, 0.8123324396782842, 0.27, 0.5469798657718121, 0.04411764705882353, 0.0];0.3843329253365973;0.29841730709472214;[[4, 16, 78, 5, 3, 0, 0], [2, 58, 6, 0, 0, 0, 0], [0, 2, 122, 2, 0, 0, 0], [84, 24, 80, 52, 5, 1, 0], [3, 1, 13, 32, 78, 1, 0], [0, 7, 32, 2, 49, 0, 0], [0, 2, 39, 0, 1, 13, 0]];[0.03773584905660377, 0.8787878787878788, 0.9682539682539683, 0.21138211382113822, 0.609375, 0.0, 0.0];21.0;[1, 3, 6, 4, 5, 2]
Cora;own;medoids;0.2;64;0.5;1;0.005;0.5;615395017.0;0.8214285714285714;0.8121402407116693;[[1, 0, 0, 0, 0, 0, 0], [0, 3, 0, 1, 0, 0, 0], [0, 0, 6, 0, 0, 0, 0], [0, 0, 1, 4, 0, 1, 0], [0, 0, 0, 0, 6, 0, 0], [0, 0, 0, 1, 0, 2, 0], [0, 0, 0, 0, 0, 1, 1]];[1.0, 0.75, 1.0, 0.6666666666666666, 1.0, 0.6666666666666666, 0.5];0.4251207729468599;0.365735303859283;[[41, 20, 55, 20, 24, 55, 2], [12, 79, 31, 16, 20, 19, 5], [18, 16, 264, 21, 26, 15, 2], [92, 25, 47, 161, 49, 30, 5], [25, 16, 25, 35, 186, 15, 0], [14, 19, 37, 20, 63, 47, 14], [14, 13, 38, 20, 34, 44, 14]];[0.1889400921658986, 0.4340659340659341, 0.7292817679558011, 0.39364303178484106, 0.6158940397350994, 0.21962616822429906, 0.07909604519774012];0.4222766217870257;0.36782184831394366;[[3, 5, 25, 12, 6, 54, 1], [3, 57, 5, 1, 0, 0, 0], [3, 3, 113, 0, 1, 1, 5], [84, 12, 31, 81, 18, 19, 1], [5, 1, 8, 29, 83, 2, 0], [0, 5, 12, 1, 54, 6, 12], [0, 0, 21, 1, 2, 29, 2]];[0.02830188679245283, 0.8636363636363636, 0.8968253968253969, 0.32926829268292684, 0.6484375, 0.06666666666666667, 0.03636363636363636];28.0;[1, 4, 6, 6, 6, 3, 2]
Cora;own;medoids;0.2;64;0.5;1;0.005;0.5;615395017.0;0.8571428571428571;0.8639804639804639;[[1, 0, 0, 0, 0, 0, 0], [0, 4, 0, 0, 0, 0, 0], [0, 0, 6, 1, 0, 0, 0], [0, 1, 0, 6, 0, 1, 0], [0, 0, 0, 0, 6, 0, 0], [0, 0, 0, 0, 0, 5, 0], [0, 0, 0, 0, 0, 2, 2]];[1.0, 1.0, 0.8571428571428571, 0.75, 1.0, 1.0, 0.5];0.4396551724137931;0.39145648868284005;[[31, 16, 58, 21, 20, 56, 7], [5, 80, 33, 16, 13, 18, 10], [31, 17, 269, 19, 22, 16, 6], [73, 21, 49, 174, 33, 33, 13], [19, 17, 26, 37, 172, 14, 8], [6, 22, 45, 22, 53, 53, 20], [14, 14, 46, 17, 21, 33, 37]];[0.14832535885167464, 0.45714285714285713, 0.7078947368421052, 0.4393939393939394, 0.5870307167235495, 0.2398190045248869, 0.2032967032967033];0.4467564259485924;0.4048302464937133;[[3, 4, 25, 7, 6, 58, 3], [3, 56, 5, 1, 0, 1, 0], [0, 4, 120, 1, 0, 1, 0], [63, 11, 43, 89, 13, 25, 2], [6, 2, 9, 30, 78, 3, 0], [0, 9, 15, 0, 42, 5, 19], [0, 0, 23, 1, 1, 16, 14]];[0.02830188679245283, 0.8484848484848485, 0.9523809523809523, 0.3617886178861789, 0.609375, 0.05555555555555555, 0.2545454545454545];35.0;[1, 4, 7, 8, 6, 5, 4]
Cora;own;medoids;0.2;64;0.5;1;0.005;0.5;615395017.0;0.9523809523809523;0.955684666210982;[[1, 0, 0, 0, 0, 0, 0], [0, 4, 0, 0, 0, 0, 0], [0, 0, 7, 0, 0, 0, 0], [0, 0, 0, 9, 0, 0, 1], [0, 0, 0, 0, 9, 0, 0], [0, 0, 0, 0, 0, 5, 1], [0, 0, 0, 0, 0, 0, 5]];[1.0, 1.0, 1.0, 0.9, 1.0, 0.8333333333333334, 1.0];0.4743104380746349;0.41971575987388604;[[21, 15, 57, 14, 21, 49, 29], [0, 66, 31, 8, 23, 17, 18], [7, 11, 281, 17, 23, 16, 15], [31, 16, 74, 156, 44, 47, 19], [9, 24, 31, 17, 215, 14, 12], [3, 16, 28, 13, 62, 70, 28], [4, 8, 40, 10, 31, 20, 68]];[0.10194174757281553, 0.4049079754601227, 0.7594594594594595, 0.40310077519379844, 0.6677018633540373, 0.3181818181818182, 0.3756906077348066];0.4700122399020808;0.4384157664725605;[[2, 2, 19, 5, 8, 45, 25], [0, 53, 8, 1, 2, 2, 0], [0, 2, 123, 0, 0, 1, 0], [29, 7, 78, 75, 20, 36, 1], [1, 1, 10, 19, 89, 8, 0], [0, 5, 10, 1, 53, 7, 14], [0, 2, 7, 0, 5, 6, 35]];[0.018867924528301886, 0.803030303030303, 0.9761904761904762, 0.3048780487804878, 0.6953125, 0.07777777777777778, 0.6363636363636364];42.0;[1, 4, 7, 10, 9, 6, 5]
Cora;own;medoids;0.2;64;0.5;1;0.005;0.5;615395017.0;0.9795918367346939;0.9812987012987013;[[1, 0, 0, 0, 0, 0, 0], [0, 4, 0, 0, 0, 0, 0], [0, 0, 8, 0, 0, 0, 0], [0, 0, 0, 12, 0, 0, 1], [0, 0, 0, 0, 11, 0, 0], [0, 0, 0, 0, 0, 7, 0], [0, 0, 0, 0, 0, 0, 5]];[1.0, 1.0, 1.0, 0.9230769230769231, 1.0, 1.0, 1.0];0.4820846905537459;0.40229905018615647;[[20, 5, 56, 23, 26, 45, 16], [0, 31, 31, 19, 35, 15, 9], [9, 3, 291, 27, 24, 14, 2], [19, 4, 95, 169, 50, 50, 8], [5, 12, 37, 23, 263, 16, 2], [3, 2, 35, 27, 65, 70, 14], [4, 1, 35, 46, 30, 12, 44]];[0.10471204188481675, 0.22142857142857142, 0.7864864864864864, 0.4278481012658228, 0.7346368715083799, 0.32407407407407407, 0.2558139534883721];0.40269277845777235;0.34449512439622687;[[3, 0, 15, 20, 15, 41, 12], [0, 17, 7, 2, 39, 1, 0], [0, 0, 120, 1, 4, 1, 0], [24, 3, 87, 75, 20, 37, 0], [1, 1, 10, 21, 91, 4, 0], [0, 2, 17, 15, 48, 3, 5], [0, 0, 3, 25, 3, 4, 20]];[0.02830188679245283, 0.25757575757575757, 0.9523809523809523, 0.3048780487804878, 0.7109375, 0.03333333333333333, 0.36363636363636365];49.0;[1, 4, 8, 13, 11, 7, 5]
Cora;own;medoids;0.2;64;0.5;1;0.005;0.5;615395017.0;0.8928571428571429;0.8647707790930296;[[2, 0, 0, 1, 0, 0, 0], [0, 5, 0, 0, 0, 0, 0], [0, 0, 8, 0, 0, 0, 0], [0, 0, 0, 12, 0, 0, 1], [0, 0, 0, 0, 11, 0, 0], [1, 0, 1, 0, 1, 7, 0], [0, 1, 0, 0, 0, 0, 5]];[0.6666666666666666, 1.0, 1.0, 0.9230769230769231, 1.0, 0.7, 0.8333333333333334];0.47247956403269753;0.4003516380535825;[[25, 4, 51, 24, 26, 45, 16], [2, 36, 33, 15, 31, 15, 7], [12, 4, 291, 25, 19, 15, 3], [25, 8, 88, 164, 45, 53, 8], [6, 7, 35, 18, 240, 18, 4], [5, 6, 36, 31, 64, 71, 14], [4, 7, 38, 42, 41, 18, 40]];[0.13089005235602094, 0.2589928057553957, 0.7886178861788617, 0.4194373401534527, 0.7317073170731707, 0.31277533039647576, 0.21052631578947367];0.39657282741738065;0.34106245770350335;[[3, 0, 16, 21, 14, 41, 11], [0, 18, 6, 2, 38, 2, 0], [0, 0, 121, 1, 3, 1, 0], [33, 5, 82, 72, 19, 35, 0], [4, 1, 10, 22, 86, 4, 1], [1, 2, 18, 11, 44, 7, 7], [0, 0, 4, 25, 2, 7, 17]];[0.02830188679245283, 0.2727272727272727, 0.9603174603174603, 0.2926829268292683, 0.671875, 0.07777777777777778, 0.3090909090909091];56.0;[3, 5, 8, 13, 11, 10, 6]
Cora;own;medoids;0.2;64;0.5;1;0.005;0.5;615395017.0;0.8571428571428571;0.825973790325847;[[2, 0, 0, 1, 0, 0, 0], [0, 6, 0, 0, 0, 0, 0], [0, 0, 8, 0, 0, 0, 0], [1, 0, 0, 13, 0, 1, 1], [0, 0, 0, 0, 12, 0, 1], [1, 0, 0, 0, 1, 8, 0], [0, 1, 1, 0, 0, 0, 5]];[0.6666666666666666, 1.0, 1.0, 0.8125, 0.9230769230769231, 0.8, 0.7142857142857143];0.4649890590809628;0.403870585255408;[[20, 7, 44, 20, 24, 46, 20], [3, 54, 33, 15, 31, 16, 8], [10, 10, 274, 20, 19, 17, 5], [32, 9, 90, 160, 43, 62, 9], [3, 9, 36, 22, 223, 20, 5], [5, 9, 36, 29, 58, 79, 11], [4, 4, 50, 39, 24, 21, 40]];[0.11049723756906077, 0.3375, 0.7718309859154929, 0.3950617283950617, 0.7012578616352201, 0.34801762114537443, 0.21978021978021978];0.40024479804161567;0.3528892681143438;[[3, 2, 18, 17, 12, 42, 12], [0, 27, 6, 1, 30, 2, 0], [1, 2, 119, 0, 2, 2, 0], [31, 13, 79, 68, 14, 38, 3], [6, 1, 11, 23, 83, 4, 0], [1, 5, 18, 10, 37, 10, 9], [0, 1, 6, 23, 2, 6, 17]];[0.02830188679245283, 0.4090909090909091, 0.9444444444444444, 0.2764227642276423, 0.6484375, 0.1111111111111111, 0.3090909090909091];63.0;[3, 6, 8, 16, 13, 10, 7]
Cora;own;medoids;0.2;64;0.5;1;0.005;0.5;615395017.0;0.8857142857142857;0.8638479315171045;[[3, 0, 0, 0, 0, 0, 0], [0, 6, 0, 0, 0, 0, 0], [1, 0, 9, 1, 0, 0, 0], [1, 0, 0, 15, 0, 0, 1], [0, 1, 0, 0, 14, 0, 1], [0, 0, 0, 0, 0, 9, 1], [0, 1, 0, 0, 0, 0, 6]];[1.0, 1.0, 0.8181818181818182, 0.8823529411764706, 0.875, 0.9, 0.8571428571428571];0.5227896760021966;0.44282984210379184;[[22, 11, 39, 23, 41, 25, 10], [1, 43, 29, 18, 45, 9, 7], [6, 14, 259, 27, 25, 12, 17], [12, 11, 51, 239, 61, 36, 7], [1, 7, 32, 22, 262, 9, 8], [3, 7, 22, 24, 62, 85, 15], [0, 8, 28, 35, 34, 15, 42]];[0.1286549707602339, 0.28289473684210525, 0.7194444444444444, 0.5731414868105515, 0.7683284457478006, 0.38990825688073394, 0.25925925925925924];0.4455324357405141;0.36422670428016174;[[1, 2, 18, 6, 48, 30, 1], [2, 22, 4, 3, 33, 1, 1], [0, 3, 103, 1, 1, 2, 16], [19, 7, 46, 118, 24, 28, 4], [3, 1, 12, 18, 92, 2, 0], [2, 5, 14, 6, 38, 13, 12], [1, 2, 6, 20, 9, 2, 15]];[0.009433962264150943, 0.3333333333333333, 0.8174603174603174, 0.4796747967479675, 0.71875, 0.14444444444444443, 0.2727272727272727];70.0;[3, 6, 11, 17, 16, 10, 7]


Cora;own;medoids;0.2;64;0.5;1;0.005;0.5;2140929057.0;0.0;0.0;[[]];[];0.2855631940772078;0.21088044560006267;[[0, 71, 59, 98, 13, 3, 1], [1, 120, 18, 8, 3, 0, 1], [0, 18, 245, 22, 5, 0, 2], [5, 190, 138, 68, 156, 2, 13], [3, 32, 100, 52, 99, 4, 8], [1, 44, 32, 110, 10, 2, 9], [2, 25, 15, 71, 6, 0, 6]];[0.0, 0.7947019867549668, 0.839041095890411, 0.11888111888111888, 0.33221476510067116, 0.009615384615384616, 0.048];0.2839657282741738;0.20786726199006073;[[0, 25, 16, 55, 8, 2, 0], [0, 50, 10, 6, 0, 0, 0], [1, 7, 105, 9, 2, 1, 1], [3, 67, 87, 28, 54, 1, 6], [1, 7, 52, 18, 47, 0, 3], [0, 24, 10, 50, 2, 1, 3], [0, 14, 7, 30, 3, 0, 1]];[0.0, 0.7575757575757576, 0.8333333333333334, 0.11382113821138211, 0.3671875, 0.011111111111111112, 0.01818181818181818];0.0;[]
Cora;own;medoids;0.2;64;0.5;1;0.005;0.5;2140929057.0;1.0;1.0;[[1, 0, 0, 0, 0], [0, 3, 0, 0, 0], [0, 0, 1, 0, 0], [0, 0, 0, 1, 0], [0, 0, 0, 0, 1]];[1.0, 1.0, 1.0, 1.0, 1.0];0.26910828025477707;0.18290757807804106;[[0, 30, 109, 45, 0, 6, 48], [0, 78, 83, 19, 0, 4, 12], [0, 18, 298, 27, 0, 6, 18], [0, 50, 200, 77, 0, 43, 26], [0, 23, 155, 40, 0, 10, 23], [0, 29, 113, 45, 0, 15, 33], [0, 23, 100, 33, 0, 6, 39]];[0.0, 0.3979591836734694, 0.8119891008174387, 0.19444444444444445, 0.0, 0.06382978723404255, 0.19402985074626866];0.2937576499388005;0.23178420705472647;[[0, 6, 34, 31, 0, 0, 35], [0, 57, 7, 1, 0, 1, 0], [0, 5, 121, 0, 0, 0, 0], [0, 19, 132, 39, 0, 45, 11], [0, 2, 98, 23, 0, 0, 5], [0, 13, 54, 17, 0, 0, 6], [0, 5, 23, 4, 0, 0, 23]];[0.0, 0.8636363636363636, 0.9603174603174603, 0.15853658536585366, 0.0, 0.0, 0.41818181818181815];7.0;[0, 1, 3, 1, 0, 1, 1]
Cora;own;medoids;0.2;64;0.5;1;0.005;0.5;2140929057.0;1.0;1.0;[[1, 0, 0, 0, 0, 0, 0], [0, 2, 0, 0, 0, 0, 0], [0, 0, 4, 0, 0, 0, 0], [0, 0, 0, 1, 0, 0, 0], [0, 0, 0, 0, 2, 0, 0], [0, 0, 0, 0, 0, 3, 0], [0, 0, 0, 0, 0, 0, 1]];[1.0, 1.0, 1.0, 1.0, 1.0, 1.0, 1.0];0.3500266382525306;0.28942020883220065;[[27, 69, 50, 19, 40, 12, 7], [3, 97, 38, 8, 45, 6, 2], [9, 40, 270, 9, 19, 10, 2], [5, 54, 93, 41, 120, 22, 6], [8, 28, 83, 35, 157, 8, 9], [6, 58, 64, 30, 28, 51, 7], [5, 55, 55, 17, 34, 2, 14]];[0.12053571428571429, 0.48743718592964824, 0.7520891364902507, 0.12023460410557185, 0.47865853658536583, 0.20901639344262296, 0.07692307692307693];0.31456548347613217;0.27545964682922924;[[13, 49, 15, 15, 6, 1, 7], [0, 50, 11, 0, 4, 1, 0], [0, 6, 118, 0, 2, 0, 0], [2, 19, 47, 10, 136, 30, 2], [1, 5, 50, 28, 43, 1, 0], [0, 31, 24, 18, 0, 17, 0], [0, 29, 18, 1, 1, 0, 6]];[0.12264150943396226, 0.7575757575757576, 0.9365079365079365, 0.04065040650406504, 0.3359375, 0.18888888888888888, 0.10909090909090909];14.0;[1, 2, 4, 1, 2, 3, 1]
Cora;own;medoids;0.2;64;0.5;1;0.005;0.5;2140929057.0;0.9523809523809523;0.963718820861678;[[2, 0, 0, 0, 0, 0, 0], [0, 3, 0, 0, 0, 0, 0], [0, 0, 4, 0, 0, 0, 0], [0, 0, 1, 3, 0, 0, 0], [0, 0, 0, 0, 2, 0, 0], [0, 0, 0, 0, 0, 4, 0], [0, 0, 0, 0, 0, 0, 2]];[1.0, 1.0, 1.0, 0.75, 1.0, 1.0, 1.0];0.41818181818181815;0.39151875649535095;[[67, 46, 27, 9, 43, 17, 16], [7, 122, 21, 7, 41, 16, 4], [19, 24, 240, 4, 25, 28, 3], [14, 45, 40, 50, 155, 27, 11], [15, 22, 36, 33, 166, 26, 7], [19, 48, 23, 11, 37, 94, 9], [11, 50, 28, 13, 38, 13, 43]];[0.29777777777777775, 0.5596330275229358, 0.6997084548104956, 0.14619883040935672, 0.5442622950819672, 0.3900414937759336, 0.2193877551020408];0.4186046511627907;0.4173457825407973;[[45, 27, 6, 6, 6, 0, 16], [0, 52, 10, 1, 2, 1, 0], [0, 6, 118, 0, 2, 0, 0], [7, 18, 16, 12, 151, 33, 9], [2, 5, 18, 30, 56, 11, 6], [0, 26, 8, 6, 0, 48, 2], [1, 28, 7, 1, 6, 1, 11]];[0.42452830188679247, 0.7878787878787878, 0.9365079365079365, 0.04878048780487805, 0.4375, 0.5333333333333333, 0.2];21.0;[2, 3, 4, 4, 2, 4, 2]
Cora;own;medoids;0.2;64;0.5;1;0.005;0.5;2140929057.0;1.0;1.0;[[3, 0, 0, 0, 0, 0, 0], [0, 3, 0, 0, 0, 0, 0], [0, 0, 4, 0, 0, 0, 0], [0, 0, 0, 6, 0, 0, 0], [0, 0, 0, 0, 3, 0, 0], [0, 0, 0, 0, 0, 5, 0], [0, 0, 0, 0, 0, 0, 4]];[1.0, 1.0, 1.0, 1.0, 1.0, 1.0, 1.0];0.47342995169082125;0.46011709454630634;[[70, 28, 27, 26, 30, 18, 17], [7, 110, 22, 18, 32, 16, 4], [17, 10, 234, 17, 12, 26, 8], [13, 23, 38, 148, 98, 33, 22], [14, 12, 41, 33, 141, 24, 33], [20, 25, 17, 28, 27, 109, 12], [12, 17, 23, 41, 20, 20, 70]];[0.32407407407407407, 0.5263157894736842, 0.7222222222222222, 0.39466666666666667, 0.47315436241610737, 0.4579831932773109, 0.3448275862068966];0.4504283965728274;0.4564155481214165;[[48, 13, 6, 12, 5, 1, 21], [0, 48, 11, 3, 2, 1, 1], [0, 5, 108, 2, 9, 1, 1], [10, 7, 15, 63, 110, 26, 15], [2, 4, 17, 18, 29, 12, 46], [0, 7, 6, 8, 1, 62, 6], [2, 13, 4, 21, 0, 5, 10]];[0.4528301886792453, 0.7272727272727273, 0.8571428571428571, 0.25609756097560976, 0.2265625, 0.6888888888888889, 0.18181818181818182];28.0;[3, 3, 4, 6, 3, 5, 4]
Cora;own;medoids;0.2;64;0.5;1;0.005;0.5;2140929057.0;0.8857142857142857;0.8868742368742369;[[6, 0, 0, 0, 0, 0, 0], [0, 3, 0, 0, 0, 0, 0], [0, 0, 4, 0, 0, 0, 0], [0, 0, 0, 6, 0, 0, 0], [0, 0, 1, 0, 3, 0, 0], [0, 0, 0, 0, 1, 5, 1], [0, 0, 0, 0, 0, 1, 4]];[1.0, 1.0, 1.0, 1.0, 0.75, 0.7142857142857143, 0.8];0.4832974137931034;0.4736202714919121;[[112, 24, 24, 19, 27, 18, 18], [20, 105, 17, 14, 30, 14, 4], [29, 10, 222, 14, 15, 22, 7], [39, 18, 26, 145, 83, 27, 20], [25, 11, 35, 26, 142, 22, 38], [31, 24, 15, 25, 23, 104, 15], [19, 13, 16, 40, 22, 20, 67]];[0.4628099173553719, 0.5147058823529411, 0.6959247648902821, 0.40502793296089384, 0.47491638795986624, 0.4388185654008439, 0.3401015228426396];0.4394124847001224;0.44579954807915595;[[58, 9, 6, 11, 3, 1, 18], [1, 47, 11, 2, 2, 2, 1], [0, 6, 101, 4, 13, 1, 1], [27, 6, 10, 57, 106, 29, 11], [5, 5, 17, 17, 27, 11, 46], [6, 4, 5, 7, 0, 59, 9], [7, 13, 2, 19, 0, 4, 10]];[0.5471698113207547, 0.7121212121212122, 0.8015873015873016, 0.23170731707317074, 0.2109375, 0.6555555555555556, 0.18181818181818182];35.0;[6, 3, 4, 6, 4, 7, 5]
Cora;own;medoids;0.2;64;0.5;1;0.005;0.5;2140929057.0;0.9047619047619048;0.9077664399092971;[[7, 0, 0, 0, 0, 0, 0], [1, 3, 0, 0, 0, 0, 0], [0, 0, 5, 0, 0, 0, 0], [0, 0, 0, 6, 0, 0, 0], [0, 0, 0, 0, 4, 0, 0], [0, 0, 0, 0, 0, 7, 1], [0, 0, 0, 0, 1, 1, 6]];[1.0, 0.75, 1.0, 1.0, 1.0, 0.875, 0.75];0.4943212547322877;0.4901094861706949;[[120, 16, 18, 13, 22, 27, 30], [15, 100, 17, 8, 24, 20, 10], [23, 11, 218, 10, 9, 28, 19], [33, 19, 27, 125, 53, 59, 31], [27, 10, 26, 15, 135, 31, 47], [32, 15, 13, 17, 18, 116, 29], [19, 9, 13, 25, 23, 24, 100]];[0.4878048780487805, 0.5154639175257731, 0.6855345911949685, 0.36023054755043227, 0.4639175257731959, 0.48333333333333334, 0.4694835680751174];0.40758873929008566;0.4156335092272214;[[55, 9, 6, 7, 4, 3, 22], [3, 42, 11, 3, 4, 2, 1], [0, 6, 101, 3, 13, 2, 1], [25, 8, 11, 44, 81, 60, 17], [5, 4, 10, 12, 21, 19, 57], [6, 3, 4, 7, 1, 53, 16], [9, 9, 2, 14, 0, 4, 17]];[0.5188679245283019, 0.6363636363636364, 0.8015873015873016, 0.17886178861788618, 0.1640625, 0.5888888888888889, 0.3090909090909091];42.0;[7, 4, 5, 6, 4, 8, 8]
Cora;own;medoids;0.2;64;0.5;1;0.005;0.5;2140929057.0;0.8163265306122449;0.8069455054749172;[[7, 1, 0, 0, 0, 0, 0], [1, 3, 0, 0, 1, 0, 0], [0, 0, 5, 0, 0, 0, 0], [0, 0, 1, 7, 0, 1, 0], [1, 0, 0, 0, 4, 0, 0], [0, 0, 0, 0, 0, 7, 2], [0, 0, 0, 0, 1, 0, 7]];[0.875, 0.6, 1.0, 0.7777777777777778, 0.8, 0.7777777777777778, 0.875];0.4777415852334419;0.47110534191077497;[[122, 36, 17, 13, 25, 15, 44], [18, 71, 18, 10, 27, 6, 24], [25, 7, 204, 10, 13, 12, 28], [30, 15, 45, 146, 59, 37, 44], [32, 3, 24, 21, 135, 11, 54], [30, 10, 15, 21, 18, 92, 52], [18, 8, 11, 32, 19, 5, 110]];[0.4485294117647059, 0.40804597701149425, 0.6822742474916388, 0.3882978723404255, 0.48214285714285715, 0.3865546218487395, 0.541871921182266];0.3990208078335373;0.4069950828775843;[[52, 8, 4, 14, 5, 0, 23], [5, 39, 12, 4, 4, 2, 0], [0, 7, 101, 3, 14, 0, 1], [17, 8, 13, 62, 81, 34, 31], [12, 2, 10, 18, 22, 10, 54], [2, 4, 8, 10, 3, 31, 32], [6, 8, 0, 19, 0, 3, 19]];[0.49056603773584906, 0.5909090909090909, 0.8015873015873016, 0.25203252032520324, 0.171875, 0.34444444444444444, 0.34545454545454546];49.0;[8, 5, 5, 9, 5, 9, 8]
Cora;own;medoids;0.2;64;0.5;1;0.005;0.5;2140929057.0;0.8214285714285714;0.8205792143872639;[[9, 0, 0, 0, 0, 1, 0], [1, 4, 1, 0, 1, 0, 0], [0, 0, 5, 0, 0, 0, 0], [0, 0, 1, 7, 0, 1, 0], [0, 0, 0, 0, 6, 0, 0], [0, 0, 0, 0, 0, 7, 3], [0, 0, 0, 1, 0, 0, 8]];[0.9, 0.5714285714285714, 1.0, 0.7777777777777778, 1.0, 0.7, 0.8888888888888888];0.49645776566757494;0.4926773541993154;[[133, 28, 14, 23, 18, 13, 34], [16, 93, 22, 11, 23, 11, 16], [25, 11, 194, 18, 14, 11, 21], [20, 28, 43, 153, 48, 32, 42], [33, 5, 23, 25, 138, 12, 46], [28, 14, 14, 26, 10, 97, 46], [15, 10, 12, 39, 15, 9, 103]];[0.5057034220532319, 0.484375, 0.6598639455782312, 0.4180327868852459, 0.48936170212765956, 0.4127659574468085, 0.5073891625615764];0.3684210526315789;0.3708597601369988;[[41, 11, 1, 18, 7, 1, 27], [10, 35, 11, 4, 4, 2, 0], [0, 9, 96, 7, 14, 0, 0], [18, 18, 12, 59, 76, 36, 27], [16, 3, 10, 26, 23, 10, 40], [3, 5, 5, 14, 2, 30, 31], [6, 8, 0, 19, 0, 5, 17]];[0.3867924528301887, 0.5303030303030303, 0.7619047619047619, 0.23983739837398374, 0.1796875, 0.3333333333333333, 0.3090909090909091];56.0;[10, 7, 5, 9, 6, 10, 9]
Cora;own;medoids;0.2;64;0.5;1;0.005;0.5;2140929057.0;0.8888888888888888;0.8937799043062202;[[9, 0, 0, 0, 0, 1, 0], [1, 6, 0, 0, 1, 0, 0], [0, 0, 5, 0, 0, 0, 0], [0, 1, 0, 9, 0, 0, 0], [0, 0, 0, 0, 10, 1, 0], [0, 0, 0, 0, 0, 8, 2], [0, 0, 0, 0, 0, 0, 9]];[0.9, 0.75, 1.0, 0.9, 0.9090909090909091, 0.8, 1.0];0.48741794310722103;0.4741912941498228;[[118, 33, 1, 13, 45, 14, 28], [12, 132, 3, 27, 39, 11, 9], [18, 22, 70, 19, 55, 16, 15], [14, 55, 11, 119, 77, 20, 31], [21, 8, 23, 27, 263, 17, 19], [18, 22, 3, 17, 33, 93, 40], [12, 15, 4, 28, 29, 13, 96]];[0.46825396825396826, 0.5665236051502146, 0.32558139534883723, 0.363914373088685, 0.6957671957671958, 0.41150442477876104, 0.4873096446700508];0.2778457772337821;0.28804742177239845;[[41, 13, 1, 10, 14, 3, 24], [7, 42, 6, 3, 5, 3, 0], [0, 20, 23, 15, 67, 1, 0], [17, 55, 1, 29, 86, 33, 25], [6, 7, 10, 28, 50, 4, 23], [3, 7, 1, 10, 8, 33, 28], [5, 7, 0, 17, 2, 15, 9]];[0.3867924528301887, 0.6363636363636364, 0.18253968253968253, 0.11788617886178862, 0.390625, 0.36666666666666664, 0.16363636363636364];63.0;[10, 8, 5, 10, 11, 10, 9]
Cora;own;medoids;0.2;64;0.5;1;0.005;0.5;2140929057.0;0.8285714285714286;0.8336858379715523;[[9, 0, 0, 0, 0, 1, 0], [1, 6, 0, 0, 1, 1, 0], [0, 0, 5, 0, 0, 0, 0], [0, 0, 0, 10, 0, 0, 1], [0, 1, 1, 0, 10, 1, 0], [1, 0, 0, 1, 0, 9, 2], [0, 0, 0, 0, 0, 0, 9]];[0.9, 0.6666666666666666, 1.0, 0.9090909090909091, 0.7692307692307693, 0.6923076923076923, 1.0];0.48929159802306427;0.4746321876543197;[[118, 23, 0, 12, 52, 15, 23], [12, 129, 4, 18, 42, 13, 9], [13, 18, 64, 16, 65, 19, 17], [19, 33, 10, 116, 87, 25, 33], [25, 8, 14, 24, 275, 16, 16], [32, 18, 4, 12, 44, 96, 39], [11, 12, 3, 28, 34, 12, 93]];[0.48559670781893005, 0.5682819383259912, 0.3018867924528302, 0.3591331269349845, 0.7275132275132276, 0.39183673469387753, 0.48186528497409326];0.2766217870257038;0.2838810213366712;[[44, 13, 1, 10, 14, 1, 23], [9, 38, 6, 3, 7, 3, 0], [0, 17, 16, 12, 81, 0, 0], [18, 39, 1, 30, 100, 32, 26], [14, 5, 7, 24, 54, 4, 20], [4, 5, 2, 10, 9, 34, 26], [7, 8, 0, 14, 2, 14, 10]];[0.41509433962264153, 0.5757575757575758, 0.12698412698412698, 0.12195121951219512, 0.421875, 0.37777777777777777, 0.18181818181818182];70.0;[10, 9, 5, 11, 13, 13, 9]


Cora;own;medoids;0.2;64;0.5;1;0.005;0.5;1240197975.0;0.0;0.0;[[]];[];0.2527763088313062;0.16086713580104123;[[48, 22, 9, 25, 0, 35, 106], [17, 2, 2, 11, 0, 115, 4], [37, 30, 16, 44, 56, 72, 37], [61, 18, 21, 341, 4, 99, 28], [61, 29, 22, 96, 0, 44, 46], [44, 36, 4, 14, 4, 57, 49], [66, 19, 4, 3, 0, 19, 14]];[0.19591836734693877, 0.013245033112582781, 0.0547945205479452, 0.5961538461538461, 0.0, 0.27403846153846156, 0.112];0.2668298653610771;0.1702800557453026;[[18, 8, 5, 11, 0, 13, 51], [5, 3, 1, 5, 0, 52, 0], [19, 16, 6, 16, 18, 33, 18], [13, 12, 8, 152, 4, 45, 12], [19, 9, 11, 47, 0, 15, 27], [11, 16, 1, 9, 3, 34, 16], [37, 5, 2, 3, 0, 3, 5]];[0.16981132075471697, 0.045454545454545456, 0.047619047619047616, 0.6178861788617886, 0.0, 0.37777777777777777, 0.09090909090909091];0.0;[]
Cora;own;medoids;0.2;64;0.5;1;0.005;0.5;1240197975.0;1.0;1.0;[[1, 0, 0, 0, 0], [0, 3, 0, 0, 0], [0, 0, 1, 0, 0], [0, 0, 0, 1, 0], [0, 0, 0, 0, 1]];[1.0, 1.0, 1.0, 1.0, 1.0];0.24522292993630573;0.15856691515678825;[[52, 0, 99, 0, 0, 20, 95], [64, 0, 64, 2, 0, 20, 30], [24, 0, 279, 0, 0, 10, 34], [109, 0, 184, 18, 0, 23, 56], [37, 1, 103, 3, 0, 67, 53], [14, 1, 115, 1, 0, 30, 63], [23, 0, 87, 1, 0, 19, 83]];[0.19548872180451127, 0.0, 0.8040345821325648, 0.046153846153846156, 0.0, 0.13392857142857142, 0.38967136150234744];0.2215422276621787;0.13390720535544082;[[5, 0, 41, 5, 0, 1, 54], [46, 0, 18, 0, 0, 0, 2], [0, 0, 125, 0, 0, 0, 1], [78, 0, 114, 8, 0, 12, 34], [6, 0, 43, 1, 0, 61, 17], [0, 1, 65, 0, 0, 0, 24], [0, 0, 11, 0, 0, 1, 43]];[0.04716981132075472, 0.0, 0.9920634920634921, 0.032520325203252036, 0.0, 0.0, 0.7818181818181819];7.0;[1, 0, 3, 1, 0, 1, 1]
Cora;own;medoids;0.2;64;0.5;1;0.005;0.5;1240197975.0;0.9285714285714286;0.9365079365079365;[[1, 0, 0, 0, 0, 0, 0], [0, 1, 0, 0, 0, 0, 0], [0, 0, 4, 0, 0, 0, 0], [0, 0, 0, 4, 0, 0, 0], [0, 0, 1, 0, 1, 0, 0], [0, 0, 0, 0, 0, 1, 0], [0, 0, 0, 0, 0, 0, 1]];[1.0, 1.0, 1.0, 1.0, 0.5, 1.0, 1.0];0.3223228556206713;0.25667997781709173;[[32, 8, 108, 34, 9, 12, 52], [49, 12, 60, 23, 14, 4, 16], [16, 6, 294, 13, 8, 5, 17], [55, 10, 157, 132, 10, 6, 27], [22, 5, 98, 43, 47, 26, 21], [11, 7, 124, 16, 9, 23, 30], [14, 4, 78, 31, 7, 7, 65]];[0.12549019607843137, 0.06741573033707865, 0.8189415041782729, 0.33249370277078083, 0.17938931297709923, 0.10454545454545454, 0.3155339805825243];0.3561811505507956;0.2825773827082822;[[5, 18, 37, 13, 2, 6, 25], [45, 0, 19, 1, 0, 0, 1], [0, 0, 124, 1, 0, 0, 1], [30, 4, 120, 80, 1, 3, 8], [1, 5, 36, 12, 46, 27, 1], [0, 0, 75, 1, 0, 0, 14], [0, 0, 10, 9, 0, 0, 36]];[0.04716981132075472, 0.0, 0.9841269841269841, 0.3252032520325203, 0.359375, 0.0, 0.6545454545454545];14.0;[1, 1, 4, 4, 2, 1, 1]
Cora;own;medoids;0.2;64;0.5;1;0.005;0.5;1240197975.0;1.0;1.0;[[1, 0, 0, 0, 0, 0, 0], [0, 1, 0, 0, 0, 0, 0], [0, 0, 6, 0, 0, 0, 0], [0, 0, 0, 7, 0, 0, 0], [0, 0, 0, 0, 2, 0, 0], [0, 0, 0, 0, 0, 2, 0], [0, 0, 0, 0, 0, 0, 2]];[1.0, 1.0, 1.0, 1.0, 1.0, 1.0, 1.0];0.3689839572192513;0.28505645799305623;[[14, 7, 83, 55, 6, 40, 37], [7, 11, 56, 50, 7, 17, 10], [5, 5, 282, 28, 4, 14, 8], [22, 8, 144, 207, 8, 27, 19], [6, 2, 78, 56, 26, 46, 31], [1, 4, 87, 33, 5, 88, 13], [2, 5, 65, 41, 3, 35, 62]];[0.05785123966942149, 0.06962025316455696, 0.815028901734104, 0.47586206896551725, 0.10612244897959183, 0.38095238095238093, 0.29107981220657275];0.34761321909424725;0.25156979319064227;[[0, 14, 23, 18, 2, 32, 17], [6, 0, 12, 47, 0, 0, 1], [0, 0, 123, 2, 0, 0, 1], [15, 5, 121, 92, 1, 8, 4], [0, 6, 34, 15, 28, 28, 17], [0, 0, 54, 5, 0, 29, 2], [0, 0, 12, 9, 0, 22, 12]];[0.0, 0.0, 0.9761904761904762, 0.37398373983739835, 0.21875, 0.32222222222222224, 0.21818181818181817];21.0;[1, 1, 6, 7, 2, 2, 2]
Cora;own;medoids;0.2;64;0.5;1;0.005;0.5;1240197975.0;0.9642857142857143;0.9439775910364145;[[2, 0, 0, 0, 0, 0, 0], [0, 1, 0, 1, 0, 0, 0], [0, 0, 6, 0, 0, 0, 0], [0, 0, 0, 8, 0, 0, 0], [0, 0, 0, 0, 4, 0, 0], [0, 0, 0, 0, 0, 3, 0], [0, 0, 0, 0, 0, 0, 3]];[1.0, 0.5, 1.0, 1.0, 1.0, 1.0, 1.0];0.404723564143854;0.3384754621170387;[[28, 10, 44, 57, 21, 32, 52], [10, 15, 27, 62, 16, 19, 8], [6, 9, 251, 35, 13, 15, 8], [39, 12, 78, 238, 23, 29, 17], [9, 4, 39, 64, 67, 44, 27], [2, 7, 31, 48, 30, 95, 11], [6, 9, 38, 52, 12, 34, 60]];[0.11475409836065574, 0.09554140127388536, 0.744807121661721, 0.5458715596330275, 0.2637795275590551, 0.42410714285714285, 0.2843601895734597];0.4320685434516524;0.3257873062297633;[[1, 12, 11, 22, 11, 15, 34], [4, 0, 10, 51, 0, 0, 1], [0, 0, 119, 6, 0, 0, 1], [34, 11, 52, 128, 8, 10, 3], [0, 4, 14, 20, 49, 26, 15], [0, 2, 9, 12, 21, 45, 1], [4, 1, 5, 10, 3, 21, 11]];[0.009433962264150943, 0.0, 0.9444444444444444, 0.5203252032520326, 0.3828125, 0.5, 0.2];28.0;[2, 2, 6, 8, 4, 3, 3]
Cora;own;medoids;0.2;64;0.5;1;0.005;0.5;1240197975.0;1.0;1.0;[[3, 0, 0, 0, 0, 0, 0], [0, 2, 0, 0, 0, 0, 0], [0, 0, 6, 0, 0, 0, 0], [0, 0, 0, 11, 0, 0, 0], [0, 0, 0, 0, 5, 0, 0], [0, 0, 0, 0, 0, 5, 0], [0, 0, 0, 0, 0, 0, 3]];[1.0, 1.0, 1.0, 1.0, 1.0, 1.0, 1.0];0.44935344827586204;0.3914856534512343;[[87, 9, 35, 49, 17, 34, 42], [10, 14, 22, 54, 9, 22, 11], [19, 5, 240, 25, 6, 16, 6], [50, 22, 58, 251, 20, 25, 20], [13, 1, 32, 51, 77, 54, 32], [10, 5, 25, 40, 17, 112, 9], [20, 6, 32, 44, 10, 35, 53]];[0.31868131868131866, 0.09859154929577464, 0.7570977917981072, 0.5627802690582959, 0.29615384615384616, 0.5137614678899083, 0.265];0.4369645042839657;0.33204260939361774;[[5, 10, 9, 23, 7, 17, 35], [8, 0, 10, 47, 0, 0, 1], [1, 0, 120, 4, 0, 0, 1], [49, 12, 27, 122, 21, 10, 5], [0, 4, 15, 15, 41, 36, 17], [2, 2, 4, 9, 6, 66, 1], [12, 0, 3, 11, 1, 25, 3]];[0.04716981132075472, 0.0, 0.9523809523809523, 0.4959349593495935, 0.3203125, 0.7333333333333333, 0.05454545454545454];35.0;[3, 2, 6, 11, 5, 5, 3]
Cora;own;medoids;0.2;64;0.5;1;0.005;0.5;1240197975.0;0.9285714285714286;0.9471778221778223;[[3, 0, 0, 0, 0, 0, 0], [0, 3, 0, 0, 0, 0, 0], [0, 0, 7, 0, 1, 0, 0], [0, 0, 1, 12, 0, 0, 0], [0, 0, 0, 0, 6, 0, 0], [0, 0, 0, 1, 0, 5, 0], [0, 0, 0, 0, 0, 0, 3]];[1.0, 1.0, 0.875, 0.9230769230769231, 1.0, 0.8333333333333334, 1.0];0.46619794483504595;0.4033516804922979;[[80, 5, 39, 70, 22, 25, 15], [13, 19, 26, 56, 14, 13, 5], [17, 1, 250, 26, 13, 13, 2], [33, 10, 69, 288, 23, 21, 7], [12, 4, 37, 55, 90, 43, 20], [5, 7, 31, 50, 31, 89, 2], [14, 5, 35, 51, 14, 33, 46]];[0.3125, 0.13013698630136986, 0.7763975155279503, 0.6385809312638581, 0.3448275862068966, 0.413953488372093, 0.23232323232323232];0.4039167686658507;0.2871160560689142;[[5, 7, 9, 49, 14, 10, 12], [5, 0, 14, 47, 0, 0, 0], [1, 0, 118, 5, 0, 0, 2], [37, 7, 36, 129, 22, 13, 2], [2, 4, 19, 14, 42, 32, 15], [3, 2, 8, 9, 34, 33, 1], [7, 1, 4, 13, 3, 24, 3]];[0.04716981132075472, 0.0, 0.9365079365079365, 0.524390243902439, 0.328125, 0.36666666666666664, 0.05454545454545454];42.0;[3, 3, 8, 13, 6, 6, 3]
Cora;own;medoids;0.2;64;0.5;1;0.005;0.5;1240197975.0;0.8571428571428571;0.8398847393208294;[[3, 0, 0, 0, 0, 1, 0], [0, 3, 1, 0, 0, 0, 0], [0, 0, 7, 0, 1, 0, 0], [1, 0, 0, 13, 0, 0, 0], [0, 0, 0, 0, 8, 0, 1], [0, 0, 0, 1, 1, 5, 0], [0, 0, 0, 0, 0, 0, 3]];[0.75, 0.75, 0.875, 0.9285714285714286, 0.8888888888888888, 0.7142857142857143, 1.0];0.4755700325732899;0.4129576915287271;[[75, 6, 40, 68, 23, 29, 10], [9, 20, 26, 50, 18, 13, 4], [15, 2, 243, 24, 16, 13, 2], [26, 11, 61, 291, 24, 20, 6], [16, 5, 34, 69, 107, 41, 16], [7, 7, 29, 46, 31, 98, 4], [13, 7, 34, 44, 14, 33, 42]];[0.29880478087649404, 0.14285714285714285, 0.7714285714285715, 0.662870159453303, 0.3715277777777778, 0.44144144144144143, 0.22459893048128343];0.423500611995104;0.30002047323479947;[[6, 7, 8, 49, 13, 13, 10], [3, 0, 15, 37, 11, 0, 0], [1, 0, 117, 5, 0, 1, 2], [30, 8, 30, 141, 23, 11, 3], [4, 5, 21, 15, 44, 24, 15], [2, 2, 5, 6, 40, 35, 0], [5, 2, 4, 12, 3, 26, 3]];[0.05660377358490566, 0.0, 0.9285714285714286, 0.573170731707317, 0.34375, 0.3888888888888889, 0.05454545454545454];49.0;[4, 4, 8, 14, 9, 7, 3]
Cora;own;medoids;0.2;64;0.5;1;0.005;0.5;1240197975.0;0.8571428571428571;0.8347431955238236;[[4, 0, 0, 0, 0, 1, 0], [0, 3, 1, 0, 0, 0, 0], [1, 0, 7, 0, 1, 0, 0], [0, 0, 1, 16, 0, 0, 1], [0, 0, 0, 0, 8, 0, 1], [0, 0, 0, 0, 1, 7, 0], [0, 0, 0, 0, 0, 0, 3]];[0.8, 0.75, 0.7777777777777778, 0.8888888888888888, 0.8888888888888888, 0.875, 1.0];0.49754768392370574;0.43581813913735795;[[142, 3, 36, 58, 21, 8, 12], [27, 19, 24, 36, 21, 4, 3], [26, 1, 234, 24, 15, 5, 2], [55, 6, 61, 285, 27, 7, 14], [30, 1, 29, 58, 116, 19, 18], [34, 5, 26, 35, 33, 85, 1], [42, 3, 27, 43, 12, 10, 32]];[0.5071428571428571, 0.1417910447761194, 0.762214983713355, 0.6263736263736264, 0.4280442804428044, 0.3881278538812785, 0.1893491124260355];0.4504283965728274;0.34965090984085345;[[35, 4, 3, 39, 15, 1, 9], [3, 0, 14, 22, 27, 0, 0], [5, 0, 113, 5, 1, 0, 2], [51, 6, 26, 134, 21, 6, 2], [16, 4, 17, 16, 49, 12, 14], [19, 1, 2, 3, 31, 34, 0], [24, 1, 1, 13, 1, 12, 3]];[0.330188679245283, 0.0, 0.8968253968253969, 0.5447154471544715, 0.3828125, 0.37777777777777777, 0.05454545454545454];56.0;[5, 4, 9, 18, 9, 8, 3]
Cora;own;medoids;0.2;64;0.5;1;0.005;0.5;1240197975.0;0.8571428571428571;0.8255005645983088;[[5, 0, 0, 0, 0, 1, 0], [1, 4, 1, 0, 0, 0, 0], [1, 0, 8, 0, 1, 0, 0], [0, 0, 1, 17, 0, 0, 1], [0, 0, 0, 0, 8, 0, 1], [0, 0, 0, 0, 0, 9, 0], [0, 0, 1, 0, 0, 0, 3]];[0.8333333333333334, 0.6666666666666666, 0.8, 0.8947368421052632, 0.8888888888888888, 1.0, 0.75];0.5098468271334792;0.45647896661620485;[[128, 10, 32, 65, 11, 11, 12], [24, 33, 24, 58, 16, 6, 3], [19, 4, 237, 28, 7, 6, 2], [34, 17, 62, 299, 13, 7, 13], [16, 11, 26, 75, 95, 18, 13], [21, 18, 25, 35, 13, 109, 1], [31, 9, 31, 51, 8, 10, 31]];[0.4758364312267658, 0.20121951219512196, 0.7821782178217822, 0.6719101123595506, 0.37401574803149606, 0.49099099099099097, 0.18128654970760233];0.4663402692778458;0.38222292572386635;[[26, 11, 6, 40, 7, 7, 9], [4, 10, 10, 35, 7, 0, 0], [3, 1, 112, 7, 1, 0, 2], [30, 17, 33, 141, 16, 7, 2], [14, 7, 16, 26, 37, 14, 14], [15, 8, 2, 3, 10, 52, 0], [20, 1, 2, 13, 1, 15, 3]];[0.24528301886792453, 0.15151515151515152, 0.8888888888888888, 0.573170731707317, 0.2890625, 0.5777777777777777, 0.05454545454545454];63.0;[6, 6, 10, 19, 9, 9, 4]
Cora;own;medoids;0.2;64;0.5;1;0.005;0.5;1240197975.0;0.8857142857142857;0.8743945425059975;[[6, 0, 0, 0, 0, 0, 0], [0, 8, 0, 0, 0, 0, 0], [0, 0, 9, 0, 1, 0, 0], [0, 1, 1, 17, 0, 0, 1], [0, 0, 1, 1, 8, 0, 1], [0, 0, 0, 0, 0, 11, 0], [0, 0, 1, 0, 0, 0, 3]];[1.0, 1.0, 0.9, 0.85, 0.7272727272727273, 1.0, 0.75];0.5194947830862163;0.4741518165125261;[[117, 27, 29, 54, 13, 12, 13], [21, 57, 21, 43, 25, 6, 3], [15, 9, 236, 22, 9, 8, 2], [28, 28, 54, 290, 17, 10, 13], [20, 11, 23, 64, 97, 22, 13], [16, 20, 21, 31, 16, 117, 1], [22, 17, 29, 44, 8, 15, 32]];[0.44150943396226416, 0.32386363636363635, 0.7840531561461794, 0.6590909090909091, 0.388, 0.527027027027027, 0.19161676646706588];0.44430844553243576;0.3606996547104365;[[18, 25, 3, 30, 11, 11, 8], [5, 8, 12, 22, 17, 2, 0], [3, 0, 111, 6, 4, 0, 2], [34, 27, 20, 132, 19, 10, 4], [10, 11, 19, 22, 38, 14, 14], [15, 9, 1, 1, 11, 53, 0], [12, 2, 3, 12, 1, 22, 3]];[0.16981132075471697, 0.12121212121212122, 0.8809523809523809, 0.5365853658536586, 0.296875, 0.5888888888888889, 0.05454545454545454];70.0;[6, 8, 10, 20, 11, 11, 4]


Cora;own;medoids;0.2;64;0.5;1;0.005;0.5;784866329.0;0.0;0.0;[[]];[];0.07297726070861978;0.056869433980592694;[[1, 110, 21, 60, 0, 50, 3], [0, 11, 113, 20, 2, 5, 0], [0, 9, 21, 232, 5, 24, 1], [9, 287, 35, 49, 7, 180, 5], [6, 98, 16, 73, 6, 97, 2], [1, 36, 22, 95, 3, 50, 1], [4, 73, 19, 14, 0, 15, 0]];[0.004081632653061225, 0.0728476821192053, 0.07191780821917808, 0.08566433566433566, 0.020134228187919462, 0.2403846153846154, 0.0];0.0795593635250918;0.06414107324977016;[[0, 57, 3, 30, 0, 16, 0], [0, 6, 48, 10, 0, 2, 0], [0, 3, 11, 91, 6, 14, 1], [4, 121, 12, 24, 1, 82, 2], [2, 47, 3, 25, 2, 46, 3], [0, 16, 6, 41, 6, 21, 0], [1, 29, 8, 11, 0, 5, 1]];[0.0, 0.09090909090909091, 0.0873015873015873, 0.0975609756097561, 0.015625, 0.23333333333333334, 0.01818181818181818];0.0;[]
Cora;own;medoids;0.2;64;0.5;1;0.005;0.5;784866329.0;1.0;1.0;[[1, 0, 0, 0, 0, 0, 0], [0, 1, 0, 0, 0, 0, 0], [0, 0, 1, 0, 0, 0, 0], [0, 0, 0, 1, 0, 0, 0], [0, 0, 0, 0, 1, 0, 0], [0, 0, 0, 0, 0, 1, 0], [0, 0, 0, 0, 0, 0, 1]];[1.0, 1.0, 1.0, 1.0, 1.0, 1.0, 1.0];0.18365180467091294;0.15865421323300777;[[7, 116, 40, 18, 1, 19, 77], [2, 131, 7, 8, 0, 15, 55], [1, 195, 20, 6, 0, 15, 53], [6, 121, 13, 55, 1, 35, 172], [2, 79, 8, 12, 1, 17, 138], [0, 91, 5, 9, 0, 76, 50], [3, 112, 7, 13, 0, 16, 56]];[0.025179856115107913, 0.6009174311926605, 0.06896551724137931, 0.13647642679900746, 0.0038910505836575876, 0.329004329004329, 0.27053140096618356];0.20930232558139536;0.18886058098859632;[[0, 52, 19, 2, 0, 1, 32], [0, 61, 0, 3, 0, 0, 2], [1, 119, 0, 6, 0, 0, 0], [2, 51, 5, 48, 1, 6, 133], [2, 12, 1, 3, 0, 4, 106], [0, 25, 1, 1, 0, 60, 3], [1, 42, 3, 0, 0, 7, 2]];[0.0, 0.9242424242424242, 0.0, 0.1951219512195122, 0.0, 0.6666666666666666, 0.03636363636363636];7.0;[1, 1, 1, 1, 1, 1, 1]
Cora;own;medoids;0.2;64;0.5;1;0.005;0.5;784866329.0;0.8571428571428571;0.8761904761904761;[[2, 0, 0, 0, 0, 0, 0], [0, 1, 0, 0, 1, 0, 0], [0, 0, 1, 0, 0, 0, 0], [0, 0, 0, 3, 0, 0, 0], [0, 0, 0, 0, 2, 1, 0], [0, 0, 0, 0, 0, 2, 0], [0, 0, 0, 0, 0, 0, 1]];[1.0, 0.5, 1.0, 1.0, 0.6666666666666666, 1.0, 1.0];0.29941395844432606;0.26521153960675464;[[70, 3, 12, 65, 55, 46, 27], [11, 44, 0, 47, 69, 32, 25], [8, 3, 10, 44, 147, 38, 19], [14, 15, 1, 232, 50, 44, 37], [24, 9, 2, 58, 62, 41, 84], [10, 3, 3, 42, 35, 115, 21], [31, 2, 2, 47, 46, 43, 29]];[0.2517985611510791, 0.19298245614035087, 0.03717472118959108, 0.5903307888040712, 0.22142857142857142, 0.5021834061135371, 0.145];0.37576499388004897;0.29759317095957355;[[38, 2, 5, 13, 8, 20, 20], [0, 11, 0, 10, 44, 0, 1], [0, 0, 0, 4, 122, 0, 0], [4, 23, 0, 180, 8, 9, 22], [11, 0, 0, 30, 1, 11, 75], [2, 0, 0, 5, 6, 75, 2], [19, 0, 0, 4, 16, 14, 2]];[0.3584905660377358, 0.16666666666666666, 0.0, 0.7317073170731707, 0.0078125, 0.8333333333333334, 0.03636363636363636];14.0;[2, 2, 1, 3, 3, 2, 1]
Cora;own;medoids;0.2;64;0.5;1;0.005;0.5;784866329.0;0.8571428571428571;0.8816326530612244;[[2, 0, 0, 0, 0, 0, 0], [0, 3, 0, 0, 0, 0, 0], [0, 0, 1, 0, 0, 0, 0], [0, 1, 0, 4, 0, 0, 0], [0, 0, 0, 0, 3, 1, 0], [0, 0, 0, 0, 0, 3, 0], [0, 0, 0, 1, 0, 0, 2]];[1.0, 1.0, 1.0, 0.8, 0.75, 1.0, 0.6666666666666666];0.3748663101604278;0.31790847521866644;[[63, 40, 8, 64, 6, 24, 52], [11, 106, 0, 35, 7, 16, 39], [13, 22, 8, 107, 10, 22, 27], [14, 72, 1, 296, 8, 26, 65], [25, 32, 1, 48, 33, 34, 94], [14, 22, 2, 42, 3, 109, 29], [26, 25, 2, 54, 5, 22, 86]];[0.245136186770428, 0.4953271028037383, 0.03827751196172249, 0.6141078838174274, 0.12359550561797752, 0.49321266968325794, 0.39090909090909093];0.3390452876376989;0.2938642759815801;[[29, 6, 4, 12, 2, 6, 47], [2, 53, 0, 6, 5, 0, 0], [0, 9, 0, 104, 13, 0, 0], [7, 86, 0, 115, 0, 5, 33], [18, 8, 0, 15, 1, 4, 82], [5, 6, 0, 4, 0, 68, 7], [13, 8, 0, 13, 0, 10, 11]];[0.27358490566037735, 0.803030303030303, 0.0, 0.46747967479674796, 0.0078125, 0.7555555555555555, 0.2];21.0;[2, 3, 1, 5, 4, 3, 3]
Cora;own;medoids;0.2;64;0.5;1;0.005;0.5;784866329.0;0.7857142857142857;0.7952380952380952;[[3, 0, 0, 0, 0, 0, 0], [0, 4, 0, 0, 0, 0, 0], [0, 0, 2, 1, 0, 0, 0], [0, 1, 2, 3, 0, 0, 0], [0, 0, 0, 0, 4, 1, 0], [0, 0, 0, 0, 0, 4, 0], [0, 0, 1, 0, 0, 0, 2]];[1.0, 1.0, 0.6666666666666666, 0.5, 0.8, 1.0, 0.6666666666666666];0.333870101986044;0.3397301592776865;[[90, 11, 70, 31, 6, 15, 46], [44, 67, 37, 15, 2, 16, 28], [14, 10, 92, 88, 15, 20, 27], [21, 29, 181, 150, 4, 24, 33], [19, 21, 52, 23, 46, 20, 73], [18, 5, 30, 22, 5, 104, 32], [30, 7, 51, 23, 4, 19, 73]];[0.3345724907063197, 0.32057416267942584, 0.3458646616541353, 0.3393665158371041, 0.18110236220472442, 0.48148148148148145, 0.3526570048309179];0.19951040391676866;0.23366166524975848;[[38, 1, 21, 4, 3, 5, 34], [36, 13, 7, 5, 4, 0, 1], [0, 9, 2, 100, 15, 0, 0], [6, 40, 147, 24, 0, 5, 24], [6, 20, 17, 3, 8, 3, 71], [5, 3, 2, 7, 1, 64, 8], [12, 0, 17, 3, 1, 8, 14]];[0.3584905660377358, 0.19696969696969696, 0.015873015873015872, 0.0975609756097561, 0.0625, 0.7111111111111111, 0.2545454545454545];28.0;[3, 4, 3, 6, 5, 4, 3]
Cora;own;medoids;0.2;64;0.5;1;0.005;0.5;784866329.0;0.9714285714285714;0.9731379731379731;[[4, 0, 0, 0, 0, 0, 0], [0, 4, 0, 0, 0, 0, 0], [0, 0, 4, 0, 0, 0, 0], [0, 1, 0, 6, 0, 0, 0], [0, 0, 0, 0, 6, 0, 0], [0, 0, 0, 0, 0, 5, 0], [0, 0, 0, 0, 0, 0, 5]];[1.0, 1.0, 1.0, 0.8571428571428571, 1.0, 1.0, 1.0];0.39385775862068967;0.38886734993081074;[[101, 8, 32, 75, 9, 19, 35], [37, 66, 24, 34, 10, 13, 17], [16, 5, 89, 102, 13, 20, 16], [28, 31, 93, 216, 9, 28, 29], [35, 28, 23, 35, 65, 19, 41], [17, 4, 23, 45, 5, 107, 18], [27, 12, 31, 42, 3, 14, 87]];[0.36200716845878134, 0.3283582089552239, 0.34099616858237547, 0.4976958525345622, 0.26422764227642276, 0.4885844748858447, 0.4027777777777778];0.2913096695226438;0.2826519761650117;[[25, 2, 10, 28, 3, 8, 30], [38, 8, 6, 11, 2, 1, 0], [0, 0, 10, 91, 25, 0, 0], [6, 40, 75, 91, 7, 7, 20], [37, 24, 7, 12, 14, 3, 31], [2, 2, 3, 12, 1, 63, 7], [3, 0, 9, 12, 1, 3, 27]];[0.2358490566037736, 0.12121212121212122, 0.07936507936507936, 0.3699186991869919, 0.109375, 0.7, 0.4909090909090909];35.0;[4, 4, 4, 7, 6, 5, 5]
Cora;own;medoids;0.2;64;0.5;1;0.005;0.5;784866329.0;0.9523809523809523;0.953617810760668;[[5, 0, 0, 1, 0, 0, 0], [0, 5, 0, 0, 0, 0, 0], [0, 0, 5, 0, 0, 0, 0], [0, 1, 0, 6, 0, 0, 0], [0, 0, 0, 0, 7, 0, 0], [0, 0, 0, 0, 0, 6, 0], [0, 0, 0, 0, 0, 0, 6]];[0.8333333333333334, 1.0, 1.0, 0.8571428571428571, 1.0, 1.0, 1.0];0.4321254732287723;0.4301081131186041;[[120, 8, 30, 58, 15, 25, 35], [32, 72, 16, 25, 21, 13, 18], [16, 3, 106, 83, 20, 19, 14], [40, 29, 76, 205, 26, 22, 21], [45, 21, 20, 26, 95, 17, 23], [20, 7, 21, 34, 11, 109, 17], [27, 9, 32, 28, 10, 17, 92]];[0.41237113402061853, 0.36548223350253806, 0.4061302681992337, 0.4892601431980907, 0.38461538461538464, 0.4977168949771689, 0.42790697674418604];0.31456548347613217;0.3169045701425216;[[29, 4, 8, 22, 3, 10, 30], [34, 12, 6, 7, 4, 1, 2], [0, 3, 16, 78, 27, 1, 1], [19, 37, 66, 81, 19, 4, 20], [38, 21, 5, 11, 28, 3, 22], [3, 2, 3, 11, 1, 63, 7], [4, 0, 11, 8, 0, 4, 28]];[0.27358490566037735, 0.18181818181818182, 0.12698412698412698, 0.32926829268292684, 0.21875, 0.7, 0.509090909090909];42.0;[6, 5, 5, 7, 7, 6, 6]
Cora;own;medoids;0.2;64;0.5;1;0.005;0.5;784866329.0;0.9387755102040817;0.9382214424231231;[[7, 0, 0, 0, 0, 0, 0], [0, 6, 0, 0, 0, 0, 0], [0, 0, 6, 0, 0, 0, 0], [0, 1, 1, 6, 0, 0, 0], [0, 0, 0, 0, 8, 1, 0], [0, 0, 0, 0, 0, 6, 0], [0, 0, 0, 0, 0, 0, 7]];[1.0, 1.0, 1.0, 0.75, 0.8888888888888888, 1.0, 1.0];0.4543973941368078;0.45394189523517675;[[102, 15, 34, 56, 19, 21, 39], [13, 107, 20, 27, 16, 13, 16], [10, 4, 110, 80, 22, 21, 17], [33, 26, 72, 223, 21, 24, 21], [25, 19, 31, 28, 87, 22, 27], [11, 6, 21, 37, 7, 107, 19], [24, 7, 27, 32, 6, 16, 101]];[0.35664335664335667, 0.5047169811320755, 0.4166666666666667, 0.530952380952381, 0.36401673640167365, 0.5144230769230769, 0.47417840375586856];0.33047735618115054;0.3326160818046948;[[25, 5, 12, 22, 2, 10, 30], [15, 23, 12, 4, 4, 2, 6], [0, 0, 18, 84, 22, 0, 2], [22, 34, 58, 91, 13, 6, 22], [34, 17, 9, 13, 23, 4, 28], [3, 2, 3, 12, 3, 60, 7], [7, 1, 6, 8, 0, 3, 30]];[0.2358490566037736, 0.3484848484848485, 0.14285714285714285, 0.3699186991869919, 0.1796875, 0.6666666666666666, 0.5454545454545454];49.0;[7, 6, 6, 8, 9, 6, 7]
Cora;own;medoids;0.2;64;0.5;1;0.005;0.5;784866329.0;0.8928571428571429;0.8912565026010404;[[8, 0, 1, 0, 0, 0, 0], [0, 7, 0, 0, 0, 0, 0], [0, 0, 6, 0, 0, 1, 0], [0, 1, 0, 7, 0, 0, 0], [0, 0, 0, 0, 9, 1, 1], [0, 0, 0, 0, 0, 6, 0], [0, 0, 0, 1, 0, 0, 7]];[0.8888888888888888, 1.0, 0.8571428571428571, 0.875, 0.8181818181818182, 1.0, 0.875];0.46267029972752044;0.4644185821706632;[[112, 15, 32, 52, 24, 22, 25], [12, 108, 19, 24, 21, 13, 12], [15, 6, 114, 80, 19, 28, 11], [39, 27, 71, 216, 24, 24, 15], [31, 19, 31, 23, 103, 20, 19], [15, 8, 19, 37, 10, 102, 12], [31, 8, 26, 26, 7, 14, 94]];[0.3971631205673759, 0.5167464114832536, 0.4175824175824176, 0.5192307692307693, 0.4186991869918699, 0.5024630541871922, 0.4563106796116505];0.3317013463892289;0.33848600213107805;[[31, 5, 13, 23, 2, 10, 22], [17, 25, 10, 4, 4, 2, 4], [0, 1, 18, 83, 23, 0, 1], [28, 33, 55, 87, 17, 6, 20], [33, 18, 12, 11, 26, 4, 24], [3, 2, 3, 12, 6, 58, 6], [9, 1, 5, 10, 1, 3, 26]];[0.29245283018867924, 0.3787878787878788, 0.14285714285714285, 0.35365853658536583, 0.203125, 0.6444444444444445, 0.4727272727272727];56.0;[9, 7, 7, 8, 11, 6, 8]
Cora;own;medoids;0.2;64;0.5;1;0.005;0.5;784866329.0;0.9047619047619048;0.8972199991107555;[[10, 0, 0, 0, 0, 1, 0], [0, 7, 0, 0, 0, 0, 0], [0, 0, 7, 0, 0, 1, 0], [0, 1, 0, 7, 0, 0, 0], [0, 0, 0, 0, 13, 0, 1], [0, 0, 0, 1, 0, 6, 0], [0, 0, 0, 1, 0, 0, 7]];[0.9090909090909091, 1.0, 0.875, 0.875, 0.9285714285714286, 0.8571428571428571, 0.875];0.4655361050328228;0.4759371561063796;[[147, 10, 38, 43, 21, 14, 28], [9, 97, 28, 24, 23, 8, 16], [19, 4, 169, 99, 23, 23, 12], [31, 22, 85, 127, 21, 15, 12], [27, 13, 33, 27, 124, 12, 10], [16, 4, 24, 42, 15, 94, 12], [28, 9, 30, 27, 9, 11, 93]];[0.4883720930232558, 0.47317073170731705, 0.48424068767908307, 0.4057507987220447, 0.5040650406504065, 0.45410628019323673, 0.4492753623188406];0.32802937576499386;0.3498828665237409;[[34, 6, 13, 18, 3, 8, 24], [12, 23, 12, 3, 4, 2, 10], [1, 3, 29, 66, 26, 0, 1], [36, 25, 92, 64, 12, 4, 13], [31, 16, 10, 11, 38, 3, 19], [3, 2, 4, 12, 6, 57, 6], [15, 2, 9, 3, 2, 1, 23]];[0.32075471698113206, 0.3484848484848485, 0.23015873015873015, 0.2601626016260163, 0.296875, 0.6333333333333333, 0.41818181818181815];63.0;[11, 7, 8, 8, 14, 7, 8]
Cora;own;medoids;0.2;64;0.5;1;0.005;0.5;784866329.0;0.9285714285714286;0.9215664367701718;[[12, 0, 0, 0, 0, 0, 0], [0, 8, 1, 0, 0, 0, 0], [0, 0, 9, 0, 0, 0, 0], [0, 1, 0, 8, 0, 0, 0], [0, 0, 0, 0, 15, 0, 1], [1, 0, 0, 0, 0, 6, 0], [0, 0, 0, 1, 0, 0, 7]];[1.0, 0.8888888888888888, 1.0, 0.8888888888888888, 0.9375, 0.8571428571428571, 0.875];0.48325096101043385;0.48723813876739647;[[145, 19, 30, 34, 29, 6, 27], [13, 114, 26, 17, 24, 8, 14], [15, 5, 176, 73, 49, 14, 12], [26, 24, 83, 130, 28, 11, 9], [20, 14, 41, 16, 151, 8, 12], [15, 4, 22, 43, 28, 76, 11], [22, 7, 29, 26, 18, 9, 88]];[0.5, 0.5277777777777778, 0.5116279069767442, 0.4180064308681672, 0.5763358778625954, 0.38190954773869346, 0.44221105527638194];0.34149326805385555;0.3491697781197292;[[29, 7, 12, 17, 5, 9, 27], [4, 28, 11, 5, 2, 3, 13], [2, 4, 42, 35, 42, 0, 1], [39, 24, 77, 76, 16, 4, 10], [31, 21, 8, 8, 40, 3, 17], [3, 3, 6, 9, 22, 41, 6], [13, 1, 8, 2, 8, 0, 23]];[0.27358490566037735, 0.42424242424242425, 0.3333333333333333, 0.3089430894308943, 0.3125, 0.45555555555555555, 0.41818181818181815];70.0;[12, 9, 9, 9, 16, 7, 8]


Cora;own;medoids;0.2;64;0.5;1;0.005;0.5;1866817562.0;0.0;0.0;[[]];[];0.1337916446324696;0.10966750668409322;[[3, 89, 72, 42, 11, 3, 25], [0, 119, 15, 7, 4, 0, 6], [4, 18, 25, 239, 1, 0, 5], [1, 73, 263, 85, 16, 6, 128], [12, 49, 105, 91, 6, 0, 35], [3, 57, 77, 30, 11, 3, 27], [2, 30, 59, 21, 0, 1, 12]];[0.012244897959183673, 0.7880794701986755, 0.08561643835616438, 0.1486013986013986, 0.020134228187919462, 0.014423076923076924, 0.096];0.14687882496940025;0.11221223341548191;[[0, 37, 31, 19, 2, 2, 15], [0, 51, 8, 4, 1, 0, 2], [2, 10, 10, 101, 1, 0, 2], [5, 30, 107, 52, 5, 0, 47], [9, 13, 48, 40, 0, 0, 18], [4, 14, 31, 14, 8, 0, 19], [1, 12, 15, 20, 0, 0, 7]];[0.0, 0.7727272727272727, 0.07936507936507936, 0.21138211382113822, 0.0, 0.0, 0.12727272727272726];0.0;[]
Cora;own;medoids;0.2;64;0.5;1;0.005;0.5;1866817562.0;1.0;1.0;[[4, 0, 0], [0, 2, 0], [0, 0, 1]];[1.0, 1.0, 1.0];0.267515923566879;0.11987283887202739;[[227, 0, 81, 0, 0, 1, 0], [91, 0, 95, 0, 0, 1, 0], [81, 0, 271, 0, 0, 0, 0], [214, 0, 145, 0, 0, 3, 0], [178, 0, 81, 0, 0, 4, 0], [72, 0, 141, 0, 0, 6, 0], [97, 0, 93, 0, 0, 2, 0]];[0.7346278317152104, 0.0, 0.7698863636363636, 0.0, 0.0, 0.0273972602739726, 0.0];0.25458996328029376;0.11406710953583632;[[83, 0, 22, 0, 0, 1, 0], [23, 0, 43, 0, 0, 0, 0], [1, 0, 125, 0, 0, 0, 0], [151, 0, 86, 0, 0, 9, 0], [120, 0, 8, 0, 0, 0, 0], [9, 0, 81, 0, 0, 0, 0], [15, 0, 39, 0, 0, 1, 0]];[0.7830188679245284, 0.0, 0.9920634920634921, 0.0, 0.0, 0.0, 0.0];7.0;[4, 0, 2, 0, 0, 1]
Cora;own;medoids;0.2;64;0.5;1;0.005;0.5;1866817562.0;0.7142857142857143;0.7333333333333333;[[4, 0, 0, 0, 0], [0, 2, 0, 0, 1], [0, 0, 1, 0, 0], [0, 0, 0, 2, 1], [0, 1, 0, 1, 1]];[1.0, 0.6666666666666666, 1.0, 0.6666666666666666, 0.3333333333333333];0.3058071390516782;0.21236149727754888;[[176, 0, 31, 0, 0, 56, 25], [42, 0, 31, 0, 0, 51, 27], [46, 0, 217, 0, 0, 40, 32], [90, 0, 33, 0, 0, 123, 61], [110, 0, 45, 0, 4, 60, 14], [47, 0, 76, 0, 0, 107, 48], [69, 0, 39, 0, 0, 107, 70]];[0.6111111111111112, 0.0, 0.6477611940298508, 0.0, 0.017167381974248927, 0.38489208633093525, 0.24561403508771928];0.2741738066095471;0.20540326674130768;[[70, 0, 8, 0, 0, 22, 6], [3, 0, 10, 0, 0, 45, 8], [0, 0, 122, 0, 0, 1, 3], [72, 0, 9, 0, 0, 108, 57], [80, 0, 3, 0, 1, 41, 3], [4, 0, 48, 0, 0, 9, 29], [7, 0, 14, 0, 0, 12, 22]];[0.660377358490566, 0.0, 0.9682539682539683, 0.0, 0.0078125, 0.1, 0.4];14.0;[4, 0, 3, 0, 1, 3, 3]
Cora;own;medoids;0.2;64;0.5;1;0.005;0.5;1866817562.0;0.9047619047619048;0.896947496947497;[[6, 0, 0, 0, 0, 0, 0], [0, 1, 0, 0, 0, 0, 0], [1, 0, 4, 0, 0, 0, 0], [0, 0, 0, 2, 0, 0, 0], [0, 0, 0, 0, 1, 0, 0], [0, 1, 0, 0, 0, 2, 0], [0, 0, 0, 0, 0, 0, 3]];[1.0, 1.0, 0.8, 1.0, 1.0, 0.6666666666666666, 1.0];0.36684491978609624;0.28226874833876464;[[198, 0, 33, 15, 1, 14, 34], [44, 1, 25, 12, 0, 34, 30], [48, 1, 231, 8, 0, 15, 39], [74, 0, 35, 33, 0, 20, 166], [112, 0, 35, 19, 8, 25, 31], [52, 1, 40, 41, 0, 88, 42], [74, 1, 26, 16, 0, 21, 127]];[0.6711864406779661, 0.00684931506849315, 0.6754385964912281, 0.10060975609756098, 0.034782608695652174, 0.3333333333333333, 0.47924528301886793];0.29498164014687883;0.22524369162663782;[[82, 3, 9, 6, 0, 2, 4], [4, 0, 9, 0, 0, 45, 8], [1, 0, 123, 0, 0, 0, 2], [50, 4, 15, 7, 0, 18, 152], [77, 0, 3, 3, 3, 30, 12], [20, 0, 12, 39, 0, 15, 4], [20, 0, 13, 8, 0, 3, 11]];[0.7735849056603774, 0.0, 0.9761904761904762, 0.028455284552845527, 0.0234375, 0.16666666666666666, 0.2];21.0;[6, 1, 5, 2, 1, 3, 3]
Cora;own;medoids;0.2;64;0.5;1;0.005;0.5;1866817562.0;0.8928571428571429;0.8952983524412096;[[6, 0, 0, 0, 0, 1, 0], [0, 1, 0, 0, 0, 0, 0], [0, 0, 5, 0, 0, 0, 0], [0, 0, 0, 4, 0, 0, 1], [0, 0, 1, 0, 2, 0, 0], [0, 0, 0, 0, 0, 3, 0], [0, 0, 0, 0, 0, 0, 4]];[0.8571428571428571, 1.0, 1.0, 0.8, 0.6666666666666666, 1.0, 1.0];0.3875469672571122;0.31227663721429516;[[191, 2, 40, 22, 2, 13, 27], [27, 1, 29, 21, 1, 28, 37], [39, 5, 239, 11, 2, 12, 30], [55, 1, 51, 46, 0, 14, 161], [68, 0, 52, 26, 23, 22, 39], [50, 0, 43, 39, 3, 86, 40], [58, 2, 28, 22, 3, 16, 136]];[0.6430976430976431, 0.006944444444444444, 0.7071005917159763, 0.1402439024390244, 0.1, 0.32950191570881227, 0.5132075471698113];0.3047735618115055;0.2400614234757842;[[78, 7, 11, 5, 0, 2, 3], [4, 0, 9, 1, 0, 44, 8], [1, 0, 121, 0, 1, 0, 3], [33, 2, 36, 18, 0, 17, 140], [44, 0, 15, 9, 11, 33, 16], [22, 3, 11, 43, 0, 10, 1], [17, 2, 12, 12, 0, 1, 11]];[0.7358490566037735, 0.0, 0.9603174603174603, 0.07317073170731707, 0.0859375, 0.1111111111111111, 0.2];28.0;[7, 1, 5, 5, 3, 3, 4]
Cora;own;medoids;0.2;64;0.5;1;0.005;0.5;1866817562.0;0.9428571428571428;0.9215367965367964;[[7, 0, 0, 0, 0, 1, 0], [1, 1, 0, 0, 0, 0, 0], [0, 0, 5, 0, 0, 0, 0], [0, 0, 0, 7, 0, 0, 0], [0, 0, 0, 0, 3, 0, 0], [0, 0, 0, 0, 0, 5, 0], [0, 0, 0, 0, 0, 0, 5]];[0.875, 0.5, 1.0, 1.0, 1.0, 1.0, 1.0];0.4423491379310345;0.39918746740567285;[[180, 13, 35, 17, 2, 26, 15], [17, 57, 28, 13, 0, 33, 22], [31, 5, 229, 12, 1, 22, 25], [42, 28, 40, 56, 1, 23, 121], [49, 22, 50, 11, 21, 44, 23], [39, 10, 33, 18, 3, 155, 31], [45, 12, 23, 18, 3, 29, 123]];[0.625, 0.3352941176470588, 0.7046153846153846, 0.18006430868167203, 0.09545454545454546, 0.5363321799307958, 0.48616600790513836];0.3537331701346389;0.2974337681272864;[[79, 3, 8, 7, 0, 7, 2], [1, 1, 8, 0, 0, 51, 5], [1, 0, 119, 0, 2, 1, 3], [27, 34, 25, 30, 0, 22, 108], [21, 23, 18, 2, 9, 43, 12], [23, 3, 5, 19, 0, 40, 0], [13, 0, 9, 13, 0, 9, 11]];[0.7452830188679245, 0.015151515151515152, 0.9444444444444444, 0.12195121951219512, 0.0703125, 0.4444444444444444, 0.2];35.0;[8, 2, 5, 7, 3, 5, 5]
Cora;own;medoids;0.2;64;0.5;1;0.005;0.5;1866817562.0;0.8095238095238095;0.7741445062873634;[[7, 0, 0, 0, 0, 1, 2], [0, 1, 0, 0, 1, 0, 0], [0, 0, 5, 0, 0, 0, 0], [0, 1, 1, 7, 0, 0, 0], [1, 0, 0, 0, 3, 1, 0], [0, 0, 0, 0, 0, 6, 0], [0, 0, 0, 0, 0, 0, 5]];[0.7, 0.5, 1.0, 0.7777777777777778, 0.6, 1.0, 1.0];0.42022714981070847;0.3789221351560184;[[176, 21, 42, 18, 2, 24, 24], [16, 54, 24, 13, 1, 32, 24], [31, 5, 228, 11, 1, 18, 26], [35, 41, 56, 58, 2, 17, 132], [42, 22, 51, 19, 23, 37, 24], [46, 9, 33, 16, 3, 158, 28], [36, 12, 26, 15, 3, 34, 80]];[0.5732899022801303, 0.32926829268292684, 0.7125, 0.17008797653958943, 0.10550458715596331, 0.5392491467576792, 0.3883495145631068];0.3671970624235006;0.3124058890836868;[[78, 3, 10, 4, 2, 7, 2], [1, 1, 9, 0, 0, 51, 4], [1, 0, 118, 3, 1, 0, 3], [24, 40, 27, 37, 0, 18, 100], [17, 23, 20, 3, 13, 40, 12], [25, 3, 5, 15, 0, 42, 0], [10, 0, 10, 8, 0, 16, 11]];[0.7358490566037735, 0.015151515151515152, 0.9365079365079365, 0.15040650406504066, 0.1015625, 0.4666666666666667, 0.2];42.0;[10, 2, 5, 9, 5, 6, 5]
Cora;own;medoids;0.2;64;0.5;1;0.005;0.5;1866817562.0;0.8775510204081632;0.8439275010703582;[[9, 0, 0, 1, 0, 1, 1], [1, 1, 0, 0, 0, 0, 0], [0, 0, 5, 0, 0, 1, 0], [0, 1, 0, 9, 0, 0, 0], [0, 0, 0, 0, 7, 0, 0], [0, 0, 0, 0, 0, 6, 0], [0, 0, 0, 0, 0, 0, 6]];[0.75, 0.5, 0.8333333333333334, 0.9, 1.0, 1.0, 1.0];0.4799131378935939;0.4541941863951792;[[188, 15, 29, 25, 8, 23, 13], [15, 41, 18, 16, 7, 43, 13], [25, 5, 215, 17, 12, 31, 20], [45, 28, 35, 129, 10, 16, 90], [32, 9, 34, 19, 84, 35, 18], [42, 8, 23, 22, 11, 155, 22], [31, 7, 18, 14, 10, 44, 72]];[0.6245847176079734, 0.2679738562091503, 0.6615384615384615, 0.3654390934844193, 0.36363636363636365, 0.5477031802120141, 0.3673469387755102];0.4467564259485924;0.3860216320325078;[[79, 2, 6, 5, 2, 10, 2], [1, 1, 9, 1, 0, 51, 3], [1, 0, 118, 2, 2, 0, 3], [35, 24, 10, 80, 6, 21, 70], [15, 14, 14, 6, 45, 31, 3], [37, 3, 3, 9, 6, 31, 1], [6, 1, 8, 5, 0, 24, 11]];[0.7452830188679245, 0.015151515151515152, 0.9365079365079365, 0.3252032520325203, 0.3515625, 0.34444444444444444, 0.2];49.0;[12, 2, 6, 10, 7, 6, 6]
Cora;own;medoids;0.2;64;0.5;1;0.005;0.5;1866817562.0;0.8571428571428571;0.8359277713314979;[[11, 0, 0, 1, 0, 0, 2], [0, 1, 0, 0, 1, 0, 0], [0, 0, 6, 0, 0, 1, 0], [1, 0, 0, 10, 0, 0, 0], [0, 0, 0, 0, 8, 1, 0], [0, 0, 0, 1, 0, 6, 0], [0, 0, 0, 0, 0, 0, 6]];[0.7857142857142857, 0.5, 0.8571428571428571, 0.9090909090909091, 0.8888888888888888, 0.8571428571428571, 1.0];0.48501362397820164;0.4589380368371026;[[181, 18, 27, 22, 12, 29, 17], [13, 40, 19, 13, 9, 40, 15], [24, 5, 216, 15, 11, 32, 22], [40, 21, 32, 128, 25, 20, 78], [29, 9, 38, 14, 95, 34, 15], [34, 8, 25, 17, 18, 158, 23], [27, 7, 16, 15, 18, 39, 72]];[0.5915032679738562, 0.2684563758389262, 0.6646153846153846, 0.37209302325581395, 0.405982905982906, 0.558303886925795, 0.3711340206185567];0.4602203182374541;0.39678968425689554;[[77, 2, 7, 4, 3, 11, 2], [1, 1, 10, 1, 0, 49, 4], [1, 0, 119, 1, 2, 0, 3], [36, 20, 15, 78, 17, 24, 56], [13, 14, 14, 5, 57, 22, 3], [33, 3, 3, 7, 10, 32, 2], [4, 1, 7, 3, 2, 26, 12]];[0.7264150943396226, 0.015151515151515152, 0.9444444444444444, 0.3170731707317073, 0.4453125, 0.35555555555555557, 0.21818181818181817];56.0;[14, 2, 7, 11, 9, 7, 6]
Cora;own;medoids;0.2;64;0.5;1;0.005;0.5;1866817562.0;0.8888888888888888;0.8719647502256198;[[12, 0, 0, 1, 0, 0, 1], [0, 2, 0, 0, 1, 0, 0], [0, 0, 7, 0, 0, 0, 0], [1, 0, 1, 12, 0, 0, 0], [0, 1, 0, 0, 10, 1, 0], [0, 0, 0, 0, 0, 7, 0], [0, 0, 0, 0, 0, 0, 6]];[0.8571428571428571, 0.6666666666666666, 1.0, 0.8571428571428571, 0.8333333333333334, 1.0, 1.0];0.5027352297592997;0.48235596037524575;[[167, 12, 25, 36, 31, 13, 11], [8, 47, 18, 19, 22, 25, 8], [19, 6, 209, 20, 23, 22, 17], [31, 20, 31, 151, 42, 16, 64], [24, 15, 35, 22, 137, 21, 12], [21, 10, 21, 30, 32, 141, 16], [20, 9, 16, 16, 37, 13, 67]];[0.5661016949152542, 0.3197278911564626, 0.6613924050632911, 0.4253521126760563, 0.5150375939849624, 0.5202952029520295, 0.37640449438202245];0.4467564259485924;0.3832564045193974;[[67, 8, 4, 10, 11, 5, 1], [2, 1, 11, 2, 0, 46, 4], [0, 1, 117, 2, 3, 0, 3], [30, 24, 13, 84, 31, 21, 43], [11, 16, 14, 6, 61, 18, 2], [23, 3, 2, 20, 18, 23, 1], [1, 2, 7, 3, 22, 8, 12]];[0.6320754716981132, 0.015151515151515152, 0.9285714285714286, 0.34146341463414637, 0.4765625, 0.25555555555555554, 0.21818181818181817];63.0;[14, 3, 7, 14, 12, 7, 6]
Cora;own;medoids;0.2;64;0.5;1;0.005;0.5;1866817562.0;0.9571428571428572;0.9455049261083744;[[14, 0, 0, 1, 0, 0, 0], [0, 3, 0, 0, 1, 0, 0], [0, 0, 7, 0, 0, 0, 0], [0, 1, 0, 15, 0, 0, 0], [0, 0, 0, 0, 14, 0, 0], [0, 0, 0, 0, 0, 8, 0], [0, 0, 0, 0, 0, 0, 6]];[0.9333333333333333, 0.75, 1.0, 0.9375, 1.0, 1.0, 1.0];0.5403624382207578;0.518993802514245;[[170, 24, 20, 32, 20, 17, 8], [5, 51, 13, 14, 19, 31, 9], [13, 13, 192, 24, 21, 28, 14], [26, 25, 24, 167, 49, 24, 53], [16, 13, 12, 22, 179, 16, 9], [12, 11, 20, 32, 31, 158, 11], [20, 13, 12, 19, 31, 11, 67]];[0.584192439862543, 0.3591549295774648, 0.6295081967213115, 0.453804347826087, 0.6704119850187266, 0.5745454545454546, 0.3872832369942196];0.47368421052631576;0.41509411692965603;[[59, 14, 1, 15, 10, 7, 0], [1, 2, 10, 2, 0, 48, 3], [1, 1, 111, 1, 3, 6, 3], [27, 28, 12, 88, 36, 19, 36], [7, 13, 1, 6, 87, 10, 4], [11, 5, 2, 30, 12, 29, 1], [1, 3, 7, 4, 18, 11, 11]];[0.5566037735849056, 0.030303030303030304, 0.8809523809523809, 0.35772357723577236, 0.6796875, 0.32222222222222224, 0.2];70.0;[15, 4, 7, 16, 14, 8, 6]


Cora;own;medoids;0.2;64;0.5;1;0.005;0.5;503786444.0;0.0;0.0;[[]];[];0.12903225806451613;0.07212330736855029;[[1, 1, 12, 146, 55, 4, 26], [4, 0, 5, 11, 129, 0, 2], [11, 2, 23, 12, 233, 4, 7], [29, 15, 186, 111, 128, 18, 85], [17, 4, 36, 120, 107, 3, 11], [34, 20, 21, 70, 55, 0, 8], [9, 3, 1, 39, 71, 0, 2]];[0.004081632653061225, 0.0, 0.07876712328767123, 0.19405594405594406, 0.35906040268456374, 0.0, 0.016];0.13953488372093023;0.08882190608072844;[[2, 0, 8, 53, 34, 1, 8], [2, 1, 2, 3, 58, 0, 0], [6, 0, 15, 7, 96, 1, 1], [13, 7, 81, 42, 56, 11, 36], [8, 1, 19, 43, 51, 2, 4], [16, 4, 13, 23, 28, 0, 6], [0, 1, 1, 16, 34, 0, 3]];[0.018867924528301886, 0.015151515151515152, 0.11904761904761904, 0.17073170731707318, 0.3984375, 0.0, 0.05454545454545454];0.0;[]
Cora;own;medoids;0.2;64;0.5;1;0.005;0.5;503786444.0;0.8571428571428571;0.8666666666666666;[[1, 0, 0, 0, 0], [0, 1, 0, 0, 0], [0, 0, 2, 0, 0], [0, 1, 0, 1, 0], [0, 0, 0, 0, 1]];[1.0, 1.0, 1.0, 0.5, 1.0];0.16401273885350318;0.10782838316324228;[[1, 0, 72, 0, 180, 5, 1], [0, 0, 66, 0, 135, 2, 2], [0, 0, 65, 0, 216, 3, 0], [0, 0, 213, 0, 154, 5, 3], [0, 0, 79, 0, 195, 16, 2], [0, 0, 47, 0, 186, 30, 2], [0, 0, 41, 0, 141, 4, 18]];[0.003861003861003861, 0.0, 0.22887323943661972, 0.0, 0.6678082191780822, 0.11320754716981132, 0.08823529411764706];0.08445532435740515;0.07102690237293359;[[0, 0, 8, 0, 98, 0, 0], [0, 0, 27, 0, 39, 0, 0], [0, 0, 6, 0, 120, 0, 0], [1, 0, 165, 0, 78, 1, 1], [1, 0, 51, 0, 53, 23, 0], [0, 0, 0, 0, 90, 0, 0], [0, 0, 0, 0, 45, 0, 10]];[0.0, 0.0, 0.047619047619047616, 0.0, 0.4140625, 0.0, 0.18181818181818182];7.0;[1, 0, 1, 0, 2, 2, 1]
Cora;own;medoids;0.2;64;0.5;1;0.005;0.5;503786444.0;0.9285714285714286;0.9510204081632653;[[1, 0, 0, 0, 0, 0, 0], [0, 1, 0, 0, 0, 0, 0], [0, 0, 2, 0, 0, 0, 0], [0, 0, 0, 2, 0, 0, 0], [0, 0, 0, 0, 3, 1, 0], [0, 0, 0, 0, 0, 2, 0], [0, 0, 0, 0, 0, 0, 2]];[1.0, 1.0, 1.0, 1.0, 0.75, 1.0, 1.0];0.24986680873734682;0.19824312485587453;[[1, 8, 33, 47, 142, 12, 4], [0, 15, 70, 27, 80, 6, 5], [0, 17, 62, 29, 156, 21, 3], [0, 35, 63, 163, 91, 24, 11], [0, 7, 48, 29, 172, 42, 3], [0, 12, 34, 26, 141, 32, 5], [0, 13, 21, 23, 107, 13, 24]];[0.004048582995951417, 0.07389162561576355, 0.2152777777777778, 0.42118863049095606, 0.5714285714285714, 0.128, 0.11940298507462686];0.22643818849449204;0.1597401955544635;[[0, 2, 3, 6, 92, 3, 0], [0, 0, 60, 1, 5, 0, 0], [0, 5, 19, 3, 91, 8, 0], [1, 30, 42, 113, 40, 16, 4], [1, 0, 27, 22, 44, 34, 0], [0, 1, 4, 0, 77, 0, 8], [0, 0, 1, 0, 45, 0, 9]];[0.0, 0.0, 0.15079365079365079, 0.45934959349593496, 0.34375, 0.0, 0.16363636363636364];14.0;[1, 1, 2, 2, 4, 2, 2]
Cora;own;medoids;0.2;64;0.5;1;0.005;0.5;503786444.0;0.8571428571428571;0.8486394557823128;[[2, 0, 0, 0, 1, 0, 0], [1, 1, 0, 0, 0, 0, 0], [0, 0, 2, 0, 0, 0, 0], [0, 0, 0, 5, 0, 0, 0], [0, 0, 0, 0, 3, 1, 0], [0, 0, 0, 0, 0, 3, 0], [0, 0, 0, 0, 0, 0, 2]];[0.6666666666666666, 0.5, 1.0, 1.0, 0.75, 1.0, 1.0];0.2989304812834225;0.2508169701755969;[[52, 6, 20, 69, 40, 46, 10], [41, 14, 57, 44, 15, 18, 6], [136, 17, 38, 40, 19, 15, 8], [29, 26, 37, 277, 19, 27, 8], [45, 7, 36, 63, 87, 46, 5], [75, 11, 18, 37, 34, 62, 16], [45, 14, 13, 37, 23, 33, 29]];[0.2139917695473251, 0.07179487179487179, 0.1391941391941392, 0.6548463356973995, 0.30103806228373703, 0.2450592885375494, 0.14948453608247422];0.29865361077111385;0.20927193529209628;[[12, 1, 3, 17, 47, 23, 3], [5, 2, 57, 1, 0, 1, 0], [108, 9, 0, 5, 2, 2, 0], [7, 18, 15, 184, 9, 10, 3], [10, 1, 25, 35, 16, 41, 0], [31, 9, 3, 1, 15, 19, 12], [19, 2, 0, 1, 14, 8, 11]];[0.11320754716981132, 0.030303030303030304, 0.0, 0.7479674796747967, 0.125, 0.2111111111111111, 0.2];21.0;[3, 2, 2, 5, 4, 3, 2]
Cora;own;medoids;0.2;64;0.5;1;0.005;0.5;503786444.0;0.9285714285714286;0.9047619047619049;[[3, 0, 0, 0, 0, 0, 0], [0, 1, 1, 0, 0, 0, 0], [0, 0, 4, 0, 0, 0, 0], [0, 0, 0, 6, 0, 0, 0], [0, 0, 0, 0, 4, 1, 0], [0, 0, 0, 0, 0, 4, 0], [0, 0, 0, 0, 0, 0, 4]];[1.0, 0.5, 1.0, 1.0, 0.8, 1.0, 1.0];0.42028985507246375;0.32375459227024084;[[24, 4, 61, 65, 44, 29, 2], [5, 12, 84, 34, 13, 9, 1], [19, 1, 287, 37, 21, 9, 1], [7, 7, 71, 278, 25, 13, 6], [9, 4, 75, 56, 100, 31, 3], [8, 5, 84, 36, 38, 54, 6], [17, 6, 49, 37, 25, 23, 28]];[0.10480349344978165, 0.0759493670886076, 0.7653333333333333, 0.683046683046683, 0.3597122302158273, 0.23376623376623376, 0.15135135135135136];0.42105263157894735;0.27254706300655007;[[2, 1, 22, 11, 51, 19, 0], [0, 0, 65, 1, 0, 0, 0], [11, 0, 111, 1, 2, 0, 1], [3, 11, 33, 184, 11, 2, 2], [3, 2, 40, 31, 27, 25, 0], [3, 3, 49, 2, 17, 10, 6], [14, 2, 6, 0, 12, 11, 10]];[0.018867924528301886, 0.0, 0.8809523809523809, 0.7479674796747967, 0.2109375, 0.1111111111111111, 0.18181818181818182];28.0;[3, 2, 4, 6, 5, 4, 4]
Cora;own;medoids;0.2;64;0.5;1;0.005;0.5;503786444.0;0.8857142857142857;0.8607503607503607;[[4, 0, 0, 0, 0, 0, 0], [0, 1, 1, 0, 0, 0, 0], [0, 0, 5, 0, 0, 0, 0], [0, 0, 0, 6, 0, 0, 0], [1, 0, 1, 0, 4, 1, 0], [0, 0, 0, 0, 0, 5, 0], [0, 0, 0, 0, 0, 0, 6]];[1.0, 0.5, 1.0, 1.0, 0.5714285714285714, 1.0, 1.0];0.4358836206896552;0.3642888128420981;[[36, 4, 58, 42, 31, 30, 23], [5, 13, 76, 21, 10, 13, 8], [15, 1, 288, 23, 11, 15, 8], [8, 9, 80, 236, 20, 21, 21], [13, 6, 89, 26, 99, 41, 13], [11, 4, 80, 21, 29, 77, 13], [7, 8, 47, 23, 12, 51, 60]];[0.16071428571428573, 0.08904109589041095, 0.7977839335180056, 0.5974683544303797, 0.34494773519163763, 0.3276595744680851, 0.28846153846153844];0.4222766217870257;0.30430768363843114;[[16, 1, 20, 6, 30, 22, 11], [0, 0, 64, 1, 0, 0, 1], [10, 0, 112, 0, 0, 1, 3], [4, 9, 44, 154, 9, 8, 18], [3, 2, 45, 17, 27, 30, 4], [0, 3, 39, 0, 12, 26, 10], [4, 3, 1, 0, 6, 31, 10]];[0.1509433962264151, 0.0, 0.8888888888888888, 0.6260162601626016, 0.2109375, 0.28888888888888886, 0.18181818181818182];35.0;[4, 2, 5, 6, 7, 5, 6]
Cora;own;medoids;0.2;64;0.5;1;0.005;0.5;503786444.0;0.8809523809523809;0.8905849519294898;[[4, 0, 0, 0, 0, 0, 0], [0, 2, 0, 0, 0, 0, 0], [0, 0, 5, 0, 0, 0, 1], [0, 0, 0, 8, 0, 0, 0], [1, 0, 1, 1, 5, 1, 0], [0, 0, 0, 0, 0, 6, 0], [0, 0, 0, 0, 0, 0, 7]];[1.0, 1.0, 0.8333333333333334, 1.0, 0.5555555555555556, 1.0, 1.0];0.4975662520281233;0.4088984268909646;[[38, 3, 46, 52, 16, 19, 19], [3, 11, 56, 36, 7, 8, 8], [7, 2, 289, 35, 11, 10, 16], [4, 9, 48, 325, 14, 16, 12], [4, 6, 78, 46, 95, 41, 13], [5, 5, 65, 32, 28, 77, 26], [4, 5, 32, 35, 14, 33, 85]];[0.19689119170984457, 0.08527131782945736, 0.7810810810810811, 0.7593457943925234, 0.33568904593639576, 0.3235294117647059, 0.40865384615384615];0.4663402692778458;0.32923458463805017;[[17, 1, 26, 12, 20, 20, 10], [0, 1, 59, 5, 0, 0, 1], [8, 1, 110, 1, 1, 1, 4], [2, 7, 22, 194, 3, 5, 13], [1, 5, 30, 35, 26, 27, 4], [0, 3, 28, 3, 15, 13, 28], [0, 0, 1, 1, 7, 26, 20]];[0.16037735849056603, 0.015151515151515152, 0.873015873015873, 0.7886178861788617, 0.203125, 0.14444444444444443, 0.36363636363636365];42.0;[4, 2, 6, 8, 9, 6, 7]
Cora;own;medoids;0.2;64;0.5;1;0.005;0.5;503786444.0;0.8571428571428571;0.8694444444444445;[[4, 0, 0, 0, 0, 0, 1], [0, 2, 0, 0, 0, 0, 0], [0, 0, 7, 0, 0, 1, 0], [0, 0, 0, 9, 0, 0, 0], [1, 0, 1, 1, 7, 1, 0], [0, 0, 0, 1, 0, 6, 0], [0, 0, 0, 0, 0, 0, 7]];[0.8, 1.0, 0.875, 1.0, 0.6363636363636364, 0.8571428571428571, 1.0];0.495114006514658;0.40949634909848037;[[48, 2, 39, 46, 21, 16, 18], [6, 11, 52, 38, 8, 5, 7], [11, 2, 271, 38, 21, 8, 13], [7, 8, 47, 327, 19, 13, 13], [13, 2, 71, 42, 112, 38, 9], [11, 4, 50, 36, 38, 63, 34], [6, 3, 23, 36, 29, 27, 80]];[0.25263157894736843, 0.08661417322834646, 0.7445054945054945, 0.7534562211981567, 0.3902439024390244, 0.2669491525423729, 0.39215686274509803];0.4773561811505508;0.3454888571294039;[[27, 1, 23, 9, 20, 15, 11], [0, 1, 57, 7, 0, 0, 1], [10, 1, 107, 2, 2, 1, 3], [2, 7, 22, 191, 3, 7, 14], [6, 3, 23, 28, 38, 26, 4], [1, 2, 14, 2, 26, 8, 37], [1, 0, 1, 1, 9, 25, 18]];[0.25471698113207547, 0.015151515151515152, 0.8492063492063492, 0.7764227642276422, 0.296875, 0.08888888888888889, 0.32727272727272727];49.0;[5, 2, 8, 9, 11, 7, 7]
Cora;own;medoids;0.2;64;0.5;1;0.005;0.5;503786444.0;0.8928571428571429;0.9118012422360248;[[7, 0, 0, 0, 0, 0, 0], [0, 2, 0, 0, 0, 0, 0], [0, 0, 7, 0, 0, 1, 0], [0, 0, 0, 11, 1, 0, 0], [1, 0, 1, 1, 9, 1, 0], [0, 0, 0, 0, 0, 7, 0], [0, 0, 0, 0, 0, 0, 7]];[1.0, 1.0, 0.875, 0.9166666666666666, 0.6923076923076923, 1.0, 1.0];0.5149863760217984;0.43670364815501445;[[67, 1, 29, 52, 23, 17, 14], [10, 14, 36, 37, 17, 7, 4], [20, 2, 257, 44, 18, 8, 10], [18, 7, 25, 341, 27, 18, 11], [18, 7, 48, 41, 118, 34, 12], [60, 4, 26, 29, 19, 68, 18], [20, 5, 16, 36, 21, 21, 80]];[0.33004926108374383, 0.112, 0.7158774373259053, 0.7628635346756152, 0.4244604316546763, 0.30357142857142855, 0.4020100502512563];0.48714810281517745;0.35699683979155006;[[16, 1, 28, 11, 22, 19, 9], [0, 1, 55, 7, 2, 0, 1], [11, 1, 103, 5, 2, 1, 3], [5, 7, 12, 196, 3, 10, 13], [5, 3, 14, 27, 52, 25, 2], [47, 3, 5, 1, 9, 8, 17], [2, 2, 0, 0, 8, 21, 22]];[0.1509433962264151, 0.015151515151515152, 0.8174603174603174, 0.7967479674796748, 0.40625, 0.08888888888888889, 0.4];56.0;[7, 2, 8, 12, 13, 7, 7]
Cora;own;medoids;0.2;64;0.5;1;0.005;0.5;503786444.0;0.8571428571428571;0.8729213556767735;[[7, 0, 1, 0, 0, 0, 0], [0, 3, 0, 0, 0, 0, 0], [0, 0, 8, 0, 0, 0, 0], [0, 0, 0, 11, 1, 0, 1], [2, 0, 1, 0, 11, 1, 0], [0, 0, 1, 0, 0, 7, 0], [0, 0, 0, 1, 0, 0, 7]];[0.875, 1.0, 1.0, 0.8461538461538461, 0.7333333333333333, 0.875, 0.875];0.5153172866520788;0.4422463415711843;[[57, 12, 42, 43, 25, 12, 12], [7, 23, 41, 34, 19, 5, 7], [10, 6, 258, 42, 19, 8, 9], [7, 13, 35, 332, 27, 16, 12], [18, 16, 41, 39, 132, 27, 11], [35, 21, 32, 26, 19, 63, 17], [6, 20, 18, 36, 26, 15, 77]];[0.28078817733990147, 0.16911764705882354, 0.7329545454545454, 0.751131221719457, 0.4647887323943662, 0.29577464788732394, 0.3888888888888889];0.48225214198286415;0.3602320005453671;[[13, 6, 32, 9, 22, 12, 12], [0, 2, 56, 6, 2, 0, 0], [8, 3, 105, 5, 2, 1, 2], [3, 12, 14, 187, 5, 13, 12], [1, 6, 15, 24, 59, 21, 2], [35, 21, 8, 1, 9, 5, 11], [1, 12, 0, 0, 7, 12, 23]];[0.12264150943396226, 0.030303030303030304, 0.8333333333333334, 0.7601626016260162, 0.4609375, 0.05555555555555555, 0.41818181818181815];63.0;[8, 3, 8, 13, 15, 8, 8]
Cora;own;medoids;0.2;64;0.5;1;0.005;0.5;503786444.0;0.8;0.8214944860783595;[[7, 0, 1, 1, 0, 1, 0], [0, 3, 0, 0, 0, 0, 0], [0, 0, 9, 0, 0, 0, 0], [0, 0, 0, 11, 1, 0, 1], [2, 0, 1, 1, 11, 1, 0], [1, 0, 1, 0, 0, 7, 0], [0, 0, 0, 1, 1, 0, 8]];[0.7, 1.0, 1.0, 0.8461538461538461, 0.6875, 0.7777777777777778, 0.8];0.5041186161449753;0.4310257499238048;[[57, 7, 55, 54, 31, 14, 15], [8, 22, 43, 31, 18, 4, 7], [11, 4, 260, 37, 18, 7, 9], [10, 10, 38, 318, 23, 15, 12], [23, 10, 43, 42, 130, 27, 12], [38, 23, 28, 27, 21, 54, 15], [6, 19, 18, 34, 26, 10, 77]];[0.2446351931330472, 0.16541353383458646, 0.7514450867052023, 0.7464788732394366, 0.4529616724738676, 0.2621359223300971, 0.4052631578947368];0.4834761321909425;0.35554255937716694;[[15, 2, 37, 9, 20, 11, 12], [0, 1, 58, 6, 1, 0, 0], [9, 1, 102, 8, 2, 1, 3], [5, 9, 15, 189, 4, 12, 12], [3, 3, 16, 24, 61, 19, 2], [31, 21, 9, 1, 12, 4, 12], [0, 8, 5, 1, 8, 10, 23]];[0.14150943396226415, 0.015151515151515152, 0.8095238095238095, 0.7682926829268293, 0.4765625, 0.044444444444444446, 0.41818181818181815];70.0;[10, 3, 9, 13, 16, 9, 10]


Cora;own;medoids;0.2;64;0.5;1;0.005;0.5;1256718679.0;0.0;0.0;[[]];[];0.14701216287678476;0.1199002060681951;[[46, 1, 22, 9, 100, 5, 62], [14, 0, 110, 4, 1, 0, 22], [12, 3, 17, 19, 5, 3, 233], [313, 0, 30, 12, 134, 17, 66], [79, 0, 5, 17, 136, 6, 55], [41, 1, 48, 6, 27, 10, 75], [12, 1, 22, 8, 24, 1, 57]];[0.18775510204081633, 0.0, 0.05821917808219178, 0.02097902097902098, 0.4563758389261745, 0.04807692307692308, 0.456];0.1481028151774786;0.1187939145164998;[[22, 0, 13, 3, 42, 2, 24], [4, 0, 44, 0, 1, 0, 17], [4, 0, 4, 9, 2, 0, 107], [140, 0, 19, 3, 53, 7, 24], [32, 0, 1, 8, 64, 2, 21], [24, 1, 18, 0, 8, 4, 35], [5, 1, 9, 2, 11, 3, 24]];[0.20754716981132076, 0.0, 0.031746031746031744, 0.012195121951219513, 0.5, 0.044444444444444446, 0.43636363636363634];0.0;[]
Cora;own;medoids;0.2;64;0.5;1;0.005;0.5;1256718679.0;1.0;1.0;[[2, 0, 0], [0, 2, 0], [0, 0, 3]];[1.0, 1.0, 1.0];0.2664543524416136;0.1437800028075173;[[0, 52, 0, 62, 0, 136, 0], [0, 55, 0, 44, 0, 111, 0], [0, 151, 0, 59, 0, 60, 0], [0, 70, 0, 256, 0, 96, 0], [0, 58, 0, 106, 0, 108, 0], [0, 34, 0, 53, 0, 191, 0], [0, 40, 0, 56, 0, 86, 0]];[0.0, 0.2619047619047619, 0.0, 0.6066350710900474, 0.0, 0.6870503597122302, 0.0];0.35128518971848227;0.17443506312477594;[[0, 14, 0, 12, 0, 80, 0], [0, 14, 0, 9, 0, 43, 0], [0, 120, 0, 3, 0, 3, 0], [0, 22, 0, 189, 0, 35, 0], [0, 23, 0, 64, 0, 41, 0], [0, 4, 0, 2, 0, 84, 0], [0, 9, 0, 0, 0, 46, 0]];[0.0, 0.21212121212121213, 0.0, 0.7682926829268293, 0.0, 0.9333333333333333, 0.0];7.0;[0, 2, 0, 2, 0, 3]
Cora;own;medoids;0.2;64;0.5;1;0.005;0.5;1256718679.0;0.8571428571428571;0.8333333333333334;[[1, 0, 0, 0, 0, 0], [0, 1, 2, 0, 0, 0], [0, 0, 1, 0, 0, 0], [0, 0, 0, 2, 0, 0], [0, 0, 0, 0, 6, 0], [0, 0, 0, 0, 0, 1]];[1.0, 0.3333333333333333, 1.0, 1.0, 1.0, 1.0];0.38838572189664355;0.31736652029705087;[[27, 8, 30, 35, 0, 90, 44], [6, 73, 36, 20, 0, 77, 12], [5, 11, 220, 34, 0, 48, 13], [17, 12, 46, 175, 0, 110, 30], [8, 8, 33, 43, 0, 122, 24], [13, 12, 22, 28, 0, 203, 6], [6, 10, 25, 31, 0, 73, 31]];[0.11538461538461539, 0.32589285714285715, 0.6646525679758308, 0.44871794871794873, 0.0, 0.7147887323943662, 0.17613636363636365];0.46266829865361075;0.37086736798562153;[[6, 3, 10, 7, 0, 48, 32], [0, 46, 9, 3, 0, 8, 0], [1, 0, 122, 1, 0, 2, 0], [20, 8, 22, 127, 0, 54, 15], [0, 3, 8, 18, 0, 89, 10], [4, 2, 3, 4, 0, 77, 0], [5, 0, 8, 1, 0, 41, 0]];[0.05660377358490566, 0.696969696969697, 0.9682539682539683, 0.516260162601626, 0.0, 0.8555555555555555, 0.0];14.0;[1, 3, 1, 2, 0, 6, 1]
Cora;own;medoids;0.2;64;0.5;1;0.005;0.5;1256718679.0;0.9523809523809523;0.942857142857143;[[1, 0, 0, 0, 0, 0, 0], [0, 4, 0, 0, 0, 0, 0], [0, 0, 2, 0, 0, 0, 0], [0, 0, 0, 4, 0, 0, 0], [0, 0, 0, 0, 1, 0, 0], [0, 0, 0, 0, 0, 7, 0], [0, 0, 0, 0, 0, 1, 1]];[1.0, 1.0, 1.0, 1.0, 1.0, 1.0, 0.5];0.39946524064171124;0.3535578285305232;[[38, 18, 22, 14, 4, 102, 25], [6, 114, 24, 7, 3, 80, 5], [5, 15, 209, 12, 7, 65, 4], [20, 23, 37, 103, 4, 171, 23], [7, 16, 26, 9, 22, 147, 11], [11, 19, 19, 21, 3, 236, 3], [7, 13, 20, 7, 3, 85, 25]];[0.17040358744394618, 0.4769874476987448, 0.6593059936908517, 0.27034120734908135, 0.09243697478991597, 0.7564102564102564, 0.15625];0.42472460220318237;0.38258060659470833;[[13, 8, 5, 1, 0, 52, 27], [0, 57, 4, 0, 0, 5, 0], [0, 5, 119, 1, 0, 1, 0], [17, 15, 14, 64, 0, 123, 13], [0, 8, 3, 6, 18, 93, 0], [7, 4, 2, 1, 0, 76, 0], [2, 6, 3, 0, 0, 44, 0]];[0.12264150943396226, 0.8636363636363636, 0.9444444444444444, 0.2601626016260163, 0.140625, 0.8444444444444444, 0.0];21.0;[1, 4, 2, 4, 1, 7, 2]
Cora;own;medoids;0.2;64;0.5;1;0.005;0.5;1256718679.0;0.8571428571428571;0.8011286332714904;[[2, 0, 0, 0, 0, 0, 0], [0, 5, 0, 0, 0, 0, 0], [0, 0, 3, 0, 1, 0, 0], [0, 0, 0, 5, 0, 0, 1], [0, 0, 0, 0, 1, 0, 0], [1, 0, 0, 0, 0, 7, 0], [0, 0, 0, 0, 0, 1, 1]];[1.0, 1.0, 0.75, 0.8333333333333334, 1.0, 0.875, 0.5];0.46162104133118625;0.4116793105894446;[[77, 11, 36, 22, 4, 49, 24], [21, 119, 33, 12, 4, 39, 6], [20, 10, 220, 24, 8, 43, 4], [45, 18, 53, 195, 4, 60, 24], [23, 19, 31, 27, 22, 91, 17], [23, 18, 27, 23, 2, 196, 4], [11, 8, 32, 15, 3, 55, 31]];[0.3452914798206278, 0.5085470085470085, 0.668693009118541, 0.48872180451127817, 0.09565217391304348, 0.6689419795221843, 0.2];0.5165238678090576;0.4562327298501524;[[42, 5, 11, 4, 0, 24, 20], [0, 56, 7, 1, 0, 2, 0], [0, 0, 125, 1, 0, 0, 0], [24, 11, 31, 113, 2, 49, 16], [11, 11, 2, 11, 23, 64, 6], [10, 10, 6, 1, 0, 63, 0], [2, 0, 13, 0, 0, 40, 0]];[0.39622641509433965, 0.8484848484848485, 0.9920634920634921, 0.45934959349593496, 0.1796875, 0.7, 0.0];28.0;[2, 5, 4, 6, 1, 8, 2]
Cora;own;medoids;0.2;64;0.5;1;0.005;0.5;1256718679.0;0.8285714285714286;0.7620048019207682;[[2, 0, 0, 0, 0, 0, 1], [1, 5, 0, 0, 0, 0, 0], [0, 0, 3, 0, 1, 0, 0], [0, 0, 0, 8, 0, 0, 0], [0, 0, 0, 0, 1, 0, 0], [1, 0, 0, 0, 0, 8, 0], [0, 1, 1, 0, 0, 0, 2]];[0.6666666666666666, 0.8333333333333334, 0.75, 1.0, 1.0, 0.8888888888888888, 0.5];0.47198275862068967;0.412621274241968;[[82, 15, 34, 26, 4, 40, 19], [26, 120, 29, 20, 3, 41, 4], [16, 11, 221, 27, 8, 39, 3], [38, 18, 36, 224, 5, 53, 21], [25, 22, 29, 38, 17, 80, 13], [23, 25, 27, 24, 2, 184, 5], [14, 15, 31, 21, 2, 48, 28]];[0.37272727272727274, 0.49382716049382713, 0.68, 0.5670886075949367, 0.07589285714285714, 0.6344827586206897, 0.1761006289308176];0.5312117503059975;0.4569650890985711;[[44, 8, 8, 7, 0, 19, 20], [0, 56, 5, 2, 0, 2, 1], [0, 1, 124, 1, 0, 0, 0], [22, 14, 16, 137, 0, 44, 13], [16, 11, 1, 18, 21, 57, 4], [12, 16, 6, 1, 0, 52, 3], [5, 2, 12, 0, 0, 36, 0]];[0.41509433962264153, 0.8484848484848485, 0.9841269841269841, 0.556910569105691, 0.1640625, 0.5777777777777777, 0.0];35.0;[3, 6, 4, 8, 1, 9, 4]
Cora;own;medoids;0.2;64;0.5;1;0.005;0.5;1256718679.0;0.9047619047619048;0.8512558869701727;[[4, 0, 0, 0, 0, 0, 0], [0, 6, 0, 0, 0, 0, 0], [0, 0, 5, 0, 1, 0, 0], [0, 0, 0, 10, 0, 0, 1], [0, 1, 0, 0, 1, 0, 0], [0, 0, 0, 0, 0, 9, 0], [0, 0, 1, 0, 0, 0, 3]];[1.0, 1.0, 0.8333333333333334, 0.9090909090909091, 0.5, 1.0, 0.75];0.4872904272579773;0.4272292018417084;[[82, 26, 42, 25, 4, 39, 22], [15, 134, 29, 17, 4, 33, 4], [10, 12, 231, 27, 7, 29, 6], [32, 17, 43, 226, 4, 43, 21], [29, 25, 29, 36, 19, 76, 7], [18, 24, 33, 23, 2, 179, 7], [15, 20, 33, 19, 3, 38, 30]];[0.3416666666666667, 0.5677966101694916, 0.717391304347826, 0.5854922279792746, 0.08597285067873303, 0.6258741258741258, 0.189873417721519];0.5006119951040392;0.416091121203004;[[25, 12, 19, 8, 0, 23, 19], [0, 53, 6, 2, 0, 2, 3], [0, 1, 123, 2, 0, 0, 0], [22, 13, 19, 138, 2, 38, 14], [28, 9, 2, 17, 21, 49, 2], [5, 20, 11, 4, 0, 49, 1], [2, 8, 7, 2, 0, 36, 0]];[0.2358490566037736, 0.803030303030303, 0.9761904761904762, 0.5609756097560976, 0.1640625, 0.5444444444444444, 0.0];42.0;[4, 6, 6, 11, 2, 9, 4]
Cora;own;medoids;0.2;64;0.5;1;0.005;0.5;1256718679.0;0.8775510204081632;0.8515578865578866;[[4, 0, 0, 0, 0, 0, 0], [0, 7, 0, 1, 1, 0, 0], [0, 0, 6, 0, 1, 0, 0], [0, 0, 0, 11, 0, 0, 2], [0, 0, 0, 0, 2, 0, 0], [0, 0, 0, 0, 0, 9, 0], [1, 0, 0, 0, 0, 0, 4]];[1.0, 0.7777777777777778, 0.8571428571428571, 0.8461538461538461, 1.0, 1.0, 0.8];0.48968512486427795;0.4147124351396079;[[88, 20, 47, 29, 0, 28, 19], [20, 133, 34, 21, 20, 25, 6], [14, 8, 236, 26, 1, 22, 5], [46, 23, 45, 243, 0, 37, 15], [37, 19, 34, 41, 6, 50, 8], [26, 22, 34, 20, 1, 169, 10], [16, 13, 44, 23, 1, 30, 27]];[0.38095238095238093, 0.5135135135135135, 0.7564102564102564, 0.5941320293398533, 0.03076923076923077, 0.599290780141844, 0.17532467532467533];0.4724602203182375;0.3859164995797685;[[31, 9, 20, 13, 0, 15, 18], [0, 43, 9, 3, 4, 3, 4], [0, 1, 121, 3, 0, 0, 1], [29, 15, 18, 135, 0, 33, 16], [32, 9, 4, 25, 16, 41, 1], [6, 23, 14, 5, 1, 40, 1], [5, 5, 13, 2, 0, 30, 0]];[0.29245283018867924, 0.6515151515151515, 0.9603174603174603, 0.5487804878048781, 0.125, 0.4444444444444444, 0.0];49.0;[4, 9, 7, 13, 2, 9, 5]
Cora;own;medoids;0.2;64;0.5;1;0.005;0.5;1256718679.0;0.875;0.8520965876229035;[[4, 0, 0, 0, 0, 0, 1], [0, 9, 0, 0, 1, 1, 0], [0, 0, 7, 1, 1, 0, 0], [0, 0, 0, 12, 0, 0, 1], [0, 0, 0, 0, 3, 0, 0], [0, 0, 0, 0, 0, 9, 0], [1, 0, 0, 0, 0, 0, 5]];[0.8, 0.8181818181818182, 0.7777777777777778, 0.9230769230769231, 1.0, 1.0, 0.8333333333333334];0.5051771117166213;0.4505339778057041;[[81, 32, 26, 27, 3, 28, 29], [15, 147, 24, 21, 25, 27, 10], [9, 17, 219, 28, 3, 25, 7], [34, 26, 32, 249, 4, 42, 19], [27, 20, 22, 40, 22, 44, 13], [16, 20, 17, 27, 18, 165, 10], [13, 15, 29, 23, 9, 32, 44]];[0.3584070796460177, 0.5464684014869888, 0.711038961038961, 0.6133004926108374, 0.11702127659574468, 0.6043956043956044, 0.26666666666666666];0.45532435740514077;0.3753961558713847;[[26, 14, 14, 12, 1, 17, 22], [0, 44, 6, 5, 5, 3, 3], [0, 2, 120, 3, 0, 0, 1], [26, 21, 13, 131, 1, 40, 14], [23, 22, 0, 34, 12, 31, 6], [8, 16, 3, 6, 16, 38, 3], [2, 10, 2, 3, 2, 35, 1]];[0.24528301886792453, 0.6666666666666666, 0.9523809523809523, 0.532520325203252, 0.09375, 0.4222222222222222, 0.01818181818181818];56.0;[5, 11, 9, 13, 3, 9, 6]
Cora;own;medoids;0.2;64;0.5;1;0.005;0.5;1256718679.0;0.9206349206349206;0.9282979454408026;[[5, 0, 0, 0, 0, 0, 0], [0, 11, 1, 0, 0, 1, 0], [0, 0, 8, 0, 1, 0, 0], [0, 0, 0, 13, 0, 0, 0], [0, 0, 0, 0, 5, 0, 0], [0, 1, 0, 1, 0, 9, 0], [0, 0, 0, 0, 0, 0, 7]];[1.0, 0.8461538461538461, 0.8888888888888888, 1.0, 1.0, 0.8181818181818182, 1.0];0.5202407002188184;0.4788727590789133;[[70, 19, 38, 31, 27, 23, 8], [11, 172, 26, 17, 10, 29, 4], [10, 11, 223, 24, 8, 25, 4], [28, 29, 35, 230, 19, 41, 11], [21, 23, 27, 34, 45, 38, 11], [12, 26, 18, 31, 23, 164, 7], [9, 18, 27, 19, 12, 33, 47]];[0.32407407407407407, 0.6394052044609665, 0.7311475409836066, 0.5852417302798982, 0.22613065326633167, 0.5836298932384342, 0.28484848484848485];0.4320685434516524;0.3486261440269266;[[19, 9, 16, 16, 15, 22, 9], [0, 45, 8, 1, 7, 3, 2], [0, 2, 121, 2, 0, 0, 1], [29, 23, 18, 117, 7, 38, 14], [22, 33, 2, 28, 8, 29, 6], [5, 13, 4, 8, 15, 43, 2], [1, 8, 6, 2, 3, 35, 0]];[0.1792452830188679, 0.6818181818181818, 0.9603174603174603, 0.47560975609756095, 0.0625, 0.4777777777777778, 0.0];63.0;[5, 13, 9, 13, 5, 11, 7]
Cora;own;medoids;0.2;64;0.5;1;0.005;0.5;1256718679.0;0.8571428571428571;0.8557055424050499;[[5, 0, 0, 0, 0, 0, 0], [0, 12, 2, 0, 1, 0, 0], [0, 0, 8, 0, 2, 0, 0], [1, 1, 0, 13, 0, 0, 0], [0, 0, 0, 1, 5, 0, 0], [0, 1, 0, 0, 0, 10, 0], [0, 0, 0, 0, 0, 1, 7]];[1.0, 0.8, 0.8, 0.8666666666666667, 0.8333333333333334, 0.9090909090909091, 0.875];0.5030203185063152;0.4614739353607561;[[66, 22, 27, 30, 27, 26, 10], [12, 179, 36, 21, 15, 32, 6], [10, 15, 207, 26, 10, 23, 4], [25, 38, 31, 217, 19, 43, 11], [17, 28, 25, 36, 42, 39, 10], [11, 25, 19, 28, 20, 161, 7], [7, 18, 27, 16, 13, 40, 44]];[0.3173076923076923, 0.5946843853820598, 0.7016949152542373, 0.5651041666666666, 0.2131979695431472, 0.5940959409594095, 0.26666666666666666];0.4259485924112607;0.34249859747786526;[[19, 12, 11, 12, 19, 23, 10], [0, 46, 7, 1, 7, 3, 2], [0, 2, 120, 3, 0, 0, 1], [28, 24, 22, 114, 8, 37, 13], [21, 36, 3, 26, 5, 32, 5], [5, 14, 4, 7, 14, 44, 2], [0, 8, 6, 2, 2, 37, 0]];[0.1792452830188679, 0.696969696969697, 0.9523809523809523, 0.4634146341463415, 0.0390625, 0.4888888888888889, 0.0];70.0;[5, 15, 10, 15, 6, 11, 8]

