dataset_name;sampler_name;subsampler;label_propagation_uncertainty_treshold;hidden_dim_size;dropout;distance_loss_weight;learning_rate;corruption;seed;Labeled accuracy;Labeled macro-f1;Labeled confusion;Labeled class accuracies;Unlabeled accuracy;Unlabeled macro-f1;Unlabeled confusion;Unlabeled class accuracies;Test accuracy;Test macro-f1;Test confusion;Test class accuracies;Budget used;Class distrubution
Cora;own;medoids;0.2;64;0.5;1;0.005;1.0;20795212.0;0.0;0.0;[[]];[];0.165520888418826;0.13603977936626624;[[6, 43, 2, 60, 10, 120, 4], [4, 100, 1, 10, 2, 29, 5], [46, 16, 16, 199, 0, 14, 1], [74, 107, 21, 102, 35, 188, 45], [9, 46, 20, 107, 10, 37, 69], [0, 63, 1, 37, 16, 77, 14], [4, 5, 4, 17, 2, 91, 2]];[0.024489795918367346, 0.6622516556291391, 0.0547945205479452, 0.17832167832167833, 0.03355704697986577, 0.3701923076923077, 0.016];0.16401468788249693;0.13334151501384078;[[1, 16, 1, 18, 3, 64, 3], [1, 40, 0, 11, 0, 10, 4], [22, 6, 12, 80, 0, 6, 0], [32, 38, 10, 49, 16, 82, 19], [2, 23, 2, 50, 1, 13, 37], [1, 29, 0, 19, 7, 31, 3], [0, 2, 0, 10, 0, 43, 0]];[0.009433962264150943, 0.6060606060606061, 0.09523809523809523, 0.1991869918699187, 0.0078125, 0.34444444444444444, 0.0];0.0;[]
Cora;own;medoids;0.2;64;0.5;1;0.005;1.0;20795212.0;1.0;1.0;[[2, 0, 0, 0, 0, 0], [0, 1, 0, 0, 0, 0], [0, 0, 1, 0, 0, 0], [0, 0, 0, 1, 0, 0], [0, 0, 0, 0, 1, 0], [0, 0, 0, 0, 0, 1]];[1.0, 1.0, 1.0, 1.0, 1.0, 1.0];0.1873673036093418;0.12283183944677505;[[191, 0, 30, 11, 46, 0, 0], [141, 2, 32, 15, 74, 0, 0], [116, 0, 65, 16, 57, 0, 1], [121, 0, 22, 10, 50, 0, 0], [148, 1, 19, 21, 82, 0, 1], [152, 0, 38, 20, 87, 0, 0], [165, 0, 60, 9, 78, 0, 3]];[0.6870503597122302, 0.007575757575757576, 0.2549019607843137, 0.04926108374384237, 0.3014705882352941, 0.0, 0.009523809523809525];0.07343941248470012;0.04078767666288731;[[31, 0, 4, 3, 68, 0, 0], [57, 0, 8, 1, 0, 0, 0], [124, 0, 0, 0, 2, 0, 0], [112, 0, 35, 1, 97, 0, 1], [14, 1, 85, 0, 28, 0, 0], [75, 1, 0, 4, 10, 0, 0], [22, 0, 0, 24, 9, 0, 0]];[0.29245283018867924, 0.0, 0.0, 0.0040650406504065045, 0.21875, 0.0, 0.0];7.0;[2, 1, 1, 1, 1, 0, 1]
Cora;own;medoids;0.2;64;0.5;1;0.005;1.0;20795212.0;1.0;1.0;[[3, 0, 0, 0, 0, 0], [0, 2, 0, 0, 0, 0], [0, 0, 2, 0, 0, 0], [0, 0, 0, 1, 0, 0], [0, 0, 0, 0, 3, 0], [0, 0, 0, 0, 0, 3]];[1.0, 1.0, 1.0, 1.0, 1.0, 1.0];0.21736814064997337;0.16920774386144705;[[166, 6, 23, 8, 52, 0, 30], [99, 15, 20, 11, 83, 0, 33], [93, 16, 55, 12, 51, 0, 27], [71, 10, 24, 10, 75, 0, 4], [102, 4, 22, 14, 109, 0, 22], [105, 15, 37, 13, 82, 0, 39], [115, 18, 33, 7, 93, 0, 53]];[0.5824561403508772, 0.05747126436781609, 0.21653543307086615, 0.05154639175257732, 0.3992673992673993, 0.0, 0.16614420062695925];0.04039167686658507;0.02684861473439098;[[17, 2, 4, 2, 74, 0, 7], [25, 0, 22, 0, 13, 0, 6], [39, 0, 4, 0, 83, 0, 0], [111, 2, 33, 2, 32, 0, 66], [13, 47, 50, 0, 10, 0, 8], [59, 0, 2, 4, 22, 0, 3], [18, 0, 1, 17, 19, 0, 0]];[0.16037735849056603, 0.0, 0.031746031746031744, 0.008130081300813009, 0.078125, 0.0, 0.0];14.0;[3, 2, 2, 1, 3, 0, 3]
Cora;own;medoids;0.2;64;0.5;1;0.005;1.0;20795212.0;1.0;1.0;[[4, 0, 0, 0, 0, 0, 0], [0, 2, 0, 0, 0, 0, 0], [0, 0, 3, 0, 0, 0, 0], [0, 0, 0, 3, 0, 0, 0], [0, 0, 0, 0, 3, 0, 0], [0, 0, 0, 0, 0, 3, 0], [0, 0, 0, 0, 0, 0, 3]];[1.0, 1.0, 1.0, 1.0, 1.0, 1.0, 1.0];0.2641711229946524;0.22750867692625507;[[108, 4, 10, 18, 19, 108, 5], [53, 11, 10, 22, 43, 98, 8], [35, 8, 40, 21, 22, 111, 3], [49, 5, 9, 35, 36, 68, 4], [50, 0, 6, 25, 71, 100, 9], [37, 5, 17, 28, 48, 198, 6], [60, 12, 12, 13, 49, 130, 31]];[0.39705882352941174, 0.044897959183673466, 0.16666666666666666, 0.16990291262135923, 0.2720306513409962, 0.584070796460177, 0.10097719869706841];0.06364749082007344;0.04973204994706223;[[17, 0, 1, 13, 41, 34, 0], [3, 0, 7, 2, 3, 50, 1], [41, 0, 2, 1, 50, 22, 10], [36, 1, 7, 7, 20, 158, 17], [6, 28, 34, 9, 4, 46, 1], [48, 0, 0, 7, 13, 21, 1], [4, 0, 6, 27, 10, 7, 1]];[0.16037735849056603, 0.0, 0.015873015873015872, 0.028455284552845527, 0.03125, 0.23333333333333334, 0.01818181818181818];21.0;[4, 2, 3, 3, 3, 3, 3]
Cora;own;medoids;0.2;64;0.5;1;0.005;1.0;20795212.0;0.9285714285714286;0.9374236874236874;[[6, 0, 0, 0, 0, 0, 0], [0, 2, 0, 0, 0, 0, 0], [0, 0, 4, 0, 0, 0, 0], [0, 0, 0, 5, 0, 0, 0], [1, 0, 1, 0, 3, 0, 0], [0, 0, 0, 0, 0, 3, 0], [0, 0, 0, 0, 0, 0, 3]];[1.0, 1.0, 1.0, 1.0, 0.6, 1.0, 1.0];0.29736983360171765;0.2573715773797593;[[193, 4, 17, 26, 8, 61, 7], [71, 11, 23, 24, 26, 65, 8], [61, 8, 56, 17, 19, 63, 4], [84, 4, 9, 53, 23, 28, 5], [83, 1, 25, 29, 56, 71, 10], [65, 5, 28, 28, 33, 151, 6], [98, 11, 21, 19, 30, 81, 34]];[0.6107594936708861, 0.04824561403508772, 0.24561403508771928, 0.25728155339805825, 0.20363636363636364, 0.4778481012658228, 0.11564625850340136];0.06487148102815178;0.0499572472358246;[[30, 0, 2, 11, 33, 30, 0], [53, 0, 6, 1, 0, 5, 1], [61, 0, 2, 37, 8, 6, 12], [45, 0, 39, 7, 18, 114, 23], [15, 24, 39, 12, 4, 33, 1], [69, 0, 0, 4, 8, 8, 1], [8, 0, 7, 25, 10, 3, 2]];[0.2830188679245283, 0.0, 0.015873015873015872, 0.028455284552845527, 0.03125, 0.08888888888888889, 0.03636363636363636];28.0;[6, 2, 4, 5, 5, 3, 3]
Cora;own;medoids;0.2;64;0.5;1;0.005;1.0;20795212.0;0.9142857142857143;0.9185925185925187;[[6, 0, 0, 0, 0, 0, 0], [0, 3, 0, 0, 0, 0, 0], [0, 0, 5, 0, 0, 0, 0], [0, 0, 0, 5, 0, 0, 0], [1, 0, 1, 0, 4, 0, 0], [0, 0, 0, 0, 0, 5, 1], [0, 0, 0, 0, 0, 0, 4]];[1.0, 1.0, 1.0, 1.0, 0.6666666666666666, 0.8333333333333334, 1.0];0.33997844827586204;0.31438555287352404;[[160, 5, 16, 27, 18, 61, 16], [45, 20, 22, 21, 31, 58, 22], [36, 9, 73, 9, 37, 47, 20], [66, 7, 10, 53, 19, 28, 9], [56, 2, 24, 22, 111, 45, 29], [37, 8, 25, 29, 36, 152, 19], [71, 12, 23, 30, 52, 66, 62]];[0.528052805280528, 0.091324200913242, 0.31601731601731603, 0.2760416666666667, 0.38408304498269896, 0.49673202614379086, 0.1962025316455696];0.05507955936352509;0.057809821068773415;[[12, 7, 7, 5, 57, 13, 5], [53, 0, 4, 1, 1, 5, 2], [48, 0, 1, 49, 5, 13, 10], [8, 1, 51, 7, 38, 105, 36], [9, 26, 28, 11, 7, 45, 2], [64, 0, 0, 2, 9, 7, 8], [3, 1, 10, 17, 11, 2, 11]];[0.11320754716981132, 0.0, 0.007936507936507936, 0.028455284552845527, 0.0546875, 0.07777777777777778, 0.2];35.0;[6, 3, 5, 5, 6, 6, 4]
Cora;own;medoids;0.2;64;0.5;1;0.005;1.0;20795212.0;0.7857142857142857;0.7865134865134865;[[6, 0, 0, 1, 0, 0, 0], [1, 4, 0, 0, 0, 0, 0], [0, 0, 5, 0, 1, 0, 0], [0, 0, 1, 5, 0, 0, 0], [1, 0, 1, 0, 4, 0, 1], [0, 0, 0, 0, 0, 5, 1], [0, 1, 0, 0, 0, 0, 4]];[0.8571428571428571, 0.8, 0.8333333333333334, 0.8333333333333334, 0.5714285714285714, 0.8333333333333334, 0.8];0.3320713899405084;0.30416043837334145;[[165, 5, 12, 29, 16, 63, 13], [47, 20, 20, 23, 31, 57, 18], [39, 9, 67, 10, 37, 50, 18], [66, 7, 15, 52, 17, 32, 12], [57, 2, 29, 26, 107, 44, 24], [40, 8, 21, 31, 34, 151, 19], [72, 13, 22, 32, 44, 71, 52]];[0.5445544554455446, 0.09259259259259259, 0.29130434782608694, 0.25870646766169153, 0.370242214532872, 0.4967105263157895, 0.16993464052287582];0.05997552019583843;0.05883223378160699;[[13, 8, 7, 9, 51, 13, 5], [53, 0, 4, 1, 1, 5, 2], [49, 0, 2, 44, 5, 17, 9], [12, 1, 49, 10, 36, 102, 36], [9, 26, 24, 11, 10, 46, 2], [66, 0, 0, 3, 8, 6, 7], [3, 1, 12, 19, 10, 2, 8]];[0.12264150943396226, 0.0, 0.015873015873015872, 0.04065040650406504, 0.078125, 0.06666666666666667, 0.14545454545454545];42.0;[7, 5, 6, 6, 7, 6, 5]
Cora;own;medoids;0.2;64;0.5;1;0.005;1.0;20795212.0;0.7346938775510204;0.7306820163963021;[[7, 0, 0, 1, 0, 0, 0], [1, 4, 0, 0, 0, 1, 1], [0, 0, 5, 0, 1, 0, 0], [0, 0, 1, 6, 0, 0, 0], [2, 0, 1, 0, 4, 0, 1], [0, 1, 0, 0, 0, 6, 0], [0, 1, 0, 0, 1, 0, 4]];[0.875, 0.5714285714285714, 0.8333333333333334, 0.8571428571428571, 0.5, 0.8571428571428571, 0.6666666666666666];0.34256243213897936;0.3126622079530759;[[188, 5, 19, 46, 21, 72, 20], [45, 21, 20, 11, 32, 58, 22], [38, 9, 70, 9, 33, 49, 20], [60, 4, 15, 49, 17, 30, 11], [55, 3, 34, 19, 105, 39, 23], [39, 11, 19, 20, 32, 144, 19], [69, 13, 21, 21, 38, 70, 54]];[0.5067385444743935, 0.10047846889952153, 0.30701754385964913, 0.26344086021505375, 0.3776978417266187, 0.5070422535211268, 0.1888111888111888];0.06119951040391677;0.06124695491650945;[[14, 8, 7, 9, 47, 14, 7], [53, 0, 4, 1, 1, 5, 2], [54, 0, 2, 36, 5, 22, 7], [13, 3, 52, 7, 36, 90, 45], [10, 26, 24, 12, 11, 43, 2], [67, 0, 1, 2, 6, 6, 8], [4, 0, 11, 19, 9, 2, 10]];[0.1320754716981132, 0.0, 0.015873015873015872, 0.028455284552845527, 0.0859375, 0.06666666666666667, 0.18181818181818182];49.0;[8, 7, 6, 7, 8, 7, 6]
Cora;own;medoids;0.2;64;0.5;1;0.005;1.0;20795212.0;0.8571428571428571;0.8540249433106577;[[9, 0, 0, 0, 0, 0, 0], [1, 8, 0, 0, 0, 0, 0], [0, 0, 7, 0, 0, 0, 0], [0, 0, 0, 7, 0, 0, 1], [1, 0, 2, 0, 5, 0, 1], [0, 0, 0, 0, 0, 7, 0], [0, 1, 0, 0, 1, 0, 5]];[1.0, 0.8888888888888888, 1.0, 0.875, 0.5555555555555556, 1.0, 0.7142857142857143];0.38474114441416896;0.36153307753020403;[[243, 19, 19, 15, 13, 32, 13], [66, 58, 13, 7, 25, 34, 14], [57, 11, 69, 14, 22, 35, 15], [71, 13, 9, 59, 15, 15, 8], [76, 12, 43, 15, 108, 23, 22], [66, 17, 18, 19, 29, 118, 6], [92, 25, 18, 18, 32, 43, 51]];[0.6864406779661016, 0.2672811059907834, 0.3094170403587444, 0.3105263157894737, 0.3612040133779264, 0.43223443223443225, 0.1827956989247312];0.05752753977968176;0.05191876175685665;[[21, 14, 3, 13, 45, 6, 4], [59, 0, 2, 1, 0, 3, 1], [91, 16, 0, 12, 4, 3, 0], [28, 19, 50, 7, 30, 75, 37], [18, 26, 21, 11, 11, 39, 2], [74, 1, 0, 3, 4, 3, 5], [4, 0, 12, 25, 8, 1, 5]];[0.19811320754716982, 0.0, 0.0, 0.028455284552845527, 0.0859375, 0.03333333333333333, 0.09090909090909091];56.0;[9, 9, 7, 8, 9, 7, 7]
Cora;own;medoids;0.2;64;0.5;1;0.005;1.0;20795212.0;0.8412698412698413;0.843128708386482;[[10, 0, 0, 0, 1, 0, 0], [0, 9, 0, 0, 0, 0, 0], [0, 0, 7, 1, 0, 0, 0], [1, 0, 0, 7, 0, 0, 2], [1, 0, 2, 0, 6, 0, 1], [0, 0, 0, 0, 0, 7, 0], [0, 1, 0, 0, 0, 0, 7]];[0.9090909090909091, 1.0, 0.875, 0.7, 0.6, 1.0, 0.875];0.35393873085339167;0.340524265566538;[[203, 9, 20, 14, 30, 30, 21], [67, 64, 16, 6, 25, 37, 21], [48, 11, 76, 17, 17, 38, 17], [79, 13, 19, 61, 19, 22, 18], [72, 5, 32, 16, 84, 24, 22], [60, 19, 23, 21, 29, 108, 10], [101, 23, 19, 17, 30, 44, 51]];[0.6207951070336392, 0.2711864406779661, 0.3392857142857143, 0.26406926406926406, 0.32941176470588235, 0.4, 0.17894736842105263];0.06487148102815178;0.06035727403459427;[[21, 11, 4, 13, 43, 11, 3], [57, 0, 3, 1, 1, 3, 1], [77, 21, 2, 16, 4, 4, 2], [21, 24, 50, 8, 28, 70, 45], [13, 24, 26, 10, 11, 42, 2], [71, 1, 1, 2, 4, 5, 6], [4, 0, 11, 26, 8, 0, 6]];[0.19811320754716982, 0.0, 0.015873015873015872, 0.032520325203252036, 0.0859375, 0.05555555555555555, 0.10909090909090909];63.0;[11, 9, 8, 10, 10, 7, 8]
Cora;own;medoids;0.2;64;0.5;1;0.005;1.0;20795212.0;0.8142857142857143;0.8130662153218544;[[10, 0, 0, 0, 1, 0, 0], [0, 10, 0, 0, 0, 0, 0], [0, 0, 8, 0, 0, 0, 0], [1, 0, 0, 7, 0, 1, 2], [1, 1, 2, 0, 6, 0, 1], [0, 0, 0, 0, 1, 8, 0], [1, 1, 0, 0, 0, 0, 8]];[0.9090909090909091, 1.0, 1.0, 0.6363636363636364, 0.5454545454545454, 0.8888888888888888, 0.8];0.35804503020318507;0.3482161793176245;[[189, 8, 23, 15, 28, 34, 19], [61, 68, 19, 7, 20, 26, 32], [38, 17, 83, 15, 15, 30, 25], [72, 18, 17, 60, 16, 19, 26], [63, 10, 27, 21, 75, 19, 28], [44, 23, 27, 21, 38, 102, 19], [89, 30, 23, 16, 29, 42, 75]];[0.5981012658227848, 0.2918454935622318, 0.3721973094170404, 0.2631578947368421, 0.30864197530864196, 0.3722627737226277, 0.24671052631578946];0.056303549571603426;0.054715155595217065;[[13, 22, 4, 13, 34, 9, 11], [50, 0, 4, 1, 1, 4, 6], [65, 25, 3, 17, 5, 4, 7], [20, 19, 52, 9, 31, 57, 58], [15, 25, 30, 11, 8, 36, 3], [70, 1, 1, 3, 4, 5, 6], [3, 0, 9, 27, 8, 0, 8]];[0.12264150943396226, 0.0, 0.023809523809523808, 0.036585365853658534, 0.0625, 0.05555555555555555, 0.14545454545454545];70.0;[11, 10, 8, 11, 11, 9, 10]


Cora;own;medoids;0.2;64;0.5;1;0.005;1.0;649695571.0;0.0;0.0;[[]];[];0.3971443680592279;0.2586748633738808;[[8, 31, 56, 130, 3, 15, 2], [0, 103, 17, 18, 1, 3, 9], [2, 7, 229, 33, 2, 1, 18], [9, 69, 50, 388, 5, 40, 11], [3, 25, 25, 218, 2, 25, 0], [0, 29, 16, 140, 2, 21, 0], [8, 38, 14, 51, 2, 12, 0]];[0.0326530612244898, 0.6821192052980133, 0.7842465753424658, 0.6783216783216783, 0.006711409395973154, 0.10096153846153846, 0.0];0.3769889840881273;0.2426271363302949;[[3, 21, 18, 56, 1, 7, 0], [0, 45, 8, 9, 1, 1, 2], [0, 2, 96, 16, 3, 1, 8], [7, 30, 23, 157, 6, 18, 5], [2, 16, 7, 94, 1, 8, 0], [1, 17, 10, 55, 0, 6, 1], [1, 17, 9, 21, 0, 7, 0]];[0.02830188679245283, 0.6818181818181818, 0.7619047619047619, 0.6382113821138211, 0.0078125, 0.06666666666666667, 0.0];0.0;[]
Cora;own;medoids;0.2;64;0.5;1;0.005;1.0;649695571.0;1.0;1.0;[[3, 0, 0, 0], [0, 1, 0, 0], [0, 0, 2, 0], [0, 0, 0, 1]];[1.0, 1.0, 1.0, 1.0];0.1926751592356688;0.14776030570927096;[[62, 28, 154, 7, 12, 19, 1], [38, 87, 156, 7, 7, 22, 1], [24, 42, 167, 7, 12, 15, 0], [24, 44, 105, 5, 12, 21, 1], [23, 43, 110, 9, 14, 18, 1], [24, 51, 172, 3, 20, 23, 0], [29, 47, 175, 5, 10, 22, 5]];[0.21908127208480566, 0.27358490566037735, 0.6254681647940075, 0.02358490566037736, 0.06422018348623854, 0.07849829351535836, 0.017064846416382253];0.18482252141982863;0.14518987199428354;[[1, 65, 27, 0, 9, 4, 0], [0, 2, 61, 1, 1, 1, 0], [8, 4, 95, 4, 9, 4, 2], [19, 17, 190, 7, 9, 4, 0], [5, 16, 88, 4, 10, 5, 0], [22, 23, 4, 4, 1, 36, 0], [10, 39, 3, 0, 2, 1, 0]];[0.009433962264150943, 0.030303030303030304, 0.753968253968254, 0.028455284552845527, 0.078125, 0.4, 0.0];7.0;[3, 1, 2, 0, 0, 1]
Cora;own;medoids;0.2;64;0.5;1;0.005;1.0;649695571.0;1.0;1.0;[[5, 0, 0, 0, 0], [0, 3, 0, 0, 0], [0, 0, 2, 0, 0], [0, 0, 0, 1, 0], [0, 0, 0, 0, 3]];[1.0, 1.0, 1.0, 1.0, 1.0];0.3079381992541289;0.19344142748135024;[[249, 10, 14, 0, 0, 1, 74], [122, 53, 15, 0, 0, 2, 86], [118, 27, 34, 0, 0, 0, 61], [59, 20, 13, 0, 0, 5, 79], [72, 20, 10, 0, 0, 6, 75], [120, 22, 17, 0, 1, 14, 72], [141, 25, 10, 0, 0, 2, 228]];[0.7155172413793104, 0.1906474820143885, 0.14166666666666666, 0.0, 0.0, 0.056910569105691054, 0.5615763546798029];0.051407588739290085;0.04429889019602342;[[13, 26, 8, 0, 0, 5, 54], [10, 1, 17, 0, 0, 0, 38], [3, 0, 0, 0, 0, 0, 123], [195, 6, 17, 0, 0, 0, 28], [66, 20, 21, 0, 0, 1, 20], [52, 13, 0, 0, 0, 6, 19], [17, 15, 1, 0, 0, 0, 22]];[0.12264150943396226, 0.015151515151515152, 0.0, 0.0, 0.0, 0.06666666666666667, 0.4];14.0;[5, 3, 2, 0, 0, 1, 3]
Cora;own;medoids;0.2;64;0.5;1;0.005;1.0;649695571.0;0.8571428571428571;0.8019361590790162;[[6, 1, 0, 0, 0, 0, 0], [0, 3, 0, 0, 0, 0, 0], [0, 0, 2, 0, 0, 0, 0], [0, 0, 0, 1, 0, 1, 0], [0, 0, 0, 0, 1, 0, 0], [0, 0, 0, 0, 1, 1, 0], [0, 0, 0, 0, 0, 0, 4]];[0.8571428571428571, 1.0, 1.0, 0.5, 1.0, 0.5, 1.0];0.2877005347593583;0.2088310148261979;[[271, 12, 12, 5, 2, 9, 43], [150, 49, 8, 17, 2, 9, 37], [150, 24, 27, 3, 1, 11, 19], [83, 20, 11, 12, 0, 19, 39], [102, 22, 7, 6, 6, 7, 34], [146, 19, 8, 6, 3, 24, 36], [171, 24, 5, 38, 2, 10, 149]];[0.7655367231638418, 0.1801470588235294, 0.1148936170212766, 0.06521739130434782, 0.03260869565217391, 0.09917355371900827, 0.37343358395989973];0.06976744186046512;0.05739282088119297;[[34, 26, 5, 2, 0, 6, 33], [36, 2, 18, 0, 2, 1, 7], [9, 1, 0, 39, 8, 1, 68], [214, 7, 11, 0, 0, 0, 14], [67, 20, 7, 4, 0, 24, 6], [66, 12, 0, 0, 0, 8, 4], [27, 14, 1, 0, 0, 0, 13]];[0.32075471698113206, 0.030303030303030304, 0.0, 0.0, 0.0, 0.08888888888888889, 0.23636363636363636];21.0;[7, 3, 2, 2, 1, 2, 4]
Cora;own;medoids;0.2;64;0.5;1;0.005;1.0;649695571.0;0.8928571428571429;0.8951762523191096;[[7, 0, 0, 0, 0, 0, 0], [0, 3, 0, 0, 0, 1, 0], [0, 0, 3, 0, 0, 0, 0], [0, 0, 0, 3, 0, 1, 0], [0, 0, 0, 0, 1, 0, 0], [0, 0, 0, 0, 0, 3, 0], [0, 0, 0, 1, 0, 0, 5]];[1.0, 0.75, 1.0, 0.75, 1.0, 1.0, 0.8333333333333334];0.34997316156736447;0.28576004734050314;[[223, 8, 25, 12, 1, 15, 49], [106, 37, 20, 10, 1, 18, 69], [98, 16, 88, 13, 0, 12, 42], [42, 14, 15, 43, 0, 14, 55], [67, 5, 18, 8, 5, 12, 56], [99, 18, 25, 13, 1, 42, 49], [111, 18, 28, 14, 1, 13, 214]];[0.6696696696696697, 0.1417624521072797, 0.3271375464684015, 0.23497267759562843, 0.029239766081871343, 0.1700404858299595, 0.5363408521303258];0.06119951040391677;0.06092409262734564;[[11, 16, 6, 14, 0, 9, 50], [5, 1, 53, 1, 2, 1, 3], [4, 0, 1, 0, 8, 8, 105], [181, 5, 25, 7, 0, 2, 26], [39, 16, 21, 20, 0, 13, 19], [52, 11, 4, 4, 0, 13, 6], [18, 8, 0, 4, 0, 8, 17]];[0.10377358490566038, 0.015151515151515152, 0.007936507936507936, 0.028455284552845527, 0.0, 0.14444444444444443, 0.3090909090909091];28.0;[7, 4, 3, 4, 1, 3, 6]
Cora;own;medoids;0.2;64;0.5;1;0.005;1.0;649695571.0;0.9428571428571428;0.9224489795918368;[[9, 0, 0, 0, 0, 0, 0], [0, 5, 0, 0, 0, 0, 0], [0, 0, 3, 0, 0, 0, 0], [0, 0, 1, 4, 1, 0, 0], [0, 0, 0, 0, 2, 0, 0], [0, 0, 0, 0, 0, 4, 0], [0, 0, 0, 0, 0, 0, 6]];[1.0, 1.0, 1.0, 0.6666666666666666, 1.0, 1.0, 1.0];0.3706896551724138;0.3216079450224673;[[209, 7, 23, 22, 10, 12, 62], [76, 41, 21, 11, 7, 15, 84], [66, 10, 90, 23, 5, 13, 54], [24, 10, 21, 59, 6, 5, 61], [48, 8, 20, 8, 18, 10, 60], [70, 10, 28, 18, 1, 47, 70], [82, 11, 30, 28, 10, 8, 224]];[0.6057971014492753, 0.1607843137254902, 0.3448275862068966, 0.3172043010752688, 0.10465116279069768, 0.19262295081967212, 0.5699745547073791];0.07466340269277846;0.06968577776893971;[[8, 5, 7, 16, 0, 10, 60], [2, 1, 54, 1, 2, 2, 4], [6, 0, 2, 0, 7, 8, 103], [144, 6, 23, 19, 0, 3, 51], [14, 16, 19, 28, 2, 15, 34], [37, 9, 7, 3, 14, 11, 9], [13, 7, 4, 6, 1, 6, 18]];[0.07547169811320754, 0.015151515151515152, 0.015873015873015872, 0.07723577235772358, 0.015625, 0.12222222222222222, 0.32727272727272727];35.0;[9, 5, 3, 6, 2, 4, 6]
Cora;own;medoids;0.2;64;0.5;1;0.005;1.0;649695571.0;0.9047619047619048;0.8912079983508553;[[9, 0, 0, 0, 0, 0, 0], [0, 5, 0, 0, 0, 0, 0], [0, 1, 3, 0, 0, 0, 0], [0, 0, 1, 5, 0, 0, 1], [0, 0, 0, 0, 3, 0, 0], [0, 0, 0, 0, 0, 5, 0], [0, 0, 0, 0, 1, 0, 8]];[1.0, 1.0, 0.75, 0.7142857142857143, 1.0, 1.0, 0.8888888888888888];0.38723634396971335;0.3433823738927762;[[211, 5, 17, 21, 17, 12, 51], [66, 40, 11, 16, 12, 22, 81], [64, 12, 79, 22, 13, 18, 51], [16, 11, 15, 56, 15, 11, 57], [52, 7, 14, 6, 35, 12, 53], [74, 8, 22, 12, 6, 57, 68], [80, 7, 24, 21, 22, 9, 238]];[0.6317365269461078, 0.16129032258064516, 0.305019305019305, 0.30939226519337015, 0.19553072625698323, 0.23076923076923078, 0.5935162094763092];0.06731946144430845;0.06579521964468822;[[7, 5, 8, 12, 8, 13, 53], [2, 0, 50, 1, 4, 3, 6], [12, 0, 1, 1, 7, 9, 96], [153, 6, 16, 17, 5, 4, 45], [14, 17, 8, 23, 4, 11, 51], [30, 6, 4, 1, 30, 15, 4], [14, 5, 1, 8, 2, 14, 11]];[0.0660377358490566, 0.0, 0.007936507936507936, 0.06910569105691057, 0.03125, 0.16666666666666666, 0.2];42.0;[9, 5, 4, 7, 3, 5, 9]
Cora;own;medoids;0.2;64;0.5;1;0.005;1.0;649695571.0;0.8775510204081632;0.8742327847591006;[[10, 0, 1, 0, 0, 0, 0], [1, 5, 0, 0, 0, 1, 0], [0, 1, 4, 0, 0, 0, 0], [0, 0, 1, 5, 0, 0, 1], [0, 0, 0, 0, 3, 0, 0], [0, 0, 0, 0, 0, 7, 0], [0, 0, 0, 0, 0, 0, 9]];[0.9090909090909091, 0.7142857142857143, 0.8, 0.7142857142857143, 1.0, 1.0, 1.0];0.40390879478827363;0.3723805567576871;[[172, 31, 24, 11, 11, 38, 35], [53, 85, 23, 12, 11, 38, 60], [27, 35, 70, 11, 12, 46, 30], [13, 27, 11, 53, 11, 20, 35], [33, 26, 16, 10, 26, 24, 35], [44, 26, 22, 12, 7, 127, 48], [42, 28, 20, 12, 19, 49, 211]];[0.5341614906832298, 0.30141843971631205, 0.30303030303030304, 0.31176470588235294, 0.15294117647058825, 0.44405594405594406, 0.5538057742782152];0.033047735618115054;0.03126714562831634;[[2, 17, 9, 12, 6, 11, 49], [1, 2, 50, 0, 5, 2, 6], [14, 5, 4, 2, 8, 8, 85], [91, 14, 21, 11, 8, 58, 43], [1, 24, 6, 14, 1, 56, 26], [31, 23, 5, 3, 17, 7, 4], [10, 31, 2, 7, 1, 4, 0]];[0.018867924528301886, 0.030303030303030304, 0.031746031746031744, 0.044715447154471545, 0.0078125, 0.07777777777777778, 0.0];49.0;[11, 7, 5, 7, 3, 7, 9]
Cora;own;medoids;0.2;64;0.5;1;0.005;1.0;649695571.0;0.9642857142857143;0.9584146702159124;[[11, 0, 1, 0, 0, 0, 0], [0, 10, 0, 0, 0, 0, 0], [0, 1, 4, 0, 0, 0, 0], [0, 0, 0, 9, 0, 0, 0], [0, 0, 0, 0, 4, 0, 0], [0, 0, 0, 0, 0, 7, 0], [0, 0, 0, 0, 0, 0, 9]];[0.9166666666666666, 1.0, 0.8, 1.0, 1.0, 1.0, 1.0];0.4256130790190736;0.3997227900813101;[[186, 16, 22, 12, 18, 30, 36], [44, 92, 15, 14, 23, 31, 60], [35, 21, 69, 16, 22, 33, 27], [16, 20, 19, 79, 14, 16, 33], [35, 18, 19, 13, 33, 15, 32], [45, 22, 18, 12, 16, 116, 48], [45, 26, 20, 18, 31, 28, 206]];[0.58125, 0.32974910394265233, 0.3094170403587444, 0.4010152284263959, 0.2, 0.4187725631768953, 0.5508021390374331];0.09914320685434516;0.10697041219335286;[[2, 21, 11, 12, 6, 13, 41], [2, 11, 41, 1, 3, 1, 7], [14, 5, 6, 2, 10, 11, 78], [107, 13, 17, 16, 5, 54, 34], [5, 13, 9, 12, 29, 32, 28], [34, 13, 3, 12, 16, 8, 4], [11, 16, 3, 9, 2, 5, 9]];[0.018867924528301886, 0.16666666666666666, 0.047619047619047616, 0.06504065040650407, 0.2265625, 0.08888888888888889, 0.16363636363636364];56.0;[12, 10, 5, 9, 4, 7, 9]
Cora;own;medoids;0.2;64;0.5;1;0.005;1.0;649695571.0;0.873015873015873;0.8756979862243021;[[11, 0, 1, 1, 0, 1, 0], [0, 10, 0, 0, 0, 0, 0], [0, 1, 4, 0, 0, 0, 0], [0, 0, 0, 9, 0, 0, 0], [0, 0, 0, 0, 4, 0, 0], [0, 1, 1, 0, 0, 8, 1], [1, 0, 0, 0, 0, 0, 9]];[0.7857142857142857, 1.0, 0.8, 1.0, 1.0, 0.7272727272727273, 0.9];0.4288840262582057;0.40229324333021943;[[184, 19, 16, 12, 8, 44, 32], [43, 92, 13, 11, 10, 46, 60], [29, 17, 65, 16, 11, 49, 27], [13, 21, 14, 80, 11, 23, 32], [33, 19, 14, 9, 28, 28, 31], [43, 30, 18, 12, 11, 137, 49], [46, 24, 15, 18, 21, 46, 198]];[0.5841269841269842, 0.33454545454545453, 0.3037383177570093, 0.41237113402061853, 0.1728395061728395, 0.45666666666666667, 0.5380434782608695];0.0966952264381885;0.10478120279508306;[[1, 22, 11, 12, 2, 15, 43], [2, 14, 37, 2, 2, 2, 7], [10, 5, 6, 4, 7, 17, 77], [101, 16, 12, 16, 4, 61, 36], [5, 16, 8, 13, 19, 43, 24], [32, 14, 3, 13, 12, 12, 4], [10, 15, 3, 9, 2, 5, 11]];[0.009433962264150943, 0.21212121212121213, 0.047619047619047616, 0.06504065040650407, 0.1484375, 0.13333333333333333, 0.2];63.0;[14, 10, 5, 9, 4, 11, 10]
Cora;own;medoids;0.2;64;0.5;1;0.005;1.0;649695571.0;0.8571428571428571;0.8574988503559933;[[12, 0, 1, 1, 1, 1, 1], [0, 11, 0, 0, 0, 0, 0], [0, 1, 5, 0, 0, 1, 0], [0, 0, 0, 10, 0, 0, 0], [0, 0, 0, 0, 4, 0, 0], [0, 1, 0, 0, 0, 9, 1], [1, 0, 0, 0, 0, 0, 9]];[0.7058823529411765, 1.0, 0.7142857142857143, 1.0, 1.0, 0.8181818181818182, 0.9];0.4294343767160901;0.40316873510483225;[[183, 17, 16, 10, 10, 41, 41], [46, 94, 13, 9, 10, 40, 59], [40, 11, 72, 15, 12, 62, 28], [14, 14, 14, 83, 14, 22, 40], [36, 16, 15, 8, 24, 20, 34], [48, 23, 16, 10, 11, 127, 52], [50, 22, 14, 12, 18, 36, 199]];[0.5754716981132075, 0.34686346863468637, 0.3, 0.4129353233830846, 0.1568627450980392, 0.4425087108013937, 0.5669515669515669];0.1003671970624235;0.10961009951222438;[[2, 19, 9, 11, 2, 15, 48], [3, 12, 39, 1, 2, 2, 7], [12, 5, 6, 2, 7, 17, 77], [106, 14, 13, 16, 3, 58, 36], [5, 16, 8, 12, 21, 40, 26], [34, 14, 3, 12, 10, 13, 4], [10, 10, 4, 11, 2, 6, 12]];[0.018867924528301886, 0.18181818181818182, 0.047619047619047616, 0.06504065040650407, 0.1640625, 0.14444444444444443, 0.21818181818181817];70.0;[17, 11, 7, 10, 4, 11, 10]


Cora;own;medoids;0.2;64;0.5;1;0.005;1.0;831763849.0;0.0;0.0;[[]];[];0.11369645690111052;0.09137043272623256;[[90, 2, 75, 0, 53, 19, 6], [123, 0, 9, 4, 8, 3, 4], [119, 23, 2, 0, 10, 61, 77], [134, 24, 39, 24, 117, 59, 175], [40, 23, 29, 0, 73, 117, 16], [88, 2, 77, 0, 14, 19, 8], [38, 11, 14, 4, 43, 8, 7]];[0.3673469387755102, 0.0, 0.00684931506849315, 0.04195804195804196, 0.24496644295302014, 0.09134615384615384, 0.056];0.11138310893512852;0.08994930948921698;[[44, 1, 35, 0, 15, 8, 3], [49, 1, 5, 1, 6, 4, 0], [48, 16, 2, 0, 1, 30, 29], [57, 16, 19, 9, 42, 23, 80], [23, 7, 9, 0, 25, 51, 13], [36, 1, 33, 0, 10, 8, 2], [21, 2, 3, 1, 24, 2, 2]];[0.41509433962264153, 0.015151515151515152, 0.015873015873015872, 0.036585365853658534, 0.1953125, 0.08888888888888889, 0.03636363636363636];0.0;[]
Cora;own;medoids;0.2;64;0.5;1;0.005;1.0;831763849.0;1.0;1.0;[[1, 0, 0, 0, 0, 0], [0, 2, 0, 0, 0, 0], [0, 0, 1, 0, 0, 0], [0, 0, 0, 1, 0, 0], [0, 0, 0, 0, 1, 0], [0, 0, 0, 0, 0, 1]];[1.0, 1.0, 1.0, 1.0, 1.0, 1.0];0.2361995753715499;0.15099713020993902;[[61, 217, 9, 1, 3, 0, 0], [7, 311, 25, 9, 4, 0, 0], [21, 233, 35, 3, 3, 0, 0], [22, 136, 16, 29, 0, 0, 0], [20, 184, 23, 7, 7, 0, 0], [16, 205, 16, 3, 3, 0, 0], [21, 217, 11, 3, 1, 0, 2]];[0.20962199312714777, 0.8735955056179775, 0.11864406779661017, 0.14285714285714285, 0.029045643153526972, 0.0, 0.00784313725490196];0.04528763769889841;0.020472594221897036;[[2, 56, 47, 1, 0, 0, 0], [33, 32, 1, 0, 0, 0, 0], [9, 88, 0, 29, 0, 0, 0], [6, 222, 8, 2, 8, 0, 0], [5, 120, 2, 0, 1, 0, 0], [9, 79, 1, 1, 0, 0, 0], [2, 39, 13, 1, 0, 0, 0]];[0.018867924528301886, 0.48484848484848486, 0.0, 0.008130081300813009, 0.0078125, 0.0, 0.0];7.0;[1, 2, 1, 1, 1, 0, 1]
Cora;own;medoids;0.2;64;0.5;1;0.005;1.0;831763849.0;0.8571428571428571;0.8761904761904763;[[1, 0, 0, 0, 0, 0, 0], [0, 2, 0, 0, 0, 0, 0], [0, 0, 2, 0, 0, 0, 0], [0, 0, 0, 2, 0, 0, 0], [0, 0, 0, 0, 2, 0, 0], [0, 0, 0, 0, 1, 1, 0], [0, 0, 0, 0, 1, 0, 2]];[1.0, 1.0, 1.0, 1.0, 1.0, 0.5, 0.6666666666666666];0.2807671816728823;0.25164411462060476;[[41, 136, 6, 2, 14, 49, 21], [5, 235, 20, 12, 19, 35, 12], [5, 134, 47, 2, 17, 59, 26], [4, 76, 11, 35, 4, 38, 21], [10, 117, 14, 8, 19, 38, 23], [5, 131, 23, 5, 16, 63, 20], [8, 131, 12, 7, 12, 42, 87]];[0.1524163568773234, 0.6952662721893491, 0.16206896551724137, 0.18518518518518517, 0.08296943231441048, 0.23954372623574144, 0.2909698996655518];0.037943696450428395;0.0332832394301271;[[0, 21, 42, 4, 1, 36, 2], [6, 7, 1, 0, 1, 0, 51], [11, 75, 2, 26, 9, 1, 2], [1, 158, 12, 3, 25, 20, 27], [2, 61, 5, 0, 1, 52, 7], [5, 62, 0, 1, 0, 17, 5], [0, 17, 0, 1, 0, 36, 1]];[0.0, 0.10606060606060606, 0.015873015873015872, 0.012195121951219513, 0.0078125, 0.18888888888888888, 0.01818181818181818];14.0;[1, 2, 2, 2, 2, 2, 3]
Cora;own;medoids;0.2;64;0.5;1;0.005;1.0;831763849.0;0.7619047619047619;0.7644403215831787;[[2, 0, 0, 0, 0, 1, 0], [0, 3, 0, 1, 0, 0, 0], [0, 0, 2, 0, 0, 0, 0], [0, 0, 0, 2, 0, 0, 0], [1, 0, 0, 0, 4, 0, 0], [0, 0, 0, 0, 1, 1, 0], [0, 0, 0, 0, 1, 0, 2]];[0.6666666666666666, 0.75, 1.0, 1.0, 0.8, 0.5, 0.6666666666666666];0.3122994652406417;0.2886933701659117;[[55, 99, 14, 2, 33, 46, 18], [18, 239, 15, 19, 28, 49, 11], [23, 94, 53, 1, 20, 64, 18], [13, 42, 8, 34, 15, 49, 16], [14, 84, 16, 10, 53, 41, 14], [8, 104, 21, 4, 27, 72, 20], [18, 97, 21, 6, 27, 39, 78]];[0.20599250936329588, 0.6306068601583114, 0.19413919413919414, 0.192090395480226, 0.22844827586206898, 0.28125, 0.2727272727272727];0.04039167686658507;0.041830914749505156;[[7, 12, 35, 2, 2, 46, 2], [5, 3, 1, 0, 4, 0, 53], [13, 65, 0, 24, 20, 0, 4], [11, 161, 12, 1, 28, 15, 18], [4, 44, 15, 0, 1, 54, 10], [9, 38, 1, 1, 21, 19, 1], [2, 6, 0, 3, 2, 40, 2]];[0.0660377358490566, 0.045454545454545456, 0.0, 0.0040650406504065045, 0.0078125, 0.2111111111111111, 0.03636363636363636];21.0;[3, 4, 2, 2, 5, 2, 3]
Cora;own;medoids;0.2;64;0.5;1;0.005;1.0;831763849.0;0.8928571428571429;0.8751082251082252;[[3, 0, 0, 0, 0, 0, 1], [0, 4, 0, 0, 0, 0, 0], [0, 0, 6, 0, 0, 0, 0], [0, 0, 0, 2, 0, 0, 0], [0, 0, 0, 0, 5, 0, 0], [0, 0, 0, 0, 1, 1, 0], [1, 0, 0, 0, 0, 0, 4]];[0.75, 1.0, 1.0, 1.0, 1.0, 0.5, 0.8];0.36983360171765967;0.3312083079788865;[[68, 74, 45, 1, 15, 22, 28], [9, 210, 66, 12, 7, 28, 24], [30, 51, 200, 2, 8, 29, 35], [21, 38, 27, 32, 9, 27, 22], [19, 52, 53, 9, 35, 30, 17], [15, 56, 72, 1, 10, 54, 31], [28, 61, 62, 4, 10, 14, 90]];[0.26877470355731226, 0.5898876404494382, 0.5633802816901409, 0.18181818181818182, 0.16279069767441862, 0.22594142259414227, 0.3345724907063197];0.03916768665850673;0.044343283259920936;[[13, 9, 36, 3, 3, 35, 7], [5, 4, 2, 0, 2, 0, 53], [12, 70, 5, 23, 11, 0, 5], [12, 86, 108, 0, 14, 5, 21], [18, 26, 34, 1, 2, 13, 34], [13, 42, 11, 0, 13, 6, 5], [0, 3, 9, 1, 1, 39, 2]];[0.12264150943396226, 0.06060606060606061, 0.03968253968253968, 0.0, 0.015625, 0.06666666666666667, 0.03636363636363636];28.0;[4, 4, 6, 2, 5, 2, 5]
Cora;own;medoids;0.2;64;0.5;1;0.005;1.0;831763849.0;0.9142857142857143;0.8914301384889621;[[5, 0, 0, 0, 0, 0, 0], [0, 4, 0, 0, 0, 0, 0], [0, 0, 8, 0, 0, 1, 0], [0, 0, 0, 2, 0, 0, 1], [0, 0, 0, 0, 6, 0, 0], [0, 0, 0, 0, 1, 2, 0], [0, 0, 0, 0, 0, 0, 5]];[1.0, 1.0, 0.8888888888888888, 0.6666666666666666, 1.0, 0.6666666666666666, 1.0];0.38308189655172414;0.34443381874907414;[[84, 61, 54, 1, 12, 18, 27], [18, 191, 71, 9, 10, 23, 22], [39, 43, 229, 2, 9, 28, 31], [29, 31, 26, 31, 11, 24, 20], [28, 39, 58, 5, 42, 29, 13], [21, 46, 75, 1, 9, 49, 26], [34, 48, 66, 3, 13, 12, 85]];[0.32684824902723736, 0.5552325581395349, 0.6010498687664042, 0.18023255813953487, 0.19626168224299065, 0.21585903083700442, 0.32567049808429116];0.05385556915544676;0.05685854552427357;[[20, 8, 43, 3, 3, 23, 6], [6, 5, 7, 0, 1, 0, 47], [14, 62, 8, 23, 16, 0, 3], [10, 72, 126, 0, 12, 7, 19], [24, 15, 44, 1, 3, 15, 26], [25, 34, 7, 0, 15, 6, 3], [6, 1, 12, 1, 0, 33, 2]];[0.18867924528301888, 0.07575757575757576, 0.06349206349206349, 0.0, 0.0234375, 0.06666666666666667, 0.03636363636363636];35.0;[5, 4, 9, 3, 6, 3, 5]
Cora;own;medoids;0.2;64;0.5;1;0.005;1.0;831763849.0;0.9523809523809523;0.9428953399541635;[[5, 0, 0, 0, 0, 0, 0], [0, 6, 0, 0, 0, 0, 0], [0, 0, 9, 0, 0, 0, 0], [0, 0, 0, 3, 0, 0, 0], [0, 0, 0, 0, 8, 0, 0], [1, 0, 0, 0, 1, 3, 0], [0, 0, 0, 0, 0, 0, 6]];[1.0, 1.0, 1.0, 1.0, 1.0, 0.6, 1.0];0.41752298539751215;0.3822006008085629;[[70, 51, 63, 1, 25, 25, 18], [8, 195, 68, 5, 21, 27, 17], [9, 36, 247, 2, 17, 36, 22], [9, 24, 32, 30, 24, 30, 16], [13, 33, 53, 7, 73, 35, 13], [9, 43, 66, 1, 22, 63, 25], [13, 42, 77, 2, 22, 15, 94]];[0.2766798418972332, 0.5718475073313783, 0.6693766937669376, 0.18181818181818182, 0.32158590308370044, 0.27510917030567683, 0.35471698113207545];0.046511627906976744;0.05073975649425504;[[9, 7, 39, 3, 6, 37, 5], [5, 3, 7, 0, 2, 0, 49], [11, 65, 6, 19, 21, 0, 4], [7, 77, 123, 0, 15, 9, 15], [8, 13, 53, 0, 11, 22, 21], [10, 22, 5, 0, 40, 9, 4], [1, 2, 8, 1, 3, 40, 0]];[0.08490566037735849, 0.045454545454545456, 0.047619047619047616, 0.0, 0.0859375, 0.1, 0.0];42.0;[5, 6, 9, 3, 8, 5, 6]
Cora;own;medoids;0.2;64;0.5;1;0.005;1.0;831763849.0;0.9591836734693877;0.9644495855022172;[[7, 0, 0, 0, 0, 0, 0], [0, 7, 0, 0, 0, 0, 0], [0, 0, 9, 0, 1, 0, 0], [0, 0, 0, 4, 0, 0, 0], [0, 0, 0, 0, 9, 0, 0], [0, 0, 0, 0, 0, 5, 0], [0, 1, 0, 0, 0, 0, 6]];[1.0, 1.0, 0.9, 1.0, 1.0, 1.0, 0.8571428571428571];0.4196525515743757;0.38744040451627126;[[75, 71, 57, 3, 22, 16, 19], [10, 205, 66, 6, 16, 21, 11], [11, 47, 225, 1, 22, 31, 24], [14, 29, 23, 33, 21, 26, 17], [13, 47, 43, 5, 70, 29, 19], [13, 52, 61, 3, 15, 58, 25], [18, 50, 60, 4, 16, 12, 107]];[0.28517110266159695, 0.6119402985074627, 0.6232686980609419, 0.20245398773006135, 0.30973451327433627, 0.2555066079295154, 0.40074906367041196];0.05752753977968176;0.06467002859517867;[[14, 7, 36, 3, 10, 30, 6], [4, 4, 1, 2, 3, 0, 52], [16, 55, 10, 18, 21, 0, 6], [11, 86, 112, 0, 12, 7, 18], [13, 46, 39, 1, 7, 10, 12], [7, 29, 1, 3, 34, 9, 7], [1, 2, 7, 2, 11, 29, 3]];[0.1320754716981132, 0.06060606060606061, 0.07936507936507936, 0.0, 0.0546875, 0.1, 0.05454545454545454];49.0;[7, 7, 10, 4, 9, 5, 7]
Cora;own;medoids;0.2;64;0.5;1;0.005;1.0;831763849.0;0.875;0.8762360095553373;[[7, 1, 0, 0, 0, 0, 1], [0, 7, 0, 0, 0, 0, 0], [1, 0, 11, 0, 1, 1, 0], [0, 0, 0, 4, 1, 0, 0], [0, 0, 0, 0, 9, 0, 0], [0, 0, 0, 0, 0, 5, 0], [0, 1, 0, 0, 0, 0, 6]];[0.7777777777777778, 1.0, 0.7857142857142857, 0.8, 1.0, 1.0, 0.8571428571428571];0.4108991825613079;0.37498269575990156;[[71, 68, 68, 3, 27, 12, 28], [7, 193, 67, 8, 17, 22, 13], [9, 37, 238, 2, 20, 34, 31], [9, 28, 29, 34, 26, 20, 20], [11, 42, 51, 7, 67, 20, 22], [12, 43, 67, 4, 12, 48, 25], [13, 45, 69, 5, 17, 11, 103]];[0.2563176895306859, 0.5902140672782875, 0.6415094339622641, 0.20481927710843373, 0.30454545454545456, 0.22748815165876776, 0.3916349809885932];0.0587515299877601;0.06920073253963918;[[13, 6, 47, 6, 9, 19, 6], [4, 4, 4, 2, 3, 0, 49], [13, 57, 10, 18, 20, 0, 8], [11, 74, 126, 0, 11, 7, 17], [9, 36, 50, 3, 6, 10, 14], [7, 31, 1, 3, 31, 9, 8], [1, 2, 11, 2, 12, 21, 6]];[0.12264150943396226, 0.06060606060606061, 0.07936507936507936, 0.0, 0.046875, 0.1, 0.10909090909090909];56.0;[9, 7, 14, 5, 9, 5, 7]
Cora;own;medoids;0.2;64;0.5;1;0.005;1.0;831763849.0;0.8888888888888888;0.8956760473788339;[[10, 0, 0, 0, 0, 0, 0], [1, 7, 0, 1, 0, 0, 0], [1, 0, 12, 1, 0, 0, 0], [0, 0, 1, 7, 0, 0, 0], [0, 0, 0, 1, 9, 0, 0], [0, 0, 0, 0, 0, 5, 0], [0, 1, 0, 0, 0, 0, 6]];[1.0, 0.7777777777777778, 0.8571428571428571, 0.875, 0.9, 1.0, 0.8571428571428571];0.42560175054704596;0.39227023373103526;[[85, 64, 51, 29, 20, 8, 18], [15, 188, 57, 34, 15, 17, 6], [12, 29, 241, 27, 15, 15, 16], [13, 26, 32, 72, 22, 13, 15], [13, 34, 44, 34, 66, 14, 13], [13, 36, 60, 31, 13, 36, 14], [17, 43, 62, 26, 11, 3, 90]];[0.3090909090909091, 0.5662650602409639, 0.6788732394366197, 0.37305699481865284, 0.30275229357798167, 0.17733990147783252, 0.35714285714285715];0.06731946144430845;0.06728576636904272;[[16, 5, 44, 18, 9, 9, 5], [7, 6, 3, 1, 4, 0, 45], [11, 53, 6, 34, 17, 0, 5], [18, 75, 105, 18, 13, 6, 11], [13, 31, 44, 17, 4, 9, 10], [6, 32, 0, 10, 32, 5, 5], [1, 2, 16, 10, 8, 18, 0]];[0.1509433962264151, 0.09090909090909091, 0.047619047619047616, 0.07317073170731707, 0.03125, 0.05555555555555555, 0.0];63.0;[10, 9, 14, 8, 10, 5, 7]
Cora;own;medoids;0.2;64;0.5;1;0.005;1.0;831763849.0;0.8142857142857143;0.8260964912280702;[[10, 0, 0, 0, 1, 0, 0], [1, 7, 1, 1, 0, 0, 0], [1, 1, 13, 1, 0, 0, 1], [1, 0, 1, 7, 0, 0, 0], [0, 0, 0, 1, 9, 0, 0], [0, 0, 0, 0, 0, 5, 0], [0, 1, 0, 1, 0, 0, 6]];[0.9090909090909091, 0.7, 0.7647058823529411, 0.7777777777777778, 0.9, 1.0, 0.75];0.4354750137287205;0.4012733984010629;[[96, 52, 51, 22, 23, 5, 19], [25, 183, 66, 21, 14, 10, 10], [22, 32, 251, 18, 17, 12, 14], [29, 28, 30, 74, 19, 7, 14], [22, 29, 48, 22, 71, 9, 13], [19, 29, 68, 19, 13, 32, 16], [23, 37, 67, 19, 10, 5, 86]];[0.3582089552238806, 0.5562310030395137, 0.6857923497267759, 0.3681592039800995, 0.3317757009345794, 0.16326530612244897, 0.3481781376518219];0.06242350061199511;0.06344506793402058;[[21, 3, 46, 16, 11, 3, 6], [8, 5, 5, 1, 4, 0, 43], [13, 52, 8, 31, 18, 0, 4], [35, 54, 121, 9, 11, 5, 11], [16, 26, 50, 16, 3, 9, 8], [11, 31, 2, 7, 31, 5, 3], [1, 3, 18, 10, 9, 14, 0]];[0.19811320754716982, 0.07575757575757576, 0.06349206349206349, 0.036585365853658534, 0.0234375, 0.05555555555555555, 0.0];70.0;[11, 10, 17, 9, 10, 5, 8]


Cora;own;medoids;0.2;64;0.5;1;0.005;1.0;615395017.0;0.0;0.0;[[]];[];0.19777895293495504;0.16147941410339217;[[10, 3, 24, 12, 18, 172, 6], [3, 0, 10, 5, 2, 131, 0], [9, 1, 228, 2, 4, 45, 3], [89, 14, 36, 28, 78, 312, 15], [21, 48, 32, 4, 19, 154, 20], [102, 0, 18, 5, 0, 82, 1], [30, 0, 18, 12, 4, 54, 7]];[0.04081632653061224, 0.0, 0.7808219178082192, 0.04895104895104895, 0.06375838926174497, 0.3942307692307692, 0.056];0.17258261933904528;0.14153777210074686;[[2, 1, 8, 1, 12, 79, 3], [1, 1, 4, 0, 0, 60, 0], [6, 1, 93, 3, 1, 19, 3], [43, 5, 21, 6, 20, 141, 10], [7, 16, 13, 5, 9, 68, 10], [44, 2, 7, 4, 0, 29, 4], [16, 1, 8, 3, 0, 26, 1]];[0.018867924528301886, 0.015151515151515152, 0.7380952380952381, 0.024390243902439025, 0.0703125, 0.32222222222222224, 0.01818181818181818];0.0;[]
Cora;own;medoids;0.2;64;0.5;1;0.005;1.0;615395017.0;1.0;1.0;[[2, 0, 0, 0], [0, 2, 0, 0], [0, 0, 2, 0], [0, 0, 0, 1]];[1.0, 1.0, 1.0, 1.0];0.1618895966029724;0.09693304263564417;[[13, 0, 0, 179, 13, 0, 52], [0, 0, 0, 200, 20, 0, 38], [2, 0, 0, 157, 25, 0, 46], [0, 0, 0, 200, 13, 0, 56], [1, 0, 0, 188, 37, 0, 52], [0, 0, 0, 213, 26, 0, 49], [2, 0, 0, 223, 24, 0, 55]];[0.05058365758754864, 0.0, 0.0, 0.7434944237918215, 0.13309352517985612, 0.0, 0.18092105263157895];0.2141982864137087;0.06934761573542511;[[0, 0, 0, 73, 23, 0, 10], [0, 0, 0, 5, 1, 0, 60], [0, 0, 0, 109, 8, 0, 9], [9, 0, 0, 167, 43, 0, 27], [0, 0, 0, 122, 2, 0, 4], [1, 0, 0, 48, 6, 0, 35], [0, 0, 0, 48, 1, 0, 6]];[0.0, 0.0, 0.0, 0.6788617886178862, 0.015625, 0.0, 0.10909090909090909];7.0;[2, 0, 0, 2, 2, 0, 1]
Cora;own;medoids;0.2;64;0.5;1;0.005;1.0;615395017.0;1.0;1.0;[[2, 0, 0, 0, 0, 0], [0, 3, 0, 0, 0, 0], [0, 0, 3, 0, 0, 0], [0, 0, 0, 4, 0, 0], [0, 0, 0, 0, 1, 0], [0, 0, 0, 0, 0, 1]];[1.0, 1.0, 1.0, 1.0, 1.0, 1.0];0.2237613212573255;0.1505743849124976;[[13, 118, 0, 69, 27, 4, 8], [2, 227, 0, 64, 22, 5, 5], [3, 140, 0, 39, 25, 1, 4], [1, 140, 0, 106, 7, 2, 8], [1, 173, 0, 35, 57, 3, 4], [1, 168, 0, 68, 36, 8, 0], [2, 166, 0, 70, 30, 6, 9]];[0.05439330543933055, 0.6984615384615385, 0.0, 0.4015151515151515, 0.2087912087912088, 0.028469750889679714, 0.03180212014134275];0.11138310893512852;0.05858144585055271;[[0, 79, 0, 11, 16, 0, 0], [0, 65, 0, 0, 0, 0, 1], [0, 40, 0, 75, 4, 7, 0], [8, 164, 0, 13, 60, 0, 1], [0, 32, 0, 83, 13, 0, 0], [1, 61, 0, 11, 1, 0, 16], [1, 47, 0, 7, 0, 0, 0]];[0.0, 0.9848484848484849, 0.0, 0.052845528455284556, 0.1015625, 0.0, 0.0];14.0;[2, 3, 0, 3, 4, 1, 1]
Cora;own;medoids;0.2;64;0.5;1;0.005;1.0;615395017.0;0.8571428571428571;0.8650793650793651;[[3, 0, 0, 0, 2, 0], [1, 3, 0, 0, 0, 0], [0, 0, 4, 0, 0, 0], [0, 0, 0, 5, 0, 0], [0, 0, 0, 0, 2, 0], [0, 0, 0, 0, 0, 1]];[0.6, 0.75, 1.0, 1.0, 1.0, 1.0];0.28449197860962566;0.2294019435868759;[[163, 77, 0, 52, 18, 27, 7], [58, 143, 0, 47, 12, 33, 4], [42, 64, 0, 44, 22, 24, 9], [46, 51, 0, 118, 4, 23, 10], [53, 91, 0, 22, 54, 23, 8], [53, 83, 0, 42, 35, 44, 4], [59, 91, 0, 55, 20, 25, 10]];[0.4738372093023256, 0.48148148148148145, 0.0, 0.46825396825396826, 0.2151394422310757, 0.1685823754789272, 0.038461538461538464];0.11995104039167687;0.09505939431222629;[[20, 40, 0, 8, 14, 24, 0], [7, 51, 0, 3, 0, 0, 5], [87, 11, 0, 18, 1, 9, 0], [30, 131, 0, 8, 48, 27, 2], [17, 16, 0, 80, 12, 2, 1], [29, 4, 0, 40, 1, 7, 9], [22, 20, 0, 0, 0, 13, 0]];[0.18867924528301888, 0.7727272727272727, 0.0, 0.032520325203252036, 0.09375, 0.07777777777777778, 0.0];21.0;[5, 4, 0, 4, 5, 2, 1]
Cora;own;medoids;0.2;64;0.5;1;0.005;1.0;615395017.0;0.9285714285714286;0.9305555555555555;[[3, 0, 0, 0, 2, 0], [0, 5, 0, 0, 0, 0], [0, 0, 5, 0, 0, 0], [0, 0, 0, 6, 0, 0], [0, 0, 0, 0, 5, 0], [0, 0, 0, 0, 0, 2]];[0.6, 1.0, 1.0, 1.0, 1.0, 1.0];0.3258185721953838;0.26962208777910346;[[170, 68, 0, 38, 24, 26, 9], [62, 146, 0, 33, 34, 22, 5], [34, 58, 0, 31, 43, 25, 6], [41, 55, 0, 120, 26, 14, 6], [41, 56, 0, 26, 101, 30, 7], [47, 74, 0, 29, 47, 56, 6], [52, 76, 0, 44, 41, 20, 14]];[0.5074626865671642, 0.48344370860927155, 0.0, 0.4580152671755725, 0.38697318007662834, 0.21621621621621623, 0.05668016194331984];0.11138310893512852;0.08505561347190986;[[18, 11, 0, 11, 49, 17, 0], [6, 47, 0, 4, 1, 1, 7], [85, 11, 0, 18, 0, 12, 0], [31, 113, 0, 7, 59, 36, 0], [5, 60, 0, 45, 17, 0, 1], [33, 5, 0, 36, 5, 2, 9], [15, 15, 0, 2, 8, 15, 0]];[0.16981132075471697, 0.7121212121212122, 0.0, 0.028455284552845527, 0.1328125, 0.022222222222222223, 0.0];28.0;[5, 5, 0, 5, 6, 5, 2]
Cora;own;medoids;0.2;64;0.5;1;0.005;1.0;615395017.0;0.9142857142857143;0.9139471639471638;[[4, 0, 0, 0, 2, 0], [1, 6, 0, 0, 0, 0], [0, 0, 5, 0, 0, 0], [0, 0, 0, 6, 0, 0], [0, 0, 0, 0, 5, 0], [0, 0, 0, 0, 0, 6]];[0.6666666666666666, 0.8571428571428571, 1.0, 1.0, 1.0, 1.0];0.37122844827586204;0.32294929529107547;[[170, 61, 0, 15, 12, 16, 55], [52, 180, 0, 18, 22, 9, 33], [30, 65, 0, 14, 19, 7, 51], [37, 61, 0, 99, 17, 7, 29], [35, 62, 0, 13, 73, 11, 50], [40, 68, 0, 16, 25, 43, 48], [50, 58, 0, 20, 22, 19, 124]];[0.5167173252279635, 0.5732484076433121, 0.0, 0.396, 0.29918032786885246, 0.17916666666666667, 0.4232081911262799];0.09547123623011015;0.07529398573119339;[[15, 25, 0, 7, 43, 11, 5], [5, 46, 0, 3, 1, 1, 10], [80, 9, 0, 21, 0, 12, 4], [33, 94, 0, 6, 25, 20, 68], [8, 51, 0, 23, 7, 1, 38], [28, 15, 0, 22, 2, 3, 20], [8, 43, 0, 2, 0, 1, 1]];[0.14150943396226415, 0.696969696969697, 0.0, 0.024390243902439025, 0.0546875, 0.03333333333333333, 0.01818181818181818];35.0;[6, 7, 0, 5, 6, 5, 6]
Cora;own;medoids;0.2;64;0.5;1;0.005;1.0;615395017.0;0.9523809523809523;0.9500381970970206;[[4, 0, 0, 0, 0, 1, 1], [0, 9, 0, 0, 0, 0, 0], [0, 0, 1, 0, 0, 0, 0], [0, 0, 0, 6, 0, 0, 0], [0, 0, 0, 0, 7, 0, 0], [0, 0, 0, 0, 0, 5, 0], [0, 0, 0, 0, 0, 0, 8]];[0.6666666666666666, 1.0, 1.0, 1.0, 1.0, 1.0, 1.0];0.38615467820443483;0.3246312064302715;[[33, 85, 3, 28, 15, 11, 48], [7, 303, 6, 31, 25, 7, 34], [7, 73, 15, 25, 22, 7, 43], [4, 70, 2, 117, 28, 7, 23], [3, 78, 0, 23, 84, 12, 44], [3, 95, 1, 27, 32, 38, 38], [10, 83, 2, 37, 27, 9, 124]];[0.14798206278026907, 0.7336561743341404, 0.078125, 0.46613545816733065, 0.3442622950819672, 0.1623931623931624, 0.4246575342465753];0.06487148102815178;0.051330366546792836;[[4, 31, 0, 14, 42, 9, 6], [0, 25, 0, 3, 25, 1, 12], [1, 88, 0, 22, 0, 12, 3], [16, 110, 0, 14, 23, 13, 70], [2, 37, 12, 25, 7, 0, 45], [4, 34, 0, 29, 2, 3, 18], [3, 45, 0, 2, 2, 3, 0]];[0.03773584905660377, 0.3787878787878788, 0.0, 0.056910569105691054, 0.0546875, 0.03333333333333333, 0.0];42.0;[6, 9, 1, 6, 7, 5, 8]
Cora;own;medoids;0.2;64;0.5;1;0.005;1.0;615395017.0;0.9795918367346939;0.9584415584415584;[[6, 0, 0, 0, 0, 0, 0], [0, 10, 0, 0, 0, 0, 0], [0, 0, 2, 0, 0, 1, 0], [0, 0, 0, 7, 0, 0, 0], [0, 0, 0, 0, 7, 0, 0], [0, 0, 0, 0, 0, 5, 0], [0, 0, 0, 0, 0, 0, 11]];[1.0, 1.0, 0.6666666666666666, 1.0, 1.0, 1.0, 1.0];0.4239956568946797;0.38120544449170674;[[38, 77, 28, 21, 7, 3, 37], [6, 302, 31, 24, 8, 3, 26], [6, 74, 84, 18, 11, 8, 36], [1, 61, 31, 106, 7, 6, 29], [2, 69, 24, 13, 73, 8, 40], [3, 76, 43, 22, 17, 32, 30], [7, 69, 44, 22, 10, 3, 146]];[0.18009478672985782, 0.755, 0.35443037974683544, 0.43983402489626555, 0.31877729257641924, 0.14349775784753363, 0.4850498338870432];0.05997552019583843;0.05216158269439174;[[3, 25, 25, 12, 29, 8, 4], [0, 20, 23, 3, 8, 0, 12], [1, 91, 1, 20, 0, 8, 5], [18, 107, 37, 15, 19, 7, 43], [2, 33, 41, 22, 7, 0, 23], [4, 21, 9, 11, 0, 3, 42], [0, 47, 6, 0, 0, 2, 0]];[0.02830188679245283, 0.30303030303030304, 0.007936507936507936, 0.06097560975609756, 0.0546875, 0.03333333333333333, 0.0];49.0;[6, 10, 3, 7, 7, 5, 11]
Cora;own;medoids;0.2;64;0.5;1;0.005;1.0;615395017.0;0.9107142857142857;0.9165427119464387;[[6, 0, 0, 0, 0, 0, 0], [0, 10, 1, 0, 0, 0, 1], [0, 0, 3, 0, 0, 0, 0], [0, 0, 0, 7, 0, 0, 0], [0, 0, 0, 0, 9, 1, 0], [0, 0, 0, 0, 0, 5, 0], [0, 1, 0, 0, 1, 0, 11]];[1.0, 0.8333333333333334, 1.0, 1.0, 0.9, 1.0, 0.8461538461538461];0.420708446866485;0.38012928141145064;[[40, 75, 14, 21, 22, 3, 29], [11, 307, 19, 21, 24, 1, 46], [9, 72, 80, 14, 30, 2, 27], [3, 64, 22, 104, 19, 5, 23], [5, 71, 18, 12, 96, 5, 26], [10, 84, 14, 19, 40, 31, 21], [9, 79, 16, 19, 36, 3, 114]];[0.19607843137254902, 0.7156177156177156, 0.3418803418803419, 0.43333333333333335, 0.41201716738197425, 0.1415525114155251, 0.41304347826086957];0.08078335373317014;0.06759068021880185;[[4, 24, 18, 12, 41, 5, 2], [1, 25, 5, 2, 21, 0, 12], [1, 95, 2, 19, 0, 7, 2], [24, 111, 14, 10, 53, 5, 29], [5, 30, 24, 29, 22, 0, 18], [4, 21, 12, 12, 1, 3, 37], [1, 47, 5, 0, 0, 2, 0]];[0.03773584905660377, 0.3787878787878788, 0.015873015873015872, 0.04065040650406504, 0.171875, 0.03333333333333333, 0.0];56.0;[6, 12, 3, 7, 10, 5, 13]
Cora;own;medoids;0.2;64;0.5;1;0.005;1.0;615395017.0;0.9365079365079365;0.9318788424051583;[[6, 0, 0, 0, 0, 0, 0], [0, 13, 0, 0, 0, 0, 0], [1, 0, 5, 0, 0, 0, 0], [0, 0, 0, 7, 0, 0, 1], [0, 0, 1, 0, 9, 0, 0], [0, 0, 0, 0, 0, 7, 0], [0, 1, 0, 0, 0, 0, 12]];[1.0, 1.0, 0.8333333333333334, 0.875, 0.9, 1.0, 0.9230769230769231];0.44638949671772427;0.41033436306696974;[[36, 58, 37, 13, 10, 16, 24], [13, 298, 37, 20, 5, 13, 23], [8, 58, 143, 14, 17, 13, 23], [5, 55, 35, 103, 17, 8, 21], [8, 63, 25, 14, 75, 16, 15], [7, 66, 36, 16, 23, 62, 18], [10, 64, 36, 20, 17, 15, 99]];[0.18556701030927836, 0.7286063569682152, 0.5181159420289855, 0.42213114754098363, 0.3472222222222222, 0.2719298245614035, 0.3793103448275862];0.06609547123623011;0.05911004443407438;[[5, 19, 36, 9, 30, 7, 0], [2, 26, 6, 2, 21, 1, 8], [1, 92, 2, 20, 1, 9, 1], [20, 89, 48, 7, 26, 38, 18], [4, 26, 43, 26, 9, 4, 16], [4, 15, 17, 17, 0, 5, 32], [1, 40, 12, 0, 0, 2, 0]];[0.04716981132075472, 0.3939393939393939, 0.015873015873015872, 0.028455284552845527, 0.0703125, 0.05555555555555555, 0.0];63.0;[6, 13, 6, 8, 10, 7, 13]
Cora;own;medoids;0.2;64;0.5;1;0.005;1.0;615395017.0;0.9;0.8988737600303279;[[6, 0, 0, 0, 0, 1, 1], [0, 13, 0, 0, 0, 0, 0], [0, 1, 8, 0, 0, 0, 0], [0, 0, 0, 7, 0, 0, 1], [0, 0, 0, 0, 9, 1, 0], [0, 0, 0, 0, 0, 7, 0], [1, 1, 0, 0, 0, 0, 13]];[0.75, 1.0, 0.8888888888888888, 0.875, 0.9, 1.0, 0.8666666666666667];0.4645799011532125;0.4240797057065624;[[38, 64, 30, 7, 10, 11, 26], [10, 313, 37, 15, 4, 8, 17], [5, 67, 165, 9, 10, 6, 26], [4, 57, 35, 101, 14, 4, 17], [3, 74, 25, 13, 64, 14, 14], [10, 81, 34, 12, 19, 51, 14], [12, 68, 45, 15, 16, 13, 114]];[0.20430107526881722, 0.7747524752475248, 0.5729166666666666, 0.4353448275862069, 0.30917874396135264, 0.23076923076923078, 0.4028268551236749];0.06119951040391677;0.05367110749208561;[[5, 24, 38, 10, 22, 7, 0], [2, 27, 6, 2, 21, 0, 8], [1, 94, 2, 20, 0, 7, 2], [21, 99, 56, 6, 22, 28, 14], [4, 23, 50, 18, 6, 4, 23], [1, 18, 21, 16, 0, 4, 30], [1, 43, 10, 0, 0, 1, 0]];[0.04716981132075472, 0.4090909090909091, 0.015873015873015872, 0.024390243902439025, 0.046875, 0.044444444444444446, 0.0];70.0;[8, 13, 9, 8, 10, 7, 15]


Cora;own;medoids;0.2;64;0.5;1;0.005;1.0;2140929057.0;0.0;0.0;[[]];[];0.12162876784769963;0.12377249430273343;[[67, 70, 41, 4, 14, 6, 43], [8, 81, 32, 12, 7, 0, 11], [18, 13, 15, 39, 0, 2, 205], [227, 99, 88, 24, 21, 8, 105], [133, 23, 44, 7, 12, 5, 74], [54, 33, 69, 8, 6, 18, 20], [37, 29, 33, 1, 4, 8, 13]];[0.27346938775510204, 0.5364238410596026, 0.05136986301369863, 0.04195804195804196, 0.040268456375838924, 0.08653846153846154, 0.104];0.10403916768665851;0.10939926196713036;[[21, 30, 22, 3, 16, 3, 11], [1, 34, 20, 6, 1, 0, 4], [7, 6, 7, 10, 0, 1, 95], [101, 43, 32, 6, 5, 0, 59], [63, 4, 16, 2, 5, 1, 37], [24, 19, 24, 4, 2, 7, 10], [13, 15, 13, 1, 4, 4, 5]];[0.19811320754716982, 0.5151515151515151, 0.05555555555555555, 0.024390243902439025, 0.0390625, 0.07777777777777778, 0.09090909090909091];0.0;[]
Cora;own;medoids;0.2;64;0.5;1;0.005;1.0;2140929057.0;1.0;1.0;[[1, 0, 0, 0, 0], [0, 1, 0, 0, 0], [0, 0, 1, 0, 0], [0, 0, 0, 1, 0], [0, 0, 0, 0, 3]];[1.0, 1.0, 1.0, 1.0, 1.0];0.24256900212314225;0.1783123623552359;[[52, 62, 17, 17, 0, 101, 0], [43, 195, 15, 9, 0, 104, 0], [57, 47, 23, 16, 0, 116, 0], [48, 62, 0, 38, 0, 68, 0], [61, 59, 16, 3, 0, 113, 0], [53, 55, 11, 10, 0, 149, 0], [52, 73, 14, 7, 0, 118, 0]];[0.20883534136546184, 0.5327868852459017, 0.0888030888030888, 0.17592592592592593, 0.0, 0.5359712230215827, 0.0];0.056303549571603426;0.04207746072140466;[[15, 11, 0, 0, 0, 80, 0], [51, 14, 1, 0, 0, 0, 0], [1, 125, 0, 0, 0, 0, 0], [21, 34, 43, 3, 0, 145, 0], [10, 12, 2, 41, 0, 63, 0], [26, 50, 0, 0, 0, 14, 0], [18, 19, 0, 0, 0, 18, 0]];[0.14150943396226415, 0.21212121212121213, 0.0, 0.012195121951219513, 0.0, 0.15555555555555556, 0.0];7.0;[1, 1, 1, 1, 0, 3]
Cora;own;medoids;0.2;64;0.5;1;0.005;1.0;2140929057.0;0.9285714285714286;0.9238095238095239;[[2, 0, 0, 0, 0, 0, 0], [1, 1, 0, 0, 0, 0, 0], [0, 0, 2, 0, 0, 0, 0], [0, 0, 0, 2, 0, 0, 0], [0, 0, 0, 0, 1, 0, 0], [0, 0, 0, 0, 0, 3, 0], [0, 0, 0, 0, 0, 0, 2]];[1.0, 0.5, 1.0, 1.0, 1.0, 1.0, 1.0];0.2818327117741076;0.26706533843808195;[[48, 4, 48, 11, 56, 35, 32], [37, 31, 30, 5, 61, 60, 35], [42, 4, 62, 10, 35, 64, 51], [42, 5, 8, 40, 39, 34, 40], [52, 7, 49, 5, 156, 63, 30], [40, 7, 26, 8, 42, 101, 36], [32, 7, 35, 8, 61, 52, 91]];[0.20512820512820512, 0.11969111969111969, 0.23134328358208955, 0.19230769230769232, 0.430939226519337, 0.38846153846153847, 0.3181818181818182];0.05263157894736842;0.05552390380929229;[[22, 2, 2, 2, 11, 48, 19], [49, 3, 2, 0, 11, 1, 0], [1, 21, 0, 0, 104, 0, 0], [14, 3, 108, 3, 35, 65, 18], [8, 0, 6, 25, 4, 8, 77], [15, 6, 0, 7, 32, 9, 21], [14, 4, 1, 0, 10, 24, 2]];[0.20754716981132076, 0.045454545454545456, 0.0, 0.012195121951219513, 0.03125, 0.1, 0.03636363636363636];14.0;[2, 2, 2, 2, 1, 3, 2]
Cora;own;medoids;0.2;64;0.5;1;0.005;1.0;2140929057.0;0.8571428571428571;0.8663265306122448;[[3, 0, 0, 0, 0, 0, 0], [0, 2, 0, 0, 0, 0, 0], [0, 0, 3, 1, 0, 0, 0], [0, 0, 0, 2, 0, 0, 0], [0, 0, 0, 0, 2, 0, 1], [0, 0, 0, 0, 0, 3, 1], [0, 0, 0, 0, 0, 0, 3]];[1.0, 1.0, 0.75, 1.0, 0.6666666666666666, 0.75, 1.0];0.31871657754010696;0.2938383031095442;[[45, 6, 41, 4, 53, 13, 66], [15, 46, 21, 4, 64, 26, 74], [31, 3, 55, 7, 44, 25, 93], [32, 8, 3, 36, 50, 10, 60], [37, 9, 38, 2, 199, 28, 64], [30, 8, 21, 2, 63, 61, 65], [19, 3, 28, 2, 80, 22, 154]];[0.19736842105263158, 0.184, 0.2131782945736434, 0.18090452261306533, 0.5278514588859416, 0.244, 0.5];0.02692778457772338;0.02877553456879686;[[10, 7, 1, 0, 13, 22, 53], [45, 0, 1, 0, 19, 0, 1], [0, 22, 0, 0, 104, 0, 0], [5, 2, 90, 1, 48, 24, 76], [6, 1, 1, 15, 2, 2, 101], [6, 2, 0, 6, 62, 4, 10], [26, 4, 1, 0, 8, 11, 5]];[0.09433962264150944, 0.0, 0.0, 0.0040650406504065045, 0.015625, 0.044444444444444446, 0.09090909090909091];21.0;[3, 2, 4, 2, 3, 4, 3]
Cora;own;medoids;0.2;64;0.5;1;0.005;1.0;2140929057.0;0.8214285714285714;0.826530612244898;[[3, 0, 0, 0, 0, 0, 0], [0, 3, 1, 0, 0, 0, 0], [0, 0, 5, 1, 0, 0, 0], [0, 0, 0, 3, 0, 0, 0], [0, 0, 0, 0, 3, 0, 0], [1, 0, 0, 0, 1, 3, 1], [0, 0, 0, 0, 0, 0, 3]];[1.0, 0.75, 0.8333333333333334, 1.0, 1.0, 0.5, 1.0];0.3413848631239936;0.31672843866046346;[[36, 9, 66, 7, 48, 10, 50], [5, 55, 57, 3, 57, 19, 48], [19, 9, 124, 6, 42, 20, 54], [24, 9, 21, 38, 52, 14, 41], [24, 15, 78, 1, 197, 23, 29], [30, 14, 65, 0, 45, 56, 43], [15, 9, 53, 3, 73, 17, 130]];[0.1592920353982301, 0.22540983606557377, 0.45255474452554745, 0.19095477386934673, 0.5367847411444142, 0.22134387351778656, 0.43333333333333335];0.01591187270501836;0.017237662626447627;[[3, 10, 41, 0, 11, 20, 21], [35, 0, 5, 0, 22, 0, 4], [0, 23, 1, 0, 102, 0, 0], [3, 8, 122, 0, 38, 20, 55], [6, 2, 11, 16, 2, 2, 89], [3, 7, 1, 6, 63, 2, 8], [22, 7, 3, 0, 7, 11, 5]];[0.02830188679245283, 0.0, 0.007936507936507936, 0.0, 0.015625, 0.022222222222222223, 0.09090909090909091];28.0;[3, 4, 6, 3, 3, 6, 3]
Cora;own;medoids;0.2;64;0.5;1;0.005;1.0;2140929057.0;0.9142857142857143;0.9187590187590188;[[3, 0, 0, 0, 0, 0, 0], [0, 5, 0, 0, 0, 0, 1], [0, 0, 5, 1, 0, 0, 0], [0, 0, 0, 4, 0, 0, 0], [0, 0, 0, 0, 3, 0, 0], [0, 0, 0, 0, 0, 8, 0], [0, 1, 0, 0, 0, 0, 4]];[1.0, 0.8333333333333334, 0.8333333333333334, 1.0, 1.0, 1.0, 0.8];0.33620689655172414;0.32542932899336013;[[27, 20, 11, 32, 62, 23, 43], [7, 62, 12, 19, 73, 34, 54], [11, 14, 77, 33, 43, 31, 46], [13, 8, 12, 126, 55, 20, 41], [5, 24, 28, 28, 109, 38, 32], [14, 16, 33, 23, 56, 100, 39], [0, 22, 14, 36, 76, 31, 123]];[0.12385321100917432, 0.23754789272030652, 0.30196078431372547, 0.4581818181818182, 0.4128787878787879, 0.35587188612099646, 0.40728476821192056];0.06976744186046512;0.05009032879180302;[[2, 8, 33, 6, 8, 27, 22], [1, 0, 0, 51, 12, 0, 2], [0, 33, 0, 2, 89, 2, 0], [5, 30, 34, 44, 31, 40, 62], [7, 4, 3, 19, 4, 17, 74], [4, 8, 0, 11, 55, 5, 7], [23, 4, 2, 1, 4, 19, 2]];[0.018867924528301886, 0.0, 0.0, 0.17886178861788618, 0.03125, 0.05555555555555555, 0.03636363636363636];35.0;[3, 6, 6, 4, 3, 8, 5]
Cora;own;medoids;0.2;64;0.5;1;0.005;1.0;2140929057.0;0.9285714285714286;0.9266527123669981;[[7, 0, 0, 0, 0, 0, 0], [0, 6, 0, 0, 0, 0, 0], [0, 0, 5, 1, 0, 1, 0], [0, 0, 0, 4, 0, 0, 0], [0, 0, 0, 0, 3, 0, 0], [0, 0, 0, 0, 0, 10, 0], [0, 1, 0, 0, 0, 0, 4]];[1.0, 1.0, 0.7142857142857143, 1.0, 1.0, 1.0, 0.8];0.3656030286641428;0.36537284135626363;[[121, 20, 14, 25, 43, 36, 28], [21, 66, 14, 17, 52, 42, 33], [23, 16, 78, 24, 22, 47, 28], [25, 11, 16, 118, 45, 26, 24], [25, 22, 29, 27, 84, 45, 20], [24, 15, 32, 22, 48, 108, 26], [22, 22, 20, 30, 47, 45, 101]];[0.42160278745644597, 0.2693877551020408, 0.3277310924369748, 0.44528301886792454, 0.3333333333333333, 0.3927272727272727, 0.3519163763066202];0.05385556915544676;0.0459501511551809;[[5, 6, 36, 6, 6, 30, 17], [3, 1, 0, 51, 8, 1, 2], [0, 38, 0, 5, 76, 7, 0], [82, 26, 31, 21, 8, 49, 29], [23, 6, 6, 15, 4, 22, 52], [5, 10, 0, 19, 39, 10, 7], [22, 3, 2, 2, 3, 20, 3]];[0.04716981132075472, 0.015151515151515152, 0.0, 0.08536585365853659, 0.03125, 0.1111111111111111, 0.05454545454545454];42.0;[7, 6, 7, 4, 3, 10, 5]
Cora;own;medoids;0.2;64;0.5;1;0.005;1.0;2140929057.0;0.8979591836734694;0.9038154392191659;[[9, 0, 0, 0, 0, 0, 0], [0, 6, 0, 0, 0, 0, 0], [0, 1, 6, 0, 0, 1, 0], [0, 0, 0, 5, 0, 0, 0], [0, 0, 0, 0, 4, 0, 0], [0, 0, 1, 0, 0, 10, 0], [0, 1, 0, 0, 0, 1, 4]];[1.0, 1.0, 0.75, 1.0, 1.0, 0.9090909090909091, 0.6666666666666666];0.38327904451682954;0.38039086574820485;[[141, 21, 11, 22, 22, 37, 24], [30, 71, 13, 15, 30, 51, 29], [26, 15, 75, 21, 20, 46, 31], [30, 10, 12, 119, 31, 31, 28], [35, 17, 24, 22, 78, 53, 16], [35, 14, 48, 22, 28, 120, 23], [46, 23, 19, 23, 34, 48, 102]];[0.5071942446043165, 0.29707112970711297, 0.32051282051282054, 0.4559386973180077, 0.3183673469387755, 0.41379310344827586, 0.34576271186440677];0.06119951040391677;0.05554953847619628;[[7, 8, 35, 7, 3, 24, 22], [5, 1, 0, 44, 10, 3, 3], [1, 37, 0, 3, 48, 37, 0], [99, 25, 30, 16, 7, 42, 27], [24, 7, 6, 22, 3, 18, 48], [10, 9, 1, 11, 35, 17, 7], [23, 3, 2, 2, 2, 17, 6]];[0.0660377358490566, 0.015151515151515152, 0.0, 0.06504065040650407, 0.0234375, 0.18888888888888888, 0.10909090909090909];49.0;[9, 6, 8, 5, 4, 11, 6]
Cora;own;medoids;0.2;64;0.5;1;0.005;1.0;2140929057.0;0.8928571428571429;0.8967855573967629;[[9, 0, 0, 1, 0, 0, 0], [0, 6, 0, 0, 0, 0, 0], [1, 0, 8, 0, 0, 1, 0], [0, 0, 0, 5, 0, 0, 0], [0, 0, 0, 0, 4, 0, 0], [0, 0, 1, 0, 0, 14, 0], [0, 1, 0, 0, 0, 1, 4]];[0.9, 1.0, 0.8, 1.0, 1.0, 0.9333333333333333, 0.6666666666666666];0.43923705722070844;0.42526144537257776;[[137, 11, 21, 24, 5, 55, 18], [23, 63, 28, 15, 11, 64, 20], [25, 7, 110, 17, 11, 55, 20], [29, 7, 12, 118, 14, 49, 20], [33, 12, 33, 18, 59, 63, 13], [32, 6, 35, 15, 11, 226, 15], [28, 12, 34, 18, 12, 78, 93]];[0.5055350553505535, 0.28125, 0.4489795918367347, 0.4738955823293173, 0.2554112554112554, 0.6647058823529411, 0.3381818181818182];0.05263157894736842;0.04245931125991827;[[6, 4, 32, 4, 2, 43, 15], [4, 1, 1, 41, 10, 6, 3], [2, 19, 1, 3, 13, 88, 0], [72, 24, 66, 12, 7, 41, 24], [19, 8, 16, 15, 2, 27, 41], [13, 8, 3, 15, 26, 20, 5], [22, 3, 3, 4, 2, 20, 1]];[0.05660377358490566, 0.015151515151515152, 0.007936507936507936, 0.04878048780487805, 0.015625, 0.2222222222222222, 0.01818181818181818];56.0;[10, 6, 10, 5, 4, 15, 6]
Cora;own;medoids;0.2;64;0.5;1;0.005;1.0;2140929057.0;0.873015873015873;0.8548701298701299;[[10, 0, 0, 1, 0, 0, 0], [0, 7, 0, 0, 0, 0, 0], [0, 1, 9, 0, 0, 1, 0], [0, 0, 0, 5, 1, 0, 0], [0, 0, 0, 1, 5, 0, 0], [0, 0, 0, 1, 0, 15, 0], [0, 1, 0, 0, 0, 1, 4]];[0.9090909090909091, 1.0, 0.8181818181818182, 0.8333333333333334, 0.8333333333333334, 0.9375, 0.6666666666666666];0.44693654266958427;0.43584758500185006;[[129, 15, 17, 26, 14, 41, 22], [23, 75, 23, 27, 18, 44, 13], [21, 11, 106, 25, 24, 45, 19], [30, 9, 8, 130, 28, 34, 16], [36, 24, 27, 22, 79, 48, 8], [25, 15, 23, 24, 21, 210, 16], [25, 19, 23, 25, 19, 58, 88]];[0.48863636363636365, 0.336322869955157, 0.42231075697211157, 0.5098039215686274, 0.3237704918032787, 0.6287425149700598, 0.3424124513618677];0.06242350061199511;0.052222672066880194;[[4, 4, 27, 7, 18, 38, 8], [9, 4, 3, 31, 11, 4, 4], [1, 40, 0, 1, 19, 65, 0], [62, 17, 61, 26, 12, 38, 30], [20, 10, 14, 24, 4, 19, 37], [12, 11, 3, 20, 26, 12, 6], [22, 3, 2, 5, 10, 12, 1]];[0.03773584905660377, 0.06060606060606061, 0.0, 0.10569105691056911, 0.03125, 0.13333333333333333, 0.01818181818181818];63.0;[11, 7, 11, 6, 6, 16, 6]
Cora;own;medoids;0.2;64;0.5;1;0.005;1.0;2140929057.0;0.9;0.8861401092858895;[[10, 0, 0, 1, 0, 0, 0], [0, 8, 0, 0, 0, 0, 0], [0, 0, 11, 0, 0, 1, 0], [1, 0, 0, 6, 0, 0, 0], [0, 0, 0, 0, 7, 0, 0], [0, 0, 0, 1, 0, 17, 0], [0, 1, 0, 1, 0, 1, 4]];[0.9090909090909091, 1.0, 0.9166666666666666, 0.8571428571428571, 1.0, 0.9444444444444444, 0.5714285714285714];0.4772103239978034;0.4716893855701886;[[121, 19, 17, 26, 15, 34, 22], [18, 113, 24, 26, 18, 39, 14], [15, 20, 120, 15, 22, 33, 14], [27, 12, 9, 131, 30, 29, 12], [23, 29, 30, 29, 95, 35, 6], [27, 23, 26, 15, 23, 197, 18], [18, 25, 27, 24, 19, 45, 92]];[0.4763779527559055, 0.44841269841269843, 0.502092050209205, 0.524, 0.38461538461538464, 0.5987841945288754, 0.368];0.05263157894736842;0.0466365145889005;[[4, 4, 34, 2, 21, 36, 5], [10, 3, 3, 29, 14, 4, 3], [2, 35, 1, 2, 22, 62, 2], [52, 48, 59, 17, 14, 27, 29], [18, 14, 14, 20, 5, 17, 40], [4, 9, 16, 26, 16, 12, 7], [23, 6, 4, 1, 10, 10, 1]];[0.03773584905660377, 0.045454545454545456, 0.007936507936507936, 0.06910569105691057, 0.0390625, 0.13333333333333333, 0.01818181818181818];70.0;[11, 8, 12, 7, 7, 18, 7]


Cora;own;medoids;0.2;64;0.5;1;0.005;1.0;1240197975.0;0.0;0.0;[[]];[];0.03437334743521946;0.0255735405985111;[[0, 43, 78, 78, 1, 2, 43], [0, 8, 122, 6, 1, 1, 13], [3, 26, 31, 11, 0, 0, 221], [2, 61, 351, 18, 3, 41, 96], [1, 57, 110, 38, 2, 7, 83], [5, 71, 56, 43, 5, 2, 26], [7, 31, 58, 25, 0, 0, 4]];[0.0, 0.052980132450331126, 0.10616438356164383, 0.03146853146853147, 0.006711409395973154, 0.009615384615384616, 0.032];0.04528763769889841;0.03262642727913302;[[0, 23, 33, 32, 0, 0, 18], [0, 6, 50, 1, 1, 0, 8], [4, 14, 12, 4, 0, 0, 92], [0, 24, 140, 15, 4, 22, 41], [1, 35, 43, 18, 0, 4, 27], [1, 32, 28, 13, 1, 0, 15], [4, 12, 25, 10, 0, 0, 4]];[0.0, 0.09090909090909091, 0.09523809523809523, 0.06097560975609756, 0.0, 0.0, 0.07272727272727272];0.0;[]
Cora;own;medoids;0.2;64;0.5;1;0.005;1.0;1240197975.0;1.0;1.0;[[2, 0, 0, 0], [0, 1, 0, 0], [0, 0, 2, 0], [0, 0, 0, 2]];[1.0, 1.0, 1.0, 1.0];0.19745222929936307;0.1328357487892243;[[0, 1, 24, 147, 39, 62, 0], [0, 1, 19, 144, 29, 63, 0], [0, 0, 25, 149, 3, 60, 0], [0, 0, 20, 173, 34, 26, 0], [0, 0, 18, 148, 56, 63, 0], [0, 0, 3, 145, 40, 117, 0], [0, 0, 21, 153, 30, 71, 0]];[0.0, 0.00390625, 0.10548523206751055, 0.6837944664031621, 0.19649122807017544, 0.3836065573770492, 0.0];0.1664626682986536;0.0584890356041432;[[0, 0, 0, 101, 0, 5, 0], [0, 0, 1, 44, 0, 21, 0], [0, 0, 0, 17, 93, 16, 0], [0, 0, 3, 131, 2, 110, 0], [0, 0, 6, 92, 0, 30, 0], [0, 0, 59, 26, 0, 5, 0], [0, 0, 1, 42, 0, 12, 0]];[0.0, 0.0, 0.0, 0.532520325203252, 0.0, 0.05555555555555555, 0.0];7.0;[0, 0, 2, 1, 2, 2]
Cora;own;medoids;0.2;64;0.5;1;0.005;1.0;1240197975.0;0.9285714285714286;0.9206349206349206;[[1, 0, 0, 0, 0, 0], [0, 3, 0, 0, 0, 0], [0, 0, 1, 0, 1, 0], [0, 0, 0, 4, 0, 0], [0, 0, 0, 0, 3, 0], [0, 0, 0, 0, 0, 1]];[1.0, 1.0, 0.5, 1.0, 1.0, 1.0];0.23441662226957913;0.1712912264832542;[[20, 0, 14, 41, 116, 78, 3], [12, 0, 19, 43, 121, 54, 0], [10, 0, 27, 44, 78, 73, 0], [0, 0, 13, 74, 114, 40, 3], [18, 0, 10, 33, 187, 58, 1], [10, 0, 10, 46, 112, 128, 1], [10, 0, 16, 48, 106, 82, 4]];[0.07352941176470588, 0.0, 0.11637931034482758, 0.30327868852459017, 0.6091205211726385, 0.4169381107491857, 0.015037593984962405];0.10893512851897184;0.0630778874032469;[[0, 0, 0, 24, 75, 7, 0], [0, 0, 0, 0, 11, 55, 0], [0, 0, 0, 0, 122, 4, 0], [34, 0, 1, 60, 41, 109, 1], [0, 0, 10, 59, 23, 36, 0], [0, 0, 40, 0, 38, 6, 6], [0, 0, 1, 0, 47, 7, 0]];[0.0, 0.0, 0.0, 0.24390243902439024, 0.1796875, 0.06666666666666667, 0.0];14.0;[1, 0, 3, 2, 4, 3, 1]
Cora;own;medoids;0.2;64;0.5;1;0.005;1.0;1240197975.0;0.9047619047619048;0.9209837781266351;[[2, 0, 0, 0, 0, 0, 0], [0, 1, 0, 0, 0, 0, 0], [0, 0, 4, 0, 0, 0, 0], [0, 0, 0, 2, 1, 1, 0], [0, 0, 0, 0, 6, 0, 0], [0, 0, 0, 0, 0, 3, 0], [0, 0, 0, 0, 0, 0, 1]];[1.0, 1.0, 1.0, 0.5, 1.0, 1.0, 1.0];0.2679144385026738;0.2071125700172407;[[20, 6, 12, 61, 96, 65, 4], [7, 17, 14, 55, 105, 49, 0], [7, 2, 27, 59, 75, 57, 1], [0, 1, 5, 121, 99, 35, 2], [10, 3, 16, 40, 194, 46, 1], [7, 2, 6, 59, 107, 119, 0], [9, 5, 12, 66, 94, 69, 3]];[0.07575757575757576, 0.06882591093117409, 0.11842105263157894, 0.4600760456273764, 0.6258064516129033, 0.39666666666666667, 0.011627906976744186];0.1175030599755202;0.06390397736834862;[[0, 0, 0, 31, 71, 4, 0], [5, 0, 1, 0, 13, 47, 0], [0, 0, 0, 2, 121, 3, 0], [21, 2, 9, 79, 40, 93, 2], [0, 9, 7, 77, 9, 26, 0], [2, 0, 32, 14, 28, 8, 6], [0, 0, 1, 2, 44, 8, 0]];[0.0, 0.0, 0.0, 0.32113821138211385, 0.0703125, 0.08888888888888889, 0.0];21.0;[2, 1, 4, 4, 6, 3, 1]
Cora;own;medoids;0.2;64;0.5;1;0.005;1.0;1240197975.0;0.9642857142857143;0.9591836734693878;[[5, 0, 0, 0, 0, 0, 0], [0, 2, 0, 0, 0, 0, 0], [0, 0, 5, 0, 0, 0, 0], [0, 0, 0, 3, 0, 1, 0], [0, 0, 0, 0, 6, 0, 0], [0, 0, 0, 0, 0, 3, 0], [0, 0, 0, 0, 0, 0, 3]];[1.0, 1.0, 1.0, 0.75, 1.0, 1.0, 1.0];0.3027375201288245;0.266946540409868;[[151, 19, 11, 39, 51, 41, 6], [66, 39, 19, 43, 38, 31, 2], [68, 22, 32, 38, 15, 44, 3], [51, 14, 6, 114, 39, 26, 5], [82, 13, 15, 29, 123, 25, 4], [62, 24, 10, 40, 53, 99, 1], [78, 26, 9, 51, 44, 36, 6]];[0.4748427672955975, 0.1638655462184874, 0.14414414414414414, 0.4470588235294118, 0.422680412371134, 0.34256055363321797, 0.024];0.08812729498164015;0.06077095476195373;[[28, 8, 0, 45, 19, 6, 0], [30, 1, 1, 1, 0, 33, 0], [7, 0, 0, 1, 109, 9, 0], [106, 30, 15, 32, 5, 55, 3], [7, 34, 5, 51, 8, 23, 0], [22, 1, 19, 22, 11, 3, 12], [21, 2, 7, 6, 8, 11, 0]];[0.2641509433962264, 0.015151515151515152, 0.0, 0.13008130081300814, 0.0625, 0.03333333333333333, 0.0];28.0;[5, 2, 5, 4, 6, 3, 3]
Cora;own;medoids;0.2;64;0.5;1;0.005;1.0;1240197975.0;1.0;1.0;[[5, 0, 0, 0, 0, 0, 0], [0, 3, 0, 0, 0, 0, 0], [0, 0, 7, 0, 0, 0, 0], [0, 0, 0, 4, 0, 0, 0], [0, 0, 0, 0, 8, 0, 0], [0, 0, 0, 0, 0, 5, 0], [0, 0, 0, 0, 0, 0, 3]];[1.0, 1.0, 1.0, 1.0, 1.0, 1.0, 1.0];0.36530172413793105;0.32478519218197116;[[135, 29, 23, 31, 17, 54, 2], [44, 60, 30, 31, 16, 39, 1], [59, 31, 63, 27, 20, 23, 3], [39, 12, 24, 100, 15, 47, 0], [68, 21, 30, 16, 102, 40, 1], [45, 33, 15, 31, 35, 213, 1], [59, 35, 21, 29, 24, 57, 5]];[0.4639175257731959, 0.27149321266968324, 0.27876106194690264, 0.4219409282700422, 0.3669064748201439, 0.5710455764075067, 0.021739130434782608];0.0832313341493268;0.06506373518932841;[[21, 7, 11, 20, 39, 8, 0], [26, 2, 1, 2, 1, 34, 0], [2, 2, 0, 2, 35, 85, 0], [99, 56, 15, 26, 11, 36, 3], [8, 24, 9, 49, 8, 30, 0], [9, 1, 36, 17, 10, 11, 6], [9, 7, 18, 5, 8, 8, 0]];[0.19811320754716982, 0.030303030303030304, 0.0, 0.10569105691056911, 0.0625, 0.12222222222222222, 0.0];35.0;[5, 3, 7, 4, 8, 5, 3]
Cora;own;medoids;0.2;64;0.5;1;0.005;1.0;1240197975.0;0.9523809523809523;0.9474525474525475;[[7, 0, 0, 0, 0, 0, 0], [0, 6, 0, 0, 0, 0, 0], [0, 0, 6, 0, 0, 0, 1], [0, 0, 0, 4, 0, 0, 0], [0, 0, 0, 0, 8, 0, 0], [0, 0, 0, 0, 0, 5, 0], [0, 0, 0, 0, 0, 1, 4]];[1.0, 1.0, 0.8571428571428571, 1.0, 1.0, 1.0, 0.8];0.3802055164954029;0.35136364156760974;[[146, 25, 12, 27, 24, 63, 12], [39, 84, 13, 30, 12, 45, 11], [55, 33, 44, 20, 19, 27, 20], [40, 13, 9, 97, 15, 48, 7], [65, 19, 13, 16, 97, 37, 15], [40, 37, 6, 21, 32, 212, 12], [56, 35, 12, 27, 18, 66, 23]];[0.47249190938511326, 0.358974358974359, 0.2018348623853211, 0.42358078602620086, 0.3702290076335878, 0.5888888888888889, 0.0970464135021097];0.09791921664626684;0.09067402132963809;[[29, 44, 2, 8, 14, 6, 3], [21, 1, 1, 2, 1, 38, 2], [2, 1, 0, 2, 30, 91, 0], [101, 35, 11, 24, 15, 34, 26], [8, 35, 6, 35, 8, 36, 0], [10, 0, 31, 18, 12, 11, 8], [11, 6, 6, 5, 11, 9, 7]];[0.27358490566037735, 0.015151515151515152, 0.0, 0.0975609756097561, 0.0625, 0.12222222222222222, 0.12727272727272726];42.0;[7, 6, 7, 4, 8, 5, 5]
Cora;own;medoids;0.2;64;0.5;1;0.005;1.0;1240197975.0;0.8367346938775511;0.8341223668954761;[[8, 0, 0, 0, 0, 0, 0], [0, 6, 0, 0, 0, 0, 0], [0, 0, 6, 0, 0, 0, 2], [0, 0, 0, 4, 0, 0, 0], [0, 0, 0, 0, 8, 0, 0], [0, 1, 1, 0, 0, 5, 0], [0, 0, 0, 1, 1, 2, 4]];[1.0, 1.0, 0.75, 1.0, 1.0, 0.7142857142857143, 0.5];0.3794788273615635;0.3471023721484073;[[171, 22, 13, 23, 27, 58, 6], [56, 76, 12, 22, 11, 38, 6], [79, 26, 42, 19, 10, 24, 16], [54, 11, 9, 91, 14, 40, 1], [88, 13, 11, 14, 91, 34, 6], [49, 43, 5, 17, 31, 209, 2], [70, 32, 13, 32, 21, 65, 19]];[0.534375, 0.3438914027149321, 0.19444444444444445, 0.41363636363636364, 0.3540856031128405, 0.5870786516853933, 0.07539682539682539];0.09424724602203183;0.07894917938816096;[[32, 44, 2, 8, 14, 6, 0], [24, 4, 0, 2, 0, 35, 1], [3, 1, 0, 2, 38, 82, 0], [107, 33, 11, 21, 15, 39, 20], [8, 33, 6, 37, 8, 36, 0], [15, 0, 32, 16, 10, 10, 7], [25, 6, 2, 3, 9, 8, 2]];[0.3018867924528302, 0.06060606060606061, 0.0, 0.08536585365853659, 0.0625, 0.1111111111111111, 0.03636363636363636];49.0;[8, 6, 8, 4, 8, 7, 8]
Cora;own;medoids;0.2;64;0.5;1;0.005;1.0;1240197975.0;0.9107142857142857;0.9169681367823782;[[10, 0, 0, 0, 0, 0, 0], [0, 6, 0, 0, 0, 1, 0], [0, 0, 8, 0, 0, 0, 1], [0, 0, 0, 4, 0, 0, 0], [0, 0, 0, 0, 8, 0, 1], [0, 0, 1, 0, 0, 8, 0], [0, 0, 0, 0, 0, 1, 7]];[1.0, 0.8571428571428571, 0.8888888888888888, 1.0, 0.8888888888888888, 0.8888888888888888, 0.875];0.40708446866485015;0.3872183198995551;[[166, 16, 12, 12, 18, 65, 19], [45, 70, 12, 16, 9, 62, 16], [59, 21, 46, 14, 5, 40, 32], [41, 6, 7, 85, 8, 53, 12], [77, 11, 7, 7, 90, 53, 23], [36, 27, 9, 10, 22, 231, 18], [66, 17, 8, 10, 13, 74, 59]];[0.538961038961039, 0.30434782608695654, 0.2119815668202765, 0.4009433962264151, 0.3358208955223881, 0.6543909348441926, 0.2388663967611336];0.08690330477356181;0.06921751689839512;[[35, 37, 3, 6, 12, 10, 3], [16, 1, 1, 1, 0, 43, 4], [0, 1, 0, 2, 35, 86, 2], [78, 23, 13, 19, 6, 62, 45], [6, 30, 8, 32, 7, 34, 11], [28, 0, 23, 1, 9, 9, 20], [41, 2, 1, 0, 4, 7, 0]];[0.330188679245283, 0.015151515151515152, 0.0, 0.07723577235772358, 0.0546875, 0.1, 0.0];56.0;[10, 7, 9, 4, 9, 9, 8]
Cora;own;medoids;0.2;64;0.5;1;0.005;1.0;1240197975.0;0.9206349206349206;0.9219715956558062;[[13, 0, 0, 0, 0, 0, 0], [0, 7, 0, 0, 0, 0, 0], [0, 0, 8, 0, 0, 0, 1], [0, 0, 0, 5, 0, 0, 0], [0, 0, 0, 0, 9, 0, 1], [0, 1, 1, 0, 0, 8, 0], [0, 0, 0, 0, 0, 1, 8]];[1.0, 1.0, 0.8888888888888888, 1.0, 0.9, 0.8, 0.8888888888888888];0.399890590809628;0.3864000410898872;[[212, 18, 10, 16, 31, 48, 12], [59, 72, 11, 14, 15, 50, 9], [63, 21, 47, 17, 8, 31, 22], [55, 9, 8, 89, 14, 45, 8], [86, 10, 4, 10, 101, 44, 15], [49, 30, 8, 10, 25, 146, 15], [76, 12, 7, 11, 21, 70, 64]];[0.6109510086455331, 0.3130434782608696, 0.22488038277511962, 0.39035087719298245, 0.37407407407407406, 0.5159010600706714, 0.24521072796934865];0.06854345165238677;0.05081097158549663;[[33, 35, 3, 9, 12, 14, 0], [32, 2, 1, 1, 5, 22, 3], [2, 1, 0, 1, 60, 62, 0], [113, 16, 15, 10, 12, 36, 44], [9, 33, 6, 29, 8, 35, 8], [38, 0, 17, 17, 10, 3, 5], [41, 2, 4, 0, 4, 4, 0]];[0.3113207547169811, 0.030303030303030304, 0.0, 0.04065040650406504, 0.0625, 0.03333333333333333, 0.0];63.0;[13, 7, 9, 5, 10, 10, 9]
Cora;own;medoids;0.2;64;0.5;1;0.005;1.0;1240197975.0;0.8571428571428571;0.8617067028831736;[[13, 0, 0, 0, 0, 0, 0], [1, 7, 0, 0, 0, 0, 0], [0, 0, 8, 0, 0, 0, 2], [0, 0, 0, 6, 0, 0, 0], [0, 0, 0, 0, 9, 0, 1], [0, 2, 1, 0, 0, 9, 0], [0, 0, 1, 0, 1, 1, 8]];[1.0, 0.875, 0.8, 1.0, 0.9, 0.75, 0.7272727272727273];0.39593629873695774;0.3819582159355938;[[190, 28, 16, 22, 25, 49, 6], [45, 77, 18, 19, 14, 51, 6], [51, 30, 60, 19, 7, 34, 20], [39, 22, 12, 90, 15, 50, 8], [70, 19, 8, 15, 94, 43, 13], [35, 37, 12, 9, 22, 153, 13], [46, 22, 14, 24, 24, 68, 57]];[0.5654761904761905, 0.3347826086956522, 0.27149321266968324, 0.3813559322033898, 0.35877862595419846, 0.5444839857651246, 0.2235294117647059];0.06731946144430845;0.05956074167999822;[[21, 43, 5, 11, 11, 15, 0], [22, 11, 2, 1, 5, 22, 3], [3, 1, 0, 2, 54, 65, 1], [93, 26, 25, 12, 11, 44, 35], [8, 33, 6, 33, 7, 34, 7], [27, 1, 24, 20, 8, 4, 6], [35, 3, 9, 0, 4, 4, 0]];[0.19811320754716982, 0.16666666666666666, 0.0, 0.04878048780487805, 0.0546875, 0.044444444444444446, 0.0];70.0;[13, 8, 10, 6, 10, 12, 11]


Cora;own;medoids;0.2;64;0.5;1;0.005;1.0;784866329.0;0.0;0.0;[[]];[];0.18297197250132205;0.15592243913265516;[[20, 3, 15, 10, 7, 35, 155], [121, 0, 3, 3, 1, 18, 5], [24, 0, 14, 0, 3, 238, 13], [83, 8, 88, 87, 68, 87, 151], [25, 8, 12, 75, 46, 74, 58], [24, 23, 22, 1, 1, 97, 40], [15, 0, 4, 7, 8, 9, 82]];[0.08163265306122448, 0.0, 0.04794520547945205, 0.1520979020979021, 0.15436241610738255, 0.46634615384615385, 0.656];0.18115055079559364;0.15502539777817395;[[8, 1, 3, 5, 0, 29, 60], [54, 0, 1, 1, 0, 6, 4], [13, 1, 4, 0, 0, 103, 5], [33, 6, 33, 41, 27, 41, 65], [6, 2, 5, 29, 23, 33, 30], [8, 11, 11, 2, 1, 39, 18], [8, 0, 2, 4, 1, 7, 33]];[0.07547169811320754, 0.0, 0.031746031746031744, 0.16666666666666666, 0.1796875, 0.43333333333333335, 0.6];0.0;[]
Cora;own;medoids;0.2;64;0.5;1;0.005;1.0;784866329.0;1.0;1.0;[[1, 0, 0, 0, 0], [0, 2, 0, 0, 0], [0, 0, 1, 0, 0], [0, 0, 0, 1, 0], [0, 0, 0, 0, 2]];[1.0, 1.0, 1.0, 1.0, 1.0];0.19585987261146498;0.15484150066536762;[[0, 88, 47, 0, 90, 17, 38], [0, 81, 64, 0, 81, 19, 33], [0, 65, 87, 0, 82, 21, 26], [0, 48, 47, 0, 69, 11, 32], [0, 76, 46, 0, 101, 3, 39], [0, 96, 49, 0, 73, 21, 26], [0, 93, 45, 0, 80, 11, 79]];[0.0, 0.29136690647482016, 0.3096085409252669, 0.0, 0.38113207547169814, 0.07924528301886792, 0.2564935064935065];0.07221542227662178;0.053221830202770555;[[0, 29, 69, 0, 5, 1, 2], [0, 2, 4, 0, 58, 0, 2], [0, 66, 0, 0, 12, 0, 48], [0, 108, 46, 0, 59, 7, 26], [0, 6, 23, 0, 48, 37, 14], [0, 9, 3, 0, 57, 1, 20], [0, 14, 19, 0, 12, 2, 8]];[0.0, 0.030303030303030304, 0.0, 0.0, 0.375, 0.011111111111111112, 0.14545454545454545];7.0;[0, 1, 2, 0, 1, 1, 2]
Cora;own;medoids;0.2;64;0.5;1;0.005;1.0;784866329.0;1.0;1.0;[[3, 0, 0, 0, 0], [0, 2, 0, 0, 0], [0, 0, 3, 0, 0], [0, 0, 0, 2, 0], [0, 0, 0, 0, 4]];[1.0, 1.0, 1.0, 1.0, 1.0];0.22109749600426212;0.17431443419225742;[[0, 110, 10, 1, 58, 18, 71], [0, 118, 14, 3, 47, 32, 70], [0, 96, 43, 0, 44, 27, 66], [0, 56, 18, 0, 52, 14, 55], [0, 86, 15, 0, 93, 5, 67], [0, 109, 17, 0, 53, 41, 50], [0, 117, 21, 0, 42, 18, 120]];[0.0, 0.4154929577464789, 0.15579710144927536, 0.0, 0.34962406015037595, 0.15185185185185185, 0.37735849056603776];0.05018359853121175;0.04095158118614005;[[0, 41, 45, 1, 8, 2, 9], [0, 4, 0, 0, 60, 0, 2], [0, 59, 0, 0, 8, 0, 59], [0, 164, 7, 0, 24, 6, 45], [0, 27, 4, 0, 18, 53, 26], [0, 7, 1, 0, 18, 1, 63], [0, 4, 2, 0, 31, 0, 18]];[0.0, 0.06060606060606061, 0.0, 0.0, 0.140625, 0.011111111111111112, 0.32727272727272727];14.0;[0, 3, 2, 0, 3, 2, 4]
Cora;own;medoids;0.2;64;0.5;1;0.005;1.0;784866329.0;0.9523809523809523;0.9591836734693878;[[2, 0, 0, 0, 0, 0, 0], [0, 5, 0, 0, 0, 0, 0], [0, 0, 3, 0, 0, 0, 0], [0, 0, 0, 1, 0, 0, 0], [0, 0, 1, 0, 3, 0, 0], [0, 0, 0, 0, 0, 2, 0], [0, 0, 0, 0, 0, 0, 4]];[1.0, 1.0, 1.0, 1.0, 0.75, 1.0, 1.0];0.2802139037433155;0.2512823837964719;[[101, 68, 58, 5, 55, 11, 39], [68, 93, 49, 1, 21, 14, 33], [60, 40, 135, 0, 27, 17, 23], [44, 35, 26, 4, 30, 9, 26], [44, 50, 48, 3, 70, 1, 27], [44, 59, 59, 1, 24, 37, 21], [54, 62, 60, 0, 22, 8, 84]];[0.2997032640949555, 0.3333333333333333, 0.4470198675496689, 0.022988505747126436, 0.2880658436213992, 0.1510204081632653, 0.2896551724137931];0.06119951040391677;0.054989642160661746;[[30, 20, 49, 0, 3, 0, 4], [8, 2, 5, 6, 43, 0, 2], [5, 60, 2, 0, 9, 0, 50], [31, 82, 97, 1, 9, 3, 23], [49, 14, 14, 0, 9, 39, 3], [41, 1, 3, 2, 4, 0, 39], [29, 0, 1, 1, 18, 0, 6]];[0.2830188679245283, 0.030303030303030304, 0.015873015873015872, 0.0040650406504065045, 0.0703125, 0.0, 0.10909090909090909];21.0;[2, 5, 3, 1, 4, 2, 4]
Cora;own;medoids;0.2;64;0.5;1;0.005;1.0;784866329.0;1.0;1.0;[[3, 0, 0, 0, 0, 0, 0], [0, 6, 0, 0, 0, 0, 0], [0, 0, 3, 0, 0, 0, 0], [0, 0, 0, 2, 0, 0, 0], [0, 0, 0, 0, 4, 0, 0], [0, 0, 0, 0, 0, 4, 0], [0, 0, 0, 0, 0, 0, 6]];[1.0, 1.0, 1.0, 1.0, 1.0, 1.0, 1.0];0.3247450348899624;0.28945742361561744;[[166, 46, 30, 6, 40, 12, 62], [62, 82, 27, 3, 20, 21, 52], [60, 26, 103, 2, 17, 25, 49], [36, 31, 21, 6, 26, 10, 42], [42, 32, 28, 3, 65, 3, 57], [52, 46, 35, 3, 22, 48, 38], [59, 42, 39, 3, 13, 15, 135]];[0.4585635359116022, 0.30711610486891383, 0.36524822695035464, 0.03488372093023256, 0.2826086956521739, 0.19672131147540983, 0.4411764705882353];0.04773561811505508;0.0408557406719686;[[19, 19, 40, 0, 7, 1, 20], [18, 0, 4, 3, 37, 0, 4], [5, 46, 1, 0, 9, 0, 65], [89, 50, 56, 1, 7, 8, 35], [46, 13, 10, 0, 10, 42, 7], [19, 0, 3, 3, 3, 0, 62], [28, 0, 1, 1, 16, 1, 8]];[0.1792452830188679, 0.0, 0.007936507936507936, 0.0040650406504065045, 0.078125, 0.0, 0.14545454545454545];28.0;[3, 6, 3, 2, 4, 4, 6]
Cora;own;medoids;0.2;64;0.5;1;0.005;1.0;784866329.0;0.9142857142857143;0.9206349206349208;[[4, 0, 0, 0, 0, 0, 0], [0, 7, 0, 0, 0, 0, 0], [0, 0, 4, 0, 0, 0, 0], [0, 0, 0, 2, 0, 0, 0], [0, 1, 0, 0, 4, 0, 0], [1, 0, 0, 0, 0, 4, 0], [0, 0, 0, 0, 1, 0, 7]];[1.0, 1.0, 1.0, 1.0, 0.8, 0.8, 0.875];0.33620689655172414;0.29703705876077136;[[197, 45, 31, 5, 25, 15, 41], [91, 81, 20, 3, 18, 16, 33], [78, 22, 102, 2, 20, 22, 34], [46, 28, 20, 7, 18, 10, 32], [57, 29, 24, 3, 61, 4, 43], [72, 43, 32, 0, 23, 45, 24], [87, 40, 36, 4, 21, 15, 131]];[0.5487465181058496, 0.30916030534351147, 0.36428571428571427, 0.043478260869565216, 0.27601809954751133, 0.18828451882845187, 0.39221556886227543];0.04895960832313342;0.04008188825376362;[[21, 18, 36, 0, 14, 0, 17], [30, 0, 4, 2, 26, 1, 3], [10, 43, 2, 0, 9, 0, 62], [115, 40, 46, 1, 10, 13, 21], [48, 14, 11, 0, 10, 41, 4], [33, 0, 4, 3, 3, 0, 47], [30, 0, 1, 1, 16, 1, 6]];[0.19811320754716982, 0.0, 0.015873015873015872, 0.0040650406504065045, 0.078125, 0.0, 0.10909090909090909];35.0;[4, 7, 4, 2, 5, 5, 8]
Cora;own;medoids;0.2;64;0.5;1;0.005;1.0;784866329.0;0.9047619047619048;0.9194855711883576;[[5, 0, 0, 0, 0, 0, 0], [1, 7, 0, 0, 0, 1, 0], [0, 0, 4, 0, 0, 0, 0], [0, 0, 0, 2, 0, 0, 0], [0, 1, 0, 0, 5, 0, 1], [0, 0, 0, 0, 0, 6, 0], [0, 0, 0, 0, 0, 0, 9]];[1.0, 0.7777777777777778, 1.0, 1.0, 0.7142857142857143, 1.0, 1.0];0.3591130340724716;0.32182030671168144;[[195, 26, 23, 5, 22, 32, 49], [86, 69, 14, 3, 14, 35, 35], [79, 11, 92, 1, 16, 44, 30], [44, 18, 14, 7, 18, 21, 36], [56, 20, 18, 2, 57, 18, 53], [68, 27, 24, 3, 12, 105, 21], [77, 28, 27, 3, 14, 38, 139]];[0.5539772727272727, 0.26953125, 0.336996336996337, 0.04430379746835443, 0.2544642857142857, 0.40384615384615385, 0.4263803680981595];0.04773561811505508;0.039447180913158165;[[21, 13, 33, 0, 12, 11, 16], [30, 0, 5, 4, 23, 0, 4], [19, 32, 2, 1, 6, 6, 60], [118, 26, 37, 1, 3, 41, 20], [42, 12, 3, 0, 5, 60, 6], [20, 0, 4, 3, 6, 1, 56], [22, 0, 0, 2, 21, 1, 9]];[0.19811320754716982, 0.0, 0.015873015873015872, 0.0040650406504065045, 0.0390625, 0.011111111111111112, 0.16363636363636364];42.0;[5, 9, 4, 2, 7, 6, 9]
Cora;own;medoids;0.2;64;0.5;1;0.005;1.0;784866329.0;0.8979591836734694;0.9082095682095683;[[5, 0, 0, 0, 0, 0, 0], [1, 11, 0, 0, 0, 1, 1], [1, 0, 4, 0, 0, 0, 0], [0, 0, 0, 2, 0, 0, 0], [0, 0, 0, 0, 6, 0, 1], [0, 0, 0, 0, 0, 6, 0], [0, 0, 0, 0, 0, 0, 10]];[1.0, 0.7857142857142857, 0.8, 1.0, 0.8571428571428571, 1.0, 1.0];0.3925081433224756;0.34960707217987225;[[160, 62, 18, 6, 22, 21, 29], [74, 201, 22, 3, 15, 29, 24], [57, 51, 86, 1, 19, 26, 22], [37, 31, 14, 7, 15, 17, 22], [45, 46, 19, 2, 56, 5, 33], [48, 58, 23, 2, 9, 79, 14], [50, 61, 27, 5, 8, 27, 134]];[0.5031446540880503, 0.5461956521739131, 0.3282442748091603, 0.04895104895104895, 0.27184466019417475, 0.33905579399141633, 0.42948717948717946];0.04528763769889841;0.043071631122177975;[[12, 29, 32, 0, 11, 7, 15], [23, 9, 6, 3, 18, 0, 7], [0, 95, 1, 0, 0, 0, 30], [84, 76, 35, 1, 4, 26, 20], [42, 19, 4, 0, 6, 51, 6], [25, 7, 4, 4, 6, 0, 44], [14, 5, 0, 1, 26, 1, 8]];[0.11320754716981132, 0.13636363636363635, 0.007936507936507936, 0.0040650406504065045, 0.046875, 0.0, 0.14545454545454545];49.0;[5, 14, 5, 2, 7, 6, 10]
Cora;own;medoids;0.2;64;0.5;1;0.005;1.0;784866329.0;0.9464285714285714;0.9440016402422418;[[6, 0, 0, 0, 0, 0, 0], [0, 13, 0, 0, 0, 1, 0], [1, 0, 4, 0, 0, 0, 0], [0, 0, 0, 4, 0, 0, 0], [0, 0, 0, 0, 7, 0, 1], [0, 0, 0, 0, 0, 9, 0], [0, 0, 0, 0, 0, 0, 10]];[1.0, 0.9285714285714286, 0.8, 1.0, 0.875, 1.0, 1.0];0.4217983651226158;0.39284228062035664;[[159, 48, 17, 16, 19, 27, 33], [56, 211, 15, 12, 12, 30, 19], [58, 35, 84, 11, 17, 32, 23], [33, 31, 12, 27, 12, 16, 19], [37, 46, 13, 11, 57, 9, 29], [47, 46, 21, 7, 6, 94, 21], [50, 52, 24, 10, 6, 23, 142]];[0.49843260188087773, 0.5943661971830986, 0.3230769230769231, 0.18, 0.28217821782178215, 0.3884297520661157, 0.46254071661237783];0.05507955936352509;0.0543300877157243;[[11, 28, 28, 5, 9, 7, 18], [27, 11, 5, 3, 16, 0, 4], [1, 96, 1, 0, 1, 0, 27], [90, 60, 29, 4, 7, 28, 28], [53, 12, 3, 0, 6, 50, 4], [18, 7, 3, 11, 11, 4, 36], [11, 2, 0, 12, 14, 8, 8]];[0.10377358490566038, 0.16666666666666666, 0.007936507936507936, 0.016260162601626018, 0.046875, 0.044444444444444446, 0.14545454545454545];56.0;[6, 14, 5, 4, 8, 9, 10]
Cora;own;medoids;0.2;64;0.5;1;0.005;1.0;784866329.0;0.873015873015873;0.8755960064276496;[[8, 1, 1, 0, 0, 0, 0], [1, 13, 0, 0, 0, 1, 0], [1, 0, 4, 0, 0, 0, 0], [0, 0, 0, 4, 0, 0, 0], [0, 0, 0, 0, 7, 0, 2], [0, 0, 0, 0, 1, 9, 0], [0, 0, 0, 0, 0, 0, 10]];[0.8, 0.8666666666666667, 0.8, 1.0, 0.7777777777777778, 0.9, 1.0];0.4299781181619256;0.40167963705014914;[[188, 49, 12, 12, 22, 25, 28], [71, 206, 12, 10, 11, 28, 15], [73, 27, 76, 10, 18, 28, 19], [36, 30, 7, 28, 12, 14, 21], [42, 42, 12, 9, 60, 10, 30], [62, 36, 14, 6, 6, 93, 17], [64, 48, 15, 9, 10, 20, 135]];[0.5595238095238095, 0.5835694050991501, 0.30278884462151395, 0.1891891891891892, 0.2926829268292683, 0.3974358974358974, 0.4485049833887043];0.05752753977968176;0.05589640189342338;[[13, 27, 23, 7, 10, 8, 18], [26, 12, 5, 2, 17, 0, 4], [2, 96, 1, 0, 1, 0, 26], [114, 56, 18, 3, 6, 23, 26], [55, 13, 2, 0, 6, 47, 5], [22, 8, 2, 11, 12, 4, 31], [15, 1, 0, 9, 15, 7, 8]];[0.12264150943396226, 0.18181818181818182, 0.007936507936507936, 0.012195121951219513, 0.046875, 0.044444444444444446, 0.14545454545454545];63.0;[10, 15, 5, 4, 9, 10, 10]
Cora;own;medoids;0.2;64;0.5;1;0.005;1.0;784866329.0;0.9428571428571428;0.9420116496775536;[[11, 0, 0, 0, 1, 0, 0], [0, 16, 0, 0, 0, 0, 0], [1, 0, 5, 0, 0, 0, 0], [0, 0, 0, 4, 0, 0, 0], [0, 1, 0, 0, 8, 0, 1], [0, 0, 0, 0, 0, 11, 0], [0, 0, 0, 0, 0, 0, 11]];[0.9166666666666666, 1.0, 0.8333333333333334, 1.0, 0.8, 1.0, 1.0];0.4222954420647996;0.3869132121509927;[[184, 42, 8, 4, 25, 25, 28], [68, 218, 7, 8, 17, 26, 21], [69, 27, 56, 8, 23, 26, 26], [37, 30, 9, 26, 14, 16, 14], [51, 43, 13, 9, 59, 9, 27], [63, 43, 19, 5, 4, 88, 20], [69, 48, 16, 7, 13, 15, 138]];[0.5822784810126582, 0.5972602739726027, 0.23829787234042554, 0.1780821917808219, 0.2796208530805687, 0.36363636363636365, 0.45098039215686275];0.05997552019583843;0.05571330436865576;[[15, 29, 18, 9, 11, 8, 16], [33, 13, 1, 0, 15, 0, 4], [7, 93, 0, 0, 1, 0, 25], [104, 59, 9, 3, 9, 23, 39], [55, 11, 3, 0, 6, 46, 7], [20, 7, 4, 7, 16, 8, 28], [19, 2, 0, 6, 14, 10, 4]];[0.14150943396226415, 0.19696969696969696, 0.0, 0.012195121951219513, 0.046875, 0.08888888888888889, 0.07272727272727272];70.0;[12, 16, 6, 4, 10, 11, 11]


Cora;own;medoids;0.2;64;0.5;1;0.005;1.0;1866817562.0;0.0;0.0;[[]];[];0.074034902168165;0.08965067418933821;[[5, 61, 108, 41, 9, 6, 15], [1, 12, 93, 44, 0, 0, 1], [11, 208, 29, 11, 12, 8, 13], [13, 333, 102, 47, 7, 62, 8], [8, 117, 45, 29, 13, 66, 20], [5, 97, 62, 15, 21, 5, 3], [3, 49, 40, 4, 0, 0, 29]];[0.02040816326530612, 0.07947019867549669, 0.09931506849315068, 0.08216783216783216, 0.0436241610738255, 0.02403846153846154, 0.232];0.07588739290085679;0.08665324834763972;[[3, 35, 41, 13, 4, 3, 7], [1, 8, 40, 17, 0, 0, 0], [3, 89, 15, 7, 4, 1, 7], [6, 147, 47, 18, 6, 17, 5], [2, 48, 17, 8, 6, 39, 8], [0, 36, 20, 19, 12, 1, 2], [0, 24, 16, 3, 0, 1, 11]];[0.02830188679245283, 0.12121212121212122, 0.11904761904761904, 0.07317073170731707, 0.046875, 0.011111111111111112, 0.2];0.0;[]
Cora;own;medoids;0.2;64;0.5;1;0.005;1.0;1866817562.0;1.0;1.0;[[3, 0, 0], [0, 3, 0], [0, 0, 1]];[1.0, 1.0, 1.0];0.2213375796178344;0.09690071261398467;[[345, 32, 0, 15, 0, 0, 0], [205, 56, 0, 15, 0, 0, 0], [193, 27, 0, 19, 0, 0, 0], [162, 32, 0, 16, 0, 0, 0], [206, 39, 0, 4, 0, 0, 0], [224, 15, 0, 17, 0, 0, 0], [214, 30, 0, 18, 0, 0, 0]];[0.8801020408163265, 0.2028985507246377, 0.0, 0.0761904761904762, 0.0, 0.0, 0.0];0.13341493268053856;0.054669516790372845;[[93, 8, 0, 5, 0, 0, 0], [58, 7, 0, 1, 0, 0, 0], [121, 5, 0, 0, 0, 0, 0], [232, 5, 0, 9, 0, 0, 0], [109, 3, 0, 16, 0, 0, 0], [28, 62, 0, 0, 0, 0, 0], [37, 18, 0, 0, 0, 0, 0]];[0.8773584905660378, 0.10606060606060606, 0.0, 0.036585365853658534, 0.0, 0.0, 0.0];7.0;[3, 3, 0, 1]
Cora;own;medoids;0.2;64;0.5;1;0.005;1.0;1866817562.0;1.0;1.0;[[4, 0, 0, 0, 0, 0], [0, 6, 0, 0, 0, 0], [0, 0, 1, 0, 0, 0], [0, 0, 0, 1, 0, 0], [0, 0, 0, 0, 1, 0], [0, 0, 0, 0, 0, 1]];[1.0, 1.0, 1.0, 1.0, 1.0, 1.0];0.28129994672349495;0.16199897893239487;[[324, 43, 4, 15, 2, 0, 9], [141, 159, 8, 10, 6, 0, 9], [141, 49, 13, 15, 3, 0, 6], [118, 57, 4, 10, 3, 0, 6], [172, 49, 0, 3, 12, 0, 3], [178, 30, 3, 12, 2, 0, 9], [166, 50, 11, 9, 3, 0, 10]];[0.8161209068010076, 0.4774774774774775, 0.05726872246696035, 0.050505050505050504, 0.0502092050209205, 0.0, 0.040160642570281124];0.10281517747858017;0.051668825254730204;[[60, 39, 0, 2, 0, 0, 5], [52, 13, 0, 1, 0, 0, 0], [121, 5, 0, 0, 0, 0, 0], [191, 26, 2, 11, 7, 0, 9], [67, 40, 10, 4, 0, 0, 7], [21, 64, 0, 0, 5, 0, 0], [19, 36, 0, 0, 0, 0, 0]];[0.5660377358490566, 0.19696969696969696, 0.0, 0.044715447154471545, 0.0, 0.0, 0.0];14.0;[4, 6, 1, 1, 1, 0, 1]
Cora;own;medoids;0.2;64;0.5;1;0.005;1.0;1866817562.0;0.9047619047619048;0.8995331465919703;[[4, 0, 0, 0, 0, 0, 0], [1, 8, 0, 0, 0, 0, 0], [0, 0, 2, 0, 1, 0, 0], [0, 0, 0, 2, 0, 0, 0], [0, 0, 0, 0, 1, 0, 0], [0, 0, 0, 0, 0, 1, 0], [0, 0, 0, 0, 0, 0, 1]];[1.0, 0.8888888888888888, 0.6666666666666666, 1.0, 1.0, 1.0, 1.0];0.29518716577540105;0.2013250606180222;[[276, 50, 20, 5, 1, 27, 11], [104, 178, 16, 5, 2, 29, 6], [94, 55, 29, 7, 11, 31, 8], [66, 68, 11, 11, 1, 31, 3], [119, 60, 3, 1, 10, 38, 3], [126, 40, 14, 5, 2, 41, 7], [118, 57, 15, 6, 4, 38, 7]];[0.7076923076923077, 0.5235294117647059, 0.12340425531914893, 0.05759162303664921, 0.042735042735042736, 0.17446808510638298, 0.02857142857142857];0.0832313341493268;0.05436062055975312;[[38, 46, 3, 2, 1, 14, 2], [15, 17, 0, 0, 0, 33, 1], [121, 5, 0, 0, 0, 0, 0], [152, 32, 5, 7, 9, 33, 8], [29, 38, 32, 1, 0, 23, 5], [13, 65, 2, 0, 4, 6, 0], [17, 38, 0, 0, 0, 0, 0]];[0.3584905660377358, 0.25757575757575757, 0.0, 0.028455284552845527, 0.0, 0.06666666666666667, 0.0];21.0;[4, 9, 3, 2, 1, 1, 1]
Cora;own;medoids;0.2;64;0.5;1;0.005;1.0;1866817562.0;0.8928571428571429;0.8603174603174605;[[4, 0, 1, 0, 0, 0, 0], [0, 11, 0, 0, 0, 0, 0], [0, 0, 4, 0, 1, 0, 0], [0, 0, 0, 2, 0, 0, 0], [0, 0, 0, 0, 2, 0, 0], [0, 0, 0, 0, 1, 1, 0], [0, 0, 0, 0, 0, 0, 1]];[0.8, 1.0, 0.8, 1.0, 1.0, 0.5, 1.0];0.33601717659688674;0.23926620460580203;[[241, 87, 23, 6, 2, 13, 9], [73, 237, 27, 8, 6, 10, 5], [57, 85, 87, 6, 11, 12, 10], [50, 92, 21, 10, 0, 1, 3], [72, 73, 37, 4, 14, 14, 6], [84, 66, 30, 4, 5, 24, 10], [68, 79, 41, 6, 10, 11, 13]];[0.6325459317585301, 0.6475409836065574, 0.3246268656716418, 0.05649717514124294, 0.06363636363636363, 0.10762331838565023, 0.05701754385964912];0.09424724602203183;0.058836265482476995;[[25, 36, 41, 1, 0, 1, 2], [12, 41, 8, 1, 0, 4, 0], [119, 6, 0, 0, 0, 1, 0], [94, 54, 34, 11, 12, 31, 10], [15, 87, 17, 2, 0, 0, 7], [12, 75, 0, 0, 3, 0, 0], [12, 43, 0, 0, 0, 0, 0]];[0.2358490566037736, 0.6212121212121212, 0.0, 0.044715447154471545, 0.0, 0.0, 0.0];28.0;[5, 11, 5, 2, 2, 2, 1]
Cora;own;medoids;0.2;64;0.5;1;0.005;1.0;1866817562.0;0.8857142857142857;0.8485347985347985;[[6, 0, 0, 0, 0, 0, 0], [0, 11, 0, 0, 0, 0, 0], [0, 0, 4, 0, 0, 0, 1], [0, 0, 0, 3, 0, 0, 0], [1, 0, 0, 0, 3, 0, 0], [0, 0, 1, 0, 1, 2, 0], [0, 0, 0, 0, 0, 0, 2]];[1.0, 1.0, 0.8, 1.0, 0.75, 0.5, 1.0];0.3857758620689655;0.31610263813093437;[[234, 45, 13, 10, 5, 54, 13], [66, 203, 25, 8, 7, 30, 14], [42, 39, 86, 14, 5, 48, 20], [45, 50, 13, 12, 3, 27, 10], [61, 25, 25, 10, 22, 47, 12], [70, 32, 22, 11, 13, 127, 7], [64, 40, 32, 7, 9, 47, 32]];[0.6256684491978609, 0.5750708215297451, 0.33858267716535434, 0.075, 0.10891089108910891, 0.450354609929078, 0.13852813852813853];0.06976744186046512;0.05512226303388705;[[25, 31, 41, 2, 0, 2, 5], [7, 6, 0, 1, 0, 52, 0], [117, 5, 0, 0, 0, 4, 0], [81, 21, 18, 17, 14, 86, 9], [15, 74, 18, 3, 0, 7, 11], [13, 43, 1, 0, 0, 8, 25], [7, 33, 1, 2, 9, 2, 1]];[0.2358490566037736, 0.09090909090909091, 0.0, 0.06910569105691057, 0.0, 0.08888888888888889, 0.01818181818181818];35.0;[6, 11, 5, 3, 4, 4, 2]
Cora;own;medoids;0.2;64;0.5;1;0.005;1.0;1866817562.0;0.9047619047619048;0.8966026726896291;[[7, 0, 0, 0, 1, 0, 0], [0, 11, 0, 0, 0, 0, 0], [0, 1, 4, 0, 0, 0, 1], [0, 0, 0, 3, 0, 0, 0], [0, 0, 0, 0, 5, 0, 0], [0, 0, 0, 0, 0, 5, 0], [0, 0, 1, 0, 0, 0, 3]];[0.875, 1.0, 0.6666666666666666, 1.0, 1.0, 1.0, 0.75];0.41914548404542995;0.3676053400346106;[[235, 45, 13, 3, 5, 26, 36], [55, 195, 31, 12, 3, 6, 38], [38, 37, 94, 9, 5, 25, 49], [43, 37, 17, 19, 4, 17, 18], [53, 19, 26, 9, 26, 15, 48], [60, 28, 27, 7, 3, 99, 45], [61, 40, 34, 5, 3, 19, 107]];[0.6473829201101928, 0.5735294117647058, 0.3657587548638132, 0.12258064516129032, 0.1326530612244898, 0.3680297397769517, 0.39776951672862454];0.06364749082007344;0.055214414885282635;[[22, 27, 42, 7, 0, 3, 5], [7, 4, 0, 1, 1, 53, 0], [117, 6, 0, 0, 0, 1, 2], [71, 22, 24, 14, 4, 24, 87], [13, 72, 26, 1, 0, 2, 14], [12, 33, 4, 0, 6, 9, 26], [7, 27, 1, 6, 10, 1, 3]];[0.20754716981132076, 0.06060606060606061, 0.0, 0.056910569105691054, 0.0, 0.1, 0.05454545454545454];42.0;[8, 11, 6, 3, 5, 5, 4]
Cora;own;medoids;0.2;64;0.5;1;0.005;1.0;1866817562.0;0.8979591836734694;0.8906023948040753;[[8, 0, 0, 0, 1, 0, 0], [0, 12, 0, 0, 0, 0, 0], [0, 0, 5, 0, 0, 1, 1], [0, 0, 0, 3, 0, 0, 0], [0, 0, 0, 0, 6, 1, 0], [0, 0, 0, 0, 0, 5, 0], [0, 0, 1, 0, 0, 0, 5]];[0.8888888888888888, 1.0, 0.7142857142857143, 1.0, 0.8571428571428571, 1.0, 0.8333333333333334];0.43268186753528776;0.38158887434199296;[[229, 41, 21, 0, 9, 28, 38], [53, 200, 30, 4, 8, 7, 38], [31, 36, 99, 5, 12, 29, 41], [42, 35, 20, 14, 5, 18, 14], [57, 26, 28, 3, 40, 16, 35], [57, 28, 26, 3, 13, 93, 42], [47, 38, 33, 4, 8, 16, 122]];[0.6256830601092896, 0.5882352941176471, 0.391304347826087, 0.0945945945945946, 0.1951219512195122, 0.3549618320610687, 0.4552238805970149];0.06119951040391677;0.05513472317438873;[[23, 29, 42, 4, 2, 3, 3], [6, 5, 0, 1, 1, 52, 1], [116, 7, 0, 0, 0, 0, 3], [68, 21, 21, 9, 28, 16, 83], [6, 59, 32, 1, 0, 2, 28], [12, 34, 5, 0, 6, 9, 24], [9, 30, 1, 1, 10, 0, 4]];[0.2169811320754717, 0.07575757575757576, 0.0, 0.036585365853658534, 0.0, 0.1, 0.07272727272727272];49.0;[9, 12, 7, 3, 7, 5, 6]
Cora;own;medoids;0.2;64;0.5;1;0.005;1.0;1866817562.0;0.8392857142857143;0.826804288148826;[[8, 1, 0, 0, 1, 0, 1], [0, 12, 1, 0, 0, 0, 0], [0, 0, 6, 0, 0, 1, 1], [1, 0, 0, 3, 0, 0, 1], [0, 0, 0, 0, 8, 0, 0], [0, 0, 0, 0, 0, 5, 0], [0, 0, 1, 0, 0, 0, 5]];[0.7272727272727273, 0.9230769230769231, 0.75, 0.6, 1.0, 1.0, 0.8333333333333334];0.41634877384196184;0.373851323185916;[[219, 53, 21, 3, 8, 22, 38], [49, 182, 39, 3, 10, 4, 32], [39, 35, 111, 5, 12, 41, 53], [45, 36, 24, 15, 5, 15, 19], [58, 24, 33, 1, 46, 10, 24], [55, 29, 34, 3, 11, 85, 33], [44, 36, 42, 3, 9, 11, 106]];[0.6016483516483516, 0.5705329153605015, 0.375, 0.09433962264150944, 0.23469387755102042, 0.34, 0.42231075697211157];0.06242350061199511;0.05635351234722761;[[22, 28, 41, 4, 4, 3, 4], [7, 4, 0, 1, 1, 52, 1], [115, 5, 2, 0, 1, 0, 3], [70, 21, 33, 11, 29, 19, 63], [3, 49, 32, 2, 0, 1, 41], [14, 35, 7, 0, 6, 8, 20], [10, 29, 1, 1, 10, 0, 4]];[0.20754716981132076, 0.06060606060606061, 0.015873015873015872, 0.044715447154471545, 0.0, 0.08888888888888889, 0.07272727272727272];56.0;[11, 13, 8, 5, 8, 5, 6]
Cora;own;medoids;0.2;64;0.5;1;0.005;1.0;1866817562.0;0.873015873015873;0.8614555712953883;[[10, 0, 0, 0, 1, 0, 0], [1, 13, 0, 0, 0, 0, 0], [1, 0, 8, 0, 0, 0, 1], [0, 0, 0, 6, 0, 0, 0], [0, 0, 0, 0, 8, 1, 0], [0, 0, 1, 0, 0, 4, 1], [0, 0, 0, 0, 0, 1, 6]];[0.9090909090909091, 0.9285714285714286, 0.8, 1.0, 0.8888888888888888, 0.6666666666666666, 0.8571428571428571];0.43326039387308535;0.3975691882521871;[[218, 37, 36, 11, 9, 10, 31], [36, 173, 49, 8, 11, 2, 30], [30, 33, 165, 11, 12, 18, 45], [35, 21, 31, 38, 6, 10, 18], [44, 18, 46, 5, 47, 7, 25], [50, 21, 53, 7, 11, 47, 32], [37, 24, 63, 7, 11, 35, 104]];[0.6193181818181818, 0.5598705501618123, 0.5254777070063694, 0.2389937106918239, 0.24479166666666666, 0.21266968325791855, 0.3701067615658363];0.06609547123623011;0.06082980701029859;[[18, 20, 48, 6, 4, 2, 8], [5, 4, 2, 1, 1, 40, 13], [100, 8, 5, 8, 2, 0, 3], [58, 16, 65, 16, 28, 7, 56], [10, 38, 45, 11, 0, 1, 23], [13, 29, 5, 0, 6, 5, 32], [10, 25, 2, 1, 11, 0, 6]];[0.16981132075471697, 0.06060606060606061, 0.03968253968253968, 0.06504065040650407, 0.0, 0.05555555555555555, 0.10909090909090909];63.0;[11, 14, 10, 6, 9, 6, 7]
Cora;own;medoids;0.2;64;0.5;1;0.005;1.0;1866817562.0;0.8;0.7817917714469438;[[10, 0, 0, 0, 1, 0, 0], [1, 13, 1, 0, 0, 0, 0], [1, 1, 8, 1, 0, 0, 1], [1, 0, 0, 6, 0, 1, 1], [0, 0, 0, 0, 9, 0, 0], [0, 0, 1, 0, 1, 4, 1], [0, 0, 0, 0, 0, 1, 6]];[0.9090909090909091, 0.8666666666666667, 0.6666666666666666, 0.6666666666666666, 1.0, 0.5714285714285714, 0.8571428571428571];0.414607358594179;0.37635041397048014;[[216, 33, 31, 12, 9, 15, 27], [42, 164, 46, 7, 11, 4, 25], [34, 36, 160, 10, 14, 25, 38], [49, 27, 31, 37, 7, 45, 15], [45, 20, 36, 4, 50, 12, 25], [53, 18, 45, 5, 12, 38, 26], [40, 22, 54, 8, 15, 33, 90]];[0.6297376093294461, 0.5484949832775919, 0.5047318611987381, 0.17535545023696683, 0.2604166666666667, 0.19289340101522842, 0.3435114503816794];0.06119951040391677;0.05595048845902747;[[19, 25, 44, 6, 4, 3, 5], [5, 4, 2, 3, 1, 48, 3], [100, 8, 5, 8, 2, 0, 3], [60, 14, 58, 12, 32, 16, 54], [13, 32, 46, 11, 0, 2, 24], [13, 34, 6, 1, 6, 6, 24], [10, 28, 2, 1, 10, 0, 4]];[0.1792452830188679, 0.06060606060606061, 0.03968253968253968, 0.04878048780487805, 0.0, 0.06666666666666667, 0.07272727272727272];70.0;[11, 15, 12, 9, 9, 7, 7]


Cora;own;medoids;0.2;64;0.5;1;0.005;1.0;503786444.0;0.0;0.0;[[]];[];0.12427287149656266;0.11199862892037449;[[25, 103, 3, 77, 26, 9, 2], [33, 27, 8, 21, 61, 1, 0], [99, 47, 17, 15, 94, 16, 4], [14, 166, 9, 99, 229, 36, 19], [21, 87, 21, 74, 39, 18, 38], [13, 96, 6, 52, 16, 24, 1], [11, 76, 2, 20, 12, 0, 4]];[0.10204081632653061, 0.17880794701986755, 0.05821917808219178, 0.17307692307692307, 0.13087248322147652, 0.11538461538461539, 0.032];0.12607099143206854;0.11750394675322111;[[9, 47, 2, 29, 11, 7, 1], [18, 11, 0, 9, 27, 1, 0], [36, 20, 12, 9, 39, 7, 3], [5, 84, 3, 41, 87, 17, 9], [7, 34, 5, 37, 16, 11, 18], [5, 46, 2, 14, 7, 13, 3], [4, 17, 2, 14, 17, 0, 1]];[0.08490566037735849, 0.16666666666666666, 0.09523809523809523, 0.16666666666666666, 0.125, 0.14444444444444443, 0.01818181818181818];0.0;[]
Cora;own;medoids;0.2;64;0.5;1;0.005;1.0;503786444.0;1.0;1.0;[[1, 0, 0, 0], [0, 3, 0, 0], [0, 0, 1, 0], [0, 0, 0, 2]];[1.0, 1.0, 1.0, 1.0];0.24522292993630573;0.16764917477383204;[[141, 63, 0, 0, 0, 59, 63], [75, 127, 0, 0, 0, 54, 48], [48, 98, 0, 0, 0, 57, 41], [67, 89, 0, 0, 0, 18, 19], [70, 84, 0, 0, 1, 36, 29], [75, 78, 0, 0, 0, 55, 52], [83, 68, 0, 0, 0, 48, 138]];[0.4325153374233129, 0.41776315789473684, 0.0, 0.0, 0.004545454545454545, 0.21153846153846154, 0.4094955489614243];0.014687882496940025;0.009252242010862702;[[11, 84, 0, 0, 0, 6, 5], [63, 1, 0, 0, 0, 0, 2], [100, 16, 0, 0, 0, 5, 5], [22, 26, 0, 0, 0, 90, 108], [29, 22, 0, 0, 0, 20, 57], [41, 47, 0, 0, 0, 0, 2], [5, 50, 0, 0, 0, 0, 0]];[0.10377358490566038, 0.015151515151515152, 0.0, 0.0, 0.0, 0.0, 0.0];7.0;[1, 3, 0, 0, 0, 1, 2]
Cora;own;medoids;0.2;64;0.5;1;0.005;1.0;503786444.0;0.9285714285714286;0.9555555555555556;[[1, 0, 0, 0, 0, 0, 0], [0, 4, 0, 0, 0, 0, 1], [0, 0, 2, 0, 0, 0, 0], [0, 0, 0, 1, 0, 0, 0], [0, 0, 0, 0, 2, 0, 0], [0, 0, 0, 0, 0, 1, 0], [0, 0, 0, 0, 0, 0, 2]];[1.0, 0.8, 1.0, 1.0, 1.0, 1.0, 1.0];0.31326584976025573;0.2833719724343132;[[103, 49, 10, 2, 35, 46, 58], [27, 110, 10, 4, 43, 37, 46], [33, 91, 37, 3, 12, 46, 40], [28, 79, 12, 10, 35, 8, 10], [29, 86, 7, 1, 144, 23, 27], [27, 65, 2, 1, 44, 52, 43], [29, 56, 11, 2, 39, 33, 132]];[0.33993399339933994, 0.3971119133574007, 0.14122137404580154, 0.054945054945054944, 0.45425867507886436, 0.2222222222222222, 0.4370860927152318];0.02692778457772338;0.023728054962118862;[[7, 82, 0, 0, 8, 5, 4], [59, 1, 0, 0, 4, 0, 2], [8, 4, 0, 0, 111, 1, 2], [14, 25, 11, 0, 13, 78, 105], [18, 23, 1, 9, 13, 21, 43], [25, 27, 28, 1, 8, 0, 1], [2, 49, 2, 0, 1, 0, 1]];[0.0660377358490566, 0.015151515151515152, 0.0, 0.0, 0.1015625, 0.0, 0.01818181818181818];14.0;[1, 5, 2, 1, 2, 1, 2]
Cora;own;medoids;0.2;64;0.5;1;0.005;1.0;503786444.0;0.8095238095238095;0.8117913832199546;[[1, 0, 0, 0, 0, 0, 0], [0, 4, 0, 0, 0, 0, 1], [0, 0, 2, 0, 0, 0, 0], [1, 0, 0, 4, 0, 0, 0], [0, 0, 0, 0, 2, 0, 0], [0, 0, 0, 0, 0, 2, 0], [0, 0, 0, 0, 2, 0, 2]];[1.0, 0.8, 1.0, 0.8, 1.0, 1.0, 0.5];0.3181818181818182;0.3085064918698072;[[88, 14, 8, 87, 34, 21, 31], [16, 65, 9, 86, 44, 26, 23], [21, 42, 37, 91, 9, 27, 22], [21, 36, 10, 118, 36, 13, 15], [17, 36, 7, 59, 145, 13, 17], [21, 23, 2, 81, 43, 39, 23], [20, 19, 12, 86, 35, 19, 103]];[0.31095406360424027, 0.241635687732342, 0.14859437751004015, 0.4738955823293173, 0.4931972789115646, 0.16810344827586207, 0.35034013605442177];0.09302325581395349;0.05053767885616486;[[8, 43, 0, 44, 5, 2, 4], [57, 0, 0, 1, 6, 0, 2], [0, 2, 0, 1, 123, 0, 0], [13, 10, 11, 67, 13, 63, 69], [11, 9, 1, 81, 1, 2, 23], [10, 17, 29, 28, 6, 0, 0], [1, 19, 2, 30, 3, 0, 0]];[0.07547169811320754, 0.0, 0.0, 0.27235772357723576, 0.0078125, 0.0, 0.0];21.0;[1, 5, 2, 5, 2, 2, 4]
Cora;own;medoids;0.2;64;0.5;1;0.005;1.0;503786444.0;0.8571428571428571;0.8410946196660483;[[3, 0, 0, 1, 0, 0, 0], [0, 7, 0, 0, 0, 0, 0], [0, 0, 2, 0, 0, 0, 0], [0, 0, 0, 5, 0, 0, 0], [0, 0, 0, 0, 3, 0, 0], [0, 0, 0, 0, 0, 2, 0], [0, 0, 1, 0, 2, 0, 2]];[0.75, 1.0, 1.0, 1.0, 1.0, 1.0, 0.4];0.3601717659688674;0.34013361452100893;[[137, 20, 9, 66, 37, 10, 25], [29, 94, 18, 68, 47, 11, 13], [32, 49, 43, 62, 16, 16, 20], [19, 39, 18, 111, 35, 3, 14], [27, 42, 12, 37, 161, 6, 18], [37, 27, 3, 53, 47, 29, 18], [36, 26, 19, 54, 45, 9, 96]];[0.4506578947368421, 0.3357142857142857, 0.18067226890756302, 0.46443514644351463, 0.5313531353135313, 0.13551401869158877, 0.3368421052631579];0.11138310893512852;0.06514962083163568;[[11, 55, 1, 23, 10, 2, 4], [55, 1, 0, 1, 7, 0, 2], [0, 2, 0, 1, 123, 0, 0], [44, 15, 12, 75, 16, 32, 52], [26, 12, 1, 64, 4, 0, 21], [9, 21, 33, 18, 9, 0, 0], [1, 22, 4, 24, 4, 0, 0]];[0.10377358490566038, 0.015151515151515152, 0.0, 0.3048780487804878, 0.03125, 0.0, 0.0];28.0;[4, 7, 2, 5, 3, 2, 5]
Cora;own;medoids;0.2;64;0.5;1;0.005;1.0;503786444.0;1.0;1.0;[[4, 0, 0, 0, 0, 0, 0], [0, 8, 0, 0, 0, 0, 0], [0, 0, 4, 0, 0, 0, 0], [0, 0, 0, 6, 0, 0, 0], [0, 0, 0, 0, 4, 0, 0], [0, 0, 0, 0, 0, 2, 0], [0, 0, 0, 0, 0, 0, 7]];[1.0, 1.0, 1.0, 1.0, 1.0, 1.0, 1.0];0.3949353448275862;0.3749937672177616;[[138, 16, 7, 55, 30, 6, 35], [33, 102, 10, 68, 35, 8, 27], [29, 40, 51, 71, 13, 8, 23], [23, 38, 9, 121, 34, 0, 25], [16, 33, 8, 54, 161, 5, 20], [43, 27, 3, 46, 45, 28, 18], [40, 21, 9, 52, 35, 5, 132]];[0.4808362369337979, 0.36042402826855124, 0.2170212765957447, 0.484, 0.5420875420875421, 0.13333333333333333, 0.4489795918367347];0.11260709914320685;0.06575575736939587;[[8, 54, 1, 24, 12, 2, 5], [53, 1, 0, 3, 7, 0, 2], [0, 1, 1, 1, 118, 0, 5], [57, 15, 11, 81, 16, 26, 40], [34, 11, 0, 37, 1, 0, 45], [7, 20, 24, 23, 7, 0, 9], [0, 27, 2, 22, 4, 0, 0]];[0.07547169811320754, 0.015151515151515152, 0.007936507936507936, 0.32926829268292684, 0.0078125, 0.0, 0.0];35.0;[4, 8, 4, 6, 4, 2, 7]
Cora;own;medoids;0.2;64;0.5;1;0.005;1.0;503786444.0;0.9285714285714286;0.9207078782930175;[[5, 0, 0, 0, 0, 0, 0], [1, 8, 0, 0, 0, 0, 0], [0, 0, 5, 0, 0, 0, 0], [0, 0, 0, 6, 0, 0, 0], [0, 0, 0, 0, 4, 0, 0], [0, 0, 0, 1, 0, 2, 0], [1, 0, 0, 0, 0, 0, 9]];[1.0, 0.8888888888888888, 1.0, 1.0, 1.0, 0.6666666666666666, 0.9];0.40562466197944835;0.3821761429368638;[[144, 17, 9, 61, 24, 4, 40], [33, 98, 10, 63, 33, 4, 35], [31, 34, 52, 63, 9, 5, 33], [23, 31, 8, 111, 28, 0, 32], [24, 27, 5, 47, 156, 3, 23], [37, 25, 6, 49, 38, 26, 28], [49, 17, 11, 46, 31, 3, 163]];[0.4816053511705686, 0.35507246376811596, 0.2290748898678414, 0.47639484978540775, 0.5473684210526316, 0.12440191387559808, 0.509375];0.11505507955936352;0.07194350062762585;[[10, 53, 3, 26, 5, 0, 9], [50, 1, 0, 5, 7, 0, 3], [1, 1, 2, 2, 114, 0, 6], [64, 10, 18, 78, 14, 18, 44], [31, 10, 0, 26, 0, 0, 61], [13, 15, 19, 21, 5, 0, 17], [1, 24, 2, 22, 3, 0, 3]];[0.09433962264150944, 0.015151515151515152, 0.015873015873015872, 0.3170731707317073, 0.0, 0.0, 0.05454545454545454];42.0;[5, 9, 5, 6, 4, 3, 10]
Cora;own;medoids;0.2;64;0.5;1;0.005;1.0;503786444.0;0.9591836734693877;0.9604554865424431;[[5, 0, 0, 0, 0, 0, 0], [0, 10, 0, 0, 0, 0, 0], [1, 0, 7, 0, 0, 0, 0], [0, 0, 0, 6, 0, 0, 0], [0, 0, 0, 0, 4, 0, 0], [0, 0, 0, 0, 0, 4, 0], [1, 0, 0, 0, 0, 0, 11]];[1.0, 1.0, 0.875, 1.0, 1.0, 1.0, 0.9166666666666666];0.44516829533116176;0.4312188928066095;[[130, 7, 18, 50, 22, 3, 45], [17, 97, 29, 56, 29, 10, 38], [22, 24, 112, 44, 3, 13, 39], [13, 23, 26, 115, 16, 1, 28], [17, 20, 38, 32, 147, 7, 20], [25, 20, 25, 33, 28, 40, 37], [35, 9, 26, 41, 25, 8, 179]];[0.4727272727272727, 0.35144927536231885, 0.4357976653696498, 0.5180180180180181, 0.5231316725978647, 0.19230769230769232, 0.5541795665634675];0.10159118727050184;0.06556027362404726;[[4, 35, 41, 14, 1, 4, 7], [47, 0, 2, 5, 0, 3, 9], [2, 1, 4, 5, 103, 3, 8], [37, 28, 25, 72, 18, 25, 41], [17, 3, 4, 23, 0, 0, 81], [14, 14, 23, 21, 4, 0, 14], [0, 20, 21, 10, 1, 0, 3]];[0.03773584905660377, 0.0, 0.031746031746031744, 0.2926829268292683, 0.0, 0.0, 0.05454545454545454];49.0;[5, 10, 8, 6, 4, 4, 12]
Cora;own;medoids;0.2;64;0.5;1;0.005;1.0;503786444.0;0.9464285714285714;0.9426928259226396;[[6, 1, 0, 1, 0, 0, 0], [0, 11, 0, 0, 0, 0, 0], [0, 0, 8, 0, 0, 0, 0], [0, 0, 0, 7, 0, 0, 0], [0, 0, 0, 0, 4, 0, 0], [0, 0, 0, 0, 0, 4, 0], [0, 0, 0, 0, 1, 0, 13]];[0.75, 1.0, 1.0, 1.0, 1.0, 1.0, 0.9285714285714286];0.44686648501362397;0.4309015106664125;[[137, 17, 16, 43, 21, 6, 42], [20, 102, 27, 44, 29, 14, 38], [25, 29, 100, 43, 4, 15, 37], [10, 30, 20, 117, 11, 3, 28], [23, 20, 29, 30, 144, 9, 22], [24, 15, 22, 36, 28, 38, 41], [30, 17, 26, 36, 27, 8, 182]];[0.4858156028368794, 0.3722627737226277, 0.3952569169960474, 0.5342465753424658, 0.51985559566787, 0.18627450980392157, 0.558282208588957];0.09914320685434516;0.0641315412287994;[[6, 37, 34, 15, 1, 5, 8], [45, 0, 2, 5, 2, 3, 9], [1, 1, 3, 7, 101, 6, 7], [44, 22, 26, 70, 20, 24, 40], [19, 2, 3, 20, 0, 4, 80], [7, 25, 20, 23, 3, 0, 12], [0, 20, 19, 12, 1, 1, 2]];[0.05660377358490566, 0.0, 0.023809523809523808, 0.2845528455284553, 0.0, 0.0, 0.03636363636363636];56.0;[8, 11, 8, 7, 4, 4, 14]
Cora;own;medoids;0.2;64;0.5;1;0.005;1.0;503786444.0;0.9206349206349206;0.9226949049432236;[[8, 0, 0, 1, 0, 0, 0], [0, 11, 1, 0, 0, 0, 0], [0, 0, 8, 0, 0, 0, 0], [0, 2, 0, 8, 0, 0, 0], [0, 0, 0, 0, 5, 0, 0], [0, 0, 0, 0, 0, 4, 1], [0, 0, 0, 0, 0, 0, 14]];[0.8888888888888888, 0.9166666666666666, 1.0, 0.8, 1.0, 0.8, 1.0];0.4387308533916849;0.4266205258684287;[[119, 14, 15, 48, 17, 5, 37], [18, 104, 20, 54, 28, 13, 37], [20, 29, 98, 53, 5, 17, 27], [8, 36, 20, 120, 12, 5, 22], [19, 21, 30, 37, 142, 9, 21], [43, 15, 17, 50, 27, 42, 38], [24, 16, 23, 44, 22, 10, 177]];[0.4666666666666667, 0.3795620437956204, 0.39357429718875503, 0.5381165919282511, 0.5089605734767025, 0.1810344827586207, 0.560126582278481];0.10159118727050184;0.06129742936441708;[[5, 38, 34, 13, 1, 9, 6], [41, 0, 2, 9, 2, 5, 7], [2, 1, 3, 11, 91, 8, 10], [46, 20, 21, 74, 20, 24, 41], [16, 2, 3, 37, 0, 2, 68], [10, 27, 19, 22, 1, 0, 11], [0, 22, 18, 13, 1, 0, 1]];[0.04716981132075472, 0.0, 0.023809523809523808, 0.3008130081300813, 0.0, 0.0, 0.01818181818181818];63.0;[9, 12, 8, 10, 5, 5, 14]
Cora;own;medoids;0.2;64;0.5;1;0.005;1.0;503786444.0;0.8571428571428571;0.8448139579718527;[[8, 0, 0, 2, 0, 0, 0], [1, 11, 1, 0, 0, 0, 0], [0, 0, 8, 0, 0, 1, 0], [0, 1, 0, 8, 0, 1, 0], [0, 1, 0, 0, 5, 0, 0], [0, 0, 1, 0, 1, 6, 0], [0, 0, 0, 0, 0, 0, 14]];[0.8, 0.8461538461538461, 0.8888888888888888, 0.8, 0.8333333333333334, 0.75, 1.0];0.4327292696320703;0.42515309152031466;[[114, 11, 19, 40, 21, 14, 35], [19, 97, 24, 48, 30, 24, 32], [19, 20, 86, 38, 6, 27, 28], [7, 28, 24, 112, 11, 15, 22], [19, 20, 38, 32, 142, 20, 20], [37, 14, 22, 42, 35, 67, 35], [23, 11, 25, 31, 28, 19, 170]];[0.44881889763779526, 0.354014598540146, 0.38392857142857145, 0.5114155251141552, 0.4879725085910653, 0.26587301587301587, 0.5537459283387622];0.09302325581395349;0.06386482986838894;[[3, 33, 37, 12, 2, 12, 7], [38, 0, 2, 5, 2, 14, 5], [0, 1, 3, 9, 97, 7, 9], [46, 20, 24, 63, 18, 33, 42], [16, 1, 9, 29, 1, 4, 68], [10, 20, 21, 21, 3, 5, 10], [0, 21, 17, 13, 1, 2, 1]];[0.02830188679245283, 0.0, 0.023809523809523808, 0.25609756097560976, 0.0078125, 0.05555555555555555, 0.01818181818181818];70.0;[10, 13, 9, 10, 6, 8, 14]


Cora;own;medoids;0.2;64;0.5;1;0.005;1.0;1256718679.0;0.0;0.0;[[]];[];0.2808038075092544;0.18796158529063467;[[4, 73, 6, 41, 28, 15, 78], [4, 3, 2, 18, 0, 49, 75], [9, 8, 4, 11, 3, 33, 224], [10, 25, 29, 365, 29, 38, 76], [8, 16, 51, 78, 59, 18, 68], [0, 25, 1, 39, 16, 42, 85], [7, 29, 2, 10, 16, 7, 54]];[0.0163265306122449, 0.019867549668874173, 0.0136986301369863, 0.6381118881118881, 0.19798657718120805, 0.20192307692307693, 0.432];0.2741738066095471;0.17877532939918095;[[2, 31, 2, 15, 12, 6, 38], [4, 0, 0, 9, 0, 21, 32], [7, 0, 4, 3, 2, 9, 101], [4, 9, 15, 159, 15, 14, 30], [4, 4, 21, 36, 27, 6, 30], [1, 11, 0, 25, 5, 12, 36], [3, 9, 3, 5, 10, 5, 20]];[0.018867924528301886, 0.0, 0.031746031746031744, 0.6463414634146342, 0.2109375, 0.13333333333333333, 0.36363636363636365];0.0;[]
Cora;own;medoids;0.2;64;0.5;1;0.005;1.0;1256718679.0;1.0;1.0;[[1, 0, 0, 0, 0, 0], [0, 1, 0, 0, 0, 0], [0, 0, 1, 0, 0, 0], [0, 0, 0, 2, 0, 0], [0, 0, 0, 0, 1, 0], [0, 0, 0, 0, 0, 1]];[1.0, 1.0, 1.0, 1.0, 1.0, 1.0];0.17834394904458598;0.1115582827915448;[[11, 199, 5, 42, 0, 5, 8], [2, 231, 4, 38, 0, 2, 13], [4, 201, 16, 26, 0, 3, 11], [2, 168, 2, 59, 0, 2, 9], [2, 211, 2, 25, 0, 1, 12], [6, 194, 6, 50, 0, 6, 9], [2, 224, 9, 49, 0, 0, 13]];[0.040740740740740744, 0.7965517241379311, 0.06130268199233716, 0.24380165289256198, 0.0, 0.02214022140221402, 0.04377104377104377];0.09179926560587515;0.05014960227007527;[[0, 101, 0, 4, 0, 0, 1], [0, 52, 0, 3, 0, 0, 11], [0, 69, 0, 57, 0, 0, 0], [9, 206, 9, 19, 0, 0, 3], [0, 68, 8, 41, 0, 9, 2], [1, 83, 0, 1, 0, 0, 5], [0, 49, 0, 0, 0, 2, 4]];[0.0, 0.7878787878787878, 0.0, 0.07723577235772358, 0.0, 0.0, 0.07272727272727272];7.0;[1, 1, 1, 2, 0, 1, 1]
Cora;own;medoids;0.2;64;0.5;1;0.005;1.0;1256718679.0;0.9285714285714286;0.9238095238095239;[[2, 0, 0, 0, 0, 0, 0], [0, 1, 0, 0, 0, 0, 0], [0, 0, 2, 0, 0, 0, 0], [0, 0, 0, 2, 0, 0, 0], [1, 0, 0, 0, 1, 0, 0], [0, 0, 0, 0, 0, 1, 0], [0, 0, 0, 0, 0, 0, 4]];[1.0, 1.0, 1.0, 1.0, 0.5, 1.0, 1.0];0.1981885988279169;0.1655838870365319;[[36, 19, 25, 16, 45, 1, 126], [28, 35, 17, 25, 34, 1, 138], [20, 30, 25, 28, 42, 0, 108], [27, 20, 16, 41, 2, 0, 124], [32, 21, 9, 6, 46, 0, 137], [21, 20, 15, 25, 46, 6, 130], [30, 26, 21, 24, 50, 0, 183]];[0.13432835820895522, 0.12589928057553956, 0.09881422924901186, 0.1782608695652174, 0.18326693227091634, 0.022813688212927757, 0.5479041916167665];0.11995104039167687;0.11350306371462689;[[30, 9, 1, 2, 2, 0, 62], [1, 20, 0, 0, 1, 0, 44], [1, 1, 0, 5, 2, 0, 117], [20, 41, 16, 10, 108, 0, 51], [2, 15, 35, 44, 2, 3, 27], [23, 4, 0, 1, 0, 0, 62], [15, 3, 0, 0, 1, 0, 36]];[0.2830188679245283, 0.30303030303030304, 0.0, 0.04065040650406504, 0.015625, 0.0, 0.6545454545454545];14.0;[2, 1, 2, 2, 2, 1, 4]
Cora;own;medoids;0.2;64;0.5;1;0.005;1.0;1256718679.0;1.0;1.0;[[3, 0, 0, 0, 0, 0, 0], [0, 1, 0, 0, 0, 0, 0], [0, 0, 4, 0, 0, 0, 0], [0, 0, 0, 2, 0, 0, 0], [0, 0, 0, 0, 3, 0, 0], [0, 0, 0, 0, 0, 2, 0], [0, 0, 0, 0, 0, 0, 6]];[1.0, 1.0, 1.0, 1.0, 1.0, 1.0, 1.0];0.30320855614973263;0.2766688498110425;[[71, 14, 25, 7, 55, 33, 49], [38, 14, 43, 10, 41, 47, 50], [37, 19, 80, 5, 48, 21, 50], [23, 8, 46, 27, 10, 33, 53], [31, 8, 33, 1, 103, 38, 59], [32, 9, 40, 6, 55, 154, 37], [40, 12, 46, 5, 57, 29, 118]];[0.2795275590551181, 0.05761316872427984, 0.3076923076923077, 0.135, 0.3772893772893773, 0.4624624624624625, 0.38436482084690554];0.07711138310893513;0.08766564545103415;[[21, 2, 59, 0, 1, 7, 16], [3, 9, 0, 0, 1, 4, 49], [0, 0, 0, 5, 3, 105, 13], [54, 16, 26, 0, 124, 10, 16], [16, 12, 41, 26, 12, 12, 9], [27, 2, 0, 0, 1, 6, 54], [9, 0, 12, 0, 8, 11, 15]];[0.19811320754716982, 0.13636363636363635, 0.0, 0.0, 0.09375, 0.06666666666666667, 0.2727272727272727];21.0;[3, 1, 4, 2, 3, 2, 6]
Cora;own;medoids;0.2;64;0.5;1;0.005;1.0;1256718679.0;1.0;1.0;[[3, 0, 0, 0, 0, 0, 0], [0, 4, 0, 0, 0, 0, 0], [0, 0, 4, 0, 0, 0, 0], [0, 0, 0, 4, 0, 0, 0], [0, 0, 0, 0, 4, 0, 0], [0, 0, 0, 0, 0, 2, 0], [0, 0, 0, 0, 0, 0, 7]];[1.0, 1.0, 1.0, 1.0, 1.0, 1.0, 1.0];0.34997316156736447;0.34415099369354735;[[65, 29, 17, 19, 47, 20, 44], [18, 68, 24, 44, 36, 42, 27], [27, 28, 59, 34, 43, 13, 46], [15, 18, 26, 102, 13, 21, 39], [21, 23, 20, 15, 113, 24, 49], [21, 18, 27, 29, 47, 139, 40], [27, 30, 26, 31, 50, 23, 106]];[0.2697095435684647, 0.2625482625482625, 0.236, 0.4358974358974359, 0.42641509433962266, 0.43302180685358255, 0.36177474402730375];0.05385556915544676;0.06040190776416172;[[12, 6, 41, 24, 8, 6, 9], [1, 8, 2, 1, 1, 4, 49], [0, 8, 1, 4, 9, 89, 15], [44, 21, 18, 3, 117, 5, 38], [8, 15, 13, 68, 8, 10, 6], [21, 31, 0, 12, 0, 2, 24], [5, 1, 9, 16, 12, 2, 10]];[0.11320754716981132, 0.12121212121212122, 0.007936507936507936, 0.012195121951219513, 0.0625, 0.022222222222222223, 0.18181818181818182];28.0;[3, 4, 4, 4, 4, 2, 7]
Cora;own;medoids;0.2;64;0.5;1;0.005;1.0;1256718679.0;0.9714285714285714;0.9711399711399711;[[4, 0, 0, 0, 0, 0, 0], [0, 4, 0, 0, 0, 0, 0], [0, 1, 5, 0, 0, 0, 0], [0, 0, 0, 4, 0, 0, 0], [0, 0, 0, 0, 6, 0, 0], [0, 0, 0, 0, 0, 2, 0], [0, 0, 0, 0, 0, 0, 9]];[1.0, 1.0, 0.8333333333333334, 1.0, 1.0, 1.0, 1.0];0.3432112068965517;0.3100216432520244;[[67, 25, 17, 11, 73, 2, 50], [21, 67, 21, 29, 74, 1, 40], [27, 24, 67, 29, 58, 0, 47], [19, 19, 29, 80, 35, 2, 46], [16, 23, 21, 10, 224, 1, 65], [24, 12, 30, 17, 78, 14, 47], [23, 26, 24, 25, 77, 1, 118]];[0.27346938775510204, 0.2648221343873518, 0.26587301587301587, 0.34782608695652173, 0.6222222222222222, 0.06306306306306306, 0.4013605442176871];0.07221542227662178;0.0736070491267373;[[17, 1, 42, 15, 17, 0, 14], [1, 9, 0, 0, 7, 0, 49], [0, 11, 0, 4, 85, 8, 18], [39, 15, 17, 2, 128, 0, 45], [6, 15, 25, 50, 16, 3, 13], [17, 27, 2, 12, 2, 0, 30], [8, 4, 7, 9, 12, 0, 15]];[0.16037735849056603, 0.13636363636363635, 0.0, 0.008130081300813009, 0.125, 0.0, 0.2727272727272727];35.0;[4, 4, 6, 4, 6, 2, 9]
Cora;own;medoids;0.2;64;0.5;1;0.005;1.0;1256718679.0;0.9761904761904762;0.9836734693877551;[[5, 0, 0, 0, 0, 0, 0], [0, 6, 0, 0, 0, 0, 0], [0, 0, 7, 0, 0, 0, 0], [0, 0, 0, 4, 0, 0, 0], [0, 0, 0, 0, 7, 0, 0], [0, 0, 0, 0, 0, 2, 0], [0, 0, 1, 0, 0, 0, 10]];[1.0, 1.0, 1.0, 1.0, 1.0, 1.0, 0.9090909090909091];0.3812871822606814;0.3472441550269032;[[77, 24, 6, 10, 68, 2, 57], [29, 85, 17, 23, 68, 3, 44], [20, 21, 66, 18, 49, 3, 58], [16, 23, 21, 78, 33, 4, 45], [21, 22, 11, 9, 234, 0, 57], [22, 14, 23, 11, 79, 16, 48], [22, 26, 17, 20, 77, 3, 149]];[0.3155737704918033, 0.3159851301115242, 0.28085106382978725, 0.35454545454545455, 0.6610169491525424, 0.07511737089201878, 0.4745222929936306];0.08078335373317014;0.08812507784281977;[[17, 4, 36, 15, 18, 0, 16], [3, 23, 1, 0, 9, 0, 30], [0, 12, 0, 4, 93, 7, 10], [35, 10, 16, 3, 106, 0, 76], [5, 8, 19, 42, 17, 4, 33], [20, 23, 1, 14, 2, 0, 30], [18, 9, 2, 9, 11, 0, 6]];[0.16037735849056603, 0.3484848484848485, 0.0, 0.012195121951219513, 0.1328125, 0.0, 0.10909090909090909];42.0;[5, 6, 7, 4, 7, 2, 11]
Cora;own;medoids;0.2;64;0.5;1;0.005;1.0;1256718679.0;0.9387755102040817;0.9390651122108923;[[5, 0, 0, 0, 0, 0, 1], [1, 8, 0, 0, 0, 0, 0], [0, 0, 8, 0, 0, 0, 0], [0, 0, 0, 5, 1, 0, 0], [0, 0, 0, 0, 7, 0, 0], [0, 0, 0, 0, 0, 2, 0], [0, 0, 0, 0, 0, 0, 11]];[0.8333333333333334, 0.8888888888888888, 1.0, 0.8333333333333334, 1.0, 1.0, 1.0];0.36156351791530944;0.34076265247884463;[[74, 31, 7, 12, 76, 3, 55], [16, 122, 13, 36, 71, 4, 47], [15, 29, 63, 23, 43, 3, 52], [13, 32, 20, 105, 48, 4, 35], [16, 31, 7, 17, 138, 0, 47], [15, 19, 20, 24, 78, 16, 45], [24, 33, 14, 22, 72, 4, 148]];[0.2868217054263566, 0.3948220064724919, 0.27631578947368424, 0.4085603112840467, 0.5390625, 0.07373271889400922, 0.4668769716088328];0.08690330477356181;0.08711205174497826;[[12, 12, 32, 24, 15, 0, 11], [4, 29, 0, 0, 8, 0, 25], [0, 17, 0, 6, 83, 8, 12], [37, 14, 17, 7, 89, 0, 82], [5, 10, 16, 46, 16, 4, 31], [18, 28, 1, 15, 4, 0, 24], [5, 21, 2, 11, 9, 0, 7]];[0.11320754716981132, 0.4393939393939394, 0.0, 0.028455284552845527, 0.125, 0.0, 0.12727272727272726];49.0;[6, 9, 8, 6, 7, 2, 11]
Cora;own;medoids;0.2;64;0.5;1;0.005;1.0;1256718679.0;0.875;0.8698718846806457;[[6, 0, 0, 0, 0, 0, 0], [2, 8, 0, 0, 0, 1, 0], [0, 0, 8, 1, 0, 0, 1], [0, 1, 0, 5, 0, 0, 0], [0, 0, 0, 0, 7, 0, 0], [0, 0, 1, 0, 0, 4, 0], [0, 0, 0, 0, 0, 0, 11]];[1.0, 0.7272727272727273, 0.8, 0.8333333333333334, 1.0, 0.8, 1.0];0.3754768392370572;0.37018308254029886;[[75, 41, 7, 8, 53, 37, 26], [25, 138, 8, 28, 60, 42, 23], [14, 38, 58, 23, 34, 31, 28], [14, 44, 19, 86, 45, 25, 13], [12, 30, 8, 13, 130, 22, 33], [18, 21, 21, 11, 69, 74, 24], [25, 31, 11, 18, 60, 33, 128]];[0.30364372469635625, 0.42592592592592593, 0.25663716814159293, 0.34959349593495936, 0.5241935483870968, 0.31092436974789917, 0.41830065359477125];0.08078335373317014;0.0850491245019066;[[12, 14, 29, 19, 17, 8, 7], [2, 30, 0, 0, 6, 7, 21], [0, 23, 1, 5, 72, 14, 11], [35, 9, 16, 5, 85, 41, 55], [9, 9, 13, 43, 11, 27, 16], [19, 33, 1, 14, 2, 3, 18], [5, 25, 1, 8, 10, 2, 4]];[0.11320754716981132, 0.45454545454545453, 0.007936507936507936, 0.02032520325203252, 0.0859375, 0.03333333333333333, 0.07272727272727272];56.0;[6, 11, 10, 6, 7, 5, 11]
Cora;own;medoids;0.2;64;0.5;1;0.005;1.0;1256718679.0;0.8253968253968254;0.8123195769747495;[[6, 0, 0, 0, 0, 0, 0], [2, 8, 0, 0, 0, 1, 0], [1, 0, 9, 1, 0, 0, 1], [0, 0, 0, 5, 0, 1, 0], [0, 0, 0, 1, 7, 0, 0], [0, 0, 1, 0, 0, 4, 0], [0, 1, 0, 0, 1, 0, 13]];[1.0, 0.7272727272727273, 0.75, 0.8333333333333334, 0.875, 0.8, 0.8666666666666667];0.36050328227571116;0.35265304250758217;[[66, 26, 13, 13, 56, 17, 39], [21, 122, 22, 31, 58, 25, 33], [34, 26, 66, 29, 51, 9, 49], [20, 23, 23, 91, 41, 9, 28], [14, 28, 13, 15, 126, 6, 49], [22, 12, 25, 17, 66, 50, 34], [25, 25, 18, 19, 69, 16, 138]];[0.28695652173913044, 0.391025641025641, 0.25, 0.3872340425531915, 0.50199203187251, 0.22123893805309736, 0.44516129032258067];0.06487148102815178;0.072282268433041;[[14, 7, 35, 21, 14, 1, 14], [2, 19, 0, 2, 8, 0, 35], [0, 17, 2, 4, 78, 11, 14], [36, 9, 28, 4, 83, 22, 64], [12, 7, 20, 47, 9, 13, 20], [19, 28, 1, 16, 2, 1, 23], [8, 21, 2, 12, 7, 1, 4]];[0.1320754716981132, 0.2878787878787879, 0.015873015873015872, 0.016260162601626018, 0.0703125, 0.011111111111111112, 0.07272727272727272];63.0;[6, 11, 12, 6, 8, 5, 15]
Cora;own;medoids;0.2;64;0.5;1;0.005;1.0;1256718679.0;0.9142857142857143;0.904196398839256;[[7, 0, 0, 0, 0, 0, 0], [0, 10, 1, 0, 0, 1, 0], [0, 0, 12, 0, 0, 0, 0], [1, 0, 0, 6, 0, 0, 1], [0, 0, 0, 0, 9, 0, 0], [0, 0, 1, 0, 0, 5, 0], [0, 0, 0, 0, 0, 1, 15]];[1.0, 0.8333333333333334, 1.0, 0.75, 1.0, 0.8333333333333334, 0.9375];0.41515650741350907;0.410512770199095;[[76, 27, 36, 10, 31, 36, 19], [15, 138, 39, 22, 28, 60, 25], [12, 26, 130, 21, 25, 23, 19], [17, 28, 22, 71, 21, 34, 34], [16, 23, 32, 12, 116, 23, 23], [15, 10, 47, 10, 42, 93, 17], [17, 24, 42, 12, 35, 35, 132]];[0.32340425531914896, 0.42201834862385323, 0.5078125, 0.31277533039647576, 0.47346938775510206, 0.3974358974358974, 0.4444444444444444];0.07466340269277846;0.08548619523485405;[[12, 11, 36, 14, 16, 7, 10], [3, 30, 4, 0, 15, 0, 14], [1, 15, 5, 2, 24, 64, 15], [13, 8, 88, 6, 63, 27, 41], [6, 10, 28, 38, 3, 16, 27], [20, 30, 1, 15, 0, 3, 21], [15, 19, 5, 3, 5, 6, 2]];[0.11320754716981132, 0.45454545454545453, 0.03968253968253968, 0.024390243902439025, 0.0234375, 0.03333333333333333, 0.03636363636363636];70.0;[7, 12, 12, 8, 9, 6, 16]

