dataset_name;sampler_name;subsampler;label_propagation_uncertainty_treshold;hidden_dim_size;dropout;distance_loss_weight;learning_rate;corruption;seed;Labeled accuracy;Labeled macro-f1;Labeled confusion;Labeled class accuracies;Unlabeled accuracy;Unlabeled macro-f1;Unlabeled confusion;Unlabeled class accuracies;Test accuracy;Test macro-f1;Test confusion;Test class accuracies;Budget used;Class distrubution
Cora;own;medoids;0.2;64;0.5;1;0.005;0.9;20795212.0;0.0;0.0;[[]];[];0.14542570068746694;0.12123135345841461;[[13, 2, 4, 13, 19, 135, 59], [1, 3, 3, 10, 4, 117, 13], [5, 5, 4, 78, 2, 48, 150], [67, 23, 30, 36, 89, 265, 62], [19, 56, 8, 10, 66, 86, 53], [9, 0, 39, 6, 12, 114, 28], [0, 3, 3, 4, 7, 69, 39]];[0.053061224489795916, 0.019867549668874173, 0.0136986301369863, 0.06293706293706294, 0.2214765100671141, 0.5480769230769231, 0.312];0.1383108935128519;0.11012085586431941;[[2, 0, 0, 5, 15, 49, 35], [0, 1, 0, 2, 2, 57, 4], [5, 1, 2, 26, 0, 15, 77], [31, 9, 12, 17, 36, 102, 39], [9, 36, 4, 4, 25, 32, 18], [3, 2, 17, 1, 2, 51, 14], [0, 1, 0, 2, 3, 34, 15]];[0.018867924528301886, 0.015151515151515152, 0.015873015873015872, 0.06910569105691057, 0.1953125, 0.5666666666666667, 0.2727272727272727];0.0;[]
Cora;own;medoids;0.2;64;0.5;1;0.005;0.9;20795212.0;1.0;1.0;[[2, 0, 0, 0], [0, 1, 0, 0], [0, 0, 3, 0], [0, 0, 0, 1]];[1.0, 1.0, 1.0, 1.0];0.17887473460721867;0.10718818504926016;[[130, 0, 66, 0, 0, 0, 86], [78, 2, 68, 0, 0, 0, 108], [67, 0, 96, 0, 0, 0, 101], [93, 1, 75, 0, 0, 0, 79], [90, 0, 70, 0, 0, 0, 86], [89, 0, 85, 0, 0, 0, 106], [104, 0, 95, 0, 0, 0, 109]];[0.46099290780141844, 0.0078125, 0.36363636363636365, 0.0, 0.0, 0.0, 0.3538961038961039];0.10403916768665851;0.06695407631651694;[[43, 0, 15, 0, 0, 0, 48], [27, 0, 15, 0, 0, 0, 24], [121, 0, 1, 0, 0, 0, 4], [21, 0, 82, 0, 0, 0, 143], [6, 1, 107, 0, 0, 0, 14], [30, 0, 32, 0, 0, 0, 28], [14, 0, 0, 0, 0, 0, 41]];[0.4056603773584906, 0.0, 0.007936507936507936, 0.0, 0.0, 0.0, 0.7454545454545455];7.0;[2, 1, 3, 0, 0, 0, 1]
Cora;own;medoids;0.2;64;0.5;1;0.005;0.9;20795212.0;1.0;1.0;[[2, 0, 0, 0, 0], [0, 3, 0, 0, 0], [0, 0, 3, 0, 0], [0, 0, 0, 3, 0], [0, 0, 0, 0, 3]];[1.0, 1.0, 1.0, 1.0, 1.0];0.2328183271177411;0.18513914515902413;[[86, 17, 34, 70, 2, 0, 56], [46, 54, 35, 81, 1, 0, 45], [31, 28, 59, 67, 1, 4, 59], [67, 14, 30, 161, 0, 0, 54], [46, 16, 22, 98, 0, 0, 47], [57, 22, 40, 78, 1, 0, 57], [60, 28, 43, 81, 1, 1, 77]];[0.32452830188679244, 0.20610687022900764, 0.23694779116465864, 0.4938650306748466, 0.0, 0.0, 0.2646048109965636];0.18115055079559364;0.12058255988024544;[[19, 0, 5, 71, 0, 0, 11], [10, 8, 6, 35, 0, 0, 7], [107, 0, 1, 17, 1, 0, 0], [8, 45, 38, 99, 0, 0, 56], [1, 30, 77, 15, 0, 0, 5], [3, 0, 7, 25, 0, 1, 54], [5, 1, 0, 29, 0, 0, 20]];[0.1792452830188679, 0.12121212121212122, 0.007936507936507936, 0.4024390243902439, 0.0, 0.011111111111111112, 0.36363636363636365];14.0;[2, 3, 3, 3, 0, 0, 3]
Cora;own;medoids;0.2;64;0.5;1;0.005;0.9;20795212.0;0.9523809523809523;0.9515151515151515;[[2, 0, 1, 0, 0, 0], [0, 3, 0, 0, 0, 0], [0, 0, 5, 0, 0, 0], [0, 0, 0, 3, 0, 0], [0, 0, 0, 0, 3, 0], [0, 0, 0, 0, 0, 4]];[0.6666666666666666, 1.0, 1.0, 1.0, 1.0, 1.0];0.31711229946524067;0.27330965373178084;[[39, 10, 51, 75, 0, 27, 32], [3, 52, 47, 80, 0, 21, 26], [5, 25, 137, 71, 0, 18, 36], [10, 8, 38, 169, 0, 32, 38], [7, 14, 31, 90, 0, 32, 35], [9, 20, 53, 93, 0, 137, 32], [3, 23, 57, 92, 0, 33, 59]];[0.16666666666666666, 0.22707423580786026, 0.4691780821917808, 0.5728813559322034, 0.0, 0.39825581395348836, 0.2209737827715356];0.19828641370869032;0.13808227733808048;[[17, 0, 16, 60, 0, 2, 11], [0, 0, 59, 2, 0, 4, 1], [12, 0, 4, 18, 0, 92, 0], [4, 35, 43, 118, 0, 8, 38], [0, 26, 73, 15, 0, 0, 14], [0, 0, 11, 32, 0, 9, 38], [0, 0, 3, 37, 0, 1, 14]];[0.16037735849056603, 0.0, 0.031746031746031744, 0.4796747967479675, 0.0, 0.1, 0.2545454545454545];21.0;[3, 3, 5, 3, 0, 3, 4]
Cora;own;medoids;0.2;64;0.5;1;0.005;0.9;20795212.0;0.8928571428571429;0.8507936507936508;[[2, 0, 0, 0, 1, 0, 0], [0, 3, 0, 0, 0, 0, 0], [0, 0, 8, 0, 0, 0, 0], [0, 0, 0, 4, 1, 0, 0], [1, 0, 0, 0, 1, 0, 0], [0, 0, 0, 0, 0, 3, 0], [0, 0, 0, 0, 0, 0, 4]];[0.6666666666666666, 1.0, 1.0, 0.8, 0.5, 1.0, 1.0];0.33118625872249063;0.2902198234476811;[[39, 10, 55, 63, 5, 39, 17], [6, 46, 63, 67, 5, 23, 14], [8, 17, 169, 64, 3, 23, 19], [12, 9, 48, 168, 9, 40, 19], [11, 10, 47, 79, 15, 37, 14], [17, 13, 68, 75, 4, 135, 16], [8, 20, 63, 84, 5, 37, 45]];[0.17105263157894737, 0.20535714285714285, 0.5577557755775577, 0.5508196721311476, 0.07042253521126761, 0.4115853658536585, 0.1717557251908397];0.17870257037943696;0.1499140380998981;[[21, 0, 10, 65, 2, 5, 3], [0, 0, 59, 2, 0, 4, 1], [15, 0, 2, 17, 0, 92, 0], [4, 33, 63, 95, 13, 20, 18], [0, 14, 75, 19, 12, 0, 8], [0, 0, 39, 26, 2, 7, 16], [3, 2, 6, 32, 2, 1, 9]];[0.19811320754716982, 0.0, 0.015873015873015872, 0.3861788617886179, 0.09375, 0.07777777777777778, 0.16363636363636364];28.0;[3, 3, 8, 5, 2, 3, 4]
Cora;own;medoids;0.2;64;0.5;1;0.005;0.9;20795212.0;1.0;1.0;[[4, 0, 0, 0, 0, 0, 0], [0, 4, 0, 0, 0, 0, 0], [0, 0, 8, 0, 0, 0, 0], [0, 0, 0, 6, 0, 0, 0], [0, 0, 0, 0, 2, 0, 0], [0, 0, 0, 0, 0, 5, 0], [0, 0, 0, 0, 0, 0, 6]];[1.0, 1.0, 1.0, 1.0, 1.0, 1.0, 1.0];0.38469827586206895;0.3485266988456918;[[44, 24, 20, 50, 2, 48, 30], [8, 83, 28, 42, 6, 43, 21], [6, 27, 137, 35, 4, 46, 36], [9, 19, 22, 169, 3, 45, 33], [9, 19, 23, 54, 16, 58, 25], [12, 35, 29, 40, 2, 184, 42], [7, 35, 31, 53, 5, 56, 81]];[0.2018348623853211, 0.3593073593073593, 0.47079037800687284, 0.5633333333333334, 0.0784313725490196, 0.5348837209302325, 0.30223880597014924];0.14320685434516525;0.12169286446834474;[[16, 5, 8, 29, 1, 45, 2], [0, 1, 54, 6, 0, 4, 1], [15, 0, 1, 24, 0, 85, 1], [4, 48, 26, 74, 9, 56, 29], [2, 20, 47, 21, 4, 7, 27], [0, 21, 11, 17, 0, 6, 35], [3, 8, 1, 25, 0, 3, 15]];[0.1509433962264151, 0.015151515151515152, 0.007936507936507936, 0.3008130081300813, 0.03125, 0.06666666666666667, 0.2727272727272727];35.0;[4, 4, 8, 6, 2, 5, 6]
Cora;own;medoids;0.2;64;0.5;1;0.005;0.9;20795212.0;0.9285714285714286;0.9334554334554336;[[4, 0, 0, 0, 0, 0, 0], [0, 4, 0, 0, 0, 1, 0], [1, 0, 9, 0, 0, 0, 0], [0, 0, 1, 7, 0, 0, 0], [0, 0, 0, 0, 2, 0, 0], [0, 0, 0, 0, 0, 6, 0], [0, 0, 0, 0, 0, 0, 7]];[1.0, 0.8, 0.9, 0.875, 1.0, 1.0, 1.0];0.39967550027041643;0.36382840683549544;[[45, 13, 23, 34, 2, 58, 31], [5, 78, 34, 20, 2, 54, 24], [11, 26, 148, 24, 1, 63, 40], [4, 15, 27, 148, 1, 60, 40], [8, 19, 29, 26, 16, 66, 32], [10, 27, 30, 25, 1, 208, 46], [4, 27, 37, 35, 4, 72, 96]];[0.21844660194174756, 0.35944700460829493, 0.4728434504792332, 0.5016949152542373, 0.08163265306122448, 0.5994236311239193, 0.3490909090909091];0.11995104039167687;0.11159458521103349;[[14, 9, 9, 15, 0, 57, 2], [0, 0, 48, 4, 0, 13, 1], [13, 1, 1, 18, 0, 91, 2], [7, 47, 28, 50, 8, 72, 34], [2, 13, 56, 19, 2, 15, 21], [0, 20, 12, 10, 0, 13, 35], [1, 9, 3, 20, 0, 4, 18]];[0.1320754716981132, 0.0, 0.007936507936507936, 0.2032520325203252, 0.015625, 0.14444444444444443, 0.32727272727272727];42.0;[4, 5, 10, 8, 2, 6, 7]
Cora;own;medoids;0.2;64;0.5;1;0.005;0.9;20795212.0;0.8775510204081632;0.8986567090604358;[[4, 0, 0, 0, 0, 0, 0], [0, 6, 0, 0, 0, 1, 0], [0, 0, 10, 1, 0, 0, 0], [0, 0, 1, 7, 0, 0, 0], [0, 0, 0, 0, 2, 0, 0], [0, 1, 0, 0, 0, 6, 0], [0, 0, 1, 0, 0, 1, 8]];[1.0, 0.8571428571428571, 0.9090909090909091, 0.875, 1.0, 0.8571428571428571, 0.8];0.4017372421281216;0.36520328345280034;[[40, 31, 18, 38, 2, 41, 31], [4, 105, 29, 21, 2, 43, 23], [12, 49, 141, 28, 3, 46, 34], [6, 36, 25, 149, 0, 42, 32], [7, 32, 21, 35, 15, 51, 34], [7, 56, 31, 22, 2, 183, 32], [4, 46, 34, 37, 0, 55, 107]];[0.19900497512437812, 0.46255506607929514, 0.4504792332268371, 0.5137931034482759, 0.07692307692307693, 0.5495495495495496, 0.37809187279151946];0.11627906976744186;0.10740637376503624;[[11, 11, 10, 16, 0, 56, 2], [0, 12, 41, 5, 0, 7, 1], [14, 9, 1, 24, 0, 76, 2], [5, 64, 25, 49, 8, 52, 43], [2, 19, 61, 15, 2, 14, 15], [0, 17, 9, 12, 0, 7, 45], [2, 19, 1, 19, 0, 1, 13]];[0.10377358490566038, 0.18181818181818182, 0.007936507936507936, 0.1991869918699187, 0.015625, 0.07777777777777778, 0.23636363636363636];49.0;[4, 7, 11, 8, 2, 7, 10]
Cora;own;medoids;0.2;64;0.5;1;0.005;0.9;20795212.0;0.8571428571428571;0.8698018337769892;[[4, 0, 1, 0, 0, 0, 0], [0, 6, 0, 0, 0, 1, 0], [0, 0, 10, 0, 0, 1, 0], [0, 0, 1, 9, 0, 1, 0], [0, 0, 0, 0, 2, 0, 0], [0, 1, 0, 0, 0, 8, 0], [1, 0, 0, 0, 0, 1, 9]];[0.8, 0.8571428571428571, 0.9090909090909091, 0.8181818181818182, 1.0, 0.8888888888888888, 0.8181818181818182];0.40490463215258854;0.37018776408417314;[[45, 37, 20, 32, 2, 39, 25], [4, 105, 26, 25, 4, 40, 17], [14, 48, 143, 29, 3, 45, 26], [6, 49, 25, 153, 0, 47, 24], [7, 43, 22, 36, 16, 42, 24], [11, 58, 31, 19, 3, 183, 19], [14, 63, 31, 33, 1, 48, 98]];[0.225, 0.4751131221719457, 0.4642857142857143, 0.5032894736842105, 0.08421052631578947, 0.5648148148148148, 0.3402777777777778];0.11383108935128519;0.10771405142874715;[[14, 17, 10, 15, 1, 47, 2], [0, 11, 43, 5, 0, 6, 1], [14, 9, 1, 18, 0, 83, 1], [4, 74, 29, 45, 8, 46, 40], [8, 20, 62, 17, 2, 6, 13], [0, 14, 7, 17, 0, 8, 44], [2, 17, 1, 22, 0, 1, 12]];[0.1320754716981132, 0.16666666666666666, 0.007936507936507936, 0.18292682926829268, 0.015625, 0.08888888888888889, 0.21818181818181817];56.0;[5, 7, 11, 11, 2, 9, 11]
Cora;own;medoids;0.2;64;0.5;1;0.005;0.9;20795212.0;0.8888888888888888;0.8943148811161235;[[5, 0, 0, 0, 0, 0, 1], [0, 7, 0, 0, 0, 1, 0], [1, 0, 11, 0, 0, 0, 0], [0, 0, 0, 10, 0, 1, 0], [0, 0, 0, 0, 2, 0, 0], [0, 1, 0, 0, 0, 9, 0], [1, 0, 0, 0, 0, 1, 12]];[0.8333333333333334, 0.875, 0.9166666666666666, 0.9090909090909091, 1.0, 0.9, 0.8571428571428571];0.43544857768052514;0.3973277841594914;[[41, 27, 27, 22, 1, 39, 41], [3, 111, 27, 17, 2, 42, 24], [11, 38, 153, 18, 3, 41, 45], [3, 34, 24, 154, 1, 45, 28], [6, 33, 23, 27, 17, 44, 31], [13, 44, 34, 11, 2, 187, 33], [12, 50, 30, 25, 1, 50, 133]];[0.20707070707070707, 0.4911504424778761, 0.49514563106796117, 0.532871972318339, 0.09392265193370165, 0.5771604938271605, 0.4418604651162791];0.09057527539779682;0.08464877461803665;[[10, 9, 16, 12, 0, 48, 11], [0, 5, 50, 6, 0, 4, 1], [14, 8, 1, 19, 0, 81, 3], [4, 53, 36, 34, 5, 50, 64], [9, 15, 46, 12, 2, 6, 38], [0, 10, 8, 21, 0, 7, 44], [2, 15, 2, 19, 1, 1, 15]];[0.09433962264150944, 0.07575757575757576, 0.007936507936507936, 0.13821138211382114, 0.015625, 0.07777777777777778, 0.2727272727272727];63.0;[6, 8, 12, 11, 2, 10, 14]
Cora;own;medoids;0.2;64;0.5;1;0.005;0.9;20795212.0;0.9;0.8956558061821219;[[4, 0, 1, 0, 0, 0, 1], [0, 9, 0, 0, 0, 0, 0], [2, 0, 12, 0, 0, 0, 0], [0, 0, 0, 11, 0, 1, 0], [0, 0, 0, 0, 2, 0, 0], [0, 1, 0, 0, 0, 11, 0], [0, 0, 0, 1, 0, 0, 14]];[0.6666666666666666, 1.0, 0.8571428571428571, 0.9166666666666666, 1.0, 0.9166666666666666, 0.9333333333333333];0.44590884129599123;0.39906315001977555;[[32, 24, 32, 25, 1, 36, 42], [0, 113, 32, 19, 3, 37, 22], [13, 33, 160, 20, 3, 34, 48], [3, 37, 22, 147, 1, 40, 33], [3, 27, 33, 26, 15, 47, 24], [4, 32, 49, 15, 4, 198, 31], [2, 40, 36, 25, 0, 51, 147]];[0.16666666666666666, 0.5, 0.5144694533762058, 0.519434628975265, 0.08571428571428572, 0.5945945945945946, 0.4883720930232558];0.1003671970624235;0.0860918209074706;[[5, 6, 35, 10, 1, 30, 19], [0, 9, 37, 8, 0, 12, 0], [9, 9, 0, 22, 0, 75, 11], [4, 52, 30, 46, 8, 50, 56], [8, 15, 46, 13, 2, 3, 41], [0, 8, 11, 22, 0, 12, 37], [1, 7, 11, 20, 1, 7, 8]];[0.04716981132075472, 0.13636363636363635, 0.0, 0.18699186991869918, 0.015625, 0.13333333333333333, 0.14545454545454545];70.0;[6, 9, 14, 12, 2, 12, 15]


Cora;own;medoids;0.2;64;0.5;1;0.005;0.9;649695571.0;0.0;0.0;[[]];[];0.11845584346906399;0.09201540396210085;[[23, 8, 71, 102, 9, 25, 7], [12, 1, 39, 53, 3, 34, 9], [164, 2, 81, 10, 14, 17, 4], [16, 16, 335, 63, 40, 70, 32], [15, 19, 96, 39, 35, 94, 0], [12, 3, 150, 10, 11, 21, 1], [3, 6, 72, 15, 13, 16, 0]];[0.09387755102040816, 0.006622516556291391, 0.2773972602739726, 0.11013986013986014, 0.1174496644295302, 0.10096153846153846, 0.0];0.13953488372093023;0.11064817684969329;[[9, 1, 32, 44, 4, 14, 2], [9, 0, 13, 23, 2, 14, 5], [68, 0, 38, 5, 4, 11, 0], [9, 10, 142, 32, 11, 33, 9], [2, 6, 34, 17, 23, 44, 2], [1, 2, 65, 7, 2, 12, 1], [4, 4, 28, 10, 8, 1, 0]];[0.08490566037735849, 0.0, 0.30158730158730157, 0.13008130081300814, 0.1796875, 0.13333333333333333, 0.0];0.0;[]
Cora;own;medoids;0.2;64;0.5;1;0.005;0.9;649695571.0;1.0;1.0;[[1, 0, 0, 0], [0, 2, 0, 0], [0, 0, 2, 0], [0, 0, 0, 2]];[1.0, 1.0, 1.0, 1.0];0.1751592356687898;0.10880909659500192;[[2, 92, 1, 1, 133, 0, 32], [0, 125, 2, 0, 131, 0, 42], [0, 86, 3, 1, 124, 0, 43], [0, 96, 4, 0, 114, 0, 33], [0, 82, 1, 0, 124, 1, 39], [0, 78, 4, 0, 138, 0, 45], [0, 99, 1, 0, 131, 0, 76]];[0.007662835249042145, 0.4166666666666667, 0.011673151750972763, 0.0, 0.5020242914979757, 0.0, 0.247557003257329];0.0587515299877601;0.03699256556399414;[[0, 72, 0, 0, 16, 0, 18], [0, 14, 2, 0, 45, 1, 4], [0, 5, 0, 0, 119, 0, 2], [0, 20, 2, 0, 164, 0, 60], [1, 90, 0, 0, 27, 0, 10], [0, 58, 0, 0, 6, 0, 26], [0, 35, 0, 0, 13, 0, 7]];[0.0, 0.21212121212121213, 0.0, 0.0, 0.2109375, 0.0, 0.12727272727272726];7.0;[1, 2, 0, 0, 2, 0, 2]
Cora;own;medoids;0.2;64;0.5;1;0.005;0.9;649695571.0;1.0;1.0;[[2, 0, 0, 0, 0, 0], [0, 3, 0, 0, 0, 0], [0, 0, 2, 0, 0, 0], [0, 0, 0, 2, 0, 0], [0, 0, 0, 0, 2, 0], [0, 0, 0, 0, 0, 3]];[1.0, 1.0, 1.0, 1.0, 1.0, 1.0];0.23122003196590304;0.1917186134758948;[[18, 52, 19, 0, 56, 19, 77], [12, 79, 25, 0, 66, 25, 84], [16, 52, 55, 0, 55, 28, 69], [14, 51, 26, 0, 53, 22, 64], [7, 53, 22, 0, 70, 17, 63], [13, 55, 22, 0, 69, 43, 55], [9, 59, 27, 0, 62, 25, 169]];[0.07468879668049792, 0.27147766323024053, 0.2, 0.0, 0.3017241379310345, 0.16731517509727625, 0.48148148148148145];0.05385556915544676;0.05562730513163875;[[1, 27, 39, 0, 7, 17, 15], [0, 2, 0, 0, 4, 0, 60], [15, 3, 0, 0, 85, 1, 22], [10, 25, 22, 0, 74, 25, 90], [4, 73, 9, 0, 9, 10, 23], [0, 14, 0, 0, 0, 18, 58], [0, 23, 1, 0, 13, 4, 14]];[0.009433962264150943, 0.030303030303030304, 0.0, 0.0, 0.0703125, 0.2, 0.2545454545454545];14.0;[2, 3, 2, 0, 2, 2, 3]
Cora;own;medoids;0.2;64;0.5;1;0.005;0.9;649695571.0;0.9523809523809523;0.9584415584415584;[[2, 0, 0, 0, 0, 0, 0], [0, 4, 0, 0, 0, 0, 0], [0, 0, 3, 0, 0, 0, 0], [0, 0, 0, 1, 0, 0, 0], [0, 0, 0, 0, 2, 1, 0], [0, 0, 0, 0, 0, 5, 0], [0, 0, 0, 0, 0, 0, 3]];[1.0, 1.0, 1.0, 1.0, 0.6666666666666666, 1.0, 1.0];0.260427807486631;0.22193403101821882;[[13, 53, 27, 8, 26, 58, 52], [4, 94, 32, 4, 30, 64, 63], [9, 61, 76, 3, 18, 57, 52], [5, 59, 26, 6, 29, 56, 45], [5, 50, 29, 0, 42, 57, 46], [12, 51, 26, 5, 24, 108, 40], [8, 57, 32, 3, 31, 66, 148]];[0.05485232067510549, 0.3230240549828179, 0.2753623188405797, 0.02654867256637168, 0.18340611353711792, 0.40601503759398494, 0.4289855072463768];0.06487148102815178;0.05572909567144354;[[0, 32, 30, 0, 2, 33, 9], [0, 2, 0, 0, 1, 1, 62], [17, 9, 0, 7, 65, 3, 25], [3, 39, 37, 9, 16, 89, 53], [1, 59, 24, 0, 2, 28, 14], [0, 14, 0, 0, 0, 27, 49], [0, 26, 1, 3, 6, 6, 13]];[0.0, 0.030303030303030304, 0.0, 0.036585365853658534, 0.015625, 0.3, 0.23636363636363636];21.0;[2, 4, 3, 1, 3, 5, 3]
Cora;own;medoids;0.2;64;0.5;1;0.005;0.9;649695571.0;0.9642857142857143;0.9731379731379731;[[2, 0, 0, 0, 0, 0, 0], [0, 4, 0, 0, 0, 0, 0], [0, 0, 3, 0, 0, 0, 0], [0, 0, 0, 2, 0, 0, 0], [0, 1, 0, 0, 6, 0, 0], [0, 0, 0, 0, 0, 6, 0], [0, 0, 0, 0, 0, 0, 4]];[1.0, 1.0, 1.0, 1.0, 0.8571428571428571, 1.0, 1.0];0.31830381105743427;0.29301295803256905;[[9, 29, 21, 26, 31, 59, 42], [1, 69, 27, 27, 28, 60, 54], [6, 28, 71, 24, 25, 58, 51], [3, 21, 22, 138, 25, 61, 38], [3, 27, 32, 31, 63, 48, 36], [8, 29, 20, 21, 36, 110, 21], [3, 32, 26, 30, 37, 63, 133]];[0.041474654377880185, 0.2593984962406015, 0.26996197718631176, 0.44805194805194803, 0.2625, 0.4489795918367347, 0.4104938271604938];0.07221542227662178;0.06609000273399923;[[2, 24, 28, 4, 7, 33, 8], [0, 1, 0, 5, 2, 1, 57], [7, 2, 0, 107, 7, 0, 3], [2, 16, 21, 4, 85, 75, 43], [2, 28, 26, 0, 11, 41, 20], [0, 10, 0, 3, 0, 28, 49], [0, 21, 1, 0, 13, 7, 13]];[0.018867924528301886, 0.015151515151515152, 0.0, 0.016260162601626018, 0.0859375, 0.3111111111111111, 0.23636363636363636];28.0;[2, 4, 3, 2, 7, 6, 4]
Cora;own;medoids;0.2;64;0.5;1;0.005;0.9;649695571.0;0.9714285714285714;0.9829573934837094;[[2, 0, 0, 0, 0, 0, 0], [0, 5, 0, 0, 0, 0, 0], [0, 0, 3, 0, 0, 0, 0], [0, 0, 0, 3, 0, 0, 0], [0, 0, 0, 0, 7, 0, 0], [0, 0, 0, 0, 1, 9, 0], [0, 0, 0, 0, 0, 0, 5]];[1.0, 1.0, 1.0, 1.0, 1.0, 0.9, 1.0];0.3292025862068966;0.2977990598039654;[[7, 22, 16, 42, 40, 49, 31], [2, 61, 19, 45, 37, 61, 37], [4, 18, 61, 44, 41, 55, 33], [2, 12, 16, 165, 26, 67, 22], [2, 25, 22, 38, 80, 46, 22], [7, 22, 14, 29, 52, 117, 25], [3, 24, 21, 45, 50, 57, 120]];[0.033816425120772944, 0.23282442748091603, 0.23828125, 0.532258064516129, 0.3404255319148936, 0.4398496240601504, 0.375];0.07466340269277846;0.06471263760843321;[[0, 25, 20, 6, 8, 39, 8], [0, 1, 1, 6, 5, 1, 52], [7, 2, 0, 102, 11, 1, 3], [0, 8, 15, 8, 103, 70, 42], [1, 20, 21, 7, 21, 37, 21], [0, 7, 1, 45, 0, 19, 18], [0, 19, 0, 1, 15, 8, 12]];[0.0, 0.015151515151515152, 0.0, 0.032520325203252036, 0.1640625, 0.2111111111111111, 0.21818181818181817];35.0;[2, 5, 3, 3, 7, 10, 5]
Cora;own;medoids;0.2;64;0.5;1;0.005;0.9;649695571.0;0.9761904761904762;0.9746031746031747;[[4, 0, 0, 0, 0, 0, 0], [0, 5, 0, 0, 0, 0, 0], [0, 0, 4, 0, 0, 0, 0], [0, 0, 0, 4, 0, 0, 0], [0, 0, 0, 0, 7, 0, 0], [0, 0, 0, 0, 0, 10, 0], [0, 0, 1, 0, 0, 0, 7]];[1.0, 1.0, 1.0, 1.0, 1.0, 1.0, 0.875];0.36127636560302867;0.34192910045821584;[[50, 14, 17, 30, 28, 34, 42], [25, 53, 18, 32, 20, 49, 54], [36, 12, 64, 28, 25, 40, 42], [27, 7, 21, 168, 17, 50, 36], [19, 22, 19, 28, 64, 38, 28], [21, 15, 19, 27, 35, 114, 27], [32, 11, 22, 39, 32, 43, 155]];[0.23255813953488372, 0.21115537848605578, 0.2591093117408907, 0.5153374233128835, 0.29357798165137616, 0.4418604651162791, 0.46407185628742514];0.06976744186046512;0.06390733759462817;[[1, 13, 23, 37, 2, 16, 14], [0, 1, 1, 5, 1, 1, 57], [12, 4, 0, 85, 15, 1, 9], [12, 8, 21, 14, 70, 66, 55], [33, 14, 26, 4, 7, 14, 30], [29, 3, 0, 25, 0, 16, 17], [0, 18, 0, 1, 14, 4, 18]];[0.009433962264150943, 0.015151515151515152, 0.0, 0.056910569105691054, 0.0546875, 0.17777777777777778, 0.32727272727272727];42.0;[4, 5, 4, 4, 7, 10, 8]
Cora;own;medoids;0.2;64;0.5;1;0.005;0.9;649695571.0;0.9387755102040817;0.9445291550554709;[[5, 0, 0, 0, 0, 0, 0], [0, 6, 0, 0, 0, 0, 0], [0, 0, 5, 0, 0, 0, 0], [0, 0, 0, 5, 0, 0, 0], [0, 1, 0, 0, 6, 0, 0], [0, 0, 0, 1, 0, 10, 1], [0, 0, 0, 0, 0, 0, 9]];[1.0, 1.0, 1.0, 1.0, 0.8571428571428571, 0.8333333333333334, 1.0];0.38979370249728557;0.3684081932412911;[[38, 26, 23, 27, 25, 31, 39], [12, 82, 15, 41, 17, 34, 58], [20, 20, 81, 29, 16, 38, 47], [14, 17, 20, 182, 13, 37, 42], [8, 24, 24, 34, 62, 31, 29], [19, 23, 21, 27, 20, 109, 34], [17, 17, 32, 36, 25, 42, 164]];[0.18181818181818182, 0.3166023166023166, 0.32270916334661354, 0.56, 0.29245283018867924, 0.4308300395256917, 0.4924924924924925];0.06976744186046512;0.06314292949469413;[[0, 24, 9, 49, 2, 11, 11], [0, 1, 1, 7, 1, 0, 56], [10, 6, 0, 80, 15, 1, 14], [6, 13, 24, 17, 54, 70, 62], [22, 24, 27, 3, 8, 7, 37], [13, 8, 19, 17, 0, 17, 16], [7, 17, 0, 5, 7, 5, 14]];[0.0, 0.015151515151515152, 0.0, 0.06910569105691057, 0.0625, 0.18888888888888888, 0.2545454545454545];49.0;[5, 6, 5, 5, 7, 12, 9]
Cora;own;medoids;0.2;64;0.5;1;0.005;0.9;649695571.0;0.875;0.8861301260316038;[[5, 0, 0, 0, 0, 0, 1], [0, 6, 0, 0, 0, 1, 0], [0, 0, 6, 0, 0, 0, 0], [0, 0, 0, 5, 0, 0, 0], [0, 1, 0, 0, 6, 0, 0], [0, 1, 0, 1, 1, 12, 1], [0, 0, 0, 0, 0, 0, 9]];[0.8333333333333334, 0.8571428571428571, 1.0, 1.0, 0.8571428571428571, 0.75, 1.0];0.38365122615803815;0.3646422207979451;[[38, 27, 24, 24, 21, 50, 39], [11, 73, 19, 28, 13, 53, 43], [23, 21, 81, 23, 19, 50, 38], [13, 16, 20, 164, 9, 54, 33], [8, 27, 24, 23, 59, 42, 23], [19, 23, 22, 38, 18, 134, 28], [19, 12, 33, 29, 24, 48, 155]];[0.17040358744394618, 0.30416666666666664, 0.3176470588235294, 0.5307443365695793, 0.28640776699029125, 0.475177304964539, 0.484375];0.06976744186046512;0.061835700501805105;[[1, 28, 7, 37, 2, 20, 11], [0, 1, 1, 6, 1, 2, 55], [11, 5, 0, 80, 15, 3, 12], [7, 11, 27, 16, 54, 83, 48], [23, 22, 28, 3, 6, 17, 29], [12, 9, 19, 15, 0, 21, 14], [10, 17, 0, 1, 5, 10, 12]];[0.009433962264150943, 0.015151515151515152, 0.0, 0.06504065040650407, 0.046875, 0.23333333333333334, 0.21818181818181817];56.0;[6, 7, 6, 5, 7, 16, 9]
Cora;own;medoids;0.2;64;0.5;1;0.005;0.9;649695571.0;0.9365079365079365;0.9357712462975621;[[6, 0, 0, 0, 0, 0, 2], [0, 9, 0, 0, 0, 0, 0], [1, 0, 7, 0, 0, 0, 0], [0, 0, 0, 5, 0, 0, 0], [0, 0, 0, 0, 7, 0, 0], [0, 1, 0, 0, 0, 16, 0], [0, 0, 0, 0, 0, 0, 9]];[0.75, 1.0, 0.875, 1.0, 1.0, 0.9411764705882353, 1.0];0.4431072210065646;0.43071421307666136;[[77, 22, 23, 21, 14, 47, 35], [19, 96, 25, 25, 7, 39, 36], [35, 17, 128, 17, 6, 35, 34], [16, 15, 29, 161, 4, 41, 28], [22, 20, 34, 23, 49, 32, 18], [29, 21, 28, 21, 5, 147, 23], [29, 17, 37, 27, 10, 32, 152]];[0.32217573221757323, 0.38866396761133604, 0.47058823529411764, 0.5476190476190477, 0.2474747474747475, 0.5364963503649635, 0.5];0.05997552019583843;0.05582063984791363;[[2, 34, 12, 15, 0, 33, 10], [0, 2, 1, 4, 1, 3, 55], [10, 10, 0, 79, 12, 3, 12], [17, 24, 53, 14, 35, 48, 55], [18, 18, 45, 0, 2, 24, 21], [35, 9, 3, 13, 0, 19, 11], [13, 16, 0, 1, 3, 12, 10]];[0.018867924528301886, 0.030303030303030304, 0.0, 0.056910569105691054, 0.015625, 0.2111111111111111, 0.18181818181818182];63.0;[8, 9, 8, 5, 7, 17, 9]
Cora;own;medoids;0.2;64;0.5;1;0.005;0.9;649695571.0;0.9;0.908012843858853;[[8, 0, 0, 0, 0, 1, 1], [0, 9, 0, 0, 0, 0, 0], [1, 0, 8, 0, 0, 0, 0], [0, 0, 0, 5, 0, 0, 0], [0, 0, 0, 0, 7, 0, 0], [0, 1, 0, 1, 0, 16, 0], [1, 0, 0, 0, 0, 1, 10]];[0.8, 1.0, 0.8888888888888888, 1.0, 1.0, 0.8888888888888888, 0.8333333333333334];0.45304777594728174;0.4414272538081607;[[83, 10, 22, 23, 16, 38, 45], [17, 87, 28, 25, 8, 28, 41], [35, 10, 122, 16, 7, 30, 39], [12, 7, 29, 157, 5, 37, 36], [20, 12, 30, 23, 54, 26, 32], [27, 17, 28, 25, 10, 138, 32], [33, 12, 32, 30, 10, 33, 184]];[0.350210970464135, 0.3717948717948718, 0.47104247104247104, 0.5547703180212014, 0.27411167512690354, 0.4981949458483754, 0.5508982035928144];0.06119951040391677;0.05573212608541329;[[3, 22, 13, 21, 0, 32, 15], [1, 1, 1, 6, 1, 1, 55], [8, 3, 0, 76, 15, 4, 20], [17, 18, 49, 14, 36, 44, 68], [17, 14, 46, 1, 2, 22, 26], [32, 7, 4, 15, 0, 16, 16], [13, 12, 0, 3, 4, 9, 14]];[0.02830188679245283, 0.015151515151515152, 0.0, 0.056910569105691054, 0.015625, 0.17777777777777778, 0.2545454545454545];70.0;[10, 9, 9, 5, 7, 18, 12]


Cora;own;medoids;0.2;64;0.5;1;0.005;0.9;831763849.0;0.0;0.0;[[]];[];0.06610259122157588;0.0633577621846059;[[9, 12, 100, 3, 4, 51, 66], [0, 4, 122, 2, 0, 6, 17], [9, 9, 53, 64, 4, 30, 123], [36, 49, 105, 5, 2, 17, 358], [27, 81, 52, 4, 4, 13, 117], [8, 16, 117, 3, 0, 29, 35], [0, 26, 62, 6, 1, 9, 21]];[0.036734693877551024, 0.026490066225165563, 0.1815068493150685, 0.008741258741258742, 0.013422818791946308, 0.13942307692307693, 0.168];0.06364749082007344;0.0638019242123359;[[4, 10, 40, 1, 3, 19, 29], [3, 1, 49, 0, 0, 7, 6], [1, 3, 21, 33, 5, 9, 54], [12, 28, 39, 2, 1, 11, 153], [12, 35, 24, 1, 5, 5, 46], [4, 9, 51, 2, 4, 11, 9], [1, 16, 23, 1, 0, 6, 8]];[0.03773584905660377, 0.015151515151515152, 0.16666666666666666, 0.008130081300813009, 0.0390625, 0.12222222222222222, 0.14545454545454545];0.0;[]
Cora;own;medoids;0.2;64;0.5;1;0.005;0.9;831763849.0;1.0;1.0;[[1, 0, 0, 0, 0], [0, 1, 0, 0, 0], [0, 0, 1, 0, 0], [0, 0, 0, 2, 0], [0, 0, 0, 0, 2]];[1.0, 1.0, 1.0, 1.0, 1.0];0.18312101910828024;0.11442516741696239;[[122, 0, 9, 0, 0, 153, 29], [75, 1, 4, 0, 0, 135, 27], [87, 0, 12, 0, 0, 150, 34], [54, 1, 5, 0, 0, 155, 18], [80, 1, 11, 0, 0, 151, 22], [85, 0, 9, 0, 0, 162, 28], [81, 0, 2, 0, 0, 133, 48]];[0.38977635782747605, 0.004132231404958678, 0.04240282685512368, 0.0, 0.0, 0.5704225352112676, 0.18181818181818182];0.14443084455324356;0.07426741111564503;[[33, 0, 4, 0, 0, 44, 25], [5, 0, 0, 0, 0, 60, 1], [1, 2, 0, 0, 0, 123, 0], [115, 0, 0, 0, 0, 64, 67], [89, 0, 0, 0, 0, 32, 7], [4, 0, 2, 0, 0, 84, 0], [1, 0, 26, 0, 0, 27, 1]];[0.3113207547169811, 0.0, 0.0, 0.0, 0.0, 0.9333333333333333, 0.01818181818181818];7.0;[1, 1, 1, 0, 0, 2, 2]
Cora;own;medoids;0.2;64;0.5;1;0.005;0.9;831763849.0;0.9285714285714286;0.9238095238095239;[[1, 0, 0, 0, 0, 0, 0], [0, 1, 1, 0, 0, 0, 0], [0, 0, 2, 0, 0, 0, 0], [0, 0, 0, 1, 0, 0, 0], [0, 0, 0, 0, 1, 0, 0], [0, 0, 0, 0, 0, 3, 0], [0, 0, 0, 0, 0, 0, 4]];[1.0, 0.5, 1.0, 1.0, 1.0, 1.0, 1.0];0.28343100692594564;0.2574717034845741;[[79, 26, 22, 19, 14, 51, 62], [43, 136, 14, 5, 14, 38, 65], [45, 18, 26, 12, 21, 45, 79], [27, 35, 13, 22, 13, 48, 47], [44, 27, 21, 11, 40, 54, 74], [45, 28, 18, 6, 16, 78, 80], [39, 26, 7, 11, 13, 49, 151]];[0.2893772893772894, 0.43174603174603177, 0.10569105691056911, 0.1073170731707317, 0.14760147601476015, 0.2878228782287823, 0.5101351351351351];0.13953488372093023;0.14178427643175784;[[22, 4, 7, 0, 8, 16, 49], [5, 4, 0, 1, 0, 48, 8], [3, 108, 2, 0, 0, 4, 9], [65, 3, 2, 1, 9, 7, 159], [37, 1, 5, 27, 19, 11, 28], [4, 4, 4, 0, 9, 64, 5], [0, 1, 38, 1, 2, 11, 2]];[0.20754716981132076, 0.06060606060606061, 0.015873015873015872, 0.0040650406504065045, 0.1484375, 0.7111111111111111, 0.03636363636363636];14.0;[1, 2, 2, 1, 1, 3, 4]
Cora;own;medoids;0.2;64;0.5;1;0.005;0.9;831763849.0;0.7619047619047619;0.7882498453927026;[[1, 0, 0, 0, 0, 0, 0], [0, 1, 1, 0, 0, 0, 2], [0, 0, 3, 0, 0, 0, 0], [0, 1, 0, 2, 0, 0, 0], [0, 0, 0, 0, 2, 0, 1], [0, 0, 0, 0, 0, 3, 0], [0, 0, 0, 0, 0, 0, 4]];[1.0, 0.25, 1.0, 0.6666666666666666, 0.6666666666666666, 1.0, 1.0];0.2909090909090909;0.27053156814651586;[[69, 29, 27, 28, 17, 41, 58], [25, 136, 17, 11, 21, 36, 75], [29, 22, 37, 20, 27, 42, 71], [18, 41, 16, 32, 16, 43, 43], [33, 26, 24, 20, 42, 51, 70], [35, 29, 20, 10, 25, 81, 65], [21, 33, 14, 17, 16, 44, 147]];[0.25650557620817843, 0.4236760124610592, 0.14919354838709678, 0.15311004784688995, 0.15789473684210525, 0.30566037735849055, 0.5034246575342466];0.10893512851897184;0.11726458688089844;[[19, 6, 9, 1, 13, 14, 44], [2, 6, 0, 0, 0, 50, 8], [1, 113, 1, 0, 0, 5, 6], [50, 8, 4, 2, 11, 15, 156], [29, 1, 7, 36, 20, 11, 24], [4, 6, 10, 14, 12, 39, 5], [0, 1, 38, 0, 3, 11, 2]];[0.1792452830188679, 0.09090909090909091, 0.007936507936507936, 0.008130081300813009, 0.15625, 0.43333333333333335, 0.03636363636363636];21.0;[1, 4, 3, 3, 3, 3, 4]
Cora;own;medoids;0.2;64;0.5;1;0.005;0.9;831763849.0;1.0;1.0;[[1, 0, 0, 0, 0, 0, 0], [0, 5, 0, 0, 0, 0, 0], [0, 0, 4, 0, 0, 0, 0], [0, 0, 0, 4, 0, 0, 0], [0, 0, 0, 0, 5, 0, 0], [0, 0, 0, 0, 0, 4, 0], [0, 0, 0, 0, 0, 0, 5]];[1.0, 1.0, 1.0, 1.0, 1.0, 1.0, 1.0];0.33225979602791195;0.31102679669335664;[[55, 37, 21, 43, 20, 28, 52], [18, 161, 10, 23, 28, 27, 55], [30, 37, 31, 26, 29, 31, 55], [16, 41, 12, 69, 12, 33, 37], [23, 38, 17, 32, 69, 42, 51], [28, 28, 13, 33, 21, 79, 51], [18, 33, 12, 35, 17, 31, 155]];[0.21484375, 0.5, 0.1297071129707113, 0.31363636363636366, 0.2536764705882353, 0.31225296442687744, 0.5149501661129569];0.07221542227662178;0.07835005979325513;[[20, 14, 6, 3, 13, 12, 38], [0, 4, 1, 4, 0, 49, 8], [2, 97, 0, 8, 0, 11, 8], [51, 21, 5, 4, 35, 10, 120], [21, 34, 3, 35, 11, 3, 21], [4, 2, 8, 46, 10, 16, 4], [0, 0, 29, 1, 10, 11, 4]];[0.18867924528301888, 0.06060606060606061, 0.0, 0.016260162601626018, 0.0859375, 0.17777777777777778, 0.07272727272727272];28.0;[1, 5, 4, 4, 5, 4, 5]
Cora;own;medoids;0.2;64;0.5;1;0.005;0.9;831763849.0;0.8571428571428571;0.8529359529359529;[[2, 0, 0, 0, 0, 0, 0], [0, 6, 1, 0, 0, 0, 0], [0, 0, 4, 0, 0, 0, 0], [0, 0, 0, 4, 0, 0, 0], [0, 0, 0, 0, 5, 1, 1], [1, 0, 0, 1, 0, 4, 0], [0, 0, 0, 0, 0, 0, 5]];[1.0, 0.8571428571428571, 1.0, 1.0, 0.7142857142857143, 0.6666666666666666, 1.0];0.33459051724137934;0.31010241740066935;[[52, 47, 19, 26, 19, 34, 49], [15, 171, 7, 11, 25, 38, 46], [26, 43, 29, 16, 28, 36, 52], [14, 50, 10, 55, 10, 42, 35], [19, 46, 15, 19, 66, 54, 47], [32, 38, 10, 31, 23, 98, 62], [15, 42, 10, 17, 13, 44, 150]];[0.21138211382113822, 0.5463258785942492, 0.12608695652173912, 0.25462962962962965, 0.24812030075187969, 0.3333333333333333, 0.5154639175257731];0.08200734394124846;0.08187794252079787;[[11, 25, 2, 0, 11, 18, 39], [0, 6, 1, 2, 0, 51, 6], [0, 99, 0, 5, 1, 14, 7], [48, 24, 4, 3, 30, 22, 115], [19, 52, 3, 24, 7, 6, 17], [4, 2, 6, 29, 9, 36, 4], [0, 0, 28, 1, 10, 12, 4]];[0.10377358490566038, 0.09090909090909091, 0.0, 0.012195121951219513, 0.0546875, 0.4, 0.07272727272727272];35.0;[2, 7, 4, 4, 7, 6, 5]
Cora;own;medoids;0.2;64;0.5;1;0.005;0.9;831763849.0;0.9523809523809523;0.9560988031576266;[[3, 0, 0, 0, 0, 0, 0], [0, 8, 0, 0, 0, 0, 0], [0, 0, 5, 0, 0, 0, 0], [0, 0, 1, 5, 0, 0, 0], [0, 1, 0, 0, 7, 0, 0], [0, 0, 0, 0, 0, 6, 0], [0, 0, 0, 0, 0, 0, 6]];[1.0, 1.0, 1.0, 0.8333333333333334, 0.875, 1.0, 1.0];0.392644672796106;0.36630893794116987;[[57, 53, 16, 25, 15, 46, 30], [10, 189, 5, 11, 22, 37, 37], [16, 46, 30, 21, 19, 48, 44], [8, 54, 13, 89, 9, 41, 32], [14, 51, 13, 23, 69, 56, 35], [16, 45, 5, 15, 15, 147, 45], [11, 46, 6, 21, 14, 34, 145]];[0.23553719008264462, 0.6077170418006431, 0.13392857142857142, 0.3617886178861789, 0.26436781609195403, 0.5104166666666666, 0.5234657039711191];0.11505507955936352;0.11123872821348825;[[16, 36, 3, 2, 9, 13, 27], [1, 7, 0, 27, 2, 20, 9], [0, 99, 0, 6, 1, 14, 6], [31, 24, 2, 3, 25, 61, 100], [14, 47, 0, 35, 6, 16, 10], [1, 2, 5, 15, 8, 55, 4], [0, 1, 22, 5, 10, 10, 7]];[0.1509433962264151, 0.10606060606060606, 0.0, 0.012195121951219513, 0.046875, 0.6111111111111112, 0.12727272727272726];42.0;[3, 8, 5, 6, 8, 6, 6]
Cora;own;medoids;0.2;64;0.5;1;0.005;0.9;831763849.0;0.9591836734693877;0.9481946624803769;[[3, 0, 0, 0, 0, 0, 0], [0, 9, 0, 0, 0, 0, 0], [1, 0, 6, 0, 0, 1, 0], [0, 0, 0, 7, 0, 0, 0], [0, 0, 0, 0, 9, 0, 0], [0, 0, 0, 0, 0, 6, 0], [0, 0, 0, 0, 0, 0, 7]];[1.0, 1.0, 0.75, 1.0, 1.0, 1.0, 1.0];0.4201954397394137;0.406791049484049;[[63, 35, 13, 27, 20, 35, 41], [10, 176, 10, 15, 29, 30, 37], [21, 31, 63, 22, 26, 42, 48], [11, 35, 6, 102, 24, 32, 34], [20, 38, 11, 22, 84, 38, 36], [18, 25, 11, 14, 22, 134, 47], [14, 28, 16, 20, 27, 27, 152]];[0.2692307692307692, 0.5732899022801303, 0.2490118577075099, 0.4180327868852459, 0.3373493975903614, 0.4944649446494465, 0.5352112676056338];0.11627906976744186;0.12150998841785379;[[21, 20, 2, 3, 15, 9, 36], [1, 5, 0, 20, 3, 13, 24], [0, 81, 3, 7, 6, 17, 12], [34, 19, 18, 5, 32, 53, 85], [19, 33, 2, 32, 14, 8, 20], [7, 2, 8, 13, 11, 43, 6], [0, 1, 16, 16, 12, 6, 4]];[0.19811320754716982, 0.07575757575757576, 0.023809523809523808, 0.02032520325203252, 0.109375, 0.4777777777777778, 0.07272727272727272];49.0;[3, 9, 8, 7, 9, 6, 7]
Cora;own;medoids;0.2;64;0.5;1;0.005;0.9;831763849.0;0.9285714285714286;0.9259811616954475;[[6, 0, 0, 0, 0, 0, 0], [0, 10, 0, 0, 0, 1, 0], [1, 0, 7, 0, 0, 0, 0], [0, 0, 1, 7, 0, 0, 1], [0, 0, 0, 0, 9, 0, 0], [0, 0, 0, 0, 0, 6, 0], [0, 0, 0, 0, 0, 0, 7]];[1.0, 0.9090909090909091, 0.875, 0.7777777777777778, 1.0, 1.0, 1.0];0.42670299727520433;0.41465361912391024;[[96, 36, 17, 43, 11, 30, 27], [33, 178, 15, 22, 11, 31, 20], [32, 31, 61, 32, 13, 42, 22], [24, 35, 10, 122, 5, 27, 26], [40, 42, 10, 37, 61, 33, 21], [41, 29, 9, 23, 5, 126, 29], [35, 29, 11, 33, 8, 22, 139]];[0.36923076923076925, 0.5741935483870968, 0.26180257510729615, 0.4899598393574297, 0.25, 0.48091603053435117, 0.5018050541516246];0.13096695226438188;0.12618161430124117;[[44, 23, 1, 4, 3, 8, 23], [2, 6, 1, 33, 1, 9, 14], [4, 84, 5, 12, 1, 16, 4], [46, 22, 24, 12, 22, 54, 66], [24, 39, 1, 45, 2, 8, 9], [19, 2, 3, 21, 7, 36, 2], [8, 1, 13, 21, 7, 3, 2]];[0.41509433962264153, 0.09090909090909091, 0.03968253968253968, 0.04878048780487805, 0.015625, 0.4, 0.03636363636363636];56.0;[6, 11, 8, 9, 9, 6, 7]
Cora;own;medoids;0.2;64;0.5;1;0.005;0.9;831763849.0;0.8888888888888888;0.8948579431772709;[[7, 0, 0, 0, 0, 0, 0], [0, 10, 1, 0, 1, 1, 0], [1, 0, 7, 0, 0, 1, 0], [0, 0, 0, 9, 0, 0, 0], [1, 1, 0, 0, 9, 0, 0], [0, 0, 0, 0, 0, 7, 0], [0, 0, 0, 0, 0, 0, 7]];[1.0, 0.7692307692307693, 0.7777777777777778, 1.0, 0.8181818181818182, 1.0, 1.0];0.42943107221006566;0.4105923792078798;[[102, 27, 13, 43, 10, 39, 25], [30, 180, 25, 22, 16, 34, 22], [27, 30, 40, 28, 13, 53, 19], [22, 28, 4, 129, 7, 36, 19], [36, 37, 7, 33, 60, 52, 18], [32, 27, 9, 24, 8, 135, 34], [24, 24, 9, 34, 10, 33, 139]];[0.3938223938223938, 0.547112462006079, 0.19047619047619047, 0.5265306122448979, 0.24691358024691357, 0.5018587360594795, 0.5091575091575091];0.1211750305997552;0.11380710262075303;[[39, 21, 1, 8, 4, 8, 25], [2, 5, 1, 33, 1, 11, 13], [4, 80, 4, 11, 2, 21, 4], [38, 19, 23, 12, 23, 77, 54], [15, 38, 1, 42, 4, 13, 15], [23, 1, 3, 19, 7, 33, 4], [18, 1, 7, 16, 6, 5, 2]];[0.36792452830188677, 0.07575757575757576, 0.031746031746031744, 0.04878048780487805, 0.03125, 0.36666666666666664, 0.03636363636363636];63.0;[7, 13, 9, 9, 11, 7, 7]
Cora;own;medoids;0.2;64;0.5;1;0.005;0.9;831763849.0;0.8571428571428571;0.8694162765538456;[[7, 0, 1, 0, 1, 0, 0], [0, 10, 1, 1, 1, 2, 0], [0, 0, 11, 0, 0, 0, 0], [0, 0, 0, 9, 0, 0, 0], [1, 2, 0, 0, 9, 0, 0], [0, 0, 0, 0, 0, 7, 0], [0, 0, 0, 0, 0, 0, 7]];[0.7777777777777778, 0.6666666666666666, 1.0, 1.0, 0.75, 1.0, 1.0];0.43657331136738053;0.42543148933162334;[[108, 36, 17, 30, 16, 28, 23], [25, 185, 25, 12, 17, 34, 22], [28, 34, 69, 22, 21, 38, 26], [27, 37, 5, 119, 11, 28, 19], [36, 43, 20, 25, 62, 37, 18], [32, 30, 21, 19, 8, 122, 28], [24, 28, 13, 25, 14, 24, 130]];[0.4186046511627907, 0.578125, 0.28991596638655465, 0.483739837398374, 0.2572614107883817, 0.46923076923076923, 0.5038759689922481];0.1211750305997552;0.12106756909141127;[[39, 23, 3, 5, 9, 4, 23], [4, 5, 4, 24, 3, 11, 15], [5, 83, 2, 9, 4, 20, 3], [38, 20, 53, 7, 26, 52, 50], [16, 45, 10, 32, 9, 4, 12], [16, 2, 7, 18, 8, 35, 4], [26, 1, 5, 11, 6, 4, 2]];[0.36792452830188677, 0.07575757575757576, 0.015873015873015872, 0.028455284552845527, 0.0703125, 0.3888888888888889, 0.03636363636363636];70.0;[9, 15, 11, 9, 12, 7, 7]


Cora;own;medoids;0.2;64;0.5;1;0.005;0.9;615395017.0;0.0;0.0;[[]];[];0.2459016393442623;0.1536619843573477;[[2, 60, 3, 56, 101, 3, 20], [2, 21, 2, 13, 104, 3, 6], [12, 7, 22, 16, 40, 11, 184], [12, 21, 6, 265, 218, 13, 37], [3, 35, 4, 52, 148, 19, 37], [8, 11, 3, 60, 116, 0, 10], [0, 17, 6, 38, 55, 2, 7]];[0.00816326530612245, 0.1390728476821192, 0.07534246575342465, 0.4632867132867133, 0.4966442953020134, 0.0, 0.056];0.23990208078335373;0.14446425637635193;[[1, 30, 1, 23, 43, 1, 7], [1, 5, 0, 2, 52, 2, 4], [4, 5, 8, 15, 17, 9, 68], [3, 12, 1, 113, 94, 6, 17], [1, 18, 1, 19, 66, 8, 15], [7, 5, 3, 26, 43, 1, 5], [0, 9, 3, 11, 29, 1, 2]];[0.009433962264150943, 0.07575757575757576, 0.06349206349206349, 0.45934959349593496, 0.515625, 0.011111111111111112, 0.03636363636363636];0.0;[]
Cora;own;medoids;0.2;64;0.5;1;0.005;0.9;615395017.0;1.0;1.0;[[3, 0, 0, 0, 0], [0, 1, 0, 0, 0], [0, 0, 1, 0, 0], [0, 0, 0, 1, 0], [0, 0, 0, 0, 1]];[1.0, 1.0, 1.0, 1.0, 1.0];0.1751592356687898;0.10985184289104855;[[0, 144, 8, 52, 48, 3, 0], [0, 202, 4, 31, 37, 0, 0], [0, 145, 17, 40, 43, 1, 0], [0, 163, 10, 36, 60, 1, 0], [0, 164, 8, 46, 70, 0, 0], [0, 151, 14, 43, 60, 5, 0], [0, 165, 8, 52, 53, 0, 0]];[0.0, 0.7372262773722628, 0.06910569105691057, 0.13333333333333333, 0.24305555555555555, 0.018315018315018316, 0.0];0.14932680538555693;0.09160007468920421;[[0, 103, 0, 2, 1, 0, 0], [0, 9, 0, 3, 54, 0, 0], [0, 28, 0, 9, 89, 0, 0], [0, 114, 1, 112, 13, 6, 0], [0, 103, 24, 0, 1, 0, 0], [0, 81, 0, 0, 9, 0, 0], [0, 53, 0, 0, 2, 0, 0]];[0.0, 0.13636363636363635, 0.0, 0.45528455284552843, 0.0078125, 0.0, 0.0];7.0;[0, 3, 1, 1, 1, 1]
Cora;own;medoids;0.2;64;0.5;1;0.005;0.9;615395017.0;1.0;1.0;[[5, 0, 0, 0, 0, 0], [0, 1, 0, 0, 0, 0], [0, 0, 2, 0, 0, 0], [0, 0, 0, 3, 0, 0], [0, 0, 0, 0, 2, 0], [0, 0, 0, 0, 0, 1]];[1.0, 1.0, 1.0, 1.0, 1.0, 1.0];0.23867874267448055;0.17461974328267166;[[0, 71, 4, 61, 66, 11, 24], [0, 152, 2, 42, 58, 2, 9], [0, 84, 11, 57, 50, 8, 21], [0, 92, 9, 40, 82, 4, 28], [0, 90, 4, 56, 192, 9, 17], [0, 85, 11, 57, 64, 19, 20], [0, 93, 1, 65, 67, 5, 34]];[0.0, 0.5735849056603773, 0.047619047619047616, 0.1568627450980392, 0.5217391304347826, 0.07421875, 0.12830188679245283];0.189718482252142;0.10915323377000821;[[0, 86, 0, 4, 15, 0, 1], [0, 1, 0, 2, 12, 0, 51], [0, 2, 0, 3, 121, 0, 0], [0, 45, 2, 147, 40, 8, 4], [0, 90, 10, 5, 6, 15, 2], [0, 22, 2, 0, 53, 0, 13], [0, 30, 1, 6, 17, 0, 1]];[0.0, 0.015151515151515152, 0.0, 0.5975609756097561, 0.046875, 0.0, 0.01818181818181818];14.0;[0, 5, 1, 2, 3, 2, 1]
Cora;own;medoids;0.2;64;0.5;1;0.005;0.9;615395017.0;0.9523809523809523;0.961038961038961;[[6, 0, 0, 0, 0, 0], [0, 3, 0, 0, 0, 0], [0, 0, 3, 1, 0, 0], [0, 0, 0, 5, 0, 0], [0, 0, 0, 0, 2, 0], [0, 0, 0, 0, 0, 1]];[1.0, 1.0, 0.75, 1.0, 1.0, 1.0];0.2994652406417112;0.23118252986254165;[[0, 28, 46, 18, 99, 10, 14], [0, 108, 37, 20, 80, 2, 5], [0, 37, 113, 19, 85, 6, 11], [0, 36, 51, 43, 116, 7, 25], [0, 42, 46, 25, 248, 8, 12], [0, 40, 51, 16, 96, 19, 10], [0, 41, 44, 20, 102, 5, 29]];[0.0, 0.42857142857142855, 0.41697416974169743, 0.15467625899280577, 0.6509186351706037, 0.08189655172413793, 0.12033195020746888];0.09547123623011015;0.06053742228915769;[[0, 55, 20, 21, 9, 0, 1], [0, 1, 1, 2, 20, 0, 42], [0, 1, 0, 1, 124, 0, 0], [0, 17, 50, 54, 117, 6, 2], [0, 39, 46, 1, 23, 19, 0], [0, 4, 35, 4, 42, 0, 5], [0, 17, 15, 12, 11, 0, 0]];[0.0, 0.015151515151515152, 0.0, 0.21951219512195122, 0.1796875, 0.0, 0.0];21.0;[0, 6, 3, 4, 5, 2, 1]
Cora;own;medoids;0.2;64;0.5;1;0.005;0.9;615395017.0;1.0;1.0;[[7, 0, 0, 0, 0, 0], [0, 7, 0, 0, 0, 0], [0, 0, 5, 0, 0, 0], [0, 0, 0, 6, 0, 0], [0, 0, 0, 0, 2, 0], [0, 0, 0, 0, 0, 1]];[1.0, 1.0, 1.0, 1.0, 1.0, 1.0];0.33870101986044016;0.24452320380643436;[[0, 33, 72, 10, 73, 9, 1], [0, 115, 72, 11, 58, 1, 0], [0, 35, 218, 14, 57, 8, 0], [0, 33, 91, 39, 88, 7, 5], [0, 42, 72, 20, 227, 8, 1], [0, 39, 82, 9, 68, 19, 0], [0, 40, 77, 17, 74, 5, 13]];[0.0, 0.4474708171206226, 0.6566265060240963, 0.1482889733840304, 0.6135135135135135, 0.08755760368663594, 0.05752212389380531];0.06976744186046512;0.049897910867782204;[[0, 60, 26, 13, 7, 0, 0], [0, 1, 50, 1, 10, 0, 4], [0, 2, 2, 1, 121, 0, 0], [0, 22, 77, 44, 93, 10, 0], [0, 33, 68, 0, 10, 17, 0], [0, 8, 56, 5, 20, 0, 1], [0, 21, 21, 4, 9, 0, 0]];[0.0, 0.015151515151515152, 0.015873015873015872, 0.17886178861788618, 0.078125, 0.0, 0.0];28.0;[0, 7, 7, 5, 6, 2, 1]
Cora;own;medoids;0.2;64;0.5;1;0.005;0.9;615395017.0;0.9142857142857143;0.8856124267888974;[[2, 0, 0, 0, 0, 0, 0], [0, 7, 0, 0, 0, 0, 0], [0, 0, 8, 0, 0, 0, 0], [0, 0, 0, 5, 0, 0, 0], [0, 0, 0, 1, 7, 1, 0], [0, 0, 0, 0, 0, 2, 0], [0, 0, 0, 0, 1, 0, 1]];[1.0, 1.0, 1.0, 1.0, 0.7777777777777778, 1.0, 0.5];0.34375;0.2815059318623335;[[40, 20, 58, 13, 71, 9, 1], [16, 99, 48, 12, 65, 1, 2], [31, 14, 193, 17, 60, 7, 4], [32, 17, 58, 49, 88, 6, 4], [29, 31, 52, 29, 227, 8, 2], [19, 26, 64, 9, 75, 17, 1], [32, 23, 54, 22, 83, 5, 13]];[0.18867924528301888, 0.4074074074074074, 0.5920245398773006, 0.19291338582677164, 0.6005291005291006, 0.08056872037914692, 0.05603448275862069];0.09179926560587515;0.07061464207019312;[[8, 51, 20, 17, 9, 0, 1], [2, 0, 46, 1, 11, 0, 6], [0, 2, 4, 8, 112, 0, 0], [14, 15, 59, 48, 100, 8, 2], [22, 23, 53, 0, 14, 16, 0], [25, 5, 32, 7, 20, 0, 1], [8, 13, 13, 9, 11, 0, 1]];[0.07547169811320754, 0.0, 0.031746031746031744, 0.1951219512195122, 0.109375, 0.0, 0.01818181818181818];35.0;[2, 7, 8, 5, 9, 2, 2]
Cora;own;medoids;0.2;64;0.5;1;0.005;0.9;615395017.0;0.9047619047619048;0.889720098565742;[[2, 0, 1, 0, 1, 0, 0], [0, 8, 0, 0, 0, 0, 0], [0, 0, 9, 0, 0, 0, 0], [0, 0, 0, 7, 0, 0, 0], [0, 0, 0, 1, 7, 1, 0], [0, 0, 0, 0, 0, 3, 0], [0, 0, 0, 0, 0, 0, 2]];[0.5, 1.0, 1.0, 1.0, 0.7777777777777778, 1.0, 1.0];0.3520822065981612;0.29920810763664785;[[49, 29, 53, 15, 57, 9, 4], [31, 105, 40, 15, 47, 1, 2], [34, 25, 191, 25, 37, 6, 6], [36, 27, 57, 59, 59, 5, 14], [33, 37, 45, 38, 207, 8, 5], [21, 33, 62, 12, 59, 19, 4], [28, 32, 49, 24, 68, 6, 21]];[0.22685185185185186, 0.43568464730290457, 0.5895061728395061, 0.22957198443579765, 0.5549597855227882, 0.09047619047619047, 0.09210526315789473];0.07466340269277846;0.056777480716761884;[[1, 56, 18, 20, 9, 0, 2], [0, 0, 51, 1, 9, 0, 5], [1, 2, 4, 15, 104, 0, 0], [24, 25, 65, 46, 78, 8, 0], [30, 30, 41, 1, 8, 15, 3], [35, 6, 30, 8, 2, 0, 9], [11, 12, 14, 9, 7, 0, 2]];[0.009433962264150943, 0.0, 0.031746031746031744, 0.18699186991869918, 0.0625, 0.0, 0.03636363636363636];42.0;[4, 8, 9, 7, 9, 3, 2]
Cora;own;medoids;0.2;64;0.5;1;0.005;0.9;615395017.0;0.9387755102040817;0.9192252339532303;[[4, 0, 0, 0, 0, 1, 0], [0, 11, 0, 0, 0, 0, 0], [0, 0, 9, 0, 0, 0, 0], [0, 0, 0, 7, 0, 0, 0], [0, 0, 0, 0, 8, 1, 0], [0, 0, 0, 0, 0, 4, 0], [0, 0, 1, 0, 0, 0, 3]];[0.8, 1.0, 1.0, 1.0, 0.8888888888888888, 1.0, 0.75];0.38816503800217156;0.34677536283611055;[[50, 23, 34, 15, 63, 10, 22], [19, 129, 27, 15, 57, 1, 20], [23, 20, 172, 24, 47, 8, 18], [31, 24, 38, 62, 63, 5, 20], [22, 36, 33, 24, 219, 10, 17], [22, 24, 46, 10, 59, 19, 17], [22, 22, 37, 23, 72, 4, 64]];[0.2304147465437788, 0.48134328358208955, 0.5512820512820513, 0.2551440329218107, 0.6066481994459834, 0.09644670050761421, 0.26229508196721313];0.09791921664626684;0.08097916439732356;[[4, 52, 11, 19, 15, 0, 5], [0, 0, 48, 1, 14, 0, 3], [0, 3, 4, 15, 103, 0, 1], [20, 24, 45, 47, 85, 7, 18], [12, 11, 31, 0, 15, 17, 42], [27, 26, 18, 8, 3, 0, 8], [15, 7, 9, 7, 7, 0, 10]];[0.03773584905660377, 0.0, 0.031746031746031744, 0.1910569105691057, 0.1171875, 0.0, 0.18181818181818182];49.0;[5, 11, 9, 7, 9, 4, 4]
Cora;own;medoids;0.2;64;0.5;1;0.005;0.9;615395017.0;0.9107142857142857;0.9062420119562977;[[4, 0, 0, 0, 0, 1, 0], [0, 12, 0, 0, 1, 0, 0], [0, 0, 10, 0, 0, 0, 0], [0, 0, 0, 7, 0, 0, 0], [0, 0, 1, 0, 8, 1, 1], [0, 0, 0, 0, 0, 5, 0], [0, 0, 0, 0, 0, 0, 5]];[0.8, 0.9230769230769231, 1.0, 1.0, 0.7272727272727273, 1.0, 1.0];0.4125340599455041;0.37059266897366827;[[43, 29, 39, 7, 55, 10, 27], [14, 145, 33, 8, 56, 1, 29], [15, 18, 182, 20, 37, 6, 22], [20, 27, 45, 60, 54, 6, 21], [23, 33, 35, 26, 212, 10, 15], [16, 24, 47, 10, 53, 23, 16], [20, 22, 39, 21, 62, 7, 92]];[0.20476190476190476, 0.506993006993007, 0.6066666666666667, 0.2575107296137339, 0.5988700564971752, 0.12169312169312169, 0.34980988593155893];0.07833537331701346;0.06488986772608163;[[1, 52, 12, 17, 13, 4, 7], [1, 0, 48, 1, 13, 0, 3], [3, 3, 5, 19, 94, 0, 2], [18, 25, 53, 40, 65, 7, 38], [4, 23, 35, 0, 8, 17, 41], [28, 24, 20, 9, 4, 0, 5], [14, 6, 8, 3, 14, 0, 10]];[0.009433962264150943, 0.0, 0.03968253968253968, 0.16260162601626016, 0.0625, 0.0, 0.18181818181818182];56.0;[5, 13, 10, 7, 11, 5, 5]
Cora;own;medoids;0.2;64;0.5;1;0.005;0.9;615395017.0;0.873015873015873;0.8675720917737725;[[4, 0, 0, 0, 0, 2, 0], [1, 12, 0, 1, 1, 0, 0], [0, 0, 12, 0, 0, 0, 0], [0, 0, 0, 8, 0, 0, 0], [0, 1, 1, 0, 9, 1, 0], [0, 0, 0, 0, 0, 5, 0], [0, 0, 0, 0, 0, 0, 5]];[0.6666666666666666, 0.8, 1.0, 1.0, 0.75, 1.0, 1.0];0.4474835886214442;0.39389711106894404;[[32, 23, 50, 14, 37, 10, 25], [14, 141, 40, 17, 42, 1, 36], [9, 13, 242, 17, 28, 7, 25], [10, 20, 59, 76, 43, 4, 23], [10, 22, 49, 23, 207, 9, 23], [7, 20, 58, 12, 39, 22, 25], [11, 15, 47, 22, 47, 4, 98]];[0.16753926701570682, 0.4845360824742268, 0.7096774193548387, 0.32340425531914896, 0.6034985422740525, 0.12021857923497267, 0.4016393442622951];0.051407588739290085;0.04036790150884652;[[1, 42, 15, 20, 12, 4, 12], [0, 0, 53, 2, 9, 0, 2], [0, 3, 7, 25, 87, 0, 4], [14, 14, 91, 26, 36, 8, 57], [3, 20, 43, 0, 2, 17, 43], [24, 20, 21, 17, 4, 0, 4], [8, 5, 16, 4, 16, 0, 6]];[0.009433962264150943, 0.0, 0.05555555555555555, 0.10569105691056911, 0.015625, 0.0, 0.10909090909090909];63.0;[6, 15, 12, 8, 12, 5, 5]
Cora;own;medoids;0.2;64;0.5;1;0.005;0.9;615395017.0;0.8571428571428571;0.8631865830022513;[[5, 1, 1, 0, 0, 0, 0], [1, 13, 0, 1, 1, 0, 0], [0, 0, 12, 0, 0, 0, 0], [0, 0, 0, 9, 0, 0, 1], [1, 1, 1, 1, 10, 0, 0], [0, 0, 0, 0, 0, 6, 0], [0, 0, 0, 0, 0, 0, 5]];[0.7142857142857143, 0.8125, 1.0, 0.9, 0.7142857142857143, 1.0, 1.0];0.40472267984623833;0.3650255881574792;[[33, 28, 46, 16, 42, 7, 19], [15, 144, 37, 20, 127, 0, 31], [10, 12, 230, 21, 35, 6, 24], [10, 20, 42, 76, 55, 2, 23], [18, 18, 44, 23, 139, 10, 17], [10, 19, 52, 13, 46, 24, 18], [12, 14, 42, 23, 53, 4, 91]];[0.17277486910994763, 0.3850267379679144, 0.6804733727810651, 0.3333333333333333, 0.516728624535316, 0.13186813186813187, 0.3807531380753138];0.05385556915544676;0.0411709694501542;[[1, 39, 12, 16, 18, 6, 14], [0, 0, 48, 1, 10, 1, 6], [1, 3, 5, 26, 89, 0, 2], [14, 17, 96, 28, 41, 8, 42], [6, 20, 38, 0, 6, 13, 45], [25, 19, 14, 22, 9, 0, 1], [9, 4, 11, 5, 22, 0, 4]];[0.009433962264150943, 0.0, 0.03968253968253968, 0.11382113821138211, 0.046875, 0.0, 0.07272727272727272];70.0;[7, 16, 12, 10, 14, 6, 5]


Cora;own;medoids;0.2;64;0.5;1;0.005;0.9;2140929057.0;0.0;0.0;[[]];[];0.12268640930724485;0.09316438293330631;[[0, 26, 58, 52, 103, 5, 1], [3, 27, 5, 98, 9, 7, 2], [4, 96, 25, 14, 54, 99, 0], [4, 145, 48, 106, 116, 143, 10], [25, 72, 16, 74, 68, 38, 5], [1, 53, 74, 44, 28, 2, 6], [5, 6, 84, 10, 16, 0, 4]];[0.0, 0.17880794701986755, 0.08561643835616438, 0.1853146853146853, 0.22818791946308725, 0.009615384615384616, 0.032];0.13341493268053856;0.10196045001958039;[[0, 6, 33, 30, 35, 2, 0], [0, 16, 3, 40, 4, 3, 0], [4, 41, 12, 5, 19, 44, 1], [3, 57, 14, 48, 52, 69, 3], [12, 26, 10, 24, 30, 22, 4], [1, 24, 39, 14, 9, 2, 1], [4, 5, 32, 6, 7, 0, 1]];[0.0, 0.24242424242424243, 0.09523809523809523, 0.1951219512195122, 0.234375, 0.022222222222222223, 0.01818181818181818];0.0;[]
Cora;own;medoids;0.2;64;0.5;1;0.005;0.9;2140929057.0;1.0;1.0;[[2, 0, 0, 0], [0, 2, 0, 0], [0, 0, 2, 0], [0, 0, 0, 1]];[1.0, 1.0, 1.0, 1.0];0.1746284501061571;0.10194771066603137;[[181, 85, 17, 0, 1, 0, 0], [150, 103, 12, 0, 0, 0, 0], [189, 65, 43, 0, 0, 0, 0], [158, 66, 14, 0, 0, 0, 0], [184, 76, 11, 0, 2, 0, 0], [173, 77, 11, 0, 0, 0, 0], [166, 85, 15, 0, 0, 0, 0]];[0.6373239436619719, 0.3886792452830189, 0.1447811447811448, 0.0, 0.007326007326007326, 0.0, 0.0];0.13096695226438188;0.05661439026708488;[[94, 11, 1, 0, 0, 0, 0], [54, 12, 0, 0, 0, 0, 0], [3, 122, 1, 0, 0, 0, 0], [153, 87, 6, 0, 0, 0, 0], [71, 11, 46, 0, 0, 0, 0], [82, 8, 0, 0, 0, 0, 0], [37, 17, 0, 0, 1, 0, 0]];[0.8867924528301887, 0.18181818181818182, 0.007936507936507936, 0.0, 0.0, 0.0, 0.0];7.0;[2, 2, 2, 0, 1]
Cora;own;medoids;0.2;64;0.5;1;0.005;0.9;2140929057.0;1.0;1.0;[[2, 0, 0, 0, 0], [0, 4, 0, 0, 0], [0, 0, 6, 0, 0], [0, 0, 0, 1, 0], [0, 0, 0, 0, 1]];[1.0, 1.0, 1.0, 1.0, 1.0];0.23654768247202984;0.15682364507855145;[[73, 78, 113, 4, 1, 0, 0], [41, 127, 103, 7, 0, 0, 0], [65, 50, 212, 10, 3, 0, 0], [55, 51, 103, 28, 1, 0, 0], [64, 61, 125, 3, 4, 0, 0], [54, 65, 120, 9, 0, 0, 0], [53, 80, 105, 8, 1, 0, 0]];[0.27137546468401486, 0.4568345323741007, 0.6235294117647059, 0.11764705882352941, 0.01556420233463035, 0.0, 0.0];0.1383108935128519;0.09059242956811171;[[42, 17, 47, 0, 0, 0, 0], [45, 14, 7, 0, 0, 0, 0], [1, 70, 55, 0, 0, 0, 0], [35, 89, 116, 2, 3, 0, 1], [6, 3, 93, 26, 0, 0, 0], [21, 19, 45, 5, 0, 0, 0], [15, 14, 25, 1, 0, 0, 0]];[0.39622641509433965, 0.21212121212121213, 0.4365079365079365, 0.008130081300813009, 0.0, 0.0, 0.0];14.0;[2, 4, 6, 1, 1]
Cora;own;medoids;0.2;64;0.5;1;0.005;0.9;2140929057.0;1.0;1.0;[[3, 0, 0, 0, 0, 0], [0, 7, 0, 0, 0, 0], [0, 0, 6, 0, 0, 0], [0, 0, 0, 2, 0, 0], [0, 0, 0, 0, 2, 0], [0, 0, 0, 0, 0, 1]];[1.0, 1.0, 1.0, 1.0, 1.0, 1.0];0.3235294117647059;0.26826463509594467;[[78, 77, 18, 19, 21, 0, 38], [32, 244, 28, 17, 12, 0, 31], [53, 69, 115, 22, 14, 0, 34], [45, 68, 25, 49, 14, 0, 20], [55, 59, 27, 20, 34, 0, 36], [46, 77, 20, 21, 12, 0, 42], [40, 93, 23, 19, 18, 0, 85]];[0.3107569721115538, 0.6703296703296703, 0.3745928338762215, 0.22171945701357465, 0.1471861471861472, 0.0, 0.3057553956834532];0.14443084455324356;0.13351940531006648;[[71, 16, 5, 3, 6, 0, 5], [9, 15, 1, 0, 38, 0, 3], [0, 112, 13, 0, 0, 0, 1], [25, 89, 19, 10, 8, 0, 95], [6, 13, 45, 60, 1, 0, 3], [14, 48, 16, 5, 4, 0, 3], [14, 24, 7, 2, 0, 0, 8]];[0.6698113207547169, 0.22727272727272727, 0.10317460317460317, 0.04065040650406504, 0.0078125, 0.0, 0.14545454545454545];21.0;[3, 7, 6, 2, 2, 0, 1]
Cora;own;medoids;0.2;64;0.5;1;0.005;0.9;2140929057.0;0.9642857142857143;0.9481481481481482;[[4, 0, 0, 0, 0, 0], [0, 8, 0, 0, 0, 0], [0, 0, 7, 0, 0, 0], [0, 0, 0, 3, 0, 0], [0, 0, 0, 0, 3, 0], [1, 0, 0, 0, 0, 2]];[1.0, 1.0, 1.0, 1.0, 1.0, 0.6666666666666666];0.355877616747182;0.29795029856212196;[[96, 64, 20, 19, 18, 0, 42], [34, 249, 27, 14, 8, 0, 33], [61, 56, 119, 12, 19, 0, 40], [47, 50, 30, 63, 11, 0, 25], [55, 47, 30, 15, 33, 0, 42], [48, 57, 28, 21, 10, 0, 47], [39, 70, 27, 20, 14, 0, 103]];[0.37065637065637064, 0.6821917808219178, 0.38762214983713356, 0.27876106194690264, 0.14864864864864866, 0.0, 0.3772893772893773];0.16279069767441862;0.14645898577542588;[[76, 13, 6, 2, 6, 0, 3], [2, 24, 4, 0, 28, 0, 8], [0, 109, 14, 0, 0, 0, 3], [22, 83, 23, 7, 4, 0, 107], [7, 14, 52, 51, 1, 0, 3], [15, 13, 12, 31, 6, 0, 13], [23, 7, 12, 1, 1, 0, 11]];[0.7169811320754716, 0.36363636363636365, 0.1111111111111111, 0.028455284552845527, 0.0078125, 0.0, 0.2];28.0;[4, 8, 7, 3, 3, 0, 3]
Cora;own;medoids;0.2;64;0.5;1;0.005;0.9;2140929057.0;1.0;1.0;[[7, 0, 0, 0, 0, 0, 0], [0, 8, 0, 0, 0, 0, 0], [0, 0, 7, 0, 0, 0, 0], [0, 0, 0, 4, 0, 0, 0], [0, 0, 0, 0, 4, 0, 0], [0, 0, 0, 0, 0, 2, 0], [0, 0, 0, 0, 0, 0, 3]];[1.0, 1.0, 1.0, 1.0, 1.0, 1.0, 1.0];0.390625;0.3425820566354885;[[179, 60, 20, 25, 3, 27, 15], [34, 231, 28, 21, 3, 22, 12], [50, 51, 126, 19, 4, 23, 17], [43, 37, 25, 84, 4, 24, 10], [57, 43, 26, 21, 30, 26, 14], [60, 55, 23, 18, 2, 56, 13], [53, 65, 23, 25, 5, 25, 19]];[0.5440729483282675, 0.6581196581196581, 0.43448275862068964, 0.3700440528634361, 0.1382488479262673, 0.24669603524229075, 0.08837209302325581];0.14932680538555693;0.13028941193489413;[[47, 13, 6, 4, 7, 25, 4], [34, 13, 8, 0, 7, 3, 1], [3, 104, 14, 0, 0, 2, 3], [96, 80, 24, 26, 2, 6, 12], [6, 9, 47, 56, 0, 9, 1], [5, 14, 17, 25, 2, 21, 6], [17, 12, 8, 3, 1, 13, 1]];[0.44339622641509435, 0.19696969696969696, 0.1111111111111111, 0.10569105691056911, 0.0, 0.23333333333333334, 0.01818181818181818];35.0;[7, 8, 7, 4, 4, 2, 3]
Cora;own;medoids;0.2;64;0.5;1;0.005;0.9;2140929057.0;0.9523809523809523;0.9598506069094305;[[8, 1, 0, 0, 0, 0, 0], [0, 8, 0, 0, 0, 0, 0], [0, 0, 7, 0, 0, 0, 0], [0, 0, 0, 4, 0, 0, 0], [0, 0, 0, 0, 7, 0, 0], [0, 0, 0, 0, 0, 2, 0], [1, 0, 0, 0, 0, 0, 4]];[0.8888888888888888, 1.0, 1.0, 1.0, 1.0, 1.0, 0.8];0.4186046511627907;0.3900391637834181;[[155, 59, 13, 9, 42, 7, 39], [13, 222, 21, 11, 34, 4, 30], [23, 39, 108, 7, 40, 5, 54], [23, 28, 20, 54, 32, 7, 39], [31, 38, 22, 11, 120, 6, 32], [29, 41, 17, 8, 52, 29, 32], [33, 48, 17, 10, 44, 5, 86]];[0.4783950617283951, 0.6626865671641791, 0.391304347826087, 0.2660098522167488, 0.46153846153846156, 0.13942307692307693, 0.35390946502057613];0.08200734394124846;0.08873070841567621;[[14, 9, 7, 0, 46, 4, 26], [30, 14, 7, 0, 9, 2, 4], [3, 104, 14, 0, 0, 0, 5], [69, 72, 18, 3, 34, 0, 50], [3, 8, 39, 29, 10, 2, 37], [3, 6, 14, 24, 23, 8, 12], [9, 5, 7, 0, 30, 0, 4]];[0.1320754716981132, 0.21212121212121213, 0.1111111111111111, 0.012195121951219513, 0.078125, 0.08888888888888889, 0.07272727272727272];42.0;[9, 8, 7, 4, 7, 2, 5]
Cora;own;medoids;0.2;64;0.5;1;0.005;0.9;2140929057.0;0.8163265306122449;0.7999905065694539;[[8, 1, 0, 0, 0, 0, 0], [1, 8, 0, 0, 0, 1, 1], [0, 0, 7, 1, 0, 0, 0], [0, 0, 0, 4, 0, 0, 0], [0, 0, 0, 0, 7, 0, 0], [0, 0, 1, 0, 1, 2, 0], [1, 1, 0, 0, 0, 0, 4]];[0.8888888888888888, 0.7272727272727273, 0.875, 1.0, 1.0, 0.5, 0.6666666666666666];0.41259500542888167;0.3790699870224186;[[152, 58, 14, 10, 40, 7, 33], [21, 225, 22, 10, 42, 10, 32], [24, 41, 108, 12, 34, 8, 48], [26, 29, 21, 51, 31, 8, 33], [34, 38, 21, 11, 125, 3, 22], [31, 43, 19, 6, 60, 25, 20], [32, 49, 19, 13, 42, 5, 74]];[0.4840764331210191, 0.6215469613259669, 0.3927272727272727, 0.2562814070351759, 0.4921259842519685, 0.12254901960784313, 0.3162393162393162];0.08078335373317014;0.08766589321941619;[[14, 9, 7, 0, 48, 4, 24], [31, 14, 7, 0, 8, 3, 3], [4, 104, 14, 0, 0, 0, 4], [77, 74, 22, 2, 34, 0, 37], [4, 8, 41, 30, 10, 3, 32], [3, 6, 15, 26, 20, 9, 11], [10, 3, 6, 0, 33, 0, 3]];[0.1320754716981132, 0.21212121212121213, 0.1111111111111111, 0.008130081300813009, 0.078125, 0.1, 0.05454545454545454];49.0;[9, 11, 8, 4, 7, 4, 6]
Cora;own;medoids;0.2;64;0.5;1;0.005;0.9;2140929057.0;0.8928571428571429;0.9035129490392649;[[8, 2, 0, 0, 0, 0, 0], [1, 11, 0, 0, 0, 0, 0], [0, 0, 7, 0, 1, 0, 0], [0, 0, 0, 4, 0, 0, 0], [0, 0, 0, 0, 9, 0, 0], [0, 0, 1, 0, 0, 4, 0], [1, 0, 0, 0, 0, 0, 7]];[0.8, 0.9166666666666666, 0.875, 1.0, 1.0, 0.8, 0.875];0.44686648501362397;0.42302371412475087;[[129, 73, 15, 7, 54, 11, 23], [14, 230, 23, 9, 33, 8, 23], [15, 45, 101, 10, 43, 7, 39], [16, 32, 21, 47, 33, 13, 25], [23, 41, 22, 9, 161, 16, 10], [15, 52, 20, 5, 46, 53, 21], [13, 51, 15, 11, 42, 11, 99]];[0.41346153846153844, 0.6764705882352942, 0.38846153846153847, 0.25133689839572193, 0.5709219858156028, 0.25, 0.4090909090909091];0.06976744186046512;0.0763750739994531;[[10, 23, 6, 0, 33, 11, 23], [10, 11, 7, 0, 35, 2, 1], [3, 101, 15, 0, 3, 0, 4], [55, 73, 22, 2, 37, 21, 36], [4, 11, 41, 26, 6, 3, 37], [3, 8, 18, 22, 15, 11, 13], [11, 2, 6, 0, 33, 1, 2]];[0.09433962264150944, 0.16666666666666666, 0.11904761904761904, 0.008130081300813009, 0.046875, 0.12222222222222222, 0.03636363636363636];56.0;[10, 12, 8, 4, 9, 5, 8]
Cora;own;medoids;0.2;64;0.5;1;0.005;0.9;2140929057.0;0.9047619047619048;0.8960699431287666;[[11, 0, 0, 0, 0, 0, 0], [1, 11, 0, 0, 0, 1, 0], [0, 0, 9, 0, 1, 0, 0], [0, 0, 0, 4, 0, 0, 0], [0, 0, 0, 1, 10, 0, 0], [0, 0, 1, 0, 0, 4, 0], [1, 0, 0, 0, 0, 0, 8]];[1.0, 0.8461538461538461, 0.9, 1.0, 0.9090909090909091, 0.8, 0.8888888888888888];0.4420131291028446;0.41676032151912956;[[118, 48, 24, 5, 42, 11, 31], [17, 225, 32, 6, 24, 24, 18], [17, 36, 121, 8, 29, 9, 40], [17, 31, 27, 45, 27, 14, 25], [20, 38, 26, 9, 157, 17, 19], [15, 47, 24, 3, 34, 50, 24], [52, 46, 26, 8, 36, 14, 92]];[0.4229390681003584, 0.6502890173410405, 0.4653846153846154, 0.24193548387096775, 0.548951048951049, 0.25380710659898476, 0.3357664233576642];0.07221542227662178;0.08174937178647931;[[16, 27, 7, 0, 26, 8, 22], [18, 5, 8, 0, 30, 3, 2], [9, 91, 16, 0, 4, 0, 6], [59, 57, 33, 1, 29, 32, 35], [5, 8, 64, 23, 0, 2, 26], [4, 5, 18, 19, 14, 16, 14], [9, 2, 8, 0, 30, 1, 5]];[0.1509433962264151, 0.07575757575757576, 0.12698412698412698, 0.0040650406504065045, 0.0, 0.17777777777777778, 0.09090909090909091];63.0;[11, 13, 10, 4, 11, 5, 9]
Cora;own;medoids;0.2;64;0.5;1;0.005;0.9;2140929057.0;0.8571428571428571;0.8356948840142117;[[12, 0, 0, 0, 0, 0, 0], [1, 12, 0, 1, 0, 1, 0], [0, 0, 11, 0, 0, 1, 0], [0, 0, 0, 4, 1, 0, 0], [0, 0, 0, 1, 10, 0, 0], [0, 0, 1, 0, 0, 4, 0], [2, 1, 0, 0, 0, 0, 7]];[1.0, 0.8, 0.9166666666666666, 0.8, 0.9090909090909091, 0.8, 0.7];0.4514003294892916;0.4204391183064273;[[143, 53, 25, 4, 32, 9, 34], [28, 227, 30, 10, 24, 23, 25], [26, 40, 125, 6, 29, 11, 36], [21, 27, 28, 40, 26, 10, 25], [26, 36, 23, 8, 158, 14, 18], [21, 46, 24, 4, 32, 45, 22], [24, 37, 27, 7, 38, 10, 84]];[0.4766666666666667, 0.6185286103542235, 0.45787545787545786, 0.22598870056497175, 0.558303886925795, 0.23195876288659795, 0.3700440528634361];0.0795593635250918;0.0864262979769881;[[16, 27, 7, 0, 24, 10, 22], [16, 8, 6, 0, 31, 3, 2], [14, 84, 18, 0, 7, 0, 3], [70, 56, 33, 1, 26, 24, 36], [7, 8, 68, 18, 4, 2, 21], [3, 7, 18, 18, 20, 14, 10], [8, 2, 9, 0, 31, 1, 4]];[0.1509433962264151, 0.12121212121212122, 0.14285714285714285, 0.0040650406504065045, 0.03125, 0.15555555555555556, 0.07272727272727272];70.0;[12, 15, 12, 5, 11, 5, 10]


Cora;own;medoids;0.2;64;0.5;1;0.005;0.9;1240197975.0;0.0;0.0;[[]];[];0.10682178741406663;0.09311081318618909;[[6, 102, 57, 12, 37, 8, 23], [4, 8, 23, 79, 19, 2, 16], [26, 12, 95, 34, 76, 14, 35], [43, 31, 112, 29, 61, 12, 284], [24, 24, 87, 20, 48, 41, 54], [7, 53, 36, 44, 42, 11, 15], [0, 33, 10, 7, 68, 2, 5]];[0.024489795918367346, 0.052980132450331126, 0.3253424657534247, 0.050699300699300696, 0.1610738255033557, 0.052884615384615384, 0.04];0.10281517747858017;0.09521157736157183;[[0, 44, 26, 4, 18, 3, 11], [2, 4, 12, 34, 9, 0, 5], [10, 3, 34, 18, 36, 13, 12], [24, 16, 49, 10, 15, 4, 128], [10, 11, 39, 5, 22, 15, 26], [7, 17, 6, 24, 18, 9, 9], [0, 11, 2, 1, 36, 0, 5]];[0.0, 0.06060606060606061, 0.2698412698412698, 0.04065040650406504, 0.171875, 0.1, 0.09090909090909091];0.0;[]
Cora;own;medoids;0.2;64;0.5;1;0.005;0.9;1240197975.0;1.0;1.0;[[3, 0, 0, 0], [0, 2, 0, 0], [0, 0, 1, 0], [0, 0, 0, 1]];[1.0, 1.0, 1.0, 1.0];0.2091295116772824;0.13096270517373904;[[218, 29, 1, 0, 1, 98, 0], [131, 69, 2, 0, 2, 75, 0], [128, 36, 2, 0, 1, 76, 0], [128, 26, 0, 0, 2, 89, 1], [121, 38, 1, 0, 16, 89, 0], [132, 29, 0, 0, 0, 89, 1], [125, 37, 1, 0, 3, 87, 0]];[0.6282420749279539, 0.24731182795698925, 0.00823045267489712, 0.0, 0.06037735849056604, 0.3545816733067729, 0.0];0.11627906976744186;0.07050335663491845;[[29, 58, 0, 0, 2, 17, 0], [23, 1, 0, 0, 0, 41, 1], [8, 3, 0, 0, 0, 115, 0], [224, 11, 0, 0, 3, 8, 0], [94, 34, 0, 0, 0, 0, 0], [16, 8, 0, 0, 1, 65, 0], [30, 9, 0, 0, 4, 12, 0]];[0.27358490566037735, 0.015151515151515152, 0.0, 0.0, 0.0, 0.7222222222222222, 0.0];7.0;[3, 2, 0, 0, 1, 1]
Cora;own;medoids;0.2;64;0.5;1;0.005;0.9;1240197975.0;0.9285714285714286;0.9510204081632653;[[3, 0, 0, 0, 0, 0, 0], [1, 2, 0, 0, 0, 0, 0], [0, 0, 1, 0, 0, 0, 0], [0, 0, 0, 2, 0, 0, 0], [0, 0, 0, 0, 1, 0, 0], [0, 0, 0, 0, 0, 3, 0], [0, 0, 0, 0, 0, 0, 1]];[1.0, 0.6666666666666666, 1.0, 1.0, 1.0, 1.0, 1.0];0.23814597762386788;0.19102699992645303;[[171, 12, 0, 7, 4, 95, 47], [86, 46, 0, 11, 5, 78, 42], [84, 12, 4, 8, 3, 80, 40], [83, 9, 2, 20, 4, 87, 43], [77, 14, 1, 6, 17, 86, 50], [88, 9, 0, 11, 0, 128, 41], [88, 17, 1, 16, 5, 78, 61]];[0.5089285714285714, 0.17164179104477612, 0.017316017316017316, 0.08064516129032258, 0.06772908366533864, 0.4620938628158845, 0.22932330827067668];0.10893512851897184;0.09641694597208221;[[7, 4, 0, 0, 1, 50, 44], [9, 0, 0, 1, 3, 48, 5], [5, 0, 0, 7, 1, 110, 3], [195, 9, 0, 1, 4, 24, 13], [73, 32, 0, 3, 0, 6, 14], [5, 3, 0, 20, 2, 42, 18], [10, 0, 0, 0, 3, 3, 39]];[0.0660377358490566, 0.0, 0.0, 0.0040650406504065045, 0.0, 0.4666666666666667, 0.7090909090909091];14.0;[3, 3, 1, 2, 1, 3, 1]
Cora;own;medoids;0.2;64;0.5;1;0.005;0.9;1240197975.0;1.0;1.0;[[4, 0, 0, 0, 0, 0, 0], [0, 5, 0, 0, 0, 0, 0], [0, 0, 1, 0, 0, 0, 0], [0, 0, 0, 4, 0, 0, 0], [0, 0, 0, 0, 1, 0, 0], [0, 0, 0, 0, 0, 5, 0], [0, 0, 0, 0, 0, 0, 1]];[1.0, 1.0, 1.0, 1.0, 1.0, 1.0, 1.0];0.2994652406417112;0.24884915238660157;[[220, 22, 4, 13, 2, 72, 42], [73, 90, 5, 10, 2, 61, 39], [70, 21, 7, 14, 1, 57, 38], [78, 22, 11, 49, 2, 54, 39], [80, 15, 10, 15, 16, 57, 39], [68, 16, 0, 22, 0, 122, 43], [77, 31, 3, 16, 2, 64, 56]];[0.5866666666666667, 0.32142857142857145, 0.03365384615384615, 0.19215686274509805, 0.06896551724137931, 0.45018450184501846, 0.2248995983935743];0.12851897184822522;0.11930726396493292;[[5, 8, 0, 1, 1, 45, 46], [56, 1, 1, 0, 0, 7, 1], [12, 0, 0, 31, 0, 77, 6], [158, 37, 1, 11, 3, 17, 19], [37, 45, 0, 11, 0, 30, 5], [12, 3, 8, 1, 1, 49, 16], [9, 1, 0, 0, 2, 4, 39]];[0.04716981132075472, 0.015151515151515152, 0.0, 0.044715447154471545, 0.0, 0.5444444444444444, 0.7090909090909091];21.0;[4, 5, 1, 4, 1, 5, 1]
Cora;own;medoids;0.2;64;0.5;1;0.005;0.9;1240197975.0;0.8571428571428571;0.7914862914862916;[[5, 0, 0, 0, 0, 0, 1], [0, 6, 0, 0, 0, 0, 0], [0, 0, 1, 0, 1, 0, 0], [0, 0, 0, 4, 0, 0, 0], [0, 0, 0, 0, 1, 0, 1], [0, 0, 0, 1, 0, 5, 0], [0, 0, 0, 0, 0, 0, 2]];[0.8333333333333334, 1.0, 0.5, 1.0, 0.5, 0.8333333333333334, 1.0];0.33601717659688674;0.3122830634430967;[[220, 25, 20, 21, 22, 16, 29], [67, 103, 23, 10, 17, 18, 29], [78, 28, 81, 35, 18, 28, 27], [74, 24, 17, 47, 27, 12, 28], [78, 19, 24, 12, 36, 17, 30], [62, 22, 23, 41, 10, 81, 25], [66, 38, 17, 23, 23, 14, 58]];[0.623229461756374, 0.3857677902621723, 0.2745762711864407, 0.2052401746724891, 0.16666666666666666, 0.3068181818181818, 0.24267782426778242];0.1456548347613219;0.16964636155716106;[[8, 13, 4, 3, 4, 39, 35], [55, 1, 6, 0, 3, 0, 1], [10, 0, 45, 49, 3, 17, 2], [156, 43, 9, 12, 3, 8, 15], [33, 47, 9, 11, 1, 24, 3], [7, 3, 8, 2, 45, 15, 10], [9, 1, 4, 0, 3, 1, 37]];[0.07547169811320754, 0.015151515151515152, 0.35714285714285715, 0.04878048780487805, 0.0078125, 0.16666666666666666, 0.6727272727272727];28.0;[6, 6, 2, 4, 2, 6, 2]
Cora;own;medoids;0.2;64;0.5;1;0.005;0.9;1240197975.0;0.7714285714285715;0.7214285714285715;[[6, 0, 0, 0, 0, 0, 0], [0, 6, 0, 0, 0, 1, 0], [0, 0, 2, 0, 1, 1, 0], [0, 1, 0, 4, 0, 0, 0], [0, 0, 0, 0, 1, 0, 1], [0, 0, 0, 1, 0, 6, 1], [0, 0, 1, 0, 0, 0, 2]];[1.0, 0.8571428571428571, 0.5, 0.8, 0.5, 0.75, 0.6666666666666666];0.34698275862068967;0.3217766937608535;[[173, 47, 35, 6, 28, 33, 25], [44, 123, 21, 8, 11, 35, 21], [40, 39, 128, 10, 19, 41, 19], [28, 52, 28, 41, 21, 37, 23], [43, 39, 27, 6, 36, 34, 25], [31, 40, 36, 25, 7, 99, 39], [36, 55, 29, 16, 20, 33, 44]];[0.49855907780979825, 0.467680608365019, 0.43243243243243246, 0.1782608695652174, 0.17142857142857143, 0.3574007220216607, 0.1888412017167382];0.20318237454100369;0.21242107578523037;[[4, 16, 2, 3, 2, 53, 26], [44, 1, 11, 0, 1, 5, 4], [2, 0, 97, 15, 2, 7, 3], [96, 77, 3, 16, 3, 26, 25], [23, 57, 0, 9, 2, 36, 1], [3, 7, 2, 1, 50, 19, 8], [6, 3, 0, 0, 4, 15, 27]];[0.03773584905660377, 0.015151515151515152, 0.7698412698412699, 0.06504065040650407, 0.015625, 0.2111111111111111, 0.4909090909090909];35.0;[6, 7, 4, 5, 2, 8, 3]
Cora;own;medoids;0.2;64;0.5;1;0.005;0.9;1240197975.0;0.9761904761904762;0.9711399711399712;[[6, 0, 0, 0, 0, 0, 0], [0, 8, 0, 0, 0, 0, 0], [0, 0, 5, 0, 1, 0, 0], [0, 0, 0, 5, 0, 0, 0], [0, 0, 0, 0, 4, 0, 0], [0, 0, 0, 0, 0, 8, 0], [0, 0, 0, 0, 0, 0, 5]];[1.0, 1.0, 0.8333333333333334, 1.0, 1.0, 1.0, 1.0];0.3850730124391563;0.3608564943671314;[[199, 21, 44, 13, 15, 36, 11], [50, 111, 37, 13, 11, 36, 11], [51, 25, 136, 15, 19, 33, 16], [51, 22, 41, 52, 11, 32, 13], [61, 24, 36, 12, 44, 32, 7], [46, 19, 35, 18, 3, 120, 21], [54, 37, 40, 23, 12, 30, 50]];[0.5870206489675516, 0.41263940520446096, 0.4610169491525424, 0.23423423423423423, 0.2037037037037037, 0.4580152671755725, 0.2032520325203252];0.18604651162790697;0.16888304057165746;[[7, 17, 16, 12, 3, 37, 14], [49, 1, 11, 0, 0, 4, 1], [3, 0, 93, 8, 0, 15, 7], [125, 42, 21, 15, 9, 22, 12], [39, 43, 4, 12, 0, 24, 6], [3, 6, 30, 0, 25, 23, 3], [2, 4, 9, 0, 3, 24, 13]];[0.0660377358490566, 0.015151515151515152, 0.7380952380952381, 0.06097560975609756, 0.0, 0.25555555555555554, 0.23636363636363636];42.0;[6, 8, 6, 5, 4, 8, 5]
Cora;own;medoids;0.2;64;0.5;1;0.005;0.9;1240197975.0;0.9795918367346939;0.9806076276664513;[[6, 0, 0, 0, 0, 0, 0], [0, 10, 0, 0, 0, 0, 0], [0, 0, 8, 0, 1, 0, 0], [0, 0, 0, 5, 0, 0, 0], [0, 0, 0, 0, 6, 0, 0], [0, 0, 0, 0, 0, 8, 0], [0, 0, 0, 0, 0, 0, 5]];[1.0, 1.0, 0.8888888888888888, 1.0, 1.0, 1.0, 1.0];0.4261672095548317;0.40457985751423653;[[159, 39, 51, 7, 29, 20, 9], [29, 183, 38, 8, 22, 26, 9], [19, 33, 161, 19, 29, 27, 14], [13, 35, 49, 51, 26, 21, 12], [25, 35, 45, 9, 65, 31, 10], [14, 38, 37, 12, 21, 110, 17], [22, 49, 42, 14, 29, 23, 56]];[0.5063694267515924, 0.580952380952381, 0.5331125827814569, 0.2463768115942029, 0.29545454545454547, 0.44176706827309237, 0.23829787234042554];0.16279069767441862;0.1430322157579829;[[4, 23, 18, 14, 5, 29, 13], [39, 2, 13, 0, 1, 6, 5], [1, 0, 80, 7, 1, 19, 18], [59, 66, 35, 11, 43, 20, 12], [26, 49, 18, 9, 4, 18, 4], [3, 12, 24, 0, 24, 26, 1], [2, 19, 3, 0, 3, 22, 6]];[0.03773584905660377, 0.030303030303030304, 0.6349206349206349, 0.044715447154471545, 0.03125, 0.28888888888888886, 0.10909090909090909];49.0;[6, 10, 9, 5, 6, 8, 5]
Cora;own;medoids;0.2;64;0.5;1;0.005;0.9;1240197975.0;1.0;1.0;[[6, 0, 0, 0, 0, 0, 0], [0, 11, 0, 0, 0, 0, 0], [0, 0, 9, 0, 0, 0, 0], [0, 0, 0, 6, 0, 0, 0], [0, 0, 0, 0, 6, 0, 0], [0, 0, 0, 0, 0, 9, 0], [0, 0, 0, 0, 0, 0, 9]];[1.0, 1.0, 1.0, 1.0, 1.0, 1.0, 1.0];0.45776566757493187;0.4431643747153865;[[118, 32, 43, 8, 25, 20, 32], [23, 200, 30, 9, 19, 21, 14], [21, 26, 160, 17, 28, 24, 18], [14, 43, 47, 62, 19, 18, 9], [19, 39, 33, 14, 67, 24, 15], [14, 34, 31, 14, 14, 106, 24], [20, 50, 36, 14, 24, 16, 127]];[0.4244604316546763, 0.6329113924050633, 0.54421768707483, 0.29245283018867924, 0.3175355450236967, 0.4472573839662447, 0.4425087108013937];0.17503059975520197;0.15371086350179525;[[4, 25, 18, 16, 5, 25, 13], [16, 2, 9, 1, 2, 6, 30], [0, 0, 87, 4, 1, 19, 15], [77, 70, 24, 15, 31, 14, 15], [26, 44, 8, 23, 5, 9, 13], [2, 11, 24, 0, 23, 28, 2], [2, 27, 3, 0, 2, 19, 2]];[0.03773584905660377, 0.030303030303030304, 0.6904761904761905, 0.06097560975609756, 0.0390625, 0.3111111111111111, 0.03636363636363636];56.0;[6, 11, 9, 6, 6, 9, 9]
Cora;own;medoids;0.2;64;0.5;1;0.005;0.9;1240197975.0;0.9206349206349206;0.9221731466746178;[[6, 0, 0, 0, 0, 0, 0], [0, 11, 1, 0, 0, 0, 0], [1, 0, 10, 0, 1, 0, 0], [0, 0, 0, 6, 0, 0, 0], [0, 0, 0, 0, 6, 0, 0], [0, 0, 0, 1, 0, 9, 0], [0, 1, 0, 0, 0, 0, 10]];[1.0, 0.9166666666666666, 0.8333333333333334, 1.0, 1.0, 0.9, 0.9090909090909091];0.4671772428884026;0.4526167813938464;[[114, 28, 41, 8, 25, 19, 35], [19, 193, 34, 8, 17, 18, 18], [19, 29, 172, 14, 36, 22, 19], [9, 41, 46, 58, 17, 20, 15], [12, 40, 36, 10, 68, 22, 19], [10, 28, 35, 10, 11, 109, 26], [14, 54, 39, 12, 20, 19, 140]];[0.4222222222222222, 0.6286644951140065, 0.5530546623794212, 0.2815533980582524, 0.3285024154589372, 0.4759825327510917, 0.4697986577181208];0.17380660954712362;0.14999505903761953;[[4, 22, 19, 13, 5, 28, 15], [15, 1, 9, 2, 2, 6, 31], [0, 0, 87, 4, 1, 19, 15], [64, 69, 26, 15, 34, 17, 21], [15, 44, 13, 16, 4, 13, 23], [2, 11, 23, 0, 23, 28, 3], [2, 28, 3, 0, 2, 17, 3]];[0.03773584905660377, 0.015151515151515152, 0.6904761904761905, 0.06097560975609756, 0.03125, 0.3111111111111111, 0.05454545454545454];63.0;[6, 12, 12, 6, 6, 10, 11]
Cora;own;medoids;0.2;64;0.5;1;0.005;0.9;1240197975.0;0.9285714285714286;0.9166773599071736;[[6, 0, 0, 0, 1, 0, 1], [0, 12, 0, 0, 0, 1, 0], [0, 0, 12, 0, 0, 0, 0], [1, 0, 1, 6, 0, 0, 0], [0, 0, 0, 0, 6, 0, 0], [0, 0, 0, 0, 0, 12, 0], [0, 0, 0, 0, 0, 0, 11]];[0.75, 0.9230769230769231, 1.0, 0.75, 1.0, 1.0, 1.0];0.48599670510708404;0.4661148301509378;[[123, 29, 52, 6, 19, 23, 25], [19, 193, 35, 9, 9, 20, 22], [20, 28, 196, 14, 12, 21, 18], [13, 39, 53, 53, 7, 19, 15], [14, 36, 39, 7, 60, 22, 21], [17, 20, 41, 10, 8, 116, 25], [18, 46, 41, 11, 12, 21, 144]];[0.44404332129963897, 0.6286644951140065, 0.6343042071197411, 0.2663316582914573, 0.3015075376884422, 0.48945147679324896, 0.49146757679180886];0.17870257037943696;0.1512682654382711;[[4, 20, 20, 13, 3, 29, 17], [27, 2, 11, 1, 1, 5, 19], [1, 0, 89, 5, 1, 16, 14], [76, 70, 43, 14, 12, 13, 18], [17, 38, 23, 10, 3, 17, 20], [4, 11, 22, 0, 22, 26, 5], [2, 24, 3, 0, 2, 16, 8]];[0.03773584905660377, 0.030303030303030304, 0.7063492063492064, 0.056910569105691054, 0.0234375, 0.28888888888888886, 0.14545454545454545];70.0;[8, 13, 12, 8, 6, 12, 11]


Cora;own;medoids;0.2;64;0.5;1;0.005;0.9;784866329.0;0.0;0.0;[[]];[];0.2178741406663141;0.17396962767309154;[[89, 0, 58, 16, 3, 74, 5], [6, 0, 133, 2, 0, 8, 2], [5, 1, 196, 3, 4, 73, 10], [58, 0, 92, 38, 7, 349, 28], [32, 4, 40, 73, 28, 106, 15], [25, 13, 88, 7, 6, 54, 15], [66, 0, 27, 4, 2, 19, 7]];[0.363265306122449, 0.0, 0.6712328767123288, 0.06643356643356643, 0.09395973154362416, 0.25961538461538464, 0.056];0.20563035495716034;0.16728966624947314;[[35, 0, 27, 6, 0, 38, 0], [6, 0, 59, 0, 0, 1, 0], [5, 1, 81, 0, 1, 30, 8], [23, 0, 45, 14, 3, 150, 11], [15, 2, 14, 29, 15, 49, 4], [10, 6, 34, 6, 4, 20, 10], [30, 0, 12, 1, 1, 8, 3]];[0.330188679245283, 0.0, 0.6428571428571429, 0.056910569105691054, 0.1171875, 0.2222222222222222, 0.05454545454545454];0.0;[]
Cora;own;medoids;0.2;64;0.5;1;0.005;0.9;784866329.0;1.0;1.0;[[1, 0, 0, 0, 0, 0], [0, 1, 0, 0, 0, 0], [0, 0, 1, 0, 0, 0], [0, 0, 0, 2, 0, 0], [0, 0, 0, 0, 1, 0], [0, 0, 0, 0, 0, 1]];[1.0, 1.0, 1.0, 1.0, 1.0, 1.0];0.21019108280254778;0.17493351028391407;[[38, 5, 122, 43, 34, 0, 46], [18, 16, 112, 47, 54, 0, 29], [9, 6, 157, 43, 47, 0, 39], [12, 16, 81, 67, 50, 0, 46], [15, 8, 88, 33, 59, 0, 38], [11, 8, 110, 34, 41, 0, 37], [11, 11, 104, 44, 36, 0, 59]];[0.13194444444444445, 0.057971014492753624, 0.521594684385382, 0.24632352941176472, 0.24481327800829875, 0.0, 0.22264150943396227];0.07711138310893513;0.057799104911523125;[[9, 21, 28, 11, 34, 0, 3], [0, 0, 57, 0, 4, 0, 5], [2, 0, 17, 0, 7, 0, 100], [4, 0, 201, 33, 4, 0, 4], [11, 0, 20, 96, 0, 0, 1], [5, 0, 20, 0, 62, 0, 3], [16, 0, 15, 0, 20, 0, 4]];[0.08490566037735849, 0.0, 0.1349206349206349, 0.13414634146341464, 0.0, 0.0, 0.07272727272727272];7.0;[1, 1, 1, 2, 1, 0, 1]
Cora;own;medoids;0.2;64;0.5;1;0.005;0.9;784866329.0;0.9285714285714286;0.9633699633699634;[[1, 0, 0, 0, 0, 0], [0, 1, 0, 0, 0, 0], [0, 0, 3, 0, 0, 0], [0, 0, 1, 6, 0, 0], [0, 0, 0, 0, 1, 0], [0, 0, 0, 0, 0, 1]];[1.0, 1.0, 1.0, 0.8571428571428571, 1.0, 1.0];0.257858284496537;0.1968461782303154;[[26, 1, 94, 64, 48, 0, 35], [5, 10, 94, 73, 45, 0, 26], [5, 0, 175, 71, 53, 0, 32], [5, 1, 70, 158, 54, 0, 31], [8, 1, 74, 49, 66, 0, 31], [5, 2, 91, 56, 37, 0, 33], [7, 0, 88, 67, 37, 0, 49]];[0.09701492537313433, 0.039525691699604744, 0.5208333333333334, 0.4952978056426332, 0.28820960698689957, 0.0, 0.1975806451612903];0.09302325581395349;0.05172274194806446;[[3, 2, 45, 51, 4, 0, 1], [0, 0, 13, 1, 48, 0, 4], [1, 0, 11, 10, 20, 0, 84], [1, 0, 180, 60, 5, 0, 0], [3, 0, 8, 116, 1, 0, 0], [5, 0, 20, 2, 61, 0, 2], [11, 0, 32, 5, 6, 0, 1]];[0.02830188679245283, 0.0, 0.0873015873015873, 0.24390243902439024, 0.0078125, 0.0, 0.01818181818181818];14.0;[1, 1, 3, 7, 1, 0, 1]
Cora;own;medoids;0.2;64;0.5;1;0.005;0.9;784866329.0;0.9047619047619048;0.9141156462585035;[[3, 0, 0, 0, 0, 0, 0], [0, 2, 0, 0, 0, 0, 0], [0, 0, 3, 1, 0, 0, 0], [0, 0, 0, 7, 0, 0, 0], [0, 0, 0, 0, 1, 0, 0], [0, 0, 0, 0, 0, 2, 0], [0, 0, 0, 1, 0, 0, 1]];[1.0, 1.0, 0.75, 1.0, 1.0, 1.0, 0.5];0.2989304812834225;0.24932294901362684;[[148, 5, 101, 53, 39, 4, 8], [26, 23, 108, 63, 36, 0, 7], [25, 2, 183, 58, 38, 1, 9], [28, 6, 83, 123, 34, 3, 6], [24, 1, 86, 41, 49, 1, 3], [26, 5, 95, 44, 23, 14, 4], [28, 6, 96, 57, 27, 1, 19]];[0.4134078212290503, 0.08745247148288973, 0.5791139240506329, 0.43462897526501765, 0.23902439024390243, 0.06635071090047394, 0.0811965811965812];0.08812729498164015;0.058240497178713234;[[4, 10, 54, 34, 2, 1, 1], [12, 2, 9, 0, 39, 3, 1], [93, 0, 8, 9, 2, 2, 12], [6, 1, 177, 55, 4, 2, 1], [1, 1, 20, 101, 2, 0, 3], [11, 1, 25, 2, 50, 0, 1], [3, 0, 47, 0, 4, 0, 1]];[0.03773584905660377, 0.030303030303030304, 0.06349206349206349, 0.22357723577235772, 0.015625, 0.0, 0.01818181818181818];21.0;[3, 2, 4, 7, 1, 2, 2]
Cora;own;medoids;0.2;64;0.5;1;0.005;0.9;784866329.0;0.7142857142857143;0.6882098293862999;[[3, 1, 0, 0, 0, 0, 0], [0, 2, 0, 0, 0, 0, 0], [0, 0, 4, 1, 0, 0, 0], [1, 0, 0, 7, 0, 0, 0], [1, 0, 0, 0, 1, 0, 0], [0, 0, 1, 0, 0, 2, 0], [1, 0, 1, 1, 0, 0, 1]];[0.75, 1.0, 0.8, 0.875, 0.5, 0.6666666666666666, 0.25];0.298443370907139;0.2458510518946668;[[147, 11, 110, 43, 21, 3, 13], [32, 24, 111, 48, 21, 0, 11], [32, 4, 202, 43, 43, 3, 16], [40, 5, 87, 112, 15, 3, 10], [36, 3, 92, 34, 32, 1, 9], [29, 4, 102, 31, 8, 13, 12], [52, 6, 100, 46, 17, 0, 26]];[0.4224137931034483, 0.09716599190283401, 0.5889212827988338, 0.4117647058823529, 0.15458937198067632, 0.06532663316582915, 0.10526315789473684];0.06731946144430845;0.04393147048033399;[[8, 13, 53, 26, 1, 2, 3], [12, 0, 17, 0, 34, 2, 1], [105, 0, 7, 9, 3, 0, 2], [9, 2, 179, 38, 2, 2, 14], [9, 1, 15, 82, 1, 0, 20], [17, 3, 37, 1, 31, 0, 1], [7, 2, 44, 0, 1, 0, 1]];[0.07547169811320754, 0.0, 0.05555555555555555, 0.15447154471544716, 0.0078125, 0.0, 0.01818181818181818];28.0;[4, 2, 5, 8, 2, 3, 4]
Cora;own;medoids;0.2;64;0.5;1;0.005;0.9;784866329.0;0.8857142857142857;0.8678780284043442;[[4, 1, 0, 0, 0, 0, 0], [0, 3, 0, 0, 0, 0, 0], [0, 0, 4, 1, 0, 0, 0], [0, 0, 0, 9, 0, 0, 0], [0, 0, 0, 0, 5, 0, 0], [0, 0, 1, 0, 0, 2, 0], [0, 1, 0, 0, 0, 0, 4]];[0.8, 1.0, 0.8, 1.0, 1.0, 0.6666666666666666, 0.8];0.3480603448275862;0.31822393405385485;[[144, 28, 83, 34, 32, 4, 13], [25, 57, 73, 40, 28, 1, 17], [23, 33, 186, 28, 33, 5, 25], [29, 37, 52, 96, 21, 5, 18], [28, 19, 69, 29, 85, 3, 16], [24, 19, 71, 31, 18, 14, 16], [21, 30, 67, 34, 26, 2, 64]];[0.4260355029585799, 0.23651452282157676, 0.5585585585585585, 0.37209302325581395, 0.3413654618473896, 0.07253886010362694, 0.26229508196721313];0.05997552019583843;0.04338230455693587;[[4, 33, 43, 20, 3, 2, 1], [8, 2, 24, 0, 27, 2, 3], [85, 0, 4, 14, 7, 0, 16], [12, 17, 122, 37, 38, 4, 16], [3, 27, 12, 53, 1, 0, 32], [17, 12, 25, 2, 32, 1, 1], [5, 4, 37, 4, 4, 1, 0]];[0.03773584905660377, 0.030303030303030304, 0.031746031746031744, 0.15040650406504066, 0.0078125, 0.011111111111111112, 0.0];35.0;[5, 3, 5, 9, 5, 3, 5]
Cora;own;medoids;0.2;64;0.5;1;0.005;0.9;784866329.0;0.8571428571428571;0.8453927025355595;[[6, 1, 0, 0, 0, 0, 0], [0, 4, 0, 0, 0, 0, 0], [1, 0, 4, 1, 0, 0, 0], [0, 0, 0, 9, 0, 0, 1], [0, 0, 0, 0, 6, 0, 0], [0, 0, 1, 0, 0, 2, 0], [0, 1, 0, 0, 0, 0, 5]];[0.8571428571428571, 1.0, 0.6666666666666666, 0.9, 1.0, 0.6666666666666666, 0.8333333333333334];0.37479718766901027;0.34206835283179243;[[185, 20, 53, 16, 32, 2, 33], [47, 63, 46, 33, 22, 1, 34], [55, 16, 164, 22, 19, 5, 44], [44, 16, 38, 89, 22, 3, 39], [49, 12, 47, 23, 84, 2, 31], [38, 14, 50, 18, 19, 14, 27], [50, 20, 39, 28, 26, 1, 94]];[0.5425219941348973, 0.25609756097560976, 0.5046153846153846, 0.3545816733067729, 0.3387096774193548, 0.07777777777777778, 0.3643410852713178];0.04773561811505508;0.034800169920017415;[[11, 23, 35, 24, 2, 2, 9], [11, 0, 25, 0, 24, 2, 4], [96, 0, 1, 10, 6, 0, 13], [35, 7, 76, 23, 51, 4, 50], [5, 14, 4, 37, 3, 0, 65], [47, 13, 17, 4, 7, 0, 2], [9, 2, 32, 5, 4, 2, 1]];[0.10377358490566038, 0.0, 0.007936507936507936, 0.09349593495934959, 0.0234375, 0.0, 0.01818181818181818];42.0;[7, 4, 6, 10, 6, 3, 6]
Cora;own;medoids;0.2;64;0.5;1;0.005;0.9;784866329.0;0.8163265306122449;0.8052320928371348;[[7, 2, 0, 0, 0, 0, 0], [0, 4, 0, 0, 1, 0, 0], [0, 0, 7, 1, 0, 0, 0], [0, 0, 0, 9, 0, 0, 1], [0, 0, 0, 0, 6, 0, 1], [0, 0, 1, 0, 0, 2, 0], [1, 1, 0, 0, 0, 0, 5]];[0.7777777777777778, 0.8, 0.875, 0.9, 0.8571428571428571, 0.6666666666666666, 0.7142857142857143];0.39033659066232357;0.353813536018051;[[178, 21, 51, 22, 30, 2, 32], [38, 64, 46, 36, 25, 0, 35], [42, 18, 191, 29, 22, 3, 39], [35, 17, 33, 92, 25, 3, 35], [40, 17, 50, 22, 86, 2, 28], [31, 14, 51, 20, 20, 14, 25], [35, 23, 45, 32, 29, 0, 94]];[0.5297619047619048, 0.26229508196721313, 0.5552325581395349, 0.38333333333333336, 0.3510204081632653, 0.08, 0.3643410852713178];0.05385556915544676;0.043977335025886126;[[8, 23, 32, 30, 2, 2, 9], [10, 1, 24, 0, 25, 2, 4], [83, 0, 5, 15, 7, 0, 16], [19, 9, 89, 22, 49, 3, 55], [3, 15, 7, 43, 5, 0, 55], [40, 19, 18, 5, 5, 1, 2], [12, 2, 32, 2, 3, 2, 2]];[0.07547169811320754, 0.015151515151515152, 0.03968253968253968, 0.08943089430894309, 0.0390625, 0.011111111111111112, 0.03636363636363636];49.0;[9, 5, 8, 10, 7, 3, 7]
Cora;own;medoids;0.2;64;0.5;1;0.005;0.9;784866329.0;0.8571428571428571;0.871205728668279;[[7, 2, 0, 0, 0, 0, 0], [0, 7, 0, 0, 0, 0, 0], [0, 0, 8, 1, 0, 0, 0], [0, 0, 0, 10, 0, 0, 1], [0, 0, 0, 1, 6, 0, 1], [0, 0, 0, 0, 0, 3, 0], [0, 2, 0, 0, 0, 0, 7]];[0.7777777777777778, 1.0, 0.8888888888888888, 0.9090909090909091, 0.75, 1.0, 0.7777777777777778];0.4032697547683924;0.36859521091953606;[[168, 29, 58, 18, 29, 4, 24], [24, 90, 49, 32, 20, 2, 27], [36, 34, 200, 21, 23, 4, 27], [28, 28, 35, 84, 23, 4, 34], [28, 27, 56, 22, 85, 2, 30], [26, 21, 59, 16, 20, 14, 15], [30, 32, 48, 26, 24, 0, 99]];[0.509090909090909, 0.36885245901639346, 0.5797101449275363, 0.3559322033898305, 0.34, 0.08187134502923976, 0.38223938223938225];0.06609547123623011;0.059615744785012185;[[8, 25, 28, 29, 2, 5, 9], [9, 0, 24, 0, 26, 2, 5], [81, 1, 8, 14, 8, 0, 14], [19, 10, 108, 18, 45, 4, 42], [3, 23, 27, 38, 11, 0, 26], [19, 49, 13, 2, 6, 0, 1], [7, 3, 26, 2, 7, 1, 9]];[0.07547169811320754, 0.0, 0.06349206349206349, 0.07317073170731707, 0.0859375, 0.0, 0.16363636363636364];56.0;[9, 7, 9, 11, 8, 3, 9]
Cora;own;medoids;0.2;64;0.5;1;0.005;0.9;784866329.0;0.8095238095238095;0.8095753452896309;[[7, 2, 1, 0, 0, 0, 0], [0, 8, 0, 0, 0, 0, 0], [0, 0, 10, 1, 0, 0, 0], [0, 0, 0, 10, 1, 0, 1], [0, 1, 0, 1, 6, 0, 1], [1, 0, 0, 0, 0, 3, 0], [0, 2, 0, 0, 0, 0, 7]];[0.7, 1.0, 0.9090909090909091, 0.8333333333333334, 0.6666666666666666, 0.75, 0.7777777777777778];0.4179431072210066;0.37984639775773055;[[162, 30, 61, 18, 36, 3, 18], [17, 97, 56, 26, 26, 1, 23], [30, 31, 228, 22, 23, 3, 17], [33, 28, 33, 83, 28, 2, 24], [29, 28, 63, 20, 90, 2, 17], [29, 21, 56, 19, 22, 14, 9], [32, 22, 55, 27, 24, 0, 90]];[0.49390243902439024, 0.3943089430894309, 0.6440677966101694, 0.3593073593073593, 0.3614457831325301, 0.08235294117647059, 0.36];0.06976744186046512;0.06129021433645444;[[11, 22, 26, 29, 7, 4, 7], [10, 1, 25, 0, 27, 2, 1], [79, 1, 10, 14, 11, 0, 11], [20, 9, 116, 17, 45, 3, 36], [3, 20, 35, 37, 13, 0, 20], [16, 51, 14, 2, 6, 0, 1], [10, 4, 26, 1, 7, 2, 5]];[0.10377358490566038, 0.015151515151515152, 0.07936507936507936, 0.06910569105691057, 0.1015625, 0.0, 0.09090909090909091];63.0;[10, 8, 11, 12, 9, 4, 9]
Cora;own;medoids;0.2;64;0.5;1;0.005;0.9;784866329.0;0.8428571428571429;0.8579898362507059;[[9, 2, 0, 0, 0, 0, 0], [0, 8, 0, 1, 0, 0, 0], [0, 0, 10, 1, 1, 0, 0], [0, 1, 0, 10, 0, 0, 2], [0, 1, 0, 0, 10, 0, 1], [0, 0, 0, 0, 0, 4, 0], [0, 1, 0, 0, 0, 0, 8]];[0.8181818181818182, 0.8888888888888888, 0.8333333333333334, 0.7692307692307693, 0.8333333333333334, 1.0, 0.8888888888888888];0.42833607907743;0.3979466024836059;[[164, 25, 56, 16, 26, 7, 29], [19, 87, 49, 27, 22, 5, 26], [30, 30, 218, 24, 36, 7, 22], [24, 30, 35, 86, 21, 7, 29], [24, 22, 48, 17, 109, 9, 19], [23, 18, 50, 18, 22, 22, 14], [33, 16, 56, 22, 24, 4, 94]];[0.5077399380804953, 0.3702127659574468, 0.5940054495912807, 0.3706896551724138, 0.43951612903225806, 0.1317365269461078, 0.37751004016064255];0.06731946144430845;0.05970547242384017;[[7, 19, 21, 24, 15, 9, 11], [9, 0, 25, 0, 23, 2, 7], [75, 1, 9, 15, 10, 1, 15], [20, 6, 111, 18, 50, 5, 36], [3, 17, 37, 37, 13, 0, 21], [17, 46, 16, 2, 6, 0, 3], [6, 3, 27, 1, 4, 6, 8]];[0.0660377358490566, 0.0, 0.07142857142857142, 0.07317073170731707, 0.1015625, 0.0, 0.14545454545454545];70.0;[11, 9, 12, 13, 12, 4, 9]


Cora;own;medoids;0.2;64;0.5;1;0.005;0.9;1866817562.0;0.0;0.0;[[]];[];0.09307244843997885;0.08787740610091002;[[35, 3, 21, 0, 98, 18, 70], [18, 0, 0, 0, 117, 7, 9], [119, 4, 49, 3, 68, 45, 4], [105, 22, 59, 3, 152, 158, 73], [42, 96, 38, 8, 46, 47, 21], [76, 2, 4, 1, 79, 28, 18], [49, 1, 19, 0, 25, 16, 15]];[0.14285714285714285, 0.0, 0.1678082191780822, 0.005244755244755245, 0.15436241610738255, 0.1346153846153846, 0.12];0.10526315789473684;0.0976245704348341;[[18, 0, 12, 0, 40, 8, 28], [6, 0, 1, 0, 53, 2, 4], [52, 3, 22, 0, 35, 11, 3], [42, 7, 28, 0, 64, 73, 32], [14, 32, 18, 10, 21, 23, 10], [31, 2, 2, 0, 33, 19, 3], [21, 2, 8, 0, 9, 9, 6]];[0.16981132075471697, 0.0, 0.1746031746031746, 0.0, 0.1640625, 0.2111111111111111, 0.10909090909090909];0.0;[]
Cora;own;medoids;0.2;64;0.5;1;0.005;0.9;1866817562.0;1.0;1.0;[[1, 0, 0, 0], [0, 1, 0, 0], [0, 0, 3, 0], [0, 0, 0, 2]];[1.0, 1.0, 1.0, 1.0];0.27282377919320594;0.11930960271191648;[[4, 0, 0, 1, 160, 63, 0], [2, 0, 0, 0, 157, 64, 0], [3, 0, 0, 0, 150, 75, 0], [1, 0, 0, 9, 144, 74, 0], [2, 0, 0, 1, 378, 66, 0], [3, 0, 0, 1, 155, 123, 0], [1, 0, 0, 0, 166, 81, 0]];[0.017543859649122806, 0.0, 0.0, 0.039473684210526314, 0.8456375838926175, 0.43617021276595747, 0.0];0.04895960832313342;0.01775443284877247;[[0, 0, 0, 0, 77, 29, 0], [0, 0, 0, 0, 58, 8, 0], [0, 0, 0, 4, 121, 1, 0], [11, 0, 0, 0, 139, 96, 0], [0, 0, 0, 0, 37, 91, 0], [0, 0, 0, 0, 87, 3, 0], [0, 0, 0, 0, 55, 0, 0]];[0.0, 0.0, 0.0, 0.0, 0.2890625, 0.03333333333333333, 0.0];7.0;[1, 0, 0, 1, 3, 2]
Cora;own;medoids;0.2;64;0.5;1;0.005;0.9;1866817562.0;1.0;1.0;[[2, 0, 0, 0, 0, 0], [0, 3, 0, 0, 0, 0], [0, 0, 1, 0, 0, 0], [0, 0, 0, 4, 0, 0], [0, 0, 0, 0, 3, 0], [0, 0, 0, 0, 0, 1]];[1.0, 1.0, 1.0, 1.0, 1.0, 1.0];0.322855620671284;0.23084329547450524;[[35, 0, 51, 1, 103, 31, 17], [10, 0, 45, 1, 106, 23, 17], [14, 0, 105, 2, 122, 24, 11], [8, 0, 48, 12, 90, 34, 18], [11, 0, 47, 0, 330, 22, 25], [11, 0, 39, 1, 111, 92, 10], [11, 0, 39, 1, 134, 33, 32]];[0.14705882352941177, 0.0, 0.3776978417266187, 0.05714285714285714, 0.7586206896551724, 0.3484848484848485, 0.128];0.1175030599755202;0.06400207178728884;[[3, 0, 36, 0, 48, 18, 1], [0, 0, 41, 0, 19, 6, 0], [0, 0, 0, 5, 119, 1, 1], [34, 0, 19, 0, 129, 64, 0], [1, 0, 9, 2, 85, 30, 1], [0, 0, 17, 0, 15, 4, 54], [0, 0, 27, 0, 24, 0, 4]];[0.02830188679245283, 0.0, 0.0, 0.0, 0.6640625, 0.044444444444444446, 0.07272727272727272];14.0;[2, 0, 3, 1, 4, 3, 1]
Cora;own;medoids;0.2;64;0.5;1;0.005;0.9;1866817562.0;1.0;1.0;[[2, 0, 0, 0, 0, 0, 0], [0, 1, 0, 0, 0, 0, 0], [0, 0, 4, 0, 0, 0, 0], [0, 0, 0, 3, 0, 0, 0], [0, 0, 0, 0, 7, 0, 0], [0, 0, 0, 0, 0, 3, 0], [0, 0, 0, 0, 0, 0, 1]];[1.0, 1.0, 1.0, 1.0, 1.0, 1.0, 1.0];0.34919786096256683;0.28076476811547313;[[33, 7, 27, 18, 96, 30, 15], [11, 13, 24, 16, 96, 24, 14], [12, 7, 96, 23, 108, 21, 8], [9, 11, 22, 58, 74, 34, 15], [12, 8, 40, 29, 331, 24, 18], [11, 4, 19, 17, 101, 94, 8], [13, 9, 21, 31, 97, 33, 28]];[0.14601769911504425, 0.06565656565656566, 0.3490909090909091, 0.2600896860986547, 0.7164502164502164, 0.3700787401574803, 0.1206896551724138];0.11383108935128519;0.06998517914163192;[[4, 20, 21, 26, 22, 13, 0], [0, 1, 37, 2, 18, 8, 0], [0, 0, 0, 8, 116, 1, 1], [37, 2, 8, 8, 123, 67, 1], [1, 1, 6, 19, 74, 26, 1], [0, 0, 12, 19, 10, 4, 45], [0, 0, 25, 8, 20, 0, 2]];[0.03773584905660377, 0.015151515151515152, 0.0, 0.032520325203252036, 0.578125, 0.044444444444444446, 0.03636363636363636];21.0;[2, 1, 4, 3, 7, 3, 1]
Cora;own;medoids;0.2;64;0.5;1;0.005;0.9;1866817562.0;0.9285714285714286;0.9380952380952382;[[2, 0, 0, 0, 0, 0, 0], [0, 1, 0, 0, 0, 0, 0], [0, 0, 4, 0, 0, 0, 0], [0, 0, 0, 5, 0, 0, 0], [0, 0, 0, 0, 9, 0, 1], [0, 0, 0, 0, 0, 3, 0], [0, 0, 0, 0, 1, 0, 2]];[1.0, 1.0, 1.0, 1.0, 0.9, 1.0, 0.6666666666666666];0.3746645195920558;0.3060405402874541;[[30, 0, 11, 22, 99, 18, 28], [6, 8, 10, 18, 101, 16, 23], [4, 3, 64, 25, 112, 19, 33], [5, 12, 11, 107, 74, 19, 24], [7, 5, 22, 28, 352, 17, 35], [5, 2, 13, 19, 111, 74, 19], [4, 5, 10, 40, 114, 16, 63]];[0.14423076923076922, 0.04395604395604396, 0.24615384615384617, 0.4246031746031746, 0.7553648068669528, 0.3045267489711934, 0.25];0.13341493268053856;0.07096658151772019;[[0, 14, 8, 40, 30, 6, 8], [0, 0, 9, 1, 12, 4, 40], [0, 0, 0, 7, 117, 0, 2], [27, 0, 7, 16, 139, 48, 9], [1, 0, 2, 16, 85, 18, 6], [0, 0, 7, 36, 10, 0, 37], [0, 0, 18, 7, 22, 0, 8]];[0.0, 0.0, 0.0, 0.06504065040650407, 0.6640625, 0.0, 0.14545454545454545];28.0;[2, 1, 4, 5, 10, 3, 3]
Cora;own;medoids;0.2;64;0.5;1;0.005;0.9;1866817562.0;0.8571428571428571;0.8359925788497218;[[2, 1, 0, 1, 0, 1, 1], [0, 2, 0, 0, 0, 0, 0], [0, 0, 4, 0, 0, 0, 0], [0, 0, 0, 5, 0, 0, 0], [1, 0, 0, 0, 10, 0, 0], [0, 0, 0, 0, 0, 4, 0], [0, 0, 0, 0, 0, 0, 3]];[0.3333333333333333, 1.0, 1.0, 1.0, 0.9090909090909091, 1.0, 1.0];0.4035560344827586;0.358675071581034;[[182, 3, 13, 24, 51, 33, 21], [45, 11, 10, 21, 55, 26, 9], [42, 5, 77, 31, 66, 26, 12], [36, 5, 10, 111, 43, 26, 14], [46, 4, 11, 35, 223, 23, 15], [45, 4, 13, 30, 55, 90, 9], [37, 5, 13, 42, 62, 31, 55]];[0.5565749235474006, 0.062146892655367235, 0.2972972972972973, 0.4530612244897959, 0.6246498599439776, 0.36585365853658536, 0.22448979591836735];0.09914320685434516;0.06638206454060934;[[10, 11, 8, 41, 25, 9, 2], [13, 0, 20, 0, 3, 5, 25], [117, 0, 0, 4, 4, 0, 1], [27, 10, 9, 21, 109, 68, 2], [14, 0, 4, 18, 49, 31, 12], [13, 0, 8, 37, 13, 0, 19], [5, 0, 12, 3, 34, 0, 1]];[0.09433962264150944, 0.0, 0.0, 0.08536585365853659, 0.3828125, 0.0, 0.01818181818181818];35.0;[6, 2, 4, 5, 11, 4, 3]
Cora;own;medoids;0.2;64;0.5;1;0.005;0.9;1866817562.0;0.8809523809523809;0.8780512204881952;[[6, 1, 0, 0, 1, 0, 1], [1, 2, 0, 0, 0, 0, 0], [0, 0, 4, 0, 0, 0, 0], [0, 0, 0, 6, 0, 0, 0], [1, 0, 0, 0, 11, 0, 0], [0, 0, 0, 0, 0, 5, 0], [0, 0, 0, 0, 0, 0, 3]];[0.6666666666666666, 0.6666666666666666, 1.0, 1.0, 0.9166666666666666, 1.0, 1.0];0.40129799891833423;0.3418940367500167;[[200, 3, 10, 16, 71, 26, 14], [47, 11, 6, 11, 74, 19, 7], [43, 5, 64, 21, 87, 21, 5], [42, 3, 14, 92, 68, 16, 7], [47, 4, 9, 23, 261, 16, 21], [49, 5, 14, 14, 75, 87, 2], [41, 4, 6, 25, 94, 22, 27]];[0.5882352941176471, 0.06285714285714286, 0.2601626016260163, 0.38016528925619836, 0.6850393700787402, 0.35365853658536583, 0.1232876712328767];0.11627906976744186;0.06955957473071922;[[15, 7, 5, 39, 34, 6, 0], [8, 0, 25, 0, 16, 4, 13], [119, 0, 0, 3, 4, 0, 0], [29, 10, 5, 12, 148, 42, 0], [9, 0, 4, 16, 65, 25, 9], [14, 0, 6, 22, 29, 3, 16], [10, 0, 11, 0, 34, 0, 0]];[0.14150943396226415, 0.0, 0.0, 0.04878048780487805, 0.5078125, 0.03333333333333333, 0.0];42.0;[9, 3, 4, 6, 12, 5, 3]
Cora;own;medoids;0.2;64;0.5;1;0.005;0.9;1866817562.0;0.8367346938775511;0.8488408485924014;[[8, 1, 0, 1, 1, 1, 0], [1, 3, 0, 0, 0, 0, 0], [0, 0, 4, 0, 0, 0, 0], [0, 0, 0, 7, 0, 0, 0], [2, 0, 0, 0, 11, 0, 0], [0, 0, 0, 0, 0, 5, 0], [0, 1, 0, 0, 0, 0, 3]];[0.6666666666666666, 0.75, 1.0, 1.0, 0.8461538461538461, 1.0, 0.75];0.4212812160694897;0.37361034680333427;[[227, 22, 10, 12, 55, 16, 8], [62, 40, 7, 9, 56, 13, 4], [54, 14, 63, 19, 68, 13, 4], [46, 18, 11, 96, 49, 7, 5], [57, 15, 11, 19, 248, 13, 8], [62, 18, 11, 15, 50, 76, 4], [51, 30, 8, 30, 68, 14, 26]];[0.6485714285714286, 0.2094240837696335, 0.2680851063829787, 0.41379310344827586, 0.6684636118598383, 0.3220338983050847, 0.1145374449339207];0.10281517747858017;0.06761678473706569;[[19, 12, 5, 38, 25, 5, 2], [12, 2, 18, 1, 17, 4, 12], [118, 1, 0, 4, 3, 0, 0], [36, 39, 5, 15, 115, 36, 0], [23, 17, 4, 8, 48, 21, 7], [31, 6, 5, 22, 18, 0, 8], [12, 0, 11, 1, 31, 0, 0]];[0.1792452830188679, 0.030303030303030304, 0.0, 0.06097560975609756, 0.375, 0.0, 0.0];49.0;[12, 4, 4, 7, 13, 5, 4]
Cora;own;medoids;0.2;64;0.5;1;0.005;0.9;1866817562.0;0.8035714285714286;0.8161724459898902;[[8, 1, 0, 1, 1, 1, 0], [2, 4, 0, 0, 0, 0, 0], [0, 0, 4, 0, 0, 0, 0], [0, 0, 0, 8, 0, 0, 0], [2, 0, 1, 0, 12, 0, 0], [0, 0, 0, 0, 1, 5, 0], [0, 1, 0, 0, 0, 0, 4]];[0.6666666666666666, 0.6666666666666666, 1.0, 1.0, 0.8, 0.8333333333333334, 0.8];0.42343324250681197;0.38837739191521053;[[204, 20, 2, 13, 62, 13, 21], [40, 51, 5, 13, 63, 8, 11], [45, 20, 57, 16, 65, 10, 10], [39, 23, 6, 98, 40, 7, 16], [52, 14, 8, 21, 251, 20, 16], [49, 21, 9, 15, 60, 70, 10], [37, 29, 4, 33, 79, 13, 46]];[0.608955223880597, 0.2670157068062827, 0.2556053811659193, 0.4279475982532751, 0.6570680628272252, 0.29914529914529914, 0.1908713692946058];0.10771113831089352;0.07121323013280459;[[11, 18, 3, 37, 27, 6, 4], [9, 3, 11, 2, 9, 4, 28], [115, 1, 0, 4, 6, 0, 0], [27, 36, 4, 17, 124, 36, 2], [17, 13, 3, 7, 57, 18, 13], [23, 19, 5, 19, 10, 0, 14], [8, 3, 9, 2, 33, 0, 0]];[0.10377358490566038, 0.045454545454545456, 0.0, 0.06910569105691057, 0.4453125, 0.0, 0.0];56.0;[12, 6, 4, 8, 15, 6, 5]
Cora;own;medoids;0.2;64;0.5;1;0.005;0.9;1866817562.0;0.7936507936507936;0.782757344101882;[[9, 1, 0, 1, 0, 0, 1], [2, 4, 0, 0, 0, 0, 0], [0, 0, 4, 0, 0, 1, 0], [0, 0, 0, 8, 0, 0, 0], [2, 0, 1, 0, 16, 0, 0], [1, 0, 0, 0, 2, 5, 0], [0, 1, 0, 0, 0, 0, 4]];[0.75, 0.6666666666666666, 0.8, 1.0, 0.8421052631578947, 0.625, 0.8];0.43927789934354483;0.39941575770120347;[[203, 9, 3, 14, 63, 22, 18], [48, 41, 4, 11, 62, 13, 8], [46, 11, 57, 17, 70, 11, 8], [35, 12, 5, 94, 50, 16, 14], [48, 9, 4, 15, 278, 20, 14], [47, 11, 6, 14, 67, 78, 14], [38, 18, 5, 26, 82, 17, 52]];[0.6114457831325302, 0.2192513368983957, 0.2590909090909091, 0.415929203539823, 0.7164948453608248, 0.3291139240506329, 0.2184873949579832];0.11138310893512852;0.06754053905985757;[[11, 8, 4, 40, 27, 11, 5], [10, 1, 9, 2, 10, 5, 29], [109, 0, 0, 4, 11, 1, 1], [26, 27, 4, 11, 133, 41, 4], [16, 7, 3, 7, 68, 19, 8], [19, 13, 4, 22, 16, 0, 16], [6, 0, 10, 5, 34, 0, 0]];[0.10377358490566038, 0.015151515151515152, 0.0, 0.044715447154471545, 0.53125, 0.0, 0.0];63.0;[12, 6, 5, 8, 19, 8, 5]
Cora;own;medoids;0.2;64;0.5;1;0.005;0.9;1866817562.0;0.8857142857142857;0.8708730701211903;[[12, 0, 0, 1, 0, 0, 0], [2, 4, 0, 0, 0, 0, 0], [0, 1, 5, 0, 0, 1, 0], [0, 0, 0, 8, 0, 0, 0], [1, 0, 0, 0, 18, 0, 0], [0, 0, 0, 1, 1, 8, 0], [0, 0, 0, 0, 0, 0, 7]];[0.9230769230769231, 0.6666666666666666, 0.7142857142857143, 1.0, 0.9473684210526315, 0.8, 1.0];0.4475562877539813;0.41019764116106;[[213, 11, 8, 9, 64, 16, 11], [53, 41, 6, 8, 57, 7, 13], [48, 17, 60, 10, 63, 15, 13], [39, 15, 12, 84, 47, 11, 16], [43, 13, 12, 9, 270, 18, 18], [46, 17, 16, 9, 60, 75, 10], [37, 14, 5, 15, 79, 16, 72]];[0.641566265060241, 0.22162162162162163, 0.26548672566371684, 0.375, 0.7049608355091384, 0.3218884120171674, 0.3025210084033613];0.11015911872705018;0.08232593111446905;[[9, 15, 4, 28, 21, 17, 12], [11, 3, 17, 0, 9, 3, 23], [111, 0, 0, 4, 10, 1, 0], [31, 24, 4, 10, 130, 39, 8], [18, 7, 5, 2, 61, 19, 16], [19, 15, 5, 19, 17, 0, 15], [6, 0, 14, 2, 24, 2, 7]];[0.08490566037735849, 0.045454545454545456, 0.0, 0.04065040650406504, 0.4765625, 0.0, 0.12727272727272726];70.0;[13, 6, 7, 8, 19, 10, 7]


Cora;own;medoids;0.2;64;0.5;1;0.005;0.9;503786444.0;0.0;0.0;[[]];[];0.16710735060814383;0.1341077418563507;[[5, 22, 2, 24, 157, 4, 31], [2, 103, 4, 4, 25, 0, 13], [27, 131, 11, 4, 55, 4, 60], [32, 131, 153, 46, 93, 34, 83], [68, 49, 21, 7, 122, 4, 27], [2, 17, 11, 6, 71, 0, 101], [7, 15, 0, 6, 68, 0, 29]];[0.02040816326530612, 0.6821192052980133, 0.03767123287671233, 0.08041958041958042, 0.40939597315436244, 0.0, 0.232];0.16401468788249693;0.12860490381456077;[[1, 13, 6, 11, 62, 1, 12], [0, 47, 2, 0, 7, 0, 10], [9, 58, 7, 2, 22, 1, 27], [11, 58, 72, 20, 33, 17, 35], [33, 17, 11, 2, 53, 3, 9], [3, 11, 8, 3, 27, 0, 38], [2, 11, 0, 6, 30, 0, 6]];[0.009433962264150943, 0.7121212121212122, 0.05555555555555555, 0.08130081300813008, 0.4140625, 0.0, 0.10909090909090909];0.0;[]
Cora;own;medoids;0.2;64;0.5;1;0.005;0.9;503786444.0;1.0;1.0;[[1, 0, 0, 0], [0, 3, 0, 0], [0, 0, 2, 0], [0, 0, 0, 1]];[1.0, 1.0, 1.0, 1.0];0.23301486199575372;0.13232006582670766;[[0, 1, 0, 186, 0, 13, 55], [0, 4, 0, 171, 0, 23, 52], [0, 0, 0, 184, 0, 15, 51], [0, 0, 0, 224, 0, 19, 40], [0, 0, 0, 159, 0, 13, 50], [0, 0, 0, 162, 0, 40, 65], [0, 1, 0, 169, 0, 16, 171]];[0.0, 0.016, 0.0, 0.7915194346289752, 0.0, 0.149812734082397, 0.4789915966386555];0.25091799265605874;0.08330774941032512;[[0, 0, 0, 78, 0, 17, 11], [0, 0, 0, 43, 0, 2, 21], [0, 0, 0, 8, 0, 0, 118], [0, 3, 0, 199, 0, 6, 38], [0, 0, 0, 95, 0, 23, 10], [0, 0, 0, 66, 0, 5, 19], [0, 0, 0, 46, 0, 8, 1]];[0.0, 0.0, 0.0, 0.8089430894308943, 0.0, 0.05555555555555555, 0.01818181818181818];7.0;[0, 1, 0, 3, 0, 2, 1]
Cora;own;medoids;0.2;64;0.5;1;0.005;0.9;503786444.0;0.9285714285714286;0.9111111111111111;[[1, 0, 0, 0, 0, 0], [0, 2, 0, 0, 0, 1], [0, 0, 3, 0, 0, 0], [0, 0, 0, 2, 0, 0], [0, 0, 0, 0, 4, 0], [0, 0, 0, 0, 0, 1]];[1.0, 0.6666666666666666, 1.0, 1.0, 1.0, 1.0];0.2797016515716569;0.22478956813236303;[[0, 2, 42, 55, 22, 82, 41], [0, 9, 40, 55, 21, 70, 42], [0, 2, 67, 61, 22, 79, 35], [0, 1, 33, 129, 20, 62, 29], [0, 1, 33, 58, 35, 56, 38], [0, 0, 45, 49, 20, 122, 52], [0, 4, 25, 55, 33, 67, 163]];[0.0, 0.0379746835443038, 0.2518796992481203, 0.4708029197080292, 0.1583710407239819, 0.4236111111111111, 0.4697406340057637];0.09424724602203183;0.05466770332782594;[[0, 0, 23, 42, 1, 31, 9], [0, 0, 53, 1, 0, 2, 10], [0, 0, 0, 5, 0, 0, 121], [0, 8, 35, 66, 24, 75, 38], [0, 0, 16, 17, 3, 91, 1], [0, 0, 5, 18, 45, 8, 14], [0, 0, 1, 44, 1, 9, 0]];[0.0, 0.0, 0.0, 0.2682926829268293, 0.0234375, 0.08888888888888889, 0.0];14.0;[0, 1, 3, 3, 2, 4, 1]
Cora;own;medoids;0.2;64;0.5;1;0.005;0.9;503786444.0;0.8571428571428571;0.8507936507936508;[[2, 0, 0, 0, 0, 0, 0], [0, 2, 1, 0, 0, 0, 0], [0, 0, 2, 0, 0, 0, 1], [0, 0, 0, 4, 0, 0, 0], [0, 0, 0, 1, 2, 0, 0], [0, 0, 0, 0, 0, 4, 0], [0, 0, 0, 0, 0, 0, 2]];[1.0, 0.6666666666666666, 0.6666666666666666, 1.0, 0.6666666666666666, 1.0, 1.0];0.30213903743315507;0.2797317482211987;[[35, 35, 44, 63, 10, 22, 42], [17, 59, 36, 73, 9, 21, 41], [26, 30, 69, 71, 10, 17, 35], [16, 24, 32, 144, 7, 19, 30], [19, 16, 37, 65, 28, 16, 37], [17, 24, 39, 58, 9, 75, 53], [22, 32, 29, 67, 16, 19, 155]];[0.1394422310756972, 0.23046875, 0.26744186046511625, 0.5294117647058824, 0.12844036697247707, 0.2727272727272727, 0.45588235294117646];0.13096695226438188;0.09007411716203254;[[19, 3, 19, 45, 0, 9, 11], [2, 0, 52, 3, 0, 0, 9], [0, 0, 0, 5, 0, 0, 121], [22, 56, 23, 82, 10, 19, 34], [23, 22, 25, 21, 1, 35, 1], [1, 3, 11, 31, 26, 4, 14], [1, 1, 0, 45, 0, 7, 1]];[0.1792452830188679, 0.0, 0.0, 0.3333333333333333, 0.0078125, 0.044444444444444446, 0.01818181818181818];21.0;[2, 3, 3, 4, 3, 4, 2]
Cora;own;medoids;0.2;64;0.5;1;0.005;0.9;503786444.0;1.0;1.0;[[3, 0, 0, 0, 0, 0, 0], [0, 4, 0, 0, 0, 0, 0], [0, 0, 4, 0, 0, 0, 0], [0, 0, 0, 5, 0, 0, 0], [0, 0, 0, 0, 3, 0, 0], [0, 0, 0, 0, 0, 5, 0], [0, 0, 0, 0, 0, 0, 4]];[1.0, 1.0, 1.0, 1.0, 1.0, 1.0, 1.0];0.3462157809983897;0.3255746631161337;[[80, 34, 25, 53, 11, 12, 45], [36, 67, 20, 45, 10, 17, 51], [40, 31, 60, 56, 5, 13, 45], [43, 18, 17, 137, 7, 14, 33], [28, 16, 25, 51, 33, 10, 45], [34, 25, 26, 47, 7, 77, 59], [56, 22, 19, 45, 10, 12, 191]];[0.3076923076923077, 0.27235772357723576, 0.24, 0.5092936802973977, 0.15865384615384615, 0.28, 0.5380281690140845];0.09547123623011015;0.06440939775948029;[[3, 3, 12, 31, 1, 13, 43], [7, 1, 40, 5, 0, 5, 8], [0, 0, 5, 6, 0, 4, 111], [24, 79, 8, 65, 16, 16, 38], [70, 9, 10, 10, 1, 15, 13], [38, 0, 14, 15, 16, 3, 4], [1, 0, 16, 29, 2, 7, 0]];[0.02830188679245283, 0.015151515151515152, 0.03968253968253968, 0.26422764227642276, 0.0078125, 0.03333333333333333, 0.0];28.0;[3, 4, 4, 5, 3, 5, 4]
Cora;own;medoids;0.2;64;0.5;1;0.005;0.9;503786444.0;0.9714285714285714;0.9746031746031747;[[3, 0, 0, 0, 0, 0, 0], [0, 6, 0, 0, 0, 0, 0], [0, 0, 4, 0, 0, 0, 0], [0, 0, 0, 6, 0, 0, 0], [0, 0, 0, 0, 4, 0, 0], [0, 0, 0, 0, 0, 7, 0], [0, 0, 0, 0, 0, 1, 4]];[1.0, 1.0, 1.0, 1.0, 1.0, 1.0, 0.8];0.3566810344827586;0.3369246587875966;[[68, 35, 15, 45, 16, 48, 26], [37, 82, 12, 40, 15, 35, 36], [33, 36, 52, 47, 11, 38, 25], [34, 24, 12, 128, 9, 36, 20], [24, 20, 26, 43, 35, 33, 27], [27, 26, 15, 36, 14, 130, 33], [50, 21, 16, 37, 20, 41, 167]];[0.26877470355731226, 0.31906614785992216, 0.21487603305785125, 0.4866920152091255, 0.16826923076923078, 0.4626334519572954, 0.4744318181818182];0.0966952264381885;0.07230602268527256;[[4, 27, 10, 23, 5, 17, 20], [3, 5, 21, 5, 0, 27, 5], [0, 0, 4, 6, 0, 14, 102], [30, 70, 4, 58, 23, 41, 20], [54, 8, 8, 6, 2, 43, 7], [36, 3, 6, 12, 24, 6, 3], [1, 0, 17, 24, 3, 10, 0]];[0.03773584905660377, 0.07575757575757576, 0.031746031746031744, 0.23577235772357724, 0.015625, 0.06666666666666667, 0.0];35.0;[3, 6, 4, 6, 4, 7, 5]
Cora;own;medoids;0.2;64;0.5;1;0.005;0.9;503786444.0;0.8333333333333334;0.8362498845692122;[[3, 0, 0, 0, 0, 0, 0], [0, 6, 0, 0, 0, 0, 1], [1, 0, 5, 0, 0, 1, 0], [0, 0, 0, 6, 0, 0, 0], [0, 0, 0, 0, 4, 0, 0], [0, 1, 0, 0, 0, 7, 0], [1, 0, 0, 1, 0, 1, 4]];[1.0, 0.8571428571428571, 0.7142857142857143, 1.0, 1.0, 0.875, 0.5714285714285714];0.35803136830719307;0.34514831021882103;[[71, 37, 36, 33, 10, 26, 30], [35, 81, 38, 24, 9, 26, 48], [34, 33, 93, 44, 10, 22, 33], [34, 28, 29, 115, 7, 17, 26], [25, 20, 42, 34, 35, 17, 31], [32, 26, 34, 33, 6, 104, 37], [47, 21, 33, 37, 14, 29, 163]];[0.29218106995884774, 0.3103448275862069, 0.34572490706319703, 0.44921875, 0.1715686274509804, 0.38235294117647056, 0.4738372093023256];0.0966952264381885;0.07558955420525637;[[8, 31, 13, 23, 1, 11, 19], [4, 4, 44, 3, 0, 5, 6], [0, 0, 6, 5, 0, 6, 109], [34, 69, 17, 54, 20, 23, 29], [48, 8, 19, 4, 2, 39, 8], [39, 0, 18, 10, 14, 5, 4], [2, 0, 22, 21, 2, 8, 0]];[0.07547169811320754, 0.06060606060606061, 0.047619047619047616, 0.21951219512195122, 0.015625, 0.05555555555555555, 0.0];42.0;[3, 7, 7, 6, 4, 8, 7]
Cora;own;medoids;0.2;64;0.5;1;0.005;0.9;503786444.0;0.8775510204081632;0.879263220439691;[[4, 0, 0, 0, 0, 0, 0], [0, 6, 0, 0, 1, 0, 1], [1, 0, 7, 0, 0, 0, 0], [0, 0, 0, 6, 0, 0, 0], [0, 0, 0, 0, 5, 0, 0], [0, 1, 0, 0, 0, 8, 0], [1, 0, 0, 0, 0, 1, 7]];[1.0, 0.75, 0.875, 1.0, 1.0, 0.8888888888888888, 0.7777777777777778];0.3805646036916395;0.3627734447747906;[[67, 20, 31, 30, 20, 27, 49], [21, 77, 36, 24, 15, 29, 56], [24, 26, 104, 37, 12, 23, 44], [23, 21, 25, 112, 15, 26, 30], [18, 14, 40, 32, 39, 21, 37], [20, 20, 31, 33, 17, 110, 42], [36, 13, 25, 30, 18, 30, 192]];[0.27459016393442626, 0.29844961240310075, 0.3851851851851852, 0.4444444444444444, 0.19402985074626866, 0.40293040293040294, 0.5581395348837209];0.09179926560587515;0.08107136059640176;[[4, 21, 12, 25, 2, 11, 31], [2, 4, 40, 3, 1, 11, 5], [0, 0, 5, 5, 2, 8, 106], [32, 49, 17, 43, 24, 34, 47], [26, 7, 23, 5, 13, 36, 18], [34, 1, 19, 12, 13, 6, 5], [2, 3, 18, 23, 2, 7, 0]];[0.03773584905660377, 0.06060606060606061, 0.03968253968253968, 0.17479674796747968, 0.1015625, 0.06666666666666667, 0.0];49.0;[4, 8, 8, 6, 5, 9, 9]
Cora;own;medoids;0.2;64;0.5;1;0.005;0.9;503786444.0;0.8214285714285714;0.8260631525337409;[[4, 0, 0, 0, 0, 0, 1], [0, 6, 1, 0, 1, 0, 1], [1, 0, 7, 0, 0, 1, 0], [0, 0, 0, 6, 0, 0, 0], [0, 0, 0, 0, 5, 0, 0], [0, 0, 0, 0, 0, 11, 0], [1, 2, 0, 0, 0, 1, 7]];[0.8, 0.6666666666666666, 0.7777777777777778, 1.0, 1.0, 1.0, 0.6363636363636364];0.3880108991825613;0.3653825251934255;[[49, 26, 40, 19, 7, 50, 39], [17, 83, 39, 14, 10, 52, 45], [17, 32, 100, 26, 6, 46, 37], [19, 21, 28, 100, 9, 37, 29], [15, 21, 37, 19, 35, 30, 35], [18, 23, 32, 23, 7, 158, 40], [32, 22, 29, 19, 8, 48, 187]];[0.21304347826086956, 0.3192307692307692, 0.3787878787878788, 0.411522633744856, 0.18229166666666666, 0.5249169435215947, 0.5420289855072464];0.07221542227662178;0.06847784924881198;[[3, 22, 11, 21, 0, 22, 27], [2, 7, 38, 2, 0, 13, 4], [2, 2, 5, 5, 0, 10, 102], [19, 56, 25, 28, 14, 60, 44], [21, 9, 20, 3, 8, 54, 13], [32, 4, 22, 7, 10, 8, 7], [2, 5, 16, 20, 2, 10, 0]];[0.02830188679245283, 0.10606060606060606, 0.03968253968253968, 0.11382113821138211, 0.0625, 0.08888888888888889, 0.0];56.0;[5, 9, 9, 6, 5, 11, 11]
Cora;own;medoids;0.2;64;0.5;1;0.005;0.9;503786444.0;0.8888888888888888;0.8838007547516613;[[5, 0, 0, 0, 0, 0, 1], [0, 9, 0, 0, 0, 0, 0], [0, 0, 10, 0, 0, 0, 0], [0, 1, 0, 6, 1, 0, 0], [0, 0, 0, 0, 7, 0, 0], [0, 0, 0, 0, 0, 12, 0], [0, 1, 0, 0, 2, 1, 7]];[0.8333333333333334, 1.0, 1.0, 0.75, 1.0, 1.0, 0.6363636363636364];0.41301969365426694;0.40156358473192;[[53, 23, 35, 14, 28, 43, 35], [14, 95, 20, 12, 40, 41, 34], [14, 29, 106, 15, 30, 30, 35], [16, 22, 16, 93, 30, 29, 25], [10, 10, 30, 18, 77, 30, 35], [13, 21, 23, 19, 35, 151, 44], [20, 17, 21, 15, 45, 37, 180]];[0.22943722943722944, 0.37109375, 0.4092664092664093, 0.4025974025974026, 0.36666666666666664, 0.4934640522875817, 0.5373134328358209];0.06487148102815178;0.0582476872243396;[[0, 22, 10, 16, 17, 15, 26], [2, 7, 35, 2, 4, 12, 4], [0, 7, 3, 5, 3, 12, 96], [19, 60, 26, 23, 39, 42, 37], [22, 12, 11, 4, 13, 56, 10], [20, 2, 14, 7, 32, 7, 8], [0, 4, 8, 11, 25, 7, 0]];[0.0, 0.10606060606060606, 0.023809523809523808, 0.09349593495934959, 0.1015625, 0.07777777777777778, 0.0];63.0;[6, 9, 10, 8, 7, 12, 11]
Cora;own;medoids;0.2;64;0.5;1;0.005;0.9;503786444.0;0.8571428571428571;0.8466580478345184;[[5, 0, 0, 0, 0, 0, 1], [0, 11, 0, 0, 0, 0, 0], [0, 0, 11, 1, 1, 0, 0], [0, 1, 0, 6, 1, 0, 0], [0, 0, 0, 1, 7, 0, 0], [0, 1, 0, 0, 0, 12, 0], [1, 1, 0, 0, 0, 1, 8]];[0.8333333333333334, 1.0, 0.8461538461538461, 0.75, 0.875, 0.9230769230769231, 0.7272727272727273];0.44810543657331137;0.4339233975932421;[[59, 29, 36, 7, 16, 27, 40], [19, 97, 30, 13, 29, 25, 36], [20, 30, 165, 15, 22, 16, 43], [13, 25, 21, 88, 21, 20, 23], [12, 14, 33, 19, 77, 21, 35], [19, 30, 31, 17, 20, 139, 44], [24, 22, 27, 11, 25, 25, 191]];[0.2757009345794392, 0.3895582329317269, 0.5305466237942122, 0.41706161137440756, 0.36492890995260663, 0.4633333333333333, 0.5876923076923077];0.05385556915544676;0.053007381636476246;[[1, 19, 11, 26, 6, 14, 29], [2, 7, 33, 2, 2, 10, 10], [0, 10, 4, 5, 3, 13, 91], [24, 55, 70, 13, 17, 32, 35], [25, 24, 11, 5, 10, 45, 8], [24, 4, 19, 8, 21, 6, 8], [2, 2, 6, 11, 28, 3, 3]];[0.009433962264150943, 0.10606060606060606, 0.031746031746031744, 0.052845528455284556, 0.078125, 0.06666666666666667, 0.05454545454545454];70.0;[6, 11, 13, 8, 8, 13, 11]


Cora;own;medoids;0.2;64;0.5;1;0.005;0.9;1256718679.0;0.0;0.0;[[]];[];0.05817028027498678;0.04024207836345643;[[9, 7, 7, 1, 19, 41, 161], [4, 4, 0, 0, 89, 3, 51], [67, 14, 0, 0, 39, 2, 170], [5, 18, 2, 1, 23, 31, 492], [8, 1, 7, 9, 12, 6, 255], [25, 25, 7, 2, 36, 6, 107], [13, 1, 21, 1, 8, 3, 78]];[0.036734693877551024, 0.026490066225165563, 0.0, 0.0017482517482517483, 0.040268456375838924, 0.028846153846153848, 0.624];0.06364749082007344;0.0476661803997137;[[5, 4, 5, 0, 10, 10, 72], [3, 3, 0, 0, 36, 0, 24], [35, 4, 0, 0, 17, 0, 70], [6, 10, 1, 1, 15, 14, 199], [5, 0, 2, 3, 7, 2, 109], [9, 8, 5, 1, 12, 2, 53], [4, 1, 11, 1, 4, 0, 34]];[0.04716981132075472, 0.045454545454545456, 0.0, 0.0040650406504065045, 0.0546875, 0.022222222222222223, 0.6181818181818182];0.0;[]
Cora;own;medoids;0.2;64;0.5;1;0.005;0.9;1256718679.0;1.0;1.0;[[3, 0, 0, 0], [0, 1, 0, 0], [0, 0, 1, 0], [0, 0, 0, 2]];[1.0, 1.0, 1.0, 1.0];0.16666666666666666;0.11691228119018415;[[116, 0, 10, 68, 79, 0, 1], [97, 0, 17, 56, 96, 1, 2], [102, 0, 22, 70, 72, 3, 0], [95, 0, 13, 72, 83, 0, 0], [105, 0, 10, 57, 99, 1, 0], [86, 0, 9, 74, 74, 3, 1], [109, 0, 19, 76, 83, 1, 2]];[0.4233576642335766, 0.0, 0.08178438661710037, 0.2737642585551331, 0.3639705882352941, 0.012145748987854251, 0.006896551724137931];0.2607099143206854;0.13918705851023802;[[46, 0, 7, 25, 27, 0, 1], [53, 0, 1, 1, 11, 0, 0], [1, 0, 2, 0, 123, 0, 0], [43, 0, 7, 161, 35, 0, 0], [72, 0, 26, 24, 4, 2, 0], [62, 0, 4, 4, 19, 0, 1], [7, 0, 7, 2, 39, 0, 0]];[0.4339622641509434, 0.0, 0.015873015873015872, 0.6544715447154471, 0.03125, 0.0, 0.0];7.0;[3, 0, 1, 1, 2]
Cora;own;medoids;0.2;64;0.5;1;0.005;0.9;1256718679.0;1.0;1.0;[[4, 0, 0, 0, 0, 0], [0, 1, 0, 0, 0, 0], [0, 0, 2, 0, 0, 0], [0, 0, 0, 4, 0, 0], [0, 0, 0, 0, 1, 0], [0, 0, 0, 0, 0, 2]];[1.0, 1.0, 1.0, 1.0, 1.0, 1.0];0.20245071923281832;0.17046554999792005;[[123, 0, 4, 88, 22, 50, 3], [95, 0, 7, 77, 23, 42, 11], [82, 0, 15, 80, 15, 54, 14], [78, 0, 6, 93, 25, 47, 5], [88, 0, 7, 86, 47, 33, 6], [66, 0, 4, 92, 20, 73, 7], [82, 0, 7, 90, 21, 60, 29]];[0.4241379310344828, 0.0, 0.057692307692307696, 0.3661417322834646, 0.1760299625468165, 0.2786259541984733, 0.10034602076124567];0.20195838433292534;0.10682250713278371;[[27, 0, 1, 6, 19, 40, 13], [54, 0, 0, 4, 5, 3, 0], [4, 0, 2, 105, 15, 0, 0], [18, 0, 5, 133, 33, 52, 5], [47, 0, 20, 6, 0, 44, 11], [68, 0, 1, 1, 11, 1, 8], [38, 0, 0, 9, 5, 1, 2]];[0.25471698113207547, 0.0, 0.015873015873015872, 0.540650406504065, 0.0, 0.011111111111111112, 0.03636363636363636];14.0;[4, 0, 1, 2, 4, 1, 2]
Cora;own;medoids;0.2;64;0.5;1;0.005;0.9;1256718679.0;1.0;1.0;[[4, 0, 0, 0, 0, 0, 0], [0, 1, 0, 0, 0, 0, 0], [0, 0, 4, 0, 0, 0, 0], [0, 0, 0, 3, 0, 0, 0], [0, 0, 0, 0, 4, 0, 0], [0, 0, 0, 0, 0, 2, 0], [0, 0, 0, 0, 0, 0, 3]];[1.0, 1.0, 1.0, 1.0, 1.0, 1.0, 1.0];0.31122994652406416;0.28229570374402574;[[85, 8, 16, 34, 17, 77, 15], [43, 20, 24, 40, 23, 58, 22], [45, 8, 48, 29, 9, 96, 25], [36, 8, 27, 156, 19, 68, 21], [49, 5, 20, 39, 45, 62, 9], [31, 6, 22, 32, 16, 167, 18], [42, 8, 16, 34, 21, 90, 61]];[0.3373015873015873, 0.08695652173913043, 0.18461538461538463, 0.46567164179104475, 0.1965065502183406, 0.571917808219178, 0.22426470588235295];0.05018359853121175;0.04289069563097386;[[11, 0, 26, 3, 13, 38, 15], [43, 0, 4, 4, 6, 8, 1], [1, 0, 2, 114, 9, 0, 0], [8, 2, 17, 22, 25, 162, 10], [29, 0, 18, 4, 0, 40, 37], [18, 26, 5, 3, 26, 1, 11], [29, 0, 7, 2, 3, 9, 5]];[0.10377358490566038, 0.0, 0.015873015873015872, 0.08943089430894309, 0.0, 0.011111111111111112, 0.09090909090909091];21.0;[4, 1, 4, 3, 4, 2, 3]
Cora;own;medoids;0.2;64;0.5;1;0.005;0.9;1256718679.0;0.9285714285714286;0.9471521942110178;[[4, 0, 0, 0, 0, 0, 0], [0, 1, 0, 0, 0, 0, 0], [0, 0, 8, 0, 0, 0, 0], [0, 0, 0, 4, 0, 0, 0], [0, 0, 1, 1, 4, 0, 0], [0, 0, 0, 0, 0, 2, 0], [0, 0, 0, 0, 0, 0, 3]];[1.0, 1.0, 1.0, 1.0, 0.6666666666666666, 1.0, 1.0];0.31991411701556627;0.2872990783114252;[[80, 4, 49, 34, 13, 58, 5], [37, 12, 67, 51, 9, 35, 7], [41, 4, 99, 41, 5, 70, 14], [31, 4, 53, 160, 12, 55, 10], [44, 2, 57, 50, 45, 46, 7], [22, 4, 46, 36, 14, 153, 11], [42, 3, 47, 46, 9, 72, 47]];[0.3292181069958848, 0.05504587155963303, 0.3613138686131387, 0.49230769230769234, 0.17928286852589642, 0.534965034965035, 0.17669172932330826];0.07099143206854346;0.0491053922331568;[[11, 0, 35, 11, 9, 31, 9], [39, 0, 6, 5, 4, 11, 1], [1, 0, 1, 106, 18, 0, 0], [7, 0, 54, 42, 15, 122, 6], [23, 0, 43, 8, 1, 24, 29], [14, 7, 46, 3, 11, 2, 7], [27, 0, 12, 3, 3, 9, 1]];[0.10377358490566038, 0.0, 0.007936507936507936, 0.17073170731707318, 0.0078125, 0.022222222222222223, 0.01818181818181818];28.0;[4, 1, 8, 4, 6, 2, 3]
Cora;own;medoids;0.2;64;0.5;1;0.005;0.9;1256718679.0;0.8857142857142857;0.867053721255402;[[4, 0, 0, 0, 0, 0, 0], [0, 2, 1, 0, 0, 0, 0], [0, 0, 8, 0, 0, 0, 0], [1, 0, 0, 5, 0, 0, 0], [0, 0, 0, 0, 6, 0, 1], [0, 0, 0, 0, 0, 3, 1], [0, 0, 0, 0, 0, 0, 3]];[1.0, 0.6666666666666666, 1.0, 0.8333333333333334, 0.8571428571428571, 0.75, 1.0];0.3410560344827586;0.32200462875294783;[[52, 32, 13, 25, 38, 60, 10], [19, 76, 14, 38, 31, 45, 14], [19, 45, 53, 26, 27, 80, 13], [13, 38, 15, 150, 38, 56, 16], [18, 40, 15, 31, 78, 51, 9], [8, 36, 9, 30, 30, 176, 17], [18, 41, 7, 30, 35, 73, 48]];[0.22608695652173913, 0.3206751054852321, 0.20152091254752852, 0.4601226993865031, 0.32231404958677684, 0.5751633986928104, 0.19047619047619047];0.06364749082007344;0.058826214031774605;[[6, 16, 11, 8, 20, 36, 9], [16, 9, 0, 1, 22, 18, 0], [0, 0, 1, 101, 24, 0, 0], [3, 30, 15, 25, 27, 140, 6], [12, 30, 15, 4, 5, 26, 36], [8, 35, 14, 3, 20, 3, 7], [22, 7, 5, 1, 6, 11, 3]];[0.05660377358490566, 0.13636363636363635, 0.007936507936507936, 0.1016260162601626, 0.0390625, 0.03333333333333333, 0.05454545454545454];35.0;[4, 3, 8, 6, 7, 4, 3]
Cora;own;medoids;0.2;64;0.5;1;0.005;0.9;1256718679.0;0.9047619047619048;0.8978840020856829;[[4, 0, 0, 1, 0, 0, 0], [0, 5, 0, 0, 0, 0, 0], [0, 1, 8, 0, 0, 0, 0], [0, 0, 0, 6, 0, 0, 0], [0, 0, 0, 0, 7, 0, 0], [0, 0, 0, 1, 0, 4, 1], [0, 0, 0, 0, 0, 0, 4]];[0.8, 1.0, 0.8888888888888888, 1.0, 1.0, 0.6666666666666666, 1.0];0.3780421849648459;0.36369103325022445;[[47, 45, 22, 29, 16, 50, 7], [19, 98, 25, 41, 9, 35, 20], [11, 55, 109, 31, 7, 61, 14], [9, 61, 18, 155, 10, 50, 15], [14, 46, 25, 32, 63, 40, 9], [7, 43, 16, 33, 16, 172, 19], [8, 66, 13, 31, 9, 63, 55]];[0.2175925925925926, 0.3967611336032389, 0.3784722222222222, 0.48742138364779874, 0.27510917030567683, 0.5620915032679739, 0.22448979591836735];0.08690330477356181;0.07922741698538947;[[6, 33, 9, 8, 12, 29, 9], [3, 18, 26, 5, 3, 11, 0], [0, 0, 1, 107, 18, 0, 0], [3, 38, 28, 31, 15, 125, 6], [6, 11, 15, 6, 12, 37, 41], [9, 52, 10, 2, 10, 1, 6], [18, 18, 7, 1, 1, 8, 2]];[0.05660377358490566, 0.2727272727272727, 0.007936507936507936, 0.12601626016260162, 0.09375, 0.011111111111111112, 0.03636363636363636];42.0;[5, 5, 9, 6, 7, 6, 4]
Cora;own;medoids;0.2;64;0.5;1;0.005;0.9;1256718679.0;0.8367346938775511;0.8322372305565583;[[4, 0, 0, 1, 0, 0, 0], [0, 5, 0, 0, 0, 0, 0], [0, 0, 10, 0, 0, 0, 0], [0, 0, 0, 6, 0, 0, 0], [1, 0, 0, 1, 7, 0, 0], [0, 0, 1, 0, 1, 4, 2], [0, 0, 1, 0, 0, 0, 5]];[0.8, 1.0, 1.0, 1.0, 0.7777777777777778, 0.5, 0.8333333333333334];0.38599348534201955;0.3690329604968929;[[42, 23, 28, 24, 22, 56, 10], [16, 80, 31, 32, 12, 33, 26], [15, 33, 122, 32, 7, 50, 24], [9, 35, 31, 147, 16, 48, 26], [31, 30, 35, 25, 65, 37, 12], [14, 31, 27, 28, 17, 174, 23], [12, 35, 34, 29, 9, 63, 81]];[0.2048780487804878, 0.34782608695652173, 0.43109540636042404, 0.47115384615384615, 0.2765957446808511, 0.554140127388535, 0.30798479087452474];0.09057527539779682;0.09671873485446814;[[8, 10, 18, 9, 17, 33, 11], [5, 21, 23, 5, 1, 10, 1], [0, 0, 2, 100, 24, 0, 0], [5, 22, 39, 23, 16, 124, 17], [7, 6, 19, 3, 16, 37, 40], [12, 45, 12, 2, 10, 0, 9], [26, 5, 13, 0, 2, 5, 4]];[0.07547169811320754, 0.3181818181818182, 0.015873015873015872, 0.09349593495934959, 0.125, 0.0, 0.07272727272727272];49.0;[5, 5, 10, 6, 9, 8, 6]
Cora;own;medoids;0.2;64;0.5;1;0.005;0.9;1256718679.0;0.7321428571428571;0.7189556248480733;[[4, 0, 0, 1, 1, 0, 0], [1, 5, 0, 1, 0, 0, 0], [0, 0, 10, 0, 0, 0, 0], [0, 0, 0, 6, 0, 0, 1], [1, 0, 1, 1, 7, 0, 0], [0, 0, 1, 0, 1, 4, 2], [0, 1, 1, 0, 0, 1, 5]];[0.6666666666666666, 0.7142857142857143, 1.0, 0.8571428571428571, 0.7, 0.5, 0.625];0.3782016348773842;0.3606130477605393;[[40, 22, 26, 24, 23, 56, 15], [20, 83, 26, 39, 15, 33, 27], [12, 34, 113, 29, 7, 57, 24], [6, 35, 26, 143, 23, 47, 37], [29, 30, 28, 22, 64, 39, 13], [14, 29, 21, 28, 16, 177, 24], [9, 35, 30, 32, 12, 67, 74]];[0.1941747572815534, 0.34156378600823045, 0.40942028985507245, 0.45110410094637227, 0.28444444444444444, 0.5728155339805825, 0.2857142857142857];0.0832313341493268;0.09048515626180396;[[7, 10, 17, 11, 15, 35, 11], [5, 19, 23, 5, 2, 9, 3], [0, 2, 1, 98, 25, 0, 0], [5, 22, 32, 20, 17, 129, 21], [7, 7, 17, 3, 15, 36, 43], [12, 43, 14, 3, 10, 0, 8], [18, 9, 12, 0, 4, 6, 6]];[0.0660377358490566, 0.2878787878787879, 0.007936507936507936, 0.08130081300813008, 0.1171875, 0.0, 0.10909090909090909];56.0;[6, 7, 10, 7, 10, 8, 8]
Cora;own;medoids;0.2;64;0.5;1;0.005;0.9;1256718679.0;0.7301587301587301;0.7296557090775693;[[5, 0, 0, 1, 1, 0, 0], [0, 7, 0, 0, 0, 0, 0], [0, 1, 10, 0, 0, 0, 0], [0, 1, 0, 6, 0, 0, 1], [1, 0, 1, 1, 7, 1, 0], [0, 0, 1, 0, 3, 4, 2], [0, 0, 0, 0, 0, 2, 7]];[0.7142857142857143, 1.0, 0.9090909090909091, 0.75, 0.6363636363636364, 0.4, 0.7777777777777778];0.38785557986870894;0.3695121712900321;[[42, 19, 25, 24, 18, 59, 15], [10, 82, 30, 34, 14, 35, 24], [15, 36, 126, 31, 6, 61, 23], [4, 41, 21, 136, 21, 50, 33], [23, 31, 28, 31, 60, 41, 14], [9, 27, 24, 27, 15, 186, 27], [8, 29, 31, 28, 7, 70, 77]];[0.2079207920792079, 0.35807860262008734, 0.4228187919463087, 0.4444444444444444, 0.2631578947368421, 0.5904761904761905, 0.308];0.08567931456548347;0.09659460049890009;[[6, 9, 21, 9, 11, 37, 13], [3, 21, 19, 2, 3, 12, 6], [1, 0, 1, 97, 26, 1, 0], [3, 26, 32, 18, 14, 133, 20], [10, 7, 15, 5, 15, 38, 38], [11, 43, 14, 7, 6, 0, 9], [14, 10, 12, 1, 3, 6, 9]];[0.05660377358490566, 0.3181818181818182, 0.007936507936507936, 0.07317073170731707, 0.1171875, 0.0, 0.16363636363636364];63.0;[7, 7, 11, 8, 11, 10, 9]
Cora;own;medoids;0.2;64;0.5;1;0.005;0.9;1256718679.0;0.8142857142857143;0.8114092459726364;[[7, 0, 1, 0, 0, 0, 0], [0, 7, 0, 0, 1, 0, 0], [0, 1, 10, 0, 0, 0, 1], [0, 0, 0, 9, 0, 1, 0], [0, 0, 0, 1, 11, 0, 0], [0, 1, 0, 0, 2, 5, 2], [0, 0, 0, 1, 0, 1, 8]];[0.875, 0.875, 0.8333333333333334, 0.9, 0.9166666666666666, 0.5, 0.8];0.41186161449752884;0.39797572154813265;[[46, 16, 48, 27, 21, 32, 12], [9, 71, 51, 40, 20, 24, 16], [8, 20, 163, 39, 17, 42, 20], [3, 21, 36, 145, 17, 39, 28], [11, 19, 46, 33, 87, 26, 13], [9, 24, 48, 29, 15, 153, 28], [6, 23, 44, 37, 15, 39, 85]];[0.22772277227722773, 0.30735930735930733, 0.5275080906148867, 0.5017301038062284, 0.3702127659574468, 0.5, 0.3413654618473896];0.09179926560587515;0.1005841157631983;[[4, 8, 29, 14, 11, 29, 11], [3, 22, 22, 2, 4, 4, 9], [0, 0, 1, 94, 30, 1, 0], [8, 24, 54, 21, 15, 94, 30], [14, 4, 28, 5, 16, 25, 36], [10, 30, 14, 14, 13, 3, 6], [5, 9, 20, 2, 10, 1, 8]];[0.03773584905660377, 0.3333333333333333, 0.007936507936507936, 0.08536585365853659, 0.125, 0.03333333333333333, 0.14545454545454545];70.0;[8, 8, 12, 10, 12, 10, 10]

